group,mass,position,trial,type,x,y,theta
Group1,7,left,1,external,-195.821304,84.328346,-3.1401528841577906
Group1,7,left,1,external,-195.90979,84.312592,-3.124686402643963
Group1,7,left,1,external,-195.839935,84.384521,-3.127397923244367
Group1,7,left,1,external,-195.84668,84.41082,-3.1055291064024746
Group1,7,left,1,external,-195.848572,84.295364,3.131051267721621
Group1,7,left,1,external,-195.845276,84.357658,-3.096806081446393
Group1,7,left,1,external,-195.777161,84.339966,-3.1278964278613866
Group1,7,left,1,external,-195.805984,84.329964,-3.0581071371376414
Group1,7,left,1,external,-195.846924,84.346931,-3.1015465213810214
Group1,7,left,1,external,-195.901779,84.371208,-3.1298611426698906
Group1,7,left,1,external,-195.794037,84.2948,3.140793006709772
Group1,7,left,1,external,-195.820969,84.30497,-3.132007941370263
Group1,7,left,1,external,-195.885223,84.364281,-3.1261471899693842
Group1,7,left,1,external,-195.809921,84.307251,-3.13189593222779
Group1,7,left,1,external,-195.863403,84.365303,-3.129077734456962
Group1,7,left,1,external,-195.806,84.320862,3.139993669587905
Group1,7,left,1,external,-195.85791,84.308609,-3.1367952565251147
Group1,7,left,1,external,-195.62207,84.325859,-3.126932325836735
Group1,7,left,1,external,-195.885986,84.330658,-3.1324439910535173
Group1,7,left,1,external,-195.794571,84.293831,-3.1164541311187812
Group1,7,left,1,external,-195.821991,84.315292,3.1404606639726436
Group1,7,left,1,external,-195.846771,84.342667,-3.096720678268497
Group1,7,left,1,external,-195.837982,84.42041,-3.0630680491628617
Group1,7,left,1,external,-195.853729,84.304733,-3.1288554702538693
Group1,7,left,1,external,-195.821655,84.323425,3.1377619008476327
Group1,7,right,1,external,-238.631729,84.680969,-0.006943823632573918
Group1,7,right,1,external,-238.596771,84.694458,0.0020327692928246302
Group1,7,right,1,external,-238.560059,84.6772,-0.0008453846401505572
Group1,7,right,1,external,-238.524277,84.662094,0.02858605109857982
Group1,7,right,1,external,-238.572723,84.676155,0.002063056974389592
Group1,7,right,1,external,-238.581985,84.654907,0.027756838815891947
Group1,7,right,1,external,-238.589828,84.674576,-0.004016774367460462
Group1,7,right,1,external,-238.593796,84.67337,0.002522435862941102
Group1,7,right,1,external,-238.547989,84.658554,0.029776321891086772
Group1,7,right,1,external,-238.576157,84.68222,0.0006099499081787158
Group1,7,right,1,external,-238.613312,84.688408,-0.00594440811308295
Group1,7,right,1,external,-238.605637,84.642258,0.03415215118563744
Group1,7,right,1,external,-238.546616,84.684235,0.0005755470204857686
Group1,7,right,1,external,-238.598709,84.680054,-0.0027965823927043852
Group1,7,right,1,external,-238.595551,84.651573,0.026189180954039857
Group1,7,right,1,external,-238.60733,84.670815,0.0029214650084021304
Group1,7,right,1,external,-238.587189,84.675262,0.0028043272298322423
Group1,7,right,1,external,-238.57019,84.679398,-0.0002995976607806329
Group1,7,right,1,external,-238.60405,84.682655,-0.004325650908482748
Group1,7,right,1,external,-238.59906,84.682991,-0.002395025558868559
Group1,7,right,1,external,-238.57605,84.659981,0.025492437618019607
Group1,7,right,1,external,-238.592911,84.671722,0.002371160680285992
Group1,7,right,1,external,-238.600418,84.67952,-0.0013322881408650421
Group1,7,right,1,external,-238.627579,84.679184,-0.0030991815420178793
Group1,7,right,1,external,-238.574402,84.638725,0.03404870383491127
Group1,7,straight,1,external,-216.244202,84.264153,-0.01674860968022886
Group1,7,straight,1,external,-216.25946,84.263779,-0.23456064410204447
Group1,7,straight,1,external,-216.289856,84.245255,-0.05937428219026648
Group1,7,straight,1,external,-216.276962,84.302055,-0.10308131340083014
Group1,7,straight,1,external,-216.255707,84.247192,-0.004450717126145127
Group1,7,straight,1,external,-216.282623,84.257088,-0.05892840430257055
Group1,7,straight,1,external,-216.241745,84.262726,0.01275465775402684
Group1,7,straight,1,external,-216.223099,84.262627,-0.03801695824297553
Group1,7,straight,1,external,-216.277832,84.248878,-0.07768093252090488
Group1,7,straight,1,external,-216.288406,84.223,-0.04267323003696648
Group1,7,straight,1,external,-216.196411,84.281273,0.016336691534864396
Group1,7,straight,1,external,-216.31427,84.25177,-0.05283154215180035
Group1,7,straight,1,external,-216.279343,84.249855,-0.034306785172981476
Group1,7,straight,1,external,-216.277649,84.228088,-0.030304338692173163
Group1,7,straight,1,external,-216.257782,84.222977,-0.030021534021907482
Group1,7,straight,1,external,-216.246078,84.237312,-0.02137763291236292
Group1,7,straight,1,external,-216.226883,84.269112,0.024084119184594896
Group1,7,straight,1,external,-216.269943,84.236023,-0.03175293785212584
Group1,7,straight,1,external,-216.186874,84.262291,-0.010908706716652426
Group1,7,straight,1,external,-216.260483,84.225067,-0.046312824673445406
Group1,7,straight,1,external,-216.240982,84.355179,-0.24176556480879985
Group1,7,straight,1,external,-216.284531,84.254242,-0.05702606120665301
Group1,7,straight,1,external,-216.271088,84.238647,-0.042726652885466385
Group1,7,straight,1,external,-216.235229,84.235069,-0.04417771298612774
Group1,7,straight,1,external,-216.292572,84.232147,-0.023559312385480077
Group1,7,straight,1,external,-216.280365,84.334206,-0.2326121263650169
Group1,7,straight,1,external,-216.282227,84.246422,-0.007823412149006193
Group1,7,left,1,external,-195.71312,90.071175,-3.1345622689563997
Group1,7,left,1,external,-196.442108,90.077217,-3.1241238039768193
Group1,7,left,1,external,-195.711823,90.075981,-3.1360539540158987
Group1,7,left,1,external,-195.70343,90.06192,-3.140105393542874
Group1,7,left,1,external,-196.462616,90.09864,-3.1177488022231445
Group1,7,left,1,external,-195.764404,90.105858,-3.115769246390193
Group1,7,left,1,external,-195.690506,90.091148,3.1383285341647746
Group1,7,left,1,external,-195.69754,90.117836,-3.1105541961102445
Group1,7,left,1,external,-195.760529,90.081772,-3.1385499336642115
Group1,7,left,1,external,-195.714325,90.08213,-3.1279283094150605
Group1,7,left,1,external,-195.802353,90.14109,-3.1274967275713954
Group1,7,left,1,external,-195.749985,90.048683,-3.13415620461201
Group1,7,left,1,external,-195.710083,90.112762,-3.1101791060757065
Group1,7,left,1,external,-195.709549,90.066322,-3.131998331417702
Group1,7,left,1,external,-196.444504,90.099426,-3.1161447669246383
Group1,7,left,1,external,-196.426712,90.096657,-3.116916027223693
Group1,7,left,1,external,-196.516998,90.081421,-3.1106796121597586
Group1,7,left,1,external,-195.741226,90.084938,-3.1282225557616243
Group1,7,left,1,external,-195.746689,90.076843,-3.1343347634269416
Group1,7,left,1,external,-195.71756,90.080086,-3.1341862488599586
Group1,7,left,1,external,-195.735626,90.123299,-3.1414772413754406
Group1,7,left,1,external,-196.465775,90.09935,-3.1163121213671996
Group1,7,left,1,external,-195.70343,90.100975,-3.130502780108295
Group1,7,left,1,external,-195.73526,90.067596,-3.1352288738352856
Group1,7,left,1,external,-195.730804,90.088692,-3.1312309305729986
Group1,7,right,1,external,-235.697723,90.358658,-0.048510764470847324
Group1,7,right,1,external,-235.714813,90.35553,-0.04671559168565109
Group1,7,right,1,external,-235.730652,90.351433,-0.04629103242419291
Group1,7,right,1,external,-235.69191,90.289055,-0.04290138291603227
Group1,7,right,1,external,-235.68573,90.341774,-0.04614594124102459
Group1,7,right,1,external,-235.707047,90.356293,-0.04634300599073087
Group1,7,right,1,external,-235.742096,90.35659,-0.048582356048971216
Group1,7,right,1,external,-235.690231,90.351486,-0.046563946457915256
Group1,7,right,1,external,-235.719482,90.351273,-0.04715079884427272
Group1,7,right,1,external,-235.738037,90.363319,-0.04561527405481505
Group1,7,right,1,external,-235.748154,90.353333,-0.04556341816001648
Group1,7,right,1,external,-235.69281,90.371971,-0.05210756647988702
Group1,7,right,1,external,-235.714584,90.35202,-0.04967764236515452
Group1,7,right,1,external,-235.719086,90.356102,-0.04437010917211118
Group1,7,right,1,external,-235.669891,90.341866,-0.04742999223585974
Group1,7,right,1,external,-235.756226,90.368584,-0.0386110626474086
Group1,7,right,1,external,-235.70723,90.343964,-0.0480901494404884
Group1,7,right,1,external,-235.755585,90.358856,-0.04538675232422686
Group1,7,right,1,external,-235.679367,90.349342,-0.04678185526305093
Group1,7,right,1,external,-235.748428,90.356491,-0.04392860079040986
Group1,7,right,1,external,-235.705429,90.391891,-0.04875493283109993
Group1,7,right,1,external,-235.68129,90.344566,-0.04180961435204674
Group1,7,right,1,external,-235.77066,90.35051,-0.04599064159581479
Group1,7,right,1,external,-235.729431,90.347672,-0.04544773574483118
Group1,7,right,1,external,-235.704727,90.36055,-0.04898772406097143
Group1,7,straight,1,external,-214.339325,90.02491,-2.878017860755991
Group1,7,straight,1,external,-214.851593,90.075516,-0.017407358024100743
Group1,7,straight,1,external,-214.886765,90.068993,-0.017347096416935645
Group1,7,straight,1,external,-214.380005,90.010384,-2.8524109708610323
Group1,7,straight,1,external,-214.262573,90.00592,-3.068262949301586
Group1,7,straight,1,external,-214.271164,90.008995,-3.079689452939605
Group1,7,straight,1,external,-214.830353,90.068802,-0.0166090890032074
Group1,7,straight,1,external,-214.284378,90.004211,-3.0660886153797624
Group1,7,straight,1,external,-214.365891,90.008362,-2.880636591471673
Group1,7,straight,1,external,-214.28215,90.006882,-3.1123880581619554
Group1,7,straight,1,external,-214.373657,90.007477,-2.92351050927962
Group1,7,straight,1,external,-214.818451,90.075012,-0.017121178049090552
Group1,7,straight,1,external,-214.32106,90.000465,3.0957798277474886
Group1,7,straight,1,external,-214.377716,89.940903,-2.778485293411047
Group1,7,straight,1,external,-214.278122,90.00576,-3.1188911650047197
Group1,7,straight,1,external,-214.315964,89.979225,3.1356703009876035
Group1,7,straight,1,external,-214.857651,90.059677,-0.01570861450538377
Group1,7,straight,1,external,-214.860199,90.066971,-0.018629070667486584
Group1,7,straight,1,external,-214.322144,89.972275,3.1165350031661934
Group1,7,straight,1,external,-214.37561,90.001511,-2.8412284791778526
Group1,7,straight,1,external,-214.384201,89.993721,-2.759184146455191
Group1,7,straight,1,external,-214.312531,89.999466,2.782086909186556
Group1,7,straight,1,external,-214.358215,89.969276,3.0815147300872625
Group1,7,straight,1,external,-214.306503,89.976524,0.2537655943651188
Group1,7,straight,1,external,-214.389832,90.031906,-0.9683695507542137
Group1,7,left,1,external,-196.511017,92.212067,0.08810554870901165
Group1,7,left,1,external,-196.503479,92.217934,0.08525655109440619
Group1,7,left,1,external,-196.487457,92.225914,0.10007360819116451
Group1,7,left,1,external,-196.554504,92.213234,0.10285533787673454
Group1,7,left,1,external,-196.402634,92.24218,0.07062539438637479
Group1,7,left,1,external,-196.437927,92.214691,0.09274154260430965
Group1,7,left,1,external,-196.464081,92.231674,0.12589903436534802
Group1,7,left,1,external,-196.509735,92.215904,0.09173489418541805
Group1,7,left,1,external,-195.764969,92.182472,3.1257018168445065
Group1,7,left,1,external,-195.680313,92.167404,3.1297291282641155
Group1,7,left,1,external,-195.772827,92.151337,3.132232226428275
Group1,7,left,1,external,-196.498215,92.204346,0.08604514328161586
Group1,7,left,1,external,-196.544952,92.219078,0.08361276336373924
Group1,7,left,1,external,-196.483231,92.237244,0.08190442349253302
Group1,7,left,1,external,-196.546005,92.211319,0.09085533259026256
Group1,7,left,1,external,-196.468567,92.224464,0.12069414318067072
Group1,7,left,1,external,-196.469879,92.214157,0.09383980083065085
Group1,7,left,1,external,-195.716049,92.161453,3.131472610561969
Group1,7,left,1,external,-196.517258,92.216423,0.07148585991994919
Group1,7,left,1,external,-196.48555,92.223167,0.08467375473510554
Group1,7,left,1,external,-195.741211,92.176147,3.1361096266389934
Group1,7,left,1,external,-196.4384,92.216621,0.10266633427445991
Group1,7,left,1,external,-195.789398,92.162827,3.130962797660913
Group1,7,left,1,external,-195.683075,92.155495,3.1398527530473084
Group1,7,left,1,external,-195.682877,92.148445,3.1396165919485415
Group1,7,right,1,external,-235.510544,92.381706,2.9866502274285294
Group1,7,right,1,external,-235.460205,92.432533,2.985401391137803
Group1,7,right,1,external,-235.427673,92.408333,2.9624586810788927
Group1,7,right,1,external,-235.505203,92.447701,2.9763289297633717
Group1,7,right,1,external,-235.426422,92.404404,2.959983810441717
Group1,7,right,1,external,-235.455368,92.398956,2.9639663640901097
Group1,7,right,1,external,-235.431259,92.427292,2.9763986241787808
Group1,7,right,1,external,-235.42717,92.403206,2.987462360979753
Group1,7,right,1,external,-235.342697,92.505638,3.014785365768105
Group1,7,right,1,external,-235.421921,92.408531,2.9802470305206303
Group1,7,right,1,external,-235.421585,92.372871,2.9859312221676975
Group1,7,right,1,external,-235.509918,92.397903,2.952546229867231
Group1,7,right,1,external,-235.505035,92.425568,2.9604632974883174
Group1,7,right,1,external,-235.484695,92.407143,2.9661102957507883
Group1,7,right,1,external,-235.435959,92.426361,2.985447487766534
Group1,7,right,1,external,-235.436722,92.420563,2.9835725546376266
Group1,7,right,1,external,-235.416489,92.421906,2.981900555141245
Group1,7,right,1,external,-235.459824,92.433632,2.9804478256358875
Group1,7,right,1,external,-235.438583,92.424698,2.983204735703465
Group1,7,right,1,external,-235.44957,92.428337,2.9751996041992315
Group1,7,right,1,external,-235.440109,92.409042,2.9631732359205563
Group1,7,right,1,external,-235.461288,92.403107,2.945114234388669
Group1,7,right,1,external,-235.509155,92.42408,2.9819802056086573
Group1,7,right,1,external,-235.495758,92.392746,2.954660159175408
Group1,7,right,1,external,-235.436722,92.444328,2.974424479678586
Group1,7,straight,1,external,-214.550491,92.080139,3.104441423470385
Group1,7,straight,1,external,-215.325714,91.992271,0.07120789569407299
Group1,7,straight,1,external,-215.362625,92.175537,0.011189406879875977
Group1,7,straight,1,external,-215.292603,91.976006,0.08138684533790722
Group1,7,straight,1,external,-214.54158,92.062263,3.114037277774214
Group1,7,straight,1,external,-215.299957,92.08989,0.030353573535552653
Group1,7,straight,1,external,-215.404968,92.150261,0.021519304894771794
Group1,7,straight,1,external,-215.37587,92.081589,0.01786404490864462
Group1,7,straight,1,external,-215.361816,92.081009,0.02870133384072136
Group1,7,straight,1,external,-215.401535,92.171921,0.009072833765249942
Group1,7,straight,1,external,-215.314407,92.103889,0.027488108746838668
Group1,7,straight,1,external,-215.363052,92.006241,0.07059110482002913
Group1,7,straight,1,external,-215.39566,92.129692,0.019662753205376776
Group1,7,straight,1,external,-215.327484,92.099281,0.023388073722559792
Group1,7,straight,1,external,-214.526337,92.09021,3.107113957553471
Group1,7,straight,1,external,-215.355103,92.119202,0.03013394548955135
Group1,7,straight,1,external,-215.3284,92.094711,0.02787941459823446
Group1,7,straight,1,external,-215.312241,92.10524,0.02630843106785572
Group1,7,straight,1,external,-215.345383,92.114914,0.02684835309807338
Group1,7,straight,1,external,-215.380676,91.996613,0.061638989566536614
Group1,7,straight,1,external,-215.374786,91.960892,0.09073322081756999
Group1,7,straight,1,external,-214.522644,92.093071,3.115379195157826
Group1,7,straight,1,external,-215.404694,92.159294,0.013667444067331494
Group1,7,straight,1,external,-215.352844,92.111931,0.024969808428026645
Group1,7,straight,1,external,-214.558289,92.085068,3.1091150237321954
Group1,7,straight,1,external,-215.330048,92.149323,0.02520966763358443
Group2,7,left,1,external,-198.433136,84.544823,-0.1323829388345019
Group2,7,left,1,external,-198.501068,84.527985,-0.12915571221990385
Group2,7,left,1,external,-198.482742,84.544456,-0.13163779821527985
Group2,7,left,1,external,-198.577362,84.511864,-0.13062241785032055
Group2,7,left,1,external,-198.516129,84.533875,-0.13471910093422854
Group2,7,left,1,external,-198.434174,84.518707,-0.19345939953598168
Group2,7,left,1,external,-198.4776,84.566452,-0.18342678879609445
Group2,7,left,1,external,-198.437988,84.471725,-0.14361179879296074
Group2,7,left,1,external,-198.502426,84.479851,-0.1535227757047617
Group2,7,left,1,external,-198.46553,84.492325,-0.16492510400554589
Group2,7,left,1,external,-198.41246,84.491241,-0.09240000593468845
Group2,7,left,1,external,-198.417038,84.486565,-0.15040226679340496
Group2,7,left,1,external,-198.370239,84.51918,-0.1210482794335884
Group2,7,left,1,external,-198.430862,84.485634,-0.1452261545314705
Group2,7,left,1,external,-198.439392,84.489403,-0.15193413333954373
Group2,7,left,1,external,-198.474304,84.48777,-0.15170359705784173
Group2,7,left,1,external,-198.492538,84.4832,-0.14706139688561537
Group2,7,left,1,external,-198.446304,84.48175,-0.14254717323249813
Group2,7,left,1,external,-198.440857,84.482559,-0.15022000029952304
Group2,7,left,1,external,-198.451019,84.491936,-0.1435978407715209
Group2,7,left,1,external,-198.407776,84.525635,-0.1920154907472981
Group2,7,left,1,external,-198.441483,84.479088,-0.14248963096099587
Group2,7,left,1,external,-198.449127,84.483612,-0.14272458301589297
Group2,7,left,1,external,-198.458771,84.503273,-0.15625947781125707
Group2,7,left,1,external,-198.474701,84.499275,-0.15513419162206343
Group2,7,right,1,external,-239.278915,84.848999,-0.10695240681042495
Group2,7,right,1,external,-239.259338,84.839371,-0.10676295761192633
Group2,7,right,1,external,-239.282059,84.839172,-0.10537426721467082
Group2,7,right,1,external,-239.298767,84.820847,-0.097389142026566
Group2,7,right,1,external,-239.235443,84.835014,-0.10853670017765814
Group2,7,right,1,external,-239.279633,84.854057,-0.11189278846869538
Group2,7,right,1,external,-239.263245,84.842171,-0.10587285772765387
Group2,7,right,1,external,-239.251953,84.844742,-0.105399470162228
Group2,7,right,1,external,-241.683777,84.884651,-0.10128451283581001
Group2,7,right,1,external,-239.124268,84.83625,-0.10243429214167309
Group2,7,right,1,external,-239.219849,84.845284,-0.1050057019466301
Group2,7,right,1,external,-239.257782,84.83947,-0.10521826359452219
Group2,7,right,1,external,-239.223557,84.773621,-0.09089501215272933
Group2,7,right,1,external,-239.244461,84.845551,-0.1088635187985671
Group2,7,right,1,external,-238.999298,84.819992,-0.09395133886487667
Group2,7,right,1,external,-231.572845,84.752823,-3.046950485275787
Group2,7,right,1,external,-239.270813,84.849426,-0.10669151733281744
Group2,7,right,1,external,-239.271454,84.845261,-0.10886253540436523
Group2,7,right,1,external,-239.239044,84.825897,-0.09571309393640112
Group2,7,right,1,external,-239.257019,84.846657,-0.10692249935427212
Group2,7,right,1,external,-239.268494,84.822693,-0.09478981152728058
Group2,7,right,1,external,-239.265396,84.850746,-0.10868834745144837
Group2,7,right,1,external,-239.268753,84.839752,-0.10585026351186887
Group2,7,right,1,external,-239.249496,84.835625,-0.10722440918796519
Group2,7,right,1,external,-239.2827,84.843147,-0.10775258695102309
Group2,7,straight,1,external,-218.190598,84.519424,-0.1172769174580879
Group2,7,straight,1,external,-218.172455,84.504547,-0.12160442864424047
Group2,7,straight,1,external,-218.176849,84.464554,-0.08427129387001749
Group2,7,straight,1,external,-218.142838,84.477142,-0.08976265318068129
Group2,7,straight,1,external,-218.143875,84.470802,-0.08835671067406423
Group2,7,straight,1,external,-218.168564,84.521698,-0.11983742896528735
Group2,7,straight,1,external,-218.196899,84.519974,-0.11522848981172457
Group2,7,straight,1,external,-218.159012,84.522278,-0.12650623783140014
Group2,7,straight,1,external,-218.186615,84.515747,-0.11432459976746903
Group2,7,straight,1,external,-218.198212,84.518044,-0.11521283349440851
Group2,7,straight,1,external,-218.183273,84.516113,-0.11480738437594498
Group2,7,straight,1,external,-218.164032,84.523354,-0.12353869829882112
Group2,7,straight,1,external,-218.201279,84.50943,-0.11633628869471403
Group2,7,straight,1,external,-218.176575,84.519432,-0.12282203678095933
Group2,7,straight,1,external,-218.162994,84.524063,-0.1267074174516225
Group2,7,straight,1,external,-218.159302,84.525177,-0.11796736467889656
Group2,7,straight,1,external,-218.15538,84.525505,-0.1252575052498337
Group2,7,straight,1,external,-218.165283,84.522705,-0.1267352924192537
Group2,7,straight,1,external,-218.175293,84.511879,-0.11945286569172917
Group2,7,straight,1,external,-218.181488,84.512222,-0.11833804338832889
Group2,7,straight,1,external,-218.146469,84.519928,-0.12746982467782186
Group2,7,straight,1,external,-218.197754,84.507462,-0.11533511320961945
Group2,7,straight,1,external,-218.168518,84.528252,-0.1254278089941539
Group2,7,straight,1,external,-218.163559,84.521263,-0.12209139226308058
Group2,7,straight,1,external,-218.175156,84.507645,-0.1192061889171956
Group2,7,left,1,external,-195.619995,90.126488,-0.009950936822064289
Group2,7,left,1,external,-195.324738,90.095337,-0.016545437319190417
Group2,7,left,1,external,-195.651276,90.121719,-0.008837804143753169
Group2,7,left,1,external,-195.652802,90.125015,-0.010869155407816182
Group2,7,left,1,external,-195.64473,90.131691,-0.01036927610804717
Group2,7,left,1,external,-195.648819,90.131561,-0.010747145398297155
Group2,7,left,1,external,-195.679962,90.122917,-0.01343818696117136
Group2,7,left,1,external,-195.626144,90.128731,-0.008221729348353071
Group2,7,left,1,external,-195.640091,90.131454,-0.00960819597912277
Group2,7,left,1,external,-195.639435,90.138428,-0.00782784462359406
Group2,7,left,1,external,-195.590042,90.111786,-0.01287808260217859
Group2,7,left,1,external,-195.579361,90.1399,-0.009725596860607755
Group2,7,left,1,external,-195.606064,90.135139,-0.009885720811664455
Group2,7,left,1,external,-195.601807,90.136719,-0.010865282249769303
Group2,7,left,1,external,-195.595612,90.129494,-0.011220018756663746
Group2,7,left,1,external,-195.633377,90.129486,-0.009634789158201774
Group2,7,left,1,external,-195.580063,90.136734,-0.010637586663268852
Group2,7,left,1,external,-195.656235,90.134399,-0.009874183551659942
Group2,7,left,1,external,-195.664124,90.125725,-0.008436315437586597
Group2,7,left,1,external,-195.599045,90.138916,-0.01023152673455447
Group2,7,left,1,external,-195.592651,90.119049,-0.012608714836769069
Group2,7,left,1,external,-195.599503,90.135368,-0.010773147354650361
Group2,7,left,1,external,-195.665024,90.129677,-0.010613304634754782
Group2,7,left,1,external,-195.595627,90.143021,-0.01049769372630437
Group2,7,left,1,external,-195.573639,90.13092,-0.011351683436154598
Group2,7,right,1,external,-235.500412,90.327934,-0.04942796462534363
Group2,7,right,1,external,-235.52124,90.344635,-0.0497180916601475
Group2,7,right,1,external,-235.539413,90.329819,-0.053302951479363515
Group2,7,right,1,external,-235.477798,90.321632,-0.049411229004227834
Group2,7,right,1,external,-235.532898,90.344414,-0.049876086724688934
Group2,7,right,1,external,-235.560776,90.338936,-0.04949965399441761
Group2,7,right,1,external,-235.557632,90.343025,-0.05004387476732014
Group2,7,right,1,external,-235.528381,90.336288,-0.04914179925018936
Group2,7,right,1,external,-235.530121,90.328217,-0.04963344859339109
Group2,7,right,1,external,-235.547729,90.335938,-0.04979240181472206
Group2,7,right,1,external,-235.541672,90.332664,-0.05027421497884069
Group2,7,right,1,external,-235.54509,90.33297,-0.048806862030736545
Group2,7,right,1,external,-235.544968,90.336136,-0.04961381098702149
Group2,7,right,1,external,-235.534531,90.333351,-0.04966145874558708
Group2,7,right,1,external,-235.503204,90.328888,-0.049532824844510784
Group2,7,right,1,external,-235.560272,90.331841,-0.05234097239735185
Group2,7,right,1,external,-235.556213,90.340942,-0.0498054313878753
Group2,7,right,1,external,-235.561676,90.336395,-0.05266477625835409
Group2,7,right,1,external,-235.530685,90.332077,-0.04927707342043253
Group2,7,right,1,external,-235.551758,90.334488,-0.0530679634618108
Group2,7,right,1,external,-235.597702,90.339165,-0.05036072475647965
Group2,7,right,1,external,-235.535767,90.340508,-0.049874199724024314
Group2,7,right,1,external,-235.53653,90.33213,-0.05242678705313594
Group2,7,right,1,external,-235.616333,90.332184,-0.05245656834035925
Group2,7,right,1,external,-235.555145,90.33773,-0.049608889642149594
Group2,7,straight,1,external,-214.592285,90.045387,-0.022113810917116235
Group2,7,straight,1,external,-214.594696,90.035538,-0.023567824096519478
Group2,7,straight,1,external,-214.560059,90.041611,-0.013477594223506051
Group2,7,straight,1,external,-214.572495,90.029556,-0.01917128585703033
Group2,7,straight,1,external,-214.568497,90.022934,-0.025162205258905973
Group2,7,straight,1,external,-214.552811,90.021538,-0.02607966789003546
Group2,7,straight,1,external,-214.593262,90.060959,-0.02169902595041876
Group2,7,straight,1,external,-214.560867,90.044609,-0.020461459202020717
Group2,7,straight,1,external,-214.609268,90.023323,-0.019707836350211838
Group2,7,straight,1,external,-214.602249,90.030739,-0.020737463138926424
Group2,7,straight,1,external,-214.588547,90.018066,-0.02530916368539392
Group2,7,straight,1,external,-214.56308,90.073608,-0.01195183439289003
Group2,7,straight,1,external,-214.592606,90.047325,-0.021416028666804785
Group2,7,straight,1,external,-214.621704,90.044014,-0.021032736619418627
Group2,7,straight,1,external,-214.585617,90.041641,-0.021233171770649175
Group2,7,straight,1,external,-214.549683,90.008583,-0.022461302287521523
Group2,7,straight,1,external,-214.586136,90.056068,-0.017475041185785318
Group2,7,straight,1,external,-214.571411,90.040985,-0.01993339935568562
Group2,7,straight,1,external,-214.580887,90.051422,-0.021381790741714257
Group2,7,straight,1,external,-214.561005,90.045204,-0.02074705928277066
Group2,7,straight,1,external,-214.556366,90.026962,-0.024821908188754915
Group2,7,straight,1,external,-214.585587,90.052727,-0.019366566047508436
Group2,7,straight,1,external,-214.554779,90.044365,-0.02087846323802519
Group2,7,straight,1,external,-214.602249,90.041786,-0.019036569783387747
Group2,7,straight,1,external,-214.575485,90.043633,-0.019518158630054353
Group2,7,left,1,external,-196.281906,92.21019,0.09488705620850944
Group2,7,left,1,external,-196.253235,92.222145,0.09273067338105229
Group2,7,left,1,external,-196.276642,92.233963,0.16115352344393885
Group2,7,left,1,external,-196.222336,92.216125,0.10494508954469922
Group2,7,left,1,external,-196.243713,92.186508,0.08144491537467811
Group2,7,left,1,external,-196.268143,92.21347,0.08446778518371476
Group2,7,left,1,external,-196.146301,92.219025,0.1153323057172227
Group2,7,left,1,external,-196.277039,92.192871,0.0800213454223896
Group2,7,left,1,external,-196.221191,92.201538,0.08515734719202532
Group2,7,left,1,external,-196.25975,92.213402,0.07987503455858158
Group2,7,left,1,external,-196.217422,92.212173,0.11015629347646035
Group2,7,left,1,external,-196.174698,92.211967,0.1263020857993252
Group2,7,left,1,external,-196.248169,92.230377,0.09718931437717682
Group2,7,left,1,external,-196.200241,92.222473,0.11069356235856607
Group2,7,left,1,external,-196.203293,92.217384,0.1025898677414416
Group2,7,left,1,external,-196.228317,92.218834,0.12793474843932728
Group2,7,left,1,external,-196.201309,92.221313,0.08302341039702132
Group2,7,left,1,external,-196.167465,92.217316,0.10100100183088231
Group2,7,left,1,external,-196.188278,92.221474,0.10228470739809888
Group2,7,left,1,external,-196.27536,92.213203,0.07114062507528994
Group2,7,left,1,external,-196.285446,92.215279,0.07552259054758213
Group2,7,left,1,external,-196.251389,92.226562,0.09134152043675871
Group2,7,left,1,external,-196.221786,92.205872,0.1036600507166977
Group2,7,left,1,external,-196.200912,92.223175,0.09532329981427884
Group2,7,left,1,external,-196.26828,92.210709,0.08889301478233051
Group2,7,right,1,external,-235.367538,92.399284,0.03406396922154905
Group2,7,right,1,external,-235.327667,92.385872,0.05386348950663396
Group2,7,right,1,external,-235.414307,92.360176,0.029536553024695385
Group2,7,right,1,external,-235.354019,92.401115,0.03782750842697103
Group2,7,right,1,external,-235.460663,92.385216,0.02910336198138442
Group2,7,right,1,external,-235.36618,92.39595,0.02988774719162859
Group2,7,right,1,external,-235.341888,92.408005,0.0410035497317947
Group2,7,right,1,external,-235.348343,92.39431,0.033766894937971595
Group2,7,right,1,external,-235.41954,92.40097,0.0393383905524174
Group2,7,right,1,external,-235.348938,92.411552,0.03011775572372835
Group2,7,right,1,external,-235.366196,92.368683,0.03248787724998164
Group2,7,right,1,external,-235.420685,92.396301,0.035408278703156874
Group2,7,right,1,external,-235.356659,92.408524,0.04049223781403592
Group2,7,right,1,external,-235.372635,92.391106,0.030890743704234964
Group2,7,right,1,external,-235.412857,92.354744,0.028793061810114064
Group2,7,right,1,external,-235.32608,92.402084,0.03289529153406884
Group2,7,right,1,external,-235.422333,92.394691,0.0372284497221666
Group2,7,right,1,external,-235.42485,92.392097,0.03387093372538749
Group2,7,right,1,external,-235.402466,92.358055,0.02944861852345694
Group2,7,right,1,external,-235.427734,92.387535,0.03205204656854448
Group2,7,right,1,external,-235.312744,92.405449,0.036584701413296686
Group2,7,right,1,external,-235.403793,92.36998,0.028284711825536088
Group2,7,right,1,external,-235.430222,92.364891,0.02913096834975998
Group2,7,right,1,external,-235.406525,92.386093,0.03271982253603158
Group2,7,right,1,external,-235.347153,92.375114,0.0326370070155116
Group2,7,straight,1,external,-215.283234,92.137131,0.016504631682443406
Group2,7,straight,1,external,-215.146088,92.112144,0.009268397883496128
Group2,7,straight,1,external,-215.111298,92.109642,0.02332533842165409
Group2,7,straight,1,external,-215.12944,92.118668,0.01485625547907064
Group2,7,straight,1,external,-215.159256,92.10952,0.01842266939248797
Group2,7,straight,1,external,-215.22612,92.122437,0.01696900748313092
Group2,7,straight,1,external,-215.110687,92.097221,0.023505480307586396
Group2,7,straight,1,external,-215.111801,92.128838,0.019300987392974926
Group2,7,straight,1,external,-215.156311,92.125229,0.020322487064407823
Group2,7,straight,1,external,-215.095306,92.121925,0.01765414669751688
Group2,7,straight,1,external,-215.105606,92.1231,0.012687848147517874
Group2,7,straight,1,external,-215.091995,92.113892,0.019627675188496115
Group2,7,straight,1,external,-215.062836,92.124229,0.018028644079565136
Group2,7,straight,1,external,-215.094254,92.117493,0.011646123615662161
Group2,7,straight,1,external,-215.080353,92.106255,0.01422404997142725
Group2,7,straight,1,external,-215.083145,92.139336,0.019702135411145773
Group2,7,straight,1,external,-215.058136,92.111801,0.020410043566024872
Group2,7,straight,1,external,-215.100235,92.123047,0.011813607618136886
Group2,7,straight,1,external,-215.183685,92.112206,0.010561495444954641
Group2,7,straight,1,external,-215.150238,92.118469,0.010365705111250246
Group2,7,straight,1,external,-215.06073,92.109055,0.014099019914677602
Group2,7,straight,1,external,-215.087158,92.092613,0.016615856462492515
Group2,7,straight,1,external,-214.989929,92.103752,0.01480506760381176
Group2,7,straight,1,external,-215.12706,92.139496,0.02395491174072056
Group2,7,straight,1,external,-215.128113,92.111595,0.013964175960049757
Group3,7,left,1,external,-196.030899,84.296852,-3.110660008808894
Group3,7,left,1,external,-196.070129,84.333992,-3.112431067387428
Group3,7,left,1,external,-196.024017,84.331306,-3.1243927000383307
Group3,7,left,1,external,-196.033203,84.321243,-3.116918824154343
Group3,7,left,1,external,-196.039368,84.312805,-3.1119483615823063
Group3,7,left,1,external,-195.527023,84.317245,-3.1131247696999886
Group3,7,left,1,external,-196.037918,84.31337,-3.1101382869312295
Group3,7,left,1,external,-195.952362,84.31781,-3.119155492060427
Group3,7,left,1,external,-195.9702,84.304756,-3.1186574140673335
Group3,7,left,1,external,-195.948792,84.309891,-3.115233924140366
Group3,7,left,1,external,-195.970718,84.329025,-3.124465035588082
Group3,7,left,1,external,-195.544357,84.401825,-3.133611995317586
Group3,7,left,1,external,-195.56282,84.328339,-3.1163866763210226
Group3,7,left,1,external,-195.520096,84.310738,-3.1131677710363426
Group3,7,left,1,external,-196.048294,84.33522,-3.1164570501594584
Group3,7,left,1,external,-195.55275,84.318642,-3.114695983820669
Group3,7,left,1,external,-195.576233,84.32589,-3.1100475719711524
Group3,7,left,1,external,-195.483627,84.394844,-3.1131468715243957
Group3,7,left,1,external,-195.547699,84.232239,-3.121549517935979
Group3,7,left,1,external,-195.53627,84.324615,-3.1104906013019775
Group3,7,left,1,external,-195.969681,84.316093,-3.1077612096732787
Group3,7,left,1,external,-195.504288,84.298531,-3.1075661761104674
Group3,7,left,1,external,-196.033569,84.31559,-3.1143375143352214
Group3,7,left,1,external,-195.500778,84.412727,-3.11045816448863
Group3,7,left,1,external,-196.023102,84.314194,-3.106800420435627
Group3,7,right,1,external,-238.73735,84.636063,0.028425103609157495
Group3,7,right,1,external,-238.727402,84.668503,0.00947496016564608
Group3,7,right,1,external,-238.685699,84.62928,0.028470369572846755
Group3,7,right,1,external,-238.731689,84.633888,0.029962099550010453
Group3,7,right,1,external,-238.637375,84.666267,-0.0021650019598314883
Group3,7,right,1,external,-238.69429,84.633667,0.03241767675934714
Group3,7,right,1,external,-238.724167,84.666908,0.004416045777942302
Group3,7,right,1,external,-238.705399,84.619011,0.027210586889921447
Group3,7,right,1,external,-238.663605,84.659775,-0.002519292660148335
Group3,7,right,1,external,-238.676636,84.666428,-0.0016911377491583216
Group3,7,right,1,external,-238.742279,84.667305,0.008038197406084972
Group3,7,right,1,external,-238.721848,84.631767,0.030480837708443603
Group3,7,right,1,external,-238.708038,84.624969,0.029060832392041255
Group3,7,right,1,external,-238.722809,84.630371,0.031035391084183322
Group3,7,right,1,external,-238.648361,84.665932,-0.001849489917901575
Group3,7,right,1,external,-238.718628,84.622375,0.02665927203629395
Group3,7,right,1,external,-238.678329,84.678055,0.0017877160257578103
Group3,7,right,1,external,-238.648941,84.65461,-0.00016870699843068805
Group3,7,right,1,external,-238.700516,84.62822,0.029713361918685614
Group3,7,right,1,external,-238.701965,84.664551,-0.0032618014503126226
Group3,7,right,1,external,-238.704468,84.632179,0.032720969571263754
Group3,7,right,1,external,-238.729431,84.664551,0.011074833504625748
Group3,7,right,1,external,-238.71553,84.655159,0.021815951169522157
Group3,7,right,1,external,-238.709045,84.651299,0.02367760518581355
Group3,7,right,1,external,-238.734772,84.632439,0.028767370626332545
Group3,7,straight,1,external,-216.071915,84.208084,-0.030944274699258593
Group3,7,straight,1,external,-215.865631,84.217896,-0.027449464896449637
Group3,7,straight,1,external,-215.866562,84.223122,-0.034232196402439095
Group3,7,straight,1,external,-215.93428,84.225327,-0.04394376474923994
Group3,7,straight,1,external,-215.995697,84.27713,0.09216661170529653
Group3,7,straight,1,external,-215.866928,84.22261,-0.03945346237606258
Group3,7,straight,1,external,-215.849976,84.223488,-0.025855657457542543
Group3,7,straight,1,external,-215.72316,84.242805,-0.0351188437213491
Group3,7,straight,1,external,-215.965515,84.22123,-0.029838206746838503
Group3,7,straight,1,external,-215.93959,84.314285,-0.008057356884828698
Group3,7,straight,1,external,-215.896637,84.221123,-0.03675826867845659
Group3,7,straight,1,external,-215.822845,84.223969,-0.026587549767869943
Group3,7,straight,1,external,-215.882904,84.223328,-0.037843198559203914
Group3,7,straight,1,external,-215.922119,84.333687,-0.16326801374212505
Group3,7,straight,1,external,-215.879089,84.248222,0.06557340887204544
Group3,7,straight,1,external,-215.925308,84.284683,-4.497811792034857e-05
Group3,7,straight,1,external,-215.89444,84.21553,-0.04342489076522424
Group3,7,straight,1,external,-215.916779,84.260399,0.08468176774478953
Group3,7,straight,1,external,-215.940063,84.314026,-0.009843805177285623
Group3,7,straight,1,external,-215.917801,84.268974,-0.12295035955653451
Group3,7,straight,1,external,-216.067215,84.301392,-0.0056843590277556874
Group3,7,straight,1,external,-215.948273,84.217171,-0.022512660663383026
Group3,7,straight,1,external,-216.054291,84.25779,0.050755138070789706
Group3,7,straight,1,external,-215.940979,84.305557,-0.20466768873481683
Group3,7,straight,1,external,-215.986374,84.322197,0.04239257297240901
Group3,7,left,1,external,-195.997849,90.117989,0.0005470256115341952
Group3,7,left,1,external,-195.912323,90.15844,0.0006491877574882677
Group3,7,left,1,external,-195.889038,90.153687,-1.4715637131727043e-05
Group3,7,left,1,external,-195.944077,90.138153,-0.0008422707243725868
Group3,7,left,1,external,-195.885727,90.157875,3.7608773380968853e-06
Group3,7,left,1,external,-195.922684,90.133125,0.0033282611066509857
Group3,7,left,1,external,-195.912903,90.155052,-0.00011589116208570516
Group3,7,left,1,external,-195.841202,90.152321,0.0014204672977166065
Group3,7,left,1,external,-195.846817,90.144524,0.002407403936026685
Group3,7,left,1,external,-195.94516,90.138969,-0.0010539598544406985
Group3,7,left,1,external,-195.966187,90.122818,-0.00017710662270360825
Group3,7,left,1,external,-195.879364,90.124161,0.0018607664409056998
Group3,7,left,1,external,-195.818939,90.150696,0.001946615792610548
Group3,7,left,1,external,-195.96817,90.116539,0.0016807602476692379
Group3,7,left,1,external,-195.845673,90.154282,0.0016369193401560122
Group3,7,left,1,external,-195.87471,90.150444,-0.0008487438083964467
Group3,7,left,1,external,-195.936935,90.176178,-0.00011137769805261087
Group3,7,left,1,external,-195.896362,90.158386,0.00040295149118633404
Group3,7,left,1,external,-195.969208,90.120316,0.000560829679734536
Group3,7,left,1,external,-195.920334,90.153259,-0.00040353620571293163
Group3,7,left,1,external,-195.961166,90.132195,-0.00015922365256771585
Group3,7,left,1,external,-195.857925,90.146675,-0.000485987490540792
Group3,7,left,1,external,-195.904266,90.152718,-0.00016946470706686364
Group3,7,left,1,external,-195.869659,90.157982,-0.0015576185948286531
Group3,7,left,1,external,-196.010681,90.122154,0.0010878685433051054
Group3,7,right,1,external,-235.768387,90.326454,-0.04276605339089251
Group3,7,right,1,external,-235.760452,90.33783,-0.04368331104875086
Group3,7,right,1,external,-235.775726,90.356544,-0.0378470060685007
Group3,7,right,1,external,-235.778931,90.350334,-0.03495331370963896
Group3,7,right,1,external,-235.730988,90.365784,-0.031536789998462315
Group3,7,right,1,external,-235.748154,90.332436,-0.04436904092976715
Group3,7,right,1,external,-235.752487,90.331825,-0.0444534899069192
Group3,7,right,1,external,-235.759476,90.332657,-0.039693388419806006
Group3,7,right,1,external,-235.745575,90.338074,-0.03877937848692979
Group3,7,right,1,external,-235.748123,90.333374,-0.03985513071699998
Group3,7,right,1,external,-235.761139,90.32608,-0.040672749305506135
Group3,7,right,1,external,-235.783813,90.342484,-0.05038566274272661
Group3,7,right,1,external,-235.785553,90.333298,-0.04327858448495675
Group3,7,right,1,external,-235.750534,90.330788,-0.050472485891918294
Group3,7,right,1,external,-235.764267,90.344818,-0.03682419761758071
Group3,7,right,1,external,-235.787842,90.331657,-0.040854279325364
Group3,7,right,1,external,-235.80162,90.358063,-0.03328648927707805
Group3,7,right,1,external,-235.775162,90.330231,-0.041588890192731695
Group3,7,right,1,external,-235.776276,90.343987,-0.03571733191329799
Group3,7,right,1,external,-235.771591,90.346581,-0.047240204937997694
Group3,7,right,1,external,-235.741837,90.32074,-0.0430155954931337
Group3,7,right,1,external,-235.730392,90.315971,-0.047516926550318854
Group3,7,right,1,external,-235.787064,90.354477,-0.038984289480943735
Group3,7,right,1,external,-235.795807,90.340843,-0.036293633326375654
Group3,7,right,1,external,-235.770279,90.350296,-0.037307945149971496
Group3,7,straight,1,external,-214.926224,90.011391,-0.013240729533653305
Group3,7,straight,1,external,-214.959137,90.002731,-0.01334404803651282
Group3,7,straight,1,external,-214.986755,90.015907,-0.012606502416448387
Group3,7,straight,1,external,-214.936905,90.002037,-0.012620108629549312
Group3,7,straight,1,external,-214.980057,90.013359,-0.012537847132813864
Group3,7,straight,1,external,-214.964706,90.017242,-0.012377071572483704
Group3,7,straight,1,external,-214.988113,90.00296,-0.012264981166111294
Group3,7,straight,1,external,-214.953918,90.012558,-0.013396500866560182
Group3,7,straight,1,external,-214.931992,90.019958,-0.01229919635397981
Group3,7,straight,1,external,-214.958435,90.009384,-0.013653725231295717
Group3,7,straight,1,external,-214.953903,90.019958,-0.012325986829163887
Group3,7,straight,1,external,-214.93483,90.016586,-0.012216985035483822
Group3,7,straight,1,external,-214.949112,90.014549,-0.01269707740177475
Group3,7,straight,1,external,-214.955856,90.008713,-0.012761996257299986
Group3,7,straight,1,external,-214.938141,90.004829,-0.013762449522595973
Group3,7,straight,1,external,-214.948196,90.022209,-0.01273120434568697
Group3,7,straight,1,external,-214.949982,90.022949,-0.0127765830019487
Group3,7,straight,1,external,-214.91478,90.025665,-0.012551734212959942
Group3,7,straight,1,external,-214.931458,90.011391,-0.01228926258964187
Group3,7,straight,1,external,-214.929276,90.007698,-0.01255860751557692
Group3,7,straight,1,external,-214.956253,90.021362,-0.013431161603161088
Group3,7,straight,1,external,-214.98494,90.021912,-0.013345763577037381
Group3,7,straight,1,external,-214.950058,90.011826,-0.013049332887769058
Group3,7,straight,1,external,-214.941864,90.022293,-0.012708066141838026
Group3,7,straight,1,external,-214.928848,90.02002,-0.012458273412414107
Group3,7,left,1,external,-195.751877,92.101418,3.1360409252618275
Group3,7,left,1,external,-195.860428,92.197655,-3.1333875779494256
Group3,7,left,1,external,-195.80452,92.174934,3.125034418815317
Group3,7,left,1,external,-195.667511,92.11525,3.135568255974292
Group3,7,left,1,external,-195.866577,92.162666,3.1298173471829176
Group3,7,left,1,external,-195.806122,92.181015,3.131970818692854
Group3,7,left,1,external,-195.740768,92.14476,3.136290126024105
Group3,7,left,1,external,-195.759171,92.160393,3.127960478509579
Group3,7,left,1,external,-195.782196,92.174606,3.125680140285754
Group3,7,left,1,external,-195.758499,92.170158,3.1277233471457317
Group3,7,left,1,external,-195.746643,92.188759,3.123310281008379
Group3,7,left,1,external,-195.678131,92.164505,3.1249709196444173
Group3,7,left,1,external,-195.738037,92.175774,3.124299549134437
Group3,7,left,1,external,-195.764999,92.165535,3.126856821834916
Group3,7,left,1,external,-195.786331,92.173698,3.1283234084719016
Group3,7,left,1,external,-195.705765,92.188751,3.127096500355572
Group3,7,left,1,external,-195.707886,92.151962,3.137198969392354
Group3,7,left,1,external,-195.826859,92.170029,3.12780533983941
Group3,7,left,1,external,-195.819351,92.156807,3.130577129431848
Group3,7,left,1,external,-195.759201,92.182426,3.1295334855730426
Group3,7,left,1,external,-195.752701,92.174904,3.126248542679145
Group3,7,left,1,external,-195.846222,92.164589,3.13020626233044
Group3,7,left,1,external,-195.817154,92.155708,3.1301119391657752
Group3,7,left,1,external,-195.801407,92.172134,3.129732185991356
Group3,7,left,1,external,-195.783478,92.150047,3.135710234465202
Group3,7,right,1,external,-235.407715,92.369339,2.956810258150654
Group3,7,right,1,external,-235.448639,92.414909,2.97253370790848
Group3,7,right,1,external,-235.418518,92.354652,2.9633282791818285
Group3,7,right,1,external,-235.420258,92.370758,2.963300697966926
Group3,7,right,1,external,-235.442215,92.408707,2.9575820447255006
Group3,7,right,1,external,-235.426163,92.368103,2.968396736119727
Group3,7,right,1,external,-235.451645,92.353233,2.986679855657323
Group3,7,right,1,external,-235.444717,92.358742,2.9657435904499097
Group3,7,right,1,external,-235.418655,92.370483,2.966297994393817
Group3,7,right,1,external,-235.414368,92.369545,2.981251994774191
Group3,7,right,1,external,-235.448151,92.365616,2.9676993211576006
Group3,7,right,1,external,-235.425598,92.351822,2.9644673432375885
Group3,7,right,1,external,-235.394623,92.363297,2.9609700074110594
Group3,7,right,1,external,-235.45546,92.393471,2.976282713215647
Group3,7,right,1,external,-235.397476,92.37664,2.9539553794013957
Group3,7,right,1,external,-235.474808,92.378242,2.967533877112436
Group3,7,right,1,external,-235.435867,92.369759,2.9673403884212237
Group3,7,right,1,external,-235.368988,92.376747,2.956301333497249
Group3,7,right,1,external,-235.447693,92.379509,2.9700027134489884
Group3,7,right,1,external,-235.442932,92.367775,2.945155741073155
Group3,7,right,1,external,-235.470703,92.365639,2.967226225564751
Group3,7,right,1,external,-235.429031,92.376083,2.9809788126948655
Group3,7,right,1,external,-235.379623,92.346024,2.962477198313319
Group3,7,right,1,external,-235.409027,92.381897,2.9680590854061863
Group3,7,right,1,external,-235.439301,92.377243,2.9585622498141197
Group3,7,straight,1,external,-214.497955,92.050003,3.10798098505081
Group3,7,straight,1,external,-214.557892,92.079277,3.1064707591961382
Group3,7,straight,1,external,-214.545914,92.064659,3.109664259411203
Group3,7,straight,1,external,-214.562561,92.053192,3.1084286322710764
Group3,7,straight,1,external,-214.527084,92.08181,3.0983937894784424
Group3,7,straight,1,external,-214.545944,92.037537,3.1099231401120275
Group3,7,straight,1,external,-214.559799,92.056122,3.1115952935969977
Group3,7,straight,1,external,-214.611298,92.066811,3.099096968248707
Group3,7,straight,1,external,-214.552856,92.042175,3.106394607105249
Group3,7,straight,1,external,-214.626785,92.049454,3.0953520447219875
Group3,7,straight,1,external,-214.56308,92.050346,3.106600582282858
Group3,7,straight,1,external,-214.604828,92.063293,3.111039554939425
Group3,7,straight,1,external,-214.526321,92.055252,3.1108380408920344
Group3,7,straight,1,external,-214.551788,92.070747,3.099202622866467
Group3,7,straight,1,external,-214.54213,92.048988,3.102117935423047
Group3,7,straight,1,external,-214.550919,92.049286,3.1064299825372443
Group3,7,straight,1,external,-214.572403,92.054161,3.106442622893474
Group3,7,straight,1,external,-214.556747,92.062065,3.101232564231036
Group3,7,straight,1,external,-214.611053,92.114098,3.1278276933474674
Group3,7,straight,1,external,-214.570694,92.13446,3.130718463415856
Group3,7,straight,1,external,-214.549805,92.05275,3.10644793686004
Group3,7,straight,1,external,-214.537888,92.052284,3.109476593873726
Group3,7,straight,1,external,-214.563538,92.083588,3.1264639328693935
Group3,7,straight,1,external,-214.634827,92.087486,3.1067842551441327
Group3,7,straight,1,external,-214.560654,92.05217,3.1063768605554922
Group4,7,left,1,external,-195.643372,84.317818,-3.0893748342664775
Group4,7,left,1,external,-195.5896,84.316826,-3.098876220221078
Group4,7,left,1,external,-195.63858,84.350807,-3.114617146544363
Group4,7,left,1,external,-195.682251,84.313965,-3.08716514561869
Group4,7,left,1,external,-195.677505,84.3106,-3.0865454403818053
Group4,7,left,1,external,-195.662781,84.313446,-3.0944781047373695
Group4,7,left,1,external,-195.665771,84.311371,-3.0968665418529664
Group4,7,left,1,external,-195.641022,84.336143,-3.112233200212142
Group4,7,left,1,external,-195.692856,84.369728,-3.1324107794304927
Group4,7,left,1,external,-195.67334,84.376869,-3.124852787577218
Group4,7,left,1,external,-195.644073,84.317574,-3.0887751981288134
Group4,7,left,1,external,-195.626175,84.318352,-3.094413778842881
Group4,7,left,1,external,-195.692154,84.393044,-3.0550156706456972
Group4,7,left,1,external,-195.627243,84.318001,-3.0944673976926564
Group4,7,left,1,external,-195.630417,84.324295,-3.09269137855308
Group4,7,left,1,external,-195.622498,84.319374,-3.090266062604492
Group4,7,left,1,external,-195.606583,84.325256,-3.08781404461248
Group4,7,left,1,external,-195.647079,84.322037,-3.087372022131341
Group4,7,left,1,external,-195.61673,84.310822,-3.0864812042069087
Group4,7,left,1,external,-195.635956,84.32399,-3.0894887332511543
Group4,7,left,1,external,-195.619598,84.322563,-3.0886745338718566
Group4,7,left,1,external,-195.701904,84.329582,-3.0760813779868044
Group4,7,left,1,external,-195.635468,84.318382,-3.0928313438715382
Group4,7,left,1,external,-195.620758,84.322166,-3.094695281085493
Group4,7,left,1,external,-195.617538,84.352493,-3.1218233941583104
Group4,7,right,1,external,-238.400452,84.62001,-0.02402037556376835
Group4,7,right,1,external,-238.413284,84.608978,-0.0273373960051653
Group4,7,right,1,external,-238.433243,84.609253,-0.027341674273814075
Group4,7,right,1,external,-238.406616,84.609207,-0.008367420682095107
Group4,7,right,1,external,-238.389923,84.60733,-0.02734275980558087
Group4,7,right,1,external,-238.411118,84.607292,-0.02652236097903707
Group4,7,right,1,external,-238.415268,84.616188,-0.028733457192639485
Group4,7,right,1,external,-238.433365,84.606331,-0.02780642223839714
Group4,7,right,1,external,-238.419083,84.604179,-0.028338384966951943
Group4,7,right,1,external,-238.403275,84.60955,-0.03181997837122874
Group4,7,right,1,external,-238.292862,84.790436,-0.09036979226679955
Group4,7,right,1,external,-238.392731,84.612305,-0.0276889382946736
Group4,7,right,1,external,-238.412888,84.604172,-0.034866979529975355
Group4,7,right,1,external,-238.394836,84.609642,-0.02788902181542758
Group4,7,right,1,external,-238.405396,84.621658,-0.023697929067689853
Group4,7,right,1,external,-238.416458,84.6035,-0.022617136919989025
Group4,7,right,1,external,-238.444595,84.618309,-0.02348259715464077
Group4,7,right,1,external,-238.402435,84.605263,-0.03364795529061391
Group4,7,right,1,external,-238.426468,84.604385,-0.027419056812790606
Group4,7,right,1,external,-238.400146,84.618286,-0.02537512065209872
Group4,7,right,1,external,-238.433746,84.629196,-0.024854837002169394
Group4,7,right,1,external,-238.404434,84.60733,-0.028201252346278367
Group4,7,right,1,external,-238.423889,84.610123,-0.028874093702125604
Group4,7,right,1,external,-238.386292,84.614685,-0.021453925282911224
Group4,7,right,1,external,-238.463898,84.620766,-0.022741288053243325
Group4,7,straight,1,external,-216.059082,84.217873,-0.16728501113989025
Group4,7,straight,1,external,-216.059967,84.238129,-0.15749956126174758
Group4,7,straight,1,external,-216.027832,84.225967,-0.20539204590225277
Group4,7,straight,1,external,-216.088058,84.229424,-0.1255194754998154
Group4,7,straight,1,external,-216.022995,84.228287,-0.21934510785947436
Group4,7,straight,1,external,-216.036942,84.24379,-0.10461621029509337
Group4,7,straight,1,external,-216.065979,84.243492,-0.16982571111484224
Group4,7,straight,1,external,-216.032547,84.230553,-0.2057887003773705
Group4,7,straight,1,external,-216.049744,84.255249,-0.08379138583217034
Group4,7,straight,1,external,-216.024445,84.199226,-0.08376485936567976
Group4,7,straight,1,external,-216.066269,84.212318,-0.1309277876363379
Group4,7,straight,1,external,-216.096924,84.216103,-0.13371696087996368
Group4,7,straight,1,external,-216.068909,84.228188,-0.09558445529533319
Group4,7,straight,1,external,-216.029282,84.227547,-0.18417366070591457
Group4,7,straight,1,external,-216.09285,84.224876,-0.09541146776680208
Group4,7,straight,1,external,-216.054123,84.225029,-0.17630731109799874
Group4,7,straight,1,external,-216.081757,84.237213,-0.1511358716831453
Group4,7,straight,1,external,-216.052933,84.228447,-0.1849304636356837
Group4,7,straight,1,external,-216.064117,84.218903,-0.17256409445249696
Group4,7,straight,1,external,-216.078537,84.221313,-0.14926604440013075
Group4,7,straight,1,external,-216.026779,84.204391,-0.23251208701421738
Group4,7,straight,1,external,-216.05368,84.21711,-0.18374403473628417
Group4,7,straight,1,external,-216.10704,84.225166,-0.10328518374984245
Group4,7,straight,1,external,-215.963165,84.231476,-0.21022950496077117
Group4,7,straight,1,external,-216.038254,84.224503,-0.10315733405489452
Group4,7,left,1,external,-195.765686,90.068878,-3.127442389903708
Group4,7,left,1,external,-195.749527,90.045151,-3.12876132283286
Group4,7,left,1,external,-195.735977,90.05191,-3.126722128985267
Group4,7,left,1,external,-195.746826,90.085472,-3.114486954247174
Group4,7,left,1,external,-195.761566,90.074295,-3.128310881227316
Group4,7,left,1,external,-195.766815,90.055557,-3.129174461641845
Group4,7,left,1,external,-195.72937,90.063683,-3.12757599296275
Group4,7,left,1,external,-195.715195,90.035316,-3.129751112251098
Group4,7,left,1,external,-195.728226,90.066658,-3.127539198224838
Group4,7,left,1,external,-195.749329,90.090584,-3.115116730919816
Group4,7,left,1,external,-195.747833,90.082756,-3.1130643487948557
Group4,7,left,1,external,-195.727112,90.071243,-3.113492929175639
Group4,7,left,1,external,-195.698242,90.083183,-3.1165310222931115
Group4,7,left,1,external,-195.84404,90.146873,-0.0024278088225941326
Group4,7,left,1,external,-195.712906,90.082314,-3.1162712594344497
Group4,7,left,1,external,-195.73204,90.102814,-3.1123891127612904
Group4,7,left,1,external,-195.748962,90.074829,-3.112795877242087
Group4,7,left,1,external,-195.760666,90.062943,-3.1260420798031485
Group4,7,left,1,external,-195.778625,90.116707,-3.1332996867046603
Group4,7,left,1,external,-195.771561,90.099693,-3.117399838415492
Group4,7,left,1,external,-195.734863,90.068436,-3.112498089475091
Group4,7,left,1,external,-195.763199,90.08213,-3.1165682210931425
Group4,7,left,1,external,-195.751343,90.093735,-3.1115928265631916
Group4,7,left,1,external,-195.727341,90.039482,-3.1280709149552752
Group4,7,left,1,external,-195.751282,90.0839,-3.115516643855734
Group4,7,right,1,external,-234.988358,90.224495,-0.04293671740200093
Group4,7,right,1,external,-234.99675,90.229248,-0.04285935932983518
Group4,7,right,1,external,-234.990875,90.229179,-0.04310205858741929
Group4,7,right,1,external,-234.977539,90.224228,-0.04484798922385486
Group4,7,right,1,external,-234.987564,90.23291,-0.04346275729157259
Group4,7,right,1,external,-234.960098,90.211006,-0.04156935209738643
Group4,7,right,1,external,-234.985062,90.227135,-0.043544491670924584
Group4,7,right,1,external,-234.96991,90.199921,-0.04109176580932334
Group4,7,right,1,external,-234.968704,90.208961,-0.04114881354286512
Group4,7,right,1,external,-234.972092,90.225868,-0.044277297989034445
Group4,7,right,1,external,-234.974045,90.275269,-0.07429084466856634
Group4,7,right,1,external,-234.969498,90.204094,-0.03965041986279819
Group4,7,right,1,external,-234.988449,90.228683,-0.04337191680062408
Group4,7,right,1,external,-234.982986,90.22657,-0.04268110092499457
Group4,7,right,1,external,-234.976501,90.237381,-0.043045646826000046
Group4,7,right,1,external,-234.946091,90.219269,-0.040778575646092836
Group4,7,right,1,external,-234.998062,90.223633,-0.04306867242887409
Group4,7,right,1,external,-234.984329,90.232071,-0.0456219708271632
Group4,7,right,1,external,-234.992096,90.230171,-0.043123013166036096
Group4,7,right,1,external,-234.984802,90.232635,-0.045379622540964774
Group4,7,right,1,external,-234.986633,90.230804,-0.04385353209952643
Group4,7,right,1,external,-235.001633,90.229736,-0.04317584854331891
Group4,7,right,1,external,-235.007736,90.23172,-0.04425626571379936
Group4,7,right,1,external,-234.986465,90.237823,-0.04522684552525688
Group4,7,right,1,external,-234.987686,90.228294,-0.04451605470881037
Group4,7,straight,1,external,-214.301605,90.036865,-3.0068547066738227
Group4,7,straight,1,external,-214.27681,90.031723,-2.931554521535652
Group4,7,straight,1,external,-214.277222,90.033913,-2.9529699387941917
Group4,7,straight,1,external,-214.300369,90.037788,-2.9856163523431944
Group4,7,straight,1,external,-214.258392,90.029892,-2.9296336008319495
Group4,7,straight,1,external,-214.288681,89.994827,-3.0225174276827387
Group4,7,straight,1,external,-214.291977,90.023575,-3.001270731025623
Group4,7,straight,1,external,-214.294479,90.035995,-2.9297843326054345
Group4,7,straight,1,external,-214.323807,90.040581,-2.9132728670190207
Group4,7,straight,1,external,-214.288849,90.037323,-2.963331020977686
Group4,7,straight,1,external,-214.270325,90.035942,-3.025331143064427
Group4,7,straight,1,external,-214.269943,90.024902,-2.9972028407395443
Group4,7,straight,1,external,-214.273407,90.034523,-2.993221145829591
Group4,7,straight,1,external,-214.322632,90.007744,-2.690921425789634
Group4,7,straight,1,external,-214.291046,90.029839,-2.9846337436395594
Group4,7,straight,1,external,-214.303833,90.028503,-3.0114267964050927
Group4,7,straight,1,external,-214.273788,90.031853,-2.9506731614632464
Group4,7,straight,1,external,-214.302246,90.043831,-2.9828785488731038
Group4,7,straight,1,external,-214.288467,90.030876,-3.010536621275877
Group4,7,straight,1,external,-214.308426,89.996193,-3.0412983121318775
Group4,7,straight,1,external,-214.288467,90.033188,-3.0135063152428434
Group4,7,straight,1,external,-214.285187,90.035057,-3.0083071351749013
Group4,7,straight,1,external,-214.315918,90.027252,-3.017187447882132
Group4,7,straight,1,external,-214.277786,90.027512,-2.9890512930279862
Group4,7,straight,1,external,-214.287979,89.995209,-3.0233414426589422
Group4,7,left,1,external,-196.454315,92.20253,0.09790058908905222
Group4,7,left,1,external,-196.429565,92.206032,0.10052952542769528
Group4,7,left,1,external,-196.364532,92.199097,0.08280177289543439
Group4,7,left,1,external,-196.538895,92.189255,0.07844792780855227
Group4,7,left,1,external,-196.714371,92.222481,0.031342820386723216
Group4,7,left,1,external,-196.501144,92.204147,0.08003674446076221
Group4,7,left,1,external,-196.47287,92.229202,0.0713387309836036
Group4,7,left,1,external,-196.679764,92.202789,0.030690322152684073
Group4,7,left,1,external,-196.480637,92.189423,0.07467622095462194
Group4,7,left,1,external,-196.509811,92.204681,0.08193321626624513
Group4,7,left,1,external,-196.45874,92.207619,0.07663212995581165
Group4,7,left,1,external,-196.453171,92.224472,0.08926748453781458
Group4,7,left,1,external,-196.453125,92.205788,0.07971589029444004
Group4,7,left,1,external,-196.445892,92.206841,0.0804528277040003
Group4,7,left,1,external,-196.489471,92.191353,0.07516702825796755
Group4,7,left,1,external,-196.486771,92.226952,0.07328342972771655
Group4,7,left,1,external,-196.470779,92.19838,0.0955671185522291
Group4,7,left,1,external,-196.380295,92.205833,0.09872837996214527
Group4,7,left,1,external,-196.341339,92.202217,0.1056122520970666
Group4,7,left,1,external,-196.40033,92.206886,0.09463279569587592
Group4,7,left,1,external,-196.424988,92.21109,0.11129949746486938
Group4,7,left,1,external,-196.455978,92.206505,0.07759194236231429
Group4,7,left,1,external,-196.476135,92.204811,0.07971296709905723
Group4,7,left,1,external,-196.368423,92.205521,0.1000211417141029
Group4,7,left,1,external,-196.419006,92.203026,0.08709454785779198
Group4,7,right,1,external,-236.146851,92.44648,-0.0042207427725749055
Group4,7,right,1,external,-235.62291,92.340775,2.9904106136738315
Group4,7,right,1,external,-236.178207,92.443558,-0.0021050030413403372
Group4,7,right,1,external,-236.104553,92.446556,-0.0049964661452724735
Group4,7,right,1,external,-236.117737,92.443314,-0.003512697246163743
Group4,7,right,1,external,-236.134811,92.437897,-0.002388440858539469
Group4,7,right,1,external,-236.134979,92.437988,-0.002324180267050252
Group4,7,right,1,external,-236.136551,92.445412,-0.003753471920338422
Group4,7,right,1,external,-235.615326,92.338142,2.986240614529535
Group4,7,right,1,external,-236.121994,92.439667,-0.0032384150453972937
Group4,7,right,1,external,-236.165619,92.41394,0.00400033307800533
Group4,7,right,1,external,-236.14946,92.446693,-0.0060368010128240505
Group4,7,right,1,external,-236.164688,92.411476,0.00035204281750222065
Group4,7,right,1,external,-235.592102,92.349426,2.994958334407717
Group4,7,right,1,external,-235.618454,92.352089,2.976608718518996
Group4,7,right,1,external,-236.115311,92.438179,-0.002580349065256557
Group4,7,right,1,external,-236.108978,92.444313,-0.0047231722640622125
Group4,7,right,1,external,-236.154556,92.443054,-0.005104247012428135
Group4,7,right,1,external,-236.151001,92.438446,-0.0045707565381001795
Group4,7,right,1,external,-236.136169,92.44455,-0.00399651576981544
Group4,7,right,1,external,-236.171143,92.432983,-0.0007542948180666713
Group4,7,right,1,external,-235.986145,92.444901,-0.005548277430936597
Group4,7,right,1,external,-236.121368,92.409668,0.002419067296237265
Group4,7,right,1,external,-236.116379,92.438141,-0.0031633745676097258
Group4,7,right,1,external,-236.122971,92.442856,-0.004308313893444695
Group4,7,straight,1,external,-214.615204,92.20977,3.109908570098095
Group4,7,straight,1,external,-214.628357,92.218559,3.1099754040059873
Group4,7,straight,1,external,-214.609695,92.203117,3.109804468361964
Group4,7,straight,1,external,-214.62056,92.202667,3.11146547515504
Group4,7,straight,1,external,-215.388824,92.185654,0.02327318443949478
Group4,7,straight,1,external,-214.628174,92.173172,3.1176285940494197
Group4,7,straight,1,external,-214.638092,92.179443,3.117594258724874
Group4,7,straight,1,external,-214.633804,92.208115,3.1090825060463607
Group4,7,straight,1,external,-214.616211,92.133553,3.1295962362988305
Group4,7,straight,1,external,-214.589478,92.147079,3.1323138643531103
Group4,7,straight,1,external,-214.579361,92.205719,3.1027622829152035
Group4,7,straight,1,external,-214.607651,92.067337,3.1002167409012626
Group4,7,straight,1,external,-214.596146,92.203178,3.1097124518916757
Group4,7,straight,1,external,-214.58493,92.078896,3.110414777780595
Group4,7,straight,1,external,-214.606506,92.095718,3.109937217430589
Group4,7,straight,1,external,-214.633591,92.1978,3.1112108822782307
Group4,7,straight,1,external,-214.621521,92.145752,3.126744238873241
Group4,7,straight,1,external,-214.610001,92.141647,3.126773458606752
Group4,7,straight,1,external,-214.652435,92.170013,3.120272974189895
Group4,7,straight,1,external,-214.623566,92.137978,3.1296723998875744
Group4,7,straight,1,external,-214.568878,92.061775,3.099738838624648
Group4,7,straight,1,external,-214.635986,92.206657,3.1128210742787354
Group4,7,straight,1,external,-214.588043,92.090401,3.1143270308216726
Group4,7,straight,1,external,-214.636093,92.211845,3.1073721292491063
Group4,7,straight,1,external,-214.643127,92.183441,3.1169012357639425
Group1,7,left,1,internal,29.799999999999997,-35.3,-1.86
Group1,7,left,1,internal,29.799999999999997,-35.3,-1.84
Group1,7,left,1,internal,29.799999999999997,-35.3,-1.87
Group1,7,left,1,internal,29.799999999999997,-35.3,-1.85
Group1,7,left,1,internal,29.799999999999997,-35.3,-1.85
Group1,7,left,1,internal,29.799999999999997,-35.3,-1.85
Group1,7,left,1,internal,29.799999999999997,-35.3,-1.85
Group1,7,left,1,internal,29.799999999999997,-35.3,-1.84
Group1,7,left,1,internal,29.799999999999997,-35.3,-1.85
Group1,7,left,1,internal,29.799999999999997,-35.3,-1.86
Group1,7,left,1,internal,29.799999999999997,-35.3,-1.84
Group1,7,left,1,internal,29.799999999999997,-35.3,-1.86
Group1,7,left,1,internal,29.799999999999997,-35.3,-1.87
Group1,7,left,1,internal,29.799999999999997,-35.3,-1.84
Group1,7,left,1,internal,29.799999999999997,-35.3,-1.84
Group1,7,left,1,internal,29.799999999999997,-35.3,-1.84
Group1,7,left,1,internal,29.799999999999997,-35.3,-1.85
Group1,7,left,1,internal,29.799999999999997,-35.3,-1.85
Group1,7,left,1,internal,29.799999999999997,-35.3,-1.85
Group1,7,left,1,internal,29.799999999999997,-35.3,-1.85
Group1,7,left,1,internal,29.799999999999997,-35.3,-1.85
Group1,7,left,1,internal,29.799999999999997,-35.3,-1.85
Group1,7,left,1,internal,29.799999999999997,-35.3,-1.86
Group1,7,left,1,internal,29.799999999999997,-35.3,-1.86
Group1,7,left,1,internal,29.799999999999997,-35.3,-1.86
Group1,7,right,1,internal,-3.0,-42.199999999999996,-0.95
Group1,7,right,1,internal,-3.0,-42.199999999999996,-0.94
Group1,7,right,1,internal,-3.0,-42.199999999999996,-0.95
Group1,7,right,1,internal,-3.0,-42.199999999999996,-0.94
Group1,7,right,1,internal,-3.0,-42.199999999999996,-0.96
Group1,7,right,1,internal,-3.0,-42.199999999999996,-0.93
Group1,7,right,1,internal,-3.0,-42.199999999999996,-0.92
Group1,7,right,1,internal,-3.0,-42.199999999999996,-0.97
Group1,7,right,1,internal,-3.0,-42.199999999999996,-0.96
Group1,7,right,1,internal,-3.0,-42.199999999999996,-0.94
Group1,7,right,1,internal,-3.0,-42.199999999999996,-0.93
Group1,7,right,1,internal,-3.0,-42.199999999999996,-0.97
Group1,7,right,1,internal,-3.0,-42.199999999999996,-0.96
Group1,7,right,1,internal,-3.0,-42.199999999999996,-0.94
Group1,7,right,1,internal,-3.0,-42.199999999999996,-0.93
Group1,7,right,1,internal,-3.0,-42.199999999999996,-0.95
Group1,7,right,1,internal,-3.0,-42.199999999999996,-0.96
Group1,7,right,1,internal,-3.0,-42.199999999999996,-0.96
Group1,7,right,1,internal,-3.0,-42.199999999999996,-0.96
Group1,7,right,1,internal,-3.0,-42.199999999999996,-0.96
Group1,7,right,1,internal,-3.0,-42.199999999999996,-0.96
Group1,7,right,1,internal,-3.0,-42.199999999999996,-0.96
Group1,7,right,1,internal,-3.0,-42.199999999999996,-0.95
Group1,7,right,1,internal,-3.0,-42.199999999999996,-0.94
Group1,7,right,1,internal,-3.0,-42.199999999999996,-0.96
Group1,7,straight,1,internal,13.600000000000001,-30.0,-1.97
Group1,7,straight,1,internal,13.600000000000001,-30.0,-1.97
Group1,7,straight,1,internal,13.600000000000001,-30.0,-1.97
Group1,7,straight,1,internal,13.600000000000001,-30.0,-1.98
Group1,7,straight,1,internal,13.600000000000001,-30.0,-1.97
Group1,7,straight,1,internal,13.600000000000001,-30.0,-1.97
Group1,7,straight,1,internal,13.600000000000001,-30.0,-1.97
Group1,7,straight,1,internal,13.600000000000001,-30.0,-1.98
Group1,7,straight,1,internal,13.600000000000001,-30.0,-1.97
Group1,7,straight,1,internal,13.600000000000001,-30.0,-1.97
Group1,7,straight,1,internal,13.600000000000001,-30.0,-1.97
Group1,7,straight,1,internal,13.600000000000001,-30.0,-1.97
Group1,7,straight,1,internal,13.600000000000001,-30.0,-1.97
Group1,7,straight,1,internal,13.600000000000001,-30.0,-1.97
Group1,7,straight,1,internal,13.600000000000001,-30.0,-1.97
Group1,7,straight,1,internal,13.600000000000001,-30.0,-1.97
Group1,7,straight,1,internal,13.600000000000001,-30.0,-1.96
Group1,7,straight,1,internal,13.600000000000001,-30.0,-1.97
Group1,7,straight,1,internal,13.600000000000001,-30.0,-1.97
Group1,7,straight,1,internal,13.600000000000001,-30.0,-1.97
Group1,7,straight,1,internal,13.600000000000001,-30.0,-1.96
Group1,7,straight,1,internal,13.600000000000001,-30.0,-1.97
Group1,7,straight,1,internal,13.600000000000001,-30.0,-1.96
Group1,7,straight,1,internal,13.600000000000001,-30.0,-1.97
Group1,7,straight,1,internal,13.600000000000001,-30.0,-1.97
Group1,7,left,1,internal,29.799999999999997,-35.3,-1.85
Group1,7,left,1,internal,29.799999999999997,-35.3,-1.84
Group1,7,left,1,internal,29.799999999999997,-35.3,-1.86
Group1,7,left,1,internal,29.799999999999997,-35.3,-1.84
Group1,7,left,1,internal,29.799999999999997,-35.3,-1.85
Group1,7,left,1,internal,29.799999999999997,-35.3,-1.87
Group1,7,left,1,internal,29.799999999999997,-35.3,-1.85
Group1,7,left,1,internal,29.799999999999997,-35.3,-1.9
Group1,7,left,1,internal,29.799999999999997,-35.3,-1.85
Group1,7,left,1,internal,29.799999999999997,-35.3,-1.85
Group1,7,left,1,internal,29.799999999999997,-35.3,-1.86
Group1,7,left,1,internal,29.799999999999997,-35.3,-1.85
Group1,7,left,1,internal,29.799999999999997,-35.3,-1.85
Group1,7,left,1,internal,29.799999999999997,-35.3,-1.85
Group1,7,left,1,internal,29.799999999999997,-35.3,-1.85
Group1,7,left,1,internal,29.799999999999997,-35.3,-1.84
Group1,7,left,1,internal,29.799999999999997,-35.3,-1.86
Group1,7,left,1,internal,29.799999999999997,-35.3,-1.85
Group1,7,left,1,internal,29.799999999999997,-35.3,-1.85
Group1,7,left,1,internal,29.799999999999997,-35.3,-1.85
Group1,7,left,1,internal,29.799999999999997,-35.3,-1.87
Group1,7,left,1,internal,29.799999999999997,-35.3,-1.85
Group1,7,left,1,internal,29.799999999999997,-35.3,-1.87
Group1,7,left,1,internal,29.799999999999997,-35.3,-1.84
Group1,7,left,1,internal,29.799999999999997,-35.3,-1.85
Group1,7,right,1,internal,-3.0,-42.199999999999996,-0.95
Group1,7,right,1,internal,-3.0,-42.199999999999996,-0.94
Group1,7,right,1,internal,-3.0,-42.199999999999996,-0.96
Group1,7,right,1,internal,-3.0,-42.199999999999996,-0.96
Group1,7,right,1,internal,-3.0,-42.199999999999996,-0.93
Group1,7,right,1,internal,-3.0,-42.199999999999996,-0.95
Group1,7,right,1,internal,-3.0,-42.199999999999996,-0.95
Group1,7,right,1,internal,-3.0,-42.199999999999996,-0.95
Group1,7,right,1,internal,-3.0,-42.199999999999996,-0.96
Group1,7,right,1,internal,-3.0,-42.199999999999996,-0.95
Group1,7,right,1,internal,-3.0,-42.199999999999996,-0.94
Group1,7,right,1,internal,-3.0,-42.199999999999996,-0.97
Group1,7,right,1,internal,-3.0,-42.199999999999996,-0.96
Group1,7,right,1,internal,-3.0,-42.199999999999996,-0.95
Group1,7,right,1,internal,-3.0,-42.199999999999996,-0.95
Group1,7,right,1,internal,-3.0,-42.199999999999996,-0.94
Group1,7,right,1,internal,-3.0,-42.199999999999996,-0.97
Group1,7,right,1,internal,-3.0,-42.199999999999996,-0.95
Group1,7,right,1,internal,-3.0,-42.199999999999996,-0.96
Group1,7,right,1,internal,-3.0,-42.199999999999996,-0.96
Group1,7,right,1,internal,-3.0,-42.199999999999996,-0.95
Group1,7,right,1,internal,-3.0,-42.199999999999996,-0.95
Group1,7,right,1,internal,-3.0,-42.199999999999996,-0.94
Group1,7,right,1,internal,-3.0,-42.199999999999996,-1.0
Group1,7,right,1,internal,-3.0,-42.199999999999996,-0.96
Group1,7,straight,1,internal,13.600000000000001,-30.0,-1.97
Group1,7,straight,1,internal,13.600000000000001,-30.0,-1.97
Group1,7,straight,1,internal,13.600000000000001,-30.0,-1.97
Group1,7,straight,1,internal,13.600000000000001,-30.0,-1.97
Group1,7,straight,1,internal,13.600000000000001,-30.0,-1.97
Group1,7,straight,1,internal,13.600000000000001,-30.0,-1.97
Group1,7,straight,1,internal,13.600000000000001,-30.0,-1.97
Group1,7,straight,1,internal,13.600000000000001,-30.0,-1.97
Group1,7,straight,1,internal,13.600000000000001,-30.0,-1.97
Group1,7,straight,1,internal,13.600000000000001,-30.0,-1.97
Group1,7,straight,1,internal,13.600000000000001,-30.0,-1.97
Group1,7,straight,1,internal,13.600000000000001,-30.0,-1.97
Group1,7,straight,1,internal,13.600000000000001,-30.0,-1.97
Group1,7,straight,1,internal,13.600000000000001,-30.0,-1.97
Group1,7,straight,1,internal,13.600000000000001,-30.0,-1.97
Group1,7,straight,1,internal,13.600000000000001,-30.0,-1.97
Group1,7,straight,1,internal,13.600000000000001,-30.0,-1.97
Group1,7,straight,1,internal,13.600000000000001,-30.0,-1.97
Group1,7,straight,1,internal,13.600000000000001,-30.0,-1.97
Group1,7,straight,1,internal,13.600000000000001,-30.0,-1.96
Group1,7,straight,1,internal,13.600000000000001,-30.0,-1.97
Group1,7,straight,1,internal,13.600000000000001,-30.0,-1.97
Group1,7,straight,1,internal,13.600000000000001,-30.0,-1.97
Group1,7,straight,1,internal,13.600000000000001,-30.0,-1.96
Group1,7,straight,1,internal,13.600000000000001,-30.0,-1.97
Group1,7,left,1,internal,29.799999999999997,-35.3,-1.85
Group1,7,left,1,internal,29.799999999999997,-35.3,-1.86
Group1,7,left,1,internal,29.799999999999997,-35.3,-1.85
Group1,7,left,1,internal,29.799999999999997,-35.3,-1.85
Group1,7,left,1,internal,29.799999999999997,-35.3,-1.86
Group1,7,left,1,internal,29.799999999999997,-35.3,-1.85
Group1,7,left,1,internal,29.799999999999997,-35.3,-1.85
Group1,7,left,1,internal,29.799999999999997,-35.3,-1.85
Group1,7,left,1,internal,29.799999999999997,-35.3,-1.85
Group1,7,left,1,internal,29.799999999999997,-35.3,-1.86
Group1,7,left,1,internal,29.799999999999997,-35.3,-1.85
Group1,7,left,1,internal,29.799999999999997,-35.3,-1.89
Group1,7,left,1,internal,29.799999999999997,-35.3,-1.87
Group1,7,left,1,internal,29.799999999999997,-35.3,-1.86
Group1,7,left,1,internal,29.799999999999997,-35.3,-1.82
Group1,7,left,1,internal,29.799999999999997,-35.3,-1.85
Group1,7,left,1,internal,29.799999999999997,-35.3,-1.85
Group1,7,left,1,internal,29.799999999999997,-35.3,-1.86
Group1,7,left,1,internal,29.799999999999997,-35.3,-1.86
Group1,7,left,1,internal,29.799999999999997,-35.3,-1.85
Group1,7,left,1,internal,29.799999999999997,-35.3,-1.86
Group1,7,left,1,internal,29.799999999999997,-35.3,-1.85
Group1,7,left,1,internal,29.799999999999997,-35.3,-1.86
Group1,7,left,1,internal,29.799999999999997,-35.3,-1.86
Group1,7,left,1,internal,29.799999999999997,-35.3,-1.85
Group1,7,right,1,internal,-3.0,-42.199999999999996,-0.96
Group1,7,right,1,internal,-3.0,-42.199999999999996,-0.96
Group1,7,right,1,internal,-3.0,-42.199999999999996,-0.96
Group1,7,right,1,internal,-3.0,-42.199999999999996,-0.96
Group1,7,right,1,internal,-3.0,-42.199999999999996,-0.95
Group1,7,right,1,internal,-3.0,-42.199999999999996,-0.96
Group1,7,right,1,internal,-3.0,-42.199999999999996,-0.96
Group1,7,right,1,internal,-3.0,-42.199999999999996,-0.95
Group1,7,right,1,internal,-3.0,-42.199999999999996,-0.9900000000000002
Group1,7,right,1,internal,-3.0,-42.199999999999996,-0.95
Group1,7,right,1,internal,-3.0,-42.199999999999996,-0.98
Group1,7,right,1,internal,-3.0,-42.199999999999996,-0.96
Group1,7,right,1,internal,-3.0,-42.199999999999996,-0.94
Group1,7,right,1,internal,-3.0,-42.199999999999996,-0.95
Group1,7,right,1,internal,-3.0,-42.199999999999996,-0.96
Group1,7,right,1,internal,-3.0,-42.199999999999996,-0.95
Group1,7,right,1,internal,-3.0,-42.199999999999996,-0.9900000000000002
Group1,7,right,1,internal,-3.0,-42.199999999999996,-0.95
Group1,7,right,1,internal,-3.0,-42.199999999999996,-0.93
Group1,7,right,1,internal,-3.0,-42.199999999999996,-0.94
Group1,7,right,1,internal,-3.0,-42.199999999999996,-0.93
Group1,7,right,1,internal,-3.0,-42.199999999999996,-0.93
Group1,7,right,1,internal,-3.0,-42.199999999999996,-0.98
Group1,7,right,1,internal,-3.0,-42.199999999999996,-0.94
Group1,7,right,1,internal,-3.0,-42.199999999999996,-0.96
Group1,7,straight,1,internal,13.600000000000001,-30.0,-1.97
Group1,7,straight,1,internal,13.600000000000001,-30.0,-1.97
Group1,7,straight,1,internal,13.600000000000001,-30.0,-1.97
Group1,7,straight,1,internal,13.600000000000001,-30.0,-1.97
Group1,7,straight,1,internal,13.600000000000001,-30.0,-1.97
Group1,7,straight,1,internal,13.600000000000001,-30.0,-1.97
Group1,7,straight,1,internal,13.600000000000001,-30.0,-1.97
Group1,7,straight,1,internal,13.600000000000001,-30.0,-1.96
Group1,7,straight,1,internal,13.600000000000001,-30.0,-1.97
Group1,7,straight,1,internal,13.600000000000001,-30.0,-1.97
Group1,7,straight,1,internal,13.600000000000001,-30.0,-1.97
Group1,7,straight,1,internal,13.600000000000001,-30.0,-1.97
Group1,7,straight,1,internal,13.600000000000001,-30.0,-1.96
Group1,7,straight,1,internal,13.600000000000001,-30.0,-1.97
Group1,7,straight,1,internal,13.600000000000001,-30.0,-1.96
Group1,7,straight,1,internal,13.600000000000001,-30.0,-1.98
Group1,7,straight,1,internal,13.600000000000001,-30.0,-1.97
Group1,7,straight,1,internal,13.600000000000001,-30.0,-1.97
Group1,7,straight,1,internal,13.600000000000001,-30.0,-1.97
Group1,7,straight,1,internal,13.600000000000001,-30.0,-1.98
Group1,7,straight,1,internal,13.600000000000001,-30.0,-1.97
Group1,7,straight,1,internal,13.600000000000001,-30.0,-1.96
Group1,7,straight,1,internal,13.600000000000001,-30.0,-1.97
Group1,7,straight,1,internal,13.600000000000001,-30.0,-1.97
Group1,7,straight,1,internal,13.600000000000001,-30.0,-1.97
Group2,7,left,1,internal,29.799999999999997,-35.3,-1.85
Group2,7,left,1,internal,29.799999999999997,-35.3,-1.85
Group2,7,left,1,internal,29.799999999999997,-35.3,-1.85
Group2,7,left,1,internal,29.799999999999997,-35.3,-1.86
Group2,7,left,1,internal,29.799999999999997,-35.3,-1.84
Group2,7,left,1,internal,29.799999999999997,-35.3,-1.85
Group2,7,left,1,internal,29.799999999999997,-35.3,-1.85
Group2,7,left,1,internal,29.799999999999997,-35.3,-1.85
Group2,7,left,1,internal,29.799999999999997,-35.3,-1.85
Group2,7,left,1,internal,29.799999999999997,-35.3,-1.85
Group2,7,left,1,internal,29.799999999999997,-35.3,-1.87
Group2,7,left,1,internal,29.799999999999997,-35.3,-1.86
Group2,7,left,1,internal,29.799999999999997,-35.3,-1.85
Group2,7,left,1,internal,29.799999999999997,-35.3,-1.85
Group2,7,left,1,internal,29.799999999999997,-35.3,-1.84
Group2,7,left,1,internal,29.799999999999997,-35.3,-1.85
Group2,7,left,1,internal,29.799999999999997,-35.3,-1.84
Group2,7,left,1,internal,29.799999999999997,-35.3,-1.85
Group2,7,left,1,internal,29.799999999999997,-35.3,-1.84
Group2,7,left,1,internal,29.799999999999997,-35.3,-1.86
Group2,7,left,1,internal,29.799999999999997,-35.3,-1.86
Group2,7,left,1,internal,29.799999999999997,-35.3,-1.85
Group2,7,left,1,internal,29.799999999999997,-35.3,-1.85
Group2,7,left,1,internal,29.799999999999997,-35.3,-1.92
Group2,7,left,1,internal,29.799999999999997,-35.3,-1.85
Group2,7,right,1,internal,-3.0,-42.199999999999996,-0.94
Group2,7,right,1,internal,-3.0,-42.199999999999996,-0.96
Group2,7,right,1,internal,-3.0,-42.199999999999996,-0.94
Group2,7,right,1,internal,-3.0,-42.199999999999996,-0.96
Group2,7,right,1,internal,-3.0,-42.199999999999996,-0.95
Group2,7,right,1,internal,-3.0,-42.199999999999996,-0.95
Group2,7,right,1,internal,-3.0,-42.199999999999996,-0.95
Group2,7,right,1,internal,-3.0,-42.199999999999996,-0.94
Group2,7,right,1,internal,-3.0,-42.199999999999996,-0.95
Group2,7,right,1,internal,-3.0,-42.199999999999996,-0.94
Group2,7,right,1,internal,-3.0,-42.199999999999996,-0.96
Group2,7,right,1,internal,-3.0,-42.199999999999996,-0.94
Group2,7,right,1,internal,-3.0,-42.199999999999996,-0.95
Group2,7,right,1,internal,-3.0,-42.199999999999996,-0.95
Group2,7,right,1,internal,-3.0,-42.199999999999996,-0.96
Group2,7,right,1,internal,-3.0,-42.199999999999996,-0.95
Group2,7,right,1,internal,-3.0,-42.199999999999996,-0.95
Group2,7,right,1,internal,-3.0,-42.199999999999996,-0.95
Group2,7,right,1,internal,-3.0,-42.199999999999996,-0.97
Group2,7,right,1,internal,-3.0,-42.199999999999996,-0.95
Group2,7,right,1,internal,-3.0,-42.199999999999996,-0.95
Group2,7,right,1,internal,-3.0,-42.199999999999996,-0.95
Group2,7,right,1,internal,-3.0,-42.199999999999996,-0.95
Group2,7,right,1,internal,-3.0,-42.199999999999996,-0.94
Group2,7,right,1,internal,-3.0,-42.199999999999996,-0.94
Group2,7,straight,1,internal,13.600000000000001,-30.0,-1.97
Group2,7,straight,1,internal,13.600000000000001,-30.0,-1.97
Group2,7,straight,1,internal,13.600000000000001,-30.0,-1.97
Group2,7,straight,1,internal,13.600000000000001,-30.0,-1.97
Group2,7,straight,1,internal,13.600000000000001,-30.0,-1.97
Group2,7,straight,1,internal,13.600000000000001,-30.0,-1.97
Group2,7,straight,1,internal,13.600000000000001,-30.0,-1.97
Group2,7,straight,1,internal,13.600000000000001,-30.0,-1.97
Group2,7,straight,1,internal,13.600000000000001,-30.0,-1.97
Group2,7,straight,1,internal,13.600000000000001,-30.0,-2.01
Group2,7,straight,1,internal,13.600000000000001,-30.0,-1.97
Group2,7,straight,1,internal,13.600000000000001,-30.0,-1.97
Group2,7,straight,1,internal,13.600000000000001,-30.0,-1.97
Group2,7,straight,1,internal,13.600000000000001,-30.0,-1.97
Group2,7,straight,1,internal,13.600000000000001,-30.0,-1.97
Group2,7,straight,1,internal,13.600000000000001,-30.0,-1.97
Group2,7,straight,1,internal,13.600000000000001,-30.0,-1.97
Group2,7,straight,1,internal,13.600000000000001,-30.0,-1.96
Group2,7,straight,1,internal,13.600000000000001,-30.0,-1.97
Group2,7,straight,1,internal,13.600000000000001,-30.0,-1.97
Group2,7,straight,1,internal,13.600000000000001,-30.0,-1.96
Group2,7,straight,1,internal,13.600000000000001,-30.0,-1.96
Group2,7,straight,1,internal,13.600000000000001,-30.0,-1.97
Group2,7,straight,1,internal,13.600000000000001,-30.0,-1.97
Group2,7,straight,1,internal,13.600000000000001,-30.0,-1.97
Group2,7,left,1,internal,29.799999999999997,-35.3,-1.85
Group2,7,left,1,internal,29.799999999999997,-35.3,-1.86
Group2,7,left,1,internal,29.799999999999997,-35.3,-1.87
Group2,7,left,1,internal,29.799999999999997,-35.3,-1.85
Group2,7,left,1,internal,29.799999999999997,-35.3,-1.86
Group2,7,left,1,internal,29.799999999999997,-35.3,-1.86
Group2,7,left,1,internal,29.799999999999997,-35.3,-1.85
Group2,7,left,1,internal,29.799999999999997,-35.3,-1.85
Group2,7,left,1,internal,29.799999999999997,-35.3,-1.84
Group2,7,left,1,internal,29.799999999999997,-35.3,-1.86
Group2,7,left,1,internal,29.799999999999997,-35.3,-1.85
Group2,7,left,1,internal,29.799999999999997,-35.3,-1.85
Group2,7,left,1,internal,29.799999999999997,-35.3,-1.86
Group2,7,left,1,internal,29.799999999999997,-35.3,-1.85
Group2,7,left,1,internal,29.799999999999997,-35.3,-1.85
Group2,7,left,1,internal,29.799999999999997,-35.3,-1.85
Group2,7,left,1,internal,29.799999999999997,-35.3,-1.85
Group2,7,left,1,internal,29.799999999999997,-35.3,-1.85
Group2,7,left,1,internal,29.799999999999997,-35.3,-1.84
Group2,7,left,1,internal,29.799999999999997,-35.3,-1.85
Group2,7,left,1,internal,29.799999999999997,-35.3,-1.85
Group2,7,left,1,internal,29.799999999999997,-35.3,-1.87
Group2,7,left,1,internal,29.799999999999997,-35.3,-1.83
Group2,7,left,1,internal,29.799999999999997,-35.3,-1.85
Group2,7,left,1,internal,29.799999999999997,-35.3,-1.84
Group2,7,right,1,internal,-3.0,-42.199999999999996,-0.94
Group2,7,right,1,internal,-3.0,-42.199999999999996,-0.95
Group2,7,right,1,internal,-3.0,-42.199999999999996,-0.95
Group2,7,right,1,internal,-3.0,-42.199999999999996,-0.96
Group2,7,right,1,internal,-3.0,-42.199999999999996,-0.96
Group2,7,right,1,internal,-3.0,-42.199999999999996,-0.97
Group2,7,right,1,internal,-3.0,-42.199999999999996,-0.97
Group2,7,right,1,internal,-3.0,-42.199999999999996,-0.96
Group2,7,right,1,internal,-3.0,-42.199999999999996,-0.96
Group2,7,right,1,internal,-3.0,-42.199999999999996,-0.96
Group2,7,right,1,internal,-3.0,-42.199999999999996,-0.95
Group2,7,right,1,internal,-3.0,-42.199999999999996,-0.95
Group2,7,right,1,internal,-3.0,-42.199999999999996,-0.95
Group2,7,right,1,internal,-3.0,-42.199999999999996,-0.95
Group2,7,right,1,internal,-3.0,-42.199999999999996,-0.95
Group2,7,right,1,internal,-3.0,-42.199999999999996,-0.94
Group2,7,right,1,internal,-3.0,-42.199999999999996,-0.94
Group2,7,right,1,internal,-3.0,-42.199999999999996,-0.95
Group2,7,right,1,internal,-3.0,-42.199999999999996,-0.96
Group2,7,right,1,internal,-3.0,-42.199999999999996,-0.94
Group2,7,right,1,internal,-3.0,-42.199999999999996,-0.95
Group2,7,right,1,internal,-3.0,-42.199999999999996,-0.94
Group2,7,right,1,internal,-3.0,-42.199999999999996,-0.94
Group2,7,right,1,internal,-3.0,-42.199999999999996,-0.96
Group2,7,right,1,internal,-3.0,-42.199999999999996,-0.95
Group2,7,straight,1,internal,13.600000000000001,-30.0,-1.97
Group2,7,straight,1,internal,13.600000000000001,-30.0,-1.97
Group2,7,straight,1,internal,13.600000000000001,-30.0,-1.97
Group2,7,straight,1,internal,13.600000000000001,-30.0,-1.96
Group2,7,straight,1,internal,13.600000000000001,-30.0,-1.97
Group2,7,straight,1,internal,13.600000000000001,-30.0,-1.97
Group2,7,straight,1,internal,13.600000000000001,-30.0,-1.97
Group2,7,straight,1,internal,13.600000000000001,-30.0,-1.96
Group2,7,straight,1,internal,13.600000000000001,-30.0,-1.97
Group2,7,straight,1,internal,13.600000000000001,-30.0,-1.97
Group2,7,straight,1,internal,13.600000000000001,-30.0,-1.98
Group2,7,straight,1,internal,13.600000000000001,-30.0,-1.97
Group2,7,straight,1,internal,13.600000000000001,-30.0,-1.97
Group2,7,straight,1,internal,13.600000000000001,-30.0,-1.97
Group2,7,straight,1,internal,13.600000000000001,-30.0,-1.97
Group2,7,straight,1,internal,13.600000000000001,-30.0,-1.97
Group2,7,straight,1,internal,13.600000000000001,-30.0,-1.97
Group2,7,straight,1,internal,13.600000000000001,-30.0,-1.97
Group2,7,straight,1,internal,13.600000000000001,-30.0,-1.97
Group2,7,straight,1,internal,13.600000000000001,-30.0,-1.97
Group2,7,straight,1,internal,13.600000000000001,-30.0,-1.97
Group2,7,straight,1,internal,13.600000000000001,-30.0,-1.96
Group2,7,straight,1,internal,13.600000000000001,-30.0,-1.97
Group2,7,straight,1,internal,13.600000000000001,-30.0,-1.97
Group2,7,straight,1,internal,13.600000000000001,-30.0,-1.97
Group2,7,left,1,internal,29.799999999999997,-35.3,-1.86
Group2,7,left,1,internal,29.799999999999997,-35.3,-1.85
Group2,7,left,1,internal,29.799999999999997,-35.3,-1.85
Group2,7,left,1,internal,29.799999999999997,-35.3,-1.85
Group2,7,left,1,internal,29.799999999999997,-35.3,-1.85
Group2,7,left,1,internal,29.799999999999997,-35.3,-1.86
Group2,7,left,1,internal,29.799999999999997,-35.3,-1.86
Group2,7,left,1,internal,29.799999999999997,-35.3,-1.86
Group2,7,left,1,internal,29.799999999999997,-35.3,-1.86
Group2,7,left,1,internal,29.799999999999997,-35.3,-1.84
Group2,7,left,1,internal,29.799999999999997,-35.3,-1.84
Group2,7,left,1,internal,29.799999999999997,-35.3,-1.85
Group2,7,left,1,internal,29.799999999999997,-35.3,-1.84
Group2,7,left,1,internal,29.799999999999997,-35.3,-1.84
Group2,7,left,1,internal,29.799999999999997,-35.3,-1.85
Group2,7,left,1,internal,29.799999999999997,-35.3,-1.85
Group2,7,left,1,internal,29.799999999999997,-35.3,-1.85
Group2,7,left,1,internal,29.799999999999997,-35.3,-1.86
Group2,7,left,1,internal,29.799999999999997,-35.3,-1.85
Group2,7,left,1,internal,29.799999999999997,-35.3,-1.85
Group2,7,left,1,internal,29.799999999999997,-35.3,-1.84
Group2,7,left,1,internal,29.799999999999997,-35.3,-1.85
Group2,7,left,1,internal,29.799999999999997,-35.3,-1.85
Group2,7,left,1,internal,29.799999999999997,-35.3,-1.86
Group2,7,left,1,internal,29.799999999999997,-35.3,-1.86
Group2,7,right,1,internal,-3.0,-42.199999999999996,-0.96
Group2,7,right,1,internal,-3.0,-42.199999999999996,-0.95
Group2,7,right,1,internal,-3.0,-42.199999999999996,-0.94
Group2,7,right,1,internal,-3.0,-42.199999999999996,-0.94
Group2,7,right,1,internal,-3.0,-42.199999999999996,-0.96
Group2,7,right,1,internal,-3.0,-42.199999999999996,-0.95
Group2,7,right,1,internal,-3.0,-42.199999999999996,-0.95
Group2,7,right,1,internal,-3.0,-42.199999999999996,-0.95
Group2,7,right,1,internal,-3.0,-42.199999999999996,-0.94
Group2,7,right,1,internal,-3.0,-42.199999999999996,-0.96
Group2,7,right,1,internal,-3.0,-42.199999999999996,-0.97
Group2,7,right,1,internal,-3.0,-42.199999999999996,-0.94
Group2,7,right,1,internal,-3.0,-42.199999999999996,-0.94
Group2,7,right,1,internal,-3.0,-42.199999999999996,-0.92
Group2,7,right,1,internal,-3.0,-42.199999999999996,-0.95
Group2,7,right,1,internal,-3.0,-42.199999999999996,-0.96
Group2,7,right,1,internal,-3.0,-42.199999999999996,-0.94
Group2,7,right,1,internal,-3.0,-42.199999999999996,-0.95
Group2,7,right,1,internal,-3.0,-42.199999999999996,-0.94
Group2,7,right,1,internal,-3.0,-42.199999999999996,-0.95
Group2,7,right,1,internal,-3.0,-42.199999999999996,-0.96
Group2,7,right,1,internal,-3.0,-42.199999999999996,-0.93
Group2,7,right,1,internal,-3.0,-42.199999999999996,-0.93
Group2,7,right,1,internal,-3.0,-42.199999999999996,-0.95
Group2,7,right,1,internal,-3.0,-42.199999999999996,-0.97
Group2,7,straight,1,internal,13.600000000000001,-30.0,-1.96
Group2,7,straight,1,internal,13.600000000000001,-30.0,-1.97
Group2,7,straight,1,internal,13.600000000000001,-30.0,-1.96
Group2,7,straight,1,internal,13.600000000000001,-30.0,-1.98
Group2,7,straight,1,internal,13.600000000000001,-30.0,-1.97
Group2,7,straight,1,internal,13.600000000000001,-30.0,-1.97
Group2,7,straight,1,internal,13.600000000000001,-30.0,-1.97
Group2,7,straight,1,internal,13.600000000000001,-30.0,-1.97
Group2,7,straight,1,internal,13.600000000000001,-30.0,-1.97
Group2,7,straight,1,internal,13.600000000000001,-30.0,-1.98
Group2,7,straight,1,internal,13.600000000000001,-30.0,-1.97
Group2,7,straight,1,internal,13.600000000000001,-30.0,-1.97
Group2,7,straight,1,internal,13.600000000000001,-30.0,-1.97
Group2,7,straight,1,internal,13.600000000000001,-30.0,-1.97
Group2,7,straight,1,internal,13.600000000000001,-30.0,-1.97
Group2,7,straight,1,internal,13.600000000000001,-30.0,-1.97
Group2,7,straight,1,internal,13.600000000000001,-30.0,-1.97
Group2,7,straight,1,internal,13.600000000000001,-30.0,-1.97
Group2,7,straight,1,internal,13.600000000000001,-30.0,-1.97
Group2,7,straight,1,internal,13.600000000000001,-30.0,-1.97
Group2,7,straight,1,internal,13.600000000000001,-30.0,-1.97
Group2,7,straight,1,internal,13.600000000000001,-30.0,-1.97
Group2,7,straight,1,internal,13.600000000000001,-30.0,-1.97
Group2,7,straight,1,internal,13.600000000000001,-30.0,-1.97
Group2,7,straight,1,internal,13.600000000000001,-30.0,-1.96
Group3,7,left,1,internal,29.799999999999997,-35.3,-1.85
Group3,7,left,1,internal,29.799999999999997,-35.3,-1.85
Group3,7,left,1,internal,29.799999999999997,-35.3,-1.84
Group3,7,left,1,internal,29.799999999999997,-35.3,-1.86
Group3,7,left,1,internal,29.799999999999997,-35.3,-1.86
Group3,7,left,1,internal,29.799999999999997,-35.3,-1.84
Group3,7,left,1,internal,29.799999999999997,-35.3,-1.86
Group3,7,left,1,internal,29.799999999999997,-35.3,-1.85
Group3,7,left,1,internal,29.799999999999997,-35.3,-1.85
Group3,7,left,1,internal,29.799999999999997,-35.3,-1.84
Group3,7,left,1,internal,29.799999999999997,-35.3,-1.85
Group3,7,left,1,internal,29.799999999999997,-35.3,-1.85
Group3,7,left,1,internal,29.799999999999997,-35.3,-1.83
Group3,7,left,1,internal,29.799999999999997,-35.3,-1.85
Group3,7,left,1,internal,29.799999999999997,-35.3,-1.83
Group3,7,left,1,internal,29.799999999999997,-35.3,-1.87
Group3,7,left,1,internal,29.799999999999997,-35.3,-1.84
Group3,7,left,1,internal,29.799999999999997,-35.3,-1.85
Group3,7,left,1,internal,29.799999999999997,-35.3,-1.86
Group3,7,left,1,internal,29.799999999999997,-35.3,-1.85
Group3,7,left,1,internal,29.799999999999997,-35.3,-1.86
Group3,7,left,1,internal,29.799999999999997,-35.3,-1.85
Group3,7,left,1,internal,29.799999999999997,-35.3,-1.86
Group3,7,left,1,internal,29.799999999999997,-35.3,-1.85
Group3,7,left,1,internal,29.799999999999997,-35.3,-1.84
Group3,7,right,1,internal,-3.0,-42.199999999999996,-0.95
Group3,7,right,1,internal,-3.0,-42.199999999999996,-0.96
Group3,7,right,1,internal,-3.0,-42.199999999999996,-0.95
Group3,7,right,1,internal,-3.0,-42.199999999999996,-0.96
Group3,7,right,1,internal,-3.0,-42.199999999999996,-0.96
Group3,7,right,1,internal,-3.0,-42.199999999999996,-0.93
Group3,7,right,1,internal,-3.0,-42.199999999999996,-0.96
Group3,7,right,1,internal,-3.0,-42.199999999999996,-0.94
Group3,7,right,1,internal,-3.0,-42.199999999999996,-0.96
Group3,7,right,1,internal,-3.0,-42.199999999999996,-0.94
Group3,7,right,1,internal,-3.0,-42.199999999999996,-0.95
Group3,7,right,1,internal,-3.0,-42.199999999999996,-0.96
Group3,7,right,1,internal,-3.0,-42.199999999999996,-0.96
Group3,7,right,1,internal,-3.0,-42.199999999999996,-0.94
Group3,7,right,1,internal,-3.0,-42.199999999999996,-0.96
Group3,7,right,1,internal,-3.0,-42.199999999999996,-0.96
Group3,7,right,1,internal,-3.0,-42.199999999999996,-0.94
Group3,7,right,1,internal,-3.0,-42.199999999999996,-0.96
Group3,7,right,1,internal,-3.0,-42.199999999999996,-0.96
Group3,7,right,1,internal,-3.0,-42.199999999999996,-0.95
Group3,7,right,1,internal,-3.0,-42.199999999999996,-0.95
Group3,7,right,1,internal,-3.0,-42.199999999999996,-0.96
Group3,7,right,1,internal,-3.0,-42.199999999999996,-0.95
Group3,7,right,1,internal,-3.0,-42.199999999999996,-0.96
Group3,7,right,1,internal,-3.0,-42.199999999999996,-0.93
Group3,7,straight,1,internal,13.600000000000001,-30.0,-1.97
Group3,7,straight,1,internal,13.600000000000001,-30.0,-1.97
Group3,7,straight,1,internal,13.600000000000001,-30.0,-1.97
Group3,7,straight,1,internal,13.600000000000001,-30.0,-1.97
Group3,7,straight,1,internal,13.600000000000001,-30.0,-1.98
Group3,7,straight,1,internal,13.600000000000001,-30.0,-1.97
Group3,7,straight,1,internal,13.600000000000001,-30.0,-1.97
Group3,7,straight,1,internal,13.600000000000001,-30.0,-1.96
Group3,7,straight,1,internal,13.600000000000001,-30.0,-1.97
Group3,7,straight,1,internal,13.600000000000001,-30.0,-1.97
Group3,7,straight,1,internal,13.600000000000001,-30.0,-1.97
Group3,7,straight,1,internal,13.600000000000001,-30.0,-1.97
Group3,7,straight,1,internal,13.600000000000001,-30.0,-1.97
Group3,7,straight,1,internal,13.600000000000001,-30.0,-1.97
Group3,7,straight,1,internal,13.600000000000001,-30.0,-1.97
Group3,7,straight,1,internal,13.600000000000001,-30.0,-1.97
Group3,7,straight,1,internal,13.600000000000001,-30.0,-1.96
Group3,7,straight,1,internal,13.600000000000001,-30.0,-1.97
Group3,7,straight,1,internal,13.600000000000001,-30.0,-1.97
Group3,7,straight,1,internal,13.600000000000001,-30.0,-1.97
Group3,7,straight,1,internal,13.600000000000001,-30.0,-1.97
Group3,7,straight,1,internal,13.600000000000001,-30.0,-1.97
Group3,7,straight,1,internal,13.600000000000001,-30.0,-1.98
Group3,7,straight,1,internal,13.600000000000001,-30.0,-1.97
Group3,7,left,1,internal,29.799999999999997,-35.3,-1.86
Group3,7,left,1,internal,29.799999999999997,-35.3,-1.86
Group3,7,left,1,internal,29.799999999999997,-35.3,-1.86
Group3,7,left,1,internal,29.799999999999997,-35.3,-1.85
Group3,7,left,1,internal,29.799999999999997,-35.3,-1.85
Group3,7,left,1,internal,29.799999999999997,-35.3,-1.86
Group3,7,left,1,internal,29.799999999999997,-35.3,-1.84
Group3,7,left,1,internal,29.799999999999997,-35.3,-1.86
Group3,7,left,1,internal,29.799999999999997,-35.3,-1.85
Group3,7,left,1,internal,29.799999999999997,-35.3,-1.87
Group3,7,left,1,internal,29.799999999999997,-35.3,-1.85
Group3,7,left,1,internal,29.799999999999997,-35.3,-1.87
Group3,7,left,1,internal,29.799999999999997,-35.3,-1.84
Group3,7,left,1,internal,29.799999999999997,-35.3,-1.84
Group3,7,left,1,internal,29.799999999999997,-35.3,-1.85
Group3,7,left,1,internal,29.799999999999997,-35.3,-1.86
Group3,7,left,1,internal,29.799999999999997,-35.3,-1.85
Group3,7,left,1,internal,29.799999999999997,-35.3,-1.85
Group3,7,left,1,internal,29.799999999999997,-35.3,-1.86
Group3,7,left,1,internal,29.799999999999997,-35.3,-1.85
Group3,7,left,1,internal,29.799999999999997,-35.3,-1.86
Group3,7,left,1,internal,29.799999999999997,-35.3,-1.86
Group3,7,left,1,internal,29.799999999999997,-35.3,-1.85
Group3,7,left,1,internal,29.799999999999997,-35.3,-1.86
Group3,7,left,1,internal,29.799999999999997,-35.3,-1.87
Group3,7,right,1,internal,-3.0,-42.199999999999996,-0.94
Group3,7,right,1,internal,-3.0,-42.199999999999996,-0.96
Group3,7,right,1,internal,-3.0,-42.199999999999996,-0.96
Group3,7,right,1,internal,-3.0,-42.199999999999996,-0.96
Group3,7,right,1,internal,-3.0,-42.199999999999996,-0.95
Group3,7,right,1,internal,-3.0,-42.199999999999996,-0.95
Group3,7,right,1,internal,-3.0,-42.199999999999996,-0.96
Group3,7,right,1,internal,-3.0,-42.199999999999996,-0.94
Group3,7,right,1,internal,-3.0,-42.199999999999996,-0.95
Group3,7,right,1,internal,-3.0,-42.199999999999996,-0.95
Group3,7,right,1,internal,-3.0,-42.199999999999996,-0.96
Group3,7,right,1,internal,-3.0,-42.199999999999996,-0.94
Group3,7,right,1,internal,-3.0,-42.199999999999996,-0.93
Group3,7,right,1,internal,-3.0,-42.199999999999996,-0.95
Group3,7,right,1,internal,-3.0,-42.199999999999996,-0.96
Group3,7,right,1,internal,-3.0,-42.199999999999996,-0.96
Group3,7,right,1,internal,-3.0,-42.199999999999996,-0.96
Group3,7,right,1,internal,-3.0,-42.199999999999996,-0.95
Group3,7,right,1,internal,-3.0,-42.199999999999996,-0.94
Group3,7,right,1,internal,-3.0,-42.199999999999996,-0.96
Group3,7,right,1,internal,-3.0,-42.199999999999996,-0.94
Group3,7,right,1,internal,-3.0,-42.199999999999996,-0.95
Group3,7,right,1,internal,-3.0,-42.199999999999996,-0.95
Group3,7,right,1,internal,-3.0,-42.199999999999996,-0.95
Group3,7,right,1,internal,-3.0,-42.199999999999996,-0.94
Group3,7,straight,1,internal,13.600000000000001,-30.0,-1.97
Group3,7,straight,1,internal,13.600000000000001,-30.0,-1.97
Group3,7,straight,1,internal,13.600000000000001,-30.0,-1.97
Group3,7,straight,1,internal,13.600000000000001,-30.0,-1.97
Group3,7,straight,1,internal,13.600000000000001,-30.0,-1.97
Group3,7,straight,1,internal,13.600000000000001,-30.0,-1.97
Group3,7,straight,1,internal,13.600000000000001,-30.0,-1.97
Group3,7,straight,1,internal,13.600000000000001,-30.0,-1.97
Group3,7,straight,1,internal,13.600000000000001,-30.0,-1.97
Group3,7,straight,1,internal,13.600000000000001,-30.0,-1.97
Group3,7,straight,1,internal,13.600000000000001,-30.0,-1.96
Group3,7,straight,1,internal,13.600000000000001,-30.0,-1.97
Group3,7,straight,1,internal,13.600000000000001,-30.0,-1.97
Group3,7,straight,1,internal,13.600000000000001,-30.0,-1.97
Group3,7,straight,1,internal,13.600000000000001,-30.0,-1.97
Group3,7,straight,1,internal,13.600000000000001,-30.0,-1.97
Group3,7,straight,1,internal,13.600000000000001,-30.0,-1.97
Group3,7,straight,1,internal,13.600000000000001,-30.0,-1.97
Group3,7,straight,1,internal,13.600000000000001,-30.0,-1.98
Group3,7,straight,1,internal,13.600000000000001,-30.0,-1.97
Group3,7,straight,1,internal,13.600000000000001,-30.0,-1.97
Group3,7,straight,1,internal,13.600000000000001,-30.0,-1.97
Group3,7,straight,1,internal,13.600000000000001,-30.0,-1.97
Group3,7,straight,1,internal,13.600000000000001,-30.0,-1.97
Group3,7,straight,1,internal,13.600000000000001,-30.0,-1.97
Group3,7,left,1,internal,29.799999999999997,-35.3,-1.85
Group3,7,left,1,internal,29.799999999999997,-35.3,-1.85
Group3,7,left,1,internal,29.799999999999997,-35.3,-1.86
Group3,7,left,1,internal,29.799999999999997,-35.3,-1.87
Group3,7,left,1,internal,29.799999999999997,-35.3,-1.85
Group3,7,left,1,internal,29.799999999999997,-35.3,-1.86
Group3,7,left,1,internal,29.799999999999997,-35.3,-1.84
Group3,7,left,1,internal,29.799999999999997,-35.3,-1.9
Group3,7,left,1,internal,29.799999999999997,-35.3,-1.85
Group3,7,left,1,internal,29.799999999999997,-35.3,-1.86
Group3,7,left,1,internal,29.799999999999997,-35.3,-1.85
Group3,7,left,1,internal,29.799999999999997,-35.3,-1.85
Group3,7,left,1,internal,29.799999999999997,-35.3,-1.85
Group3,7,left,1,internal,29.799999999999997,-35.3,-1.85
Group3,7,left,1,internal,29.799999999999997,-35.3,-1.84
Group3,7,left,1,internal,29.799999999999997,-35.3,-1.86
Group3,7,left,1,internal,29.799999999999997,-35.3,-1.85
Group3,7,left,1,internal,29.799999999999997,-35.3,-1.86
Group3,7,left,1,internal,29.799999999999997,-35.3,-1.87
Group3,7,left,1,internal,29.799999999999997,-35.3,-1.87
Group3,7,left,1,internal,29.799999999999997,-35.3,-1.84
Group3,7,left,1,internal,29.799999999999997,-35.3,-1.87
Group3,7,left,1,internal,29.799999999999997,-35.3,-1.85
Group3,7,left,1,internal,29.799999999999997,-35.3,-1.85
Group3,7,left,1,internal,29.799999999999997,-35.3,-1.85
Group3,7,right,1,internal,-3.0,-42.199999999999996,-0.94
Group3,7,right,1,internal,-3.0,-42.199999999999996,-0.95
Group3,7,right,1,internal,-3.0,-42.199999999999996,-0.94
Group3,7,right,1,internal,-3.0,-42.199999999999996,-0.96
Group3,7,right,1,internal,-3.0,-42.199999999999996,-0.97
Group3,7,right,1,internal,-3.0,-42.199999999999996,-0.95
Group3,7,right,1,internal,-3.0,-42.199999999999996,-0.95
Group3,7,right,1,internal,-3.0,-42.199999999999996,-0.96
Group3,7,right,1,internal,-3.0,-42.199999999999996,-0.95
Group3,7,right,1,internal,-3.0,-42.199999999999996,-0.96
Group3,7,right,1,internal,-3.0,-42.199999999999996,-0.95
Group3,7,right,1,internal,-3.0,-42.199999999999996,-0.96
Group3,7,right,1,internal,-3.0,-42.199999999999996,-0.97
Group3,7,right,1,internal,-3.0,-42.199999999999996,-0.94
Group3,7,right,1,internal,-3.0,-42.199999999999996,-0.94
Group3,7,right,1,internal,-3.0,-42.199999999999996,-0.95
Group3,7,right,1,internal,-3.0,-42.199999999999996,-0.96
Group3,7,right,1,internal,-3.0,-42.199999999999996,-0.96
Group3,7,right,1,internal,-3.0,-42.199999999999996,-0.94
Group3,7,right,1,internal,-3.0,-42.199999999999996,-0.94
Group3,7,right,1,internal,-3.0,-42.199999999999996,-0.94
Group3,7,right,1,internal,-3.0,-42.199999999999996,-0.94
Group3,7,right,1,internal,-3.0,-42.199999999999996,-0.96
Group3,7,right,1,internal,-3.0,-42.199999999999996,-0.96
Group3,7,right,1,internal,-3.0,-42.199999999999996,-0.94
Group3,7,straight,1,internal,13.600000000000001,-30.0,-1.97
Group3,7,straight,1,internal,13.600000000000001,-30.0,-1.97
Group3,7,straight,1,internal,13.600000000000001,-30.0,-1.97
Group3,7,straight,1,internal,13.600000000000001,-30.0,-1.97
Group3,7,straight,1,internal,13.600000000000001,-30.0,-1.97
Group3,7,straight,1,internal,13.600000000000001,-30.0,-1.98
Group3,7,straight,1,internal,13.600000000000001,-30.0,-1.97
Group3,7,straight,1,internal,13.600000000000001,-30.0,-1.97
Group3,7,straight,1,internal,13.600000000000001,-30.0,-1.97
Group3,7,straight,1,internal,13.600000000000001,-30.0,-1.96
Group3,7,straight,1,internal,13.600000000000001,-30.0,-1.97
Group3,7,straight,1,internal,13.600000000000001,-30.0,-1.97
Group3,7,straight,1,internal,13.600000000000001,-30.0,-1.96
Group3,7,straight,1,internal,13.600000000000001,-30.0,-1.97
Group3,7,straight,1,internal,13.600000000000001,-30.0,-1.97
Group3,7,straight,1,internal,13.600000000000001,-30.0,-1.97
Group3,7,straight,1,internal,13.600000000000001,-30.0,-1.97
Group3,7,straight,1,internal,13.600000000000001,-30.0,-1.97
Group3,7,straight,1,internal,13.600000000000001,-30.0,-1.97
Group3,7,straight,1,internal,13.600000000000001,-30.0,-1.97
Group3,7,straight,1,internal,13.600000000000001,-30.0,-1.97
Group3,7,straight,1,internal,13.600000000000001,-30.0,-1.97
Group3,7,straight,1,internal,13.600000000000001,-30.0,-1.97
Group3,7,straight,1,internal,13.600000000000001,-30.0,-1.97
Group3,7,straight,1,internal,13.600000000000001,-30.0,-1.97
Group4,7,left,1,internal,29.799999999999997,-35.3,-1.86
Group4,7,left,1,internal,29.799999999999997,-35.3,-1.85
Group4,7,left,1,internal,29.799999999999997,-35.3,-1.85
Group4,7,left,1,internal,29.799999999999997,-35.3,-1.85
Group4,7,left,1,internal,29.799999999999997,-35.3,-1.86
Group4,7,left,1,internal,29.799999999999997,-35.3,-1.85
Group4,7,left,1,internal,29.799999999999997,-35.3,-1.85
Group4,7,left,1,internal,29.799999999999997,-35.3,-1.84
Group4,7,left,1,internal,29.799999999999997,-35.3,-1.86
Group4,7,left,1,internal,29.799999999999997,-35.3,-1.85
Group4,7,left,1,internal,29.799999999999997,-35.3,-1.86
Group4,7,left,1,internal,29.799999999999997,-35.3,-1.85
Group4,7,left,1,internal,29.799999999999997,-35.3,-1.86
Group4,7,left,1,internal,29.799999999999997,-35.3,-1.85
Group4,7,left,1,internal,29.799999999999997,-35.3,-1.85
Group4,7,left,1,internal,29.799999999999997,-35.3,-1.85
Group4,7,left,1,internal,29.799999999999997,-35.3,-1.83
Group4,7,left,1,internal,29.799999999999997,-35.3,-1.86
Group4,7,left,1,internal,29.799999999999997,-35.3,-1.86
Group4,7,left,1,internal,29.799999999999997,-35.3,-1.85
Group4,7,left,1,internal,29.799999999999997,-35.3,-1.85
Group4,7,left,1,internal,29.799999999999997,-35.3,-1.83
Group4,7,left,1,internal,29.799999999999997,-35.3,-1.85
Group4,7,left,1,internal,29.799999999999997,-35.3,-1.85
Group4,7,left,1,internal,29.799999999999997,-35.3,-1.86
Group4,7,right,1,internal,-3.0,-42.199999999999996,-0.95
Group4,7,right,1,internal,-3.0,-42.199999999999996,-0.96
Group4,7,right,1,internal,-3.0,-42.199999999999996,-0.94
Group4,7,right,1,internal,-3.0,-42.199999999999996,-0.94
Group4,7,right,1,internal,-3.0,-42.199999999999996,-0.95
Group4,7,right,1,internal,-3.0,-42.199999999999996,-0.97
Group4,7,right,1,internal,-3.0,-42.199999999999996,-0.94
Group4,7,right,1,internal,-3.0,-42.199999999999996,-0.95
Group4,7,right,1,internal,-3.0,-42.199999999999996,-0.97
Group4,7,right,1,internal,-3.0,-42.199999999999996,-0.94
Group4,7,right,1,internal,-3.0,-42.199999999999996,-0.94
Group4,7,right,1,internal,-3.0,-42.199999999999996,-0.96
Group4,7,right,1,internal,-3.0,-42.199999999999996,-0.95
Group4,7,right,1,internal,-3.0,-42.199999999999996,-0.96
Group4,7,right,1,internal,-3.0,-42.199999999999996,-0.95
Group4,7,right,1,internal,-3.0,-42.199999999999996,-0.94
Group4,7,right,1,internal,-3.0,-42.199999999999996,-0.95
Group4,7,right,1,internal,-3.0,-42.199999999999996,-0.96
Group4,7,right,1,internal,-3.0,-42.199999999999996,-0.96
Group4,7,right,1,internal,-3.0,-42.199999999999996,-0.95
Group4,7,right,1,internal,-3.0,-42.199999999999996,-0.96
Group4,7,right,1,internal,-3.0,-42.199999999999996,-0.95
Group4,7,right,1,internal,-3.0,-42.199999999999996,-0.94
Group4,7,right,1,internal,-3.0,-42.199999999999996,-0.97
Group4,7,right,1,internal,-3.0,-42.199999999999996,-0.95
Group4,7,straight,1,internal,13.600000000000001,-30.0,-1.97
Group4,7,straight,1,internal,13.600000000000001,-30.0,-1.97
Group4,7,straight,1,internal,13.600000000000001,-30.0,-1.97
Group4,7,straight,1,internal,13.600000000000001,-30.0,-1.97
Group4,7,straight,1,internal,13.600000000000001,-30.0,-1.97
Group4,7,straight,1,internal,13.600000000000001,-30.0,-1.97
Group4,7,straight,1,internal,13.600000000000001,-30.0,-1.97
Group4,7,straight,1,internal,13.600000000000001,-30.0,-1.97
Group4,7,straight,1,internal,13.600000000000001,-30.0,-1.97
Group4,7,straight,1,internal,13.600000000000001,-30.0,-1.97
Group4,7,straight,1,internal,13.600000000000001,-30.0,-1.97
Group4,7,straight,1,internal,13.600000000000001,-30.0,-1.97
Group4,7,straight,1,internal,13.600000000000001,-30.0,-1.97
Group4,7,straight,1,internal,13.600000000000001,-30.0,-1.97
Group4,7,straight,1,internal,13.600000000000001,-30.0,-1.97
Group4,7,straight,1,internal,13.600000000000001,-30.0,-1.97
Group4,7,straight,1,internal,13.600000000000001,-30.0,-1.97
Group4,7,straight,1,internal,13.600000000000001,-30.0,-1.97
Group4,7,straight,1,internal,13.600000000000001,-30.0,-1.97
Group4,7,straight,1,internal,13.600000000000001,-30.0,-1.97
Group4,7,straight,1,internal,13.600000000000001,-30.0,-1.97
Group4,7,straight,1,internal,13.600000000000001,-30.0,-1.97
Group4,7,straight,1,internal,13.600000000000001,-30.0,-1.97
Group4,7,straight,1,internal,13.600000000000001,-30.0,-1.97
Group4,7,straight,1,internal,13.600000000000001,-30.0,-1.97
Group4,7,left,1,internal,29.799999999999997,-35.3,-1.85
Group4,7,left,1,internal,29.799999999999997,-35.3,-1.86
Group4,7,left,1,internal,29.799999999999997,-35.3,-1.84
Group4,7,left,1,internal,29.799999999999997,-35.3,-1.85
Group4,7,left,1,internal,29.799999999999997,-35.3,-1.85
Group4,7,left,1,internal,29.799999999999997,-35.3,-1.84
Group4,7,left,1,internal,29.799999999999997,-35.3,-1.86
Group4,7,left,1,internal,29.799999999999997,-35.3,-1.85
Group4,7,left,1,internal,29.799999999999997,-35.3,-1.85
Group4,7,left,1,internal,29.799999999999997,-35.3,-1.87
Group4,7,left,1,internal,29.799999999999997,-35.3,-1.85
Group4,7,left,1,internal,29.799999999999997,-35.3,-1.84
Group4,7,left,1,internal,29.799999999999997,-35.3,-1.85
Group4,7,left,1,internal,29.799999999999997,-35.3,-1.84
Group4,7,left,1,internal,29.799999999999997,-35.3,-1.85
Group4,7,left,1,internal,29.799999999999997,-35.3,-1.85
Group4,7,left,1,internal,29.799999999999997,-35.3,-1.87
Group4,7,left,1,internal,29.799999999999997,-35.3,-1.85
Group4,7,left,1,internal,29.799999999999997,-35.3,-1.84
Group4,7,left,1,internal,29.799999999999997,-35.3,-1.84
Group4,7,left,1,internal,29.799999999999997,-35.3,-1.87
Group4,7,left,1,internal,29.799999999999997,-35.3,-1.86
Group4,7,left,1,internal,29.799999999999997,-35.3,-1.83
Group4,7,left,1,internal,29.799999999999997,-35.3,-1.87
Group4,7,left,1,internal,29.799999999999997,-35.3,-1.84
Group4,7,right,1,internal,-3.0,-42.199999999999996,-0.95
Group4,7,right,1,internal,-3.0,-42.199999999999996,-0.98
Group4,7,right,1,internal,-3.0,-42.199999999999996,-0.94
Group4,7,right,1,internal,-3.0,-42.199999999999996,-0.94
Group4,7,right,1,internal,-3.0,-42.199999999999996,-0.95
Group4,7,right,1,internal,-3.0,-42.199999999999996,-0.94
Group4,7,right,1,internal,-3.0,-42.199999999999996,-0.95
Group4,7,right,1,internal,-3.0,-42.199999999999996,-0.95
Group4,7,right,1,internal,-3.0,-42.199999999999996,-0.94
Group4,7,right,1,internal,-3.0,-42.199999999999996,-0.94
Group4,7,right,1,internal,-3.0,-42.199999999999996,-0.95
Group4,7,right,1,internal,-3.0,-42.199999999999996,-0.96
Group4,7,right,1,internal,-3.0,-42.199999999999996,-0.96
Group4,7,right,1,internal,-3.0,-42.199999999999996,-0.94
Group4,7,right,1,internal,-3.0,-42.199999999999996,-0.94
Group4,7,right,1,internal,-3.0,-42.199999999999996,-0.97
Group4,7,right,1,internal,-3.0,-42.199999999999996,-0.94
Group4,7,right,1,internal,-3.0,-42.199999999999996,-0.94
Group4,7,right,1,internal,-3.0,-42.199999999999996,-0.94
Group4,7,right,1,internal,-3.0,-42.199999999999996,-0.96
Group4,7,right,1,internal,-3.0,-42.199999999999996,-0.94
Group4,7,right,1,internal,-3.0,-42.199999999999996,-0.94
Group4,7,right,1,internal,-3.0,-42.199999999999996,-0.95
Group4,7,right,1,internal,-3.0,-42.199999999999996,-0.98
Group4,7,right,1,internal,-3.0,-42.199999999999996,-0.94
Group4,7,straight,1,internal,13.600000000000001,-30.0,-1.97
Group4,7,straight,1,internal,13.600000000000001,-30.0,-1.97
Group4,7,straight,1,internal,13.600000000000001,-30.0,-1.97
Group4,7,straight,1,internal,13.600000000000001,-30.0,-1.97
Group4,7,straight,1,internal,13.600000000000001,-30.0,-1.97
Group4,7,straight,1,internal,13.600000000000001,-30.0,-1.97
Group4,7,straight,1,internal,13.600000000000001,-30.0,-1.97
Group4,7,straight,1,internal,13.600000000000001,-30.0,-1.97
Group4,7,straight,1,internal,13.600000000000001,-30.0,-1.97
Group4,7,straight,1,internal,13.600000000000001,-30.0,-1.97
Group4,7,straight,1,internal,13.600000000000001,-30.0,-1.97
Group4,7,straight,1,internal,13.600000000000001,-30.0,-1.97
Group4,7,straight,1,internal,13.600000000000001,-30.0,-1.98
Group4,7,straight,1,internal,13.600000000000001,-30.0,-1.98
Group4,7,straight,1,internal,13.600000000000001,-30.0,-1.97
Group4,7,straight,1,internal,13.600000000000001,-30.0,-1.96
Group4,7,straight,1,internal,13.600000000000001,-30.0,-1.97
Group4,7,straight,1,internal,13.600000000000001,-30.0,-1.97
Group4,7,straight,1,internal,13.600000000000001,-30.0,-1.97
Group4,7,straight,1,internal,13.600000000000001,-30.0,-1.97
Group4,7,straight,1,internal,13.600000000000001,-30.0,-1.97
Group4,7,straight,1,internal,13.600000000000001,-30.0,-1.97
Group4,7,straight,1,internal,13.600000000000001,-30.0,-1.97
Group4,7,straight,1,internal,13.600000000000001,-30.0,-1.97
Group4,7,straight,1,internal,13.600000000000001,-30.0,-1.97
Group4,7,left,1,internal,29.799999999999997,-35.3,-1.86
Group4,7,left,1,internal,29.799999999999997,-35.3,-1.84
Group4,7,left,1,internal,29.799999999999997,-35.3,-1.85
Group4,7,left,1,internal,29.799999999999997,-35.3,-1.85
Group4,7,left,1,internal,29.799999999999997,-35.3,-1.85
Group4,7,left,1,internal,29.799999999999997,-35.3,-1.84
Group4,7,left,1,internal,29.799999999999997,-35.3,-1.84
Group4,7,left,1,internal,29.799999999999997,-35.3,-1.84
Group4,7,left,1,internal,29.799999999999997,-35.3,-1.84
Group4,7,left,1,internal,29.799999999999997,-35.3,-1.86
Group4,7,left,1,internal,29.799999999999997,-35.3,-1.84
Group4,7,left,1,internal,29.799999999999997,-35.3,-1.85
Group4,7,left,1,internal,29.799999999999997,-35.3,-1.85
Group4,7,left,1,internal,29.799999999999997,-35.3,-1.85
Group4,7,left,1,internal,29.799999999999997,-35.3,-1.86
Group4,7,left,1,internal,29.799999999999997,-35.3,-1.85
Group4,7,left,1,internal,29.799999999999997,-35.3,-1.85
Group4,7,left,1,internal,29.799999999999997,-35.3,-1.85
Group4,7,left,1,internal,29.799999999999997,-35.3,-1.85
Group4,7,left,1,internal,29.799999999999997,-35.3,-1.85
Group4,7,left,1,internal,29.799999999999997,-35.3,-1.87
Group4,7,left,1,internal,29.799999999999997,-35.3,-1.86
Group4,7,left,1,internal,29.799999999999997,-35.3,-1.85
Group4,7,left,1,internal,29.799999999999997,-35.3,-1.85
Group4,7,left,1,internal,29.799999999999997,-35.3,-1.85
Group4,7,right,1,internal,-3.0,-42.199999999999996,-0.95
Group4,7,right,1,internal,-3.0,-42.199999999999996,-0.97
Group4,7,right,1,internal,-3.0,-42.199999999999996,-0.95
Group4,7,right,1,internal,-3.0,-42.199999999999996,-0.96
Group4,7,right,1,internal,-3.0,-42.199999999999996,-0.93
Group4,7,right,1,internal,-3.0,-42.199999999999996,-0.95
Group4,7,right,1,internal,-3.0,-42.199999999999996,-0.96
Group4,7,right,1,internal,-3.0,-42.199999999999996,-0.95
Group4,7,right,1,internal,-3.0,-42.199999999999996,-0.97
Group4,7,right,1,internal,-3.0,-42.199999999999996,-0.95
Group4,7,right,1,internal,-3.0,-42.199999999999996,-0.95
Group4,7,right,1,internal,-3.0,-42.199999999999996,-0.97
Group4,7,right,1,internal,-3.0,-42.199999999999996,-0.95
Group4,7,right,1,internal,-3.0,-42.199999999999996,-0.95
Group4,7,right,1,internal,-3.0,-42.199999999999996,-0.94
Group4,7,right,1,internal,-3.0,-42.199999999999996,-0.95
Group4,7,right,1,internal,-3.0,-42.199999999999996,-0.94
Group4,7,right,1,internal,-3.0,-42.199999999999996,-0.95
Group4,7,right,1,internal,-3.0,-42.199999999999996,-0.93
Group4,7,right,1,internal,-3.0,-42.199999999999996,-0.95
Group4,7,right,1,internal,-3.0,-42.199999999999996,-0.95
Group4,7,right,1,internal,-3.0,-42.199999999999996,-0.96
Group4,7,right,1,internal,-3.0,-42.199999999999996,-0.95
Group4,7,right,1,internal,-3.0,-42.199999999999996,-0.96
Group4,7,right,1,internal,-3.0,-42.199999999999996,-0.96
Group4,7,straight,1,internal,13.600000000000001,-30.0,-1.98
Group4,7,straight,1,internal,13.600000000000001,-30.0,-1.97
Group4,7,straight,1,internal,13.600000000000001,-30.0,-1.98
Group4,7,straight,1,internal,13.600000000000001,-30.0,-1.97
Group4,7,straight,1,internal,13.600000000000001,-30.0,-1.97
Group4,7,straight,1,internal,13.600000000000001,-30.0,-1.97
Group4,7,straight,1,internal,13.600000000000001,-30.0,-1.97
Group4,7,straight,1,internal,13.600000000000001,-30.0,-1.97
Group4,7,straight,1,internal,13.600000000000001,-30.0,-1.97
Group4,7,straight,1,internal,13.600000000000001,-30.0,-1.97
Group4,7,straight,1,internal,13.600000000000001,-30.0,-1.97
Group4,7,straight,1,internal,13.600000000000001,-30.0,-1.97
Group4,7,straight,1,internal,13.600000000000001,-30.0,-1.97
Group4,7,straight,1,internal,13.600000000000001,-30.0,-1.97
Group4,7,straight,1,internal,13.600000000000001,-30.0,-1.97
Group4,7,straight,1,internal,13.600000000000001,-30.0,-1.97
Group4,7,straight,1,internal,13.600000000000001,-30.0,-1.97
Group4,7,straight,1,internal,13.600000000000001,-30.0,-1.97
Group4,7,straight,1,internal,13.600000000000001,-30.0,-1.97
Group4,7,straight,1,internal,13.600000000000001,-30.0,-1.97
Group4,7,straight,1,internal,13.600000000000001,-30.0,-1.97
Group4,7,straight,1,internal,13.600000000000001,-30.0,-1.97
Group4,7,straight,1,internal,13.600000000000001,-30.0,-1.97
Group4,7,straight,1,internal,13.600000000000001,-30.0,-1.96
Group4,7,straight,1,internal,13.600000000000001,-30.0,-1.97
