Format Version,1.25,Take Name,Take 2025-11-27 04.45.03 PM,Take Notes,,Capture Frame Rate,120.000000,Export Frame Rate,120.000000,Capture Start Time,2025-11-27 04.45.04.496 PM,Capture Start Frame,2459086,Total Frames in Take,1605,Total Exported Frames,1605,Rotation Type,Quaternion,Length Units,Centimeters,Coordinate Space,Global

,Type,Rigid Body,Rigid Body,Rigid Body,Rigid Body,Rigid Body,Rigid Body,Rigid Body
,Name,SEE_large,SEE_large,SEE_large,SEE_large,SEE_large,SEE_large,SEE_large
,ID,B4680608301811F031C44B617C10C291,B4680608301811F031C44B617C10C291,B4680608301811F031C44B617C10C291,B4680608301811F031C44B617C10C291,B4680608301811F031C44B617C10C291,B4680608301811F031C44B617C10C291,B4680608301811F031C44B617C10C291
,Parent,,,,,,,
,,Rotation,Rotation,Rotation,Rotation,Position,Position,Position
Frame,Time (Seconds),X,Y,Z,W,X,Y,Z
0,0.000000,0.006431,0.932061,0.023074,0.361508,-215.066437,92.184593,84.163002
1,0.008333,0.006403,0.932080,0.022995,0.361464,-215.066406,92.183784,84.163918
2,0.016667,0.006420,0.932075,0.022910,0.361483,-215.067673,92.185493,84.162758
3,0.025000,0.006432,0.932063,0.022968,0.361509,-215.068222,92.184517,84.162392
4,0.033333,0.006663,0.932068,0.022852,0.361501,-215.069748,92.185883,84.160759
5,0.041667,0.006691,0.932054,0.022869,0.361535,-215.071655,92.185318,84.159637
6,0.050000,0.006545,0.932055,0.022950,0.361529,-215.073318,92.184769,84.159203
7,0.058333,0.006505,0.932034,0.022985,0.361583,-215.074127,92.184288,84.159256
8,0.066667,0.006474,0.932043,0.023004,0.361558,-215.074615,92.184860,84.159286
9,0.075000,0.006552,0.932036,0.023068,0.361571,-215.074844,92.183739,84.160789
10,0.083333,0.006598,0.932045,0.022965,0.361553,-215.074707,92.185081,84.160278
11,0.091667,0.006631,0.932048,0.022925,0.361548,-215.074234,92.184982,84.161079
12,0.100000,0.006591,0.932070,0.022947,0.361491,-215.074158,92.185066,84.161110
13,0.108333,0.006677,0.932062,0.022923,0.361512,-215.073730,92.184715,84.161400
14,0.116667,0.006600,0.932033,0.022957,0.361586,-215.073090,92.184303,84.161324
15,0.125000,0.006530,0.932064,0.022963,0.361507,-215.072113,92.183311,84.162567
16,0.133333,0.006597,0.932058,0.022794,0.361532,-215.071533,92.184105,84.163956
17,0.141667,0.006542,0.932061,0.022841,0.361522,-215.070343,92.184227,84.164902
18,0.150000,0.006528,0.932079,0.022828,0.361477,-215.069794,92.183945,84.165894
19,0.158333,0.006539,0.932100,0.022947,0.361415,-215.069962,92.185303,84.167931
20,0.166667,0.006503,0.932073,0.022876,0.361488,-215.069031,92.184631,84.167938
21,0.175000,0.006474,0.932102,0.022972,0.361409,-215.065933,92.183426,84.171501
22,0.183333,0.005718,0.932185,0.022875,0.361213,-215.074341,92.191017,84.161392
23,0.191667,0.005208,0.932340,0.023015,0.360812,-215.072495,92.194748,84.156189
24,0.200000,0.005047,0.932416,0.022865,0.360627,-215.069397,92.200996,84.153732
25,0.208333,0.004837,0.932412,0.022781,0.360646,-215.066605,92.202850,84.153381
26,0.216667,0.005002,0.932408,0.022785,0.360654,-215.065582,92.201363,84.155754
27,0.225000,0.005244,0.932374,0.022867,0.360733,-215.066452,92.198769,84.156372
28,0.233333,0.005440,0.932350,0.022911,0.360788,-215.068268,92.196167,84.158752
29,0.241667,0.005688,0.932301,0.022919,0.360911,-215.069763,92.193588,84.161369
30,0.250000,0.005966,0.932262,0.022911,0.361008,-215.070160,92.190758,84.164490
31,0.258333,0.006113,0.932234,0.022999,0.361072,-215.071533,92.189148,84.166283
32,0.266667,0.006102,0.932225,0.022917,0.361103,-215.072220,92.188522,84.167732
33,0.275000,0.006245,0.932216,0.022981,0.361118,-215.071396,92.186806,84.169014
34,0.283333,0.006248,0.932209,0.022962,0.361137,-215.071777,92.186409,84.170380
35,0.291667,0.006288,0.932197,0.022966,0.361167,-215.070969,92.185387,84.170517
36,0.300000,0.006310,0.932204,0.022959,0.361149,-215.070847,92.185303,84.171440
37,0.308333,0.006732,0.932184,0.022981,0.361193,-215.069412,92.182449,84.174522
38,0.316667,0.006747,0.932135,0.023030,0.361314,-215.068176,92.181435,84.177795
39,0.325000,0.006819,0.932120,0.023013,0.361353,-215.067627,92.181969,84.180222
40,0.333333,0.006871,0.932078,0.022907,0.361466,-215.063232,92.182487,84.185585
41,0.341667,0.006670,0.932096,0.022887,0.361425,-215.059799,92.184258,84.186005
42,0.350000,0.006532,0.932108,0.022880,0.361397,-215.057297,92.185783,84.184334
43,0.358333,0.006434,0.932132,0.022895,0.361338,-215.055206,92.186493,84.184196
44,0.366667,0.006352,0.932127,0.022857,0.361355,-215.054443,92.187843,84.182938
45,0.375000,0.006342,0.932144,0.022821,0.361312,-215.053635,92.187653,84.183601
46,0.383333,0.006473,0.932136,0.022776,0.361334,-215.053268,92.187462,84.183296
47,0.391667,0.006589,0.932136,0.022785,0.361331,-215.053726,92.188095,84.183228
48,0.400000,0.006565,0.932133,0.022770,0.361340,-215.054321,92.187859,84.183273
49,0.408333,0.006660,0.932124,0.022801,0.361359,-215.053802,92.186127,84.184540
50,0.416667,0.006748,0.932124,0.022813,0.361356,-215.053772,92.185341,84.185883
51,0.425000,0.006539,0.932139,0.022742,0.361327,-215.054749,92.186066,84.185448
52,0.433333,0.006380,0.932115,0.022882,0.361382,-215.055222,92.186089,84.184357
53,0.441667,0.006522,0.932112,0.022899,0.361387,-215.055054,92.185303,84.186287
54,0.450000,0.006487,0.932130,0.022964,0.361336,-215.055710,92.184898,84.187492
55,0.458333,0.006345,0.932127,0.022963,0.361347,-215.056610,92.185471,84.187820
56,0.466667,0.006470,0.932119,0.022986,0.361365,-215.057419,92.185188,84.188705
57,0.475000,0.006533,0.932112,0.022946,0.361383,-215.057037,92.184563,84.187714
58,0.483333,0.006645,0.932117,0.022959,0.361367,-215.057022,92.185318,84.187233
59,0.491667,0.006627,0.932108,0.022857,0.361398,-215.057068,92.185890,84.185959
60,0.500000,0.006575,0.932109,0.022885,0.361394,-215.057785,92.186188,84.184959
61,0.508333,0.006551,0.932119,0.022871,0.361371,-215.057449,92.186012,84.184258
62,0.516667,0.006542,0.932118,0.022875,0.361373,-215.056854,92.186562,84.184090
63,0.525000,0.006579,0.932141,0.022860,0.361313,-215.056427,92.185394,84.184547
64,0.533333,0.006397,0.932124,0.022915,0.361358,-215.056900,92.185875,84.184799
65,0.541667,0.006525,0.932116,0.022924,0.361374,-215.056519,92.185341,84.185959
66,0.550000,0.006577,0.932128,0.022875,0.361347,-215.055603,92.185577,84.186340
67,0.558333,0.006597,0.932137,0.022841,0.361325,-215.054504,92.184990,84.186928
68,0.566667,0.006484,0.932099,0.022919,0.361421,-215.054291,92.185188,84.186813
69,0.575000,0.006398,0.932106,0.022921,0.361404,-215.053177,92.183731,84.188042
70,0.583333,0.006409,0.932113,0.022959,0.361383,-215.053009,92.185066,84.187965
71,0.591667,0.006446,0.932115,0.022955,0.361378,-215.052490,92.184982,84.189377
72,0.600000,0.007125,0.932277,0.022976,0.360944,-215.045593,92.179596,84.181442
73,0.608333,0.006544,0.932132,0.022873,0.361335,-215.050690,92.186836,84.188141
74,0.616667,0.006630,0.932101,0.022825,0.361417,-215.054321,92.186127,84.189240
75,0.625000,0.006472,0.932091,0.022871,0.361443,-215.057587,92.184753,84.187096
76,0.633333,0.006726,0.932082,0.022820,0.361465,-215.058304,92.184677,84.187218
77,0.641667,0.006601,0.932063,0.022890,0.361512,-215.058441,92.184402,84.186272
78,0.650000,0.006597,0.932101,0.022874,0.361416,-215.058563,92.185532,84.187500
79,0.658333,0.006663,0.932088,0.022830,0.361451,-215.058228,92.186348,84.186523
80,0.666667,0.007170,0.932292,0.022851,0.360914,-215.051025,92.180283,84.178185
81,0.675000,0.006484,0.932155,0.022899,0.361276,-215.055634,92.186188,84.186333
82,0.683333,0.006477,0.932107,0.022886,0.361401,-215.059280,92.184738,84.186226
83,0.691667,0.006524,0.932075,0.022956,0.361478,-215.061569,92.182777,84.187607
84,0.700000,0.006620,0.932065,0.022921,0.361505,-215.063187,92.183556,84.188599
85,0.708333,0.006565,0.932074,0.022997,0.361479,-215.063477,92.183311,84.188499
86,0.716667,0.006506,0.932085,0.023030,0.361448,-215.061905,92.182945,84.189850
87,0.725000,0.006513,0.932080,0.022992,0.361464,-215.060287,92.183243,84.190140
88,0.733333,0.006546,0.932089,0.022938,0.361442,-215.058990,92.184830,84.189064
89,0.741667,0.006530,0.932111,0.022929,0.361386,-215.057556,92.184807,84.189537
90,0.750000,0.006465,0.932116,0.022912,0.361376,-215.056183,92.185074,84.189476
91,0.758333,0.006372,0.932112,0.022933,0.361386,-215.055328,92.184959,84.186760
92,0.766667,0.006422,0.932131,0.022897,0.361341,-215.055542,92.186012,84.186615
93,0.775000,0.006617,0.932127,0.022814,0.361353,-215.055206,92.186035,84.186432
94,0.783333,0.006444,0.932122,0.022965,0.361358,-215.054947,92.185387,84.186226
95,0.791667,0.006485,0.932123,0.022946,0.361356,-215.055603,92.186005,84.185410
96,0.800000,0.006643,0.932132,0.022718,0.361344,-215.056656,92.187531,84.184868
97,0.808333,0.006568,0.932111,0.022763,0.361398,-215.056702,92.186630,84.184067
98,0.816667,0.006522,0.932121,0.022828,0.361369,-215.056793,92.185280,84.184372
99,0.825000,0.006493,0.932136,0.022888,0.361325,-215.057022,92.185570,84.184631
100,0.833333,0.006478,0.932112,0.022904,0.361387,-215.056992,92.184860,84.185333
101,0.841667,0.006481,0.932111,0.022852,0.361394,-215.057632,92.185349,84.185265
102,0.850000,0.006466,0.932118,0.023010,0.361366,-215.058258,92.185036,84.187294
103,0.858333,0.006526,0.932115,0.022863,0.361382,-215.058807,92.185371,84.188065
104,0.866667,0.006373,0.932131,0.022916,0.361340,-215.059967,92.185593,84.188919
105,0.875000,0.006353,0.932114,0.023063,0.361375,-215.059692,92.183914,84.189911
106,0.883333,0.006533,0.932104,0.023033,0.361398,-215.059036,92.184296,84.189049
107,0.891667,0.006543,0.932131,0.022815,0.361343,-215.057892,92.185287,84.188065
108,0.900000,0.006489,0.932111,0.022810,0.361395,-215.056793,92.185036,84.186966
109,0.908333,0.006481,0.932117,0.022848,0.361379,-215.055038,92.184685,84.187119
110,0.916667,0.006587,0.932122,0.022859,0.361363,-215.054077,92.185356,84.186920
111,0.925000,0.006462,0.932134,0.022918,0.361331,-215.053223,92.185478,84.185974
112,0.933333,0.006023,0.932147,0.022862,0.361307,-215.057724,92.191093,84.179764
113,0.941667,0.006058,0.932164,0.022911,0.361261,-215.058212,92.190651,84.175804
114,0.950000,0.006201,0.932167,0.022919,0.361248,-215.059067,92.188820,84.174118
115,0.958333,0.006393,0.932197,0.022875,0.361171,-215.060898,92.186958,84.172188
116,0.966667,0.006274,0.932204,0.022732,0.361164,-215.063339,92.188278,84.170410
117,0.975000,0.006164,0.932230,0.022695,0.361102,-215.063828,92.189445,84.169090
118,0.983333,0.006115,0.932263,0.022740,0.361014,-215.063644,92.190422,84.166786
119,0.991667,0.005996,0.932279,0.022767,0.360973,-215.063019,92.189560,84.164627
120,1.000000,0.006131,0.932280,0.022832,0.360965,-215.063049,92.189339,84.164833
121,1.008333,0.006082,0.932290,0.022711,0.360946,-215.063400,92.190025,84.164825
122,1.016667,0.006109,0.932300,0.022839,0.360913,-215.064911,92.190842,84.166901
123,1.025000,0.005918,0.932274,0.022916,0.360978,-215.067154,92.191040,84.168610
124,1.033333,0.005978,0.932250,0.022991,0.361035,-215.068314,92.189339,84.169189
125,1.041667,0.005852,0.932257,0.023034,0.361015,-215.068893,92.189583,84.171333
126,1.050000,0.005952,0.932236,0.022907,0.361077,-215.067581,92.189705,84.169479
127,1.058333,0.006062,0.932242,0.022869,0.361061,-215.064972,92.190071,84.168701
128,1.066667,0.006154,0.932259,0.022847,0.361017,-215.063049,92.189590,84.166618
129,1.075000,0.006216,0.932284,0.022774,0.360957,-215.061981,92.188354,84.165276
130,1.083333,0.006231,0.932276,0.022758,0.360977,-215.061279,92.188797,84.164436
131,1.091667,0.006217,0.932267,0.022680,0.361006,-215.059952,92.189079,84.163055
132,1.100000,0.006186,0.932280,0.022705,0.360972,-215.059158,92.189346,84.161415
133,1.108333,0.007233,0.932371,0.022614,0.360721,-215.052719,92.181465,84.160095
134,1.116667,0.006719,0.932249,0.022572,0.361049,-215.057892,92.186478,84.164963
135,1.125000,0.006496,0.932254,0.022646,0.361038,-215.059204,92.188774,84.164467
136,1.133333,0.006157,0.932282,0.022654,0.360969,-215.058823,92.192688,84.162888
137,1.141667,0.005705,0.932336,0.022587,0.360842,-215.057556,92.196144,84.161026
138,1.150000,0.005163,0.932329,0.022597,0.360869,-215.060730,92.200325,84.153740
139,1.158333,0.006288,0.932214,0.022672,0.361141,-215.050461,92.190437,84.171120
140,1.166667,0.006016,0.932197,0.022704,0.361189,-215.050476,92.191986,84.167381
141,1.175000,0.006177,0.932190,0.022797,0.361198,-215.053635,92.191902,84.168259
142,1.183333,0.006208,0.932162,0.022913,0.361262,-215.056656,92.191406,84.168442
143,1.191667,0.006429,0.932128,0.022849,0.361349,-215.061142,92.189972,84.167961
144,1.200000,0.006571,0.932094,0.022896,0.361432,-215.061447,92.186478,84.167259
145,1.208333,0.006703,0.932089,0.022818,0.361447,-215.061188,92.185791,84.163857
146,1.216667,0.006870,0.932086,0.022723,0.361460,-215.059845,92.185966,84.161934
147,1.225000,0.006779,0.932100,0.022768,0.361422,-215.056259,92.183891,84.159470
148,1.233333,0.006742,0.932109,0.022709,0.361402,-215.054367,92.185715,84.157242
149,1.241667,0.006848,0.932097,0.022614,0.361437,-215.053848,92.187759,84.155579
150,1.250000,0.006771,0.932101,0.022505,0.361435,-215.051682,92.188225,84.154587
151,1.258333,0.006777,0.932121,0.022550,0.361382,-215.050461,92.186768,84.155090
152,1.266667,0.006811,0.932103,0.022494,0.361429,-215.052078,92.186707,84.154221
153,1.275000,0.006783,0.932099,0.022421,0.361444,-215.055054,92.187111,84.154816
154,1.283333,0.006756,0.932099,0.022568,0.361436,-215.060013,92.187813,84.157234
155,1.291667,0.006618,0.932089,0.022673,0.361459,-215.063889,92.187759,84.160522
156,1.300000,0.006525,0.932083,0.022930,0.361460,-215.067291,92.186592,84.165009
157,1.308333,0.006304,0.932058,0.023028,0.361522,-215.070007,92.186485,84.168915
158,1.316667,0.006268,0.932021,0.022938,0.361622,-215.071701,92.187561,84.170059
159,1.325000,0.006320,0.932027,0.022842,0.361613,-215.069168,92.187538,84.167763
160,1.333333,0.006577,0.932030,0.022725,0.361607,-215.064789,92.186890,84.164612
161,1.341667,0.006507,0.932066,0.022583,0.361526,-215.059708,92.186676,84.160767
162,1.350000,0.006719,0.932079,0.022578,0.361488,-215.056198,92.187447,84.158737
163,1.358333,0.006818,0.932115,0.022495,0.361398,-215.051941,92.186951,84.156319
164,1.366667,0.006949,0.932100,0.022481,0.361436,-215.050247,92.187149,84.153961
165,1.375000,0.006979,0.932123,0.022387,0.361381,-215.050507,92.187408,84.154221
166,1.383333,0.006791,0.932105,0.022502,0.361426,-215.051819,92.186974,84.155144
167,1.391667,0.006570,0.932130,0.022600,0.361359,-215.055389,92.187561,84.157249
168,1.400000,0.006503,0.932076,0.022841,0.361484,-215.062637,92.188324,84.163727
169,1.408333,0.006212,0.932046,0.023092,0.361552,-215.070267,92.188255,84.168449
170,1.416667,0.005858,0.931994,0.023025,0.361693,-215.078568,92.189537,84.168098
171,1.425000,0.006209,0.932092,0.023033,0.361435,-215.083694,92.186729,84.162132
172,1.433333,0.005245,0.931945,0.023183,0.361820,-215.099121,92.193779,84.169128
173,1.441667,0.005757,0.932086,0.023274,0.361443,-215.105148,92.187119,84.161652
174,1.450000,0.005617,0.932103,0.023355,0.361396,-215.113785,92.185814,84.163330
175,1.458333,0.005416,0.932073,0.023403,0.361474,-215.119888,92.186569,84.165680
176,1.466667,0.005217,0.932088,0.023536,0.361429,-215.122360,92.188034,84.170792
177,1.475000,0.004683,0.932068,0.023534,0.361487,-215.126511,92.190819,84.172485
178,1.483333,0.004608,0.931952,0.023546,0.361787,-215.131302,92.194328,84.175301
179,1.491667,0.004327,0.931849,0.023701,0.362046,-215.136902,92.195389,84.177055
180,1.500000,0.004157,0.931736,0.023854,0.362328,-215.143768,92.195305,84.178581
181,1.508333,0.003989,0.931655,0.023971,0.362532,-215.152115,92.193359,84.179253
182,1.516667,0.004034,0.931604,0.024014,0.362658,-215.159683,92.191711,84.179657
183,1.525000,0.003885,0.931590,0.024044,0.362694,-215.168839,92.191910,84.180176
184,1.533333,0.003557,0.931578,0.024268,0.362714,-215.177841,92.191093,84.180595
185,1.541667,0.003387,0.931556,0.024279,0.362770,-215.189789,92.191292,84.180176
186,1.550000,0.003352,0.931498,0.024470,0.362908,-215.203094,92.189323,84.180817
187,1.558333,0.003022,0.931486,0.024466,0.362942,-215.218765,92.189568,84.181335
188,1.566667,0.002705,0.931439,0.024668,0.363051,-215.234116,92.188591,84.183037
189,1.575000,0.002511,0.931437,0.024792,0.363048,-215.248398,92.186760,84.184181
190,1.583333,0.002396,0.931484,0.024986,0.362915,-215.261383,92.183647,84.187225
191,1.591667,0.002436,0.931491,0.025288,0.362877,-215.273834,92.182007,84.192574
192,1.600000,0.002242,0.931490,0.025666,0.362855,-215.283417,92.181610,84.198853
193,1.608333,0.001894,0.931554,0.025843,0.362678,-215.291977,92.182449,84.201912
194,1.616667,0.001642,0.931518,0.026000,0.362761,-215.300491,92.182732,84.201263
195,1.625000,0.001276,0.931462,0.026083,0.362900,-215.308136,92.182709,84.200607
196,1.633333,0.001137,0.931414,0.026186,0.363017,-215.314774,92.182426,84.199974
197,1.641667,0.000984,0.931408,0.026163,0.363034,-215.321167,92.182404,84.199020
198,1.650000,0.000728,0.931403,0.026152,0.363049,-215.326279,92.182549,84.199280
199,1.658333,0.000537,0.931427,0.026319,0.362974,-215.331360,92.183411,84.197945
200,1.666667,-0.000652,0.931395,0.025862,0.363091,-215.346024,92.190811,84.189888
201,1.675000,-0.000872,0.931275,0.025941,0.363392,-215.365845,92.190598,84.183815
202,1.683333,-0.000812,0.931174,0.026257,0.363627,-215.383743,92.186729,84.179939
203,1.691667,-0.001008,0.931183,0.026373,0.363596,-215.397339,92.184822,84.178001
204,1.700000,-0.001449,0.931274,0.026330,0.363363,-215.411728,92.185318,84.177979
205,1.708333,-0.001756,0.931358,0.026864,0.363109,-215.429871,92.185661,84.185753
206,1.716667,-0.002104,0.931387,0.027356,0.362996,-215.445023,92.185959,84.188240
207,1.725000,-0.002570,0.931354,0.027722,0.363050,-215.461395,92.187050,84.188904
208,1.733333,-0.002975,0.931339,0.027912,0.363071,-215.476440,92.189507,84.189438
209,1.741667,-0.002955,0.931140,0.028291,0.363550,-215.491623,92.188087,84.197426
210,1.750000,-0.003321,0.931173,0.028481,0.363449,-215.497009,92.190315,84.203941
211,1.758333,-0.003784,0.931214,0.028428,0.363343,-215.498169,92.193344,84.209076
212,1.766667,-0.003828,0.931249,0.028404,0.363255,-215.498993,92.197563,84.213615
213,1.775000,-0.003934,0.931294,0.028422,0.363138,-215.501541,92.200119,84.217972
214,1.783333,-0.004263,0.931293,0.028523,0.363128,-215.508942,92.201668,84.217827
215,1.791667,-0.004364,0.931303,0.028664,0.363091,-215.519455,92.203400,84.215599
216,1.800000,-0.004448,0.931314,0.029014,0.363033,-215.529510,92.203560,84.214638
217,1.808333,-0.004337,0.931305,0.029164,0.363046,-215.538208,92.202637,84.213715
218,1.816667,-0.004459,0.931302,0.029277,0.363041,-215.541931,92.201195,84.213242
219,1.825000,-0.004455,0.931311,0.029266,0.363020,-215.538315,92.199875,84.210243
220,1.833333,-0.004257,0.931343,0.029256,0.362941,-215.533752,92.199013,84.210541
221,1.841667,-0.003956,0.931356,0.029155,0.362918,-215.525940,92.196938,84.209747
222,1.850000,-0.003857,0.931389,0.029008,0.362848,-215.524811,92.200211,84.211327
223,1.858333,-0.003904,0.931405,0.028854,0.362817,-215.525574,92.202538,84.213791
224,1.866667,-0.004039,0.931405,0.028855,0.362817,-215.530350,92.203400,84.216194
225,1.875000,-0.004057,0.931379,0.028919,0.362878,-215.537781,92.205048,84.214996
226,1.883333,-0.004200,0.931336,0.029109,0.362972,-215.541504,92.203377,84.214279
227,1.891667,-0.004084,0.931324,0.029206,0.362997,-215.542191,92.201019,84.213196
228,1.900000,-0.003943,0.931337,0.029230,0.362961,-215.539795,92.200485,84.213387
229,1.908333,-0.003939,0.931339,0.029125,0.362965,-215.537262,92.199997,84.215378
230,1.916667,-0.004009,0.931370,0.028907,0.362903,-215.534073,92.200821,84.215889
231,1.925000,-0.004046,0.931368,0.028890,0.362908,-215.534561,92.202820,84.216301
232,1.933333,-0.004230,0.931343,0.028887,0.362972,-215.538071,92.203613,84.216446
233,1.941667,-0.004336,0.931323,0.029142,0.363001,-215.539520,92.204109,84.216164
234,1.950000,-0.004360,0.931321,0.029269,0.362995,-215.541550,92.204460,84.215393
235,1.958333,-0.004421,0.931324,0.029262,0.362986,-215.542084,92.203957,84.214363
236,1.966667,-0.004293,0.931316,0.029280,0.363007,-215.541916,92.202797,84.212868
237,1.975000,-0.004094,0.931306,0.029221,0.363041,-215.540344,92.201698,84.212700
238,1.983333,-0.004174,0.931353,0.029181,0.362922,-215.538818,92.202187,84.213737
239,1.991667,-0.004287,0.931351,0.029185,0.362927,-215.538956,92.201797,84.213799
240,2.000000,-0.004045,0.931326,0.029120,0.362997,-215.541534,92.203354,84.214401
241,2.008333,-0.004169,0.931337,0.029199,0.362963,-215.543457,92.204826,84.214935
242,2.016667,-0.004202,0.931320,0.029207,0.363005,-215.545273,92.205551,84.215714
243,2.025000,-0.004214,0.931353,0.029208,0.362919,-215.547424,92.204865,84.217606
244,2.033333,-0.004346,0.931350,0.029319,0.362918,-215.551575,92.203583,84.218445
245,2.041667,-0.004432,0.931314,0.029421,0.362999,-215.556473,92.204872,84.218765
246,2.050000,-0.004669,0.931317,0.029586,0.362976,-215.561218,92.204399,84.219612
247,2.058333,-0.004811,0.931314,0.029682,0.362975,-215.563293,92.204079,84.220192
248,2.066667,-0.004887,0.931298,0.029607,0.363021,-215.562195,92.203995,84.218781
249,2.075000,-0.004630,0.931323,0.029644,0.362956,-215.559311,92.204338,84.219040
250,2.083333,-0.004546,0.931332,0.029613,0.362937,-215.555908,92.204544,84.218674
251,2.091667,-0.004582,0.931328,0.029538,0.362952,-215.552948,92.205139,84.218224
252,2.100000,-0.004601,0.931338,0.029451,0.362933,-215.551544,92.204262,84.217651
253,2.108333,-0.004650,0.931339,0.029487,0.362929,-215.552170,92.204681,84.217468
254,2.116667,-0.004661,0.931328,0.029420,0.362961,-215.551804,92.204269,84.216774
255,2.125000,-0.004671,0.931322,0.029585,0.362962,-215.551636,92.205360,84.216240
256,2.133333,-0.004590,0.931323,0.029589,0.362960,-215.551926,92.204498,84.216118
257,2.141667,-0.004531,0.931351,0.029469,0.362899,-215.552979,92.204666,84.215073
258,2.150000,-0.004517,0.931331,0.029486,0.362951,-215.555664,92.202667,84.215286
259,2.158333,-0.004625,0.931327,0.029569,0.362953,-215.557007,92.203880,84.216637
260,2.166667,-0.004653,0.931309,0.029551,0.362999,-215.557617,92.204407,84.216713
261,2.175000,-0.004554,0.931321,0.029656,0.362962,-215.558807,92.205147,84.217438
262,2.183333,-0.004548,0.931338,0.029728,0.362912,-215.559204,92.203674,84.219307
263,2.191667,-0.004521,0.931334,0.029619,0.362931,-215.558914,92.203300,84.219757
264,2.200000,-0.004572,0.931325,0.029643,0.362953,-215.560028,92.203041,84.220772
265,2.208333,-0.004720,0.931341,0.029619,0.362912,-215.559677,92.203735,84.220757
266,2.216667,-0.004581,0.931339,0.029565,0.362922,-215.560059,92.204620,84.220589
267,2.225000,-0.004689,0.931332,0.029549,0.362939,-215.557907,92.202904,84.219200
268,2.233333,-0.004641,0.931350,0.029502,0.362898,-215.556473,92.202972,84.219322
269,2.241667,-0.004648,0.931344,0.029623,0.362905,-215.554764,92.204033,84.218369
270,2.250000,-0.004696,0.931321,0.029582,0.362967,-215.553635,92.205025,84.218620
271,2.258333,-0.004721,0.931318,0.029516,0.362977,-215.551880,92.204781,84.217804
272,2.266667,-0.004752,0.931319,0.029517,0.362976,-215.551849,92.205002,84.216461
273,2.275000,-0.004704,0.931344,0.029559,0.362908,-215.552094,92.204117,84.216080
274,2.283333,-0.004608,0.931341,0.029502,0.362921,-215.552597,92.202408,84.216255
275,2.291667,-0.004545,0.931344,0.029499,0.362914,-215.553589,92.203293,84.216599
276,2.300000,-0.004579,0.931359,0.029525,0.362874,-215.554840,92.204025,84.217422
277,2.308333,-0.004648,0.931363,0.029573,0.362858,-215.556366,92.203568,84.217865
278,2.316667,-0.004680,0.931368,0.029507,0.362851,-215.558655,92.204437,84.217949
279,2.325000,-0.004587,0.931342,0.029551,0.362915,-215.558868,92.205170,84.218178
280,2.333333,-0.004629,0.931345,0.029530,0.362909,-215.559464,92.205193,84.218544
281,2.341667,-0.004729,0.931351,0.029610,0.362887,-215.560440,92.205215,84.218628
282,2.350000,-0.004619,0.931333,0.029575,0.362936,-215.561081,92.205116,84.218887
283,2.358333,-0.004628,0.931330,0.029508,0.362949,-215.560196,92.203979,84.219017
284,2.366667,-0.004773,0.931324,0.029529,0.362960,-215.559891,92.203461,84.218697
285,2.375000,-0.004764,0.931331,0.029615,0.362937,-215.559204,92.205002,84.219536
286,2.383333,-0.004619,0.931334,0.029551,0.362936,-215.557312,92.205345,84.220474
287,2.391667,-0.004751,0.931345,0.029549,0.362906,-215.554977,92.205032,84.220100
288,2.400000,-0.004651,0.931360,0.029490,0.362874,-215.553741,92.205582,84.219322
289,2.408333,-0.004716,0.931352,0.029536,0.362888,-215.553116,92.204407,84.218277
290,2.416667,-0.004639,0.931351,0.029401,0.362903,-215.552948,92.204376,84.218002
291,2.425000,-0.004539,0.931325,0.029474,0.362967,-215.552261,92.204491,84.218040
292,2.433333,-0.004560,0.931341,0.029469,0.362926,-215.552170,92.203766,84.216957
293,2.441667,-0.004609,0.931370,0.029568,0.362842,-215.552933,92.202820,84.217827
294,2.450000,-0.004548,0.931349,0.029527,0.362900,-215.555283,92.202286,84.216347
295,2.458333,-0.004660,0.931329,0.029539,0.362950,-215.557220,92.203484,84.216766
296,2.466667,-0.004573,0.931350,0.029498,0.362901,-215.558624,92.203384,84.216766
297,2.475000,-0.004728,0.931365,0.029638,0.362848,-215.560745,92.204720,84.217415
298,2.483333,-0.004738,0.931326,0.029692,0.362943,-215.561707,92.205467,84.218086
299,2.491667,-0.004626,0.931343,0.029625,0.362906,-215.560272,92.204277,84.218369
300,2.500000,-0.004696,0.931359,0.029481,0.362876,-215.560181,92.203445,84.218506
301,2.508333,-0.004639,0.931344,0.029501,0.362914,-215.560059,92.203339,84.218704
302,2.516667,-0.004640,0.931327,0.029585,0.362952,-215.559250,92.203560,84.220146
303,2.525000,-0.004625,0.931334,0.029596,0.362931,-215.557343,92.205040,84.219078
304,2.533333,-0.004746,0.931352,0.029518,0.362890,-215.555664,92.204376,84.217415
305,2.541667,-0.004668,0.931343,0.029479,0.362918,-215.556122,92.204216,84.218483
306,2.550000,-0.004698,0.931359,0.029569,0.362869,-215.554810,92.204109,84.218979
307,2.558333,-0.004705,0.931335,0.029633,0.362925,-215.554352,92.203842,84.217834
308,2.566667,-0.004758,0.931359,0.029592,0.362868,-215.554138,92.202774,84.217682
309,2.575000,-0.004545,0.931372,0.029527,0.362842,-215.554565,92.205223,84.217743
310,2.583333,-0.004541,0.931355,0.029348,0.362900,-215.554306,92.203835,84.216843
311,2.591667,-0.004626,0.931352,0.029408,0.362901,-215.554977,92.203514,84.217056
312,2.600000,-0.004671,0.931349,0.029568,0.362895,-215.555603,92.201790,84.215996
313,2.608333,-0.004663,0.931332,0.029532,0.362942,-215.558319,92.203178,84.215546
314,2.616667,-0.004565,0.931368,0.029525,0.362851,-215.559906,92.203987,84.217545
315,2.625000,-0.004590,0.931339,0.029536,0.362924,-215.560104,92.204132,84.217697
316,2.633333,-0.004675,0.931354,0.029530,0.362885,-215.560669,92.203209,84.218048
317,2.641667,-0.004716,0.931354,0.029642,0.362876,-215.561584,92.202835,84.217781
318,2.650000,-0.004719,0.931337,0.029770,0.362910,-215.562851,92.203857,84.218933
319,2.658333,-0.004698,0.931339,0.029757,0.362904,-215.561584,92.204353,84.218796
320,2.666667,-0.004752,0.931328,0.029639,0.362943,-215.560059,92.204239,84.218575
321,2.675000,-0.004696,0.931357,0.029587,0.362873,-215.558167,92.203415,84.218887
322,2.683333,-0.004682,0.931361,0.029567,0.362866,-215.556915,92.203331,84.219780
323,2.691667,-0.004691,0.931355,0.029529,0.362884,-215.554993,92.203461,84.219604
324,2.700000,-0.004589,0.931362,0.029526,0.362868,-215.554550,92.204231,84.219322
325,2.708333,-0.004706,0.931367,0.029532,0.362851,-215.554123,92.205315,84.218689
326,2.716667,-0.004710,0.931367,0.029516,0.362853,-215.553589,92.203606,84.218307
327,2.725000,-0.004704,0.931371,0.029622,0.362834,-215.555237,92.203918,84.219513
328,2.733333,-0.004704,0.931377,0.029551,0.362824,-215.557907,92.204163,84.218613
329,2.741667,-0.004793,0.931357,0.029566,0.362874,-215.559052,92.203537,84.216698
330,2.750000,-0.004834,0.931339,0.029665,0.362910,-215.560104,92.203033,84.216034
331,2.758333,-0.004790,0.931342,0.029788,0.362895,-215.564270,92.203880,84.215698
332,2.766667,-0.004746,0.931317,0.029813,0.362956,-215.566330,92.204094,84.215942
333,2.775000,-0.004875,0.931329,0.029684,0.362934,-215.565796,92.204575,84.215752
334,2.783333,-0.004740,0.931304,0.029663,0.363001,-215.565460,92.203506,84.216858
335,2.791667,-0.004676,0.931340,0.029733,0.362905,-215.566010,92.204109,84.216919
336,2.800000,-0.004702,0.931323,0.029770,0.362945,-215.567596,92.204155,84.218491
337,2.808333,-0.004808,0.931305,0.029744,0.362993,-215.566986,92.204491,84.219078
338,2.816667,-0.004813,0.931317,0.029728,0.362963,-215.565826,92.204742,84.219276
339,2.825000,-0.004841,0.931307,0.029886,0.362976,-215.564423,92.204636,84.219414
340,2.833333,-0.004832,0.931307,0.029925,0.362970,-215.561630,92.203865,84.219833
341,2.841667,-0.004716,0.931342,0.029814,0.362891,-215.559631,92.203957,84.219849
342,2.850000,-0.004570,0.931371,0.029677,0.362831,-215.557907,92.203941,84.217674
343,2.858333,-0.004664,0.931360,0.029691,0.362856,-215.560028,92.204453,84.218048
344,2.866667,-0.004710,0.931354,0.029696,0.362871,-215.560486,92.204109,84.217857
345,2.875000,-0.004562,0.931352,0.029721,0.362877,-215.560944,92.203293,84.215225
346,2.883333,-0.004582,0.931378,0.029767,0.362807,-215.561584,92.202538,84.216087
347,2.891667,-0.004653,0.931357,0.029666,0.362866,-215.561127,92.202705,84.214905
348,2.900000,-0.004802,0.931360,0.029732,0.362853,-215.561844,92.204247,84.216171
349,2.908333,-0.004846,0.931338,0.029746,0.362906,-215.563446,92.204895,84.215744
350,2.916667,-0.004741,0.931311,0.029807,0.362972,-215.565628,92.204300,84.215256
351,2.925000,-0.004680,0.931299,0.029864,0.363000,-215.566879,92.204056,84.215591
352,2.933333,-0.004749,0.931295,0.029864,0.363010,-215.565948,92.202888,84.216278
353,2.941667,-0.004716,0.931327,0.029776,0.362935,-215.565231,92.203842,84.217491
354,2.950000,-0.004689,0.931331,0.029672,0.362933,-215.565018,92.204865,84.218849
355,2.958333,-0.004668,0.931333,0.029644,0.362930,-215.564346,92.204376,84.219070
356,2.966667,-0.004762,0.931351,0.029757,0.362874,-215.564255,92.203133,84.220177
357,2.975000,-0.004666,0.931353,0.029695,0.362874,-215.563461,92.203835,84.220268
358,2.983333,-0.004778,0.931365,0.029694,0.362843,-215.561493,92.204765,84.220604
359,2.991667,-0.004788,0.931363,0.029648,0.362851,-215.560562,92.204651,84.220177
360,3.000000,-0.004767,0.931360,0.029736,0.362853,-215.559769,92.204788,84.219269
361,3.008333,-0.004735,0.931358,0.029687,0.362862,-215.559296,92.204628,84.218666
362,3.016667,-0.004686,0.931373,0.029619,0.362829,-215.559479,92.203697,84.217796
363,3.025000,-0.004594,0.931371,0.029681,0.362830,-215.560577,92.205276,84.216522
364,3.033333,-0.004687,0.931356,0.029762,0.362862,-215.561218,92.205360,84.216583
365,3.041667,-0.004765,0.931345,0.029702,0.362894,-215.561417,92.205032,84.216278
366,3.050000,-0.004647,0.931349,0.029800,0.362877,-215.562958,92.204826,84.215813
367,3.058333,-0.004702,0.931347,0.029785,0.362883,-215.564011,92.205765,84.216431
368,3.066667,-0.004678,0.931341,0.029647,0.362910,-215.565308,92.204857,84.216293
369,3.075000,-0.004748,0.931329,0.029663,0.362939,-215.565826,92.205353,84.217125
370,3.083333,-0.004809,0.931330,0.029718,0.362929,-215.565918,92.205505,84.218132
371,3.091667,-0.004778,0.931329,0.029721,0.362934,-215.565414,92.204704,84.218910
372,3.100000,-0.004813,0.931318,0.029699,0.362962,-215.565613,92.204628,84.218544
373,3.108333,-0.004835,0.931348,0.029735,0.362883,-215.564606,92.203789,84.218735
374,3.116667,-0.004759,0.931353,0.029690,0.362874,-215.563202,92.202171,84.218552
375,3.125000,-0.004760,0.931329,0.029834,0.362924,-215.563110,92.202469,84.219208
376,3.133333,-0.004695,0.931357,0.029830,0.362852,-215.561417,92.202499,84.219910
377,3.141667,-0.004720,0.931355,0.029731,0.362866,-215.560074,92.203377,84.219238
378,3.150000,-0.004676,0.931328,0.029731,0.362935,-215.560272,92.204102,84.218590
379,3.158333,-0.004926,0.931372,0.029687,0.362824,-215.559387,92.203781,84.218117
380,3.166667,-0.004794,0.931371,0.029612,0.362834,-215.559738,92.203941,84.217522
381,3.175000,-0.004708,0.931384,0.029530,0.362809,-215.559509,92.204613,84.216042
382,3.183333,-0.004753,0.931355,0.029502,0.362884,-215.560287,92.205200,84.215179
383,3.191667,-0.004929,0.931352,0.029675,0.362877,-215.561646,92.205193,84.215408
384,3.200000,-0.004725,0.931330,0.029657,0.362936,-215.563583,92.205681,84.215073
385,3.208333,-0.004817,0.931342,0.029745,0.362898,-215.564102,92.204811,84.215431
386,3.216667,-0.004724,0.931346,0.029697,0.362891,-215.565063,92.203400,84.215607
387,3.225000,-0.004802,0.931351,0.029696,0.362877,-215.566071,92.203613,84.216133
388,3.233333,-0.004723,0.931325,0.029591,0.362954,-215.566162,92.203644,84.217354
389,3.241667,-0.004746,0.931338,0.029756,0.362907,-215.565872,92.204491,84.219872
390,3.250000,-0.004652,0.931336,0.029828,0.362907,-215.564651,92.205719,84.220978
391,3.258333,-0.004794,0.931357,0.029772,0.362856,-215.563614,92.204895,84.220169
392,3.266667,-0.004729,0.931346,0.029802,0.362884,-215.564011,92.205399,84.221268
393,3.275000,-0.004858,0.931341,0.029740,0.362900,-215.562088,92.206451,84.220375
394,3.283333,-0.004866,0.931356,0.029758,0.362859,-215.561539,92.206406,84.220528
395,3.291667,-0.004992,0.931352,0.029827,0.362862,-215.560654,92.204895,84.219864
396,3.300000,-0.004832,0.931369,0.029670,0.362835,-215.560776,92.205490,84.218735
397,3.308333,-0.004686,0.931368,0.029707,0.362834,-215.561325,92.205261,84.217766
398,3.316667,-0.004661,0.931349,0.029736,0.362881,-215.561539,92.204887,84.216484
399,3.325000,-0.004560,0.931350,0.029648,0.362888,-215.561722,92.204765,84.215088
400,3.333333,-0.004658,0.931366,0.029565,0.362853,-215.561920,92.204926,84.214760
401,3.341667,-0.004645,0.931357,0.029627,0.362871,-215.562653,92.204956,84.215202
402,3.350000,-0.004585,0.931336,0.029554,0.362931,-215.563507,92.204384,84.214500
403,3.358333,-0.004739,0.931333,0.029721,0.362924,-215.564377,92.203354,84.215347
404,3.366667,-0.004729,0.931354,0.029727,0.362870,-215.564606,92.202530,84.215813
405,3.375000,-0.004736,0.931335,0.029663,0.362923,-215.565277,92.202736,84.216385
406,3.383333,-0.004823,0.931340,0.029625,0.362911,-215.564819,92.202965,84.217422
407,3.391667,-0.004840,0.931324,0.029680,0.362948,-215.565247,92.204933,84.218391
408,3.400000,-0.004944,0.931350,0.029778,0.362871,-215.564697,92.204758,84.219704
409,3.408333,-0.004881,0.931353,0.029848,0.362860,-215.563782,92.204819,84.221176
410,3.416667,-0.004871,0.931343,0.029872,0.362884,-215.562912,92.203636,84.220467
411,3.425000,-0.004647,0.931343,0.029669,0.362902,-215.562469,92.204109,84.219185
412,3.433333,-0.004656,0.931368,0.029703,0.362836,-215.562347,92.203926,84.218628
413,3.441667,-0.004772,0.931349,0.029718,0.362882,-215.561859,92.203857,84.217957
414,3.450000,-0.004758,0.931347,0.029669,0.362891,-215.561295,92.204163,84.217247
415,3.458333,-0.004793,0.931360,0.029687,0.362855,-215.560440,92.204155,84.215965
416,3.466667,-0.004744,0.931353,0.029668,0.362875,-215.561325,92.204140,84.216293
417,3.475000,-0.004746,0.931338,0.029553,0.362923,-215.561386,92.204292,84.216019
418,3.483333,-0.004841,0.931355,0.029518,0.362883,-215.561508,92.204597,84.216217
419,3.491667,-0.004766,0.931347,0.029634,0.362893,-215.563019,92.204468,84.215096
420,3.500000,-0.004812,0.931331,0.029714,0.362929,-215.564606,92.204369,84.215874
421,3.508333,-0.004711,0.931329,0.029715,0.362936,-215.564728,92.204399,84.216393
422,3.516667,-0.004819,0.931339,0.029805,0.362900,-215.565079,92.203369,84.216980
423,3.525000,-0.004803,0.931354,0.029792,0.362863,-215.564865,92.203499,84.217224
424,3.533333,-0.004739,0.931332,0.029785,0.362920,-215.565018,92.203644,84.218773
425,3.541667,-0.004730,0.931323,0.029787,0.362944,-215.565277,92.204475,84.219933
426,3.550000,-0.004804,0.931328,0.029735,0.362934,-215.564255,92.204620,84.218956
427,3.558333,-0.004896,0.931332,0.029724,0.362923,-215.564392,92.204376,84.218933
428,3.566667,-0.004882,0.931314,0.029770,0.362966,-215.564209,92.203941,84.219322
429,3.575000,-0.004756,0.931337,0.029767,0.362910,-215.563385,92.203766,84.218887
430,3.583333,-0.004663,0.931362,0.029725,0.362848,-215.562271,92.204071,84.218056
431,3.591667,-0.004689,0.931340,0.029696,0.362909,-215.561630,92.204788,84.217590
432,3.600000,-0.004687,0.931355,0.029635,0.362874,-215.561493,92.204895,84.217995
433,3.608333,-0.004812,0.931352,0.029651,0.362880,-215.560959,92.205658,84.217110
434,3.616667,-0.004739,0.931341,0.029676,0.362905,-215.560959,92.205208,84.217873
435,3.625000,-0.004861,0.931360,0.029671,0.362856,-215.561081,92.204628,84.217148
436,3.633333,-0.004814,0.931322,0.029692,0.362953,-215.562027,92.203888,84.216255
437,3.641667,-0.004793,0.931335,0.029675,0.362920,-215.562820,92.202927,84.216286
438,3.650000,-0.004757,0.931346,0.029669,0.362893,-215.563675,92.203415,84.216217
439,3.658333,-0.004879,0.931340,0.029813,0.362896,-215.564377,92.203979,84.216469
440,3.666667,-0.004804,0.931341,0.029904,0.362886,-215.564438,92.202995,84.217827
441,3.675000,-0.004707,0.931341,0.029916,0.362887,-215.563797,92.203415,84.218193
442,3.683333,-0.004710,0.931340,0.029788,0.362900,-215.562149,92.202820,84.219048
443,3.691667,-0.004673,0.931345,0.029765,0.362890,-215.559982,92.202965,84.220612
444,3.700000,-0.004656,0.931334,0.029668,0.362927,-215.557343,92.203171,84.220329
445,3.708333,-0.004612,0.931374,0.029667,0.362823,-215.554138,92.204391,84.221199
446,3.716667,-0.004435,0.931383,0.029670,0.362802,-215.551178,92.205360,84.221649
447,3.725000,-0.004253,0.931405,0.029636,0.362751,-215.548828,92.205933,84.225929
448,3.733333,-0.004197,0.931414,0.029736,0.362719,-215.546600,92.203964,84.232620
449,3.741667,-0.004106,0.931426,0.029984,0.362672,-215.544479,92.205719,84.240273
450,3.750000,-0.003802,0.931410,0.030448,0.362676,-215.540283,92.206421,84.252693
451,3.758333,-0.004367,0.931483,0.030791,0.362452,-215.537094,92.205498,84.265282
452,3.766667,-0.004451,0.931377,0.030722,0.362731,-215.535904,92.212814,84.272804
453,3.775000,-0.004461,0.931327,0.031128,0.362824,-215.531799,92.217857,84.285248
454,3.783333,-0.004840,0.931390,0.031725,0.362606,-215.526108,92.216560,84.300331
455,3.791667,-0.004911,0.931409,0.032478,0.362489,-215.520813,92.215576,84.316521
456,3.800000,-0.002493,0.931586,0.032041,0.362098,-215.514847,92.225365,84.345032
457,3.808333,-0.001511,0.931558,0.032860,0.362102,-215.498062,92.218513,84.378830
458,3.816667,-0.000858,0.931557,0.032963,0.362097,-215.477112,92.216980,84.408081
459,3.825000,-0.000146,0.931481,0.033255,0.362268,-215.463379,92.215408,84.444382
460,3.833333,0.000203,0.931468,0.033333,0.362294,-215.452866,92.214668,84.463165
461,3.841667,0.000990,0.931473,0.033589,0.362255,-215.439255,92.214211,84.482346
462,3.850000,0.001807,0.931489,0.033719,0.362199,-215.422913,92.214409,84.499130
463,3.858333,0.002344,0.931462,0.033817,0.362256,-215.410706,92.213951,84.514763
464,3.866667,0.002711,0.931462,0.034021,0.362235,-215.399673,92.213020,84.527679
465,3.875000,0.003036,0.931447,0.034343,0.362241,-215.389938,92.210617,84.538475
466,3.883333,0.003407,0.931436,0.034512,0.362250,-215.383179,92.211624,84.549446
467,3.891667,0.002973,0.931334,0.034627,0.362504,-215.381699,92.218002,84.561363
468,3.900000,0.003050,0.931244,0.034781,0.362720,-215.374969,92.219421,84.568886
469,3.908333,0.003288,0.931235,0.034864,0.362733,-215.369583,92.219910,84.573853
470,3.916667,0.003266,0.931201,0.034821,0.362823,-215.367630,92.221474,84.577774
471,3.925000,0.003559,0.931038,0.034916,0.363230,-215.362198,92.221657,84.593254
472,3.933333,0.003309,0.931149,0.034894,0.362952,-215.361023,92.225090,84.591415
473,3.941667,0.003136,0.931237,0.035195,0.362698,-215.364380,92.225266,84.589134
474,3.950000,0.003660,0.931061,0.035416,0.363123,-215.364044,92.222580,84.606728
475,3.958333,0.003552,0.931000,0.035768,0.363246,-215.365646,92.224457,84.617355
476,3.966667,0.003672,0.930936,0.036096,0.363376,-215.368561,92.226006,84.630852
477,3.975000,0.003836,0.930874,0.036421,0.363501,-215.372543,92.225624,84.643776
478,3.983333,0.005890,0.931006,0.036728,0.363105,-215.366058,92.210022,84.650414
479,3.991667,0.006897,0.931023,0.037270,0.362988,-215.365906,92.202530,84.656487
480,4.000000,0.007176,0.930967,0.037644,0.363086,-215.367645,92.200340,84.666924
481,4.008333,0.007073,0.930986,0.037862,0.363017,-215.367264,92.202415,84.674545
482,4.016667,0.007071,0.931025,0.037630,0.362941,-215.367722,92.205505,84.677315
483,4.025000,0.006753,0.931056,0.037316,0.362900,-215.369461,92.206619,84.673317
484,4.033333,0.006069,0.931091,0.036861,0.362870,-215.372375,92.207703,84.662613
485,4.041667,0.003723,0.930983,0.036251,0.363238,-215.388031,92.226967,84.652504
486,4.050000,0.003020,0.931135,0.035941,0.362887,-215.402679,92.228065,84.621948
487,4.058333,0.003058,0.931319,0.035414,0.362466,-215.410019,92.220917,84.586128
488,4.066667,0.002382,0.931347,0.035058,0.362432,-215.419342,92.218254,84.556732
489,4.075000,0.001883,0.931337,0.034707,0.362496,-215.428162,92.216919,84.530800
490,4.083333,0.001485,0.931307,0.034763,0.362570,-215.441818,92.217163,84.520958
491,4.091667,0.001610,0.931237,0.034942,0.362731,-215.453369,92.227676,84.525009
492,4.100000,0.002090,0.931114,0.035917,0.362950,-215.455048,92.251358,84.551003
493,4.108333,0.002766,0.931082,0.036965,0.362921,-215.453522,92.287888,84.574409
494,4.116667,0.003743,0.931086,0.037337,0.362865,-215.442352,92.335258,84.586243
495,4.125000,0.004289,0.931128,0.038923,0.362584,-215.428879,92.399323,84.592804
496,4.133333,0.003029,0.931111,0.038660,0.362669,-215.428894,92.464828,84.593895
497,4.141667,0.002666,0.931016,0.038605,0.362922,-215.434769,92.518539,84.607933
498,4.150000,0.005235,0.930873,0.037146,0.363411,-215.442474,92.587646,84.624702
499,4.158333,0.005928,0.930896,0.036688,0.363388,-215.437012,92.640915,84.636810
500,4.166667,0.005878,0.930957,0.036277,0.363275,-215.429184,92.686279,84.642670
501,4.175000,0.005913,0.931053,0.035907,0.363065,-215.431076,92.730591,84.652817
502,4.183333,0.003660,0.930707,0.035694,0.364000,-215.438110,92.793396,84.676224
503,4.191667,0.004252,0.930916,0.035950,0.363435,-215.434555,92.824326,84.679489
504,4.200000,0.004363,0.930997,0.036616,0.363160,-215.428497,92.863289,84.678673
505,4.208333,0.003555,0.931117,0.036449,0.362878,-215.414932,92.921707,84.684601
506,4.216667,0.001761,0.931172,0.035432,0.362851,-215.412476,92.999146,84.678696
507,4.225000,0.001990,0.931090,0.035277,0.363075,-215.418549,93.071518,84.676567
508,4.233333,0.005328,0.930766,0.034193,0.363973,-215.429596,93.147766,84.677139
509,4.241667,0.006182,0.930858,0.032999,0.363836,-215.430023,93.214691,84.681465
510,4.250000,0.005585,0.931114,0.032189,0.363261,-215.420319,93.272987,84.688446
511,4.258333,0.004283,0.931263,0.031806,0.362930,-215.409515,93.329514,84.698471
512,4.266667,0.003173,0.931323,0.032074,0.362764,-215.401489,93.382652,84.707588
513,4.275000,0.000823,0.931425,0.032934,0.362438,-215.396759,93.434616,84.718803
514,4.283333,0.000066,0.931307,0.033592,0.362682,-215.395493,93.482582,84.728363
515,4.291667,0.000175,0.931164,0.033156,0.363089,-215.396530,93.530869,84.729950
516,4.300000,0.000705,0.931352,0.031538,0.362752,-215.410400,93.592964,84.721909
517,4.308333,0.001399,0.931357,0.031150,0.362770,-215.420959,93.639412,84.720291
518,4.316667,0.004792,0.931239,0.029931,0.363146,-215.429260,93.703934,84.724297
519,4.325000,0.005595,0.931167,0.029950,0.363318,-215.431168,93.755249,84.732704
520,4.333333,0.005497,0.931197,0.029890,0.363247,-215.428497,93.801727,84.742882
521,4.341667,0.004497,0.931285,0.029899,0.363035,-215.421082,93.850792,84.744759
522,4.350000,0.003356,0.931440,0.030084,0.362633,-215.410156,93.905693,84.745468
523,4.358333,0.001889,0.931464,0.029879,0.362601,-215.395493,93.971802,84.753960
524,4.366667,0.000996,0.931481,0.029056,0.362627,-215.379684,94.034172,84.762444
525,4.375000,0.000549,0.931409,0.028220,0.362879,-215.372604,94.089005,84.765762
526,4.383333,-0.000959,0.931307,0.027015,0.363230,-215.379044,94.154137,84.748421
527,4.391667,-0.001128,0.931356,0.026057,0.363174,-215.381485,94.202766,84.735733
528,4.400000,-0.001006,0.931392,0.025657,0.363110,-215.379333,94.247643,84.721931
529,4.408333,0.001669,0.931596,0.023647,0.362721,-215.380051,94.316406,84.716240
530,4.416667,0.001674,0.931668,0.023431,0.362551,-215.377075,94.373413,84.710960
531,4.425000,-0.000748,0.931554,0.024086,0.362805,-215.382965,94.449638,84.715927
532,4.433333,-0.000661,0.931665,0.024412,0.362496,-215.376068,94.499352,84.708946
533,4.441667,-0.000890,0.931705,0.024307,0.362402,-215.371994,94.547318,84.709511
534,4.450000,-0.001161,0.931736,0.024049,0.362338,-215.367477,94.590462,84.707603
535,4.458333,-0.002448,0.931732,0.023119,0.362401,-215.368240,94.639244,84.698776
536,4.466667,-0.002712,0.931766,0.022570,0.362347,-215.366623,94.677666,84.698280
537,4.475000,-0.002829,0.931823,0.022255,0.362218,-215.363998,94.711914,84.692940
538,4.483333,-0.002749,0.931920,0.021900,0.361992,-215.363602,94.747925,84.689606
539,4.491667,-0.003145,0.931895,0.021277,0.362090,-215.362045,94.783783,84.681511
540,4.500000,-0.000736,0.931896,0.018644,0.362246,-215.358322,94.836960,84.673462
541,4.508333,-0.000859,0.931908,0.017813,0.362256,-215.351181,94.877136,84.665825
542,4.516667,-0.002804,0.931781,0.017371,0.362595,-215.351959,94.931236,84.666428
543,4.525000,-0.003494,0.931861,0.017463,0.362379,-215.352325,94.968468,84.653938
544,4.533333,-0.003678,0.931896,0.017778,0.362272,-215.352219,94.998108,84.643997
545,4.541667,-0.002871,0.932005,0.019012,0.361934,-215.348053,95.028580,84.639992
546,4.550000,-0.003027,0.931982,0.018175,0.362035,-215.340714,95.050491,84.636971
547,4.558333,-0.005803,0.932092,0.016368,0.361806,-215.325882,95.101929,84.626755
548,4.566667,-0.006945,0.932091,0.016168,0.361796,-215.319153,95.140388,84.627228
549,4.575000,-0.006115,0.932017,0.016516,0.361985,-215.328644,95.163139,84.627296
550,4.583333,-0.005424,0.932013,0.016895,0.361991,-215.333267,95.181061,84.623833
551,4.591667,-0.005364,0.932007,0.016807,0.362011,-215.332870,95.204941,84.623756
552,4.600000,-0.004763,0.931994,0.016707,0.362059,-215.323349,95.222763,84.628654
553,4.608333,-0.004785,0.931975,0.016762,0.362104,-215.317673,95.240005,84.632919
554,4.616667,-0.004664,0.931977,0.016944,0.362092,-215.318039,95.257446,84.640999
555,4.625000,-0.004581,0.931975,0.017234,0.362085,-215.318924,95.272995,84.645859
556,4.633333,-0.004475,0.931975,0.017308,0.362082,-215.318802,95.292786,84.646866
557,4.641667,-0.004256,0.931988,0.017274,0.362053,-215.315979,95.315704,84.643623
558,4.650000,-0.004281,0.931980,0.017173,0.362078,-215.310928,95.342659,84.640205
559,4.658333,-0.004299,0.932014,0.017016,0.361997,-215.303223,95.374092,84.636841
560,4.666667,-0.002190,0.932024,0.015586,0.362055,-215.298248,95.417282,84.634636
561,4.675000,-0.001753,0.932117,0.015239,0.361833,-215.290695,95.448288,84.632645
562,4.683333,-0.002079,0.932221,0.015251,0.361563,-215.285034,95.471664,84.632591
563,4.691667,-0.003942,0.932113,0.015122,0.361830,-215.287140,95.506126,84.637238
564,4.700000,-0.004386,0.932101,0.015101,0.361857,-215.284210,95.521484,84.640007
565,4.708333,-0.004706,0.932132,0.014941,0.361778,-215.281464,95.537430,84.640335
566,4.716667,-0.005182,0.932152,0.014962,0.361721,-215.278839,95.554459,84.638336
567,4.725000,-0.004845,0.932300,0.014897,0.361346,-215.268463,95.567490,84.629013
568,4.733333,-0.004737,0.932329,0.014720,0.361281,-215.264420,95.585808,84.624168
569,4.741667,-0.004686,0.932369,0.014573,0.361185,-215.260529,95.606262,84.618484
570,4.750000,-0.004404,0.932403,0.014334,0.361110,-215.257477,95.629631,84.617714
571,4.758333,-0.005120,0.932401,0.014408,0.361103,-215.263580,95.665642,84.610321
572,4.766667,-0.005266,0.932385,0.014272,0.361146,-215.266388,95.687599,84.606743
573,4.775000,-0.004908,0.932389,0.014297,0.361141,-215.266418,95.699875,84.603737
574,4.783333,-0.004292,0.932402,0.014583,0.361103,-215.268616,95.709053,84.604607
575,4.791667,-0.003967,0.932382,0.014669,0.361155,-215.277283,95.722061,84.600960
576,4.800000,-0.004018,0.932383,0.014586,0.361155,-215.283066,95.735168,84.596611
577,4.808333,-0.004242,0.932434,0.014510,0.361024,-215.283493,95.751152,84.595055
578,4.816667,-0.004231,0.932476,0.014321,0.360923,-215.277435,95.768097,84.596748
579,4.825000,-0.004595,0.932562,0.013896,0.360712,-215.271164,95.790947,84.596275
580,4.833333,-0.004882,0.932633,0.013468,0.360542,-215.262909,95.811882,84.595169
581,4.841667,-0.004995,0.932695,0.013486,0.360379,-215.252640,95.826805,84.598633
582,4.850000,-0.005010,0.932763,0.013626,0.360197,-215.241150,95.841888,84.598602
583,4.858333,-0.005249,0.932771,0.013933,0.360161,-215.225052,95.867287,84.595940
584,4.866667,-0.005705,0.932809,0.013905,0.360057,-215.206390,95.908302,84.590729
585,4.875000,-0.003634,0.932810,0.012099,0.360148,-215.189606,95.983963,84.583023
586,4.883333,-0.004685,0.932646,0.011271,0.360588,-215.179688,96.058403,84.580956
587,4.891667,-0.006591,0.932935,0.009936,0.359846,-215.143921,96.137772,84.567169
588,4.900000,-0.008205,0.933153,0.008166,0.359294,-215.120316,96.207153,84.545807
589,4.908333,-0.008429,0.933367,0.007436,0.358748,-215.103439,96.256264,84.529243
590,4.916667,-0.008173,0.933489,0.007283,0.358439,-215.089233,96.293610,84.519753
591,4.925000,-0.008680,0.933578,0.007043,0.358199,-215.076065,96.338638,84.510292
592,4.933333,-0.008234,0.933381,0.007033,0.358725,-215.089920,96.370522,84.507439
593,4.941667,-0.008190,0.933277,0.007222,0.358992,-215.101868,96.399307,84.499512
594,4.950000,-0.008895,0.933172,0.007234,0.359246,-215.111160,96.435829,84.490654
595,4.958333,-0.009564,0.933176,0.006619,0.359231,-215.115616,96.473518,84.480614
596,4.966667,-0.009942,0.933177,0.005840,0.359233,-215.114594,96.503586,84.475662
597,4.975000,-0.008759,0.933042,0.003706,0.359642,-215.117004,96.554657,84.477310
598,4.983333,-0.008626,0.933049,0.002947,0.359634,-215.112991,96.579086,84.473289
599,4.991667,-0.009461,0.933196,0.002557,0.359235,-215.103790,96.603600,84.467628
600,5.000000,-0.010392,0.933255,0.002542,0.359056,-215.107086,96.616791,84.460930
601,5.008333,-0.011015,0.933304,0.002328,0.358912,-215.115326,96.628731,84.452438
602,5.016667,-0.012261,0.933394,0.003311,0.358630,-215.127136,96.652267,84.440247
603,5.025000,-0.010854,0.933125,0.003506,0.359372,-215.135620,96.639397,84.443756
604,5.033333,-0.009973,0.933177,0.003616,0.359260,-215.137238,96.629944,84.438866
605,5.041667,-0.010121,0.933055,0.003641,0.359573,-215.141632,96.630104,84.442604
606,5.050000,-0.010073,0.933057,0.003590,0.359570,-215.138382,96.629089,84.447762
607,5.058333,-0.011055,0.933153,0.002438,0.359302,-215.120407,96.627106,84.455559
608,5.066667,-0.011209,0.933220,0.002316,0.359122,-215.111969,96.625832,84.461998
609,5.075000,-0.011405,0.933303,0.002362,0.358902,-215.106201,96.630066,84.465332
610,5.083333,-0.012608,0.933303,0.001861,0.358863,-215.108734,96.644905,84.456398
611,5.091667,-0.010799,0.933203,0.003143,0.359175,-215.116913,96.642647,84.459961
612,5.100000,-0.010745,0.933123,0.002025,0.359391,-215.106201,96.632698,84.462212
613,5.108333,-0.010334,0.933121,0.001775,0.359410,-215.103958,96.623024,84.466980
614,5.116667,-0.009987,0.933166,0.002188,0.359301,-215.101837,96.618996,84.470551
615,5.125000,-0.009929,0.933257,0.002533,0.359062,-215.099579,96.620293,84.471413
616,5.133333,-0.010040,0.933336,0.003939,0.358843,-215.103012,96.632530,84.465500
617,5.141667,-0.010425,0.933270,0.002428,0.359017,-215.107437,96.629761,84.458282
618,5.150000,-0.010231,0.933262,0.003225,0.359037,-215.122528,96.635353,84.447029
619,5.158333,-0.010303,0.933112,0.003404,0.359421,-215.135010,96.635010,84.446800
620,5.166667,-0.009543,0.933227,0.003540,0.359143,-215.135284,96.625168,84.440071
621,5.175000,-0.010877,0.933205,0.003669,0.359161,-215.129776,96.636398,84.443924
622,5.183333,-0.010515,0.933084,0.002645,0.359494,-215.131546,96.622757,84.450844
623,5.191667,-0.010497,0.933039,0.001970,0.359615,-215.132904,96.619576,84.452347
624,5.200000,-0.011249,0.933243,0.003349,0.359055,-215.121414,96.643036,84.449440
625,5.208333,-0.011738,0.933256,0.003488,0.359004,-215.119003,96.649773,84.448715
626,5.216667,-0.012425,0.933235,0.002180,0.359046,-215.116806,96.647781,84.449837
627,5.225000,-0.012947,0.933255,0.001812,0.358977,-215.115356,96.647469,84.450806
628,5.233333,-0.013178,0.933321,0.001919,0.358796,-215.113037,96.649368,84.452530
629,5.241667,-0.013360,0.933387,0.002224,0.358615,-215.110352,96.650871,84.454292
630,5.250000,-0.013342,0.933379,0.002155,0.358637,-215.109070,96.651772,84.454239
631,5.258333,-0.013152,0.933374,0.002038,0.358658,-215.107895,96.652267,84.454201
632,5.266667,-0.013396,0.933344,0.001602,0.358731,-215.111496,96.657234,84.449051
633,5.275000,-0.013601,0.933290,0.001593,0.358862,-215.116913,96.655121,84.444252
634,5.283333,-0.013380,0.933275,0.001669,0.358909,-215.122101,96.652679,84.442207
635,5.291667,-0.013254,0.933242,0.001820,0.359000,-215.125946,96.648422,84.440903
636,5.300000,-0.013184,0.933259,0.001830,0.358957,-215.127594,96.647980,84.439178
637,5.308333,-0.011017,0.933167,0.003256,0.359260,-215.132004,96.635956,84.446663
638,5.316667,-0.010529,0.933247,0.003449,0.359065,-215.122192,96.635933,84.444870
639,5.325000,-0.010476,0.933156,0.003438,0.359303,-215.131729,96.637810,84.446030
640,5.333333,-0.010392,0.933271,0.003341,0.359007,-215.120728,96.635460,84.445915
641,5.341667,-0.010654,0.933193,0.003484,0.359200,-215.121704,96.636047,84.450768
642,5.350000,-0.010824,0.933130,0.002415,0.359368,-215.117691,96.629204,84.456161
643,5.358333,-0.011016,0.933176,0.002188,0.359244,-215.111450,96.628448,84.459206
644,5.366667,-0.012216,0.933241,0.001878,0.359037,-215.110855,96.639442,84.454796
645,5.375000,-0.012947,0.933263,0.001668,0.358956,-215.114334,96.648499,84.449921
646,5.383333,-0.013377,0.933277,0.001668,0.358905,-215.115311,96.652847,84.448112
647,5.391667,-0.013768,0.933317,0.001646,0.358784,-215.115860,96.656715,84.446136
648,5.400000,-0.013760,0.933326,0.001661,0.358762,-215.116913,96.657028,84.447548
649,5.408333,-0.013840,0.933343,0.001928,0.358715,-215.115768,96.656052,84.447823
650,5.416667,-0.013536,0.933359,0.002006,0.358683,-215.115143,96.654907,84.449532
651,5.425000,-0.013828,0.933365,0.001651,0.358659,-215.116745,96.657562,84.445496
652,5.433333,-0.013835,0.933332,0.001611,0.358745,-215.121460,96.656754,84.441467
653,5.441667,-0.013596,0.933298,0.001662,0.358842,-215.125793,96.653923,84.437584
654,5.450000,-0.013451,0.933268,0.001863,0.358923,-215.128754,96.650192,84.437195
655,5.458333,-0.013419,0.933266,0.001841,0.358931,-215.128296,96.648933,84.436211
656,5.466667,-0.013061,0.933313,0.003318,0.358811,-215.130325,96.654305,84.435799
657,5.475000,-0.013228,0.933260,0.002302,0.358950,-215.127563,96.650604,84.437157
658,5.483333,-0.011134,0.933115,0.001946,0.359401,-215.128510,96.629707,84.448654
659,5.491667,-0.010333,0.933132,0.003207,0.359371,-215.133255,96.632912,84.448776
660,5.500000,-0.010047,0.933087,0.003506,0.359493,-215.134048,96.632042,84.451294
661,5.508333,-0.010989,0.933129,0.002454,0.359365,-215.118149,96.631012,84.454086
662,5.516667,-0.011008,0.933260,0.003645,0.359015,-215.112656,96.639107,84.456718
663,5.525000,-0.011321,0.933278,0.002829,0.358966,-215.104507,96.636246,84.461441
664,5.533333,-0.012682,0.933291,0.001732,0.358894,-215.106171,96.645744,84.455658
665,5.541667,-0.013167,0.933267,0.001705,0.358938,-215.112015,96.651192,84.453590
666,5.550000,-0.013421,0.933291,0.001720,0.358865,-215.113159,96.654472,84.451630
667,5.558333,-0.013383,0.933322,0.001796,0.358786,-215.114090,96.653679,84.450157
668,5.566667,-0.013203,0.933348,0.001986,0.358725,-215.114014,96.652840,84.449730
669,5.575000,-0.012944,0.933372,0.002078,0.358671,-215.114716,96.650131,84.450294
670,5.583333,-0.012742,0.933359,0.002156,0.358711,-215.115005,96.646950,84.450119
671,5.591667,-0.012612,0.933349,0.002337,0.358741,-215.115646,96.645203,84.449921
672,5.600000,-0.012885,0.933323,0.001908,0.358802,-215.120361,96.649048,84.445000
673,5.608333,-0.012839,0.933231,0.001770,0.359042,-215.125702,96.648048,84.441917
674,5.616667,-0.010914,0.933147,0.003238,0.359314,-215.129929,96.635895,84.450272
675,5.625000,-0.010455,0.933135,0.003671,0.359355,-215.134293,96.631660,84.450409
676,5.633333,-0.011164,0.933201,0.003632,0.359163,-215.125397,96.639450,84.446327
677,5.641667,-0.011877,0.933177,0.002092,0.359215,-215.122528,96.637321,84.444855
678,5.650000,-0.012111,0.933254,0.002973,0.359001,-215.123795,96.650711,84.441963
679,5.658333,-0.012932,0.933264,0.001929,0.358954,-215.120117,96.650658,84.442841
680,5.666667,-0.010956,0.933190,0.001559,0.359214,-215.110367,96.628349,84.453590
681,5.675000,-0.009504,0.933058,0.001782,0.359596,-215.107635,96.614182,84.468689
682,5.683333,-0.008696,0.933082,0.002178,0.359552,-215.097855,96.606712,84.478729
683,5.691667,-0.008410,0.933140,0.002450,0.359407,-215.089447,96.606293,84.484131
684,5.700000,-0.009764,0.933150,0.001792,0.359350,-215.097885,96.621361,84.474564
685,5.708333,-0.010492,0.933128,0.001727,0.359387,-215.104980,96.629387,84.468170
686,5.716667,-0.011357,0.933200,0.001890,0.359172,-215.109390,96.636269,84.461983
687,5.725000,-0.012803,0.933294,0.001761,0.358881,-215.115540,96.647934,84.450310
688,5.733333,-0.013828,0.933296,0.001829,0.358837,-215.124420,96.655029,84.442291
689,5.741667,-0.014588,0.933340,0.001614,0.358694,-215.129211,96.662125,84.433815
690,5.750000,-0.011519,0.933126,0.001686,0.359361,-215.128021,96.634392,84.448174
691,5.758333,-0.010011,0.933227,0.003239,0.359132,-215.128326,96.632881,84.444855
692,5.766667,-0.010242,0.933112,0.003452,0.359423,-215.135666,96.639427,84.450356
693,5.775000,-0.009598,0.933221,0.003105,0.359162,-215.131134,96.635887,84.446152
694,5.783333,-0.009894,0.933277,0.002937,0.359008,-215.130035,96.642128,84.448769
695,5.791667,-0.010041,0.933323,0.002776,0.358887,-215.127747,96.651161,84.452835
696,5.800000,-0.010225,0.933282,0.002634,0.358989,-215.123566,96.657898,84.460068
697,5.808333,-0.010179,0.933298,0.002543,0.358951,-215.118988,96.665016,84.469093
698,5.816667,-0.010373,0.933346,0.002488,0.358819,-215.114044,96.670052,84.480911
699,5.825000,-0.010438,0.933362,0.002477,0.358775,-215.108536,96.675232,84.492531
700,5.833333,-0.011376,0.933332,0.000710,0.358835,-215.091156,96.681099,84.511536
701,5.841667,-0.011356,0.933435,0.001904,0.358562,-215.087372,96.699814,84.521378
702,5.850000,-0.011314,0.933359,0.000427,0.358767,-215.084427,96.701767,84.537132
703,5.858333,-0.011266,0.933327,-0.000343,0.358851,-215.085175,96.706635,84.550789
704,5.866667,-0.011165,0.933291,-0.000481,0.358948,-215.090393,96.712639,84.561310
705,5.875000,-0.010989,0.933250,-0.000463,0.359058,-215.095337,96.715225,84.574486
706,5.883333,-0.010794,0.933182,-0.000329,0.359242,-215.099426,96.715576,84.590820
707,5.891667,-0.010444,0.933078,-0.000050,0.359521,-215.110229,96.713768,84.604233
708,5.900000,-0.010836,0.933048,-0.000081,0.359588,-215.108612,96.724983,84.619682
709,5.908333,-0.010427,0.932990,-0.000031,0.359752,-215.117889,96.727264,84.634750
710,5.916667,-0.009868,0.932992,0.000056,0.359761,-215.119812,96.726555,84.649139
711,5.925000,-0.009710,0.933083,0.000113,0.359529,-215.122131,96.731346,84.665451
712,5.933333,-0.009684,0.933185,0.000083,0.359267,-215.119476,96.736404,84.686363
713,5.941667,-0.011060,0.933277,0.001124,0.358986,-215.118362,96.720718,84.725006
714,5.950000,-0.012630,0.933108,0.001037,0.359373,-215.118317,96.714172,84.767426
715,5.958333,-0.012213,0.933661,-0.000442,0.357951,-215.114136,96.742180,84.795052
716,5.966667,-0.011033,0.933590,-0.000567,0.358173,-215.099167,96.724579,84.849579
717,5.975000,-0.011471,0.933421,0.000817,0.358598,-215.082291,96.666931,84.918922
718,5.983333,-0.010354,0.933509,0.001303,0.358401,-215.079636,96.624237,84.973457
719,5.991667,-0.011425,0.933624,0.001922,0.358067,-215.069290,96.602425,85.019669
720,6.000000,-0.011086,0.933471,0.002656,0.358472,-215.081528,96.564690,85.067924
721,6.008333,-0.009882,0.933324,0.003094,0.358886,-215.089233,96.520454,85.114548
722,6.016667,-0.009997,0.933293,0.003600,0.358959,-215.082626,96.483009,85.162659
723,6.025000,-0.009718,0.933186,0.004056,0.359240,-215.079315,96.438576,85.215759
724,6.033333,-0.011021,0.933332,0.003659,0.358828,-215.083893,96.409645,85.260376
725,6.041667,-0.007329,0.933034,0.003800,0.359694,-215.078690,96.335205,85.344154
726,6.050000,-0.006621,0.933255,0.005159,0.359116,-215.063782,96.263344,85.421288
727,6.058333,-0.007296,0.933159,0.007712,0.359307,-215.053604,96.185059,85.514893
728,6.066667,-0.007167,0.933238,0.008829,0.359078,-215.053253,96.114517,85.600693
729,6.075000,-0.005363,0.933317,0.011599,0.358825,-215.061218,96.049667,85.678429
730,6.083333,-0.003874,0.933110,0.010765,0.359410,-215.053650,95.966499,85.767303
731,6.091667,-0.006385,0.933214,0.011246,0.359088,-215.038223,95.897034,85.850677
732,6.100000,-0.006391,0.933103,0.012156,0.359347,-215.036392,95.830009,85.934570
733,6.108333,-0.006104,0.933100,0.013444,0.359314,-215.032578,95.778618,86.000679
734,6.116667,-0.005563,0.933204,0.013858,0.359035,-215.022568,95.732719,86.066833
735,6.125000,-0.003832,0.933485,0.013995,0.358322,-214.994812,95.682732,86.153290
736,6.133333,-0.003968,0.933275,0.013134,0.358900,-214.995865,95.670113,86.230942
737,6.141667,-0.001512,0.933468,0.011481,0.358473,-214.992355,95.646645,86.316330
738,6.150000,-0.001164,0.933507,0.012791,0.358329,-214.997681,95.634201,86.388206
739,6.158333,-0.003586,0.933414,0.011263,0.358608,-214.953476,95.645134,86.489548
740,6.166667,-0.005675,0.933337,0.011583,0.358770,-214.959381,95.628998,86.552513
741,6.175000,-0.005427,0.933322,0.011623,0.358811,-214.976456,95.626305,86.605042
742,6.183333,-0.005242,0.933352,0.012215,0.358716,-214.986603,95.626366,86.660240
743,6.191667,-0.005330,0.933251,0.012487,0.358967,-214.992264,95.638123,86.718269
744,6.200000,-0.006003,0.933270,0.011848,0.358929,-214.990280,95.658264,86.779694
745,6.208333,-0.006327,0.933376,0.010534,0.358688,-214.978500,95.679733,86.844704
746,6.216667,-0.006180,0.933545,0.009049,0.358293,-214.974518,95.714584,86.931297
747,6.225000,-0.007214,0.933329,0.008340,0.358854,-214.972656,95.751106,87.003052
748,6.233333,-0.007430,0.933312,0.006745,0.358925,-214.971573,95.789917,87.073013
749,6.241667,-0.007882,0.933187,0.005002,0.359269,-214.968964,95.833710,87.141251
750,6.250000,-0.008542,0.933260,0.003804,0.359079,-214.959366,95.881691,87.203003
751,6.258333,-0.008731,0.933525,0.001585,0.358402,-214.917923,95.971405,87.277229
752,6.266667,-0.008712,0.933473,0.000164,0.358542,-214.908600,96.033188,87.341209
753,6.275000,-0.008625,0.933472,-0.001094,0.358546,-214.909698,96.084961,87.398682
754,6.283333,-0.012161,0.933450,-0.002082,0.358495,-214.914658,96.140602,87.467529
755,6.291667,-0.012206,0.933653,-0.002297,0.357964,-214.911911,96.209839,87.533432
756,6.300000,-0.013870,0.933578,-0.003801,0.358086,-214.903015,96.250832,87.590744
757,6.308333,-0.014369,0.933427,-0.006154,0.358426,-214.907928,96.268944,87.649467
758,6.316667,-0.014111,0.933250,-0.007353,0.358874,-214.918060,96.289009,87.706612
759,6.325000,-0.014875,0.933314,-0.008283,0.358658,-214.907196,96.325127,87.762299
760,6.333333,-0.014863,0.933404,-0.009360,0.358397,-214.905029,96.359383,87.812271
761,6.341667,-0.015285,0.933532,-0.009764,0.358035,-214.897919,96.385750,87.861641
762,6.350000,-0.015404,0.933613,-0.010065,0.357809,-214.894684,96.406792,87.914703
763,6.358333,-0.017227,0.933550,-0.009956,0.357894,-214.899200,96.421906,87.981308
764,6.366667,-0.018282,0.933415,-0.010588,0.358175,-214.900085,96.435440,88.040298
765,6.375000,-0.017280,0.933358,-0.012133,0.358326,-214.898514,96.454521,88.101402
766,6.383333,-0.016403,0.933350,-0.012423,0.358378,-214.901215,96.453644,88.156548
767,6.391667,-0.016784,0.933462,-0.013011,0.358047,-214.887100,96.458885,88.207787
768,6.400000,-0.016449,0.933471,-0.013712,0.358014,-214.877350,96.457756,88.257957
769,6.408333,-0.016469,0.933432,-0.014274,0.358091,-214.872620,96.458282,88.305870
770,6.416667,-0.016928,0.933368,-0.014548,0.358226,-214.868332,96.455406,88.354057
771,6.425000,-0.017657,0.933174,-0.015115,0.358674,-214.861435,96.450226,88.405487
772,6.433333,-0.015800,0.932911,-0.015995,0.359404,-214.847595,96.419937,88.463394
773,6.441667,-0.017465,0.933054,-0.015376,0.358984,-214.839462,96.394615,88.519196
774,6.450000,-0.016788,0.933098,-0.014442,0.358941,-214.829605,96.366898,88.575432
775,6.458333,-0.016703,0.933096,-0.013547,0.358983,-214.827698,96.341118,88.634705
776,6.466667,-0.016698,0.933145,-0.013119,0.358873,-214.827972,96.316544,88.686279
777,6.475000,-0.017138,0.933257,-0.012845,0.358570,-214.825317,96.290253,88.727478
778,6.483333,-0.016953,0.933367,-0.013175,0.358282,-214.828949,96.270241,88.768173
779,6.491667,-0.017211,0.933366,-0.012512,0.358296,-214.832169,96.243004,88.806419
780,6.500000,-0.016479,0.933506,-0.009402,0.358060,-214.843338,96.230522,88.855232
781,6.508333,-0.016616,0.933251,-0.010997,0.358671,-214.842224,96.189842,88.898773
782,6.516667,-0.015678,0.932925,-0.012700,0.359504,-214.835663,96.143463,88.948410
783,6.525000,-0.015340,0.932611,-0.013618,0.360301,-214.835999,96.108765,88.999519
784,6.533333,-0.015089,0.932524,-0.013932,0.360523,-214.839890,96.080902,89.047462
785,6.541667,-0.015293,0.932822,-0.011492,0.359829,-214.834641,96.024010,89.101860
786,6.550000,-0.015230,0.933304,-0.006974,0.358697,-214.835541,96.021729,89.148697
787,6.558333,-0.015292,0.933078,-0.008988,0.359238,-214.824432,95.986542,89.194229
788,6.566667,-0.015440,0.932938,-0.010051,0.359567,-214.812805,95.958473,89.239044
789,6.575000,-0.015297,0.932969,-0.009565,0.359505,-214.813568,95.934540,89.277817
790,6.583333,-0.014796,0.933122,-0.009032,0.359141,-214.816742,95.912842,89.313713
791,6.591667,-0.016662,0.933252,-0.008852,0.358728,-214.804337,95.905472,89.364365
792,6.600000,-0.017046,0.933255,-0.009132,0.358695,-214.800781,95.889351,89.409378
793,6.608333,-0.015492,0.933221,-0.009802,0.358835,-214.812881,95.880043,89.458778
794,6.616667,-0.015817,0.933133,-0.010523,0.359028,-214.809158,95.868652,89.517097
795,6.625000,-0.016458,0.932723,-0.011788,0.360025,-214.808075,95.857086,89.573906
796,6.633333,-0.015113,0.932398,-0.012680,0.360894,-214.795044,95.828285,89.624008
797,6.641667,-0.014419,0.932203,-0.012509,0.361432,-214.790298,95.811478,89.678009
798,6.650000,-0.013913,0.932356,-0.011518,0.361090,-214.792053,95.790543,89.719505
799,6.658333,-0.014624,0.932817,-0.009785,0.359921,-214.785004,95.743202,89.757614
800,6.666667,-0.015235,0.933050,-0.009826,0.359290,-214.767578,95.734230,89.794212
801,6.675000,-0.015129,0.933205,-0.009937,0.358888,-214.761978,95.721695,89.830437
802,6.683333,-0.014493,0.933324,-0.009239,0.358623,-214.765137,95.703873,89.873451
803,6.691667,-0.013634,0.933378,-0.008905,0.358526,-214.768723,95.681900,89.913147
804,6.700000,-0.014623,0.933467,-0.008925,0.358254,-214.751099,95.679115,89.963799
805,6.708333,-0.015289,0.933227,-0.009433,0.358839,-214.758682,95.669350,90.017632
806,6.716667,-0.016150,0.933265,-0.009109,0.358709,-214.771652,95.647720,90.063568
807,6.725000,-0.017200,0.933307,-0.008939,0.358555,-214.760849,95.639435,90.114708
808,6.733333,-0.017073,0.933413,-0.008922,0.358286,-214.751175,95.629128,90.162453
809,6.741667,-0.015038,0.933812,-0.007463,0.357369,-214.759415,95.646049,90.207603
810,6.750000,-0.015964,0.933494,-0.010265,0.358090,-214.754669,95.627579,90.251266
811,6.758333,-0.014423,0.933226,-0.012397,0.358787,-214.743546,95.590416,90.300255
812,6.766667,-0.014476,0.932887,-0.012429,0.359664,-214.746857,95.577019,90.354874
813,6.775000,-0.015620,0.932957,-0.012227,0.359441,-214.732819,95.581398,90.390739
814,6.783333,-0.012804,0.933006,-0.010916,0.359469,-214.725143,95.546082,90.443192
815,6.791667,-0.012102,0.933035,-0.010453,0.359430,-214.736221,95.531677,90.476280
816,6.800000,-0.013559,0.933320,-0.008734,0.358682,-214.742035,95.499413,90.512566
817,6.808333,-0.013201,0.933463,-0.008231,0.358336,-214.744873,95.477165,90.547035
818,6.816667,-0.013779,0.933474,-0.008466,0.358280,-214.720840,95.476357,90.595940
819,6.825000,-0.013693,0.933496,-0.008600,0.358223,-214.727325,95.456230,90.633636
820,6.833333,-0.013717,0.933263,-0.008645,0.358828,-214.744217,95.435120,90.679443
821,6.841667,-0.015106,0.933121,-0.008735,0.359139,-214.723892,95.436630,90.735794
822,6.850000,-0.016005,0.933148,-0.008583,0.359033,-214.722519,95.427094,90.781471
823,6.858333,-0.016287,0.933202,-0.008536,0.358882,-214.723419,95.414284,90.823097
824,6.866667,-0.015572,0.933262,-0.009125,0.358742,-214.728577,95.409401,90.862022
825,6.875000,-0.014547,0.933613,-0.004757,0.357957,-214.754700,95.418999,90.907379
826,6.883333,-0.013818,0.933533,-0.004000,0.358203,-214.762741,95.404449,90.948990
827,6.891667,-0.013733,0.933121,-0.006578,0.359240,-214.755386,95.376617,90.995255
828,6.900000,-0.015362,0.932737,-0.009261,0.360110,-214.734390,95.370331,91.044884
829,6.908333,-0.015346,0.932383,-0.010987,0.360978,-214.730286,95.346848,91.092201
830,6.916667,-0.015692,0.932150,-0.011926,0.361535,-214.739700,95.336067,91.135208
831,6.925000,-0.015146,0.932149,-0.011568,0.361574,-214.723999,95.317581,91.182449
832,6.933333,-0.014147,0.932223,-0.011351,0.361429,-214.723846,95.298157,91.209366
833,6.941667,-0.012964,0.932315,-0.011160,0.361242,-214.732498,95.273796,91.233131
834,6.950000,-0.014086,0.932758,-0.009841,0.360092,-214.739395,95.239716,91.268089
835,6.958333,-0.013539,0.932859,-0.009368,0.359866,-214.747101,95.214134,91.310776
836,6.966667,-0.013458,0.932921,-0.009111,0.359714,-214.747314,95.196968,91.352127
837,6.975000,-0.015283,0.932942,-0.009154,0.359585,-214.729095,95.198898,91.407120
838,6.983333,-0.015379,0.932940,-0.008762,0.359597,-214.732056,95.187576,91.450142
839,6.991667,-0.014593,0.933012,-0.008522,0.359447,-214.742538,95.173454,91.493004
840,7.000000,-0.013602,0.933362,-0.004012,0.358656,-214.757294,95.179382,91.537231
841,7.008333,-0.013440,0.933350,-0.003582,0.358697,-214.759583,95.169144,91.572495
842,7.016667,-0.013717,0.933287,-0.003805,0.358849,-214.757187,95.156502,91.613800
843,7.025000,-0.013849,0.933247,-0.004482,0.358941,-214.751053,95.145973,91.653870
844,7.033333,-0.015419,0.933001,-0.007681,0.359460,-214.721863,95.132996,91.707535
845,7.041667,-0.015614,0.932818,-0.010429,0.359857,-214.704086,95.112663,91.755478
846,7.050000,-0.016066,0.932690,-0.011840,0.360128,-214.692505,95.107040,91.803993
847,7.058333,-0.015334,0.932679,-0.011868,0.360187,-214.694031,95.095757,91.843239
848,7.066667,-0.014384,0.932664,-0.011150,0.360288,-214.703888,95.075539,91.882973
849,7.075000,-0.013735,0.932559,-0.010558,0.360601,-214.718445,95.058762,91.922211
850,7.083333,-0.011516,0.932645,-0.009970,0.360473,-214.723877,95.029846,91.952980
851,7.091667,-0.011600,0.932763,-0.009972,0.360166,-214.703461,95.026955,91.995552
852,7.100000,-0.011170,0.932709,-0.010089,0.360314,-214.700226,95.018463,92.045181
853,7.108333,-0.010393,0.932636,-0.010169,0.360526,-214.702301,95.004784,92.085136
854,7.116667,-0.012792,0.933065,-0.008605,0.359378,-214.696838,94.978592,92.134560
855,7.125000,-0.013226,0.933330,-0.008327,0.358679,-214.697128,94.968666,92.177147
856,7.133333,-0.014614,0.933327,-0.008022,0.358640,-214.679810,94.976700,92.226944
857,7.141667,-0.014018,0.933632,-0.003898,0.357938,-214.697006,94.985008,92.263161
858,7.150000,-0.013426,0.933545,-0.003558,0.358190,-214.705688,94.963181,92.297958
859,7.158333,-0.012497,0.933401,-0.003248,0.358604,-214.714767,94.941010,92.333260
860,7.166667,-0.013823,0.933240,-0.003454,0.358970,-214.704987,94.947136,92.375748
861,7.175000,-0.013961,0.933149,-0.003771,0.359198,-214.705734,94.940269,92.411736
862,7.183333,-0.014164,0.932851,-0.006812,0.359920,-214.698700,94.912201,92.456566
863,7.191667,-0.013838,0.932586,-0.009749,0.360551,-214.690445,94.877151,92.495407
864,7.200000,-0.013707,0.932484,-0.010761,0.360792,-214.683502,94.860504,92.534645
865,7.208333,-0.013189,0.932821,-0.007558,0.360019,-214.686996,94.874680,92.564865
866,7.216667,-0.013654,0.932581,-0.006953,0.360635,-214.697952,94.878883,92.615822
867,7.225000,-0.015196,0.932787,-0.007337,0.360032,-214.687057,94.888649,92.651863
868,7.233333,-0.014283,0.932687,-0.007033,0.360336,-214.691254,94.875168,92.697510
869,7.241667,-0.013931,0.932951,-0.005491,0.359693,-214.685196,94.841446,92.738953
870,7.250000,-0.013138,0.932940,-0.006447,0.359734,-214.682602,94.815735,92.778328
871,7.258333,-0.012028,0.932636,-0.009505,0.360492,-214.672272,94.827286,92.830673
872,7.266667,-0.012585,0.932494,-0.010635,0.360809,-214.670059,94.820801,92.876610
873,7.275000,-0.014427,0.932542,-0.009248,0.360655,-214.670135,94.790558,92.926552
874,7.283333,-0.013624,0.932624,-0.008497,0.360491,-214.662842,94.764923,92.964813
875,7.291667,-0.013410,0.932719,-0.008616,0.360251,-214.660141,94.747375,92.998390
876,7.300000,-0.014352,0.932930,-0.008219,0.359677,-214.636703,94.744408,93.045609
877,7.308333,-0.013561,0.933491,-0.004030,0.358321,-214.644867,94.757858,93.083656
878,7.316667,-0.013138,0.933614,-0.004101,0.358016,-214.648865,94.746719,93.119225
879,7.325000,-0.012856,0.933683,-0.004115,0.357845,-214.653442,94.734344,93.148064
880,7.333333,-0.012460,0.933707,-0.004147,0.357798,-214.657211,94.721504,93.179222
881,7.341667,-0.012838,0.933453,-0.006451,0.358413,-214.651657,94.696838,93.222038
882,7.350000,-0.014470,0.933138,-0.007674,0.359146,-214.635559,94.698433,93.278900
883,7.358333,-0.014009,0.933027,-0.007541,0.359455,-214.641647,94.683434,93.318756
884,7.366667,-0.013841,0.932965,-0.007464,0.359624,-214.654846,94.674309,93.349770
885,7.375000,-0.016290,0.933105,-0.007237,0.359163,-214.647705,94.675102,93.394638
886,7.383333,-0.016963,0.933043,-0.006999,0.359298,-214.653534,94.669060,93.443428
887,7.391667,-0.015492,0.933038,-0.006946,0.359376,-214.648849,94.648537,93.484268
888,7.400000,-0.013475,0.932998,-0.008916,0.359518,-214.653748,94.643570,93.525932
889,7.408333,-0.011993,0.932781,-0.009178,0.360128,-214.653198,94.611916,93.570236
890,7.416667,-0.012172,0.932445,-0.009574,0.360981,-214.665009,94.598045,93.613434
891,7.425000,-0.010359,0.932551,-0.009505,0.360766,-214.663452,94.567963,93.641953
892,7.433333,-0.009856,0.932695,-0.009349,0.360410,-214.664429,94.552132,93.669029
893,7.441667,-0.011269,0.932884,-0.009303,0.359882,-214.643005,94.559174,93.708969
894,7.450000,-0.013183,0.933192,-0.007572,0.359058,-214.644150,94.529434,93.745789
895,7.458333,-0.012809,0.933260,-0.007087,0.358902,-214.649719,94.508835,93.779663
896,7.466667,-0.012392,0.933196,-0.007037,0.359084,-214.652756,94.492493,93.813225
897,7.475000,-0.013409,0.933101,-0.007304,0.359289,-214.635086,94.495712,93.854347
898,7.483333,-0.014402,0.932781,-0.007601,0.360075,-214.643478,94.490173,93.902313
899,7.491667,-0.014508,0.932573,-0.007395,0.360614,-214.663055,94.478004,93.947342
900,7.500000,-0.014452,0.932532,-0.006875,0.360733,-214.672516,94.465569,93.979698
901,7.508333,-0.014323,0.932571,-0.006679,0.360641,-214.675476,94.454041,94.010803
902,7.516667,-0.014924,0.932767,-0.006684,0.360108,-214.673798,94.444046,94.049057
903,7.525000,-0.016291,0.932832,-0.007256,0.359871,-214.658875,94.448830,94.088730
904,7.533333,-0.016240,0.932863,-0.007017,0.359796,-214.662308,94.434677,94.126915
905,7.541667,-0.014935,0.933162,-0.003224,0.359131,-214.678909,94.448608,94.167061
906,7.550000,-0.014206,0.932837,-0.007074,0.359948,-214.682297,94.431885,94.203529
907,7.558333,-0.015332,0.932275,-0.009860,0.361292,-214.684799,94.418320,94.244682
908,7.566667,-0.014891,0.931915,-0.010514,0.362218,-214.680145,94.401726,94.287781
909,7.575000,-0.014594,0.931921,-0.009490,0.362243,-214.648056,94.390610,94.339828
910,7.583333,-0.014208,0.931810,-0.009304,0.362549,-214.653824,94.381737,94.373062
911,7.591667,-0.013410,0.931807,-0.008879,0.362598,-214.666702,94.368904,94.401291
912,7.600000,-0.012715,0.932195,-0.008652,0.361630,-214.648468,94.355354,94.433235
913,7.608333,-0.012221,0.932442,-0.008489,0.361013,-214.646606,94.345078,94.462242
914,7.616667,-0.011717,0.932595,-0.008490,0.360634,-214.646530,94.334396,94.492302
915,7.625000,-0.011416,0.932664,-0.008574,0.360463,-214.643280,94.325180,94.522491
916,7.633333,-0.010964,0.932434,-0.008805,0.361067,-214.652634,94.314667,94.560394
917,7.641667,-0.009913,0.932270,-0.009146,0.361511,-214.662140,94.300476,94.591995
918,7.650000,-0.012212,0.932533,-0.007903,0.360792,-214.664047,94.275528,94.637100
919,7.658333,-0.012393,0.932540,-0.007762,0.360770,-214.666718,94.266586,94.673798
920,7.666667,-0.013912,0.932537,-0.007980,0.360717,-214.652832,94.276726,94.717331
921,7.675000,-0.014225,0.932546,-0.007959,0.360682,-214.655640,94.273552,94.747643
922,7.683333,-0.014020,0.932622,-0.007796,0.360498,-214.663193,94.261749,94.781425
923,7.691667,-0.012284,0.933239,-0.003526,0.359029,-214.681702,94.275185,94.829575
924,7.700000,-0.011964,0.933304,-0.002825,0.358876,-214.685059,94.269958,94.860992
925,7.708333,-0.011855,0.933258,-0.003099,0.358998,-214.682846,94.266273,94.888275
926,7.716667,-0.013055,0.933232,-0.003585,0.359020,-214.660126,94.271057,94.925163
927,7.725000,-0.012516,0.933313,-0.003362,0.358829,-214.659637,94.262077,94.955421
928,7.733333,-0.011922,0.933135,-0.006007,0.359279,-214.654037,94.234749,94.991653
929,7.741667,-0.011951,0.932887,-0.008283,0.359876,-214.642792,94.214928,95.025284
930,7.750000,-0.013914,0.932459,-0.010186,0.360865,-214.618866,94.223610,95.069382
931,7.758333,-0.014406,0.932248,-0.010813,0.361371,-214.614609,94.222801,95.105675
932,7.766667,-0.015242,0.932200,-0.010634,0.361467,-214.618973,94.224068,95.144341
933,7.775000,-0.013794,0.932029,-0.009465,0.361996,-214.627625,94.203377,95.196846
934,7.783333,-0.012195,0.932298,-0.005869,0.361438,-214.643448,94.203857,95.235413
935,7.791667,-0.011290,0.932279,-0.006106,0.361513,-214.645508,94.189041,95.266945
936,7.800000,-0.009513,0.932400,-0.007374,0.361228,-214.630417,94.151955,95.292305
937,7.808333,-0.008999,0.932381,-0.008561,0.361264,-214.624878,94.126251,95.327660
938,7.816667,-0.012114,0.932583,-0.008143,0.360661,-214.601822,94.123795,95.379082
939,7.825000,-0.012511,0.932619,-0.008035,0.360556,-214.608582,94.117508,95.407951
940,7.833333,-0.012264,0.932693,-0.007813,0.360378,-214.613510,94.103348,95.433792
941,7.841667,-0.008771,0.932580,-0.009362,0.360735,-214.624878,94.101219,95.463234
942,7.850000,-0.011310,0.932615,-0.007580,0.360616,-214.624603,94.071953,95.489708
943,7.858333,-0.013103,0.932578,-0.007334,0.360655,-214.601929,94.075920,95.536728
944,7.866667,-0.012780,0.932532,-0.007048,0.360792,-214.599487,94.062332,95.574043
945,7.875000,-0.012415,0.932524,-0.006578,0.360835,-214.603561,94.045044,95.609062
946,7.883333,-0.011437,0.933087,-0.001470,0.359465,-214.624146,94.059494,95.626251
947,7.891667,-0.011599,0.933175,-0.001212,0.359233,-214.629822,94.049698,95.646973
948,7.900000,-0.011552,0.933213,-0.001518,0.359136,-214.630814,94.037163,95.674446
949,7.908333,-0.013151,0.932935,-0.004773,0.359773,-214.600464,94.016426,95.717979
950,7.916667,-0.013056,0.932557,-0.007314,0.360712,-214.596802,93.983612,95.753563
951,7.925000,-0.012918,0.932243,-0.008570,0.361500,-214.601181,93.961937,95.782486
952,7.933333,-0.013242,0.931737,-0.008424,0.362796,-214.615494,93.959236,95.824760
953,7.941667,-0.013396,0.931616,-0.007965,0.363109,-214.628357,93.957672,95.847496
954,7.950000,-0.013579,0.931669,-0.007573,0.362975,-214.635544,93.955269,95.864372
955,7.958333,-0.013152,0.932020,-0.005246,0.362131,-214.643814,93.963959,95.877304
956,7.966667,-0.012995,0.932195,-0.005137,0.361686,-214.645203,93.964180,95.890099
957,7.975000,-0.013771,0.932177,-0.006076,0.361690,-214.645203,93.967163,95.903809
958,7.983333,-0.013755,0.932159,-0.006519,0.361729,-214.641815,93.966965,95.919693
959,7.991667,-0.012842,0.932208,-0.005699,0.361649,-214.630508,93.954124,95.943085
960,8.000000,-0.012732,0.932205,-0.005858,0.361659,-214.625519,93.956795,95.952652
961,8.008333,-0.012663,0.932203,-0.005868,0.361667,-214.623932,93.957153,95.958893
962,8.016667,-0.012613,0.932220,-0.006040,0.361621,-214.623230,93.953850,95.966759
963,8.025000,-0.011582,0.932337,-0.005926,0.361355,-214.617371,93.938293,95.971687
964,8.033333,-0.011245,0.932388,-0.005818,0.361236,-214.618591,93.927727,95.976547
965,8.041667,-0.010982,0.932342,-0.005931,0.361361,-214.622589,93.918732,95.980934
966,8.050000,-0.010560,0.932349,-0.005755,0.361361,-214.624054,93.904968,95.987961
967,8.058333,-0.011623,0.932543,-0.004772,0.360841,-214.622253,93.880943,96.002670
968,8.066667,-0.009993,0.932343,-0.005367,0.361396,-214.626694,93.873283,96.001625
969,8.075000,-0.009771,0.932166,-0.006804,0.361836,-214.625214,93.847870,96.010132
970,8.083333,-0.009751,0.931944,-0.007777,0.362387,-214.620789,93.818802,96.017197
971,8.091667,-0.010745,0.931846,-0.008212,0.362602,-214.596375,93.809135,96.037773
972,8.100000,-0.010492,0.931740,-0.007866,0.362890,-214.596100,93.786179,96.044884
973,8.108333,-0.010252,0.931718,-0.007613,0.362957,-214.599030,93.761024,96.048370
974,8.116667,-0.012297,0.932123,-0.005936,0.361884,-214.603592,93.714943,96.055222
975,8.125000,-0.012135,0.932344,-0.005702,0.361324,-214.613647,93.674210,96.053635
976,8.133333,-0.012546,0.932502,-0.005454,0.360906,-214.619537,93.636414,96.054115
977,8.141667,-0.012706,0.932547,-0.005173,0.360787,-214.622635,93.600952,96.056824
978,8.150000,-0.012671,0.932494,-0.004661,0.360933,-214.628265,93.568649,96.062866
979,8.158333,-0.013202,0.932286,-0.004085,0.361458,-214.635971,93.540771,96.073776
980,8.166667,-0.011241,0.932294,-0.002818,0.361516,-214.615463,93.494484,96.092239
981,8.175000,-0.010284,0.932355,-0.001992,0.361393,-214.618759,93.457527,96.094582
982,8.183333,-0.009144,0.932391,-0.001328,0.361333,-214.624878,93.421257,96.097527
983,8.191667,-0.008157,0.932326,-0.000642,0.361526,-214.632996,93.384689,96.096024
984,8.200000,-0.007129,0.932247,0.000057,0.361751,-214.638870,93.343719,96.097984
985,8.208333,-0.006432,0.932178,0.000793,0.361942,-214.640457,93.301682,96.104622
986,8.216667,-0.006100,0.932212,0.001414,0.361859,-214.639404,93.261810,96.115784
987,8.225000,-0.008512,0.932437,0.002125,0.361227,-214.627151,93.202553,96.139977
988,8.233333,-0.009669,0.932448,0.001741,0.361170,-214.617126,93.153313,96.157921
989,8.241667,-0.010185,0.932482,0.001505,0.361069,-214.613251,93.110725,96.171005
990,8.250000,-0.010399,0.932495,0.001569,0.361030,-214.608597,93.079285,96.186539
991,8.258333,-0.008775,0.932648,0.002887,0.360670,-214.604523,93.015694,96.221069
992,8.266667,-0.008203,0.932734,0.003512,0.360454,-214.607742,92.974922,96.235542
993,8.275000,-0.007640,0.932771,0.004277,0.360364,-214.611847,92.936981,96.250977
994,8.283333,-0.007169,0.932719,0.004867,0.360501,-214.619186,92.907211,96.263374
995,8.291667,-0.006971,0.932680,0.005374,0.360597,-214.623169,92.886940,96.277847
996,8.300000,-0.006839,0.932527,0.005683,0.360991,-214.626663,92.876495,96.292809
997,8.308333,-0.006972,0.932422,0.005409,0.361265,-214.626022,92.864784,96.318787
998,8.316667,-0.007145,0.932238,0.004807,0.361743,-214.619781,92.856522,96.340889
999,8.325000,-0.007272,0.932164,0.004424,0.361935,-214.613007,92.855156,96.364937
1000,8.333333,-0.007585,0.932175,0.004412,0.361903,-214.607620,92.857635,96.387825
1001,8.341667,-0.005147,0.932097,0.002924,0.362161,-214.611267,92.879913,96.407829
1002,8.350000,-0.005291,0.932102,0.003059,0.362145,-214.611740,92.889290,96.424919
1003,8.358333,-0.005409,0.932163,0.002853,0.361987,-214.611908,92.901009,96.442520
1004,8.366667,-0.005336,0.932205,0.002656,0.361880,-214.612152,92.915527,96.461342
1005,8.375000,-0.005051,0.932280,0.002592,0.361692,-214.611191,92.932854,96.478882
1006,8.383333,-0.005205,0.932389,0.002543,0.361411,-214.611603,92.951874,96.499382
1007,8.391667,-0.005054,0.932413,0.002425,0.361352,-214.612076,92.973671,96.518486
1008,8.400000,-0.005058,0.932506,0.002329,0.361113,-214.611740,92.996201,96.535797
1009,8.408333,-0.005414,0.932576,0.002139,0.360926,-214.610123,93.024994,96.551315
1010,8.416667,-0.007781,0.932261,0.001727,0.361700,-214.621445,93.070755,96.580605
1011,8.425000,-0.008246,0.932154,0.001057,0.361966,-214.621613,93.098083,96.599670
1012,8.433333,-0.008411,0.932114,0.001562,0.362063,-214.622543,93.126915,96.624710
1013,8.441667,-0.008839,0.932128,0.001314,0.362017,-214.618469,93.152168,96.645882
1014,8.450000,-0.009441,0.932164,0.000954,0.361912,-214.612671,93.172195,96.664223
1015,8.458333,-0.009886,0.932164,0.000532,0.361901,-214.607056,93.185524,96.679413
1016,8.466667,-0.010309,0.932164,0.000061,0.361889,-214.605164,93.194191,96.694946
1017,8.475000,-0.010314,0.932208,0.000294,0.361776,-214.606445,93.200043,96.718178
1018,8.483333,-0.010309,0.932133,0.000416,0.361970,-214.607162,93.210129,96.738098
1019,8.491667,-0.008820,0.932183,0.000354,0.361881,-214.600677,93.201569,96.751328
1020,8.500000,-0.008297,0.932215,0.000143,0.361809,-214.605301,93.198685,96.760483
1021,8.508333,-0.009035,0.932468,0.000607,0.361140,-214.608414,93.190399,96.779327
1022,8.516667,-0.008715,0.932567,0.000774,0.360891,-214.608597,93.182327,96.801437
1023,8.525000,-0.008529,0.932571,0.000872,0.360885,-214.607758,93.180061,96.819794
1024,8.533333,-0.008995,0.932600,0.001014,0.360797,-214.607407,93.180885,96.836777
1025,8.541667,-0.008977,0.932615,0.001046,0.360760,-214.606400,93.178017,96.852997
1026,8.550000,-0.010401,0.932434,0.001162,0.361189,-214.613342,93.192001,96.882675
1027,8.558333,-0.010411,0.932294,0.001233,0.361549,-214.610626,93.188469,96.904167
1028,8.566667,-0.010449,0.932137,0.000631,0.361954,-214.605972,93.182899,96.922714
1029,8.575000,-0.008966,0.931994,-0.001279,0.362361,-214.606827,93.184059,96.941925
1030,8.583333,-0.007972,0.931971,-0.001734,0.362441,-214.598328,93.163841,96.951851
1031,8.591667,-0.007570,0.931996,-0.001862,0.362385,-214.597672,93.149902,96.962906
1032,8.600000,-0.007223,0.932038,-0.001958,0.362283,-214.600021,93.141418,96.973679
1033,8.608333,-0.007218,0.932049,-0.001829,0.362255,-214.604568,93.133553,96.980774
1034,8.616667,-0.007021,0.932067,-0.001932,0.362213,-214.608765,93.125458,96.987206
1035,8.625000,-0.007141,0.932106,-0.002044,0.362110,-214.613800,93.118492,96.992752
1036,8.633333,-0.007025,0.932109,-0.001975,0.362104,-214.618301,93.108658,96.998390
1037,8.641667,-0.007632,0.932141,-0.001988,0.362011,-214.605240,93.109474,97.015190
1038,8.650000,-0.007577,0.932165,-0.001938,0.361950,-214.605331,93.101715,97.024567
1039,8.658333,-0.007222,0.932111,-0.001857,0.362097,-214.615662,93.086258,97.029076
1040,8.666667,-0.006726,0.932105,-0.001705,0.362123,-214.624710,93.067413,97.032120
1041,8.675000,-0.006328,0.932178,-0.001421,0.361942,-214.632965,93.045662,97.035110
1042,8.683333,-0.008705,0.932422,0.000082,0.361267,-214.629410,93.011528,97.042671
1043,8.691667,-0.008884,0.932548,0.000257,0.360936,-214.627121,92.986778,97.051300
1044,8.700000,-0.008974,0.932617,0.000696,0.360756,-214.624649,92.962280,97.061005
1045,8.708333,-0.008580,0.932595,0.001069,0.360820,-214.619263,92.939934,97.076355
1046,8.716667,-0.008776,0.932571,0.001728,0.360877,-214.615448,92.921196,97.088043
1047,8.725000,-0.009305,0.932585,0.002292,0.360824,-214.619232,92.903366,97.099213
1048,8.733333,-0.009218,0.932604,0.002538,0.360775,-214.627930,92.885666,97.109268
1049,8.741667,-0.008149,0.932440,0.003302,0.361219,-214.633255,92.847122,97.124893
1050,8.750000,-0.009155,0.932138,0.003553,0.361970,-214.653610,92.826370,97.137344
1051,8.758333,-0.008431,0.931944,0.003750,0.362486,-214.671188,92.786415,97.144119
1052,8.766667,-0.006700,0.931896,0.002892,0.362651,-214.673859,92.720642,97.152374
1053,8.775000,-0.005831,0.931714,0.002290,0.363139,-214.676376,92.663277,97.156975
1054,8.783333,-0.005385,0.931592,0.002575,0.363457,-214.681320,92.605797,97.161339
1055,8.791667,-0.004707,0.931559,0.002921,0.363547,-214.687210,92.553276,97.160118
1056,8.800000,-0.006726,0.931837,0.004682,0.362785,-214.683990,92.489449,97.162483
1057,8.808333,-0.006965,0.932023,0.005654,0.362289,-214.683350,92.442474,97.158897
1058,8.816667,-0.006579,0.932201,0.006148,0.361830,-214.684647,92.406746,97.152794
1059,8.825000,-0.006637,0.932356,0.006662,0.361420,-214.683411,92.380676,97.149193
1060,8.833333,-0.006511,0.932405,0.007066,0.361286,-214.683014,92.365280,97.145287
1061,8.841667,-0.005401,0.932416,0.008114,0.361254,-214.677139,92.343117,97.152779
1062,8.850000,-0.005373,0.932391,0.008381,0.361315,-214.679169,92.333694,97.153839
1063,8.858333,-0.004938,0.932479,0.008230,0.361096,-214.681747,92.327728,97.160568
1064,8.866667,-0.004688,0.932442,0.008242,0.361194,-214.679337,92.323112,97.164909
1065,8.875000,-0.005082,0.932487,0.008040,0.361078,-214.679214,92.331245,97.160851
1066,8.883333,-0.005394,0.932367,0.008115,0.361383,-214.675781,92.338394,97.153297
1067,8.891667,-0.006818,0.932319,0.007183,0.361501,-214.682953,92.360291,97.143600
1068,8.900000,-0.007039,0.932293,0.007000,0.361568,-214.685410,92.369164,97.145744
1069,8.908333,-0.007232,0.932272,0.007131,0.361616,-214.687729,92.370651,97.148300
1070,8.916667,-0.005967,0.932236,0.008152,0.361709,-214.684326,92.351662,97.163757
1071,8.925000,-0.005789,0.932186,0.008337,0.361836,-214.686707,92.340523,97.168480
1072,8.933333,-0.005433,0.932284,0.008018,0.361598,-214.687439,92.333099,97.176636
1073,8.941667,-0.005224,0.932313,0.007957,0.361528,-214.685654,92.330940,97.175529
1074,8.950000,-0.005278,0.932404,0.007948,0.361291,-214.683228,92.332191,97.172829
1075,8.958333,-0.006601,0.932320,0.007263,0.361501,-214.690262,92.351738,97.156296
1076,8.966667,-0.006660,0.932329,0.007009,0.361481,-214.692871,92.360428,97.152748
1077,8.975000,-0.006471,0.932313,0.007073,0.361524,-214.691635,92.362396,97.152695
1078,8.983333,-0.006210,0.932330,0.007049,0.361487,-214.690231,92.362175,97.152122
1079,8.991667,-0.005112,0.932353,0.007932,0.361426,-214.682693,92.344269,97.163200
1080,9.000000,-0.004797,0.932345,0.008045,0.361448,-214.679306,92.334610,97.167465
1081,9.008333,-0.004467,0.932441,0.007928,0.361207,-214.675873,92.328957,97.175163
1082,9.016667,-0.004223,0.932303,0.007857,0.361567,-214.666245,92.327110,97.163979
1083,9.025000,-0.004002,0.932289,0.007384,0.361617,-214.656647,92.330116,97.155777
1084,9.033333,-0.005153,0.932161,0.006939,0.361941,-214.649551,92.348434,97.157936
1085,9.041667,-0.004793,0.932142,0.006615,0.362001,-214.635803,92.352470,97.155258
1086,9.050000,-0.004053,0.932135,0.006063,0.362039,-214.619705,92.353546,97.149445
1087,9.058333,-0.003813,0.932100,0.005376,0.362142,-214.605499,92.346283,97.135048
1088,9.066667,-0.004145,0.932121,0.004300,0.362098,-214.587540,92.316414,97.114853
1089,9.075000,-0.003096,0.932088,0.002596,0.362210,-214.561844,92.236847,97.085503
1090,9.083333,-0.003098,0.932286,0.001157,0.361706,-214.561127,92.181641,97.061562
1091,9.091667,-0.003215,0.932776,0.000902,0.360441,-214.582397,92.161476,97.053230
1092,9.100000,-0.002215,0.932955,0.001098,0.359985,-214.598038,92.152756,97.058426
1093,9.108333,-0.001771,0.933191,0.002660,0.359365,-214.603775,92.151955,97.084602
1094,9.116667,-0.000647,0.933306,0.002949,0.359068,-214.603897,92.155838,97.118195
1095,9.125000,-0.000904,0.933109,0.003093,0.359580,-214.606003,92.157852,97.154739
1096,9.133333,-0.000624,0.932960,0.003441,0.359963,-214.607285,92.152702,97.196510
1097,9.141667,-0.000111,0.932857,0.003903,0.360227,-214.607697,92.145332,97.237022
1098,9.150000,0.000695,0.932821,0.004904,0.360305,-214.608978,92.137245,97.284988
1099,9.158333,0.001410,0.932854,0.006199,0.360199,-214.609283,92.130836,97.338234
1100,9.166667,0.003020,0.932814,0.009858,0.360212,-214.609818,92.132118,97.417709
1101,9.175000,0.003615,0.932526,0.012161,0.360881,-214.607056,92.137466,97.507454
1102,9.183333,0.005815,0.932322,0.014087,0.361308,-214.596436,92.127396,97.614822
1103,9.191667,0.004948,0.932617,0.016990,0.360433,-214.577820,92.110306,97.738075
1104,9.200000,0.004529,0.932665,0.019519,0.360188,-214.556366,92.117424,97.850128
1105,9.208333,0.007096,0.932636,0.022038,0.360075,-214.517426,92.103020,97.930008
1106,9.216667,0.009197,0.932605,0.023645,0.360007,-214.491409,92.102852,98.003731
1107,9.225000,0.010741,0.932771,0.026817,0.359309,-214.475174,92.110519,98.073654
1108,9.233333,0.012555,0.932778,0.028044,0.359140,-214.464310,92.114471,98.133636
1109,9.241667,0.013536,0.932689,0.029229,0.359241,-214.461563,92.113022,98.190720
1110,9.250000,0.012674,0.932611,0.029517,0.359452,-214.472321,92.118172,98.246231
1111,9.258333,0.010955,0.932781,0.030807,0.358957,-214.486481,92.121376,98.295082
1112,9.266667,0.010067,0.932896,0.032048,0.358577,-214.500717,92.127296,98.325325
1113,9.275000,0.009586,0.932965,0.032925,0.358330,-214.510895,92.130516,98.341850
1114,9.283333,0.009489,0.933037,0.033178,0.358122,-214.513138,92.133163,98.345772
1115,9.291667,0.009417,0.933068,0.033080,0.358052,-214.506454,92.132652,98.337173
1116,9.300000,0.010071,0.933044,0.032104,0.358185,-214.489151,92.130836,98.313271
1117,9.308333,0.011149,0.933057,0.031114,0.358206,-214.470551,92.123344,98.289932
1118,9.316667,0.012600,0.932938,0.030526,0.358520,-214.466049,92.130455,98.239151
1119,9.325000,0.012747,0.933046,0.029503,0.358319,-214.470505,92.122635,98.193199
1120,9.333333,0.011556,0.933163,0.027971,0.358177,-214.483383,92.122917,98.135857
1121,9.341667,0.010112,0.933267,0.026849,0.358036,-214.499283,92.118034,98.076294
1122,9.350000,0.008820,0.933245,0.025958,0.358193,-214.521790,92.116325,98.009483
1123,9.358333,0.005477,0.933264,0.023486,0.358381,-214.551682,92.129929,97.940147
1124,9.366667,0.004030,0.933355,0.021002,0.358318,-214.573242,92.127403,97.854744
1125,9.375000,0.004418,0.933503,0.017626,0.358108,-214.575027,92.118263,97.748718
1126,9.383333,0.004111,0.933668,0.015570,0.357778,-214.572067,92.120636,97.643417
1127,9.391667,0.005164,0.933588,0.011211,0.358137,-214.572113,92.141747,97.528854
1128,9.400000,0.004266,0.933917,0.008791,0.357357,-214.569717,92.143196,97.448006
1129,9.408333,0.003830,0.934175,0.007362,0.356718,-214.573486,92.141655,97.383881
1130,9.416667,0.003320,0.934277,0.006630,0.356471,-214.583237,92.140724,97.339188
1131,9.425000,0.002578,0.934188,0.006443,0.356713,-214.600540,92.142120,97.308304
1132,9.433333,0.001402,0.934034,0.006497,0.357123,-214.623611,92.145653,97.288628
1133,9.441667,0.000790,0.933924,0.006519,0.357410,-214.638779,92.148560,97.277779
1134,9.450000,0.000283,0.933864,0.006619,0.357566,-214.642334,92.147217,97.275246
1135,9.458333,0.000476,0.933820,0.006586,0.357682,-214.635559,92.144554,97.282524
1136,9.466667,0.001026,0.933830,0.006740,0.357653,-214.617828,92.140160,97.298126
1137,9.475000,0.001788,0.933978,0.007328,0.357252,-214.597061,92.134888,97.327164
1138,9.483333,0.003061,0.934204,0.007902,0.356640,-214.582153,92.134277,97.361404
1139,9.491667,0.004441,0.934454,0.008562,0.355953,-214.571472,92.133484,97.409416
1140,9.500000,0.005414,0.934294,0.010256,0.356315,-214.575531,92.131630,97.490921
1141,9.508333,0.003848,0.934373,0.014007,0.356001,-214.579193,92.115791,97.595177
1142,9.516667,0.003896,0.934202,0.016971,0.356320,-214.584015,92.117264,97.695091
1143,9.525000,0.004354,0.933990,0.019437,0.356744,-214.577194,92.113426,97.797134
1144,9.533333,0.004207,0.933833,0.021469,0.357040,-214.568573,92.121056,97.884453
1145,9.541667,0.005443,0.933672,0.023176,0.357338,-214.548584,92.117432,97.957077
1146,9.550000,0.008171,0.933663,0.025571,0.357147,-214.519287,92.108574,98.017601
1147,9.558333,0.010319,0.933544,0.026960,0.357299,-214.498230,92.110352,98.074821
1148,9.566667,0.011900,0.933542,0.027736,0.357196,-214.478638,92.113884,98.124336
1149,9.575000,0.012762,0.933661,0.028622,0.356785,-214.470215,92.115410,98.164833
1150,9.583333,0.013460,0.933682,0.029682,0.356617,-214.471176,92.110825,98.205528
1151,9.591667,0.012012,0.933817,0.030202,0.356271,-214.481567,92.109634,98.249451
1152,9.600000,0.011210,0.933856,0.031935,0.356043,-214.496872,92.120071,98.271782
1153,9.608333,0.010358,0.933879,0.032921,0.355919,-214.512222,92.124542,98.282196
1154,9.616667,0.009302,0.933755,0.032263,0.356334,-214.524841,92.130783,98.277977
1155,9.625000,0.009698,0.933674,0.032256,0.356537,-214.524109,92.126923,98.265282
1156,9.633333,0.010359,0.933595,0.031169,0.356823,-214.511154,92.117744,98.235191
1157,9.641667,0.011618,0.933445,0.029813,0.357291,-214.498138,92.116318,98.182907
1158,9.650000,0.011406,0.933532,0.027748,0.357238,-214.491653,92.117050,98.133278
1159,9.658333,0.010928,0.933642,0.026736,0.357040,-214.487915,92.115372,98.084702
1160,9.666667,0.009925,0.933640,0.025911,0.357136,-214.490585,92.115196,98.030327
1161,9.675000,0.008472,0.933592,0.024103,0.357426,-214.500000,92.111519,97.967987
1162,9.683333,0.005058,0.933501,0.021742,0.357878,-214.529282,92.128189,97.897881
1163,9.691667,0.003748,0.933397,0.018943,0.358326,-214.553375,92.126884,97.808174
1164,9.700000,0.003915,0.933509,0.016099,0.358171,-214.557693,92.117783,97.711441
1165,9.708333,0.006229,0.933434,0.013785,0.358429,-214.564590,92.140015,97.597885
1166,9.716667,0.005313,0.933798,0.011271,0.357585,-214.568848,92.145988,97.512207
1167,9.725000,0.003872,0.934047,0.009094,0.357013,-214.582794,92.143112,97.437874
1168,9.733333,0.003270,0.934212,0.007839,0.356618,-214.598633,92.136833,97.385124
1169,9.741667,0.002548,0.934188,0.007534,0.356693,-214.617447,92.137878,97.347733
1170,9.750000,0.001636,0.934107,0.007260,0.356916,-214.629242,92.139420,97.325584
1171,9.758333,0.001229,0.934017,0.007002,0.357158,-214.630753,92.140869,97.316673
1172,9.766667,0.001063,0.933945,0.007156,0.357344,-214.624817,92.140320,97.314651
1173,9.775000,0.001471,0.933932,0.007261,0.357375,-214.608185,92.137871,97.326248
1174,9.783333,0.002301,0.934018,0.007299,0.357145,-214.592865,92.137390,97.343895
1175,9.791667,0.003233,0.934247,0.007883,0.356524,-214.581879,92.136635,97.374252
1176,9.800000,0.004146,0.934387,0.008589,0.356132,-214.579849,92.137421,97.411957
1177,9.808333,0.005055,0.934156,0.010126,0.356685,-214.589813,92.131653,97.479378
1178,9.816667,0.004001,0.933828,0.011273,0.357524,-214.614700,92.143135,97.554283
1179,9.825000,0.003018,0.934011,0.015999,0.356873,-214.613510,92.123070,97.659081
1180,9.833333,0.003377,0.933868,0.018101,0.357144,-214.603043,92.116951,97.746696
1181,9.841667,0.004104,0.933855,0.020235,0.357056,-214.586639,92.114891,97.831268
1182,9.850000,0.004234,0.933729,0.022007,0.357278,-214.570831,92.121590,97.906837
1183,9.858333,0.007080,0.933667,0.024445,0.357238,-214.538956,92.113022,97.970757
1184,9.866667,0.009103,0.933477,0.025677,0.357601,-214.508087,92.112503,98.024063
1185,9.875000,0.010955,0.933453,0.026667,0.357540,-214.483261,92.114067,98.073921
1186,9.883333,0.012364,0.933477,0.027290,0.357384,-214.462921,92.117157,98.113678
1187,9.891667,0.013012,0.933491,0.027874,0.357280,-214.456009,92.118355,98.143158
1188,9.900000,0.013474,0.933383,0.028673,0.357482,-214.457016,92.112885,98.173454
1189,9.908333,0.013048,0.933326,0.029188,0.357604,-214.469879,92.114243,98.190483
1190,9.916667,0.012681,0.933336,0.029501,0.357566,-214.487625,92.113564,98.197563
1191,9.925000,0.011873,0.933338,0.029833,0.357561,-214.515137,92.117622,98.196060
1192,9.933333,0.010363,0.933298,0.029659,0.357725,-214.544922,92.124229,98.183601
1193,9.941667,0.009451,0.933259,0.029317,0.357880,-214.562408,92.121910,98.156250
1194,9.950000,0.008648,0.933203,0.028105,0.358145,-214.568146,92.117218,98.110260
1195,9.958333,0.008474,0.933182,0.026913,0.358296,-214.561844,92.112206,98.065712
1196,9.966667,0.008090,0.933126,0.025838,0.358529,-214.545578,92.109238,98.011360
1197,9.975000,0.006398,0.932985,0.023576,0.359085,-214.532928,92.121475,97.961548
1198,9.983333,0.005526,0.933041,0.020911,0.359119,-214.523224,92.125542,97.893562
1199,9.991667,0.006119,0.933127,0.018205,0.359034,-214.514755,92.111626,97.809570
1200,10.000000,0.005964,0.933154,0.015694,0.359084,-214.519501,92.109726,97.716949
1201,10.008333,0.004408,0.933437,0.015024,0.358400,-214.537811,92.125465,97.630318
1202,10.016667,0.004388,0.933302,0.011474,0.358883,-214.571075,92.156975,97.545097
1203,10.025000,0.003224,0.933385,0.010364,0.358713,-214.596603,92.150841,97.490364
1204,10.033333,0.001627,0.933393,0.009126,0.358735,-214.631195,92.150459,97.449707
1205,10.041667,0.000835,0.933364,0.008740,0.358823,-214.656189,92.147148,97.420959
1206,10.050000,0.000815,0.933364,0.008809,0.358823,-214.668900,92.143784,97.405006
1207,10.058333,0.001040,0.933381,0.008921,0.358774,-214.665741,92.140266,97.397346
1208,10.066667,0.001542,0.933458,0.009080,0.358567,-214.650375,92.135193,97.399078
1209,10.075000,0.002557,0.933610,0.009316,0.358160,-214.622879,92.129684,97.412895
1210,10.083333,0.004200,0.933611,0.010030,0.358123,-214.592285,92.126205,97.452011
1211,10.091667,0.005258,0.933680,0.010450,0.357917,-214.563324,92.130646,97.499687
1212,10.100000,0.006911,0.933644,0.011992,0.357935,-214.543015,92.131844,97.572670
1213,10.108333,0.005225,0.933961,0.014762,0.357033,-214.528610,92.119133,97.656960
1214,10.116667,0.006015,0.933922,0.016691,0.357035,-214.528625,92.100891,97.753906
1215,10.125000,0.005136,0.933758,0.018904,0.357367,-214.537598,92.111931,97.840919
1216,10.133333,0.005418,0.933725,0.021039,0.357333,-214.538910,92.114029,97.913567
1217,10.141667,0.007945,0.933812,0.024560,0.356833,-214.536102,92.111023,97.976143
1218,10.150000,0.008830,0.933702,0.025981,0.356997,-214.541916,92.111565,98.026833
1219,10.158333,0.009567,0.933620,0.026526,0.357154,-214.547302,92.109772,98.068947
1220,10.166667,0.010110,0.933603,0.027547,0.357107,-214.546463,92.107086,98.107323
1221,10.175000,0.010456,0.933519,0.028123,0.357270,-214.540314,92.108704,98.132248
1222,10.183333,0.010755,0.933408,0.028675,0.357507,-214.535980,92.110542,98.158958
1223,10.191667,0.011009,0.933478,0.028848,0.357303,-214.538101,92.111984,98.174843
1224,10.200000,0.011663,0.933585,0.029263,0.356970,-214.538101,92.108109,98.179092
1225,10.208333,0.011286,0.933561,0.028906,0.357072,-214.536758,92.111656,98.170540
1226,10.216667,0.010753,0.933552,0.028377,0.357156,-214.534348,92.114876,98.150780
1227,10.225000,0.010430,0.933556,0.027967,0.357187,-214.536377,92.113411,98.125069
1228,10.233333,0.009827,0.933552,0.027429,0.357256,-214.537842,92.112480,98.088600
1229,10.241667,0.007867,0.933465,0.025802,0.357653,-214.544968,92.123299,98.039825
1230,10.250000,0.005529,0.933510,0.023993,0.357706,-214.552689,92.139244,97.982010
1231,10.258333,0.002121,0.933429,0.020929,0.358144,-214.564163,92.163109,97.918533
1232,10.266667,0.000879,0.933473,0.017928,0.358198,-214.566223,92.164742,97.843697
1233,10.275000,0.001738,0.933621,0.014824,0.357950,-214.556641,92.147621,97.747780
1234,10.283333,0.000532,0.933711,0.011706,0.357836,-214.555481,92.153954,97.661362
1235,10.291667,0.002442,0.933579,0.010116,0.358222,-214.562576,92.181084,97.573685
1236,10.300000,0.002224,0.933818,0.009143,0.357624,-214.566345,92.183647,97.517349
1237,10.308333,0.001552,0.933956,0.008110,0.357292,-214.580078,92.181488,97.471268
1238,10.316667,0.000126,0.934066,0.007042,0.357031,-214.611572,92.179359,97.430542
1239,10.325000,-0.000788,0.934043,0.007147,0.357088,-214.646652,92.174683,97.409752
1240,10.333333,-0.000991,0.933972,0.007716,0.357261,-214.674133,92.168961,97.402397
1241,10.341667,-0.000462,0.933854,0.008727,0.357547,-214.692810,92.159637,97.408157
1242,10.350000,0.000573,0.933799,0.009774,0.357664,-214.696594,92.147476,97.422096
1243,10.358333,0.001697,0.933814,0.010729,0.357593,-214.686752,92.136635,97.444557
1244,10.366667,0.003236,0.933849,0.011384,0.357473,-214.667221,92.126747,97.478271
1245,10.375000,0.002287,0.933971,0.013618,0.357082,-214.635513,92.113052,97.544106
1246,10.383333,0.002907,0.933783,0.014925,0.357516,-214.605377,92.108353,97.633072
1247,10.391667,0.004309,0.933595,0.017018,0.357899,-214.575882,92.095970,97.712364
1248,10.400000,0.006287,0.933569,0.019366,0.357820,-214.548279,92.087334,97.785530
1249,10.408333,0.005816,0.933410,0.021387,0.358126,-214.534805,92.103157,97.860268
1250,10.416667,0.008623,0.933492,0.022722,0.357774,-214.511459,92.093262,97.908875
1251,10.425000,0.010623,0.933600,0.023633,0.357379,-214.498566,92.088654,97.946976
1252,10.433333,0.012053,0.933732,0.025623,0.356852,-214.498474,92.093750,97.983101
1253,10.441667,0.012647,0.933596,0.026910,0.357091,-214.507645,92.094254,98.008003
1254,10.450000,0.012168,0.933463,0.027480,0.357413,-214.525436,92.094368,98.023804
1255,10.458333,0.011120,0.933334,0.027916,0.357748,-214.552734,92.094406,98.032356
1256,10.466667,0.009692,0.933324,0.027848,0.357823,-214.587814,92.100494,98.020020
1257,10.475000,0.006294,0.933173,0.027267,0.358337,-214.626358,92.120811,98.015511
1258,10.483333,0.005313,0.933197,0.026592,0.358341,-214.648300,92.118904,97.984383
1259,10.491667,0.004467,0.933178,0.025734,0.358464,-214.656876,92.117622,97.944550
1260,10.500000,0.003808,0.933150,0.024953,0.358600,-214.656952,92.115692,97.898987
1261,10.508333,0.002829,0.933090,0.023547,0.358859,-214.644531,92.115158,97.854149
1262,10.516667,0.002556,0.932982,0.021340,0.359280,-214.620499,92.111435,97.803085
1263,10.525000,0.004281,0.933070,0.018317,0.359202,-214.576553,92.093071,97.728035
1264,10.533333,0.005451,0.933233,0.015811,0.358883,-214.539047,92.088509,97.661743
1265,10.541667,0.007795,0.933312,0.013773,0.358716,-214.513519,92.124260,97.597870
1266,10.550000,0.008713,0.933571,0.012529,0.358067,-214.482040,92.136162,97.564713
1267,10.558333,0.008245,0.933756,0.011841,0.357619,-214.471695,92.142441,97.531494
1268,10.566667,0.008373,0.933694,0.011976,0.357773,-214.481354,92.138474,97.515579
1269,10.575000,0.008358,0.933687,0.012119,0.357788,-214.500687,92.134117,97.511871
1270,10.583333,0.008514,0.933565,0.012467,0.358091,-214.530914,92.129013,97.522995
1271,10.591667,0.008454,0.933627,0.012879,0.357916,-214.562042,92.121559,97.546616
1272,10.600000,0.005419,0.933999,0.014999,0.356918,-214.593262,92.107727,97.597443
1273,10.608333,0.004180,0.934070,0.017212,0.356652,-214.626266,92.113152,97.663338
1274,10.616667,0.003681,0.933945,0.019281,0.356876,-214.645294,92.118271,97.726326
1275,10.625000,0.003318,0.933967,0.021271,0.356711,-214.656860,92.117912,97.781982
1276,10.633333,0.003583,0.933994,0.022717,0.356548,-214.660645,92.118668,97.830948
1277,10.641667,0.003225,0.933772,0.023778,0.357064,-214.664413,92.129242,97.881683
1278,10.650000,0.004152,0.933617,0.024830,0.357388,-214.656235,92.125214,97.920647
1279,10.658333,0.005204,0.933408,0.025553,0.357869,-214.637497,92.117088,97.946289
1280,10.666667,0.007669,0.933344,0.026472,0.357924,-214.605499,92.089256,97.952209
1281,10.675000,0.009335,0.933130,0.027279,0.358381,-214.577454,92.076149,97.964493
1282,10.683333,0.010437,0.932983,0.027482,0.358719,-214.547150,92.075989,97.969696
1283,10.691667,0.010803,0.932883,0.026544,0.359037,-214.515335,92.075500,97.965935
1284,10.700000,0.011135,0.932914,0.024909,0.359065,-214.489929,92.079193,97.951538
1285,10.708333,0.011531,0.933076,0.023482,0.358727,-214.472931,92.086174,97.932014
1286,10.716667,0.011641,0.933208,0.022127,0.358466,-214.459732,92.090775,97.908524
1287,10.725000,0.008030,0.932963,0.020444,0.359302,-214.470291,92.123016,97.879150
1288,10.733333,0.006747,0.932786,0.018977,0.359867,-214.483047,92.125221,97.831589
1289,10.741667,0.007103,0.932823,0.017141,0.359858,-214.493942,92.106071,97.764084
1290,10.750000,0.006078,0.932839,0.015682,0.359900,-214.524200,92.104172,97.699318
1291,10.758333,0.004313,0.932932,0.015840,0.359677,-214.569000,92.117477,97.635414
1292,10.766667,0.004077,0.932540,0.012884,0.360813,-214.624481,92.145149,97.571472
1293,10.775000,0.002768,0.932545,0.012209,0.360836,-214.666229,92.141212,97.532196
1294,10.783333,0.002470,0.932522,0.012381,0.360894,-214.699814,92.135361,97.504494
1295,10.791667,0.002695,0.932377,0.012902,0.361248,-214.718964,92.125389,97.490845
1296,10.800000,0.003255,0.932238,0.013448,0.361582,-214.723633,92.120949,97.490852
1297,10.808333,0.003718,0.932087,0.013693,0.361957,-214.709610,92.117027,97.505653
1298,10.816667,0.004381,0.931962,0.013846,0.362264,-214.680893,92.113068,97.529640
1299,10.825000,0.005970,0.931968,0.014400,0.362206,-214.638824,92.111603,97.571190
1300,10.833333,0.004887,0.932436,0.015897,0.360952,-214.588593,92.096222,97.637398
1301,10.841667,0.006683,0.932603,0.016530,0.360463,-214.546890,92.090836,97.700043
1302,10.850000,0.006249,0.932593,0.017513,0.360449,-214.527130,92.108086,97.773781
1303,10.858333,0.006915,0.932494,0.019030,0.360617,-214.514923,92.116188,97.833160
1304,10.866667,0.007190,0.932485,0.020680,0.360543,-214.505508,92.121529,97.878387
1305,10.875000,0.009348,0.932580,0.022324,0.360151,-214.493378,92.104340,97.911224
1306,10.883333,0.009977,0.932576,0.023389,0.360077,-214.496567,92.099266,97.934441
1307,10.891667,0.009824,0.932557,0.024226,0.360075,-214.510529,92.097000,97.951820
1308,10.900000,0.009416,0.932577,0.025973,0.359911,-214.541199,92.105408,97.961670
1309,10.908333,0.006659,0.932467,0.026034,0.360255,-214.578491,92.126961,97.962288
1310,10.916667,0.005993,0.932495,0.025627,0.360224,-214.607483,92.126198,97.950020
1311,10.925000,0.005032,0.932545,0.024092,0.360213,-214.626190,92.127419,97.924706
1312,10.933333,0.004206,0.932631,0.022484,0.360105,-214.636536,92.128189,97.892227
1313,10.941667,0.003397,0.932683,0.021122,0.360062,-214.637466,92.128853,97.853485
1314,10.950000,0.004358,0.932848,0.019516,0.359716,-214.618927,92.116806,97.797188
1315,10.958333,0.004018,0.932539,0.017517,0.360622,-214.606171,92.120033,97.754211
1316,10.966667,0.005695,0.932641,0.016010,0.360406,-214.570663,92.097748,97.692741
1317,10.975000,0.007975,0.932484,0.014463,0.360833,-214.547180,92.124146,97.629150
1318,10.983333,0.008193,0.932643,0.013505,0.360455,-214.512772,92.131477,97.602936
1319,10.991667,0.008182,0.932724,0.012985,0.360265,-214.490082,92.140106,97.590393
1320,11.000000,0.008009,0.932771,0.013006,0.360147,-214.484360,92.143021,97.590607
1321,11.008333,0.007914,0.932814,0.013289,0.360025,-214.490753,92.142426,97.598770
1322,11.016667,0.008678,0.932843,0.013688,0.359919,-214.506714,92.131332,97.621483
1323,11.025000,0.005788,0.933293,0.015092,0.358751,-214.529251,92.111885,97.666687
1324,11.033333,0.005824,0.933258,0.016455,0.358782,-214.557938,92.097183,97.717598
1325,11.041667,0.004263,0.933148,0.018110,0.359012,-214.593552,92.108742,97.776360
1326,11.050000,0.004303,0.933197,0.020327,0.358764,-214.611389,92.110405,97.827324
1327,11.058333,0.004489,0.933167,0.021932,0.358746,-214.614243,92.116699,97.868225
1328,11.066667,0.004870,0.933080,0.023182,0.358887,-214.608307,92.117226,97.901741
1329,11.075000,0.005573,0.932926,0.023932,0.359230,-214.597366,92.114342,97.924568
1330,11.083333,0.007760,0.932943,0.024352,0.359115,-214.573486,92.094177,97.931740
1331,11.091667,0.009091,0.932848,0.024358,0.359332,-214.555832,92.083450,97.932068
1332,11.100000,0.009886,0.932811,0.024121,0.359422,-214.541916,92.081299,97.929955
1333,11.108333,0.010366,0.932852,0.023803,0.359324,-214.528320,92.082909,97.921989
1334,11.116667,0.008028,0.932630,0.022888,0.360017,-214.532776,92.108459,97.914886
1335,11.125000,0.006559,0.932684,0.021954,0.359967,-214.542053,92.117386,97.883095
1336,11.133333,0.005317,0.932631,0.020359,0.360217,-214.554810,92.123230,97.847511
1337,11.141667,0.003804,0.932610,0.018650,0.360385,-214.569092,92.127403,97.798584
1338,11.150000,0.003692,0.932790,0.017034,0.359998,-214.573166,92.119827,97.731926
1339,11.158333,0.003619,0.932920,0.015333,0.359740,-214.576218,92.116814,97.671402
1340,11.166667,0.003745,0.933123,0.014956,0.359227,-214.572449,92.118629,97.611412
1341,11.175000,0.005799,0.932990,0.012831,0.359627,-214.573669,92.133240,97.565765
1342,11.183333,0.005723,0.933159,0.011942,0.359221,-214.568161,92.140434,97.540909
1343,11.191667,0.005470,0.933275,0.011996,0.358920,-214.572235,92.142151,97.537704
1344,11.200000,0.004787,0.933195,0.011874,0.359143,-214.589355,92.146889,97.545380
1345,11.208333,0.004626,0.933097,0.012457,0.359379,-214.606995,92.139305,97.565445
1346,11.216667,0.002644,0.933448,0.014469,0.358412,-214.621216,92.122162,97.601807
1347,11.225000,0.002647,0.933390,0.015843,0.358503,-214.633224,92.122284,97.636375
1348,11.233333,0.002923,0.933235,0.017214,0.358843,-214.631516,92.120941,97.672752
1349,11.241667,0.003135,0.933141,0.017509,0.359070,-214.619873,92.113075,97.710930
1350,11.250000,0.002767,0.932790,0.018225,0.359948,-214.604874,92.112007,97.760269
1351,11.258333,0.003377,0.932643,0.019139,0.360277,-214.581848,92.106781,97.797989
1352,11.266667,0.004137,0.932495,0.019795,0.360617,-214.551620,92.109230,97.828827
1353,11.275000,0.004687,0.932402,0.020499,0.360810,-214.524506,92.114708,97.854744
1354,11.283333,0.005884,0.932340,0.021063,0.360921,-214.496643,92.118629,97.876823
1355,11.291667,0.008098,0.932490,0.021116,0.360487,-214.466232,92.113762,97.884941
1356,11.300000,0.009514,0.932610,0.020885,0.360155,-214.449005,92.111816,97.887283
1357,11.308333,0.007304,0.932435,0.020213,0.360699,-214.464066,92.133110,97.880692
1358,11.316667,0.006533,0.932363,0.019887,0.360918,-214.480637,92.129539,97.856392
1359,11.325000,0.006343,0.932305,0.019466,0.361094,-214.500763,92.121613,97.821175
1360,11.333333,0.007029,0.932359,0.018148,0.361009,-214.519257,92.101036,97.775253
1361,11.341667,0.005958,0.932383,0.016836,0.361031,-214.546509,92.101929,97.728607
1362,11.350000,0.004227,0.932418,0.015828,0.361010,-214.573196,92.111969,97.682640
1363,11.358333,0.006513,0.932163,0.014489,0.361691,-214.586884,92.128418,97.629181
1364,11.366667,0.005906,0.932327,0.013575,0.361314,-214.590500,92.129807,97.599968
1365,11.375000,0.005579,0.932366,0.013176,0.361232,-214.598160,92.130981,97.582390
1366,11.383333,0.003493,0.932256,0.011989,0.361583,-214.615128,92.144150,97.567421
1367,11.391667,0.003205,0.932189,0.011737,0.361769,-214.621872,92.145004,97.567436
1368,11.400000,0.004487,0.932196,0.012930,0.361694,-214.614243,92.132011,97.583542
1369,11.408333,0.005373,0.932224,0.013463,0.361591,-214.604004,92.128220,97.599007
1370,11.416667,0.006311,0.932266,0.013931,0.361451,-214.589355,92.125610,97.622505
1371,11.425000,0.004950,0.932598,0.015217,0.360563,-214.571732,92.107376,97.672424
1372,11.433333,0.005770,0.932506,0.015803,0.360762,-214.556854,92.098633,97.717216
1373,11.441667,0.006932,0.932432,0.016919,0.360884,-214.537842,92.093330,97.758125
1374,11.450000,0.005895,0.932125,0.017995,0.361641,-214.527374,92.113052,97.806229
1375,11.458333,0.006299,0.932000,0.019177,0.361896,-214.512039,92.119972,97.838623
1376,11.466667,0.007185,0.932080,0.020531,0.361599,-214.487976,92.118996,97.868744
1377,11.475000,0.007244,0.932049,0.021052,0.361649,-214.477371,92.122841,97.884338
1378,11.483333,0.006679,0.932053,0.021403,0.361627,-214.477570,92.125351,97.889420
1379,11.491667,0.005732,0.931921,0.020819,0.362019,-214.500381,92.133530,97.875786
1380,11.500000,0.005208,0.931903,0.020383,0.362097,-214.524033,92.131081,97.861305
1381,11.508333,0.004409,0.931931,0.019745,0.362071,-214.548630,92.128601,97.838341
1382,11.516667,0.003580,0.931915,0.018740,0.362175,-214.574127,92.126503,97.803093
1383,11.525000,0.006136,0.931769,0.016481,0.362625,-214.597672,92.138908,97.768494
1384,11.533333,0.007052,0.931968,0.015605,0.362136,-214.602844,92.124535,97.728226
1385,11.541667,0.003535,0.931962,0.016947,0.362144,-214.596252,92.096344,97.687675
1386,11.550000,0.005601,0.931868,0.016069,0.362398,-214.583511,92.110352,97.645615
1387,11.558333,0.006693,0.931990,0.014895,0.362117,-214.559555,92.119644,97.634033
1388,11.566667,0.007758,0.932195,0.014138,0.361598,-214.536575,92.128220,97.637558
1389,11.575000,0.008948,0.932212,0.014241,0.361523,-214.527771,92.121689,97.659065
1390,11.583333,0.006842,0.932671,0.016277,0.360296,-214.529175,92.099403,97.695175
1391,11.591667,0.006437,0.932606,0.016505,0.360461,-214.549301,92.093704,97.733932
1392,11.600000,0.004451,0.932200,0.017417,0.361498,-214.565628,92.110649,97.788010
1393,11.608333,0.004575,0.931986,0.018853,0.361974,-214.564270,92.113647,97.824730
1394,11.616667,0.004820,0.931861,0.020246,0.362217,-214.557404,92.117310,97.853958
1395,11.625000,0.005083,0.931816,0.021050,0.362283,-214.550995,92.122063,97.876221
1396,11.633333,0.005224,0.931903,0.021571,0.362029,-214.547470,92.125633,97.888718
1397,11.641667,0.005270,0.931963,0.021641,0.361869,-214.547653,92.128845,97.888275
1398,11.650000,0.005047,0.932018,0.021415,0.361745,-214.546555,92.127533,97.881256
1399,11.658333,0.005153,0.932006,0.020655,0.361817,-214.544266,92.127106,97.862907
1400,11.666667,0.005213,0.931921,0.019615,0.362092,-214.545090,92.126862,97.836250
1401,11.675000,0.004499,0.931926,0.018397,0.362153,-214.548309,92.124901,97.799751
1402,11.683333,0.005832,0.931992,0.017149,0.362027,-214.543030,92.109993,97.753891
1403,11.691667,0.006018,0.932176,0.016035,0.361600,-214.541550,92.101212,97.709480
1404,11.700000,0.006517,0.932358,0.015464,0.361147,-214.539124,92.094612,97.683876
1405,11.708333,0.005563,0.932618,0.016020,0.360467,-214.547043,92.109047,97.663445
1406,11.716667,0.004982,0.932591,0.016073,0.360542,-214.553802,92.110283,97.666252
1407,11.725000,0.004192,0.932477,0.015890,0.360856,-214.566772,92.111252,97.685173
1408,11.733333,0.003854,0.932356,0.016274,0.361154,-214.571548,92.109955,97.705948
1409,11.741667,0.004934,0.932214,0.016705,0.361488,-214.567261,92.102318,97.730415
1410,11.750000,0.003946,0.931985,0.017140,0.362071,-214.569565,92.114830,97.752113
1411,11.758333,0.004559,0.931870,0.017514,0.362340,-214.554413,92.111954,97.775749
1412,11.766667,0.005365,0.931753,0.018057,0.362604,-214.534302,92.114159,97.797935
1413,11.775000,0.005793,0.931692,0.018618,0.362726,-214.514618,92.120636,97.813728
1414,11.783333,0.006256,0.931636,0.018950,0.362844,-214.498215,92.126068,97.822685
1415,11.791667,0.006156,0.931638,0.018941,0.362841,-214.491409,92.128654,97.825180
1416,11.800000,0.005767,0.931644,0.018521,0.362853,-214.496445,92.128716,97.819046
1417,11.808333,0.005332,0.931712,0.018155,0.362705,-214.510773,92.128204,97.802460
1418,11.816667,0.004484,0.931765,0.017582,0.362609,-214.533066,92.124260,97.777802
1419,11.825000,0.003707,0.931803,0.017002,0.362548,-214.558380,92.126663,97.750732
1420,11.833333,0.004305,0.932051,0.016779,0.361914,-214.564545,92.112686,97.722328
1421,11.841667,0.004628,0.932121,0.016086,0.361759,-214.570480,92.109589,97.697487
1422,11.850000,0.004597,0.932199,0.015702,0.361576,-214.567108,92.106300,97.678551
1423,11.858333,0.007197,0.931909,0.013919,0.362354,-214.567535,92.119408,97.662628
1424,11.866667,0.005538,0.932292,0.014990,0.361354,-214.560226,92.106651,97.679634
1425,11.875000,0.005287,0.932357,0.015748,0.361157,-214.560791,92.103806,97.701103
1426,11.883333,0.004166,0.932050,0.016353,0.361935,-214.571075,92.117493,97.734383
1427,11.891667,0.004319,0.931898,0.017002,0.362295,-214.562485,92.115517,97.761696
1428,11.900000,0.004860,0.931694,0.017857,0.362773,-214.546677,92.113075,97.784348
1429,11.908333,0.005410,0.931557,0.018351,0.363092,-214.531326,92.117050,97.804550
1430,11.916667,0.005563,0.931513,0.018951,0.363171,-214.518921,92.122551,97.819595
1431,11.925000,0.005521,0.931551,0.019022,0.363071,-214.513275,92.127090,97.828812
1432,11.933333,0.005345,0.931602,0.018745,0.362956,-214.517380,92.128281,97.826813
1433,11.941667,0.004872,0.931654,0.018468,0.362845,-214.533234,92.126923,97.815323
1434,11.950000,0.004060,0.931739,0.018240,0.362648,-214.555069,92.125473,97.797897
1435,11.958333,0.003840,0.931789,0.017835,0.362543,-214.570312,92.123245,97.778641
1436,11.966667,0.003692,0.931912,0.017716,0.362232,-214.579361,92.119759,97.759666
1437,11.975000,0.003946,0.931902,0.017038,0.362289,-214.579132,92.115288,97.743286
1438,11.983333,0.005623,0.932090,0.016549,0.361805,-214.558075,92.093346,97.722878
1439,11.991667,0.006857,0.932221,0.016319,0.361456,-214.540726,92.082390,97.713791
1440,12.000000,0.007490,0.932292,0.016463,0.361255,-214.524628,92.080528,97.725410
1441,12.008333,0.007881,0.932370,0.017080,0.361016,-214.513992,92.083130,97.751007
1442,12.016667,0.006255,0.932174,0.017642,0.361525,-214.519363,92.112297,97.791145
1443,12.025000,0.006011,0.932100,0.018142,0.361697,-214.521881,92.119377,97.810875
1444,12.033333,0.005310,0.932003,0.018659,0.361930,-214.529831,92.121658,97.821404
1445,12.041667,0.004481,0.932027,0.018758,0.361874,-214.543732,92.125786,97.819473
1446,12.050000,0.003795,0.932112,0.018731,0.361667,-214.559479,92.125259,97.806175
1447,12.058333,0.003452,0.932204,0.018584,0.361439,-214.568954,92.123940,97.792221
1448,12.066667,0.003754,0.932310,0.018256,0.361179,-214.572861,92.120628,97.781143
1449,12.075000,0.004145,0.932372,0.017898,0.361033,-214.567703,92.113007,97.772964
1450,12.083333,0.006497,0.932539,0.017424,0.360590,-214.540359,92.087952,97.761269
1451,12.091667,0.007741,0.932576,0.017178,0.360481,-214.518661,92.082146,97.747269
1452,12.100000,0.008288,0.932598,0.016803,0.360430,-214.499191,92.083649,97.740990
1453,12.108333,0.008654,0.932671,0.016743,0.360235,-214.488953,92.085884,97.746292
1454,12.116667,0.008557,0.932681,0.016823,0.360208,-214.493744,92.091232,97.753868
1455,12.125000,0.007764,0.932633,0.017174,0.360335,-214.507645,92.093597,97.754272
1456,12.133333,0.006953,0.932558,0.017446,0.360531,-214.525909,92.094009,97.753700
1457,12.141667,0.004823,0.932344,0.017516,0.361116,-214.552780,92.112312,97.763138
1458,12.150000,0.004705,0.932253,0.017744,0.361341,-214.567780,92.111855,97.768974
1459,12.158333,0.004509,0.932268,0.017993,0.361293,-214.567810,92.108612,97.778412
1460,12.166667,0.004655,0.932183,0.018011,0.361510,-214.558075,92.106430,97.785515
1461,12.175000,0.005003,0.932109,0.017934,0.361698,-214.544556,92.109749,97.789070
1462,12.183333,0.005023,0.932127,0.017876,0.361654,-214.532120,92.114670,97.788513
1463,12.191667,0.005033,0.932099,0.017708,0.361735,-214.527390,92.121323,97.782394
1464,12.200000,0.006034,0.932136,0.017485,0.361637,-214.522980,92.104370,97.768143
1465,12.208333,0.006399,0.932157,0.017186,0.361590,-214.529922,92.099548,97.745918
1466,12.216667,0.006772,0.932255,0.016757,0.361351,-214.536118,92.094711,97.729836
1467,12.225000,0.006919,0.932440,0.016652,0.360875,-214.541153,92.087784,97.724754
1468,12.233333,0.007220,0.932559,0.016727,0.360559,-214.547760,92.084366,97.735825
1469,12.241667,0.005411,0.932333,0.016925,0.361163,-214.553864,92.101418,97.764404
1470,12.250000,0.005245,0.932236,0.017382,0.361395,-214.550308,92.107597,97.783646
1471,12.258333,0.005183,0.932175,0.017842,0.361530,-214.546707,92.112991,97.799248
1472,12.266667,0.004656,0.932115,0.018427,0.361663,-214.545349,92.117966,97.806297
1473,12.275000,0.004319,0.932101,0.018523,0.361700,-214.546631,92.120583,97.804123
1474,12.283333,0.004194,0.932150,0.018253,0.361588,-214.547058,92.119926,97.792801
1475,12.291667,0.004567,0.932174,0.017739,0.361547,-214.542465,92.117310,97.778168
1476,12.300000,0.006393,0.932296,0.017202,0.361229,-214.528305,92.100533,97.759247
1477,12.308333,0.006856,0.932448,0.016671,0.360853,-214.527649,92.094864,97.741821
1478,12.316667,0.007120,0.932522,0.016623,0.360660,-214.531540,92.091385,97.739799
1479,12.325000,0.006927,0.932588,0.016874,0.360482,-214.539597,92.093132,97.748459
1480,12.333333,0.006702,0.932570,0.017237,0.360515,-214.548904,92.093155,97.754059
1481,12.341667,0.004670,0.932328,0.017280,0.361170,-214.564926,92.111710,97.765259
1482,12.350000,0.005132,0.932264,0.017864,0.361302,-214.565567,92.107407,97.769928
1483,12.358333,0.005216,0.932255,0.018200,0.361306,-214.562653,92.105591,97.770523
1484,12.366667,0.005238,0.932170,0.018217,0.361524,-214.561920,92.108261,97.767555
1485,12.375000,0.004944,0.932109,0.018182,0.361688,-214.562393,92.111176,97.762230
1486,12.383333,0.004844,0.932092,0.017998,0.361743,-214.561935,92.111794,97.755592
1487,12.391667,0.006844,0.932238,0.017950,0.361334,-214.549225,92.092148,97.743896
1488,12.400000,0.007656,0.932350,0.017594,0.361049,-214.545685,92.082695,97.730858
1489,12.408333,0.008025,0.932442,0.017331,0.360814,-214.545563,92.078941,97.724709
1490,12.416667,0.008255,0.932481,0.017423,0.360703,-214.551727,92.077835,97.727409
1491,12.425000,0.005604,0.932218,0.017507,0.361431,-214.568207,92.100227,97.747192
1492,12.433333,0.005138,0.932169,0.017830,0.361548,-214.573380,92.103592,97.756950
1493,12.441667,0.005100,0.932148,0.018342,0.361576,-214.570587,92.101959,97.764900
1494,12.450000,0.005329,0.932102,0.018485,0.361685,-214.568039,92.104355,97.768227
1495,12.458333,0.005179,0.932084,0.018605,0.361728,-214.562653,92.106339,97.763245
1496,12.466667,0.005309,0.932108,0.018414,0.361674,-214.557190,92.105873,97.756218
1497,12.475000,0.007090,0.932229,0.018223,0.361340,-214.545364,92.089912,97.741982
1498,12.483333,0.008102,0.932384,0.017869,0.360936,-214.544388,92.080414,97.727486
1499,12.491667,0.006244,0.932220,0.017522,0.361414,-214.559082,92.097221,97.737549
1500,12.500000,0.006103,0.932218,0.017408,0.361426,-214.563828,92.099419,97.740791
1501,12.508333,0.007369,0.932399,0.017709,0.360922,-214.558273,92.084991,97.733315
1502,12.516667,0.008227,0.932445,0.017921,0.360775,-214.562180,92.076462,97.731468
1503,12.525000,0.005914,0.932196,0.018065,0.361454,-214.573547,92.096481,97.748703
1504,12.533333,0.005730,0.932146,0.017997,0.361590,-214.575073,92.100327,97.753128
1505,12.541667,0.005689,0.932103,0.018168,0.361692,-214.572189,92.102448,97.754517
1506,12.550000,0.005493,0.932103,0.018302,0.361689,-214.568924,92.104492,97.758141
1507,12.558333,0.005428,0.932088,0.018214,0.361733,-214.565155,92.106552,97.757515
1508,12.566667,0.007242,0.932255,0.018279,0.361267,-214.552002,92.088211,97.752777
1509,12.575000,0.006008,0.932126,0.018028,0.361635,-214.559418,92.101326,97.755409
1510,12.583333,0.007712,0.932302,0.018042,0.361148,-214.552307,92.085403,97.745117
1511,12.591667,0.008579,0.932389,0.018023,0.360906,-214.551544,92.077065,97.735748
1512,12.600000,0.008349,0.932443,0.017851,0.360780,-214.552658,92.077065,97.729897
1513,12.608333,0.008306,0.932460,0.017509,0.360753,-214.550735,92.078491,97.725220
1514,12.616667,0.008342,0.932459,0.017478,0.360755,-214.549927,92.077637,97.727173
1515,12.625000,0.008119,0.932424,0.017381,0.360857,-214.549805,92.079422,97.727402
1516,12.633333,0.008028,0.932411,0.017521,0.360885,-214.550491,92.079910,97.729202
1517,12.641667,0.008000,0.932398,0.017594,0.360916,-214.551453,92.078888,97.732521
1518,12.650000,0.007926,0.932384,0.017675,0.360949,-214.553482,92.080887,97.731110
1519,12.658333,0.007530,0.932420,0.017579,0.360871,-214.553909,92.084190,97.733452
1520,12.666667,0.007547,0.932400,0.017660,0.360919,-214.554306,92.082939,97.735435
1521,12.675000,0.007583,0.932400,0.017522,0.360923,-214.555008,92.084045,97.736519
1522,12.683333,0.007437,0.932423,0.017395,0.360872,-214.555695,92.086838,97.735733
1523,12.691667,0.005437,0.932210,0.017391,0.361460,-214.565903,92.106178,97.749237
1524,12.700000,0.005298,0.932166,0.017467,0.361572,-214.566666,92.107811,97.751846
1525,12.708333,0.006553,0.932320,0.017653,0.361144,-214.556244,92.093864,97.747246
1526,12.716667,0.007200,0.932353,0.017786,0.361039,-214.555145,92.088760,97.743790
1527,12.725000,0.007389,0.932405,0.017749,0.360903,-214.555191,92.087440,97.744110
1528,12.733333,0.007363,0.932445,0.017772,0.360799,-214.553864,92.086388,97.746384
1529,12.741667,0.007421,0.932462,0.017842,0.360750,-214.551712,92.085472,97.746170
1530,12.750000,0.005483,0.932260,0.017612,0.361319,-214.558960,92.105911,97.754707
1531,12.758333,0.006638,0.932352,0.017600,0.361063,-214.550018,92.093475,97.747574
1532,12.766667,0.007214,0.932433,0.017574,0.360842,-214.547485,92.087631,97.741348
1533,12.775000,0.005033,0.932163,0.017327,0.361590,-214.556580,92.108673,97.748962
1534,12.783333,0.004731,0.932108,0.017275,0.361737,-214.556259,92.112564,97.747055
1535,12.791667,0.006589,0.932275,0.017206,0.361281,-214.542801,92.093918,97.738297
1536,12.800000,0.007372,0.932378,0.017238,0.360999,-214.542572,92.085419,97.732765
1537,12.808333,0.005495,0.932226,0.017254,0.361423,-214.556030,92.103546,97.742493
1538,12.816667,0.005361,0.932203,0.017173,0.361489,-214.560287,92.106544,97.746696
1539,12.825000,0.005016,0.932249,0.017393,0.361363,-214.560516,92.107498,97.749947
1540,12.833333,0.006473,0.932372,0.017441,0.361022,-214.552826,92.095909,97.746315
1541,12.841667,0.005217,0.932249,0.017522,0.361356,-214.562561,92.107788,97.755058
1542,12.850000,0.005118,0.932200,0.017647,0.361476,-214.565918,92.108795,97.759087
1543,12.858333,0.005009,0.932143,0.017555,0.361631,-214.565994,92.110222,97.760941
1544,12.866667,0.004826,0.932142,0.017721,0.361628,-214.563034,92.110596,97.760567
1545,12.875000,0.004836,0.932146,0.017649,0.361619,-214.559418,92.111908,97.758026
1546,12.883333,0.004852,0.932190,0.017686,0.361506,-214.556046,92.112694,97.755875
1547,12.891667,0.006240,0.932347,0.017641,0.361080,-214.545273,92.099533,97.747505
1548,12.900000,0.007140,0.932447,0.017490,0.360813,-214.543015,92.090546,97.738091
1549,12.908333,0.007561,0.932461,0.017267,0.360780,-214.543777,92.085220,97.731354
1550,12.916667,0.007597,0.932474,0.017153,0.360750,-214.543243,92.084541,97.728539
1551,12.925000,0.007492,0.932506,0.017171,0.360669,-214.544006,92.083778,97.730598
1552,12.933333,0.007391,0.932480,0.017125,0.360739,-214.546066,92.085030,97.731522
1553,12.941667,0.007304,0.932485,0.017275,0.360721,-214.547012,92.085548,97.735580
1554,12.950000,0.004910,0.932225,0.017289,0.361434,-214.558716,92.111092,97.747192
1555,12.958333,0.004914,0.932134,0.017368,0.361663,-214.560349,92.112267,97.751228
1556,12.966667,0.004985,0.932121,0.017653,0.361681,-214.558289,92.110458,97.752975
1557,12.975000,0.004823,0.932126,0.017712,0.361670,-214.557770,92.111168,97.753746
1558,12.983333,0.004787,0.932163,0.017834,0.361569,-214.557007,92.111633,97.754692
1559,12.991667,0.006283,0.932329,0.017864,0.361114,-214.549088,92.096878,97.751030
1560,13.000000,0.005242,0.932221,0.017550,0.361427,-214.559647,92.109146,97.756050
1561,13.008333,0.005244,0.932191,0.017591,0.361500,-214.563080,92.109612,97.756538
1562,13.016667,0.005137,0.932198,0.017652,0.361482,-214.562988,92.108650,97.758270
1563,13.025000,0.005026,0.932208,0.017706,0.361455,-214.561844,92.109291,97.759605
1564,13.033333,0.004869,0.932204,0.017772,0.361463,-214.558456,92.111145,97.758202
1565,13.041667,0.005014,0.932205,0.017763,0.361460,-214.556549,92.111053,97.757294
1566,13.050000,0.006415,0.932360,0.017891,0.361031,-214.546066,92.095131,97.751930
1567,13.058333,0.005026,0.932251,0.017617,0.361348,-214.554260,92.108871,97.753525
1568,13.066667,0.005212,0.932173,0.017496,0.361553,-214.554520,92.107468,97.753365
1569,13.075000,0.006889,0.932355,0.017654,0.361046,-214.543503,92.089775,97.745010
1570,13.083333,0.007554,0.932413,0.017605,0.360888,-214.544724,92.083946,97.734711
1571,13.091667,0.007660,0.932443,0.017335,0.360820,-214.546753,92.081146,97.729706
1572,13.100000,0.007842,0.932424,0.017324,0.360865,-214.549286,92.080101,97.729111
1573,13.108333,0.007594,0.932433,0.017350,0.360847,-214.550369,92.081581,97.728928
1574,13.116667,0.007397,0.932446,0.017274,0.360821,-214.551727,92.081955,97.730598
1575,13.125000,0.005172,0.932229,0.017330,0.361418,-214.562393,92.103432,97.744301
1576,13.133333,0.004952,0.932172,0.017562,0.361554,-214.563705,92.106758,97.747635
1577,13.141667,0.004838,0.932115,0.017744,0.361696,-214.561554,92.107918,97.749870
1578,13.150000,0.004630,0.932106,0.017721,0.361722,-214.559204,92.110046,97.751190
1579,13.158333,0.005001,0.932079,0.017739,0.361786,-214.557907,92.110672,97.752068
1580,13.166667,0.004867,0.932132,0.017833,0.361646,-214.556839,92.111115,97.753860
1581,13.175000,0.004994,0.932166,0.017839,0.361557,-214.556259,92.110443,97.755447
1582,13.183333,0.004969,0.932211,0.017829,0.361441,-214.555878,92.110222,97.756729
1583,13.191667,0.006603,0.932330,0.017826,0.361108,-214.547806,92.095985,97.751640
1584,13.200000,0.005153,0.932213,0.017703,0.361440,-214.557892,92.107765,97.757759
1585,13.208333,0.005092,0.932156,0.017709,0.361589,-214.560959,92.108154,97.756935
1586,13.216667,0.004966,0.932152,0.017697,0.361600,-214.559265,92.106087,97.756081
1587,13.225000,0.006530,0.932314,0.017765,0.361154,-214.549164,92.092461,97.748421
1588,13.233333,0.005253,0.932159,0.017692,0.361578,-214.557999,92.106934,97.751930
1589,13.241667,0.006593,0.932311,0.017765,0.361160,-214.551544,92.093552,97.744225
1590,13.250000,0.005238,0.932135,0.017618,0.361644,-214.558121,92.107788,97.747299
1591,13.258333,0.006792,0.932329,0.017600,0.361118,-214.548035,92.090416,97.736961
1592,13.266667,0.007527,0.932423,0.017463,0.360869,-214.546494,92.080948,97.730011
1593,13.275000,0.007797,0.932440,0.017291,0.360826,-214.547516,92.080315,97.726105
1594,13.283333,0.007631,0.932487,0.017176,0.360715,-214.546921,92.081871,97.726082
1595,13.291667,0.007567,0.932467,0.017214,0.360765,-214.546631,92.081543,97.728302
1596,13.300000,0.007377,0.932459,0.017326,0.360785,-214.547256,92.082687,97.729767
1597,13.308333,0.007489,0.932444,0.017320,0.360822,-214.547699,92.083435,97.730705
1598,13.316667,0.007273,0.932434,0.017482,0.360844,-214.547211,92.082993,97.732475
1599,13.325000,0.005026,0.932200,0.017396,0.361490,-214.558716,92.106445,97.744629
1600,13.333333,0.006541,0.932304,0.017624,0.361186,-214.552231,92.093369,97.741730
1601,13.341667,0.005303,0.932155,0.017736,0.361586,-214.559174,92.105095,97.750122
1602,13.350000,0.006907,0.932333,0.017939,0.361089,-214.549774,92.088684,97.743332
1603,13.358333,0.007659,0.932443,0.017825,0.360797,-214.549393,92.081657,97.739037
1604,13.366667,0.007844,0.932474,0.017830,0.360711,-214.550491,92.080139,97.738159
