Format Version,1.25,Take Name,Take 2025-11-27 04.44.07 PM,Take Notes,,Capture Frame Rate,120.000000,Export Frame Rate,120.000000,Capture Start Time,2025-11-27 04.44.08.652 PM,Capture Start Frame,2452384,Total Frames in Take,1769,Total Exported Frames,1769,Rotation Type,Quaternion,Length Units,Centimeters,Coordinate Space,Global

,Type,Rigid Body,Rigid Body,Rigid Body,Rigid Body,Rigid Body,Rigid Body,Rigid Body
,Name,SEE_large,SEE_large,SEE_large,SEE_large,SEE_large,SEE_large,SEE_large
,ID,B4680608301811F031C44B617C10C291,B4680608301811F031C44B617C10C291,B4680608301811F031C44B617C10C291,B4680608301811F031C44B617C10C291,B4680608301811F031C44B617C10C291,B4680608301811F031C44B617C10C291,B4680608301811F031C44B617C10C291
,Parent,,,,,,,
,,Rotation,Rotation,Rotation,Rotation,Position,Position,Position
Frame,Time (Seconds),X,Y,Z,W,X,Y,Z
0,0.000000,0.010862,0.930700,0.024070,0.364829,-215.115479,92.091446,84.196381
1,0.008333,0.010811,0.930695,0.024347,0.364824,-215.123123,92.089661,84.200119
2,0.016667,0.010523,0.930655,0.024544,0.364922,-215.130905,92.092270,84.206245
3,0.025000,0.010497,0.930640,0.024655,0.364952,-215.136902,92.091103,84.211037
4,0.033333,0.010124,0.930606,0.024927,0.365033,-215.144592,92.088501,84.216515
5,0.041667,0.009957,0.930563,0.025191,0.365127,-215.154129,92.090599,84.224098
6,0.050000,0.009580,0.930612,0.025263,0.365008,-215.151169,92.089966,84.222878
7,0.058333,0.009851,0.930591,0.025084,0.365066,-215.144760,92.087570,84.218834
8,0.066667,0.010147,0.930647,0.024927,0.364926,-215.144180,92.090492,84.211174
9,0.075000,0.010317,0.930698,0.024955,0.364790,-215.136307,92.089439,84.207062
10,0.083333,0.010558,0.930680,0.024737,0.364844,-215.128632,92.090134,84.206581
11,0.091667,0.010670,0.930668,0.024372,0.364896,-215.125443,92.092842,84.199287
12,0.100000,0.010855,0.930765,0.024170,0.364658,-215.115952,92.091797,84.197174
13,0.108333,0.010970,0.930716,0.024177,0.364777,-215.108749,92.088379,84.194527
14,0.116667,0.010996,0.930692,0.023925,0.364856,-215.107544,92.092659,84.196190
15,0.125000,0.010966,0.930714,0.023922,0.364801,-215.102966,92.092651,84.197769
16,0.133333,0.011079,0.930679,0.024043,0.364878,-215.100510,92.088249,84.196571
17,0.141667,0.010912,0.930698,0.023987,0.364839,-215.105957,92.093430,84.200302
18,0.150000,0.010943,0.930667,0.024037,0.364913,-215.109161,92.092552,84.202591
19,0.158333,0.010789,0.930677,0.024259,0.364878,-215.112259,92.090515,84.205170
20,0.166667,0.010804,0.930644,0.024295,0.364960,-215.120346,92.095444,84.212196
21,0.175000,0.010561,0.930673,0.024491,0.364877,-215.122803,92.090874,84.212875
22,0.183333,0.010343,0.930636,0.024860,0.364954,-215.128754,92.088745,84.215805
23,0.191667,0.010026,0.930610,0.024964,0.365023,-215.138763,92.090355,84.222092
24,0.200000,0.009834,0.930592,0.025039,0.365068,-215.142517,92.089020,84.223541
25,0.208333,0.009882,0.930579,0.025172,0.365091,-215.142151,92.088425,84.223640
26,0.216667,0.010135,0.930619,0.024929,0.365000,-215.138885,92.091263,84.219856
27,0.225000,0.010277,0.930652,0.024827,0.364917,-215.133026,92.090240,84.214088
28,0.233333,0.010637,0.930667,0.024653,0.364882,-215.127380,92.092354,84.210915
29,0.241667,0.010451,0.930646,0.024638,0.364940,-215.123779,92.094315,84.207047
30,0.250000,0.010584,0.930683,0.024441,0.364855,-215.117477,92.092094,84.205612
31,0.258333,0.010789,0.930700,0.024236,0.364821,-215.112991,92.093338,84.202431
32,0.266667,0.011154,0.930585,0.024370,0.365094,-215.112091,92.090729,84.209511
33,0.275000,0.011008,0.930661,0.024395,0.364903,-215.106232,92.089882,84.202225
34,0.283333,0.011174,0.930698,0.024033,0.364827,-215.101273,92.091492,84.198761
35,0.291667,0.011135,0.930663,0.024180,0.364907,-215.100266,92.091980,84.200348
36,0.300000,0.011086,0.930652,0.024136,0.364941,-215.097351,92.090775,84.198120
37,0.308333,0.011136,0.930683,0.024135,0.364861,-215.099197,92.092171,84.199760
38,0.316667,0.011151,0.930652,0.024081,0.364942,-215.100693,92.090965,84.200439
39,0.325000,0.010980,0.930638,0.024437,0.364960,-215.104294,92.090317,84.203728
40,0.333333,0.011099,0.930649,0.024360,0.364932,-215.110046,92.091217,84.204750
41,0.341667,0.010472,0.930649,0.024385,0.364950,-215.113495,92.094063,84.207207
42,0.350000,0.010603,0.930655,0.024540,0.364921,-215.119308,92.092453,84.209885
43,0.358333,0.010686,0.930678,0.024549,0.364858,-215.123413,92.091721,84.211349
44,0.366667,0.010214,0.930637,0.024835,0.364959,-215.128036,92.090187,84.215149
45,0.375000,0.009992,0.930598,0.025071,0.365045,-215.133377,92.089890,84.218346
46,0.383333,0.009685,0.930576,0.025325,0.365093,-215.135010,92.089668,84.221146
47,0.391667,0.010126,0.930611,0.024982,0.365016,-215.129181,92.087357,84.215454
48,0.400000,0.010423,0.930655,0.024737,0.364912,-215.125397,92.090157,84.212967
49,0.408333,0.010716,0.930668,0.024635,0.364878,-215.118073,92.091705,84.210266
50,0.416667,0.010636,0.930677,0.024639,0.364857,-215.112381,92.092285,84.205154
51,0.425000,0.010730,0.930652,0.024396,0.364934,-215.107468,92.093063,84.202263
52,0.433333,0.010746,0.930682,0.024298,0.364864,-215.100739,92.090736,84.199387
53,0.441667,0.011105,0.930693,0.024293,0.364825,-215.096619,92.089149,84.196785
54,0.450000,0.011067,0.930700,0.024004,0.364827,-215.092117,92.093124,84.193321
55,0.458333,0.011118,0.930665,0.023968,0.364918,-215.092209,92.090622,84.191254
56,0.466667,0.010952,0.930661,0.024135,0.364921,-215.092468,92.091034,84.192177
57,0.475000,0.010886,0.930675,0.024092,0.364891,-215.095108,92.092857,84.194984
58,0.483333,0.011170,0.930682,0.024188,0.364858,-215.100266,92.089890,84.195526
59,0.491667,0.011046,0.930705,0.024278,0.364796,-215.105896,92.091415,84.200417
60,0.500000,0.010714,0.930662,0.024307,0.364915,-215.111542,92.092880,84.202507
61,0.508333,0.010632,0.930635,0.024522,0.364972,-215.117020,92.090652,84.205360
62,0.516667,0.010487,0.930635,0.024632,0.364968,-215.123398,92.090721,84.210587
63,0.525000,0.010255,0.930580,0.024885,0.365098,-215.128662,92.089005,84.214699
64,0.533333,0.009950,0.930589,0.025174,0.365065,-215.132004,92.086639,84.218414
65,0.541667,0.010005,0.930616,0.025070,0.365000,-215.131546,92.089073,84.221474
66,0.550000,0.010173,0.930599,0.025042,0.365042,-215.128372,92.088089,84.216537
67,0.558333,0.010561,0.930633,0.024769,0.364962,-215.122940,92.088112,84.212585
68,0.566667,0.010630,0.930605,0.024768,0.365030,-215.118790,92.089981,84.209259
69,0.575000,0.010564,0.930673,0.024567,0.364874,-215.114639,92.089752,84.205879
70,0.583333,0.010858,0.930650,0.024367,0.364936,-215.110657,92.088943,84.202942
71,0.591667,0.010918,0.930632,0.024295,0.364987,-215.109711,92.091293,84.202942
72,0.600000,0.010905,0.930644,0.024240,0.364959,-215.105682,92.090889,84.200844
73,0.608333,0.010911,0.930657,0.024298,0.364922,-215.102768,92.090134,84.198769
74,0.616667,0.011008,0.930670,0.024198,0.364892,-215.100433,92.089531,84.196434
75,0.625000,0.011002,0.930662,0.024257,0.364910,-215.099854,92.087730,84.194580
76,0.633333,0.011041,0.930734,0.024081,0.364737,-215.098572,92.090508,84.193161
77,0.641667,0.011269,0.930729,0.024114,0.364739,-215.099640,92.090149,84.191994
78,0.650000,0.010910,0.930672,0.024271,0.364885,-215.100220,92.089561,84.190369
79,0.658333,0.011042,0.930709,0.024292,0.364786,-215.100815,92.089531,84.191551
80,0.666667,0.010942,0.930701,0.024310,0.364808,-215.104248,92.089630,84.192581
81,0.675000,0.010927,0.930707,0.024317,0.364792,-215.106293,92.090950,84.191864
82,0.683333,0.010715,0.930681,0.024283,0.364867,-215.109497,92.092506,84.193298
83,0.691667,0.010811,0.930681,0.024304,0.364863,-215.111969,92.091957,84.197617
84,0.700000,0.010817,0.930632,0.024580,0.364969,-215.115143,92.090424,84.199234
85,0.708333,0.010640,0.930670,0.024804,0.364863,-215.116592,92.090652,84.205177
86,0.716667,0.010354,0.930649,0.024990,0.364913,-215.118378,92.089600,84.208641
87,0.725000,0.010412,0.930579,0.025004,0.365089,-215.116791,92.088989,84.208870
88,0.733333,0.010426,0.930633,0.024739,0.364967,-215.109589,92.091621,84.205063
89,0.741667,0.010756,0.930680,0.024451,0.364859,-215.103653,92.091438,84.198364
90,0.750000,0.010931,0.930692,0.024312,0.364832,-215.096741,92.091904,84.194565
91,0.758333,0.011032,0.930671,0.024277,0.364883,-215.091660,92.092010,84.188492
92,0.766667,0.011110,0.930680,0.024169,0.364867,-215.087219,92.091591,84.183014
93,0.775000,0.011545,0.930601,0.024058,0.365061,-215.085129,92.088768,84.184357
94,0.783333,0.011624,0.930698,0.023853,0.364826,-215.082962,92.092445,84.180794
95,0.791667,0.011426,0.930717,0.023960,0.364777,-215.082886,92.090866,84.178627
96,0.800000,0.011645,0.930736,0.023842,0.364727,-215.086655,92.092064,84.177467
97,0.808333,0.011304,0.930741,0.023910,0.364721,-215.092392,92.092201,84.179832
98,0.816667,0.011290,0.930618,0.024131,0.365020,-215.102432,92.090378,84.188148
99,0.825000,0.010826,0.930597,0.024293,0.365077,-215.112015,92.092300,84.193909
100,0.833333,0.010706,0.930664,0.024388,0.364903,-215.115402,92.091690,84.194153
101,0.841667,0.010351,0.930650,0.024707,0.364930,-215.123245,92.092285,84.200867
102,0.850000,0.010034,0.930612,0.025181,0.365002,-215.129822,92.090759,84.208450
103,0.858333,0.010079,0.930614,0.025243,0.364993,-215.128616,92.090378,84.210518
104,0.866667,0.010239,0.930640,0.025091,0.364932,-215.122131,92.092644,84.210922
105,0.875000,0.010389,0.930669,0.024732,0.364876,-215.118317,92.092735,84.205353
106,0.883333,0.010591,0.930662,0.024601,0.364898,-215.115280,92.092545,84.198677
107,0.891667,0.010833,0.930635,0.024489,0.364967,-215.110321,92.091797,84.199921
108,0.900000,0.010749,0.930671,0.024477,0.364879,-215.108566,92.092117,84.198341
109,0.908333,0.010561,0.930643,0.024552,0.364951,-215.112259,92.092621,84.200569
110,0.916667,0.010493,0.930637,0.024930,0.364943,-215.117264,92.090622,84.205910
111,0.925000,0.009860,0.930665,0.025070,0.364879,-215.126373,92.092072,84.209648
112,0.933333,0.009800,0.930503,0.025379,0.365273,-215.141556,92.090141,84.214584
113,0.941667,0.009332,0.930584,0.025279,0.365086,-215.148544,92.092171,84.205620
114,0.950000,0.009171,0.930605,0.025330,0.365032,-215.156265,92.092667,84.203323
115,0.958333,0.009226,0.930527,0.025582,0.365213,-215.166824,92.089516,84.211197
116,0.966667,0.008788,0.930476,0.025743,0.365342,-215.177109,92.090485,84.212967
117,0.975000,0.008264,0.930485,0.025785,0.365328,-215.184784,92.095634,84.216522
118,0.983333,0.007626,0.930463,0.025956,0.365386,-215.195724,92.099380,84.219345
119,0.991667,0.006888,0.930617,0.026090,0.365000,-215.202148,92.102646,84.209068
120,1.000000,0.006549,0.930675,0.026199,0.364850,-215.211700,92.103668,84.210350
121,1.008333,0.006278,0.930689,0.026400,0.364805,-215.221268,92.101387,84.211708
122,1.016667,0.006147,0.930723,0.026612,0.364703,-215.231018,92.102119,84.214378
123,1.025000,0.005876,0.930780,0.026688,0.364558,-215.238815,92.100502,84.217575
124,1.033333,0.005707,0.930800,0.026799,0.364500,-215.243393,92.100670,84.219269
125,1.041667,0.005537,0.930825,0.026815,0.364438,-215.246170,92.102310,84.222092
126,1.050000,0.005580,0.930815,0.026838,0.364461,-215.251801,92.099602,84.220627
127,1.058333,0.005519,0.930840,0.026850,0.364397,-215.256195,92.100975,84.222672
128,1.066667,0.005207,0.930861,0.027052,0.364334,-215.259933,92.100296,84.223671
129,1.075000,0.004894,0.930829,0.027181,0.364409,-215.268494,92.098396,84.222878
130,1.083333,0.004900,0.930801,0.027100,0.364488,-215.277237,92.097511,84.221710
131,1.091667,0.004064,0.930891,0.026877,0.364283,-215.283112,92.100761,84.224960
132,1.100000,0.003617,0.930914,0.026907,0.364228,-215.298325,92.100037,84.227547
133,1.108333,0.003435,0.930927,0.026661,0.364214,-215.318176,92.097122,84.237907
134,1.116667,0.003086,0.930993,0.026205,0.364081,-215.333130,92.093964,84.242287
135,1.125000,0.002771,0.930900,0.026342,0.364313,-215.349747,92.092339,84.249878
136,1.133333,0.002494,0.930886,0.026468,0.364341,-215.366150,92.093124,84.254158
137,1.141667,0.002887,0.930243,0.027613,0.365892,-215.403931,92.084084,84.262482
138,1.150000,0.001590,0.930442,0.026995,0.365441,-215.408951,92.093155,84.259262
139,1.158333,0.001520,0.930139,0.027376,0.366183,-215.427734,92.089523,84.265564
140,1.166667,0.001687,0.930098,0.027476,0.366278,-215.434769,92.089584,84.267792
141,1.175000,0.001593,0.930117,0.028044,0.366188,-215.437057,92.084595,84.267365
142,1.183333,0.001773,0.930088,0.028111,0.366256,-215.445206,92.082344,84.267532
143,1.191667,0.001577,0.930108,0.028276,0.366191,-215.450623,92.081848,84.266785
144,1.200000,0.001209,0.930061,0.028288,0.366312,-215.462357,92.084000,84.267715
145,1.208333,0.000941,0.930044,0.028412,0.366348,-215.471985,92.086349,84.267006
146,1.216667,0.000671,0.930089,0.028708,0.366211,-215.482468,92.086288,84.264389
147,1.225000,-0.000334,0.930262,0.028409,0.365795,-215.488129,92.096924,84.260681
148,1.233333,-0.000765,0.930269,0.028548,0.365765,-215.499527,92.103233,84.260063
149,1.241667,-0.001447,0.930141,0.028735,0.366073,-215.514420,92.109070,84.264549
150,1.250000,-0.001784,0.930210,0.028777,0.365894,-215.526169,92.111832,84.264389
151,1.258333,-0.002082,0.930250,0.029334,0.365745,-215.537979,92.112549,84.264542
152,1.266667,-0.002818,0.930315,0.029996,0.365523,-215.550262,92.110115,84.268555
153,1.275000,-0.003302,0.930328,0.030333,0.365456,-215.562531,92.111031,84.268463
154,1.283333,-0.003467,0.930381,0.030639,0.365295,-215.576630,92.113457,84.273567
155,1.291667,-0.003653,0.930398,0.030709,0.365244,-215.590164,92.115822,84.274979
156,1.300000,-0.003885,0.930369,0.030938,0.365296,-215.607910,92.117592,84.278244
157,1.308333,-0.004428,0.930323,0.031298,0.365377,-215.623306,92.119171,84.284767
158,1.316667,-0.002625,0.930547,0.030297,0.364908,-215.636581,92.130646,84.286476
159,1.325000,-0.002954,0.930501,0.030368,0.365016,-215.646454,92.134544,84.293121
160,1.333333,-0.004963,0.930329,0.031624,0.365326,-215.647095,92.123650,84.290024
161,1.341667,-0.003209,0.930453,0.030520,0.365124,-215.648346,92.134521,84.295662
162,1.350000,-0.004586,0.930362,0.031294,0.365275,-215.638062,92.123482,84.288315
163,1.358333,-0.004731,0.930311,0.031520,0.365384,-215.626175,92.119476,84.286674
164,1.366667,-0.004436,0.930432,0.031382,0.365091,-215.617584,92.117249,84.280479
165,1.375000,-0.004306,0.930477,0.031178,0.364996,-215.614655,92.119095,84.279045
166,1.383333,-0.002264,0.930597,0.029832,0.364821,-215.620682,92.132576,84.282974
167,1.391667,-0.003966,0.930487,0.030828,0.365004,-215.620346,92.124023,84.278824
168,1.400000,-0.004565,0.930466,0.031296,0.365011,-215.618378,92.120865,84.276604
169,1.408333,-0.004659,0.930454,0.031278,0.365042,-215.619080,92.120903,84.277573
170,1.416667,-0.004593,0.930470,0.031497,0.364983,-215.618927,92.119255,84.276527
171,1.425000,-0.002355,0.930601,0.029989,0.364796,-215.622833,92.133492,84.283722
172,1.433333,-0.004465,0.930453,0.031125,0.365059,-215.621307,92.121628,84.278275
173,1.441667,-0.004738,0.930426,0.031353,0.365107,-215.622192,92.119438,84.280418
174,1.450000,-0.005126,0.930396,0.031484,0.365166,-215.629028,92.120674,84.285805
175,1.458333,-0.002846,0.930518,0.030280,0.364982,-215.639923,92.134010,84.293884
176,1.466667,-0.002715,0.930559,0.030207,0.364883,-215.643936,92.135437,84.295525
177,1.475000,-0.002731,0.930561,0.030339,0.364867,-215.647598,92.135094,84.295929
178,1.483333,-0.002895,0.930604,0.030211,0.364766,-215.645126,92.136765,84.295105
179,1.491667,-0.002754,0.930599,0.030222,0.364779,-215.643982,92.133873,84.293221
180,1.500000,-0.002878,0.930577,0.030278,0.364831,-215.641571,92.133987,84.294250
181,1.508333,-0.002487,0.930607,0.030151,0.364768,-215.639496,92.132744,84.291252
182,1.516667,-0.002771,0.930629,0.030107,0.364713,-215.640549,92.135262,84.292450
183,1.525000,-0.003011,0.930610,0.030140,0.364758,-215.642471,92.135849,84.289421
184,1.533333,-0.002859,0.930605,0.030099,0.364774,-215.642166,92.136871,84.288826
185,1.541667,-0.002977,0.930622,0.030089,0.364731,-215.640305,92.136017,84.287849
186,1.550000,-0.004884,0.930539,0.031365,0.364815,-215.633133,92.121933,84.275093
187,1.558333,-0.005330,0.930445,0.031527,0.365033,-215.633728,92.121391,84.279739
188,1.566667,-0.005169,0.930447,0.031660,0.365019,-215.634338,92.122894,84.281387
189,1.575000,-0.004983,0.930440,0.031600,0.365045,-215.637848,92.122200,84.281883
190,1.583333,-0.005154,0.930455,0.031602,0.365005,-215.637924,92.122025,84.281059
191,1.591667,-0.005099,0.930436,0.031570,0.365056,-215.638306,92.122124,84.281677
192,1.600000,-0.005017,0.930451,0.031547,0.365021,-215.637680,92.122078,84.282372
193,1.608333,-0.003118,0.930552,0.030435,0.364878,-215.641922,92.133690,84.289566
194,1.616667,-0.002837,0.930628,0.030211,0.364706,-215.642334,92.135849,84.290794
195,1.625000,-0.004868,0.930445,0.031513,0.365041,-215.638977,92.121895,84.285286
196,1.633333,-0.002900,0.930586,0.030217,0.364814,-215.643616,92.134087,84.291039
197,1.641667,-0.004567,0.930465,0.031197,0.365021,-215.640945,92.124924,84.286308
198,1.650000,-0.002861,0.930549,0.030448,0.364888,-215.643524,92.132866,84.290901
199,1.658333,-0.002575,0.930583,0.030282,0.364817,-215.643280,92.134682,84.291779
200,1.666667,-0.004772,0.930425,0.031705,0.365077,-215.638092,92.121506,84.285316
201,1.675000,-0.003213,0.930567,0.030528,0.364833,-215.640335,92.133331,84.288078
202,1.683333,-0.002784,0.930618,0.030217,0.364733,-215.641785,92.135590,84.289047
203,1.691667,-0.002909,0.930618,0.030289,0.364726,-215.641922,92.135536,84.288994
204,1.700000,-0.004741,0.930551,0.031522,0.364772,-215.637207,92.121849,84.279823
205,1.708333,-0.005336,0.930450,0.031707,0.365006,-215.639969,92.121269,84.282478
206,1.716667,-0.003101,0.930647,0.030338,0.364645,-215.644958,92.136215,84.289413
207,1.725000,-0.003026,0.930597,0.030372,0.364772,-215.648727,92.134712,84.288116
208,1.733333,-0.003086,0.930578,0.030435,0.364813,-215.650986,92.135201,84.290413
209,1.741667,-0.003150,0.930591,0.030581,0.364768,-215.651611,92.134209,84.290138
210,1.750000,-0.003138,0.930638,0.030471,0.364657,-215.649490,92.134872,84.288971
211,1.758333,-0.002871,0.930795,0.031147,0.364200,-215.654175,92.137840,84.298218
212,1.766667,-0.002843,0.930681,0.030827,0.364519,-215.651566,92.137634,84.290565
213,1.775000,-0.002987,0.930642,0.030610,0.364637,-215.653152,92.135094,84.290520
214,1.783333,-0.003175,0.930681,0.030373,0.364554,-215.654297,92.136215,84.291664
215,1.791667,-0.003272,0.930612,0.030415,0.364727,-215.658020,92.134529,84.291435
216,1.800000,-0.003178,0.930658,0.030373,0.364612,-215.657898,92.135117,84.291794
217,1.808333,-0.003018,0.930800,0.031039,0.364197,-215.661438,92.139282,84.300346
218,1.816667,-0.003209,0.930686,0.030800,0.364506,-215.658615,92.137634,84.293869
219,1.825000,-0.003060,0.930726,0.030489,0.364430,-215.657898,92.137138,84.293030
220,1.833333,-0.003314,0.930690,0.030485,0.364522,-215.658066,92.135826,84.292343
221,1.841667,-0.003407,0.930665,0.030331,0.364598,-215.659515,92.135902,84.292725
222,1.850000,-0.003111,0.930835,0.031057,0.364105,-215.665512,92.137512,84.301949
223,1.858333,-0.003198,0.930720,0.030953,0.364406,-215.661377,92.135170,84.292633
224,1.866667,-0.003255,0.930700,0.030480,0.364498,-215.658951,92.133995,84.291687
225,1.875000,-0.003155,0.930694,0.030232,0.364533,-215.658112,92.134331,84.291466
226,1.883333,-0.003147,0.930671,0.030261,0.364591,-215.657761,92.134789,84.292221
227,1.891667,-0.003135,0.930687,0.030370,0.364539,-215.657547,92.135468,84.292084
228,1.900000,-0.003167,0.930736,0.030439,0.364409,-215.655228,92.136375,84.290848
229,1.908333,-0.003235,0.930687,0.030372,0.364538,-215.656036,92.135849,84.289490
230,1.916667,-0.003148,0.930697,0.030297,0.364520,-215.656097,92.136208,84.288940
231,1.925000,-0.003250,0.930741,0.030474,0.364394,-215.656967,92.134552,84.289268
232,1.933333,-0.003242,0.930745,0.030247,0.364401,-215.657227,92.135254,84.287994
233,1.941667,-0.003260,0.930729,0.030328,0.364436,-215.657715,92.134544,84.289597
234,1.950000,-0.003348,0.930690,0.030307,0.364536,-215.660233,92.135612,84.290497
235,1.958333,-0.003231,0.930724,0.030327,0.364448,-215.660263,92.135796,84.291763
236,1.966667,-0.003214,0.930722,0.030283,0.364458,-215.658447,92.137115,84.291687
237,1.975000,-0.003260,0.930733,0.030288,0.364427,-215.656906,92.135162,84.290115
238,1.983333,-0.003307,0.930716,0.030317,0.364468,-215.657990,92.134056,84.290573
239,1.991667,-0.003329,0.930672,0.030415,0.364574,-215.659164,92.133347,84.291252
240,2.000000,-0.003139,0.930722,0.030301,0.364457,-215.658737,92.136292,84.291214
241,2.008333,-0.003019,0.930863,0.031068,0.364032,-215.662766,92.137489,84.299454
242,2.016667,-0.003233,0.930769,0.030846,0.364290,-215.657730,92.137085,84.291321
243,2.025000,-0.003156,0.930730,0.030392,0.364429,-215.655380,92.135147,84.289398
244,2.033333,-0.003120,0.930710,0.030282,0.364489,-215.655106,92.136261,84.292984
245,2.041667,-0.003045,0.930699,0.030272,0.364519,-215.655426,92.133949,84.291519
246,2.050000,-0.003138,0.930736,0.030231,0.364426,-215.654968,92.133865,84.291763
247,2.058333,-0.003132,0.930722,0.030198,0.364466,-215.656189,92.134323,84.293228
248,2.066667,-0.003206,0.930730,0.030222,0.364443,-215.656494,92.135056,84.293930
249,2.075000,-0.003258,0.930697,0.030354,0.364516,-215.657013,92.135384,84.294395
250,2.083333,-0.003191,0.930706,0.030240,0.364502,-215.659149,92.135033,84.293465
251,2.091667,-0.003127,0.930684,0.030333,0.364551,-215.660477,92.132988,84.294937
252,2.100000,-0.003173,0.930724,0.030380,0.364444,-215.660385,92.133316,84.295273
253,2.108333,-0.003387,0.930674,0.030402,0.364569,-215.662689,92.133446,84.295776
254,2.116667,-0.003038,0.930841,0.031016,0.364093,-215.667847,92.136948,84.303978
255,2.125000,-0.003077,0.930899,0.031192,0.363929,-215.666992,92.137665,84.303925
256,2.133333,-0.003371,0.930532,0.030573,0.364916,-215.670319,92.137947,84.295708
257,2.141667,-0.003259,0.930665,0.030337,0.364597,-215.662292,92.135590,84.293701
258,2.150000,-0.003133,0.930666,0.030394,0.364593,-215.660614,92.132805,84.293556
259,2.158333,-0.003222,0.930680,0.030506,0.364546,-215.659027,92.132339,84.293518
260,2.166667,-0.003149,0.930709,0.030907,0.364438,-215.669342,92.139084,84.301910
261,2.175000,-0.003275,0.930695,0.030670,0.364494,-215.662888,92.137917,84.293213
262,2.183333,-0.002990,0.930844,0.031196,0.364070,-215.662842,92.137375,84.300163
263,2.191667,-0.002859,0.930721,0.030849,0.364415,-215.659790,92.134712,84.293091
264,2.200000,-0.003150,0.930633,0.030571,0.364661,-215.658493,92.134941,84.293343
265,2.208333,-0.003289,0.930675,0.030280,0.364577,-215.657852,92.134636,84.293106
266,2.216667,-0.003044,0.930679,0.030382,0.364560,-215.657120,92.136024,84.294685
267,2.225000,-0.003137,0.930659,0.030251,0.364623,-215.659210,92.136894,84.295410
268,2.233333,-0.003060,0.930682,0.030391,0.364552,-215.656662,92.136971,84.294876
269,2.241667,-0.003104,0.930642,0.030381,0.364654,-215.658539,92.136688,84.295151
270,2.250000,-0.002978,0.930716,0.030328,0.364471,-215.658615,92.136841,84.294876
271,2.258333,-0.002998,0.930838,0.031096,0.364095,-215.662262,92.139191,84.302780
272,2.266667,-0.002995,0.930716,0.030824,0.364428,-215.658951,92.137596,84.293159
273,2.275000,-0.002969,0.930856,0.031066,0.364052,-215.662033,92.140839,84.301041
274,2.283333,-0.003179,0.930710,0.030767,0.364449,-215.659882,92.137314,84.292343
275,2.291667,-0.003157,0.930668,0.030470,0.364579,-215.657837,92.135933,84.290085
276,2.300000,-0.003098,0.930658,0.030339,0.364617,-215.658218,92.134552,84.290817
277,2.308333,-0.003262,0.930696,0.030336,0.364519,-215.657593,92.137207,84.292206
278,2.316667,-0.003133,0.930708,0.030330,0.364489,-215.656570,92.136612,84.290382
279,2.325000,-0.003128,0.930689,0.030423,0.364530,-215.656708,92.135330,84.288857
280,2.333333,-0.003077,0.930730,0.030408,0.364428,-215.655823,92.135986,84.289368
281,2.341667,-0.003181,0.930692,0.030364,0.364527,-215.654709,92.137314,84.289696
282,2.350000,-0.003028,0.930835,0.031051,0.364105,-215.659210,92.138641,84.296021
283,2.358333,-0.003147,0.930737,0.030626,0.364391,-215.656326,92.138290,84.288338
284,2.366667,-0.002988,0.930698,0.030307,0.364519,-215.655807,92.137245,84.289230
285,2.375000,-0.003168,0.930706,0.030204,0.364505,-215.655136,92.135963,84.288620
286,2.383333,-0.003001,0.930652,0.030147,0.364649,-215.654678,92.136154,84.288155
287,2.391667,-0.003269,0.930691,0.030150,0.364547,-215.653412,92.137093,84.287254
288,2.400000,-0.003097,0.930707,0.030221,0.364501,-215.654114,92.136917,84.287491
289,2.408333,-0.003156,0.930701,0.030401,0.364502,-215.654449,92.137054,84.286919
290,2.416667,-0.003182,0.930672,0.030480,0.364570,-215.655731,92.136314,84.285889
291,2.425000,-0.003089,0.930706,0.030352,0.364493,-215.656631,92.138000,84.286652
292,2.433333,-0.003208,0.930699,0.030503,0.364497,-215.656754,92.134781,84.284561
293,2.441667,-0.003123,0.930711,0.030449,0.364473,-215.658524,92.135551,84.285843
294,2.450000,-0.003211,0.930680,0.030417,0.364554,-215.657944,92.134903,84.285156
295,2.458333,-0.003150,0.930701,0.030306,0.364509,-215.656860,92.136642,84.285347
296,2.466667,-0.003198,0.930717,0.030384,0.364463,-215.656067,92.136360,84.285973
297,2.475000,-0.003278,0.930737,0.030412,0.364408,-215.654404,92.136978,84.287704
298,2.483333,-0.003079,0.930728,0.030530,0.364422,-215.654404,92.136032,84.287956
299,2.491667,-0.003122,0.930675,0.030427,0.364565,-215.656418,92.135582,84.288063
300,2.500000,-0.003085,0.930704,0.030460,0.364489,-215.656204,92.137733,84.291000
301,2.508333,-0.003254,0.930702,0.030482,0.364492,-215.655594,92.137321,84.291130
302,2.516667,-0.003307,0.930695,0.030428,0.364512,-215.653870,92.136978,84.289536
303,2.525000,-0.003057,0.930702,0.030454,0.364496,-215.653702,92.136330,84.290161
304,2.533333,-0.002999,0.930676,0.030486,0.364559,-215.654449,92.135040,84.288445
305,2.541667,-0.003146,0.930730,0.030438,0.364425,-215.655060,92.135849,84.290001
306,2.550000,-0.003103,0.930694,0.030413,0.364520,-215.656921,92.135483,84.288651
307,2.558333,-0.003003,0.930851,0.031139,0.364058,-215.660187,92.138054,84.295036
308,2.566667,-0.003098,0.930749,0.030681,0.364356,-215.658157,92.138557,84.287743
309,2.575000,-0.003189,0.930725,0.030455,0.364435,-215.656403,92.137672,84.285797
310,2.583333,-0.003169,0.930748,0.030377,0.364384,-215.655701,92.136368,84.284821
311,2.591667,-0.003318,0.930722,0.030469,0.364441,-215.658264,92.134254,84.285294
312,2.600000,-0.003360,0.930719,0.030333,0.364459,-215.658401,92.134895,84.284767
313,2.608333,-0.003181,0.930673,0.030448,0.364568,-215.661148,92.135590,84.285362
314,2.616667,-0.003132,0.930667,0.030418,0.364587,-215.661026,92.136154,84.284813
315,2.625000,-0.003137,0.930707,0.030367,0.364488,-215.659241,92.137817,84.286705
316,2.633333,-0.003270,0.930750,0.030413,0.364374,-215.658066,92.135475,84.286682
317,2.641667,-0.003176,0.930714,0.030447,0.364465,-215.658386,92.135017,84.287445
318,2.650000,-0.003153,0.930702,0.030455,0.364494,-215.657455,92.135048,84.288826
319,2.658333,-0.003076,0.930690,0.030462,0.364524,-215.659027,92.135277,84.288475
320,2.666667,-0.003037,0.930726,0.030404,0.364440,-215.658096,92.136574,84.288261
321,2.675000,-0.003099,0.930687,0.030549,0.364525,-215.657944,92.135376,84.287964
322,2.683333,-0.003053,0.930712,0.030629,0.364456,-215.658112,92.136665,84.290108
323,2.691667,-0.003211,0.930708,0.030537,0.364473,-215.657623,92.136673,84.287041
324,2.700000,-0.003035,0.930716,0.030469,0.364458,-215.658478,92.136360,84.287262
325,2.708333,-0.003188,0.930717,0.030446,0.364456,-215.659042,92.136299,84.287575
326,2.716667,-0.002971,0.930727,0.030345,0.364440,-215.660446,92.136101,84.287170
327,2.725000,-0.003077,0.930703,0.030435,0.364494,-215.659256,92.136917,84.287979
328,2.733333,-0.002871,0.930861,0.030982,0.364046,-215.662567,92.139000,84.294144
329,2.741667,-0.003001,0.930760,0.030831,0.364317,-215.661194,92.137733,84.286995
330,2.750000,-0.003023,0.930667,0.030713,0.364563,-215.659409,92.136955,84.285683
331,2.758333,-0.003105,0.930711,0.030544,0.364465,-215.658447,92.136131,84.286484
332,2.766667,-0.003004,0.930692,0.030425,0.364524,-215.658875,92.136589,84.287399
333,2.775000,-0.002932,0.930882,0.031027,0.363989,-215.660095,92.140236,84.296104
334,2.783333,-0.003022,0.930754,0.030863,0.364328,-215.657776,92.139191,84.289665
335,2.791667,-0.003056,0.930687,0.030767,0.364508,-215.656464,92.138062,84.289040
336,2.800000,-0.002862,0.930881,0.031221,0.363975,-215.659286,92.138084,84.297783
337,2.808333,-0.002830,0.930901,0.031289,0.363917,-215.659546,92.138496,84.298958
338,2.816667,-0.003010,0.930718,0.030678,0.364436,-215.656921,92.137497,84.291100
339,2.825000,-0.002997,0.930680,0.030383,0.364557,-215.656464,92.136642,84.292702
340,2.833333,-0.003117,0.930701,0.030266,0.364514,-215.656189,92.136147,84.292007
341,2.841667,-0.002813,0.930830,0.030916,0.364132,-215.660645,92.139381,84.300568
342,2.850000,-0.002982,0.930721,0.030797,0.364418,-215.658264,92.138443,84.292122
343,2.858333,-0.003061,0.930723,0.030520,0.364437,-215.657730,92.137451,84.290878
344,2.866667,-0.003086,0.930726,0.030154,0.364458,-215.657227,92.137619,84.289261
345,2.875000,-0.003198,0.930652,0.030332,0.364631,-215.658875,92.136299,84.288719
346,2.883333,-0.003123,0.930699,0.030419,0.364507,-215.658829,92.137375,84.288925
347,2.891667,-0.002952,0.930883,0.031151,0.363975,-215.663834,92.140045,84.297668
348,2.900000,-0.003042,0.930716,0.030783,0.364433,-215.661530,92.137085,84.288292
349,2.908333,-0.003192,0.930698,0.030539,0.364497,-215.659363,92.134956,84.288429
350,2.916667,-0.003087,0.930712,0.030221,0.364489,-215.658157,92.136581,84.290100
351,2.925000,-0.003102,0.930660,0.030418,0.364605,-215.658981,92.135201,84.290657
352,2.933333,-0.003201,0.930701,0.030505,0.364493,-215.657425,92.134521,84.290672
353,2.941667,-0.003155,0.930696,0.030560,0.364500,-215.658600,92.134193,84.290520
354,2.950000,-0.003290,0.930661,0.030638,0.364583,-215.660065,92.135689,84.294098
355,2.958333,-0.003182,0.930701,0.030512,0.364493,-215.659119,92.135651,84.293396
356,2.966667,-0.003186,0.930717,0.030555,0.364448,-215.659073,92.134796,84.293518
357,2.975000,-0.003125,0.930763,0.030613,0.364326,-215.657471,92.136017,84.295273
358,2.983333,-0.003046,0.930732,0.030606,0.364406,-215.658875,92.136719,84.294067
359,2.991667,-0.003078,0.930690,0.030411,0.364529,-215.658569,92.135963,84.292244
360,3.000000,-0.003162,0.930697,0.030402,0.364511,-215.658386,92.136841,84.292358
361,3.008333,-0.003000,0.930913,0.031032,0.363909,-215.660980,92.139053,84.297287
362,3.016667,-0.002977,0.930790,0.030899,0.364235,-215.659119,92.136627,84.287033
363,3.025000,-0.003023,0.930725,0.030637,0.364421,-215.660858,92.136238,84.284111
364,3.033333,-0.003026,0.930744,0.030401,0.364393,-215.660019,92.135452,84.283707
365,3.041667,-0.003181,0.930738,0.030361,0.364409,-215.657166,92.134300,84.280716
366,3.050000,-0.003203,0.930711,0.030442,0.364473,-215.658783,92.132698,84.279587
367,3.058333,-0.003120,0.930721,0.030416,0.364450,-215.659668,92.134705,84.279671
368,3.066667,-0.003208,0.930679,0.030510,0.364549,-215.659088,92.133484,84.278450
369,3.075000,-0.003105,0.930680,0.030347,0.364560,-215.659241,92.135529,84.280327
370,3.083333,-0.003038,0.930672,0.030408,0.364577,-215.656998,92.135506,84.279488
371,3.091667,-0.005204,0.930536,0.031847,0.364776,-215.653091,92.120438,84.276001
372,3.100000,-0.003031,0.930719,0.030542,0.364445,-215.656876,92.135597,84.285515
373,3.108333,-0.002944,0.930743,0.030239,0.364410,-215.657806,92.136589,84.286613
374,3.116667,-0.003073,0.930732,0.030251,0.364435,-215.658386,92.136162,84.290047
375,3.125000,-0.003088,0.930738,0.030391,0.364408,-215.657257,92.136032,84.291229
376,3.133333,-0.002941,0.930854,0.031074,0.364056,-215.661072,92.137665,84.300346
377,3.141667,-0.002878,0.930759,0.030712,0.364330,-215.659210,92.138184,84.294518
378,3.150000,-0.003008,0.930732,0.030619,0.364404,-215.658539,92.136795,84.294823
379,3.158333,-0.003043,0.930722,0.030406,0.364449,-215.658707,92.134399,84.293274
380,3.166667,-0.003103,0.930662,0.030585,0.364585,-215.657776,92.132729,84.293083
381,3.175000,-0.003375,0.930494,0.030248,0.365040,-215.665894,92.137306,84.293610
382,3.183333,-0.003331,0.930665,0.030240,0.364606,-215.661270,92.138763,84.291756
383,3.191667,-0.003181,0.930684,0.030431,0.364543,-215.659637,92.136818,84.289429
384,3.200000,-0.003080,0.930668,0.030431,0.364585,-215.660233,92.134621,84.285942
385,3.208333,-0.003020,0.930714,0.030422,0.364468,-215.660278,92.134384,84.285828
386,3.216667,-0.003040,0.930700,0.030433,0.364504,-215.659927,92.135063,84.284279
387,3.225000,-0.003038,0.930699,0.030509,0.364498,-215.661484,92.134399,84.284439
388,3.233333,-0.003059,0.930730,0.030533,0.364416,-215.659882,92.136353,84.284599
389,3.241667,-0.003131,0.930733,0.030635,0.364400,-215.658920,92.134621,84.284019
390,3.250000,-0.002935,0.930872,0.031138,0.364004,-215.662857,92.136917,84.293472
391,3.258333,-0.002974,0.930731,0.030758,0.364398,-215.659851,92.138763,84.289566
392,3.266667,-0.002974,0.930684,0.030464,0.364542,-215.657135,92.138138,84.289330
393,3.275000,-0.003092,0.930671,0.030361,0.364582,-215.652802,92.133659,84.288216
394,3.283333,-0.003024,0.930673,0.030308,0.364582,-215.652496,92.133018,84.290771
395,3.291667,-0.002905,0.930677,0.030234,0.364579,-215.652802,92.135635,84.291725
396,3.300000,-0.002629,0.930791,0.030221,0.364291,-215.649841,92.134003,84.286469
397,3.308333,-0.002577,0.930860,0.030973,0.364052,-215.653488,92.136826,84.301819
398,3.316667,-0.002605,0.930883,0.031160,0.363977,-215.650299,92.137321,84.305679
399,3.325000,-0.002219,0.930727,0.030894,0.364400,-215.644699,92.135574,84.302261
400,3.333333,-0.001813,0.930845,0.031657,0.364035,-215.643021,92.136307,84.315445
401,3.341667,-0.002107,0.930645,0.031551,0.364556,-215.649231,92.139297,84.324417
402,3.350000,-0.002029,0.930680,0.031791,0.364445,-215.645523,92.142029,84.334656
403,3.358333,-0.001679,0.930647,0.032242,0.364491,-215.643692,92.140839,84.344681
404,3.366667,-0.001437,0.930666,0.032596,0.364411,-215.641113,92.141022,84.354767
405,3.375000,-0.000405,0.930590,0.033263,0.364547,-215.637207,92.133560,84.366615
406,3.383333,0.000416,0.930634,0.033707,0.364396,-215.628265,92.131645,84.378899
407,3.391667,0.001049,0.930611,0.034070,0.364419,-215.614899,92.129005,84.395058
408,3.400000,0.001359,0.930555,0.034308,0.364538,-215.600204,92.128967,84.417709
409,3.408333,0.000648,0.930746,0.034087,0.364072,-215.576523,92.141800,84.445724
410,3.416667,0.001249,0.930793,0.034181,0.363944,-215.554733,92.142830,84.471642
411,3.425000,0.002042,0.930822,0.034287,0.363856,-215.531464,92.143402,84.498795
412,3.433333,0.002847,0.930841,0.034676,0.363763,-215.509964,92.145462,84.524956
413,3.441667,0.003640,0.930889,0.034971,0.363607,-215.493515,92.146767,84.547493
414,3.450000,0.003345,0.930737,0.035293,0.363966,-215.490295,92.151527,84.575447
415,3.458333,0.003715,0.930720,0.035585,0.363978,-215.480713,92.152512,84.593895
416,3.466667,0.006852,0.930770,0.036285,0.363737,-215.456177,92.124901,84.605270
417,3.475000,0.007434,0.930734,0.036806,0.363765,-215.450546,92.121384,84.621742
418,3.483333,0.007647,0.930763,0.037249,0.363641,-215.448807,92.121056,84.633896
419,3.491667,0.007593,0.930757,0.037601,0.363620,-215.449936,92.121292,84.642754
420,3.500000,0.007674,0.930726,0.037699,0.363688,-215.451889,92.122368,84.647026
421,3.508333,0.007617,0.930714,0.037887,0.363701,-215.452194,92.123184,84.652954
422,3.516667,0.007744,0.930700,0.038068,0.363715,-215.452545,92.122910,84.656197
423,3.525000,0.007676,0.930698,0.038191,0.363708,-215.450974,92.124710,84.662102
424,3.533333,0.007895,0.930658,0.038207,0.363804,-215.452026,92.126060,84.668327
425,3.541667,0.007873,0.930611,0.038764,0.363865,-215.452408,92.124397,84.678101
426,3.550000,0.008344,0.930574,0.039120,0.363911,-215.453049,92.124420,84.693077
427,3.558333,0.008406,0.930566,0.039419,0.363898,-215.448730,92.124268,84.704071
428,3.566667,0.008414,0.930540,0.039701,0.363935,-215.447968,92.122635,84.715019
429,3.575000,0.008601,0.930498,0.039969,0.364009,-215.448288,92.119301,84.724846
430,3.583333,0.008714,0.930623,0.040177,0.363662,-215.453293,92.118546,84.741745
431,3.591667,0.008943,0.930648,0.040035,0.363610,-215.456009,92.116905,84.744667
432,3.600000,0.008431,0.930606,0.040161,0.363714,-215.460495,92.117714,84.744278
433,3.608333,0.008315,0.930627,0.039875,0.363695,-215.466217,92.117706,84.735916
434,3.616667,0.007708,0.930679,0.039855,0.363577,-215.475845,92.120895,84.724113
435,3.625000,0.007197,0.930662,0.039272,0.363696,-215.485260,92.124756,84.691498
436,3.633333,0.006124,0.930607,0.038550,0.363932,-215.503174,92.122719,84.661507
437,3.641667,0.005247,0.930632,0.037759,0.363966,-215.518997,92.128853,84.632889
438,3.650000,0.003768,0.930659,0.037242,0.363968,-215.533615,92.139229,84.600952
439,3.658333,0.003135,0.930767,0.037109,0.363712,-215.543503,92.140671,84.585175
440,3.666667,0.003183,0.930570,0.037893,0.364134,-215.554428,92.140945,84.590874
441,3.675000,0.003675,0.930480,0.039545,0.364184,-215.563232,92.155884,84.624008
442,3.683333,0.004234,0.930432,0.041267,0.364109,-215.568298,92.185974,84.654312
443,3.691667,0.004985,0.930647,0.042068,0.363457,-215.565186,92.228737,84.677773
444,3.700000,0.004663,0.930868,0.041371,0.362976,-215.542679,92.282288,84.684792
445,3.708333,0.005736,0.930722,0.041020,0.363375,-215.542053,92.317528,84.680763
446,3.716667,0.004710,0.930640,0.040695,0.363635,-215.548615,92.371819,84.693459
447,3.725000,0.001775,0.930979,0.039467,0.362930,-215.543625,92.443741,84.711800
448,3.733333,0.002266,0.930440,0.039667,0.364284,-215.561493,92.490326,84.734032
449,3.741667,0.005420,0.930357,0.037961,0.364643,-215.558075,92.558670,84.744125
450,3.750000,0.007328,0.930315,0.037915,0.364722,-215.546036,92.606232,84.745872
451,3.758333,0.006924,0.930164,0.038045,0.365102,-215.544434,92.661827,84.761269
452,3.766667,0.004474,0.930343,0.039714,0.364505,-215.542053,92.703224,84.785011
453,3.775000,0.003825,0.930393,0.040185,0.364335,-215.541931,92.747902,84.800545
454,3.783333,0.005377,0.930490,0.038629,0.364236,-215.546875,92.827621,84.813171
455,3.791667,0.005761,0.930456,0.038694,0.364309,-215.546844,92.877258,84.823311
456,3.800000,0.005724,0.930326,0.038719,0.364640,-215.549423,92.931572,84.831970
457,3.808333,0.004176,0.930331,0.037481,0.364777,-215.548798,93.009026,84.824425
458,3.816667,0.004339,0.930608,0.039170,0.363891,-215.552444,93.085060,84.828011
459,3.825000,0.007514,0.930622,0.036988,0.364029,-215.554291,93.164543,84.823898
460,3.833333,0.007881,0.930514,0.036291,0.364368,-215.551086,93.220345,84.820541
461,3.841667,0.007122,0.930477,0.036315,0.364475,-215.551025,93.274460,84.817223
462,3.850000,0.006059,0.930583,0.036443,0.364212,-215.552734,93.322357,84.821968
463,3.858333,0.004007,0.930823,0.035161,0.363753,-215.543152,93.384857,84.827026
464,3.866667,0.003796,0.930805,0.035052,0.363811,-215.540497,93.426346,84.834846
465,3.875000,0.003506,0.930732,0.034837,0.364022,-215.532867,93.471031,84.833374
466,3.883333,0.003497,0.930640,0.034947,0.364247,-215.526886,93.514931,84.832764
467,3.891667,0.002195,0.930706,0.034063,0.364173,-215.524536,93.575676,84.832603
468,3.900000,0.002651,0.930883,0.036361,0.363494,-215.531021,93.640388,84.840622
469,3.908333,0.002704,0.930994,0.036424,0.363203,-215.528351,93.687363,84.843102
470,3.916667,0.006105,0.930946,0.034696,0.363454,-215.528076,93.742233,84.846222
471,3.925000,0.006281,0.930885,0.033921,0.363681,-215.526443,93.788887,84.844742
472,3.933333,0.005558,0.930921,0.033599,0.363629,-215.524933,93.836533,84.847221
473,3.941667,0.004572,0.930933,0.033127,0.363657,-215.525192,93.883865,84.853935
474,3.950000,0.002811,0.931014,0.032069,0.363562,-215.521240,93.946838,84.846901
475,3.958333,0.002524,0.930988,0.031535,0.363677,-215.515518,93.999931,84.842194
476,3.966667,0.002958,0.930961,0.031425,0.363752,-215.512115,94.048119,84.839478
477,3.975000,0.001659,0.931189,0.030096,0.363289,-215.495941,94.111336,84.832626
478,3.983333,0.002049,0.930947,0.030197,0.363897,-215.498383,94.157082,84.823273
479,3.991667,0.001960,0.930855,0.030287,0.364127,-215.499878,94.214027,84.815758
480,4.000000,0.004597,0.930891,0.030623,0.363981,-215.512054,94.294777,84.810555
481,4.008333,0.003539,0.930793,0.030082,0.364289,-215.524750,94.358955,84.805717
482,4.016667,0.001902,0.930753,0.029186,0.364477,-215.530899,94.413979,84.803947
483,4.025000,0.001942,0.931113,0.028257,0.363629,-215.516190,94.456741,84.791077
484,4.033333,0.000721,0.931316,0.027358,0.363182,-215.502029,94.504616,84.786896
485,4.041667,0.000957,0.931338,0.026903,0.363159,-215.495773,94.542625,84.783943
486,4.050000,-0.000484,0.931565,0.025533,0.362676,-215.486786,94.592659,84.780670
487,4.058333,-0.001473,0.931393,0.025229,0.363136,-215.489792,94.637077,84.778755
488,4.066667,-0.001787,0.931410,0.024848,0.363119,-215.489166,94.676933,84.777725
489,4.075000,-0.001866,0.931390,0.024554,0.363188,-215.487000,94.713699,84.772362
490,4.083333,-0.002268,0.931302,0.023972,0.363452,-215.486145,94.753014,84.763702
491,4.091667,-0.002452,0.931358,0.023125,0.363361,-215.486221,94.796051,84.756798
492,4.100000,-0.000035,0.931324,0.021310,0.363567,-215.491623,94.848328,84.749695
493,4.108333,-0.000053,0.931248,0.020631,0.363802,-215.492981,94.883476,84.741478
494,4.116667,-0.001870,0.931144,0.022880,0.363929,-215.506821,94.945259,84.757729
495,4.125000,-0.001999,0.931549,0.022899,0.362890,-215.495712,94.976089,84.740952
496,4.133333,-0.001049,0.931718,0.022649,0.362475,-215.483002,94.994499,84.733429
497,4.141667,-0.000847,0.931725,0.022258,0.362481,-215.475586,95.017578,84.727448
498,4.150000,-0.000566,0.931762,0.022078,0.362397,-215.472534,95.044716,84.726341
499,4.158333,-0.001865,0.931864,0.021287,0.362178,-215.468185,95.078781,84.721619
500,4.166667,-0.002477,0.931739,0.020834,0.362522,-215.471680,95.105240,84.720345
501,4.175000,-0.002311,0.931626,0.020665,0.362823,-215.469604,95.127937,84.720154
502,4.183333,-0.002345,0.931622,0.020502,0.362843,-215.465286,95.147415,84.719589
503,4.191667,-0.002805,0.931687,0.020360,0.362679,-215.465897,95.169533,84.712532
504,4.200000,-0.002795,0.931691,0.020385,0.362670,-215.464523,95.186142,84.710030
505,4.208333,-0.002581,0.931694,0.020333,0.362665,-215.463135,95.201202,84.711891
506,4.216667,-0.003210,0.931576,0.020440,0.362957,-215.446518,95.226242,84.725967
507,4.225000,-0.003730,0.931545,0.020113,0.363051,-215.442139,95.250687,84.727440
508,4.233333,-0.003991,0.931529,0.019699,0.363112,-215.439194,95.277336,84.726486
509,4.241667,-0.003490,0.931586,0.019172,0.362999,-215.435333,95.305557,84.724136
510,4.250000,-0.003190,0.931661,0.018760,0.362831,-215.431793,95.331352,84.720619
511,4.258333,-0.000442,0.931608,0.017016,0.363067,-215.433792,95.371384,84.719749
512,4.266667,-0.000132,0.931517,0.016584,0.363320,-215.435074,95.395103,84.714874
513,4.275000,-0.000135,0.931512,0.016620,0.363331,-215.433533,95.413216,84.714333
514,4.283333,-0.000236,0.931535,0.016880,0.363260,-215.430573,95.426926,84.715202
515,4.291667,0.000231,0.931482,0.017065,0.363386,-215.430740,95.438118,84.720222
516,4.300000,-0.000019,0.931499,0.017481,0.363324,-215.427536,95.453964,84.723244
517,4.308333,-0.000159,0.931482,0.017637,0.363360,-215.423340,95.473801,84.724960
518,4.316667,-0.000584,0.931500,0.017860,0.363301,-215.418533,95.496620,84.723564
519,4.325000,-0.002294,0.931603,0.017411,0.363052,-215.414215,95.538559,84.714142
520,4.333333,-0.003193,0.931901,0.018925,0.362205,-215.411499,95.585426,84.706779
521,4.341667,-0.003314,0.931958,0.019092,0.362047,-215.407440,95.610924,84.705696
522,4.350000,-0.003301,0.932263,0.018456,0.361294,-215.390060,95.630775,84.698746
523,4.358333,-0.004409,0.932442,0.017859,0.360850,-215.380508,95.655167,84.700104
524,4.366667,-0.004087,0.932443,0.017979,0.360847,-215.376373,95.669762,84.702690
525,4.375000,-0.004108,0.932413,0.018198,0.360912,-215.372330,95.685509,84.706291
526,4.383333,-0.004301,0.932448,0.018134,0.360824,-215.367096,95.701149,84.705208
527,4.391667,-0.004392,0.932498,0.018075,0.360696,-215.361404,95.716644,84.705475
528,4.400000,-0.004364,0.932469,0.018062,0.360773,-215.359039,95.730659,84.705605
529,4.408333,-0.004252,0.932447,0.018035,0.360832,-215.357040,95.742867,84.708313
530,4.416667,-0.004639,0.932452,0.017978,0.360817,-215.354828,95.756248,84.710106
531,4.425000,-0.005149,0.932425,0.017867,0.360885,-215.352051,95.775200,84.712921
532,4.433333,-0.005599,0.932449,0.017795,0.360819,-215.341904,95.794708,84.712715
533,4.441667,-0.005361,0.932545,0.017069,0.360609,-215.324356,95.827637,84.709969
534,4.450000,-0.005405,0.932549,0.016403,0.360630,-215.306519,95.876823,84.695412
535,4.458333,-0.005688,0.932645,0.015845,0.360401,-215.280334,95.944443,84.674858
536,4.466667,-0.005318,0.932389,0.013437,0.361168,-215.275955,96.046227,84.675476
537,4.475000,-0.004790,0.932635,0.012288,0.360581,-215.249756,96.104073,84.637383
538,4.483333,-0.006053,0.933027,0.010641,0.359598,-215.220993,96.166328,84.619888
539,4.491667,-0.007034,0.933253,0.009561,0.359023,-215.195602,96.212021,84.611664
540,4.500000,-0.007167,0.933279,0.009096,0.358967,-215.181473,96.247108,84.607521
541,4.508333,-0.006841,0.933385,0.011052,0.358641,-215.181396,96.296844,84.602798
542,4.516667,-0.006658,0.933464,0.011125,0.358437,-215.181610,96.327286,84.591522
543,4.525000,-0.007055,0.933325,0.010604,0.358807,-215.188568,96.362549,84.586212
544,4.533333,-0.007774,0.933294,0.009749,0.358896,-215.197998,96.396439,84.574005
545,4.541667,-0.007577,0.933254,0.009208,0.359018,-215.202148,96.424561,84.567421
546,4.550000,-0.007758,0.933213,0.008868,0.359132,-215.196350,96.450462,84.568611
547,4.558333,-0.008025,0.933219,0.008668,0.359115,-215.193390,96.474686,84.567688
548,4.566667,-0.008062,0.933211,0.008424,0.359139,-215.191650,96.492752,84.562477
549,4.575000,-0.008345,0.933211,0.008411,0.359134,-215.192627,96.506439,84.561485
550,4.583333,-0.005773,0.933069,0.006720,0.359588,-215.204285,96.530243,84.563690
551,4.591667,-0.005819,0.932968,0.006199,0.359859,-215.213821,96.546135,84.556290
552,4.600000,-0.006262,0.932912,0.006129,0.359997,-215.218445,96.554977,84.554482
553,4.608333,-0.006904,0.932884,0.006225,0.360057,-215.218231,96.560844,84.555779
554,4.616667,-0.007420,0.932876,0.006156,0.360070,-215.216904,96.564331,84.555832
555,4.625000,-0.007596,0.932855,0.006066,0.360121,-215.217804,96.566345,84.558067
556,4.633333,-0.007635,0.932813,0.005938,0.360230,-215.217667,96.566681,84.560127
557,4.641667,-0.007506,0.932766,0.005839,0.360356,-215.218567,96.564705,84.559998
558,4.650000,-0.007600,0.932778,0.006025,0.360321,-215.215714,96.563522,84.560371
559,4.658333,-0.007474,0.932802,0.005934,0.360262,-215.211014,96.563934,84.558807
560,4.666667,-0.007126,0.932839,0.006015,0.360174,-215.207794,96.565697,84.558624
561,4.675000,-0.007060,0.932885,0.006007,0.360055,-215.204956,96.565178,84.557907
562,4.683333,-0.007007,0.932878,0.006071,0.360074,-215.203674,96.563034,84.557930
563,4.691667,-0.007004,0.932843,0.006168,0.360163,-215.203827,96.559326,84.558617
564,4.700000,-0.006873,0.932891,0.006057,0.360041,-215.204926,96.558014,84.559975
565,4.708333,-0.006852,0.932934,0.006118,0.359930,-215.206192,96.558014,84.560326
566,4.716667,-0.006802,0.932914,0.006185,0.359983,-215.206268,96.557495,84.558594
567,4.725000,-0.006642,0.932903,0.006118,0.360015,-215.207550,96.558144,84.557373
568,4.733333,-0.006672,0.932893,0.006215,0.360037,-215.209915,96.557945,84.557190
569,4.741667,-0.006691,0.932873,0.006223,0.360090,-215.211960,96.556564,84.556976
570,4.750000,-0.006826,0.932874,0.006260,0.360083,-215.214630,96.555466,84.557297
571,4.758333,-0.006813,0.932938,0.006210,0.359919,-215.215637,96.555634,84.558311
572,4.766667,-0.006758,0.932937,0.006259,0.359921,-215.215485,96.555519,84.557777
573,4.775000,-0.006854,0.932913,0.006261,0.359981,-215.215256,96.557327,84.556435
574,4.783333,-0.006848,0.932909,0.006115,0.359995,-215.214508,96.558884,84.554710
575,4.791667,-0.006801,0.932838,0.006133,0.360180,-215.213989,96.560486,84.553276
576,4.800000,-0.007017,0.932829,0.006230,0.360197,-215.212921,96.559235,84.554291
577,4.808333,-0.006993,0.932824,0.006189,0.360210,-215.211182,96.558365,84.555954
578,4.816667,-0.007109,0.932868,0.006027,0.360097,-215.208557,96.560326,84.556007
579,4.825000,-0.007002,0.932861,0.006066,0.360117,-215.207214,96.561264,84.555893
580,4.833333,-0.007060,0.932869,0.006003,0.360097,-215.204742,96.561852,84.555138
581,4.841667,-0.007202,0.933021,0.006001,0.359699,-215.199585,96.562370,84.546280
582,4.850000,-0.006302,0.932994,0.006143,0.359785,-215.201447,96.554100,84.549553
583,4.858333,-0.006041,0.932997,0.006244,0.359778,-215.200546,96.549858,84.548279
584,4.866667,-0.005829,0.933001,0.006232,0.359773,-215.202209,96.547752,84.549728
585,4.875000,-0.006027,0.933007,0.006409,0.359750,-215.202515,96.548065,84.549889
586,4.883333,-0.006233,0.933002,0.006419,0.359760,-215.204651,96.548790,84.549942
587,4.891667,-0.006246,0.932995,0.006291,0.359781,-215.204956,96.553207,84.551147
588,4.900000,-0.006443,0.932913,0.006232,0.359991,-215.207596,96.555023,84.551476
589,4.908333,-0.006717,0.932882,0.006272,0.360065,-215.207855,96.557724,84.552017
590,4.916667,-0.006964,0.932860,0.006267,0.360117,-215.209702,96.557991,84.553185
591,4.925000,-0.007180,0.932828,0.006235,0.360198,-215.209503,96.559731,84.554520
592,4.933333,-0.007210,0.932845,0.006145,0.360154,-215.210342,96.561966,84.555275
593,4.941667,-0.007343,0.932839,0.006061,0.360168,-215.209793,96.563156,84.554901
594,4.950000,-0.007578,0.932838,0.006077,0.360165,-215.208908,96.563347,84.555557
595,4.958333,-0.007402,0.932828,0.005891,0.360198,-215.207458,96.565941,84.556282
596,4.966667,-0.007314,0.932773,0.005902,0.360342,-215.207550,96.565231,84.556190
597,4.975000,-0.007423,0.932822,0.005842,0.360215,-215.205811,96.564407,84.557190
598,4.983333,-0.007197,0.932845,0.005962,0.360157,-215.203720,96.563728,84.558685
599,4.991667,-0.007137,0.932859,0.006104,0.360120,-215.201981,96.562538,84.559227
600,5.000000,-0.007111,0.932856,0.006177,0.360126,-215.201645,96.561012,84.559967
601,5.008333,-0.007032,0.932871,0.006169,0.360089,-215.200882,96.560265,84.560410
602,5.016667,-0.006869,0.932852,0.006037,0.360143,-215.200668,96.557632,84.559158
603,5.025000,-0.006857,0.932862,0.006108,0.360118,-215.200592,96.556381,84.558960
604,5.033333,-0.006861,0.932881,0.006137,0.360068,-215.201401,96.556702,84.558388
605,5.041667,-0.006806,0.932895,0.006111,0.360032,-215.203308,96.557060,84.558693
606,5.050000,-0.006914,0.932927,0.006225,0.359945,-215.204758,96.556351,84.558380
607,5.058333,-0.006852,0.932912,0.006125,0.359987,-215.206314,96.556618,84.556686
608,5.066667,-0.006927,0.932896,0.006294,0.360024,-215.208359,96.556290,84.555389
609,5.075000,-0.006954,0.932906,0.006095,0.360001,-215.208298,96.558556,84.554062
610,5.083333,-0.006855,0.932876,0.006134,0.360082,-215.210678,96.559021,84.554688
611,5.091667,-0.007024,0.932860,0.006165,0.360118,-215.210510,96.559219,84.553658
612,5.100000,-0.007082,0.932867,0.006122,0.360100,-215.209671,96.558609,84.554665
613,5.108333,-0.006950,0.932868,0.006089,0.360101,-215.209030,96.560745,84.556412
614,5.116667,-0.007032,0.932831,0.006130,0.360193,-215.208191,96.560486,84.555466
615,5.125000,-0.007046,0.932842,0.006207,0.360164,-215.207672,96.560120,84.556595
616,5.133333,-0.006975,0.932849,0.006071,0.360150,-215.205429,96.560257,84.558510
617,5.141667,-0.006970,0.932856,0.006033,0.360132,-215.204926,96.559830,84.558418
618,5.150000,-0.007056,0.932860,0.006122,0.360118,-215.203476,96.558815,84.560242
619,5.158333,-0.007067,0.932873,0.006005,0.360085,-215.201920,96.559059,84.560440
620,5.166667,-0.006921,0.932854,0.006113,0.360136,-215.201706,96.558815,84.561279
621,5.175000,-0.006895,0.932835,0.006192,0.360184,-215.202454,96.557220,84.560982
622,5.183333,-0.006802,0.932851,0.006072,0.360146,-215.202911,96.558662,84.560883
623,5.191667,-0.006926,0.932889,0.006111,0.360047,-215.202805,96.558731,84.558952
624,5.200000,-0.006880,0.932865,0.006124,0.360110,-215.203995,96.557121,84.558273
625,5.208333,-0.006911,0.932876,0.006161,0.360079,-215.203949,96.557396,84.558067
626,5.216667,-0.006786,0.932872,0.005969,0.360095,-215.205734,96.558044,84.556999
627,5.225000,-0.006926,0.932881,0.005986,0.360068,-215.206879,96.558601,84.556755
628,5.233333,-0.006968,0.932880,0.006068,0.360069,-215.206696,96.558800,84.556923
629,5.241667,-0.006985,0.932872,0.006038,0.360089,-215.207886,96.558266,84.557693
630,5.250000,-0.006962,0.932858,0.006063,0.360127,-215.207962,96.558121,84.558319
631,5.258333,-0.007119,0.932861,0.006070,0.360116,-215.206665,96.559052,84.558624
632,5.266667,-0.007181,0.932826,0.006037,0.360205,-215.205856,96.557976,84.559135
633,5.275000,-0.007126,0.932815,0.006023,0.360235,-215.205688,96.558014,84.559799
634,5.283333,-0.007149,0.932852,0.005974,0.360140,-215.203766,96.558311,84.561516
635,5.291667,-0.007016,0.932857,0.006072,0.360128,-215.202881,96.559677,84.563965
636,5.300000,-0.007021,0.932834,0.006144,0.360185,-215.203552,96.556892,84.563324
637,5.308333,-0.007082,0.932859,0.006051,0.360122,-215.201401,96.557098,84.564064
638,5.316667,-0.007076,0.932846,0.006129,0.360154,-215.200760,96.557671,84.562904
639,5.325000,-0.007041,0.932850,0.006108,0.360145,-215.200073,96.558838,84.562180
640,5.333333,-0.007144,0.932879,0.006227,0.360065,-215.198929,96.558952,84.563469
641,5.341667,-0.006807,0.932850,0.006143,0.360148,-215.199448,96.561455,84.562027
642,5.350000,-0.006990,0.932995,0.005963,0.359771,-215.195892,96.565628,84.551758
643,5.358333,-0.006169,0.932985,0.006084,0.359810,-215.197495,96.565636,84.555931
644,5.366667,-0.006345,0.933031,0.005984,0.359690,-215.197495,96.570740,84.552437
645,5.375000,-0.007102,0.933079,0.005807,0.359555,-215.199966,96.584961,84.554497
646,5.383333,-0.008624,0.933204,0.004776,0.359213,-215.195206,96.602875,84.556030
647,5.391667,-0.008714,0.932978,0.004553,0.359799,-215.206436,96.610916,84.568436
648,5.400000,-0.008468,0.932883,0.004673,0.360049,-215.208603,96.613998,84.577438
649,5.408333,-0.008315,0.932925,0.004760,0.359944,-215.202209,96.615883,84.587761
650,5.416667,-0.008684,0.933175,0.004147,0.359292,-215.188644,96.627953,84.596115
651,5.425000,-0.008617,0.933157,0.004077,0.359342,-215.186661,96.633675,84.609810
652,5.433333,-0.008624,0.933162,0.003883,0.359332,-215.183350,96.641579,84.623619
653,5.441667,-0.008418,0.933180,0.003599,0.359292,-215.184265,96.648857,84.639633
654,5.450000,-0.009211,0.933031,0.003412,0.359663,-215.188309,96.661362,84.654358
655,5.458333,-0.012062,0.933326,0.004283,0.358802,-215.189056,96.657249,84.667816
656,5.466667,-0.008588,0.932996,0.003123,0.359770,-215.202881,96.668495,84.700706
657,5.475000,-0.008087,0.932903,0.002689,0.360026,-215.201263,96.677475,84.718391
658,5.483333,-0.007255,0.933216,0.005314,0.359203,-215.208984,96.699486,84.742706
659,5.491667,-0.007066,0.933255,0.005303,0.359106,-215.209412,96.710663,84.756149
660,5.500000,-0.008286,0.933468,0.004590,0.358537,-215.207764,96.725082,84.766991
661,5.508333,-0.010319,0.933450,0.004075,0.358536,-215.214325,96.745377,84.797081
662,5.516667,-0.010910,0.933363,0.003475,0.358752,-215.216156,96.744514,84.827820
663,5.525000,-0.009383,0.932934,0.002318,0.359918,-215.218994,96.709122,84.872345
664,5.533333,-0.008005,0.932756,0.001685,0.360415,-215.209122,96.684196,84.912971
665,5.541667,-0.009259,0.932836,0.003189,0.360169,-215.194824,96.637985,84.956642
666,5.550000,-0.009698,0.932948,0.003859,0.359859,-215.187195,96.610657,85.000229
667,5.558333,-0.009440,0.933226,0.003909,0.359146,-215.179626,96.584450,85.035538
668,5.566667,-0.009543,0.933518,0.005315,0.358364,-215.177658,96.567818,85.084175
669,5.575000,-0.009478,0.933466,0.005280,0.358502,-215.172058,96.529465,85.129814
670,5.583333,-0.009490,0.933299,0.004900,0.358941,-215.176651,96.492729,85.173759
671,5.591667,-0.008834,0.933140,0.004833,0.359373,-215.157028,96.446960,85.231178
672,5.600000,-0.009000,0.933303,0.004484,0.358950,-215.140289,96.417740,85.291107
673,5.608333,-0.005713,0.932628,0.005612,0.360750,-215.159515,96.355064,85.381248
674,5.616667,-0.003631,0.932759,0.006220,0.360430,-215.173843,96.310326,85.454597
675,5.625000,-0.006610,0.933141,0.007239,0.359378,-215.157791,96.240532,85.523613
676,5.633333,-0.007772,0.933008,0.008743,0.359667,-215.160446,96.168839,85.585915
677,5.641667,-0.007096,0.932578,0.010138,0.360757,-215.160843,96.105644,85.660767
678,5.650000,-0.006083,0.932593,0.010743,0.360720,-215.158707,96.046082,85.743271
679,5.658333,-0.005434,0.932697,0.011771,0.360429,-215.160675,95.986900,85.834465
680,5.666667,-0.004158,0.932891,0.013822,0.359871,-215.135437,95.873390,85.912689
681,5.675000,-0.004660,0.933014,0.015567,0.359474,-215.126083,95.797974,85.982079
682,5.683333,-0.004956,0.932983,0.016685,0.359500,-215.126450,95.750687,86.048782
683,5.691667,-0.005364,0.933232,0.017450,0.358809,-215.116837,95.705994,86.119888
684,5.700000,-0.002385,0.932876,0.015920,0.359838,-215.134140,95.673019,86.211990
685,5.708333,-0.000584,0.932686,0.015263,0.360366,-215.137299,95.635239,86.292336
686,5.716667,0.000028,0.932756,0.015107,0.360192,-215.133194,95.609154,86.365417
687,5.725000,-0.002674,0.932895,0.019011,0.359636,-215.125015,95.592712,86.443527
688,5.733333,-0.003795,0.932911,0.018386,0.359618,-215.118820,95.573090,86.515961
689,5.741667,-0.003743,0.932812,0.017729,0.359909,-215.101242,95.556503,86.584755
690,5.750000,-0.004239,0.932811,0.017379,0.359921,-215.091888,95.560448,86.642372
691,5.758333,-0.004814,0.932963,0.016547,0.359559,-215.084579,95.571266,86.703995
692,5.766667,-0.005820,0.933146,0.015315,0.359125,-215.071793,95.587883,86.774818
693,5.775000,-0.005204,0.933101,0.013656,0.359318,-215.092163,95.620277,86.866089
694,5.783333,-0.005840,0.932964,0.012729,0.359698,-215.096100,95.644470,86.936417
695,5.791667,-0.005759,0.932915,0.011904,0.359853,-215.087158,95.664307,86.998840
696,5.800000,-0.005860,0.932929,0.010691,0.359853,-215.079849,95.690498,87.062943
697,5.808333,-0.006802,0.933160,0.009379,0.359275,-215.059830,95.726303,87.129890
698,5.816667,-0.007497,0.933254,0.009842,0.359005,-215.057281,95.774048,87.197914
699,5.825000,-0.007803,0.933325,0.009128,0.358832,-215.051437,95.821922,87.262283
700,5.833333,-0.007551,0.933337,0.007790,0.358837,-215.048172,95.862946,87.320183
701,5.841667,-0.007580,0.932922,0.006248,0.359946,-215.064865,95.909279,87.382904
702,5.850000,-0.005931,0.933098,0.001919,0.359567,-215.071030,96.001091,87.460487
703,5.858333,-0.006477,0.932973,0.000892,0.359888,-215.068741,96.046585,87.524467
704,5.866667,-0.008271,0.932805,-0.000432,0.360288,-215.066498,96.096634,87.583916
705,5.875000,-0.009857,0.932876,-0.001553,0.360059,-215.054565,96.141373,87.645027
706,5.883333,-0.012119,0.932963,-0.002796,0.359757,-215.046692,96.191856,87.698456
707,5.891667,-0.012811,0.933357,-0.003022,0.358709,-215.060715,96.237679,87.739349
708,5.900000,-0.013645,0.933557,-0.004043,0.358148,-215.051270,96.284447,87.793617
709,5.908333,-0.014591,0.933607,-0.005213,0.357965,-215.045166,96.322899,87.847610
710,5.916667,-0.014450,0.933294,-0.005132,0.358785,-215.047104,96.320877,87.910812
711,5.925000,-0.013818,0.933252,-0.007967,0.358867,-215.051575,96.366035,87.974655
712,5.933333,-0.014498,0.933185,-0.006345,0.359049,-215.055298,96.404106,88.043304
713,5.941667,-0.014908,0.933147,-0.006439,0.359128,-215.052612,96.415665,88.090317
714,5.950000,-0.014931,0.933152,-0.006729,0.359109,-215.046509,96.418854,88.145439
715,5.958333,-0.014473,0.933222,-0.009001,0.358896,-215.024780,96.408882,88.194946
716,5.966667,-0.014578,0.933114,-0.010416,0.359134,-215.013504,96.401611,88.241821
717,5.975000,-0.016329,0.933122,-0.010959,0.359021,-215.002686,96.421852,88.292870
718,5.983333,-0.016709,0.933177,-0.011155,0.358856,-215.005417,96.428986,88.333504
719,5.991667,-0.016450,0.933129,-0.011779,0.358972,-215.001648,96.429665,88.388023
720,6.000000,-0.018184,0.933009,-0.012719,0.359169,-215.016800,96.448029,88.435898
721,6.008333,-0.017745,0.932591,-0.012726,0.360273,-215.031860,96.438431,88.489754
722,6.016667,-0.017303,0.932917,-0.014050,0.359402,-215.043854,96.439461,88.544754
723,6.025000,-0.017388,0.932592,-0.012400,0.360300,-215.029556,96.392845,88.631149
724,6.033333,-0.016698,0.932888,-0.011371,0.359599,-215.004395,96.349709,88.663490
725,6.041667,-0.015977,0.933380,-0.008019,0.358443,-215.003922,96.346642,88.725151
726,6.050000,-0.015413,0.933487,-0.007355,0.358205,-214.990662,96.317429,88.763519
727,6.058333,-0.014731,0.933368,-0.007481,0.358541,-214.983414,96.280060,88.810387
728,6.066667,-0.015252,0.933315,-0.007889,0.358647,-214.989655,96.257004,88.847229
729,6.075000,-0.013942,0.933448,-0.007241,0.358368,-214.993973,96.214142,88.886421
730,6.083333,-0.014499,0.933242,-0.007285,0.358882,-214.976578,96.182419,88.943840
731,6.091667,-0.014427,0.933164,-0.007820,0.359077,-214.974503,96.145386,88.988220
732,6.100000,-0.014226,0.933051,-0.008407,0.359364,-214.971680,96.113213,89.029953
733,6.108333,-0.013232,0.932912,-0.009460,0.359737,-214.968323,96.074585,89.080826
734,6.116667,-0.014467,0.933070,-0.008166,0.359311,-214.960663,96.010536,89.122253
735,6.125000,-0.014567,0.933071,-0.007333,0.359323,-214.958740,95.965073,89.161819
736,6.133333,-0.013701,0.932925,-0.006282,0.359755,-214.974625,95.934830,89.210526
737,6.141667,-0.015299,0.932957,-0.005888,0.359616,-214.967636,95.932915,89.261322
738,6.150000,-0.014120,0.933081,-0.006422,0.359333,-214.968536,95.929161,89.317764
739,6.158333,-0.013945,0.933266,-0.004290,0.358889,-214.972061,95.920876,89.361588
740,6.166667,-0.013886,0.933247,-0.004503,0.358938,-214.978149,95.899635,89.405960
741,6.175000,-0.013852,0.933138,-0.004442,0.359225,-214.974213,95.881653,89.457832
742,6.183333,-0.013863,0.933072,-0.004551,0.359395,-214.975861,95.869972,89.503319
743,6.191667,-0.013999,0.933098,-0.006330,0.359293,-214.975113,95.840050,89.547363
744,6.200000,-0.015933,0.933210,-0.008078,0.358886,-214.990280,95.830406,89.579201
745,6.208333,-0.016360,0.933323,-0.008864,0.358556,-214.985016,95.816597,89.612640
746,6.216667,-0.015837,0.933023,-0.008496,0.359366,-214.982025,95.799950,89.662903
747,6.225000,-0.015665,0.932936,-0.008665,0.359596,-214.966583,95.788513,89.710655
748,6.233333,-0.018138,0.932965,-0.006888,0.359443,-214.949585,95.756149,89.763847
749,6.241667,-0.017798,0.932936,-0.006153,0.359550,-214.941101,95.731834,89.808151
750,6.250000,-0.017244,0.932962,-0.005145,0.359525,-214.940994,95.707687,89.847603
751,6.258333,-0.015975,0.932528,-0.004457,0.360718,-214.956741,95.679482,89.897888
752,6.266667,-0.015866,0.932610,-0.004812,0.360504,-214.961105,95.664124,89.948311
753,6.275000,-0.014589,0.932700,-0.005799,0.360311,-214.974518,95.648178,90.000099
754,6.283333,-0.014707,0.932907,-0.004199,0.359793,-214.979523,95.648674,90.036324
755,6.291667,-0.015417,0.933008,-0.004385,0.359498,-214.972717,95.644501,90.071732
756,6.300000,-0.014787,0.933323,-0.004508,0.358706,-214.960434,95.627487,90.123116
757,6.308333,-0.014839,0.933295,-0.004321,0.358777,-214.961792,95.614998,90.167328
758,6.316667,-0.014621,0.933324,-0.004131,0.358713,-214.958862,95.603294,90.208420
759,6.325000,-0.014919,0.933316,-0.005529,0.358703,-214.950745,95.583160,90.249542
760,6.333333,-0.014927,0.933221,-0.006207,0.358939,-214.942719,95.564995,90.292389
761,6.341667,-0.015181,0.933136,-0.006139,0.359151,-214.932343,95.554062,90.339836
762,6.350000,-0.015035,0.933184,-0.004694,0.359054,-214.932007,95.552132,90.390678
763,6.358333,-0.013609,0.932537,-0.004826,0.360786,-214.922913,95.524101,90.448227
764,6.366667,-0.013995,0.932771,-0.003590,0.360180,-214.905212,95.474213,90.488510
765,6.375000,-0.012823,0.932537,-0.002851,0.360835,-214.924072,95.445053,90.525749
766,6.383333,-0.013196,0.932608,-0.002156,0.360644,-214.927505,95.432449,90.573509
767,6.391667,-0.013677,0.932788,-0.002755,0.360155,-214.905029,95.430252,90.636162
768,6.400000,-0.012723,0.932860,-0.004341,0.359988,-214.897247,95.424225,90.684334
769,6.408333,-0.013092,0.932975,-0.005279,0.359665,-214.905899,95.409584,90.720558
770,6.416667,-0.013734,0.933210,-0.002409,0.359062,-214.901276,95.426247,90.776291
771,6.425000,-0.013201,0.933141,-0.002258,0.359261,-214.903503,95.409996,90.823730
772,6.433333,-0.013616,0.933296,-0.002585,0.358841,-214.894485,95.402161,90.866089
773,6.441667,-0.013525,0.933188,-0.003239,0.359120,-214.889664,95.388390,90.905983
774,6.450000,-0.013746,0.933169,-0.003201,0.359160,-214.885803,95.379150,90.944778
775,6.458333,-0.013221,0.933296,-0.003071,0.358851,-214.880630,95.360291,90.980469
776,6.466667,-0.013237,0.933134,-0.004277,0.359259,-214.876511,95.337532,91.026543
777,6.475000,-0.013071,0.933063,-0.005476,0.359434,-214.875443,95.322083,91.064636
778,6.483333,-0.012972,0.933182,-0.005112,0.359133,-214.883133,95.317596,91.103737
779,6.491667,-0.014932,0.933179,-0.005413,0.359062,-214.902924,95.325592,91.134087
780,6.500000,-0.011434,0.932313,-0.004155,0.361449,-214.912704,95.280655,91.219101
781,6.508333,-0.009766,0.932645,-0.005945,0.360614,-214.892242,95.243805,91.242348
782,6.516667,-0.010253,0.932484,-0.006885,0.361001,-214.889221,95.232765,91.286980
783,6.525000,-0.012997,0.932655,-0.005521,0.360492,-214.878708,95.208900,91.337379
784,6.533333,-0.012090,0.932918,-0.005371,0.359845,-214.863129,95.188110,91.383873
785,6.541667,-0.011955,0.932786,-0.004763,0.360201,-214.858414,95.175377,91.435608
786,6.550000,-0.012407,0.932832,-0.004550,0.360069,-214.860184,95.167000,91.481949
787,6.558333,-0.012123,0.932889,-0.002922,0.359948,-214.862411,95.164238,91.511299
788,6.566667,-0.011791,0.932861,-0.002723,0.360032,-214.861679,95.151451,91.547005
789,6.575000,-0.012074,0.932980,-0.002733,0.359716,-214.858337,95.138229,91.588669
790,6.583333,-0.011760,0.933013,-0.002514,0.359641,-214.858582,95.123169,91.627579
791,6.591667,-0.012016,0.933071,-0.002567,0.359481,-214.858551,95.113541,91.666672
792,6.600000,-0.013223,0.933215,-0.004388,0.359049,-214.869049,95.099915,91.701790
793,6.608333,-0.015075,0.933221,-0.005731,0.358940,-214.856308,95.098740,91.746246
794,6.616667,-0.014621,0.933246,-0.005003,0.358906,-214.852051,95.087723,91.797272
795,6.625000,-0.013980,0.932683,-0.004192,0.360402,-214.872284,95.076538,91.860855
796,6.633333,-0.013754,0.932455,-0.004125,0.361000,-214.871460,95.068581,91.914696
797,6.641667,-0.012937,0.932209,-0.003784,0.361670,-214.880493,95.056252,91.960510
798,6.650000,-0.011511,0.932660,-0.001918,0.360567,-214.861801,95.001991,91.977310
799,6.658333,-0.008364,0.932597,-0.003903,0.360802,-214.858658,94.994164,92.022614
800,6.666667,-0.011155,0.932370,-0.002487,0.361324,-214.850647,94.961723,92.062798
801,6.675000,-0.012290,0.932462,-0.002067,0.361054,-214.852600,94.958374,92.109871
802,6.683333,-0.012579,0.932433,-0.001857,0.361120,-214.853485,94.954994,92.151886
803,6.691667,-0.012058,0.932749,-0.002012,0.360319,-214.872742,94.943344,92.183144
804,6.700000,-0.012507,0.932716,-0.001762,0.360390,-214.857773,94.937866,92.226730
805,6.708333,-0.011773,0.932721,-0.001895,0.360402,-214.850616,94.923462,92.265755
806,6.716667,-0.012041,0.933144,-0.000814,0.359299,-214.841034,94.931450,92.306450
807,6.725000,-0.012309,0.933263,-0.000787,0.358981,-214.840515,94.920822,92.342987
808,6.733333,-0.012604,0.933422,-0.001134,0.358557,-214.852234,94.909843,92.373817
809,6.741667,-0.013637,0.933235,-0.003256,0.358993,-214.835052,94.895035,92.437073
810,6.750000,-0.012724,0.933232,-0.004129,0.359026,-214.821915,94.872650,92.471619
811,6.758333,-0.013125,0.932881,-0.004296,0.359919,-214.824585,94.867035,92.516457
812,6.766667,-0.013118,0.933009,-0.004216,0.359590,-214.815002,94.858376,92.555786
813,6.775000,-0.013752,0.932890,-0.003901,0.359878,-214.813705,94.853355,92.597023
814,6.783333,-0.014815,0.932651,-0.003393,0.360459,-214.822174,94.838905,92.650642
815,6.791667,-0.015449,0.932503,-0.003346,0.360817,-214.824539,94.833473,92.691574
816,6.800000,-0.011363,0.932632,-0.004732,0.360620,-214.821869,94.828629,92.715088
817,6.808333,-0.009938,0.932551,-0.005347,0.360862,-214.827469,94.809875,92.759079
818,6.816667,-0.009620,0.932603,-0.005761,0.360730,-214.826065,94.792038,92.796455
819,6.825000,-0.009701,0.932668,-0.005925,0.360557,-214.830139,94.777092,92.826912
820,6.833333,-0.012406,0.932868,-0.004453,0.359978,-214.811203,94.756470,92.882904
821,6.841667,-0.012940,0.933055,-0.003707,0.359481,-214.804245,94.737724,92.923241
822,6.850000,-0.013314,0.933124,-0.003885,0.359287,-214.803345,94.734940,92.963432
823,6.858333,-0.014229,0.933183,-0.003985,0.359097,-214.809937,94.727287,92.993385
824,6.866667,-0.012836,0.933226,-0.003990,0.359038,-214.809753,94.698868,93.023476
825,6.875000,-0.013342,0.933067,-0.003830,0.359434,-214.790939,94.690147,93.077019
826,6.883333,-0.013436,0.933036,-0.003866,0.359510,-214.786179,94.681015,93.115967
827,6.891667,-0.013282,0.932535,-0.003444,0.360818,-214.797256,94.666817,93.157623
828,6.900000,-0.012924,0.932625,-0.002894,0.360605,-214.799576,94.661736,93.200974
829,6.908333,-0.013490,0.932790,-0.002338,0.360160,-214.799850,94.659470,93.224571
830,6.916667,-0.014246,0.932635,-0.001450,0.360538,-214.801971,94.649658,93.274628
831,6.925000,-0.014032,0.932618,-0.001455,0.360588,-214.803696,94.638939,93.315964
832,6.933333,-0.014379,0.932708,-0.001966,0.360342,-214.823486,94.632660,93.338104
833,6.941667,-0.012357,0.933059,-0.000818,0.359510,-214.841461,94.646973,93.381142
834,6.950000,-0.011235,0.932985,-0.000474,0.359740,-214.855148,94.629585,93.421730
835,6.958333,-0.013387,0.932932,-0.003135,0.359789,-214.841599,94.626396,93.481346
836,6.966667,-0.013804,0.932701,-0.004468,0.360358,-214.827942,94.610504,93.524399
837,6.975000,-0.012763,0.932499,-0.004930,0.360914,-214.830048,94.590302,93.562874
838,6.983333,-0.011629,0.932487,-0.004843,0.360984,-214.822220,94.568176,93.607979
839,6.991667,-0.010761,0.932913,-0.003940,0.359918,-214.801071,94.550697,93.626907
840,7.000000,-0.010460,0.932861,-0.003505,0.360068,-214.804291,94.540131,93.660233
841,7.008333,-0.013343,0.932832,-0.002395,0.360056,-214.787247,94.517990,93.714615
842,7.016667,-0.013274,0.932757,-0.002649,0.360251,-214.781052,94.501335,93.747589
843,7.025000,-0.013326,0.932252,-0.002481,0.361555,-214.799362,94.484833,93.786911
844,7.033333,-0.014202,0.932190,-0.002689,0.361681,-214.809845,94.475441,93.815880
845,7.041667,-0.014106,0.932096,-0.002831,0.361925,-214.809296,94.465378,93.860657
846,7.050000,-0.012939,0.932166,-0.003070,0.361788,-214.803772,94.448380,93.897018
847,7.058333,-0.013253,0.932223,-0.003229,0.361627,-214.808868,94.438835,93.928543
848,7.066667,-0.013872,0.932272,-0.003363,0.361477,-214.816315,94.430626,93.966179
849,7.075000,-0.013875,0.932291,-0.003376,0.361428,-214.816467,94.414772,94.007812
850,7.083333,-0.012273,0.932756,-0.001406,0.360297,-214.826370,94.433556,94.046875
851,7.091667,-0.011656,0.932805,-0.001028,0.360192,-214.831116,94.424721,94.091721
852,7.100000,-0.011828,0.932837,-0.001230,0.360103,-214.832474,94.414749,94.123344
853,7.108333,-0.012550,0.933050,-0.001915,0.359523,-214.823624,94.414375,94.162422
854,7.116667,-0.012675,0.933049,-0.002195,0.359518,-214.813858,94.406532,94.202698
855,7.125000,-0.012798,0.932935,-0.004151,0.359794,-214.806030,94.388672,94.240524
856,7.133333,-0.013110,0.932832,-0.005203,0.360035,-214.799408,94.376526,94.270424
857,7.141667,-0.012600,0.932740,-0.004973,0.360294,-214.802979,94.367004,94.309029
858,7.150000,-0.011766,0.932496,-0.004243,0.360963,-214.807800,94.351646,94.350372
859,7.158333,-0.011507,0.932486,-0.004033,0.361001,-214.808685,94.339920,94.386017
860,7.166667,-0.010556,0.932147,-0.002479,0.361918,-214.849396,94.331070,94.428154
861,7.175000,-0.008348,0.932467,-0.001927,0.361153,-214.840515,94.300819,94.442932
862,7.183333,-0.008341,0.932239,-0.001454,0.361744,-214.832474,94.295654,94.491951
863,7.191667,-0.007924,0.932074,-0.001370,0.362179,-214.835236,94.291534,94.529312
864,7.200000,-0.008047,0.931798,-0.003045,0.362876,-214.836792,94.275650,94.563965
865,7.208333,-0.010582,0.931902,-0.002864,0.362544,-214.830826,94.252655,94.601151
866,7.216667,-0.012469,0.932215,-0.003468,0.361674,-214.822510,94.255959,94.636658
867,7.225000,-0.012579,0.932312,-0.003350,0.361421,-214.846588,94.245018,94.666771
868,7.233333,-0.013132,0.932435,-0.002555,0.361091,-214.833099,94.248184,94.717552
869,7.241667,-0.011381,0.932580,-0.002434,0.360777,-214.819855,94.233719,94.760490
870,7.250000,-0.011249,0.932567,-0.002629,0.360812,-214.815735,94.225021,94.792358
871,7.258333,-0.011143,0.932576,-0.003051,0.360788,-214.809418,94.219429,94.824478
872,7.266667,-0.010931,0.932659,-0.000800,0.360592,-214.806396,94.221825,94.861465
873,7.275000,-0.010678,0.932688,-0.000154,0.360527,-214.802307,94.214272,94.901787
874,7.283333,-0.010724,0.932725,0.000052,0.360429,-214.801437,94.209526,94.932205
875,7.291667,-0.011599,0.932686,-0.000183,0.360502,-214.803726,94.213692,94.958206
876,7.300000,-0.012513,0.932595,-0.001544,0.360704,-214.804962,94.203697,94.990089
877,7.308333,-0.012757,0.932232,-0.001784,0.361631,-214.815948,94.189972,95.020699
878,7.316667,-0.012847,0.932365,-0.001666,0.361287,-214.818909,94.183495,95.060303
879,7.325000,-0.013567,0.932514,-0.002648,0.360869,-214.810516,94.185104,95.094749
880,7.333333,-0.011994,0.931940,-0.002703,0.362403,-214.810394,94.163551,95.160385
881,7.341667,-0.011946,0.931879,-0.002942,0.362562,-214.810181,94.162094,95.195396
882,7.350000,-0.011221,0.932018,-0.001742,0.362233,-214.801071,94.137688,95.226913
883,7.358333,-0.010699,0.932127,-0.001025,0.361973,-214.795258,94.119820,95.263786
884,7.366667,-0.007775,0.932293,-0.002560,0.361611,-214.799210,94.124763,95.296387
885,7.375000,-0.007649,0.932506,-0.003768,0.361053,-214.805054,94.118195,95.331810
886,7.383333,-0.007610,0.932323,-0.003990,0.361524,-214.799210,94.105736,95.377388
887,7.391667,-0.007633,0.932325,-0.004183,0.361516,-214.789124,94.094971,95.409592
888,7.400000,-0.008316,0.932633,-0.004934,0.360697,-214.776306,94.091675,95.442513
889,7.408333,-0.011179,0.932592,-0.003279,0.360744,-214.766953,94.061127,95.467720
890,7.416667,-0.011295,0.932583,-0.003053,0.360767,-214.759491,94.045570,95.501640
891,7.425000,-0.011184,0.932508,-0.002543,0.360966,-214.747711,94.030731,95.546440
892,7.433333,-0.011251,0.932502,-0.002612,0.360980,-214.745453,94.019127,95.572075
893,7.441667,-0.011384,0.932537,-0.002343,0.360888,-214.746780,94.011757,95.598183
894,7.450000,-0.011765,0.932596,-0.001889,0.360725,-214.746094,94.001373,95.630135
895,7.458333,-0.011760,0.932631,-0.002153,0.360635,-214.747101,93.994614,95.656914
896,7.466667,-0.011483,0.932109,-0.001925,0.361990,-214.767319,93.977386,95.690750
897,7.475000,-0.011291,0.932263,-0.001791,0.361601,-214.767792,93.964516,95.737297
898,7.483333,-0.012257,0.932327,-0.002151,0.361402,-214.759689,93.961975,95.774857
899,7.491667,-0.012162,0.932374,-0.001905,0.361285,-214.757568,93.945854,95.802544
900,7.500000,-0.013869,0.931923,-0.002155,0.362385,-214.778091,93.949028,95.844833
901,7.508333,-0.013937,0.931934,-0.002442,0.362352,-214.782135,93.939896,95.868477
902,7.516667,-0.014032,0.931880,-0.001603,0.362491,-214.778275,93.917381,95.905479
903,7.525000,-0.011796,0.932054,-0.000746,0.362126,-214.772705,93.885506,95.910408
904,7.533333,-0.010869,0.932128,-0.000415,0.361965,-214.769882,93.875778,95.926315
905,7.541667,-0.010777,0.932126,-0.000242,0.361975,-214.771301,93.870705,95.942421
906,7.550000,-0.010688,0.932108,-0.000261,0.362024,-214.774185,93.870682,95.957420
907,7.558333,-0.010827,0.932191,-0.000563,0.361805,-214.772873,93.872551,95.971611
908,7.566667,-0.010704,0.932197,-0.000570,0.361792,-214.770630,93.870613,95.985916
909,7.575000,-0.010622,0.932270,-0.000626,0.361607,-214.769531,93.868759,96.007957
910,7.583333,-0.008316,0.932401,-0.002407,0.361323,-214.774246,93.888916,96.022629
911,7.591667,-0.008728,0.932303,-0.002564,0.361564,-214.779236,93.891800,96.029892
912,7.600000,-0.010100,0.932369,-0.002892,0.361356,-214.799622,93.899124,96.031204
913,7.608333,-0.010260,0.932363,-0.002972,0.361365,-214.805023,93.895889,96.038170
914,7.616667,-0.010514,0.932402,-0.003067,0.361257,-214.808365,93.891563,96.043541
915,7.625000,-0.010362,0.932347,-0.003080,0.361403,-214.811081,93.884323,96.051422
916,7.633333,-0.007471,0.932413,-0.002925,0.361305,-214.795654,93.844025,96.057251
917,7.641667,-0.007149,0.932418,-0.003061,0.361299,-214.795380,93.826904,96.064743
918,7.650000,-0.006905,0.932432,-0.003305,0.361266,-214.794403,93.808342,96.068237
919,7.658333,-0.007470,0.932306,-0.003499,0.361576,-214.779739,93.794907,96.087181
920,7.666667,-0.007493,0.932280,-0.003763,0.361641,-214.778931,93.772469,96.091705
921,7.675000,-0.010369,0.932317,-0.002194,0.361486,-214.771988,93.728867,96.095406
922,7.683333,-0.011193,0.932358,-0.001726,0.361359,-214.771652,93.693474,96.100189
923,7.691667,-0.011341,0.932368,-0.001565,0.361331,-214.771149,93.661316,96.102798
924,7.700000,-0.010839,0.932428,-0.001585,0.361191,-214.773895,93.634071,96.110046
925,7.708333,-0.010733,0.932405,-0.001630,0.361253,-214.776657,93.602959,96.113899
926,7.716667,-0.010703,0.932380,-0.001450,0.361319,-214.778275,93.571053,96.124092
927,7.725000,-0.010682,0.932322,-0.001307,0.361469,-214.777588,93.536636,96.132698
928,7.733333,-0.009685,0.932332,0.001186,0.361472,-214.784927,93.512779,96.138344
929,7.741667,-0.008903,0.932080,0.003628,0.362125,-214.810150,93.475899,96.146606
930,7.750000,-0.009911,0.932139,0.001959,0.361959,-214.798447,93.447800,96.173759
931,7.758333,-0.009500,0.931987,0.001193,0.362366,-214.789886,93.408607,96.169922
932,7.766667,-0.007890,0.931981,0.001039,0.362420,-214.784454,93.359924,96.160706
933,7.775000,-0.006617,0.931960,0.001765,0.362497,-214.782303,93.321716,96.167137
934,7.783333,-0.005410,0.932110,0.002495,0.362126,-214.779953,93.278847,96.177071
935,7.791667,-0.008177,0.932218,0.004775,0.361773,-214.775681,93.216156,96.189789
936,7.800000,-0.009194,0.932333,0.005396,0.361445,-214.770721,93.164932,96.205887
937,7.808333,-0.008211,0.932525,0.005328,0.360974,-214.772720,93.123161,96.225227
938,7.816667,-0.007693,0.932498,0.005772,0.361046,-214.773010,93.078651,96.246323
939,7.825000,-0.007587,0.932494,0.006486,0.361048,-214.772339,93.041267,96.259819
940,7.833333,-0.006615,0.932239,0.007706,0.361700,-214.778595,92.999580,96.280342
941,7.841667,-0.006214,0.932125,0.008418,0.361987,-214.778992,92.966850,96.298271
942,7.850000,-0.005871,0.931967,0.008868,0.362388,-214.778519,92.933563,96.319359
943,7.858333,-0.004398,0.932074,0.009327,0.362122,-214.771271,92.889389,96.327568
944,7.866667,-0.003726,0.932075,0.009267,0.362129,-214.767960,92.864998,96.344177
945,7.875000,-0.003419,0.932059,0.009252,0.362171,-214.765854,92.848549,96.359360
946,7.883333,-0.003349,0.932033,0.009278,0.362240,-214.764786,92.837158,96.371117
947,7.891667,-0.003262,0.932059,0.009398,0.362170,-214.763336,92.832047,96.385689
948,7.900000,-0.003036,0.932080,0.009543,0.362113,-214.763641,92.827881,96.403320
949,7.908333,-0.003250,0.932151,0.009423,0.361932,-214.761398,92.830536,96.422508
950,7.916667,-0.003434,0.932207,0.009285,0.361790,-214.758774,92.831841,96.439568
951,7.925000,-0.003591,0.932169,0.009290,0.361886,-214.759567,92.835464,96.459999
952,7.933333,-0.003942,0.932249,0.008871,0.361687,-214.755280,92.845871,96.477798
953,7.941667,-0.004022,0.932215,0.008452,0.361783,-214.755753,92.857109,96.496414
954,7.950000,-0.003926,0.932358,0.009303,0.361395,-214.762283,92.873466,96.519485
955,7.958333,-0.004561,0.932556,0.008610,0.360894,-214.754898,92.899742,96.539856
956,7.966667,-0.004560,0.932101,0.008584,0.362067,-214.770477,92.915329,96.566582
957,7.975000,-0.005443,0.931940,0.007907,0.362485,-214.774063,92.945488,96.587326
958,7.983333,-0.006092,0.931809,0.007534,0.362819,-214.774963,92.972343,96.607811
959,7.991667,-0.006104,0.931813,0.007126,0.362816,-214.773743,92.998802,96.624039
960,8.000000,-0.006201,0.931721,0.007027,0.363055,-214.775497,93.021049,96.638954
961,8.008333,-0.006684,0.931641,0.006486,0.363261,-214.772003,93.045380,96.653053
962,8.016667,-0.007593,0.931707,0.006871,0.363066,-214.762711,93.054306,96.672081
963,8.025000,-0.008087,0.931596,0.006993,0.363338,-214.757278,93.070068,96.692238
964,8.033333,-0.008236,0.931627,0.006496,0.363265,-214.755066,93.086212,96.715508
965,8.041667,-0.008226,0.931656,0.006078,0.363197,-214.753891,93.098412,96.734138
966,8.050000,-0.008199,0.931819,0.006422,0.362773,-214.755936,93.107643,96.761932
967,8.058333,-0.005986,0.931859,0.005166,0.362733,-214.758606,93.127701,96.788918
968,8.066667,-0.006084,0.931865,0.004829,0.362722,-214.758301,93.138443,96.806557
969,8.075000,-0.006423,0.931837,0.004734,0.362788,-214.759903,93.147095,96.823296
970,8.083333,-0.006818,0.931859,0.004775,0.362725,-214.760376,93.156448,96.842369
971,8.091667,-0.007226,0.931859,0.004924,0.362714,-214.762146,93.161232,96.862495
972,8.100000,-0.007662,0.931902,0.004780,0.362599,-214.762375,93.164604,96.882172
973,8.108333,-0.007707,0.931887,0.004851,0.362635,-214.765518,93.163322,96.899948
974,8.116667,-0.008654,0.932219,0.004105,0.361768,-214.758636,93.169769,96.919174
975,8.125000,-0.008420,0.932191,0.004176,0.361844,-214.761856,93.166748,96.935356
976,8.133333,-0.006859,0.932431,0.004300,0.361257,-214.749832,93.146393,96.931374
977,8.141667,-0.006504,0.932450,0.004270,0.361215,-214.749496,93.140320,96.943398
978,8.150000,-0.006407,0.932512,0.004091,0.361060,-214.747803,93.133179,96.957558
979,8.158333,-0.006378,0.932501,0.003840,0.361092,-214.749832,93.123779,96.971359
980,8.166667,-0.006516,0.932465,0.003836,0.361180,-214.749985,93.113876,96.987961
981,8.175000,-0.006236,0.932451,0.003854,0.361222,-214.748550,93.103172,97.001282
982,8.183333,-0.005994,0.932378,0.004012,0.361413,-214.749268,93.091599,97.016083
983,8.191667,-0.006056,0.932341,0.004251,0.361506,-214.750076,93.082176,97.025742
984,8.200000,-0.005915,0.932347,0.004015,0.361494,-214.749451,93.075310,97.034492
985,8.208333,-0.006055,0.932299,0.003664,0.361620,-214.750214,93.066322,97.042374
986,8.216667,-0.006106,0.932224,0.003293,0.361815,-214.750549,93.055840,97.050247
987,8.225000,-0.006020,0.932188,0.002866,0.361913,-214.750885,93.044601,97.060204
988,8.233333,-0.008667,0.932193,0.004458,0.361830,-214.748215,93.016190,97.071350
989,8.241667,-0.008825,0.932161,0.004560,0.361907,-214.747269,93.000702,97.077789
990,8.250000,-0.009147,0.932166,0.004586,0.361887,-214.746643,92.985924,97.083191
991,8.258333,-0.009017,0.932129,0.004622,0.361984,-214.746933,92.968010,97.088745
992,8.266667,-0.008902,0.932078,0.005344,0.362108,-214.750336,92.945869,97.099152
993,8.275000,-0.008864,0.932048,0.005891,0.362179,-214.751480,92.923340,97.107620
994,8.283333,-0.008255,0.931727,0.006734,0.363003,-214.764053,92.894997,97.122940
995,8.291667,-0.008028,0.931731,0.006995,0.362993,-214.766769,92.875816,97.136307
996,8.300000,-0.007619,0.931695,0.007163,0.363090,-214.770172,92.855301,97.144928
997,8.308333,-0.007208,0.931717,0.007259,0.363040,-214.778397,92.835144,97.154274
998,8.316667,-0.006194,0.931436,0.007944,0.363766,-214.798325,92.797066,97.173729
999,8.325000,-0.005435,0.931368,0.007862,0.363955,-214.817856,92.759201,97.185066
1000,8.333333,-0.005620,0.931418,0.007623,0.363827,-214.852020,92.726692,97.181442
1001,8.341667,-0.004264,0.931553,0.007731,0.363499,-214.842056,92.673752,97.186020
1002,8.350000,-0.004364,0.931676,0.008427,0.363168,-214.853760,92.632912,97.192093
1003,8.358333,-0.004577,0.931612,0.009083,0.363312,-214.861771,92.591354,97.199478
1004,8.366667,-0.003991,0.931621,0.009625,0.363283,-214.858459,92.540260,97.201645
1005,8.375000,-0.005871,0.931668,0.011285,0.363089,-214.851791,92.478355,97.206566
1006,8.383333,-0.006269,0.931858,0.012246,0.362564,-214.835388,92.424774,97.210403
1007,8.391667,-0.005973,0.931907,0.012890,0.362418,-214.824844,92.378960,97.217506
1008,8.400000,-0.005530,0.931929,0.013300,0.362355,-214.819305,92.352203,97.221924
1009,8.408333,-0.005025,0.931984,0.013259,0.362223,-214.822006,92.333519,97.222389
1010,8.416667,-0.004028,0.931803,0.013926,0.362676,-214.830276,92.310623,97.223984
1011,8.425000,-0.004432,0.932136,0.013708,0.361821,-214.819290,92.304626,97.215988
1012,8.433333,-0.003709,0.931991,0.014325,0.362179,-214.822525,92.289223,97.225998
1013,8.441667,-0.003329,0.931582,0.014790,0.363215,-214.837509,92.281113,97.235847
1014,8.450000,-0.003737,0.931505,0.014677,0.363414,-214.840057,92.289070,97.237488
1015,8.458333,-0.004444,0.932110,0.013884,0.361882,-214.820282,92.302620,97.217819
1016,8.466667,-0.004786,0.932056,0.012164,0.362080,-214.807648,92.303917,97.208755
1017,8.475000,-0.004710,0.932040,0.011313,0.362149,-214.800568,92.305069,97.205818
1018,8.483333,-0.004382,0.932196,0.013239,0.361684,-214.810059,92.319206,97.210869
1019,8.491667,-0.004444,0.932253,0.013682,0.361521,-214.813690,92.315796,97.213287
1020,8.500000,-0.004357,0.932220,0.013813,0.361602,-214.813812,92.307396,97.215668
1021,8.508333,-0.004225,0.932071,0.012553,0.362035,-214.808136,92.289268,97.216255
1022,8.516667,-0.003261,0.932043,0.014390,0.362048,-214.816040,92.285698,97.229942
1023,8.525000,-0.003669,0.932168,0.014473,0.361718,-214.818390,92.292938,97.222145
1024,8.533333,-0.004050,0.932206,0.014112,0.361630,-214.817627,92.302147,97.218033
1025,8.541667,-0.004294,0.932233,0.013887,0.361567,-214.816284,92.308617,97.217247
1026,8.550000,-0.004321,0.932084,0.012189,0.362010,-214.810898,92.307655,97.212608
1027,8.558333,-0.004232,0.931560,0.011715,0.363374,-214.822388,92.300369,97.216797
1028,8.566667,-0.004825,0.931944,0.011054,0.362401,-214.808960,92.306213,97.213654
1029,8.575000,-0.003527,0.932050,0.013670,0.362054,-214.817505,92.302879,97.229202
1030,8.583333,-0.003178,0.932074,0.014228,0.361974,-214.818283,92.297684,97.233246
1031,8.591667,-0.003396,0.931997,0.014349,0.362167,-214.814758,92.297707,97.237068
1032,8.600000,-0.003734,0.931905,0.014112,0.362407,-214.813583,92.301254,97.239456
1033,8.608333,-0.003078,0.932040,0.012158,0.362137,-214.794449,92.289970,97.216766
1034,8.616667,-0.002975,0.932037,0.010902,0.362187,-214.781906,92.290306,97.208740
1035,8.625000,-0.002324,0.931873,0.010793,0.362616,-214.772552,92.287666,97.213707
1036,8.633333,-0.002599,0.931817,0.010806,0.362759,-214.762573,92.285812,97.211456
1037,8.641667,-0.002401,0.931836,0.010132,0.362730,-214.751480,92.285431,97.210655
1038,8.650000,-0.002204,0.931733,0.009382,0.363015,-214.746170,92.278748,97.206734
1039,8.658333,-0.002037,0.931484,0.008782,0.363670,-214.753967,92.244766,97.182793
1040,8.666667,0.000582,0.931639,0.007181,0.363313,-214.734558,92.154396,97.144890
1041,8.675000,-0.000239,0.931721,0.004092,0.363151,-214.721054,92.062813,97.125610
1042,8.683333,0.001067,0.931479,0.003212,0.363779,-214.685898,92.060509,97.138046
1043,8.691667,0.002664,0.931246,0.004161,0.364357,-214.667984,92.069016,97.151573
1044,8.700000,0.003920,0.931020,0.005695,0.364903,-214.664703,92.069298,97.170418
1045,8.708333,0.004600,0.931264,0.007070,0.364249,-214.668823,92.064713,97.197670
1046,8.716667,0.004436,0.931309,0.008084,0.364115,-214.685959,92.068161,97.234245
1047,8.725000,0.003683,0.931358,0.009346,0.363965,-214.709930,92.065338,97.280273
1048,8.733333,0.004566,0.931434,0.011559,0.363699,-214.744308,92.064438,97.349670
1049,8.741667,0.005633,0.931797,0.013054,0.362701,-214.752579,92.061935,97.402122
1050,8.750000,0.006015,0.931946,0.014173,0.362269,-214.752792,92.062881,97.470947
1051,8.758333,0.007117,0.932167,0.016233,0.361594,-214.738342,92.043221,97.561752
1052,8.766667,0.008447,0.932459,0.018532,0.360701,-214.703125,92.026955,97.650162
1053,8.775000,0.010166,0.932817,0.021435,0.359570,-214.664200,92.010185,97.741089
1054,8.783333,0.010583,0.933315,0.023040,0.358164,-214.609650,92.022964,97.821037
1055,8.791667,0.013101,0.933689,0.024524,0.357003,-214.564606,92.019333,97.885551
1056,8.800000,0.014937,0.934130,0.026582,0.355628,-214.546387,92.025482,97.947815
1057,8.808333,0.015980,0.934508,0.027212,0.354542,-214.536469,92.032471,97.988556
1058,8.816667,0.016634,0.934833,0.027480,0.353632,-214.537399,92.036591,98.017845
1059,8.825000,0.016155,0.935376,0.027072,0.352248,-214.543488,92.046288,98.040512
1060,8.833333,0.015658,0.935902,0.026965,0.350877,-214.571045,92.045540,98.048218
1061,8.841667,0.014412,0.936456,0.027501,0.349409,-214.605530,92.041061,98.051834
1062,8.850000,0.013095,0.936590,0.028895,0.348988,-214.650345,92.027611,98.041878
1063,8.858333,0.011340,0.936778,0.029388,0.348504,-214.680405,92.023827,98.025505
1064,8.866667,0.010103,0.936897,0.029162,0.348242,-214.697678,92.023193,97.997581
1065,8.875000,0.009552,0.936870,0.027980,0.348425,-214.702988,92.023621,97.959846
1066,8.883333,0.010156,0.936525,0.026352,0.349462,-214.699844,92.028038,97.916039
1067,8.891667,0.009687,0.936322,0.024245,0.350172,-214.687653,92.032692,97.869446
1068,8.900000,0.011098,0.936293,0.022556,0.350319,-214.661880,92.021240,97.795578
1069,8.908333,0.010860,0.936026,0.020437,0.351171,-214.653702,92.014343,97.719757
1070,8.916667,0.009552,0.936081,0.018007,0.351194,-214.639236,92.018791,97.648582
1071,8.925000,0.009225,0.936644,0.015447,0.349821,-214.608337,92.028000,97.569580
1072,8.933333,0.009391,0.936675,0.014569,0.349772,-214.604538,92.036064,97.511429
1073,8.941667,0.009193,0.936615,0.014098,0.349957,-214.616531,92.043182,97.475166
1074,8.950000,0.007490,0.936795,0.012906,0.349562,-214.625580,92.058228,97.451767
1075,8.958333,0.006439,0.936754,0.012772,0.349696,-214.646835,92.059662,97.441719
1076,8.966667,0.005152,0.936647,0.013284,0.349985,-214.682037,92.059425,97.442284
1077,8.975000,0.003729,0.936601,0.013745,0.350108,-214.720276,92.059418,97.453049
1078,8.983333,0.005051,0.936372,0.015791,0.350616,-214.769821,92.047272,97.491440
1079,8.991667,0.004698,0.936427,0.016510,0.350441,-214.792557,92.051163,97.531502
1080,9.000000,0.004406,0.936242,0.017324,0.350900,-214.808014,92.050659,97.577759
1081,9.008333,0.005300,0.936018,0.019175,0.351389,-214.808746,92.039955,97.626534
1082,9.016667,0.006534,0.935880,0.020652,0.351651,-214.788055,92.030556,97.677055
1083,9.025000,0.007612,0.935749,0.022187,0.351886,-214.758987,92.025047,97.738335
1084,9.033333,0.009205,0.935540,0.023816,0.352297,-214.718552,92.022522,97.804108
1085,9.041667,0.010023,0.935820,0.024770,0.351465,-214.664719,92.041756,97.864220
1086,9.050000,0.013504,0.935985,0.025519,0.350853,-214.612335,92.032417,97.886124
1087,9.058333,0.014949,0.936020,0.025651,0.350693,-214.575653,92.034012,97.915901
1088,9.066667,0.015981,0.936002,0.025593,0.350700,-214.548065,92.037689,97.937538
1089,9.075000,0.016579,0.935915,0.025579,0.350904,-214.527969,92.038780,97.948654
1090,9.083333,0.016959,0.935802,0.025572,0.351189,-214.521362,92.036163,97.948112
1091,9.091667,0.016691,0.935773,0.025406,0.351291,-214.520615,92.035332,97.939209
1092,9.100000,0.015925,0.935589,0.024288,0.351894,-214.527725,92.031525,97.913353
1093,9.108333,0.015000,0.935538,0.023217,0.352143,-214.543823,92.027550,97.883400
1094,9.116667,0.013985,0.935451,0.022698,0.352450,-214.569229,92.023903,97.843262
1095,9.125000,0.012960,0.935395,0.021951,0.352685,-214.600510,92.018639,97.791222
1096,9.133333,0.011949,0.935016,0.021201,0.353769,-214.644958,92.006317,97.733101
1097,9.141667,0.008884,0.935011,0.019078,0.353994,-214.689163,92.018082,97.676094
1098,9.150000,0.007113,0.935164,0.017491,0.353712,-214.718292,92.026016,97.616913
1099,9.158333,0.006762,0.935160,0.017208,0.353742,-214.744141,92.036804,97.556671
1100,9.166667,0.006238,0.935542,0.015900,0.352803,-214.745850,92.049858,97.497826
1101,9.175000,0.005175,0.935418,0.014791,0.353197,-214.742706,92.060677,97.455719
1102,9.183333,0.003804,0.935767,0.013543,0.352338,-214.721542,92.068611,97.428864
1103,9.191667,0.003402,0.935784,0.013043,0.352317,-214.714218,92.064896,97.415337
1104,9.200000,0.003428,0.935797,0.013018,0.352282,-214.714478,92.062271,97.411896
1105,9.208333,0.003390,0.935813,0.013281,0.352229,-214.721848,92.061539,97.421387
1106,9.216667,0.003627,0.935867,0.013819,0.352064,-214.724686,92.063431,97.441353
1107,9.225000,0.005804,0.935647,0.015357,0.352555,-214.730209,92.050591,97.481285
1108,9.233333,0.006728,0.935323,0.016832,0.353331,-214.739105,92.042259,97.534821
1109,9.241667,0.007231,0.935264,0.017918,0.353424,-214.732239,92.035995,97.591415
1110,9.250000,0.007093,0.935156,0.018976,0.353655,-214.717407,92.036400,97.659622
1111,9.258333,0.010465,0.934882,0.020925,0.354186,-214.678436,92.008377,97.718224
1112,9.266667,0.012437,0.935133,0.022226,0.353380,-214.633087,92.002274,97.777695
1113,9.275000,0.014020,0.935301,0.023649,0.352782,-214.601974,92.002144,97.824249
1114,9.283333,0.014007,0.935247,0.024384,0.352878,-214.587952,92.019577,97.880081
1115,9.291667,0.014751,0.935378,0.025697,0.352405,-214.575836,92.028854,97.922539
1116,9.300000,0.015325,0.935394,0.026282,0.352295,-214.570663,92.032135,97.947075
1117,9.308333,0.015664,0.935387,0.026549,0.352281,-214.573914,92.032204,97.960320
1118,9.316667,0.015089,0.935397,0.026426,0.352288,-214.586884,92.037979,97.965591
1119,9.325000,0.014358,0.935367,0.026559,0.352388,-214.615280,92.035583,97.955688
1120,9.333333,0.012749,0.935196,0.026608,0.352899,-214.646667,92.030899,97.934143
1121,9.341667,0.010983,0.935132,0.026287,0.353153,-214.684586,92.028572,97.909393
1122,9.350000,0.009592,0.935112,0.025797,0.353282,-214.714401,92.029617,97.882256
1123,9.358333,0.008717,0.934823,0.025446,0.354093,-214.741974,92.021629,97.845833
1124,9.366667,0.007074,0.934749,0.023924,0.354433,-214.756866,92.028984,97.800461
1125,9.375000,0.007380,0.934854,0.022040,0.354271,-214.757568,92.026306,97.729370
1126,9.383333,0.006443,0.934970,0.019601,0.354126,-214.749405,92.034462,97.673882
1127,9.391667,0.007363,0.935059,0.018285,0.353943,-214.719742,92.032120,97.616913
1128,9.400000,0.007848,0.935112,0.016702,0.353871,-214.689056,92.033783,97.571007
1129,9.408333,0.009001,0.935230,0.015462,0.353588,-214.659592,92.031754,97.535034
1130,9.416667,0.008794,0.935637,0.014395,0.352561,-214.623810,92.043091,97.504097
1131,9.425000,0.009324,0.935763,0.014311,0.352216,-214.612396,92.044273,97.501579
1132,9.433333,0.009600,0.935776,0.014525,0.352165,-214.610321,92.041870,97.506699
1133,9.441667,0.009898,0.935304,0.015406,0.353371,-214.632278,92.033005,97.527763
1134,9.450000,0.008870,0.935243,0.016285,0.353521,-214.653305,92.036285,97.574768
1135,9.458333,0.008374,0.935173,0.017455,0.353661,-214.678329,92.027267,97.626183
1136,9.466667,0.008307,0.935150,0.019395,0.353623,-214.703232,92.022713,97.685020
1137,9.475000,0.008909,0.935032,0.022222,0.353754,-214.714569,92.019997,97.748985
1138,9.483333,0.009443,0.935076,0.025020,0.353438,-214.719864,92.023430,97.816597
1139,9.491667,0.008855,0.935260,0.025390,0.352940,-214.701492,92.037453,97.862259
1140,9.500000,0.009109,0.935148,0.025898,0.353192,-214.684265,92.042717,97.901741
1141,9.508333,0.011990,0.935216,0.026585,0.352874,-214.653305,92.024696,97.916893
1142,9.516667,0.013032,0.935288,0.026992,0.352617,-214.632172,92.027901,97.944122
1143,9.525000,0.013871,0.935283,0.027142,0.352587,-214.618439,92.030357,97.958961
1144,9.533333,0.013907,0.935263,0.026934,0.352654,-214.614029,92.032013,97.958168
1145,9.541667,0.013614,0.935238,0.026876,0.352736,-214.619995,92.030647,97.952316
1146,9.550000,0.012840,0.935218,0.026669,0.352832,-214.635590,92.030029,97.936852
1147,9.558333,0.011810,0.935037,0.026374,0.353371,-214.658401,92.025040,97.900246
1148,9.566667,0.010673,0.935005,0.025477,0.353557,-214.681885,92.025040,97.867111
1149,9.575000,0.010104,0.934709,0.025290,0.354369,-214.706848,92.016052,97.825356
1150,9.583333,0.008806,0.934661,0.022865,0.354696,-214.713623,92.021477,97.782509
1151,9.591667,0.008365,0.934735,0.020468,0.354658,-214.709427,92.020920,97.713455
1152,9.600000,0.009021,0.934816,0.018457,0.354539,-214.691711,92.015320,97.658279
1153,9.608333,0.008254,0.934887,0.016642,0.354459,-214.666397,92.026917,97.606400
1154,9.616667,0.009326,0.935112,0.015665,0.353883,-214.646439,92.026581,97.563828
1155,9.625000,0.009504,0.935126,0.015337,0.353857,-214.635803,92.032684,97.529388
1156,9.633333,0.008936,0.935645,0.014801,0.352520,-214.621689,92.042328,97.513969
1157,9.641667,0.009116,0.935296,0.015130,0.353424,-214.640640,92.038109,97.519043
1158,9.650000,0.008846,0.935430,0.015705,0.353052,-214.656876,92.034584,97.539970
1159,9.658333,0.007840,0.935406,0.016338,0.353112,-214.681152,92.033180,97.571953
1160,9.666667,0.007727,0.935395,0.018132,0.353056,-214.707993,92.030510,97.611984
1161,9.675000,0.006265,0.935382,0.019129,0.353064,-214.731186,92.036972,97.659630
1162,9.683333,0.007196,0.935267,0.020463,0.353277,-214.734680,92.025246,97.704735
1163,9.691667,0.009509,0.935175,0.023074,0.353307,-214.726639,92.010788,97.763290
1164,9.700000,0.010972,0.935327,0.025357,0.352705,-214.710358,92.011093,97.819473
1165,9.708333,0.010693,0.935385,0.025406,0.352555,-214.674713,92.023666,97.849724
1166,9.716667,0.011555,0.935459,0.026068,0.352283,-214.648148,92.030815,97.887161
1167,9.725000,0.013177,0.935525,0.026196,0.352041,-214.621902,92.028656,97.906517
1168,9.733333,0.013918,0.935501,0.026079,0.352085,-214.604767,92.028931,97.915955
1169,9.741667,0.014045,0.935488,0.026097,0.352114,-214.597458,92.029694,97.918404
1170,9.750000,0.013920,0.935525,0.025861,0.352037,-214.599991,92.029747,97.911224
1171,9.758333,0.013404,0.935495,0.025299,0.352177,-214.614685,92.028748,97.891525
1172,9.766667,0.012192,0.935361,0.025141,0.352589,-214.638397,92.028236,97.862862
1173,9.775000,0.010240,0.935174,0.023857,0.353237,-214.662262,92.023918,97.824196
1174,9.783333,0.009170,0.934860,0.022765,0.354168,-214.697525,92.012421,97.779556
1175,9.791667,0.009086,0.934957,0.020909,0.354029,-214.714478,92.006676,97.718636
1176,9.800000,0.006555,0.935079,0.019035,0.353868,-214.727478,92.028702,97.669640
1177,9.808333,0.006973,0.935167,0.017832,0.353691,-214.719421,92.026672,97.622681
1178,9.816667,0.007269,0.935304,0.016755,0.353373,-214.696411,92.030083,97.577736
1179,9.825000,0.008290,0.935453,0.016258,0.352980,-214.679260,92.028603,97.541428
1180,9.833333,0.008352,0.935393,0.015840,0.353157,-214.668488,92.034355,97.513313
1181,9.841667,0.008672,0.935588,0.016196,0.352617,-214.672852,92.036713,97.514099
1182,9.850000,0.008244,0.935701,0.016436,0.352315,-214.680557,92.037048,97.524872
1183,9.858333,0.008090,0.935746,0.017090,0.352167,-214.697937,92.031410,97.544708
1184,9.866667,0.007054,0.935658,0.017902,0.352383,-214.719650,92.033112,97.579964
1185,9.875000,0.006975,0.935613,0.018881,0.352454,-214.733124,92.031982,97.620453
1186,9.883333,0.006399,0.935547,0.019413,0.352610,-214.738342,92.035927,97.666550
1187,9.891667,0.009186,0.935445,0.021266,0.352711,-214.719864,92.016121,97.709068
1188,9.900000,0.010450,0.935374,0.022529,0.352788,-214.693802,92.008392,97.755760
1189,9.908333,0.010860,0.935499,0.023231,0.352399,-214.646240,92.017921,97.811417
1190,9.916667,0.011503,0.935508,0.023839,0.352314,-214.620331,92.024117,97.846390
1191,9.925000,0.013124,0.935767,0.024886,0.351496,-214.600342,92.027901,97.873489
1192,9.933333,0.014025,0.935757,0.025315,0.351457,-214.589600,92.029312,97.890503
1193,9.941667,0.014247,0.935744,0.025337,0.351481,-214.585526,92.030800,97.896645
1194,9.950000,0.014279,0.935727,0.025160,0.351536,-214.590759,92.028824,97.892570
1195,9.958333,0.013504,0.935588,0.024344,0.351995,-214.601318,92.027397,97.869255
1196,9.966667,0.012494,0.935456,0.023414,0.352445,-214.628464,92.023125,97.841484
1197,9.975000,0.010750,0.935320,0.022592,0.352918,-214.657333,92.021172,97.811440
1198,9.983333,0.010157,0.935112,0.022206,0.353509,-214.696030,92.006073,97.760841
1199,9.991667,0.008037,0.935174,0.020599,0.353499,-214.720871,92.017349,97.712914
1200,10.000000,0.006143,0.935288,0.019140,0.353317,-214.733475,92.033859,97.671509
1201,10.008333,0.007157,0.935386,0.018688,0.353062,-214.722794,92.030548,97.625938
1202,10.016667,0.007313,0.935461,0.017907,0.352900,-214.707596,92.031303,97.589195
1203,10.025000,0.008149,0.935619,0.017083,0.352504,-214.685226,92.031128,97.556686
1204,10.033333,0.008648,0.935716,0.016601,0.352257,-214.670486,92.032959,97.541557
1205,10.041667,0.008921,0.935776,0.016598,0.352091,-214.666779,92.032913,97.541008
1206,10.050000,0.008772,0.935803,0.016975,0.352006,-214.668091,92.030685,97.551712
1207,10.058333,0.008080,0.935737,0.017603,0.352167,-214.679886,92.031609,97.578308
1208,10.066667,0.007781,0.935718,0.017927,0.352206,-214.695221,92.025444,97.620163
1209,10.075000,0.006895,0.935645,0.018727,0.352378,-214.708450,92.031845,97.665443
1210,10.083333,0.009384,0.935480,0.020645,0.352652,-214.699371,92.007614,97.707596
1211,10.091667,0.010424,0.935427,0.022578,0.352645,-214.681152,92.002144,97.754822
1212,10.100000,0.010770,0.935598,0.022897,0.352158,-214.644577,92.013412,97.804092
1213,10.108333,0.011697,0.935648,0.023455,0.351961,-214.624908,92.021042,97.838058
1214,10.116667,0.012317,0.935813,0.024871,0.351404,-214.614136,92.033096,97.871361
1215,10.125000,0.013366,0.935887,0.025335,0.351133,-214.606903,92.030891,97.882523
1216,10.133333,0.013683,0.935886,0.025551,0.351108,-214.608215,92.028778,97.885666
1217,10.141667,0.013311,0.935843,0.025622,0.351232,-214.620239,92.026558,97.881294
1218,10.150000,0.012078,0.935832,0.025168,0.351339,-214.642853,92.028427,97.865547
1219,10.158333,0.010442,0.935605,0.024223,0.352062,-214.665314,92.026505,97.835854
1220,10.166667,0.009519,0.935297,0.023999,0.352920,-214.695053,92.015503,97.803375
1221,10.175000,0.008155,0.935263,0.022606,0.353137,-214.708755,92.021820,97.766792
1222,10.183333,0.007922,0.935450,0.020702,0.352764,-214.707230,92.020950,97.711197
1223,10.191667,0.006932,0.935531,0.018895,0.352672,-214.700012,92.028160,97.668114
1224,10.200000,0.007682,0.935581,0.017657,0.352587,-214.673752,92.023956,97.631195
1225,10.208333,0.008115,0.935632,0.016719,0.352487,-214.651321,92.026619,97.602692
1226,10.216667,0.009477,0.935764,0.016493,0.352113,-214.633514,92.022171,97.586128
1227,10.225000,0.009745,0.935782,0.016503,0.352058,-214.628769,92.020706,97.583000
1228,10.233333,0.009762,0.935840,0.016863,0.351885,-214.630341,92.020874,97.595695
1229,10.241667,0.008998,0.935798,0.017806,0.351971,-214.644714,92.022751,97.627007
1230,10.250000,0.008731,0.935783,0.018979,0.351956,-214.664078,92.018333,97.664955
1231,10.258333,0.009973,0.935692,0.020616,0.352074,-214.674423,92.006073,97.708549
1232,10.266667,0.010586,0.935662,0.022197,0.352040,-214.672760,92.006294,97.759506
1233,10.275000,0.010676,0.935836,0.023091,0.351516,-214.657135,92.018913,97.807571
1234,10.283333,0.011082,0.935987,0.024658,0.350994,-214.649612,92.028946,97.849945
1235,10.291667,0.011007,0.935903,0.025232,0.351181,-214.644882,92.037254,97.872284
1236,10.300000,0.010497,0.935788,0.025055,0.351516,-214.642303,92.040726,97.882614
1237,10.308333,0.009828,0.935715,0.024912,0.351738,-214.650940,92.042572,97.887352
1238,10.316667,0.008927,0.935680,0.024524,0.351883,-214.665390,92.043449,97.879936
1239,10.325000,0.008346,0.935666,0.024168,0.351960,-214.672974,92.046272,97.870232
1240,10.333333,0.008098,0.935706,0.023938,0.351875,-214.673645,92.051895,97.856209
1241,10.341667,0.010672,0.935832,0.022419,0.351570,-214.652603,92.022011,97.793671
1242,10.350000,0.011177,0.935561,0.021501,0.352332,-214.650772,92.002312,97.738991
1243,10.358333,0.009724,0.935541,0.019733,0.352532,-214.653595,92.007492,97.691521
1244,10.366667,0.008492,0.935615,0.018275,0.352447,-214.655685,92.016052,97.650566
1245,10.375000,0.008251,0.935783,0.017513,0.352044,-214.661026,92.020088,97.617004
1246,10.383333,0.007899,0.935887,0.017241,0.351789,-214.674500,92.026001,97.599556
1247,10.391667,0.007649,0.935969,0.018007,0.351539,-214.697006,92.031952,97.594032
1248,10.400000,0.007420,0.935957,0.018177,0.351566,-214.712433,92.031944,97.593956
1249,10.408333,0.007089,0.935996,0.018306,0.351463,-214.717239,92.033524,97.599907
1250,10.416667,0.007105,0.935911,0.018137,0.351697,-214.710373,92.030098,97.611771
1251,10.425000,0.007578,0.935811,0.018067,0.351958,-214.688461,92.024406,97.627640
1252,10.433333,0.008353,0.935752,0.018442,0.352078,-214.662247,92.019859,97.651550
1253,10.441667,0.009217,0.935597,0.019382,0.352416,-214.639526,92.013184,97.679955
1254,10.450000,0.010154,0.935584,0.020519,0.352362,-214.621048,92.010696,97.716309
1255,10.458333,0.011357,0.935833,0.020943,0.351638,-214.598373,92.009445,97.756561
1256,10.466667,0.011951,0.935939,0.022014,0.351271,-214.595703,92.011719,97.787338
1257,10.475000,0.012581,0.935963,0.022584,0.351149,-214.603546,92.015045,97.807915
1258,10.483333,0.012125,0.936024,0.022745,0.350991,-214.619781,92.018715,97.816422
1259,10.491667,0.011474,0.936159,0.024239,0.350554,-214.647339,92.023178,97.829536
1260,10.500000,0.009989,0.936042,0.023488,0.350960,-214.673569,92.023026,97.813461
1261,10.508333,0.009415,0.935807,0.023347,0.351612,-214.707779,92.017601,97.789970
1262,10.516667,0.009273,0.935927,0.022806,0.351332,-214.716461,92.009384,97.750175
1263,10.525000,0.009169,0.936004,0.022070,0.351177,-214.719223,92.009369,97.719353
1264,10.533333,0.008031,0.936066,0.020602,0.351128,-214.712357,92.017731,97.695999
1265,10.541667,0.007697,0.936072,0.019641,0.351177,-214.692566,92.020714,97.676262
1266,10.550000,0.008101,0.936120,0.018723,0.351090,-214.655991,92.020386,97.660484
1267,10.558333,0.008990,0.936100,0.018555,0.351131,-214.626526,92.015244,97.654434
1268,10.566667,0.009893,0.936174,0.018780,0.350897,-214.601425,92.013397,97.662598
1269,10.575000,0.010495,0.936223,0.019140,0.350728,-214.589828,92.012497,97.679520
1270,10.583333,0.011108,0.936331,0.019952,0.350375,-214.595367,92.011398,97.711929
1271,10.591667,0.010567,0.936548,0.020365,0.349787,-214.597916,92.017021,97.741478
1272,10.600000,0.010986,0.936528,0.021385,0.349767,-214.612991,92.011429,97.762474
1273,10.608333,0.010861,0.936649,0.021994,0.349410,-214.643005,92.016731,97.770737
1274,10.616667,0.010689,0.936552,0.022918,0.349615,-214.681335,92.010605,97.771141
1275,10.625000,0.009967,0.936579,0.023281,0.349541,-214.704941,92.010117,97.764709
1276,10.633333,0.009488,0.936613,0.022912,0.349488,-214.719635,92.008179,97.750488
1277,10.641667,0.008811,0.936557,0.022601,0.349675,-214.722443,92.008957,97.733086
1278,10.650000,0.008759,0.936684,0.022341,0.349353,-214.711258,92.009995,97.723396
1279,10.658333,0.008353,0.936716,0.021729,0.349316,-214.694168,92.016632,97.716751
1280,10.666667,0.008585,0.936742,0.021021,0.349283,-214.662094,92.016624,97.718491
1281,10.675000,0.009748,0.936638,0.020442,0.349567,-214.623230,92.014435,97.715530
1282,10.683333,0.010817,0.936611,0.019830,0.349642,-214.588669,92.010796,97.706474
1283,10.691667,0.010966,0.936892,0.018641,0.348948,-214.558319,92.019211,97.700890
1284,10.700000,0.011433,0.936921,0.018655,0.348856,-214.550354,92.021713,97.704239
1285,10.708333,0.011572,0.936893,0.018929,0.348911,-214.553574,92.020134,97.711250
1286,10.716667,0.011077,0.936944,0.019156,0.348778,-214.567154,92.019791,97.717690
1287,10.725000,0.010862,0.936703,0.020042,0.349382,-214.597870,92.009315,97.709152
1288,10.733333,0.009832,0.936648,0.020132,0.349556,-214.628525,92.008316,97.699585
1289,10.741667,0.008798,0.936709,0.019957,0.349428,-214.659363,92.011299,97.687599
1290,10.750000,0.007026,0.936789,0.019364,0.349288,-214.681274,92.024857,97.677032
1291,10.758333,0.006563,0.936832,0.019260,0.349186,-214.688950,92.030418,97.671059
1292,10.766667,0.007215,0.936802,0.019348,0.349249,-214.681122,92.024620,97.671684
1293,10.775000,0.008146,0.936764,0.019573,0.349320,-214.663818,92.016815,97.672028
1294,10.783333,0.008863,0.936806,0.019683,0.349181,-214.635635,92.013206,97.678741
1295,10.791667,0.009851,0.936743,0.019836,0.349317,-214.612457,92.010460,97.695229
1296,10.800000,0.010001,0.936926,0.019836,0.348820,-214.587708,92.018463,97.719391
1297,10.808333,0.010653,0.936977,0.019948,0.348658,-214.578552,92.020081,97.731590
1298,10.816667,0.010718,0.936931,0.020159,0.348768,-214.583008,92.019577,97.737671
1299,10.825000,0.010241,0.936962,0.020265,0.348692,-214.594559,92.019913,97.737244
1300,10.833333,0.010256,0.936794,0.020617,0.349122,-214.621094,92.011284,97.724915
1301,10.841667,0.009576,0.936781,0.020258,0.349197,-214.650421,92.009911,97.710800
1302,10.850000,0.008592,0.936854,0.020763,0.348998,-214.673355,92.017052,97.694275
1303,10.858333,0.008004,0.936913,0.020648,0.348860,-214.686172,92.021362,97.681786
1304,10.866667,0.007609,0.936926,0.019977,0.348875,-214.681747,92.020401,97.676712
1305,10.875000,0.007940,0.936870,0.019358,0.349052,-214.667419,92.017639,97.674553
1306,10.883333,0.008425,0.936816,0.019337,0.349186,-214.642288,92.014397,97.675934
1307,10.891667,0.009691,0.936857,0.019450,0.349036,-214.618713,92.013519,97.688004
1308,10.900000,0.010645,0.936833,0.019877,0.349048,-214.599304,92.012856,97.707901
1309,10.908333,0.010526,0.937060,0.019740,0.348451,-214.582611,92.019432,97.724457
1310,10.916667,0.010681,0.937025,0.020020,0.348524,-214.583939,92.017166,97.730186
1311,10.925000,0.010164,0.936994,0.020098,0.348619,-214.592880,92.018440,97.729790
1312,10.933333,0.010268,0.936795,0.020212,0.349144,-214.621231,92.010445,97.717171
1313,10.941667,0.009558,0.936839,0.019843,0.349067,-214.648026,92.010155,97.702934
1314,10.950000,0.008610,0.936893,0.019692,0.348955,-214.669006,92.012627,97.689095
1315,10.958333,0.007886,0.936869,0.019415,0.349052,-214.681274,92.014175,97.678062
1316,10.966667,0.006863,0.936901,0.019215,0.349000,-214.683121,92.023537,97.670273
1317,10.975000,0.007321,0.936847,0.019096,0.349142,-214.671921,92.021767,97.669113
1318,10.983333,0.008403,0.936847,0.019195,0.349111,-214.648987,92.017128,97.672478
1319,10.991667,0.009539,0.936798,0.019608,0.349191,-214.633270,92.010483,97.686539
1320,11.000000,0.010192,0.936788,0.020123,0.349171,-214.623383,92.008301,97.709358
1321,11.008333,0.010780,0.936847,0.020602,0.348965,-214.626343,92.011917,97.734985
1322,11.016667,0.010112,0.937022,0.020534,0.348520,-214.628265,92.021118,97.752228
1323,11.025000,0.011817,0.936862,0.022230,0.348792,-214.652161,92.004967,97.748306
1324,11.033333,0.010344,0.936936,0.022328,0.348634,-214.670868,92.014404,97.747742
1325,11.041667,0.010635,0.936971,0.022204,0.348538,-214.679428,92.008720,97.736954
1326,11.050000,0.009545,0.936996,0.021549,0.348544,-214.686234,92.015068,97.724701
1327,11.058333,0.008906,0.937031,0.021063,0.348497,-214.680649,92.020653,97.712883
1328,11.066667,0.009039,0.937102,0.020140,0.348358,-214.657410,92.019913,97.705666
1329,11.075000,0.009463,0.937047,0.019728,0.348517,-214.627594,92.014381,97.696213
1330,11.083333,0.010107,0.937062,0.019378,0.348478,-214.604156,92.010002,97.686417
1331,11.091667,0.010643,0.937006,0.019128,0.348627,-214.595032,92.010498,97.685959
1332,11.100000,0.010771,0.937036,0.019388,0.348527,-214.596146,92.009857,97.694351
1333,11.108333,0.010635,0.937149,0.019552,0.348220,-214.610580,92.012093,97.700508
1334,11.116667,0.009668,0.937071,0.019725,0.348448,-214.629822,92.010406,97.697098
1335,11.125000,0.008989,0.937107,0.019969,0.348353,-214.652496,92.009476,97.691963
1336,11.133333,0.008594,0.937110,0.020653,0.348317,-214.666718,92.016068,97.689514
1337,11.141667,0.008497,0.937122,0.020574,0.348290,-214.668854,92.017403,97.692612
1338,11.150000,0.008688,0.937125,0.020244,0.348297,-214.655487,92.016251,97.696739
1339,11.158333,0.009344,0.937076,0.020346,0.348407,-214.630920,92.013344,97.708031
1340,11.166667,0.010022,0.936980,0.020140,0.348658,-214.612534,92.010208,97.709068
1341,11.175000,0.010397,0.937022,0.020102,0.348536,-214.603165,92.009811,97.707253
1342,11.183333,0.010210,0.937033,0.019743,0.348533,-214.600967,92.009125,97.697647
1343,11.191667,0.009790,0.937055,0.019314,0.348511,-214.612503,92.008224,97.682808
1344,11.200000,0.009294,0.937055,0.019351,0.348523,-214.626434,92.008919,97.678047
1345,11.208333,0.008945,0.937077,0.019728,0.348450,-214.644913,92.012276,97.685562
1346,11.216667,0.008752,0.937003,0.020244,0.348625,-214.651520,92.012146,97.696991
1347,11.225000,0.008963,0.936977,0.020781,0.348658,-214.645554,92.012413,97.711494
1348,11.233333,0.009520,0.936911,0.021038,0.348804,-214.634750,92.010406,97.724129
1349,11.241667,0.009961,0.936917,0.020993,0.348778,-214.631912,92.010345,97.731438
1350,11.250000,0.010125,0.936944,0.020864,0.348710,-214.641495,92.012527,97.733482
1351,11.258333,0.009780,0.936974,0.020655,0.348650,-214.652069,92.013557,97.726982
1352,11.266667,0.009055,0.937045,0.020426,0.348492,-214.654236,92.013817,97.710785
1353,11.275000,0.008966,0.937022,0.020215,0.348569,-214.649368,92.013901,97.697807
1354,11.283333,0.009209,0.937009,0.019787,0.348622,-214.631317,92.013145,97.688591
1355,11.291667,0.009504,0.937003,0.019370,0.348655,-214.616348,92.011467,97.681160
1356,11.300000,0.009857,0.937012,0.019421,0.348618,-214.606689,92.009209,97.683701
1357,11.308333,0.009859,0.937049,0.019601,0.348508,-214.607544,92.008568,97.690872
1358,11.316667,0.010122,0.937117,0.019446,0.348327,-214.618179,92.010345,97.693596
1359,11.325000,0.009466,0.937073,0.019502,0.348461,-214.632248,92.009262,97.687622
1360,11.333333,0.008879,0.937052,0.019744,0.348519,-214.647934,92.009033,97.683762
1361,11.341667,0.008436,0.937073,0.020015,0.348457,-214.649841,92.010765,97.686020
1362,11.350000,0.008914,0.937058,0.020173,0.348478,-214.639633,92.012413,97.692162
1363,11.358333,0.009587,0.937040,0.020243,0.348502,-214.624313,92.010513,97.699562
1364,11.366667,0.009840,0.937026,0.019954,0.348551,-214.612823,92.009903,97.698372
1365,11.375000,0.009834,0.937017,0.019723,0.348587,-214.614609,92.007843,97.691772
1366,11.383333,0.009527,0.936996,0.019560,0.348663,-214.622620,92.007790,97.681519
1367,11.391667,0.009278,0.936990,0.019587,0.348682,-214.637573,92.008987,97.680809
1368,11.400000,0.008908,0.937002,0.019930,0.348640,-214.647858,92.010963,97.688202
1369,11.408333,0.008856,0.936964,0.020309,0.348722,-214.647247,92.012146,97.698212
1370,11.416667,0.009350,0.936946,0.020586,0.348741,-214.638229,92.012581,97.709641
1371,11.425000,0.010017,0.937027,0.020343,0.348519,-214.635803,92.012123,97.714600
1372,11.433333,0.009614,0.936963,0.020357,0.348702,-214.640686,92.010056,97.711502
1373,11.441667,0.009076,0.936969,0.020317,0.348702,-214.651230,92.009392,97.704689
1374,11.450000,0.008760,0.936981,0.020369,0.348677,-214.654114,92.010666,97.701118
1375,11.458333,0.009337,0.937027,0.020085,0.348553,-214.645905,92.013893,97.703369
1376,11.466667,0.009395,0.937050,0.020130,0.348488,-214.631134,92.011482,97.699921
1377,11.475000,0.009392,0.936991,0.019866,0.348661,-214.625427,92.006744,97.690292
1378,11.483333,0.009425,0.936979,0.019417,0.348719,-214.630295,92.007401,97.680069
1379,11.491667,0.008914,0.937008,0.019702,0.348637,-214.639587,92.008598,97.677574
1380,11.500000,0.008737,0.936970,0.019881,0.348733,-214.642807,92.008827,97.678719
1381,11.508333,0.009029,0.936990,0.020039,0.348663,-214.635391,92.010498,97.687401
1382,11.516667,0.009355,0.936982,0.019842,0.348689,-214.623611,92.009491,97.691444
1383,11.525000,0.009699,0.936994,0.019777,0.348651,-214.620758,92.008957,97.692001
1384,11.533333,0.009665,0.937018,0.019593,0.348597,-214.627106,92.009392,97.685837
1385,11.541667,0.008977,0.936971,0.019696,0.348735,-214.639236,92.008087,97.682556
1386,11.550000,0.008843,0.936999,0.019680,0.348665,-214.643448,92.009712,97.684715
1387,11.558333,0.009070,0.936982,0.020186,0.348676,-214.637924,92.010841,97.691986
1388,11.566667,0.009387,0.936966,0.020211,0.348710,-214.629822,92.009460,97.694534
1389,11.575000,0.009403,0.936947,0.019988,0.348773,-214.630768,92.007050,97.691757
1390,11.583333,0.009095,0.936960,0.019863,0.348753,-214.640350,92.007050,97.686562
1391,11.591667,0.008863,0.936908,0.019777,0.348904,-214.643188,92.010170,97.680725
1392,11.600000,0.008812,0.936982,0.019729,0.348710,-214.635208,92.010620,97.680725
1393,11.608333,0.009175,0.937001,0.019913,0.348638,-214.629059,92.009796,97.688820
1394,11.616667,0.009376,0.936934,0.019942,0.348810,-214.631729,92.007889,97.690918
1395,11.625000,0.009651,0.936999,0.019583,0.348649,-214.642288,92.011505,97.691956
1396,11.633333,0.009077,0.936948,0.019852,0.348787,-214.642929,92.010307,97.690277
1397,11.641667,0.009178,0.936996,0.020221,0.348632,-214.635162,92.011612,97.694862
1398,11.650000,0.009331,0.936957,0.020077,0.348741,-214.632004,92.009689,97.692055
1399,11.658333,0.009462,0.936951,0.019795,0.348771,-214.637085,92.009148,97.688278
1400,11.666667,0.009521,0.937051,0.019445,0.348522,-214.637970,92.013542,97.687546
1401,11.675000,0.009126,0.936969,0.019835,0.348729,-214.629456,92.010513,97.685081
1402,11.683333,0.009257,0.936980,0.019770,0.348701,-214.623734,92.010185,97.684792
1403,11.691667,0.009420,0.936997,0.019663,0.348658,-214.624069,92.009445,97.685783
1404,11.700000,0.009339,0.937025,0.019744,0.348578,-214.632706,92.009911,97.686470
1405,11.708333,0.009402,0.936952,0.019946,0.348760,-214.638611,92.010651,97.690758
1406,11.716667,0.009387,0.936927,0.020215,0.348814,-214.638519,92.010742,97.695854
1407,11.725000,0.009275,0.936944,0.020227,0.348770,-214.642365,92.009483,97.697983
1408,11.733333,0.009146,0.936947,0.020210,0.348766,-214.642914,92.010147,97.699989
1409,11.741667,0.009479,0.936975,0.020040,0.348692,-214.645355,92.011200,97.700760
1410,11.750000,0.009425,0.936958,0.020182,0.348730,-214.644485,92.011314,97.698883
1411,11.758333,0.009163,0.936926,0.020238,0.348821,-214.642578,92.010590,97.693840
1412,11.766667,0.009217,0.936945,0.020048,0.348779,-214.640976,92.008652,97.689903
1413,11.775000,0.009114,0.936996,0.019908,0.348654,-214.637207,92.010193,97.685944
1414,11.783333,0.009094,0.936992,0.019893,0.348665,-214.635803,92.009697,97.682693
1415,11.791667,0.008965,0.937025,0.020088,0.348568,-214.634323,92.009583,97.684700
1416,11.800000,0.009169,0.936984,0.019799,0.348691,-214.637589,92.010376,97.684357
1417,11.808333,0.009309,0.936980,0.019893,0.348693,-214.638107,92.010635,97.686790
1418,11.816667,0.009437,0.936956,0.019922,0.348751,-214.640671,92.010429,97.688705
1419,11.825000,0.009272,0.936961,0.019936,0.348743,-214.639801,92.010338,97.688637
1420,11.833333,0.009250,0.936938,0.020191,0.348791,-214.641235,92.008850,97.690674
1421,11.841667,0.009077,0.936972,0.020182,0.348703,-214.640213,92.008545,97.688744
1422,11.850000,0.009172,0.936967,0.020125,0.348717,-214.639954,92.009552,97.689720
1423,11.858333,0.009070,0.936967,0.020125,0.348719,-214.639465,92.009697,97.690422
1424,11.866667,0.009106,0.936960,0.020100,0.348738,-214.639694,92.008148,97.688576
1425,11.875000,0.009191,0.936964,0.020002,0.348732,-214.640091,92.009674,97.687843
1426,11.883333,0.009092,0.936949,0.019908,0.348781,-214.638992,92.010056,97.686073
1427,11.891667,0.009076,0.936927,0.019777,0.348848,-214.639069,92.007980,97.683876
1428,11.900000,0.009033,0.936983,0.019796,0.348697,-214.637039,92.009178,97.684601
1429,11.908333,0.009065,0.936947,0.019868,0.348788,-214.637024,92.008499,97.682587
1430,11.916667,0.008939,0.936967,0.019886,0.348737,-214.637924,92.007561,97.682373
1431,11.925000,0.008785,0.936974,0.019864,0.348723,-214.640350,92.008827,97.684441
1432,11.933333,0.009131,0.936934,0.019946,0.348817,-214.643616,92.009727,97.686058
1433,11.941667,0.008867,0.936965,0.019921,0.348741,-214.643311,92.009552,97.685532
1434,11.950000,0.008914,0.936935,0.020048,0.348815,-214.643173,92.008797,97.686386
1435,11.958333,0.008970,0.936949,0.020029,0.348776,-214.644196,92.008034,97.686859
1436,11.966667,0.009172,0.936944,0.020061,0.348782,-214.644745,92.008194,97.688293
1437,11.975000,0.009177,0.936918,0.020046,0.348854,-214.645218,92.007401,97.688187
1438,11.983333,0.009114,0.936930,0.020194,0.348815,-214.644913,92.008400,97.688728
1439,11.991667,0.009237,0.936898,0.020096,0.348903,-214.644974,92.009361,97.687988
1440,12.000000,0.009143,0.936943,0.020088,0.348783,-214.644073,92.009430,97.688988
1441,12.008333,0.009111,0.936967,0.019900,0.348732,-214.641876,92.010025,97.685425
1442,12.016667,0.009185,0.936952,0.019959,0.348768,-214.640457,92.009834,97.685783
1443,12.025000,0.009181,0.936969,0.019783,0.348732,-214.637802,92.010223,97.684273
1444,12.033333,0.008983,0.936978,0.019793,0.348711,-214.634674,92.011116,97.683983
1445,12.041667,0.008931,0.936977,0.019941,0.348709,-214.633636,92.008827,97.684029
1446,12.050000,0.008934,0.936959,0.020022,0.348751,-214.634781,92.007484,97.684135
1447,12.058333,0.009183,0.936949,0.019844,0.348782,-214.635712,92.009529,97.686127
1448,12.066667,0.009296,0.936943,0.019770,0.348797,-214.637115,92.010429,97.688278
1449,12.075000,0.009418,0.936939,0.019672,0.348811,-214.638229,92.009125,97.688202
1450,12.083333,0.009237,0.936946,0.019881,0.348787,-214.637939,92.009476,97.690033
1451,12.091667,0.009237,0.936960,0.019830,0.348752,-214.639694,92.009560,97.690514
1452,12.100000,0.009224,0.936958,0.019886,0.348755,-214.640778,92.009750,97.692070
1453,12.108333,0.009170,0.936966,0.019918,0.348732,-214.641815,92.009331,97.691284
1454,12.116667,0.009302,0.936958,0.020017,0.348744,-214.642212,92.009888,97.690422
1455,12.125000,0.009457,0.936945,0.019988,0.348778,-214.643188,92.010063,97.691292
1456,12.133333,0.009366,0.936933,0.020084,0.348805,-214.643784,92.010628,97.691849
1457,12.141667,0.009164,0.936947,0.020206,0.348767,-214.643173,92.009529,97.690987
1458,12.150000,0.009140,0.936994,0.020098,0.348648,-214.641479,92.010513,97.690826
1459,12.158333,0.009215,0.936959,0.019997,0.348746,-214.641235,92.010010,97.689156
1460,12.166667,0.009115,0.936937,0.020110,0.348801,-214.639954,92.008812,97.688332
1461,12.175000,0.009166,0.936984,0.019955,0.348681,-214.638489,92.009850,97.687912
1462,12.183333,0.009127,0.936951,0.019960,0.348770,-214.636948,92.007599,97.685989
1463,12.191667,0.009146,0.936940,0.019756,0.348810,-214.633896,92.010139,97.684608
1464,12.200000,0.009228,0.936962,0.019819,0.348747,-214.633560,92.009392,97.684929
1465,12.208333,0.009133,0.936930,0.019867,0.348833,-214.635468,92.009506,97.684753
1466,12.216667,0.009121,0.936934,0.019846,0.348823,-214.635803,92.009872,97.685013
1467,12.225000,0.009128,0.936952,0.019796,0.348777,-214.634949,92.010147,97.684807
1468,12.233333,0.009055,0.936955,0.019992,0.348761,-214.634750,92.009529,97.684631
1469,12.241667,0.009087,0.936956,0.020032,0.348755,-214.635544,92.009415,97.684052
1470,12.250000,0.009267,0.936939,0.019925,0.348803,-214.637787,92.009392,97.684235
1471,12.258333,0.009248,0.936972,0.019916,0.348715,-214.639099,92.010704,97.684792
1472,12.266667,0.009325,0.936974,0.019989,0.348703,-214.639633,92.010132,97.685013
1473,12.275000,0.009164,0.936920,0.019996,0.348852,-214.640640,92.009941,97.685448
1474,12.283333,0.008967,0.936950,0.019888,0.348783,-214.638947,92.010406,97.684959
1475,12.291667,0.008865,0.936957,0.019981,0.348761,-214.639236,92.009819,97.686493
1476,12.300000,0.009039,0.936949,0.019992,0.348777,-214.639740,92.010193,97.685822
1477,12.308333,0.009235,0.936953,0.019822,0.348770,-214.638901,92.010872,97.686630
1478,12.316667,0.009124,0.936957,0.019968,0.348754,-214.638138,92.010063,97.686790
1479,12.325000,0.009010,0.936964,0.019979,0.348739,-214.637726,92.008057,97.686432
1480,12.333333,0.008979,0.936976,0.019961,0.348706,-214.637589,92.009644,97.686745
1481,12.341667,0.008950,0.936948,0.020096,0.348777,-214.637634,92.009613,97.686790
1482,12.350000,0.009041,0.936954,0.020085,0.348757,-214.636993,92.009285,97.686386
1483,12.358333,0.009158,0.936968,0.020127,0.348716,-214.637375,92.010254,97.686806
1484,12.366667,0.009111,0.936953,0.019957,0.348767,-214.636139,92.009003,97.684387
1485,12.375000,0.008879,0.936957,0.020033,0.348757,-214.637405,92.008659,97.686188
1486,12.383333,0.009074,0.936935,0.019920,0.348816,-214.637573,92.009743,97.685997
1487,12.391667,0.009203,0.936915,0.020040,0.348860,-214.638763,92.009483,97.686333
1488,12.400000,0.009089,0.936955,0.020007,0.348758,-214.638824,92.008888,97.685280
1489,12.408333,0.008971,0.936938,0.020025,0.348807,-214.638260,92.007362,97.683846
1490,12.416667,0.009009,0.936954,0.020147,0.348754,-214.638474,92.008247,97.685417
1491,12.425000,0.009162,0.936965,0.019966,0.348731,-214.639282,92.009659,97.684929
1492,12.433333,0.009004,0.936952,0.020037,0.348767,-214.638184,92.008499,97.683601
1493,12.441667,0.008961,0.936913,0.019973,0.348875,-214.639099,92.007622,97.684196
1494,12.450000,0.008911,0.936926,0.019904,0.348847,-214.639969,92.007774,97.684029
1495,12.458333,0.008920,0.936970,0.019895,0.348730,-214.640427,92.010223,97.684906
1496,12.466667,0.008991,0.936967,0.019979,0.348729,-214.641312,92.010857,97.686478
1497,12.475000,0.008908,0.936971,0.019915,0.348724,-214.641235,92.010338,97.686562
1498,12.483333,0.009115,0.936933,0.019819,0.348828,-214.641541,92.009422,97.687080
1499,12.491667,0.009080,0.936946,0.019917,0.348788,-214.641861,92.009491,97.688988
1500,12.500000,0.008967,0.936931,0.019964,0.348829,-214.641479,92.009338,97.689980
1501,12.508333,0.009175,0.936959,0.019914,0.348751,-214.642853,92.009415,97.691696
1502,12.516667,0.009210,0.936947,0.020018,0.348776,-214.643478,92.009262,97.691521
1503,12.525000,0.009303,0.936872,0.019939,0.348981,-214.644409,92.009163,97.692726
1504,12.533333,0.009187,0.936946,0.019890,0.348788,-214.644241,92.009010,97.693344
1505,12.541667,0.009170,0.936960,0.019857,0.348752,-214.644196,92.008888,97.692749
1506,12.550000,0.009191,0.936967,0.019897,0.348731,-214.643723,92.009804,97.693283
1507,12.558333,0.009261,0.936889,0.020004,0.348932,-214.645767,92.008125,97.693047
1508,12.566667,0.009213,0.936914,0.019962,0.348867,-214.646057,92.009560,97.692703
1509,12.575000,0.009173,0.936912,0.019968,0.348873,-214.645386,92.009750,97.691681
1510,12.583333,0.009068,0.936937,0.019968,0.348809,-214.645126,92.008690,97.690735
1511,12.591667,0.008938,0.936901,0.020054,0.348906,-214.645355,92.009773,97.691498
1512,12.600000,0.009108,0.936924,0.020011,0.348842,-214.645340,92.010605,97.692375
1513,12.608333,0.009153,0.936935,0.019999,0.348812,-214.644440,92.010704,97.691307
1514,12.616667,0.009135,0.936921,0.019946,0.348851,-214.643768,92.009445,97.689522
1515,12.625000,0.009201,0.936918,0.019972,0.348856,-214.645798,92.009621,97.690819
1516,12.633333,0.009120,0.936935,0.019878,0.348820,-214.645126,92.010109,97.690758
1517,12.641667,0.009057,0.936921,0.019883,0.348858,-214.644928,92.009956,97.692421
1518,12.650000,0.009118,0.936930,0.019835,0.348836,-214.644592,92.010460,97.693481
1519,12.658333,0.009243,0.936937,0.019858,0.348811,-214.645508,92.010384,97.695305
1520,12.666667,0.009124,0.936938,0.019823,0.348813,-214.644699,92.009773,97.694000
1521,12.675000,0.009128,0.936937,0.019857,0.348816,-214.644699,92.009789,97.695198
1522,12.683333,0.009184,0.936926,0.020032,0.348832,-214.644669,92.008705,97.694946
1523,12.691667,0.009238,0.936904,0.019982,0.348892,-214.645386,92.009201,97.696526
1524,12.700000,0.009248,0.936918,0.019858,0.348862,-214.645569,92.010498,97.695168
1525,12.708333,0.009201,0.936928,0.019921,0.348834,-214.644791,92.010376,97.695030
1526,12.716667,0.009307,0.936932,0.019904,0.348821,-214.646317,92.009972,97.695831
1527,12.725000,0.009209,0.936942,0.019818,0.348800,-214.645691,92.010597,97.695381
1528,12.733333,0.009161,0.936946,0.019902,0.348787,-214.646393,92.011292,97.695847
1529,12.741667,0.009127,0.936922,0.019937,0.348850,-214.647003,92.010460,97.695473
1530,12.750000,0.009274,0.936964,0.019791,0.348743,-214.646606,92.011482,97.695145
1531,12.758333,0.009143,0.936970,0.019808,0.348727,-214.645691,92.012207,97.695366
1532,12.766667,0.009279,0.936914,0.019926,0.348868,-214.645767,92.010696,97.695839
1533,12.775000,0.009305,0.936918,0.020011,0.348852,-214.646317,92.008888,97.696365
1534,12.783333,0.009272,0.936924,0.020051,0.348835,-214.645737,92.008797,97.696373
1535,12.791667,0.009148,0.936913,0.020023,0.348869,-214.644974,92.008690,97.695900
1536,12.800000,0.009350,0.936921,0.019817,0.348854,-214.645294,92.010132,97.697792
1537,12.808333,0.009382,0.936916,0.019765,0.348871,-214.645050,92.009026,97.697456
1538,12.816667,0.009237,0.936962,0.019892,0.348743,-214.643051,92.009995,97.698944
1539,12.825000,0.009256,0.936920,0.020002,0.348847,-214.642929,92.009018,97.698959
1540,12.833333,0.009210,0.936931,0.019992,0.348820,-214.642792,92.008659,97.697739
1541,12.841667,0.009252,0.936903,0.019889,0.348901,-214.641754,92.008064,97.696075
1542,12.850000,0.009227,0.936930,0.019924,0.348827,-214.639359,92.009323,97.696289
1543,12.858333,0.009326,0.936945,0.019943,0.348784,-214.638519,92.008430,97.694382
1544,12.866667,0.009082,0.936936,0.020034,0.348809,-214.637924,92.007637,97.692680
1545,12.875000,0.009221,0.936904,0.019879,0.348899,-214.637848,92.008049,97.691727
1546,12.883333,0.009196,0.936950,0.019979,0.348772,-214.636871,92.008553,97.691330
1547,12.891667,0.009242,0.936931,0.020052,0.348815,-214.636368,92.009666,97.691170
1548,12.900000,0.009101,0.936956,0.019936,0.348760,-214.635727,92.009399,97.689598
1549,12.908333,0.009106,0.936921,0.020064,0.348846,-214.636856,92.008575,97.690063
1550,12.916667,0.009109,0.936955,0.020078,0.348753,-214.636322,92.009415,97.689522
1551,12.925000,0.009209,0.936957,0.020010,0.348751,-214.636780,92.008156,97.689751
1552,12.933333,0.009129,0.936964,0.019944,0.348736,-214.636230,92.010376,97.690506
1553,12.941667,0.009231,0.936939,0.019902,0.348803,-214.637238,92.009827,97.690216
1554,12.950000,0.009142,0.936954,0.019865,0.348767,-214.637299,92.009743,97.690651
1555,12.958333,0.009109,0.936943,0.019959,0.348793,-214.637283,92.008919,97.691437
1556,12.966667,0.009163,0.936937,0.019963,0.348809,-214.636566,92.008476,97.690704
1557,12.975000,0.009118,0.936924,0.020082,0.348836,-214.637161,92.006943,97.690979
1558,12.983333,0.009158,0.936941,0.019992,0.348794,-214.636063,92.008278,97.691795
1559,12.991667,0.009337,0.936955,0.020037,0.348750,-214.636108,92.008682,97.691277
1560,13.000000,0.009073,0.936946,0.019940,0.348787,-214.634277,92.009674,97.691612
1561,13.008333,0.009156,0.936958,0.020049,0.348745,-214.634079,92.008781,97.691414
1562,13.016667,0.009137,0.936958,0.019959,0.348753,-214.632233,92.009369,97.690620
1563,13.025000,0.009110,0.936926,0.020075,0.348833,-214.632889,92.009201,97.689690
1564,13.033333,0.009190,0.936944,0.020028,0.348783,-214.632004,92.008720,97.688797
1565,13.041667,0.009136,0.936958,0.019927,0.348753,-214.631149,92.007637,97.687180
1566,13.050000,0.009159,0.936965,0.019884,0.348738,-214.629959,92.008286,97.686211
1567,13.058333,0.009286,0.936979,0.019997,0.348688,-214.630127,92.008148,97.686295
1568,13.066667,0.009254,0.936978,0.019941,0.348695,-214.630127,92.008766,97.685837
1569,13.075000,0.009257,0.936950,0.019968,0.348770,-214.632233,92.008499,97.686790
1570,13.083333,0.009071,0.936982,0.019982,0.348687,-214.631897,92.008087,97.687164
1571,13.091667,0.009100,0.937004,0.019865,0.348635,-214.632034,92.008949,97.687485
1572,13.100000,0.009165,0.936987,0.019986,0.348673,-214.634735,92.007866,97.688812
1573,13.108333,0.009146,0.936928,0.020160,0.348820,-214.637573,92.006683,97.690323
1574,13.116667,0.009109,0.936972,0.020094,0.348708,-214.638062,92.006592,97.690567
1575,13.125000,0.009026,0.936965,0.019989,0.348735,-214.638947,92.007118,97.692848
1576,13.133333,0.009171,0.936951,0.019854,0.348776,-214.641312,92.007469,97.694328
1577,13.141667,0.009086,0.936984,0.020079,0.348677,-214.643723,92.007652,97.695473
1578,13.150000,0.009235,0.936989,0.020155,0.348655,-214.646988,92.007942,97.697495
1579,13.158333,0.009228,0.936956,0.020018,0.348752,-214.648361,92.007324,97.696671
1580,13.166667,0.009134,0.936972,0.020060,0.348708,-214.649109,92.007202,97.698982
1581,13.175000,0.009088,0.936996,0.020058,0.348647,-214.650208,92.007210,97.698883
1582,13.183333,0.009211,0.936964,0.020151,0.348723,-214.651749,92.006973,97.699944
1583,13.191667,0.008954,0.937007,0.020059,0.348620,-214.651535,92.007790,97.700485
1584,13.200000,0.009091,0.936978,0.020097,0.348690,-214.651154,92.007607,97.700485
1585,13.208333,0.009068,0.936950,0.019993,0.348773,-214.649796,92.007660,97.699860
1586,13.216667,0.009077,0.936968,0.020034,0.348722,-214.649490,92.008003,97.700172
1587,13.225000,0.009035,0.936956,0.020133,0.348750,-214.648727,92.007957,97.700920
1588,13.233333,0.009212,0.936958,0.020046,0.348745,-214.647705,92.008606,97.699509
1589,13.241667,0.009256,0.936945,0.020153,0.348773,-214.645889,92.008171,97.698044
1590,13.250000,0.009141,0.936948,0.020188,0.348765,-214.643692,92.008232,97.697121
1591,13.258333,0.009034,0.936940,0.020257,0.348785,-214.641708,92.007233,97.695206
1592,13.266667,0.009165,0.936931,0.020176,0.348810,-214.640839,92.009026,97.693977
1593,13.275000,0.009098,0.936982,0.019991,0.348687,-214.636963,92.008629,97.691872
1594,13.283333,0.009059,0.936958,0.019952,0.348754,-214.634521,92.008003,97.689842
1595,13.291667,0.008929,0.936970,0.019945,0.348726,-214.632629,92.009575,97.689224
1596,13.300000,0.009037,0.936911,0.019936,0.348882,-214.634537,92.008942,97.688904
1597,13.308333,0.009064,0.936952,0.019965,0.348769,-214.636826,92.008385,97.691086
1598,13.316667,0.009071,0.936957,0.020211,0.348743,-214.637878,92.009247,97.691658
1599,13.325000,0.009122,0.936944,0.020160,0.348778,-214.639069,92.008804,97.692200
1600,13.333333,0.009116,0.936931,0.020163,0.348812,-214.638809,92.009148,97.692612
1601,13.341667,0.008833,0.936877,0.019877,0.348982,-214.641876,92.011261,97.694221
1602,13.350000,0.008526,0.936885,0.019764,0.348975,-214.641052,92.014511,97.696480
1603,13.358333,0.008784,0.937013,0.019429,0.348643,-214.640808,92.018707,97.699043
1604,13.366667,0.008377,0.937070,0.019555,0.348493,-214.634842,92.018982,97.697487
1605,13.375000,0.008622,0.937141,0.019352,0.348306,-214.632767,92.020462,97.697876
1606,13.383333,0.008172,0.937222,0.019453,0.348094,-214.626099,92.020073,97.697159
1607,13.391667,0.007832,0.937313,0.019233,0.347869,-214.620026,92.022415,97.695938
1608,13.400000,0.007939,0.937475,0.018740,0.347457,-214.614456,92.026726,97.697906
1609,13.408333,0.007486,0.937478,0.018732,0.347460,-214.607529,92.027435,97.696533
1610,13.416667,0.006747,0.937486,0.018393,0.347471,-214.603592,92.032898,97.701530
1611,13.425000,0.005627,0.937563,0.017947,0.347306,-214.598053,92.043236,97.709328
1612,13.433333,0.004838,0.937673,0.017463,0.347046,-214.582443,92.053146,97.715179
1613,13.441667,0.004508,0.937721,0.017231,0.346931,-214.574265,92.056084,97.719612
1614,13.450000,0.004517,0.937793,0.016942,0.346753,-214.571045,92.056450,97.722229
1615,13.458333,0.004574,0.937885,0.017029,0.346499,-214.567398,92.058029,97.724152
1616,13.466667,0.004705,0.937947,0.016952,0.346332,-214.565414,92.058723,97.724602
1617,13.475000,0.004522,0.937953,0.017025,0.346314,-214.563126,92.058411,97.724808
1618,13.483333,0.004496,0.937966,0.017072,0.346278,-214.563873,92.057793,97.724274
1619,13.491667,0.004837,0.937998,0.017199,0.346179,-214.562683,92.058792,97.724915
1620,13.500000,0.004706,0.938006,0.017360,0.346153,-214.561371,92.057976,97.723404
1621,13.508333,0.004770,0.938021,0.017255,0.346115,-214.559677,92.058022,97.722435
1622,13.516667,0.004669,0.938012,0.017187,0.346146,-214.559036,92.056564,97.719398
1623,13.525000,0.004815,0.938044,0.017000,0.346065,-214.556702,92.056168,97.719475
1624,13.533333,0.004859,0.938019,0.016923,0.346137,-214.555145,92.056107,97.715012
1625,13.541667,0.004978,0.938007,0.017024,0.346161,-214.553482,92.056374,97.714447
1626,13.550000,0.004882,0.938031,0.016776,0.346111,-214.551239,92.055901,97.708786
1627,13.558333,0.004918,0.938012,0.017070,0.346148,-214.551132,92.054543,97.709511
1628,13.566667,0.004935,0.938047,0.016903,0.346060,-214.553284,92.056839,97.710648
1629,13.575000,0.004766,0.938008,0.016858,0.346171,-214.554260,92.056419,97.712502
1630,13.583333,0.004770,0.938016,0.017077,0.346138,-214.555664,92.055389,97.714539
1631,13.591667,0.004966,0.938033,0.016973,0.346095,-214.556793,92.056396,97.715309
1632,13.600000,0.004863,0.938020,0.017085,0.346126,-214.556854,92.056763,97.716843
1633,13.608333,0.004912,0.938002,0.016952,0.346181,-214.557312,92.056328,97.716743
1634,13.616667,0.004933,0.938018,0.017059,0.346131,-214.557404,92.058250,97.719215
1635,13.625000,0.004784,0.938044,0.017169,0.346056,-214.558990,92.056839,97.719597
1636,13.633333,0.005053,0.938089,0.016967,0.345943,-214.558578,92.058365,97.722626
1637,13.641667,0.005150,0.938083,0.017022,0.345954,-214.557434,92.058388,97.724007
1638,13.650000,0.004849,0.938014,0.017216,0.346134,-214.556259,92.056511,97.719139
1639,13.658333,0.004837,0.938017,0.017187,0.346129,-214.556046,92.056648,97.717583
1640,13.666667,0.004893,0.938020,0.017146,0.346121,-214.555008,92.057594,97.716316
1641,13.675000,0.005167,0.938128,0.016845,0.345841,-214.555054,92.059593,97.716988
1642,13.683333,0.004980,0.938005,0.017010,0.346168,-214.551788,92.056999,97.711792
1643,13.691667,0.004846,0.938015,0.017033,0.346142,-214.548798,92.055214,97.708092
1644,13.700000,0.004882,0.938021,0.016860,0.346134,-214.547272,92.055130,97.705528
1645,13.708333,0.004946,0.938022,0.017018,0.346122,-214.548141,92.054123,97.704926
1646,13.716667,0.004974,0.938016,0.016987,0.346139,-214.550598,92.054237,97.706894
1647,13.725000,0.004629,0.938011,0.017257,0.346144,-214.550858,92.054207,97.708344
1648,13.733333,0.004749,0.938041,0.017076,0.346071,-214.553619,92.055962,97.708687
1649,13.741667,0.004790,0.938023,0.017088,0.346119,-214.553741,92.057236,97.709793
1650,13.750000,0.004740,0.938034,0.017189,0.346085,-214.554474,92.056076,97.709480
1651,13.758333,0.004863,0.938042,0.017186,0.346060,-214.555054,92.056366,97.710213
1652,13.766667,0.004775,0.938006,0.017157,0.346161,-214.555328,92.054619,97.710503
1653,13.775000,0.004740,0.938019,0.017115,0.346128,-214.556412,92.053566,97.709930
1654,13.783333,0.004753,0.938016,0.017100,0.346137,-214.557022,92.054382,97.710037
1655,13.791667,0.004945,0.938032,0.017074,0.346093,-214.557693,92.054886,97.710968
1656,13.800000,0.004846,0.938022,0.017070,0.346121,-214.558289,92.055252,97.711670
1657,13.808333,0.004657,0.938034,0.017125,0.346088,-214.557983,92.054924,97.713310
1658,13.816667,0.004820,0.938044,0.017025,0.346064,-214.558105,92.056145,97.712967
1659,13.825000,0.004836,0.938011,0.016949,0.346158,-214.558243,92.057442,97.712479
1660,13.833333,0.005156,0.938109,0.016640,0.345903,-214.559586,92.060188,97.714424
1661,13.841667,0.005000,0.938026,0.016972,0.346112,-214.559296,92.058479,97.710991
1662,13.850000,0.004961,0.938041,0.016951,0.346074,-214.558716,92.057655,97.708824
1663,13.858333,0.004837,0.938033,0.016979,0.346096,-214.556549,92.055756,97.707657
1664,13.866667,0.004875,0.938028,0.016985,0.346108,-214.555817,92.056488,97.707901
1665,13.875000,0.004725,0.938026,0.017095,0.346110,-214.554855,92.056213,97.705132
1666,13.883333,0.005053,0.938120,0.016839,0.345864,-214.553757,92.057922,97.706131
1667,13.891667,0.004903,0.938056,0.017028,0.346031,-214.550903,92.055611,97.701187
1668,13.900000,0.004890,0.938026,0.017013,0.346114,-214.550323,92.054024,97.700508
1669,13.908333,0.004865,0.938028,0.017141,0.346100,-214.551956,92.054611,97.701088
1670,13.916667,0.004743,0.938029,0.017125,0.346100,-214.552094,92.055359,97.702835
1671,13.925000,0.004767,0.938017,0.017144,0.346131,-214.551895,92.055801,97.705360
1672,13.933333,0.004874,0.938023,0.016992,0.346123,-214.551712,92.056900,97.707626
1673,13.941667,0.004942,0.937986,0.016919,0.346226,-214.551407,92.056534,97.706940
1674,13.950000,0.004747,0.938018,0.017059,0.346134,-214.551712,92.056480,97.705589
1675,13.958333,0.004742,0.938030,0.017172,0.346096,-214.552597,92.054909,97.705475
1676,13.966667,0.004838,0.938013,0.016980,0.346151,-214.552734,92.054680,97.705231
1677,13.975000,0.004932,0.938017,0.016831,0.346146,-214.552994,92.055061,97.704353
1678,13.983333,0.004833,0.938023,0.016904,0.346126,-214.554016,92.056671,97.702827
1679,13.991667,0.004780,0.938040,0.017197,0.346066,-214.555023,92.055916,97.702461
1680,14.000000,0.004757,0.938024,0.017295,0.346105,-214.555054,92.053780,97.701134
1681,14.008333,0.004892,0.938062,0.017881,0.345972,-214.556259,92.058937,97.698761
1682,14.016667,0.004938,0.938080,0.017475,0.345943,-214.556000,92.056778,97.698875
1683,14.025000,0.004839,0.938030,0.017063,0.346101,-214.553329,92.054825,97.697655
1684,14.033333,0.004706,0.938029,0.016871,0.346115,-214.551926,92.055054,97.696854
1685,14.041667,0.004909,0.938052,0.017761,0.346003,-214.553619,92.059082,97.696014
1686,14.050000,0.005080,0.938066,0.017361,0.345983,-214.553955,92.058136,97.698647
1687,14.058333,0.004851,0.938037,0.016997,0.346084,-214.552353,92.056129,97.698853
1688,14.066667,0.004766,0.938028,0.016930,0.346112,-214.552307,92.055107,97.700371
1689,14.075000,0.004719,0.938003,0.017018,0.346178,-214.552521,92.053749,97.700783
1690,14.083333,0.004791,0.938021,0.017030,0.346125,-214.552658,92.053070,97.701790
1691,14.091667,0.004763,0.938044,0.016972,0.346067,-214.552734,92.054070,97.702972
1692,14.100000,0.004880,0.938028,0.016961,0.346110,-214.554642,92.056503,97.703789
1693,14.108333,0.004872,0.938024,0.016991,0.346119,-214.554779,92.056831,97.702888
1694,14.116667,0.004896,0.938018,0.017110,0.346129,-214.555740,92.054932,97.703239
1695,14.125000,0.004786,0.938027,0.017053,0.346108,-214.554855,92.054680,97.702576
1696,14.133333,0.004859,0.938012,0.017083,0.346147,-214.553543,92.055229,97.700157
1697,14.141667,0.005090,0.938059,0.017842,0.345978,-214.554382,92.060806,97.697945
1698,14.150000,0.004864,0.938077,0.017708,0.345940,-214.553925,92.057213,97.697273
1699,14.158333,0.005067,0.938081,0.018020,0.345910,-214.554047,92.060661,97.695770
1700,14.166667,0.004947,0.938061,0.017361,0.346001,-214.551956,92.056366,97.694153
1701,14.175000,0.005050,0.938057,0.017795,0.345988,-214.552048,92.059120,97.692528
1702,14.183333,0.005025,0.938046,0.017426,0.346036,-214.550613,92.057190,97.692612
1703,14.191667,0.004961,0.938039,0.017113,0.346072,-214.549606,92.055023,97.695755
1704,14.200000,0.004921,0.938036,0.016898,0.346090,-214.547852,92.055382,97.695488
1705,14.208333,0.004862,0.938025,0.017061,0.346114,-214.548538,92.057045,97.696327
1706,14.216667,0.004762,0.938012,0.017165,0.346146,-214.548492,92.057266,97.697899
1707,14.225000,0.004971,0.938045,0.017941,0.346014,-214.549683,92.062286,97.697510
1708,14.233333,0.004855,0.938043,0.017425,0.346047,-214.551208,92.059921,97.698441
1709,14.241667,0.004972,0.938020,0.016981,0.346128,-214.549683,92.058617,97.700905
1710,14.250000,0.004783,0.938034,0.016898,0.346098,-214.549973,92.057892,97.703972
1711,14.258333,0.004678,0.938009,0.017037,0.346160,-214.551117,92.059662,97.704300
1712,14.266667,0.004698,0.938002,0.017137,0.346173,-214.552780,92.059891,97.705322
1713,14.275000,0.004681,0.938007,0.016947,0.346169,-214.554382,92.059456,97.704338
1714,14.283333,0.004757,0.938013,0.016958,0.346152,-214.555222,92.060349,97.705048
1715,14.291667,0.004864,0.938025,0.017005,0.346115,-214.557144,92.060440,97.705910
1716,14.300000,0.004855,0.938019,0.017073,0.346129,-214.557785,92.060921,97.704895
1717,14.308333,0.004790,0.938000,0.016970,0.346186,-214.557907,92.060860,97.704605
1718,14.316667,0.004665,0.938014,0.017110,0.346142,-214.558380,92.060120,97.703438
1719,14.325000,0.004703,0.938021,0.017098,0.346123,-214.558243,92.060097,97.703598
1720,14.333333,0.004597,0.938041,0.017182,0.346069,-214.557617,92.060051,97.702286
1721,14.341667,0.004551,0.937994,0.017201,0.346194,-214.556458,92.059952,97.701599
1722,14.350000,0.004639,0.937995,0.016983,0.346201,-214.554840,92.060539,97.701225
1723,14.358333,0.004681,0.937999,0.017097,0.346183,-214.552765,92.060043,97.701347
1724,14.366667,0.004677,0.938015,0.017102,0.346140,-214.552017,92.060066,97.701820
1725,14.375000,0.005032,0.938044,0.017694,0.346027,-214.552185,92.065666,97.700516
1726,14.383333,0.004786,0.938033,0.017495,0.346071,-214.550705,92.063110,97.701881
1727,14.391667,0.004638,0.938010,0.017102,0.346155,-214.550598,92.061005,97.702698
1728,14.400000,0.004461,0.938015,0.016996,0.346148,-214.551239,92.059959,97.704529
1729,14.408333,0.004523,0.937996,0.017154,0.346193,-214.552338,92.060478,97.705299
1730,14.416667,0.004708,0.938013,0.017154,0.346143,-214.553375,92.060944,97.707901
1731,14.425000,0.004589,0.937994,0.016972,0.346205,-214.554901,92.061668,97.706520
1732,14.433333,0.004676,0.938015,0.016838,0.346153,-214.555954,92.062653,97.707726
1733,14.441667,0.004513,0.938014,0.017029,0.346149,-214.557953,92.060326,97.706711
1734,14.450000,0.004479,0.937997,0.017049,0.346197,-214.559097,92.059494,97.705231
1735,14.458333,0.004577,0.937991,0.017124,0.346207,-214.560394,92.059761,97.706726
1736,14.466667,0.004717,0.937991,0.016854,0.346216,-214.561035,92.062286,97.708229
1737,14.475000,0.004518,0.937989,0.016986,0.346219,-214.559265,92.061981,97.706764
1738,14.483333,0.004443,0.937995,0.016950,0.346205,-214.559143,92.061646,97.706306
1739,14.491667,0.004491,0.937990,0.017073,0.346214,-214.558716,92.061493,97.704880
1740,14.500000,0.004556,0.937999,0.017129,0.346185,-214.557907,92.060966,97.702896
1741,14.508333,0.004568,0.937995,0.017071,0.346197,-214.557236,92.061287,97.701851
1742,14.516667,0.004477,0.937993,0.017022,0.346206,-214.556198,92.060707,97.699539
1743,14.525000,0.004545,0.937976,0.017016,0.346252,-214.555862,92.060074,97.699303
1744,14.533333,0.004525,0.937961,0.017211,0.346284,-214.554855,92.059906,97.700760
1745,14.541667,0.004542,0.938005,0.017027,0.346174,-214.554642,92.061035,97.701408
1746,14.550000,0.004506,0.937993,0.017017,0.346208,-214.553833,92.060562,97.701630
1747,14.558333,0.004552,0.937998,0.016919,0.346196,-214.553970,92.060921,97.703156
1748,14.566667,0.004521,0.937996,0.016721,0.346213,-214.555435,92.061790,97.703705
1749,14.575000,0.004415,0.938001,0.016780,0.346199,-214.555710,92.060318,97.704597
1750,14.583333,0.004533,0.937997,0.016722,0.346210,-214.556717,92.060585,97.705170
1751,14.591667,0.004644,0.937991,0.016784,0.346222,-214.557465,92.061989,97.705956
1752,14.600000,0.004504,0.937984,0.016951,0.346235,-214.557144,92.061249,97.705902
1753,14.608333,0.004533,0.937993,0.016858,0.346213,-214.556793,92.062485,97.706459
1754,14.616667,0.004453,0.937995,0.016857,0.346210,-214.556595,92.061264,97.706810
1755,14.625000,0.004582,0.938015,0.016954,0.346149,-214.555878,92.061081,97.706932
1756,14.633333,0.004811,0.938009,0.016814,0.346169,-214.554504,92.060783,97.705475
1757,14.641667,0.004669,0.937980,0.016915,0.346245,-214.553116,92.061195,97.705093
1758,14.650000,0.004501,0.937979,0.017031,0.346244,-214.550400,92.059692,97.704422
1759,14.658333,0.004566,0.937982,0.017011,0.346237,-214.549377,92.060173,97.703644
1760,14.666667,0.004677,0.937990,0.016774,0.346224,-214.546127,92.061272,97.702263
1761,14.675000,0.004964,0.938007,0.016709,0.346178,-214.543793,92.060577,97.702805
1762,14.683333,0.004973,0.938003,0.016813,0.346183,-214.541840,92.060738,97.703667
1763,14.691667,0.004849,0.937999,0.016941,0.346189,-214.540680,92.059929,97.703987
1764,14.700000,0.004799,0.938015,0.016887,0.346151,-214.539749,92.060707,97.704712
1765,14.708333,0.004855,0.938003,0.016863,0.346182,-214.539581,92.060257,97.705589
1766,14.716667,0.004827,0.937996,0.016842,0.346203,-214.538956,92.060097,97.706398
1767,14.725000,0.004929,0.938006,0.017044,0.346164,-214.540695,92.061798,97.709236
1768,14.733333,0.004932,0.937984,0.016897,0.346233,-214.541580,92.062263,97.709084
