Format Version,1.25,Take Name,Take 2025-11-27 04.51.54 PM,Take Notes,,Capture Frame Rate,120.000000,Export Frame Rate,120.000000,Capture Start Time,2025-11-27 04.51.55.052 PM,Capture Start Frame,2508351,Total Frames in Take,1376,Total Exported Frames,1376,Rotation Type,Quaternion,Length Units,Centimeters,Coordinate Space,Global

,Type,Rigid Body,Rigid Body,Rigid Body,Rigid Body,Rigid Body,Rigid Body,Rigid Body
,Name,SEE_large,SEE_large,SEE_large,SEE_large,SEE_large,SEE_large,SEE_large
,ID,B4680608301811F031C44B617C10C291,B4680608301811F031C44B617C10C291,B4680608301811F031C44B617C10C291,B4680608301811F031C44B617C10C291,B4680608301811F031C44B617C10C291,B4680608301811F031C44B617C10C291,B4680608301811F031C44B617C10C291
,Parent,,,,,,,
,,Rotation,Rotation,Rotation,Rotation,Position,Position,Position
Frame,Time (Seconds),X,Y,Z,W,X,Y,Z
0,0.000000,-0.005238,0.390451,0.014957,0.920487,-215.856888,92.182640,83.974388
1,0.008333,-0.005319,0.390587,0.014790,0.920432,-215.858719,92.181953,83.970627
2,0.016667,-0.005253,0.390623,0.014496,0.920421,-215.860672,92.179268,83.968430
3,0.025000,-0.005091,0.390746,0.014358,0.920372,-215.863129,92.178810,83.965714
4,0.033333,-0.004936,0.390726,0.014267,0.920383,-215.865372,92.179382,83.965706
5,0.041667,-0.004947,0.390690,0.014387,0.920396,-215.866272,92.180199,83.963806
6,0.050000,-0.005055,0.390663,0.014470,0.920406,-215.865997,92.179916,83.964172
7,0.058333,-0.005124,0.390647,0.014584,0.920411,-215.865250,92.179893,83.963867
8,0.066667,-0.005311,0.390633,0.014485,0.920417,-215.864273,92.179047,83.964905
9,0.075000,-0.005378,0.390650,0.014496,0.920410,-215.863876,92.179688,83.965736
10,0.083333,-0.005206,0.390695,0.014525,0.920391,-215.863419,92.180267,83.968033
11,0.091667,-0.005046,0.390702,0.014524,0.920389,-215.862274,92.180511,83.969025
12,0.100000,-0.004909,0.390616,0.014414,0.920428,-215.861176,92.179893,83.971466
13,0.108333,-0.004917,0.390686,0.014552,0.920396,-215.859436,92.179199,83.972702
14,0.116667,-0.004927,0.390683,0.014530,0.920397,-215.858322,92.179825,83.975349
15,0.125000,-0.004832,0.390611,0.014616,0.920427,-215.857407,92.180878,83.977959
16,0.133333,-0.004823,0.390602,0.014633,0.920431,-215.857071,92.181007,83.977875
17,0.141667,-0.004790,0.390687,0.014632,0.920395,-215.856964,92.181076,83.975571
18,0.150000,-0.004842,0.390693,0.014477,0.920394,-215.858673,92.181458,83.972046
19,0.158333,-0.004925,0.390677,0.014462,0.920401,-215.860626,92.179832,83.970673
20,0.166667,-0.005057,0.390641,0.014438,0.920416,-215.862366,92.178810,83.969673
21,0.175000,-0.005339,0.390366,0.013668,0.920543,-215.866165,92.184700,83.963608
22,0.183333,-0.005433,0.390237,0.012848,0.920609,-215.870667,92.191216,83.960358
23,0.191667,-0.005373,0.389975,0.012588,0.920724,-215.873215,92.195648,83.954712
24,0.200000,-0.005482,0.389913,0.012148,0.920755,-215.873169,92.200516,83.952835
25,0.208333,-0.005741,0.389880,0.011847,0.920772,-215.871429,92.202583,83.951073
26,0.216667,-0.005753,0.389841,0.011681,0.920790,-215.869873,92.204597,83.951309
27,0.225000,-0.005542,0.389816,0.011613,0.920803,-215.867569,92.206291,83.953247
28,0.233333,-0.005396,0.389841,0.011524,0.920794,-215.866257,92.207405,83.955269
29,0.241667,-0.005445,0.389811,0.011553,0.920806,-215.865082,92.205933,83.957748
30,0.250000,-0.005525,0.389936,0.011723,0.920751,-215.864471,92.204132,83.960983
31,0.258333,-0.005368,0.389956,0.011973,0.920740,-215.863678,92.202347,83.963127
32,0.266667,-0.005355,0.389940,0.012119,0.920745,-215.865463,92.202148,83.966118
33,0.275000,-0.005849,0.389317,0.012126,0.921006,-215.873413,92.209969,83.965645
34,0.283333,-0.006335,0.389355,0.011454,0.920995,-215.873032,92.216125,83.954842
35,0.291667,-0.006907,0.389642,0.010244,0.920883,-215.880798,92.222038,83.937057
36,0.300000,-0.007310,0.389727,0.008927,0.920858,-215.887192,92.226097,83.922806
37,0.308333,-0.007330,0.389701,0.008454,0.920874,-215.888336,92.229271,83.919128
38,0.316667,-0.007551,0.389321,0.008747,0.921030,-215.889816,92.234787,83.922745
39,0.325000,-0.007623,0.389456,0.008793,0.920972,-215.888138,92.237244,83.921608
40,0.333333,-0.007800,0.389569,0.009097,0.920919,-215.887924,92.238342,83.921295
41,0.341667,-0.007652,0.389574,0.009205,0.920917,-215.887955,92.238007,83.921394
42,0.350000,-0.007632,0.389611,0.009298,0.920901,-215.888046,92.236580,83.922539
43,0.358333,-0.007798,0.389285,0.009538,0.921035,-215.890381,92.235847,83.927330
44,0.366667,-0.007787,0.389430,0.009779,0.920971,-215.888290,92.235229,83.926384
45,0.375000,-0.007727,0.389488,0.009694,0.920948,-215.886871,92.234650,83.927704
46,0.383333,-0.007642,0.389515,0.009833,0.920936,-215.885849,92.234779,83.929909
47,0.391667,-0.007567,0.389544,0.009851,0.920924,-215.884232,92.233925,83.931549
48,0.400000,-0.007503,0.389522,0.009902,0.920934,-215.883820,92.235008,83.933311
49,0.408333,-0.007518,0.389418,0.009839,0.920978,-215.884430,92.236885,83.934814
50,0.416667,-0.007609,0.389502,0.009881,0.920941,-215.884094,92.237297,83.933815
51,0.425000,-0.007642,0.389480,0.009796,0.920951,-215.884811,92.235786,83.930954
52,0.433333,-0.007874,0.389481,0.009703,0.920950,-215.885376,92.234512,83.929268
53,0.441667,-0.007937,0.389418,0.009658,0.920976,-215.887100,92.233566,83.928009
54,0.450000,-0.007792,0.389432,0.009617,0.920972,-215.886688,92.234840,83.927086
55,0.458333,-0.007755,0.389428,0.009691,0.920973,-215.886780,92.234810,83.926071
56,0.466667,-0.007725,0.389459,0.009799,0.920959,-215.887207,92.235214,83.925835
57,0.475000,-0.007633,0.389505,0.009841,0.920940,-215.887024,92.235764,83.924599
58,0.483333,-0.007562,0.389506,0.009894,0.920940,-215.886215,92.235359,83.925003
59,0.491667,-0.007619,0.389479,0.009827,0.920951,-215.885193,92.235382,83.925362
60,0.500000,-0.007710,0.389501,0.009682,0.920943,-215.884644,92.233749,83.924751
61,0.508333,-0.007947,0.389441,0.009578,0.920968,-215.884277,92.233917,83.924606
62,0.516667,-0.007858,0.389448,0.009693,0.920964,-215.882751,92.235191,83.925377
63,0.525000,-0.007800,0.389440,0.009753,0.920967,-215.882462,92.235664,83.927132
64,0.533333,-0.007774,0.389422,0.009612,0.920976,-215.882751,92.237686,83.929710
65,0.541667,-0.007651,0.389411,0.009661,0.920982,-215.882751,92.238037,83.933609
66,0.550000,-0.007585,0.389188,0.009742,0.921076,-215.885620,92.238686,83.938293
67,0.558333,-0.007495,0.389377,0.009790,0.920996,-215.885681,92.238670,83.937630
68,0.566667,-0.007459,0.389459,0.009716,0.920962,-215.887329,92.238747,83.937706
69,0.575000,-0.007523,0.389248,0.009692,0.921051,-215.890503,92.238091,83.939377
70,0.583333,-0.007690,0.389404,0.009658,0.920985,-215.890549,92.236633,83.934814
71,0.591667,-0.007774,0.389451,0.009566,0.920965,-215.891129,92.237076,83.932182
72,0.600000,-0.007724,0.389514,0.009701,0.920937,-215.889603,92.236526,83.931244
73,0.608333,-0.007748,0.389500,0.009781,0.920942,-215.888672,92.236801,83.930557
74,0.616667,-0.007840,0.389511,0.009904,0.920935,-215.888458,92.236420,83.928886
75,0.625000,-0.007843,0.389501,0.009877,0.920940,-215.886978,92.237183,83.927704
76,0.633333,-0.007735,0.389492,0.009710,0.920946,-215.884735,92.237587,83.926437
77,0.641667,-0.007784,0.389457,0.009721,0.920960,-215.882492,92.235794,83.925880
78,0.650000,-0.007906,0.389439,0.009667,0.920968,-215.881165,92.237083,83.925507
79,0.658333,-0.007728,0.389440,0.009585,0.920969,-215.879303,92.236908,83.926346
80,0.666667,-0.007626,0.389460,0.009584,0.920962,-215.878967,92.237312,83.927650
81,0.675000,-0.007628,0.389481,0.009637,0.920953,-215.879517,92.237801,83.929787
82,0.683333,-0.007642,0.389453,0.009633,0.920964,-215.879990,92.238388,83.928833
83,0.691667,-0.007646,0.389503,0.009585,0.920943,-215.882614,92.238304,83.928848
84,0.700000,-0.007643,0.389490,0.009541,0.920949,-215.883636,92.237099,83.929329
85,0.708333,-0.007655,0.389484,0.009651,0.920951,-215.885132,92.236938,83.931854
86,0.716667,-0.007641,0.389464,0.009678,0.920959,-215.886276,92.237198,83.932434
87,0.725000,-0.007633,0.389496,0.009696,0.920946,-215.888260,92.237747,83.931236
88,0.733333,-0.007807,0.389302,0.009776,0.921025,-215.890808,92.238388,83.933517
89,0.741667,-0.007828,0.389456,0.009915,0.920958,-215.889389,92.236862,83.931602
90,0.750000,-0.007758,0.389552,0.009873,0.920919,-215.888474,92.235962,83.931160
91,0.758333,-0.007578,0.389519,0.009722,0.920936,-215.888794,92.236557,83.930710
92,0.766667,-0.007513,0.389511,0.009887,0.920938,-215.886810,92.234329,83.930237
93,0.775000,-0.007716,0.389552,0.009876,0.920919,-215.885452,92.234787,83.928757
94,0.783333,-0.007748,0.389500,0.009872,0.920941,-215.884232,92.235725,83.928207
95,0.791667,-0.007802,0.389479,0.009787,0.920950,-215.882919,92.237350,83.927879
96,0.800000,-0.007788,0.389413,0.009711,0.920979,-215.881439,92.236916,83.928093
97,0.808333,-0.007809,0.389382,0.009634,0.920993,-215.880417,92.238983,83.929596
98,0.816667,-0.007667,0.389403,0.009636,0.920985,-215.878967,92.237846,83.931793
99,0.825000,-0.007439,0.389395,0.009605,0.920991,-215.877960,92.237991,83.933502
100,0.833333,-0.007448,0.389498,0.009697,0.920946,-215.880325,92.239586,83.936348
101,0.841667,-0.007646,0.389184,0.009883,0.921075,-215.883713,92.239708,83.939766
102,0.850000,-0.007801,0.389426,0.009869,0.920972,-215.884018,92.238663,83.935867
103,0.858333,-0.007720,0.389492,0.009803,0.920945,-215.885925,92.237549,83.934624
104,0.866667,-0.007759,0.389562,0.009737,0.920916,-215.888794,92.237000,83.934097
105,0.875000,-0.007846,0.389534,0.009687,0.920928,-215.891678,92.235657,83.931465
106,0.883333,-0.007848,0.389254,0.009828,0.921045,-215.896271,92.236870,83.933029
107,0.891667,-0.007892,0.389483,0.010016,0.920945,-215.897324,92.235786,83.926140
108,0.900000,-0.007832,0.389578,0.010019,0.920906,-215.900803,92.234863,83.921356
109,0.908333,-0.007881,0.389705,0.010112,0.920851,-215.904877,92.234138,83.918678
110,0.916667,-0.008035,0.389700,0.010134,0.920851,-215.905258,92.234772,83.918610
111,0.925000,-0.008159,0.389835,0.010067,0.920793,-215.905426,92.235397,83.918671
112,0.933333,-0.008227,0.390029,0.010121,0.920710,-215.908020,92.234650,83.917870
113,0.941667,-0.008266,0.390215,0.010320,0.920629,-215.912384,92.235626,83.919212
114,0.950000,-0.008154,0.390063,0.010651,0.920690,-215.921524,92.238007,83.923187
115,0.958333,-0.008331,0.390087,0.010609,0.920679,-215.932495,92.242584,83.921883
116,0.966667,-0.008562,0.390159,0.010432,0.920648,-215.942734,92.245743,83.919891
117,0.975000,-0.008574,0.390276,0.010432,0.920599,-215.953415,92.246468,83.920708
118,0.983333,-0.008467,0.390441,0.010666,0.920527,-215.965454,92.245255,83.922958
119,0.991667,-0.008252,0.390666,0.012755,0.920407,-215.994354,92.230400,83.933929
120,1.000000,-0.008498,0.390760,0.012560,0.920368,-215.997894,92.232697,83.932404
121,1.008333,-0.008525,0.390792,0.012136,0.920360,-216.004807,92.236099,83.933136
122,1.016667,-0.008657,0.390669,0.012122,0.920411,-216.016556,92.239006,83.935455
123,1.025000,-0.008757,0.390669,0.012269,0.920408,-216.031052,92.240990,83.940147
124,1.033333,-0.008570,0.390644,0.012834,0.920413,-216.044586,92.238602,83.946693
125,1.041667,-0.008534,0.390691,0.013494,0.920384,-216.058701,92.237076,83.952835
126,1.050000,-0.008607,0.390615,0.013966,0.920408,-216.072327,92.235657,83.957413
127,1.058333,-0.008485,0.390640,0.014421,0.920392,-216.084747,92.234329,83.963402
128,1.066667,-0.008424,0.390661,0.015131,0.920372,-216.093613,92.232285,83.966621
129,1.075000,-0.008413,0.390690,0.015436,0.920354,-216.100952,92.231781,83.970169
130,1.083333,-0.008366,0.390657,0.015611,0.920366,-216.103958,92.229347,83.971230
131,1.091667,-0.008407,0.390777,0.015647,0.920314,-216.106155,92.228432,83.973579
132,1.100000,-0.008511,0.390860,0.015770,0.920276,-216.107681,92.227600,83.973427
133,1.108333,-0.008377,0.390943,0.015588,0.920245,-216.110062,92.228096,83.973206
134,1.116667,-0.008080,0.390974,0.015272,0.920240,-216.112518,92.228302,83.971245
135,1.125000,-0.007827,0.391207,0.014858,0.920149,-216.118805,92.227272,83.971733
136,1.133333,-0.008029,0.390858,0.015193,0.920290,-216.124100,92.231682,83.976624
137,1.141667,-0.008337,0.390751,0.015838,0.920322,-216.134048,92.236710,83.981171
138,1.150000,-0.008673,0.390761,0.016460,0.920304,-216.148117,92.239616,83.983246
139,1.158333,-0.008838,0.391030,0.017051,0.920177,-216.166168,92.241135,83.984573
140,1.166667,-0.008852,0.391130,0.017341,0.920130,-216.183609,92.241463,83.984818
141,1.175000,-0.009114,0.391299,0.017496,0.920052,-216.200562,92.239845,83.984848
142,1.183333,-0.009296,0.391387,0.017476,0.920013,-216.216415,92.239204,83.983955
143,1.191667,-0.009515,0.391487,0.017722,0.919964,-216.229385,92.239403,83.986000
144,1.200000,-0.009615,0.391456,0.017785,0.919975,-216.238922,92.240921,83.987068
145,1.208333,-0.009632,0.391526,0.017953,0.919941,-216.245911,92.241516,83.985741
146,1.216667,-0.009639,0.391564,0.018216,0.919920,-216.252563,92.241737,83.985161
147,1.225000,-0.009738,0.391664,0.018273,0.919875,-216.258316,92.242119,83.984528
148,1.233333,-0.010193,0.391642,0.018224,0.919881,-216.266968,92.248253,83.981354
149,1.241667,-0.011135,0.391490,0.017895,0.919941,-216.277237,92.261276,83.974541
150,1.250000,-0.008860,0.392721,0.021095,0.919373,-216.266556,92.223763,84.006317
151,1.258333,-0.008680,0.392867,0.021620,0.919300,-216.272644,92.218605,84.010162
152,1.266667,-0.008763,0.392765,0.022294,0.919327,-216.284363,92.218796,84.008965
153,1.275000,-0.008548,0.392776,0.022601,0.919317,-216.296143,92.217949,84.008736
154,1.283333,-0.009278,0.392700,0.024188,0.919302,-216.309769,92.224213,84.009460
155,1.291667,-0.009645,0.392652,0.025176,0.919292,-216.318604,92.225327,84.013283
156,1.300000,-0.009938,0.392713,0.025985,0.919240,-216.329330,92.225922,84.014885
157,1.308333,-0.010285,0.392648,0.026297,0.919255,-216.344193,92.225830,84.015167
158,1.316667,-0.010442,0.392727,0.026567,0.919212,-216.360306,92.223839,84.014557
159,1.325000,-0.010565,0.392860,0.026829,0.919146,-216.377502,92.221710,84.013657
160,1.333333,-0.010656,0.393333,0.026584,0.918950,-216.390686,92.221313,84.012344
161,1.341667,-0.010843,0.394060,0.026595,0.918636,-216.395645,92.223305,84.010109
162,1.350000,-0.010668,0.394640,0.026957,0.918378,-216.392471,92.221397,84.011703
163,1.358333,-0.010444,0.395083,0.027854,0.918164,-216.386200,92.213768,84.018402
164,1.366667,-0.010275,0.395554,0.028865,0.917931,-216.379028,92.205338,84.023453
165,1.375000,-0.010083,0.396258,0.029432,0.917612,-216.367722,92.199173,84.029579
166,1.383333,-0.010021,0.396764,0.029509,0.917392,-216.360123,92.201866,84.030807
167,1.391667,-0.010019,0.397072,0.029461,0.917260,-216.355270,92.204224,84.034073
168,1.400000,-0.010087,0.397195,0.029321,0.917210,-216.352341,92.204178,84.035263
169,1.408333,-0.010166,0.397244,0.029222,0.917191,-216.351791,92.204529,84.034882
170,1.416667,-0.010222,0.397267,0.029305,0.917178,-216.351730,92.203384,84.034264
171,1.425000,-0.010130,0.397159,0.029351,0.917224,-216.352982,92.202980,84.032700
172,1.433333,-0.010023,0.397204,0.029411,0.917204,-216.352936,92.201866,84.032234
173,1.441667,-0.009923,0.397139,0.029362,0.917235,-216.353363,92.201492,84.031052
174,1.450000,-0.009896,0.397137,0.029306,0.917238,-216.354584,92.201843,84.030884
175,1.458333,-0.009927,0.397195,0.029239,0.917215,-216.357544,92.204109,84.030914
176,1.466667,-0.009974,0.397164,0.029290,0.917226,-216.360123,92.204330,84.031090
177,1.475000,-0.010057,0.397267,0.029370,0.917178,-216.363281,92.205879,84.031815
178,1.483333,-0.009990,0.397209,0.029318,0.917205,-216.367294,92.205353,84.032616
179,1.491667,-0.010005,0.397256,0.029373,0.917183,-216.370804,92.204338,84.033730
180,1.500000,-0.010096,0.397254,0.029328,0.917184,-216.375015,92.204346,84.033722
181,1.508333,-0.010193,0.397303,0.029552,0.917155,-216.378922,92.204514,84.034554
182,1.516667,-0.009935,0.397262,0.029662,0.917172,-216.380264,92.203537,84.035721
183,1.525000,-0.009783,0.397287,0.029717,0.917161,-216.379547,92.204018,84.035622
184,1.533333,-0.009685,0.397365,0.029699,0.917129,-216.375092,92.202881,84.036003
185,1.541667,-0.009903,0.397413,0.029693,0.917106,-216.370850,92.204979,84.036346
186,1.550000,-0.009893,0.397394,0.029620,0.917117,-216.366318,92.204758,84.034935
187,1.558333,-0.009958,0.397429,0.029464,0.917106,-216.363953,92.205635,84.035477
188,1.566667,-0.010123,0.397412,0.029434,0.917112,-216.363235,92.205338,84.035530
189,1.575000,-0.010141,0.397424,0.029372,0.917109,-216.363190,92.204407,84.034698
190,1.583333,-0.010086,0.397474,0.029509,0.917083,-216.364380,92.204407,84.033295
191,1.591667,-0.010051,0.397471,0.029556,0.917083,-216.366272,92.205009,84.032776
192,1.600000,-0.009964,0.397460,0.029574,0.917089,-216.368988,92.205086,84.032791
193,1.608333,-0.009815,0.397424,0.029554,0.917107,-216.371399,92.204697,84.033310
194,1.616667,-0.009902,0.397359,0.029633,0.917131,-216.374634,92.205017,84.032951
195,1.625000,-0.009881,0.397358,0.029626,0.917132,-216.377136,92.204231,84.032219
196,1.633333,-0.009905,0.397363,0.029720,0.917127,-216.380981,92.205345,84.032600
197,1.641667,-0.009828,0.397347,0.029834,0.917131,-216.383026,92.205467,84.033302
198,1.650000,-0.009848,0.397366,0.029711,0.917126,-216.382721,92.204491,84.033546
199,1.658333,-0.009957,0.397344,0.029747,0.917134,-216.382858,92.204636,84.034653
200,1.666667,-0.009927,0.397368,0.029785,0.917122,-216.382843,92.204872,84.034660
201,1.675000,-0.009904,0.397426,0.029708,0.917100,-216.381454,92.204041,84.035873
202,1.683333,-0.009954,0.397376,0.029647,0.917123,-216.379211,92.202629,84.035812
203,1.691667,-0.010053,0.397385,0.029729,0.917115,-216.376846,92.203049,84.035858
204,1.700000,-0.010110,0.397429,0.029783,0.917094,-216.372818,92.203201,84.036110
205,1.708333,-0.010139,0.397419,0.029758,0.917098,-216.369812,92.203720,84.035339
206,1.716667,-0.010080,0.397451,0.029685,0.917088,-216.368454,92.205200,84.034897
207,1.725000,-0.010005,0.397456,0.029739,0.917084,-216.368393,92.204590,84.033783
208,1.733333,-0.010037,0.397462,0.029760,0.917081,-216.370346,92.205788,84.032906
209,1.741667,-0.010095,0.397440,0.029727,0.917091,-216.372757,92.205177,84.032951
210,1.750000,-0.010118,0.397425,0.029729,0.917097,-216.375610,92.205307,84.031937
211,1.758333,-0.009942,0.397461,0.029665,0.917086,-216.377777,92.204597,84.031296
212,1.766667,-0.009955,0.397453,0.029695,0.917088,-216.380997,92.204666,84.031799
213,1.775000,-0.009983,0.397450,0.029666,0.917090,-216.383652,92.204796,84.032600
214,1.783333,-0.009983,0.397420,0.029888,0.917096,-216.385361,92.205925,84.032608
215,1.791667,-0.009885,0.397451,0.029808,0.917086,-216.385025,92.205879,84.033974
216,1.800000,-0.009809,0.397421,0.029714,0.917103,-216.384705,92.205872,84.034599
217,1.808333,-0.009858,0.397435,0.029776,0.917094,-216.383835,92.205452,84.034454
218,1.816667,-0.009844,0.397461,0.029755,0.917084,-216.382019,92.205055,84.035088
219,1.825000,-0.009989,0.397429,0.029708,0.917098,-216.380127,92.204872,84.035515
220,1.833333,-0.010052,0.397410,0.029712,0.917105,-216.377884,92.203888,84.035645
221,1.841667,-0.010015,0.397424,0.029712,0.917099,-216.375427,92.203461,84.035263
222,1.850000,-0.010004,0.397449,0.029710,0.917088,-216.373138,92.204399,84.034866
223,1.858333,-0.010067,0.397456,0.029749,0.917084,-216.371078,92.203735,84.034882
224,1.866667,-0.010204,0.397439,0.029782,0.917088,-216.369888,92.204094,84.033646
225,1.875000,-0.010227,0.397461,0.029764,0.917079,-216.369965,92.205139,84.033997
226,1.883333,-0.010193,0.397502,0.029689,0.917064,-216.370804,92.204765,84.032738
227,1.891667,-0.010174,0.397495,0.029747,0.917066,-216.372513,92.205086,84.031883
228,1.900000,-0.010083,0.397470,0.029795,0.917076,-216.374969,92.205338,84.031570
229,1.908333,-0.009951,0.397458,0.029754,0.917084,-216.378098,92.205872,84.032196
230,1.916667,-0.009773,0.397476,0.029848,0.917075,-216.380768,92.206261,84.032730
231,1.925000,-0.009804,0.397447,0.029803,0.917089,-216.383240,92.205780,84.033112
232,1.933333,-0.009873,0.397470,0.029728,0.917081,-216.384293,92.205490,84.033424
233,1.941667,-0.009991,0.397470,0.029774,0.917078,-216.385315,92.204758,84.033981
234,1.950000,-0.009938,0.397495,0.029752,0.917068,-216.384888,92.205132,84.033897
235,1.958333,-0.009919,0.397480,0.029740,0.917075,-216.383484,92.205551,84.034683
236,1.966667,-0.009869,0.397442,0.029696,0.917094,-216.381119,92.204544,84.034851
237,1.975000,-0.010001,0.397452,0.029749,0.917086,-216.379547,92.205238,84.035583
238,1.983333,-0.009977,0.397470,0.029731,0.917079,-216.377136,92.205231,84.036209
239,1.991667,-0.009940,0.397459,0.029682,0.917086,-216.374680,92.204674,84.036194
240,2.000000,-0.010032,0.397481,0.029685,0.917075,-216.372726,92.204453,84.035965
241,2.008333,-0.010013,0.397503,0.029743,0.917064,-216.370728,92.204399,84.035263
242,2.016667,-0.010036,0.397495,0.029710,0.917068,-216.370651,92.204811,84.034836
243,2.025000,-0.009958,0.397493,0.029698,0.917070,-216.370987,92.204803,84.033524
244,2.033333,-0.009966,0.397498,0.029612,0.917071,-216.372330,92.205414,84.033348
245,2.041667,-0.009990,0.397471,0.029658,0.917081,-216.374039,92.204735,84.032402
246,2.050000,-0.009933,0.397527,0.029794,0.917053,-216.376831,92.205963,84.032646
247,2.058333,-0.009892,0.397526,0.029843,0.917052,-216.379257,92.207024,84.032715
248,2.066667,-0.009857,0.397499,0.029920,0.917062,-216.381241,92.206535,84.032158
249,2.075000,-0.009831,0.397490,0.029824,0.917069,-216.383545,92.206215,84.032402
250,2.083333,-0.009827,0.397547,0.029834,0.917044,-216.385773,92.205101,84.033684
251,2.091667,-0.009893,0.397475,0.029702,0.917079,-216.386765,92.205711,84.033936
252,2.100000,-0.009890,0.397452,0.029752,0.917087,-216.386276,92.204788,84.034416
253,2.108333,-0.009939,0.397523,0.029746,0.917056,-216.385239,92.204628,84.034660
254,2.116667,-0.009849,0.397552,0.029753,0.917044,-216.385071,92.205269,84.035782
255,2.125000,-0.009924,0.397536,0.029764,0.917050,-216.384979,92.205635,84.036240
256,2.133333,-0.009936,0.397546,0.029885,0.917042,-216.382553,92.205551,84.036407
257,2.141667,-0.009957,0.397496,0.029828,0.917065,-216.381042,92.205734,84.036972
258,2.150000,-0.009923,0.397526,0.029811,0.917053,-216.378708,92.205902,84.036743
259,2.158333,-0.009925,0.397550,0.029846,0.917041,-216.376678,92.206123,84.036095
260,2.166667,-0.009908,0.397579,0.029960,0.917025,-216.376526,92.208397,84.035751
261,2.175000,-0.009773,0.397558,0.029931,0.917037,-216.375809,92.208115,84.035034
262,2.183333,-0.009837,0.397543,0.029841,0.917045,-216.377045,92.207123,84.034386
263,2.191667,-0.010008,0.397559,0.029708,0.917041,-216.379837,92.206612,84.033600
264,2.200000,-0.010059,0.397573,0.029856,0.917030,-216.381790,92.205498,84.032600
265,2.208333,-0.010086,0.397560,0.029819,0.917036,-216.383392,92.204559,84.032631
266,2.216667,-0.010049,0.397540,0.029822,0.917045,-216.385101,92.204910,84.032295
267,2.225000,-0.009997,0.397540,0.029842,0.917045,-216.386749,92.205605,84.032715
268,2.233333,-0.009934,0.397523,0.029790,0.917055,-216.388672,92.206276,84.033653
269,2.241667,-0.009886,0.397542,0.029794,0.917047,-216.390060,92.206207,84.034622
270,2.250000,-0.009892,0.397514,0.029741,0.917061,-216.389725,92.205467,84.035027
271,2.258333,-0.009902,0.397550,0.029878,0.917041,-216.388412,92.206085,84.035042
272,2.266667,-0.009915,0.397565,0.029796,0.917036,-216.386963,92.206757,84.035904
273,2.275000,-0.009913,0.397584,0.029876,0.917026,-216.383606,92.205200,84.035744
274,2.283333,-0.009916,0.397615,0.029771,0.917016,-216.381577,92.205360,84.037155
275,2.291667,-0.009973,0.397585,0.029670,0.917031,-216.379639,92.205498,84.036346
276,2.300000,-0.010062,0.397586,0.029809,0.917025,-216.378326,92.206482,84.035446
277,2.308333,-0.010019,0.397563,0.029767,0.917037,-216.376785,92.206413,84.035896
278,2.316667,-0.010037,0.397577,0.029821,0.917029,-216.376465,92.206329,84.034660
279,2.325000,-0.009974,0.397560,0.029840,0.917037,-216.376907,92.206909,84.034615
280,2.333333,-0.009886,0.397582,0.029844,0.917028,-216.377930,92.206863,84.033920
281,2.341667,-0.009952,0.397533,0.029820,0.917049,-216.379684,92.206223,84.033134
282,2.350000,-0.010046,0.397556,0.029812,0.917039,-216.382690,92.206604,84.032410
283,2.358333,-0.009966,0.397548,0.029727,0.917046,-216.384964,92.205780,84.032326
284,2.366667,-0.009969,0.397615,0.029879,0.917012,-216.386871,92.205742,84.031937
285,2.375000,-0.009953,0.397577,0.029820,0.917030,-216.388290,92.206062,84.032623
286,2.383333,-0.009875,0.397525,0.029800,0.917054,-216.388916,92.205299,84.032997
287,2.391667,-0.009942,0.397539,0.029795,0.917047,-216.389297,92.206337,84.033623
288,2.400000,-0.009828,0.397548,0.029807,0.917044,-216.388657,92.206306,84.034309
289,2.408333,-0.009859,0.397542,0.029919,0.917043,-216.387360,92.205078,84.035683
290,2.416667,-0.009899,0.397577,0.029890,0.917028,-216.385483,92.206306,84.035034
291,2.425000,-0.009984,0.397615,0.029815,0.917013,-216.383072,92.207184,84.035934
292,2.433333,-0.009974,0.397593,0.029786,0.917024,-216.380280,92.207962,84.035675
293,2.441667,-0.010051,0.397596,0.029798,0.917021,-216.378784,92.207718,84.036514
294,2.450000,-0.010136,0.397577,0.029773,0.917030,-216.378326,92.206886,84.036598
295,2.458333,-0.010034,0.397592,0.029773,0.917024,-216.377441,92.206169,84.035835
296,2.466667,-0.010001,0.397575,0.029726,0.917034,-216.377182,92.205879,84.035095
297,2.475000,-0.009911,0.397560,0.029860,0.917037,-216.377777,92.206245,84.034523
298,2.483333,-0.009876,0.397607,0.029737,0.917021,-216.378876,92.206627,84.033897
299,2.491667,-0.009826,0.397585,0.029848,0.917027,-216.380722,92.207161,84.033272
300,2.500000,-0.009820,0.397620,0.029836,0.917013,-216.382782,92.206894,84.032768
301,2.508333,-0.009926,0.397582,0.029850,0.917027,-216.385315,92.205559,84.032616
302,2.516667,-0.009905,0.397568,0.029796,0.917035,-216.386932,92.204979,84.032814
303,2.525000,-0.009987,0.397611,0.029932,0.917012,-216.388016,92.204674,84.031815
304,2.533333,-0.009987,0.397601,0.029664,0.917025,-216.389038,92.205292,84.032913
305,2.541667,-0.009921,0.397608,0.029623,0.917023,-216.388947,92.204315,84.033951
306,2.550000,-0.009937,0.397580,0.029694,0.917033,-216.389038,92.204712,84.034378
307,2.558333,-0.009936,0.397619,0.029718,0.917016,-216.387909,92.204956,84.034729
308,2.566667,-0.009968,0.397632,0.029728,0.917009,-216.386200,92.204132,84.034950
309,2.575000,-0.010105,0.397606,0.029765,0.917018,-216.384308,92.204765,84.035233
310,2.583333,-0.009970,0.397578,0.029719,0.917033,-216.382019,92.204498,84.036438
311,2.591667,-0.009985,0.397554,0.029743,0.917042,-216.380692,92.205376,84.036339
312,2.600000,-0.009943,0.397644,0.029867,0.917000,-216.378906,92.207161,84.034813
313,2.608333,-0.009882,0.397581,0.029821,0.917029,-216.378143,92.207047,84.035263
314,2.616667,-0.009951,0.397588,0.029807,0.917026,-216.378647,92.207329,84.034958
315,2.625000,-0.009892,0.397593,0.029847,0.917023,-216.379288,92.207703,84.034225
316,2.633333,-0.009927,0.397610,0.029880,0.917014,-216.380493,92.207527,84.033272
317,2.641667,-0.009941,0.397600,0.029865,0.917019,-216.381790,92.205841,84.032661
318,2.650000,-0.010045,0.397559,0.029820,0.917037,-216.383667,92.205902,84.032463
319,2.658333,-0.010176,0.397637,0.029825,0.917001,-216.385986,92.205391,84.032066
320,2.666667,-0.010038,0.397607,0.029647,0.917022,-216.387131,92.203896,84.032074
321,2.675000,-0.009970,0.397632,0.029805,0.917007,-216.388840,92.204597,84.031967
322,2.683333,-0.009879,0.397620,0.029707,0.917016,-216.389511,92.205223,84.033455
323,2.691667,-0.009960,0.397611,0.029841,0.917015,-216.389282,92.205124,84.033119
324,2.700000,-0.009883,0.397608,0.029702,0.917021,-216.387680,92.204956,84.033646
325,2.708333,-0.009906,0.397639,0.029700,0.917007,-216.386551,92.204987,84.034798
326,2.716667,-0.010048,0.397617,0.029733,0.917015,-216.385361,92.205345,84.034904
327,2.725000,-0.009968,0.397619,0.029759,0.917014,-216.383286,92.204987,84.035347
328,2.733333,-0.009944,0.397614,0.029767,0.917016,-216.381836,92.206078,84.035637
329,2.741667,-0.009935,0.397587,0.029804,0.917027,-216.380264,92.205704,84.035591
330,2.750000,-0.009980,0.397583,0.029707,0.917031,-216.378967,92.205551,84.035538
331,2.758333,-0.010088,0.397612,0.029806,0.917014,-216.379242,92.206108,84.034859
332,2.766667,-0.009932,0.397594,0.029739,0.917026,-216.378860,92.206108,84.034813
333,2.775000,-0.009862,0.397630,0.029743,0.917011,-216.379257,92.205742,84.034393
334,2.783333,-0.009882,0.397630,0.029600,0.917015,-216.380783,92.206276,84.033218
335,2.791667,-0.009827,0.397658,0.029796,0.916997,-216.382477,92.205757,84.032616
336,2.800000,-0.009910,0.397619,0.029871,0.917011,-216.384537,92.206612,84.032654
337,2.808333,-0.009930,0.397581,0.029769,0.917030,-216.385147,92.204735,84.032509
338,2.816667,-0.010007,0.397570,0.029663,0.917038,-216.387146,92.204094,84.031998
339,2.825000,-0.010011,0.397632,0.029715,0.917009,-216.388077,92.204849,84.031746
340,2.833333,-0.009982,0.397593,0.029705,0.917026,-216.388519,92.205246,84.032967
341,2.841667,-0.009974,0.397572,0.029774,0.917034,-216.387909,92.205147,84.033455
342,2.850000,-0.009882,0.397627,0.029680,0.917014,-216.386795,92.205109,84.034256
343,2.858333,-0.009824,0.397619,0.029735,0.917016,-216.386246,92.205544,84.035225
344,2.866667,-0.009982,0.397590,0.029775,0.917026,-216.385025,92.206161,84.035309
345,2.875000,-0.009917,0.397628,0.029716,0.917012,-216.382645,92.205589,84.035309
346,2.883333,-0.009956,0.397610,0.029685,0.917020,-216.381363,92.205383,84.036316
347,2.891667,-0.010048,0.397591,0.029775,0.917025,-216.380005,92.205719,84.035988
348,2.900000,-0.009891,0.397590,0.029802,0.917026,-216.379028,92.207176,84.035576
349,2.908333,-0.009845,0.397611,0.029813,0.917017,-216.378113,92.206039,84.035484
350,2.916667,-0.009966,0.397645,0.029738,0.917003,-216.379303,92.206856,84.034775
351,2.925000,-0.009970,0.397626,0.029751,0.917011,-216.380020,92.205765,84.034050
352,2.933333,-0.010039,0.397630,0.029822,0.917006,-216.381363,92.206711,84.032745
353,2.941667,-0.009990,0.397599,0.029761,0.917022,-216.382462,92.206848,84.032944
354,2.950000,-0.009945,0.397571,0.029880,0.917031,-216.384048,92.207512,84.032211
355,2.958333,-0.009818,0.397577,0.029924,0.917028,-216.384842,92.206184,84.031334
356,2.966667,-0.009752,0.397615,0.029758,0.917018,-216.386368,92.206261,84.031982
357,2.975000,-0.009830,0.397603,0.029879,0.917018,-216.387894,92.206329,84.031906
358,2.983333,-0.009912,0.397605,0.029778,0.917020,-216.387772,92.205490,84.032059
359,2.991667,-0.010007,0.397625,0.029735,0.917011,-216.387527,92.205070,84.033646
360,3.000000,-0.009953,0.397633,0.029742,0.917008,-216.387314,92.205788,84.034439
361,3.008333,-0.009920,0.397629,0.029730,0.917011,-216.385620,92.205826,84.034943
362,3.016667,-0.009962,0.397594,0.029774,0.917024,-216.383820,92.206284,84.034958
363,3.025000,-0.009857,0.397562,0.029820,0.917038,-216.382462,92.206779,84.035645
364,3.033333,-0.009924,0.397563,0.029795,0.917037,-216.381027,92.206345,84.035896
365,3.041667,-0.009901,0.397573,0.029823,0.917032,-216.379791,92.205856,84.035416
366,3.050000,-0.009864,0.397626,0.029863,0.917008,-216.379135,92.206093,84.035873
367,3.058333,-0.009783,0.397611,0.029815,0.917017,-216.378601,92.206337,84.035385
368,3.066667,-0.009904,0.397602,0.029765,0.917021,-216.379547,92.207451,84.034714
369,3.075000,-0.009921,0.397592,0.029781,0.917025,-216.380051,92.205879,84.034241
370,3.083333,-0.009892,0.397589,0.029745,0.917028,-216.380951,92.205521,84.032356
371,3.091667,-0.009894,0.397600,0.029680,0.917025,-216.382416,92.205101,84.032036
372,3.100000,-0.009934,0.397601,0.029726,0.917023,-216.384262,92.206238,84.031967
373,3.108333,-0.009823,0.397615,0.029761,0.917017,-216.385651,92.205879,84.032242
374,3.116667,-0.009816,0.397625,0.029758,0.917013,-216.387268,92.206284,84.031998
375,3.125000,-0.009784,0.397611,0.029647,0.917023,-216.388245,92.206062,84.032448
376,3.133333,-0.009865,0.397634,0.029732,0.917009,-216.388031,92.206062,84.032860
377,3.141667,-0.009947,0.397592,0.029727,0.917027,-216.387131,92.205498,84.033112
378,3.150000,-0.009986,0.397590,0.029754,0.917026,-216.385788,92.206078,84.033684
379,3.158333,-0.009916,0.397606,0.029744,0.917020,-216.384857,92.205956,84.035332
380,3.166667,-0.009876,0.397587,0.029820,0.917027,-216.383224,92.205795,84.035370
381,3.175000,-0.009944,0.397606,0.029740,0.917020,-216.381577,92.205399,84.035217
382,3.183333,-0.009906,0.397622,0.029752,0.917013,-216.380356,92.204872,84.035599
383,3.191667,-0.009977,0.397599,0.029784,0.917021,-216.379623,92.205925,84.035400
384,3.200000,-0.009948,0.397559,0.029799,0.917039,-216.378967,92.206039,84.035446
385,3.208333,-0.009836,0.397622,0.029708,0.917016,-216.378860,92.205688,84.036186
386,3.216667,-0.009807,0.397646,0.029791,0.917003,-216.379761,92.206711,84.035149
387,3.225000,-0.009799,0.397614,0.029736,0.917019,-216.380402,92.207413,84.035912
388,3.233333,-0.009749,0.397611,0.029755,0.917019,-216.380615,92.206924,84.035423
389,3.241667,-0.009801,0.397635,0.029800,0.917007,-216.382080,92.207047,84.035835
390,3.250000,-0.009748,0.397647,0.029877,0.917000,-216.383392,92.207054,84.034851
391,3.258333,-0.009932,0.397651,0.029733,0.917001,-216.384811,92.206688,84.033760
392,3.266667,-0.009944,0.397617,0.029742,0.917015,-216.384628,92.205391,84.031448
393,3.275000,-0.009957,0.397642,0.029823,0.917002,-216.383484,92.204872,84.030067
394,3.283333,-0.009852,0.397646,0.029735,0.917004,-216.381485,92.204201,84.032288
395,3.291667,-0.009742,0.397705,0.029540,0.916986,-216.378265,92.204384,84.037872
396,3.300000,-0.009578,0.397824,0.029524,0.916937,-216.373413,92.204720,84.047119
397,3.308333,-0.009399,0.398029,0.029415,0.916853,-216.368561,92.203918,84.059944
398,3.316667,-0.009259,0.398178,0.029194,0.916797,-216.364639,92.205147,84.076538
399,3.325000,-0.008788,0.398394,0.029201,0.916708,-216.361237,92.206009,84.091736
400,3.333333,-0.008307,0.398519,0.029218,0.916657,-216.360123,92.208527,84.108742
401,3.341667,-0.008055,0.398635,0.028954,0.916617,-216.357544,92.205879,84.127029
402,3.350000,-0.007911,0.398617,0.028827,0.916630,-216.355774,92.206779,84.143486
403,3.358333,-0.007545,0.398608,0.028828,0.916637,-216.351349,92.204742,84.162163
404,3.366667,-0.006686,0.398641,0.029189,0.916618,-216.344025,92.204620,84.187851
405,3.375000,-0.004856,0.398594,0.028613,0.916668,-216.333557,92.197487,84.217575
406,3.383333,-0.003323,0.398870,0.028100,0.916571,-216.325897,92.191574,84.242317
407,3.391667,-0.001957,0.399018,0.027229,0.916537,-216.310974,92.186371,84.266945
408,3.400000,-0.000678,0.398975,0.026615,0.916575,-216.285797,92.185165,84.294754
409,3.408333,0.000413,0.399132,0.026396,0.916514,-216.258057,92.186623,84.321938
410,3.416667,0.001483,0.399399,0.026257,0.916400,-216.235992,92.188606,84.343559
411,3.425000,0.002254,0.399277,0.026599,0.916442,-216.229965,92.185074,84.360558
412,3.433333,0.002671,0.399288,0.026301,0.916444,-216.219513,92.185822,84.374702
413,3.441667,0.003161,0.399296,0.026175,0.916443,-216.213608,92.188347,84.388237
414,3.450000,0.003544,0.399206,0.026247,0.916479,-216.214706,92.191505,84.400101
415,3.458333,0.003760,0.399083,0.026463,0.916525,-216.218521,92.195717,84.410294
416,3.466667,0.003972,0.399073,0.026460,0.916529,-216.221497,92.196075,84.419861
417,3.475000,0.004002,0.399148,0.026234,0.916502,-216.221283,92.196175,84.425049
418,3.483333,0.004061,0.399236,0.026108,0.916467,-216.219086,92.196411,84.431366
419,3.491667,0.004272,0.399289,0.026209,0.916441,-216.214493,92.196686,84.439133
420,3.500000,0.004440,0.399224,0.026406,0.916462,-216.210220,92.197243,84.448914
421,3.508333,0.004827,0.398933,0.027767,0.916547,-216.193848,92.190208,84.448860
422,3.516667,0.005453,0.398381,0.029778,0.916721,-216.198303,92.175674,84.454353
423,3.525000,0.005585,0.398606,0.028774,0.916654,-216.196991,92.189621,84.472870
424,3.533333,0.005705,0.398672,0.028394,0.916636,-216.210144,92.195930,84.492302
425,3.541667,0.005523,0.398921,0.027806,0.916547,-216.217804,92.201904,84.503464
426,3.550000,0.005123,0.398835,0.027777,0.916588,-216.226318,92.210869,84.514023
427,3.558333,0.004811,0.398883,0.027671,0.916572,-216.231949,92.216835,84.516014
428,3.566667,0.004586,0.399137,0.027224,0.916475,-216.236252,92.218742,84.508209
429,3.575000,0.004490,0.399329,0.026747,0.916406,-216.243286,92.217812,84.492058
430,3.583333,0.004065,0.399440,0.026001,0.916381,-216.254089,92.214645,84.468117
431,3.591667,0.003740,0.398838,0.027859,0.916591,-216.249680,92.189972,84.411835
432,3.600000,0.002590,0.399042,0.027331,0.916521,-216.258194,92.192390,84.378883
433,3.608333,0.001476,0.399128,0.027101,0.916493,-216.268295,92.193092,84.348938
434,3.616667,0.000712,0.399085,0.026950,0.916517,-216.277664,92.192657,84.328819
435,3.625000,0.000874,0.399051,0.027106,0.916528,-216.285614,92.191307,84.327950
436,3.633333,0.001920,0.398879,0.027640,0.916585,-216.291641,92.195992,84.357300
437,3.641667,0.002845,0.398737,0.028515,0.916617,-216.293594,92.220398,84.378555
438,3.650000,0.003557,0.398875,0.029164,0.916535,-216.286606,92.258369,84.398438
439,3.658333,0.005146,0.398839,0.029731,0.916524,-216.278809,92.312515,84.416954
440,3.666667,0.003855,0.398260,0.031269,0.916731,-216.272232,92.378113,84.433571
441,3.675000,0.002891,0.398030,0.030824,0.916850,-216.265457,92.443069,84.441032
442,3.683333,0.001974,0.398117,0.029915,0.916844,-216.263229,92.504524,84.452843
443,3.691667,0.001431,0.398188,0.029678,0.916823,-216.262222,92.556648,84.467865
444,3.700000,0.001353,0.398095,0.029396,0.916872,-216.261795,92.605553,84.485161
445,3.708333,0.001826,0.398073,0.028839,0.916898,-216.262466,92.659370,84.499649
446,3.716667,0.002426,0.397918,0.029032,0.916958,-216.276459,92.708939,84.506866
447,3.725000,0.002981,0.398174,0.028589,0.916860,-216.272263,92.759064,84.509506
448,3.733333,0.003007,0.398606,0.027926,0.916692,-216.267578,92.807198,84.518089
449,3.741667,0.002680,0.398717,0.028191,0.916637,-216.261841,92.855659,84.525070
450,3.750000,0.001921,0.398587,0.028723,0.916679,-216.257736,92.907112,84.532173
451,3.758333,0.001125,0.398407,0.028528,0.916764,-216.252090,92.958717,84.540230
452,3.766667,0.001061,0.398099,0.029640,0.916863,-216.250961,93.032860,84.544647
453,3.775000,0.000556,0.397816,0.029765,0.916982,-216.243530,93.097389,84.546951
454,3.783333,-0.000242,0.397957,0.028937,0.916947,-216.240402,93.160469,84.546654
455,3.791667,-0.000525,0.398482,0.027902,0.916751,-216.241592,93.217125,84.547951
456,3.800000,-0.000081,0.399063,0.026585,0.916538,-216.243774,93.277924,84.549835
457,3.808333,0.000496,0.399392,0.025980,0.916412,-216.243454,93.337044,84.549225
458,3.816667,0.000323,0.399456,0.026299,0.916375,-216.240982,93.397560,84.547485
459,3.825000,-0.000321,0.399349,0.026369,0.916420,-216.237671,93.458405,84.548981
460,3.833333,-0.001045,0.399301,0.026104,0.916448,-216.235565,93.511841,84.556656
461,3.841667,-0.002115,0.399297,0.026917,0.916424,-216.234451,93.567688,84.560997
462,3.850000,-0.002922,0.399145,0.027468,0.916472,-216.230682,93.619080,84.564415
463,3.858333,-0.003590,0.398975,0.027344,0.916547,-216.230728,93.666092,84.567177
464,3.866667,-0.003736,0.398910,0.027091,0.916582,-216.233414,93.709717,84.574371
465,3.875000,-0.003280,0.399005,0.026631,0.916556,-216.236633,93.751076,84.579170
466,3.883333,-0.003219,0.399241,0.025858,0.916476,-216.240189,93.797165,84.579140
467,3.891667,-0.002985,0.399452,0.025135,0.916404,-216.240829,93.848137,84.578667
468,3.900000,-0.002720,0.399444,0.024690,0.916421,-216.240173,93.904831,84.580032
469,3.908333,-0.002387,0.399047,0.025063,0.916585,-216.246002,93.958374,84.581032
470,3.916667,-0.002648,0.398988,0.024667,0.916620,-216.235687,94.016396,84.578346
471,3.925000,-0.004264,0.398847,0.025299,0.916658,-216.230820,94.088593,84.580933
472,3.933333,-0.005530,0.398800,0.025645,0.916663,-216.222855,94.154877,84.582230
473,3.941667,-0.006499,0.398954,0.026062,0.916578,-216.214996,94.209656,84.580254
474,3.950000,-0.007267,0.399192,0.025842,0.916474,-216.210754,94.260704,84.575150
475,3.958333,-0.007887,0.399420,0.025111,0.916390,-216.208618,94.311432,84.564171
476,3.966667,-0.008529,0.399597,0.023966,0.916338,-216.206482,94.362869,84.553291
477,3.975000,-0.009025,0.399429,0.023528,0.916418,-216.214828,94.409637,84.542160
478,3.983333,-0.009958,0.399745,0.021719,0.916315,-216.211227,94.473610,84.536140
479,3.991667,-0.010528,0.399848,0.020956,0.916281,-216.207748,94.532295,84.532097
480,4.000000,-0.010784,0.399860,0.020935,0.916273,-216.205551,94.588181,84.529129
481,4.008333,-0.011610,0.399742,0.022423,0.916280,-216.204697,94.645676,84.528038
482,4.016667,-0.012045,0.399491,0.023577,0.916355,-216.200974,94.692566,84.528915
483,4.025000,-0.012171,0.399400,0.023733,0.916389,-216.200806,94.735626,84.527390
484,4.033333,-0.012376,0.399472,0.023309,0.916365,-216.199524,94.774933,84.524384
485,4.041667,-0.012538,0.399686,0.022410,0.916293,-216.197723,94.812164,84.515343
486,4.050000,-0.012805,0.399969,0.021614,0.916184,-216.195633,94.845512,84.508377
487,4.058333,-0.013176,0.399865,0.021379,0.916230,-216.203217,94.874649,84.500175
488,4.066667,-0.014051,0.400008,0.020779,0.916168,-216.192932,94.916527,84.492569
489,4.075000,-0.014783,0.400229,0.020519,0.916066,-216.181396,94.956932,84.488495
490,4.083333,-0.015233,0.400350,0.020764,0.916000,-216.172531,94.995338,84.487465
491,4.091667,-0.015465,0.400281,0.021117,0.916019,-216.166809,95.029297,84.484489
492,4.100000,-0.015893,0.400185,0.021179,0.916052,-216.165848,95.063187,84.477707
493,4.108333,-0.016390,0.400109,0.020939,0.916082,-216.164917,95.092606,84.472427
494,4.116667,-0.016853,0.400200,0.020644,0.916041,-216.163589,95.123688,84.468597
495,4.125000,-0.017735,0.400292,0.021325,0.915968,-216.160294,95.161102,84.466820
496,4.133333,-0.018220,0.400398,0.021689,0.915904,-216.152100,95.192596,84.467728
497,4.141667,-0.018670,0.400517,0.022004,0.915835,-216.142899,95.221291,84.468117
498,4.150000,-0.018861,0.400567,0.021987,0.915809,-216.136292,95.244270,84.470879
499,4.158333,-0.018964,0.400656,0.022006,0.915768,-216.133148,95.262543,84.473267
500,4.166667,-0.018792,0.400468,0.022451,0.915843,-216.144348,95.272324,84.476784
501,4.175000,-0.018648,0.400541,0.022134,0.915822,-216.147751,95.287659,84.481750
502,4.183333,-0.018515,0.400751,0.021496,0.915748,-216.140411,95.305412,84.478943
503,4.191667,-0.018561,0.401039,0.020806,0.915637,-216.136887,95.331566,84.476990
504,4.200000,-0.018459,0.401137,0.020474,0.915603,-216.134293,95.360565,84.475533
505,4.208333,-0.018342,0.401081,0.020479,0.915630,-216.131424,95.391411,84.473770
506,4.216667,-0.018418,0.400987,0.020716,0.915664,-216.127533,95.422905,84.472672
507,4.225000,-0.018618,0.400933,0.020576,0.915687,-216.123032,95.453781,84.472183
508,4.233333,-0.018518,0.401116,0.020225,0.915617,-216.117264,95.480438,84.470825
509,4.241667,-0.018233,0.401265,0.020023,0.915561,-216.112259,95.501778,84.469299
510,4.250000,-0.017833,0.401384,0.019769,0.915523,-216.109253,95.519348,84.469330
511,4.258333,-0.017501,0.401433,0.019605,0.915511,-216.108948,95.536392,84.467110
512,4.266667,-0.017257,0.401492,0.019496,0.915492,-216.111282,95.553032,84.465775
513,4.275000,-0.017022,0.401558,0.019453,0.915469,-216.112991,95.570885,84.463692
514,4.283333,-0.016543,0.401633,0.019420,0.915446,-216.112564,95.591225,84.459862
515,4.291667,-0.016633,0.401535,0.019616,0.915482,-216.111832,95.616356,84.455635
516,4.300000,-0.016830,0.401632,0.019479,0.915439,-216.107727,95.639534,84.453606
517,4.308333,-0.017111,0.401940,0.019220,0.915305,-216.104080,95.665161,84.450882
518,4.316667,-0.018527,0.402132,0.020540,0.915164,-216.100281,95.699020,84.449326
519,4.325000,-0.019384,0.401997,0.021052,0.915194,-216.089798,95.723595,84.452293
520,4.333333,-0.020074,0.401909,0.021304,0.915212,-216.083389,95.745064,84.457870
521,4.341667,-0.020420,0.401796,0.021170,0.915257,-216.083115,95.763077,84.462921
522,4.350000,-0.020920,0.401760,0.020718,0.915272,-216.088821,95.783386,84.461487
523,4.358333,-0.021104,0.401720,0.020242,0.915296,-216.093796,95.798492,84.458389
524,4.366667,-0.021255,0.401776,0.019693,0.915280,-216.097717,95.811745,84.455505
525,4.375000,-0.021344,0.401794,0.019277,0.915278,-216.098907,95.826523,84.453148
526,4.383333,-0.021292,0.401884,0.019075,0.915244,-216.096710,95.841476,84.449966
527,4.391667,-0.021315,0.401953,0.018927,0.915217,-216.092438,95.855064,84.446754
528,4.400000,-0.021173,0.402046,0.018901,0.915180,-216.082809,95.865997,84.446114
529,4.408333,-0.021061,0.402163,0.018686,0.915135,-216.070221,95.886185,84.440849
530,4.416667,-0.021105,0.402195,0.018337,0.915127,-216.053741,95.915833,84.429482
531,4.425000,-0.021263,0.402201,0.017917,0.915129,-216.033478,95.963959,84.414207
532,4.433333,-0.022202,0.402335,0.017642,0.915053,-216.013962,96.027481,84.402229
533,4.441667,-0.023402,0.402932,0.017589,0.914762,-215.989975,96.104614,84.391441
534,4.450000,-0.024582,0.403429,0.016675,0.914529,-215.964722,96.179352,84.383141
535,4.458333,-0.026322,0.403724,0.017270,0.914339,-215.942505,96.254051,84.372154
536,4.466667,-0.026856,0.403749,0.017781,0.914303,-215.918304,96.309669,84.369186
537,4.475000,-0.027136,0.403712,0.018099,0.914305,-215.908081,96.354691,84.366013
538,4.483333,-0.027214,0.403747,0.018162,0.914285,-215.910797,96.392090,84.361221
539,4.491667,-0.027684,0.403758,0.017362,0.914282,-215.922363,96.429153,84.352333
540,4.500000,-0.028098,0.403763,0.016437,0.914284,-215.935089,96.461670,84.341171
541,4.508333,-0.028314,0.403826,0.015588,0.914265,-215.943939,96.491104,84.329437
542,4.516667,-0.028462,0.403909,0.014937,0.914234,-215.945557,96.516853,84.321846
543,4.525000,-0.028639,0.404049,0.014502,0.914174,-215.943558,96.543663,84.317291
544,4.533333,-0.029080,0.404159,0.014165,0.914117,-215.940887,96.565376,84.311142
545,4.541667,-0.029442,0.404242,0.013931,0.914072,-215.942566,96.583519,84.305450
546,4.550000,-0.029773,0.404296,0.013703,0.914041,-215.947052,96.599190,84.300468
547,4.558333,-0.029806,0.404298,0.013537,0.914041,-215.953308,96.608154,84.296417
548,4.566667,-0.029877,0.404295,0.013389,0.914042,-215.959351,96.613159,84.292290
549,4.575000,-0.029899,0.404229,0.013479,0.914070,-215.963058,96.615562,84.289238
550,4.583333,-0.030046,0.404209,0.013400,0.914075,-215.963272,96.617989,84.287109
551,4.591667,-0.030183,0.404201,0.013394,0.914074,-215.962402,96.619209,84.288429
552,4.600000,-0.030188,0.404202,0.013439,0.914073,-215.960266,96.617828,84.290894
553,4.608333,-0.029958,0.404215,0.013484,0.914074,-215.956787,96.612236,84.295113
554,4.616667,-0.029942,0.404220,0.013563,0.914071,-215.955475,96.609573,84.298393
555,4.625000,-0.029955,0.404237,0.013339,0.914066,-215.953857,96.608017,84.298347
556,4.633333,-0.029998,0.404243,0.013418,0.914061,-215.952347,96.612083,84.299477
557,4.641667,-0.030069,0.404217,0.013518,0.914069,-215.949936,96.615723,84.300049
558,4.650000,-0.030054,0.404233,0.013534,0.914062,-215.947342,96.617065,84.300339
559,4.658333,-0.030037,0.404263,0.013532,0.914049,-215.945786,96.616676,84.301338
560,4.666667,-0.029959,0.404226,0.013532,0.914068,-215.946533,96.614433,84.304199
561,4.675000,-0.029989,0.404307,0.013579,0.914031,-215.948959,96.613914,84.302673
562,4.683333,-0.030131,0.404243,0.013430,0.914056,-215.953064,96.613419,84.298637
563,4.691667,-0.030105,0.404283,0.013388,0.914041,-215.956497,96.614609,84.294647
564,4.700000,-0.030210,0.404255,0.013478,0.914048,-215.959717,96.616821,84.290359
565,4.708333,-0.030078,0.404207,0.013321,0.914076,-215.960831,96.616104,84.289719
566,4.716667,-0.030004,0.404211,0.013477,0.914074,-215.962738,96.615845,84.289757
567,4.725000,-0.029923,0.404162,0.013449,0.914099,-215.963501,96.613899,84.291183
568,4.733333,-0.029972,0.404154,0.013458,0.914101,-215.964081,96.611824,84.291641
569,4.741667,-0.030085,0.404204,0.013399,0.914076,-215.964218,96.612480,84.290359
570,4.750000,-0.030026,0.404207,0.013322,0.914077,-215.962173,96.612946,84.290054
571,4.758333,-0.030189,0.404163,0.013205,0.914093,-215.960266,96.615089,84.291573
572,4.766667,-0.030025,0.404221,0.013319,0.914072,-215.957062,96.615097,84.294930
573,4.775000,-0.030122,0.404227,0.013369,0.914065,-215.953537,96.613358,84.296638
574,4.783333,-0.030227,0.404195,0.013382,0.914075,-215.951675,96.610870,84.299156
575,4.791667,-0.030314,0.404165,0.013285,0.914087,-215.950058,96.610039,84.300766
576,4.800000,-0.030627,0.404170,0.013250,0.914075,-215.948822,96.610268,84.299774
577,4.808333,-0.031255,0.404089,0.013149,0.914091,-215.947632,96.609375,84.297951
578,4.816667,-0.032271,0.403923,0.012970,0.914132,-215.946243,96.605499,84.294876
579,4.825000,-0.033545,0.403758,0.012633,0.914163,-215.945557,96.598534,84.292587
580,4.833333,-0.034454,0.403667,0.012311,0.914174,-215.947311,96.592270,84.289619
581,4.841667,-0.034663,0.403594,0.012285,0.914199,-215.949875,96.591011,84.288818
582,4.850000,-0.034688,0.403406,0.012259,0.914281,-215.949493,96.588913,84.286919
583,4.858333,-0.034448,0.403417,0.012389,0.914284,-215.951996,96.591934,84.285233
584,4.866667,-0.034266,0.403435,0.012385,0.914282,-215.953369,96.593620,84.283737
585,4.875000,-0.034225,0.403451,0.012302,0.914278,-215.954239,96.594116,84.283897
586,4.883333,-0.034255,0.403454,0.012430,0.914274,-215.953995,96.593750,84.283676
587,4.891667,-0.034545,0.403411,0.012327,0.914283,-215.952164,96.591446,84.285294
588,4.900000,-0.034547,0.403430,0.012344,0.914275,-215.949829,96.590782,84.286461
589,4.908333,-0.034606,0.403428,0.012371,0.914273,-215.947342,96.592438,84.287659
590,4.916667,-0.034435,0.403412,0.012430,0.914286,-215.944794,96.593163,84.289658
591,4.925000,-0.034405,0.403418,0.012464,0.914284,-215.942764,96.594795,84.291039
592,4.933333,-0.034560,0.403404,0.012375,0.914285,-215.940552,96.593765,84.292725
593,4.941667,-0.034537,0.403466,0.012399,0.914259,-215.939285,96.593567,84.293800
594,4.950000,-0.034790,0.403375,0.012427,0.914289,-215.938324,96.592026,84.295441
595,4.958333,-0.034771,0.403367,0.012357,0.914294,-215.938705,96.591255,84.295639
596,4.966667,-0.034831,0.403384,0.012328,0.914285,-215.939957,96.590439,84.294930
597,4.975000,-0.034707,0.403454,0.012418,0.914257,-215.942123,96.592720,84.292244
598,4.983333,-0.034592,0.403464,0.012371,0.914258,-215.943665,96.594200,84.290314
599,4.991667,-0.034546,0.403490,0.012212,0.914250,-215.945557,96.592194,84.288795
600,5.000000,-0.034567,0.403454,0.012255,0.914265,-215.948135,96.592148,84.287903
601,5.008333,-0.034543,0.403401,0.012336,0.914288,-215.949875,96.592178,84.286659
602,5.016667,-0.034662,0.403358,0.012560,0.914299,-215.951721,96.593864,84.285835
603,5.025000,-0.034479,0.403348,0.012565,0.914310,-215.952332,96.594963,84.284401
604,5.033333,-0.034606,0.403384,0.012410,0.914292,-215.952606,96.593872,84.283813
605,5.041667,-0.034419,0.403419,0.012409,0.914284,-215.951447,96.592239,84.284157
606,5.050000,-0.034342,0.403420,0.012391,0.914286,-215.950058,96.592278,84.285896
607,5.058333,-0.034412,0.403436,0.012319,0.914278,-215.947479,96.590675,84.287628
608,5.066667,-0.034599,0.403407,0.012373,0.914283,-215.945145,96.591606,84.289345
609,5.075000,-0.034516,0.403446,0.012368,0.914268,-215.941971,96.591614,84.291656
610,5.083333,-0.034479,0.403418,0.012369,0.914283,-215.940308,96.592728,84.292892
611,5.091667,-0.034627,0.403430,0.012219,0.914274,-215.938660,96.592445,84.293655
612,5.100000,-0.034632,0.403448,0.012222,0.914265,-215.938278,96.593132,84.293884
613,5.108333,-0.034709,0.403420,0.012278,0.914274,-215.938522,96.593315,84.294777
614,5.116667,-0.034726,0.403367,0.012436,0.914295,-215.938904,96.593399,84.294792
615,5.125000,-0.034644,0.403381,0.012503,0.914290,-215.940384,96.593819,84.293816
616,5.133333,-0.034644,0.403370,0.012393,0.914297,-215.942566,96.593460,84.291573
617,5.141667,-0.034679,0.403364,0.012358,0.914299,-215.945816,96.593567,84.289520
618,5.150000,-0.034659,0.403407,0.012279,0.914282,-215.948059,96.592674,84.286736
619,5.158333,-0.034466,0.403514,0.012363,0.914240,-215.951035,96.593445,84.284622
620,5.166667,-0.034493,0.403479,0.012274,0.914256,-215.952042,96.592072,84.284622
621,5.175000,-0.034373,0.403428,0.012330,0.914283,-215.952332,96.591415,84.284920
622,5.183333,-0.034375,0.403453,0.012395,0.914271,-215.952560,96.592590,84.284645
623,5.191667,-0.034432,0.403428,0.012319,0.914280,-215.950821,96.592041,84.284142
624,5.200000,-0.034452,0.403460,0.012391,0.914265,-215.949829,96.592278,84.285629
625,5.208333,-0.034468,0.403425,0.012229,0.914282,-215.946548,96.590187,84.287773
626,5.216667,-0.034416,0.403461,0.012214,0.914268,-215.944366,96.591408,84.289047
627,5.225000,-0.034555,0.403444,0.012296,0.914269,-215.941406,96.591713,84.291565
628,5.233333,-0.034727,0.403433,0.012437,0.914265,-215.938919,96.591812,84.292892
629,5.241667,-0.034740,0.403393,0.012428,0.914283,-215.937927,96.593193,84.294563
630,5.250000,-0.034698,0.403400,0.012377,0.914282,-215.937180,96.592812,84.294464
631,5.258333,-0.034546,0.403403,0.012474,0.914285,-215.938919,96.594467,84.295143
632,5.266667,-0.034518,0.403370,0.012363,0.914302,-215.939926,96.593681,84.294487
633,5.275000,-0.034624,0.403365,0.012437,0.914299,-215.942245,96.593590,84.292725
634,5.283333,-0.034715,0.403365,0.012436,0.914296,-215.944214,96.592361,84.291939
635,5.291667,-0.034607,0.403412,0.012353,0.914280,-215.946655,96.592880,84.289078
636,5.300000,-0.034315,0.403464,0.012354,0.914269,-215.949326,96.593170,84.287224
637,5.308333,-0.034377,0.403472,0.012348,0.914262,-215.950363,96.592178,84.285248
638,5.316667,-0.034372,0.403483,0.012163,0.914260,-215.951569,96.591904,84.283524
639,5.325000,-0.034395,0.403532,0.012251,0.914237,-215.951782,96.591705,84.283073
640,5.333333,-0.034384,0.403549,0.012400,0.914228,-215.950989,96.592621,84.284157
641,5.341667,-0.034567,0.403436,0.012383,0.914271,-215.949036,96.591248,84.285004
642,5.350000,-0.034604,0.403449,0.012232,0.914266,-215.948074,96.592331,84.286201
643,5.358333,-0.034489,0.403488,0.012202,0.914253,-215.946548,96.592743,84.287399
644,5.366667,-0.034349,0.403510,0.012212,0.914249,-215.945221,96.596458,84.289490
645,5.375000,-0.034494,0.403420,0.012143,0.914284,-215.943314,96.599304,84.292290
646,5.383333,-0.034574,0.403655,0.012183,0.914176,-215.944962,96.605354,84.292511
647,5.391667,-0.034644,0.403732,0.012165,0.914140,-215.946274,96.611252,84.294556
648,5.400000,-0.034891,0.403659,0.012101,0.914164,-215.946991,96.618622,84.296974
649,5.408333,-0.035067,0.403648,0.012112,0.914162,-215.948608,96.627754,84.300385
650,5.416667,-0.035292,0.403586,0.011946,0.914183,-215.949921,96.635292,84.303406
651,5.425000,-0.035367,0.403583,0.011896,0.914182,-215.952271,96.643524,84.308662
652,5.433333,-0.035621,0.403611,0.012078,0.914157,-215.954514,96.650818,84.316383
653,5.441667,-0.035473,0.403570,0.012091,0.914181,-215.955215,96.658424,84.326187
654,5.450000,-0.035498,0.403523,0.012151,0.914200,-215.955185,96.667465,84.338608
655,5.458333,-0.035369,0.403524,0.012257,0.914203,-215.954681,96.676003,84.349785
656,5.466667,-0.035387,0.403406,0.012306,0.914254,-215.954041,96.684563,84.363731
657,5.475000,-0.035809,0.403289,0.012441,0.914287,-215.952728,96.691803,84.378304
658,5.483333,-0.035969,0.403116,0.012617,0.914355,-215.948792,96.694809,84.395935
659,5.491667,-0.035266,0.403207,0.013104,0.914335,-215.947144,96.699730,84.421066
660,5.500000,-0.035026,0.402922,0.013590,0.914463,-215.941711,96.701866,84.448471
661,5.508333,-0.035307,0.402720,0.013740,0.914539,-215.936996,96.706406,84.472343
662,5.516667,-0.035850,0.402677,0.013663,0.914538,-215.932129,96.712425,84.490166
663,5.525000,-0.036101,0.402711,0.013537,0.914515,-215.926987,96.719429,84.506668
664,5.533333,-0.036454,0.402741,0.013041,0.914495,-215.923996,96.725700,84.523865
665,5.541667,-0.036349,0.402796,0.012718,0.914479,-215.923492,96.730865,84.545845
666,5.550000,-0.036269,0.402924,0.012221,0.914433,-215.924530,96.734169,84.570808
667,5.558333,-0.036457,0.403067,0.011827,0.914368,-215.925186,96.730896,84.598717
668,5.566667,-0.036418,0.403088,0.011571,0.914363,-215.923477,96.718307,84.634377
669,5.575000,-0.035932,0.403157,0.011636,0.914351,-215.923859,96.703896,84.675232
670,5.583333,-0.035332,0.403099,0.012188,0.914393,-215.924713,96.684875,84.716759
671,5.591667,-0.034712,0.402993,0.012859,0.914454,-215.924713,96.664879,84.755272
672,5.600000,-0.034271,0.402981,0.013581,0.914465,-215.921356,96.637680,84.797913
673,5.608333,-0.035383,0.402976,0.013628,0.914425,-215.917252,96.597931,84.849251
674,5.616667,-0.035936,0.402744,0.013323,0.914510,-215.917419,96.562202,84.893654
675,5.625000,-0.035937,0.403013,0.013868,0.914383,-215.917679,96.522865,84.943100
676,5.633333,-0.035361,0.403221,0.014890,0.914298,-215.907623,96.471367,85.009422
677,5.641667,-0.034060,0.402654,0.014569,0.914602,-215.895721,96.415886,85.088783
678,5.650000,-0.032077,0.402606,0.015191,0.914685,-215.894363,96.374321,85.163872
679,5.658333,-0.030259,0.402252,0.015539,0.914897,-215.891602,96.327423,85.239632
680,5.666667,-0.028645,0.402143,0.017041,0.914970,-215.884155,96.267273,85.318443
681,5.675000,-0.027623,0.401854,0.018119,0.915108,-215.876144,96.207603,85.394608
682,5.683333,-0.025296,0.401496,0.018124,0.915332,-215.869644,96.136108,85.470192
683,5.691667,-0.024596,0.401630,0.017487,0.915305,-215.862198,96.048828,85.553925
684,5.700000,-0.023926,0.402119,0.016933,0.915118,-215.855911,95.966431,85.632866
685,5.708333,,,,,,,
686,5.716667,-0.024691,0.402901,0.016958,0.914753,-215.857513,95.833984,85.778847
687,5.725000,-0.025526,0.402727,0.018556,0.914776,-215.859680,95.778694,85.865616
688,5.733333,-0.021667,0.401934,0.018396,0.915227,-215.858505,95.745598,85.949524
689,5.741667,-0.019922,0.401661,0.018979,0.915375,-215.855026,95.712189,86.019997
690,5.750000,-0.020158,0.401505,0.018884,0.915440,-215.849762,95.670914,86.089287
691,5.758333,-0.020364,0.401702,0.018539,0.915356,-215.844299,95.640358,86.156799
692,5.766667,-0.020941,0.402063,0.018027,0.915195,-215.843872,95.623726,86.224312
693,5.775000,-0.022662,0.402485,0.017495,0.914979,-215.846710,95.611916,86.284691
694,5.783333,-0.024266,0.402546,0.016690,0.914926,-215.847656,95.617088,86.349663
695,5.791667,-0.025117,0.402523,0.016932,0.914909,-215.844727,95.622704,86.417519
696,5.800000,-0.025358,0.402074,0.018678,0.915066,-215.850189,95.624672,86.496666
697,5.808333,-0.024597,0.402306,0.018970,0.914978,-215.842728,95.650276,86.574760
698,5.816667,-0.025384,0.402170,0.017767,0.915041,-215.829300,95.684448,86.648209
699,5.825000,-0.026695,0.401820,0.017110,0.915170,-215.817688,95.713051,86.715027
700,5.833333,-0.027870,0.401703,0.016541,0.915196,-215.811630,95.737167,86.779861
701,5.841667,-0.028841,0.402106,0.016159,0.914996,-215.807846,95.760239,86.838501
702,5.850000,-0.030930,0.402471,0.016151,0.914767,-215.811829,95.776077,86.897568
703,5.858333,-0.033053,0.403190,0.013958,0.914413,-215.806458,95.825989,86.969826
704,5.866667,-0.034481,0.403181,0.013082,0.914377,-215.799133,95.887680,87.043106
705,5.875000,-0.036204,0.402298,0.013327,0.914696,-215.798737,95.945709,87.109207
706,5.883333,-0.035451,0.402327,0.013456,0.914710,-215.801926,96.008904,87.176041
707,5.891667,-0.035751,0.402272,0.012857,0.914732,-215.799255,96.062904,87.240616
708,5.900000,-0.036590,0.402420,0.011676,0.914649,-215.796234,96.117325,87.301376
709,5.908333,-0.038131,0.402729,0.011431,0.914453,-215.790100,96.156799,87.351555
710,5.916667,-0.039922,0.402976,0.010639,0.914277,-215.786621,96.190033,87.401184
711,5.925000,-0.043240,0.403137,0.009766,0.914065,-215.781479,96.215919,87.463036
712,5.933333,-0.044778,0.403056,0.009436,0.914030,-215.777420,96.249695,87.526596
713,5.941667,-0.046311,0.402998,0.008713,0.913987,-215.777283,96.292259,87.592026
714,5.950000,-0.047289,0.402713,0.008511,0.914064,-215.776138,96.326111,87.648903
715,5.958333,-0.048368,0.402444,0.008681,0.914125,-215.774368,96.349648,87.701752
716,5.966667,-0.046728,0.402760,0.009295,0.914065,-215.782883,96.380272,87.757004
717,5.975000,-0.046220,0.403059,0.009353,0.913958,-215.785507,96.400162,87.810646
718,5.983333,-0.046179,0.403425,0.009272,0.913800,-215.778778,96.408409,87.865494
719,5.991667,-0.046216,0.403401,0.009013,0.913811,-215.765732,96.415527,87.918892
720,6.000000,-0.045951,0.403382,0.008397,0.913839,-215.755112,96.430107,87.977150
721,6.008333,-0.045524,0.403372,0.007842,0.913869,-215.752029,96.444565,88.030334
722,6.016667,-0.045889,0.403550,0.007754,0.913773,-215.757614,96.449707,88.078506
723,6.025000,-0.046271,0.403448,0.007817,0.913798,-215.759354,96.446793,88.121384
724,6.033333,-0.046477,0.403588,0.007779,0.913727,-215.759628,96.438782,88.170929
725,6.041667,-0.047230,0.403471,0.008209,0.913736,-215.761993,96.432343,88.230362
726,6.050000,-0.047736,0.403563,0.008020,0.913670,-215.760559,96.424622,88.284271
727,6.058333,-0.048233,0.403423,0.007498,0.913711,-215.758163,96.416763,88.333122
728,6.066667,-0.048801,0.403306,0.007340,0.913734,-215.755325,96.401329,88.380989
729,6.075000,-0.049194,0.403211,0.007505,0.913753,-215.753174,96.380165,88.433456
730,6.083333,-0.049106,0.403317,0.008678,0.913701,-215.749237,96.354332,88.480774
731,6.091667,-0.048955,0.403393,0.009594,0.913666,-215.742920,96.328674,88.523987
732,6.100000,-0.048645,0.403456,0.010381,0.913646,-215.734146,96.298096,88.569550
733,6.108333,-0.047810,0.403098,0.010462,0.913847,-215.724136,96.269249,88.617958
734,6.116667,-0.046331,0.402710,0.009491,0.914105,-215.715164,96.229958,88.667328
735,6.125000,-0.045220,0.402853,0.008696,0.914106,-215.714188,96.189804,88.708107
736,6.133333,-0.044238,0.403282,0.008237,0.913969,-215.715912,96.146568,88.749435
737,6.141667,-0.044112,0.403934,0.008207,0.913687,-215.720871,96.103477,88.798943
738,6.150000,-0.044465,0.404316,0.008842,0.913495,-215.725418,96.067200,88.853134
739,6.158333,-0.044947,0.403540,0.009500,0.913808,-215.729263,96.042778,88.912628
740,6.166667,-0.045253,0.402732,0.010129,0.914142,-215.726227,96.022758,88.962746
741,6.175000,-0.045535,0.402383,0.010463,0.914278,-215.722076,96.006218,89.004898
742,6.183333,-0.045672,0.402191,0.010636,0.914354,-215.719193,95.988571,89.045563
743,6.191667,-0.045536,0.402387,0.011389,0.914266,-215.716248,95.965446,89.093742
744,6.200000,-0.045387,0.402674,0.011908,0.914140,-215.714523,95.941124,89.139908
745,6.208333,-0.045699,0.402806,0.012213,0.914062,-215.713318,95.917717,89.180145
746,6.216667,-0.044828,0.402673,0.011096,0.914178,-215.708588,95.887634,89.223709
747,6.225000,-0.043848,0.402753,0.010130,0.914202,-215.707703,95.859161,89.266945
748,6.233333,-0.042861,0.402907,0.009121,0.914191,-215.709900,95.840096,89.313217
749,6.241667,-0.042346,0.403296,0.008777,0.914047,-215.712814,95.830254,89.359215
750,6.250000,-0.041933,0.403699,0.008838,0.913888,-215.708679,95.819176,89.404320
751,6.258333,-0.041486,0.404032,0.009145,0.913758,-215.698654,95.803894,89.453583
752,6.266667,-0.041619,0.404258,0.009108,0.913652,-215.689133,95.783379,89.506142
753,6.275000,-0.041940,0.403770,0.009128,0.913853,-215.682266,95.768822,89.554245
754,6.283333,-0.042789,0.403057,0.010066,0.914119,-215.679520,95.763153,89.600166
755,6.291667,-0.043383,0.402302,0.010962,0.914413,-215.675858,95.753990,89.648170
756,6.300000,-0.043260,0.402205,0.011829,0.914450,-215.669067,95.738235,89.696869
757,6.308333,-0.043085,0.402620,0.012357,0.914269,-215.665985,95.719566,89.746964
758,6.316667,-0.043277,0.403036,0.012692,0.914073,-215.667297,95.703110,89.790596
759,6.325000,-0.043491,0.403228,0.012851,0.913975,-215.667862,95.686897,89.830780
760,6.333333,-0.042929,0.402978,0.011574,0.914129,-215.663788,95.662941,89.873581
761,6.341667,-0.042496,0.402966,0.010291,0.914170,-215.663406,95.639420,89.918442
762,6.350000,-0.042140,0.403016,0.009431,0.914174,-215.664764,95.620193,89.957588
763,6.358333,-0.041863,0.403202,0.008956,0.914109,-215.667297,95.606049,89.994392
764,6.366667,-0.041514,0.403542,0.008833,0.913976,-215.666275,95.596085,90.036079
765,6.375000,-0.040720,0.403847,0.009061,0.913875,-215.662170,95.581284,90.082047
766,6.383333,-0.040189,0.403816,0.009062,0.913912,-215.659073,95.568222,90.127617
767,6.391667,-0.040685,0.403671,0.009045,0.913954,-215.659256,95.553802,90.176102
768,6.400000,-0.041622,0.403315,0.009194,0.914068,-215.658188,95.542130,90.219124
769,6.408333,-0.042498,0.402641,0.010401,0.914312,-215.653854,95.530304,90.271675
770,6.416667,-0.042955,0.402488,0.011002,0.914351,-215.644867,95.517204,90.323601
771,6.425000,-0.043348,0.402704,0.011322,0.914233,-215.636826,95.503548,90.371826
772,6.433333,-0.043646,0.403126,0.011674,0.914029,-215.631348,95.492691,90.417252
773,6.441667,-0.043847,0.403271,0.011667,0.913955,-215.628357,95.483307,90.458725
774,6.450000,-0.043832,0.403088,0.011242,0.914042,-215.627457,95.472549,90.499420
775,6.458333,-0.043923,0.402868,0.010913,0.914138,-215.627151,95.456001,90.543617
776,6.466667,-0.043838,0.402566,0.011061,0.914274,-215.627914,95.439209,90.585449
777,6.475000,-0.043806,0.402458,0.011467,0.914318,-215.629913,95.422432,90.623962
778,6.483333,-0.042868,0.402464,0.010869,0.914367,-215.629318,95.399628,90.666397
779,6.491667,-0.042062,0.402959,0.010199,0.914194,-215.631577,95.379433,90.705124
780,6.500000,-0.041209,0.403363,0.009519,0.914062,-215.634125,95.362541,90.745941
781,6.508333,-0.040893,0.403574,0.009035,0.913988,-215.636276,95.350227,90.785690
782,6.516667,-0.041254,0.403741,0.008771,0.913901,-215.640259,95.340408,90.829147
783,6.525000,-0.041752,0.403346,0.009275,0.914047,-215.639145,95.331505,90.876534
784,6.533333,-0.042015,0.402799,0.009850,0.914271,-215.633530,95.322563,90.933212
785,6.541667,-0.041965,0.402682,0.010974,0.914312,-215.624283,95.307678,90.989624
786,6.550000,-0.041786,0.402709,0.011465,0.914302,-215.617920,95.296387,91.033890
787,6.558333,-0.041644,0.402923,0.011737,0.914211,-215.614960,95.286674,91.071030
788,6.566667,-0.041472,0.403137,0.011800,0.914123,-215.614029,95.271866,91.111000
789,6.575000,-0.041272,0.403029,0.011417,0.914185,-215.610916,95.257607,91.152496
790,6.583333,-0.041417,0.402765,0.011312,0.914296,-215.605499,95.247070,91.193596
791,6.591667,-0.041841,0.402686,0.011615,0.914308,-215.597656,95.236015,91.232407
792,6.600000,-0.042140,0.402763,0.012163,0.914253,-215.590714,95.226631,91.274628
793,6.608333,-0.041959,0.402862,0.012443,0.914214,-215.584915,95.213577,91.321899
794,6.616667,-0.041576,0.403028,0.012814,0.914153,-215.585419,95.199409,91.367447
795,6.625000,-0.040782,0.402940,0.011998,0.914239,-215.588242,95.179054,91.413422
796,6.633333,-0.040326,0.403092,0.011231,0.914201,-215.594650,95.158249,91.447357
797,6.641667,-0.040042,0.403204,0.010042,0.914178,-215.599915,95.137047,91.478264
798,6.650000,-0.040515,0.403048,0.009623,0.914231,-215.602295,95.122375,91.521278
799,6.658333,-0.041091,0.402871,0.009653,0.914283,-215.597961,95.106346,91.568504
800,6.666667,-0.041914,0.402641,0.010010,0.914343,-215.594955,95.097260,91.614624
801,6.675000,-0.042199,0.402820,0.010334,0.914247,-215.589813,95.088020,91.655937
802,6.683333,-0.041831,0.403119,0.010455,0.914131,-215.584854,95.076111,91.701057
803,6.691667,-0.041470,0.403219,0.010358,0.914105,-215.582733,95.061546,91.743576
804,6.700000,-0.041289,0.403290,0.010001,0.914086,-215.583923,95.048973,91.781746
805,6.708333,-0.041389,0.403175,0.009751,0.914134,-215.586609,95.039131,91.818550
806,6.716667,-0.040750,0.402813,0.010636,0.914313,-215.596893,95.027122,91.860786
807,6.725000,-0.041250,0.402699,0.010434,0.914343,-215.587204,95.020157,91.904572
808,6.733333,-0.041931,0.402674,0.010387,0.914324,-215.576904,95.012512,91.950470
809,6.741667,-0.042443,0.402811,0.010828,0.914234,-215.573029,95.001343,91.992477
810,6.750000,-0.042577,0.403002,0.011293,0.914138,-215.573303,94.989624,92.030144
811,6.758333,-0.042323,0.403112,0.011230,0.914103,-215.575790,94.977127,92.069000
812,6.766667,-0.042112,0.403137,0.011076,0.914103,-215.578842,94.966469,92.108810
813,6.775000,-0.042348,0.402700,0.011574,0.914279,-215.580582,94.965973,92.154305
814,6.783333,-0.041610,0.402294,0.010354,0.914506,-215.571762,94.952164,92.200195
815,6.791667,-0.041672,0.402383,0.009863,0.914469,-215.567734,94.941071,92.234550
816,6.800000,-0.041731,0.402449,0.009746,0.914439,-215.565964,94.927689,92.277412
817,6.808333,-0.041386,0.402688,0.009664,0.914350,-215.567139,94.912933,92.322586
818,6.816667,-0.040728,0.402932,0.009474,0.914274,-215.570282,94.899582,92.362473
819,6.825000,-0.040545,0.402943,0.009599,0.914276,-215.577179,94.892052,92.397690
820,6.833333,-0.040084,0.402898,0.009672,0.914316,-215.584351,94.881287,92.433876
821,6.841667,-0.039672,0.402895,0.009643,0.914335,-215.590546,94.866356,92.473732
822,6.850000,-0.039611,0.402727,0.009283,0.914415,-215.592026,94.855736,92.512619
823,6.858333,-0.039712,0.402622,0.009553,0.914455,-215.589066,94.847504,92.549744
824,6.866667,-0.039694,0.402590,0.009772,0.914467,-215.582367,94.837784,92.587425
825,6.875000,-0.039829,0.402730,0.010225,0.914395,-215.575272,94.832001,92.634537
826,6.883333,-0.039860,0.402887,0.010535,0.914321,-215.567902,94.822372,92.681358
827,6.891667,-0.040671,0.403262,0.010258,0.914123,-215.567017,94.810333,92.724266
828,6.900000,-0.041585,0.403380,0.009834,0.914034,-215.571854,94.804207,92.758293
829,6.908333,-0.042173,0.402977,0.010418,0.914179,-215.576477,94.800095,92.796501
830,6.916667,-0.042262,0.402508,0.011138,0.914373,-215.574234,94.788948,92.842773
831,6.925000,-0.042333,0.401809,0.011866,0.914667,-215.569977,94.774834,92.890289
832,6.933333,-0.042596,0.401509,0.012671,0.914776,-215.564606,94.762131,92.931686
833,6.941667,-0.042820,0.401438,0.012882,0.914794,-215.560501,94.750786,92.966278
834,6.950000,-0.042924,0.401635,0.013185,0.914698,-215.557220,94.737038,93.003532
835,6.958333,-0.042234,0.401768,0.012540,0.914681,-215.552994,94.717613,93.045341
836,6.966667,-0.041537,0.402046,0.011749,0.914601,-215.553116,94.701492,93.082268
837,6.975000,-0.041528,0.402335,0.010718,0.914487,-215.561935,94.690826,93.114563
838,6.983333,-0.041463,0.402475,0.009760,0.914439,-215.573242,94.678520,93.145439
839,6.991667,-0.041237,0.402572,0.009008,0.914415,-215.582581,94.663246,93.185158
840,7.000000,-0.040748,0.402393,0.008879,0.914516,-215.584183,94.647522,93.231247
841,7.008333,-0.040846,0.402282,0.009347,0.914556,-215.582993,94.636765,93.273766
842,7.016667,-0.041133,0.402276,0.009788,0.914541,-215.580017,94.627144,93.312645
843,7.025000,-0.040942,0.402303,0.009910,0.914537,-215.577316,94.616821,93.351105
844,7.033333,-0.040507,0.402429,0.010452,0.914495,-215.575867,94.605103,93.390678
845,7.041667,-0.040806,0.402077,0.011226,0.914627,-215.579910,94.596848,93.433548
846,7.050000,-0.041520,0.401847,0.011576,0.914692,-215.583130,94.580437,93.474525
847,7.058333,-0.042099,0.401507,0.011647,0.914814,-215.584045,94.568810,93.510345
848,7.066667,-0.042684,0.401384,0.011679,0.914840,-215.582611,94.557259,93.549644
849,7.075000,-0.042850,0.401328,0.012020,0.914853,-215.576797,94.545517,93.593040
850,7.083333,-0.042674,0.401096,0.013071,0.914948,-215.581512,94.532410,93.635468
851,7.091667,-0.042759,0.401075,0.013096,0.914953,-215.584991,94.527588,93.673409
852,7.100000,-0.042712,0.401257,0.013128,0.914875,-215.590164,94.521385,93.708794
853,7.108333,-0.042239,0.401503,0.012992,0.914791,-215.595490,94.512840,93.745987
854,7.116667,-0.041545,0.401592,0.012394,0.914792,-215.598114,94.504128,93.782326
855,7.125000,-0.040564,0.401579,0.011220,0.914857,-215.600967,94.489403,93.818710
856,7.133333,-0.040098,0.401752,0.010493,0.914810,-215.605286,94.479759,93.850937
857,7.141667,-0.039566,0.401923,0.010377,0.914760,-215.593643,94.464340,93.879738
858,7.150000,-0.039245,0.402130,0.009863,0.914688,-215.581757,94.454857,93.921928
859,7.158333,-0.039125,0.402260,0.009720,0.914637,-215.568848,94.444733,93.965851
860,7.166667,-0.039220,0.402242,0.009810,0.914640,-215.562302,94.438187,94.000328
861,7.175000,-0.039191,0.402452,0.010247,0.914544,-215.560867,94.432526,94.033417
862,7.183333,-0.039037,0.402286,0.010515,0.914621,-215.559341,94.422989,94.071907
863,7.191667,-0.038972,0.401765,0.010746,0.914850,-215.560501,94.414429,94.114220
864,7.200000,-0.039277,0.401658,0.010837,0.914883,-215.563828,94.404747,94.149483
865,7.208333,-0.040107,0.401528,0.010627,0.914906,-215.568634,94.393799,94.182602
866,7.216667,-0.040728,0.401249,0.010588,0.915002,-215.569855,94.379562,94.218864
867,7.225000,-0.041078,0.401160,0.011207,0.915018,-215.565369,94.367012,94.259819
868,7.233333,-0.041674,0.401324,0.011695,0.914913,-215.559479,94.358246,94.300880
869,7.241667,-0.042488,0.401421,0.012207,0.914826,-215.553375,94.350975,94.336243
870,7.250000,-0.043117,0.401605,0.012606,0.914710,-215.549500,94.345970,94.368019
871,7.258333,-0.043419,0.401804,0.012781,0.914606,-215.547272,94.338303,94.400169
872,7.266667,-0.043231,0.401907,0.013229,0.914564,-215.547089,94.331543,94.434563
873,7.275000,-0.043274,0.401896,0.013877,0.914557,-215.549927,94.326714,94.469620
874,7.283333,-0.045229,0.401876,0.016682,0.914424,-215.564316,94.340660,94.501396
875,7.291667,-0.046192,0.402214,0.017672,0.914209,-215.565781,94.341148,94.530754
876,7.300000,-0.046753,0.402498,0.018104,0.914047,-215.562180,94.339546,94.563171
877,7.308333,-0.047420,0.403054,0.019031,0.913749,-215.554260,94.335854,94.598068
878,7.316667,-0.048273,0.403240,0.019997,0.913601,-215.549728,94.332802,94.631218
879,7.325000,-0.044011,0.399688,0.014204,0.915484,-215.530869,94.285278,94.715553
880,7.333333,-0.043389,0.399271,0.013454,0.915707,-215.530823,94.274300,94.750778
881,7.341667,-0.042760,0.399306,0.013003,0.915728,-215.535400,94.265808,94.784500
882,7.350000,-0.042070,0.399519,0.012691,0.915671,-215.539856,94.256119,94.818619
883,7.358333,-0.041814,0.400053,0.012637,0.915450,-215.546005,94.251442,94.848473
884,7.366667,-0.041552,0.400205,0.012481,0.915398,-215.543915,94.246010,94.880493
885,7.375000,-0.041336,0.400311,0.012418,0.915362,-215.538116,94.240417,94.918747
886,7.383333,-0.041162,0.400523,0.012812,0.915272,-215.529709,94.234543,94.965668
887,7.391667,-0.041154,0.400499,0.013323,0.915276,-215.523773,94.232346,95.005585
888,7.400000,-0.041308,0.400542,0.013560,0.915246,-215.519455,94.228546,95.039001
889,7.408333,-0.041983,0.400548,0.013752,0.915210,-215.517456,94.221230,95.071716
890,7.416667,-0.042337,0.400492,0.013938,0.915215,-215.520615,94.211220,95.109283
891,7.425000,-0.042045,0.400351,0.014115,0.915288,-215.525085,94.199493,95.145790
892,7.433333,-0.041695,0.400238,0.014168,0.915353,-215.527603,94.186432,95.180038
893,7.441667,-0.041149,0.400011,0.014022,0.915479,-215.527267,94.176971,95.211586
894,7.450000,-0.040909,0.399932,0.013856,0.915526,-215.520889,94.161560,95.250755
895,7.458333,-0.040606,0.399988,0.014000,0.915513,-215.511292,94.144539,95.295097
896,7.466667,-0.040260,0.400039,0.014021,0.915506,-215.503342,94.133606,95.328018
897,7.475000,-0.041716,0.400051,0.013401,0.915445,-215.495880,94.116028,95.359039
898,7.483333,-0.042722,0.400039,0.012890,0.915411,-215.488525,94.100449,95.386108
899,7.491667,-0.043487,0.400054,0.012804,0.915370,-215.485092,94.086853,95.418152
900,7.500000,-0.043521,0.400202,0.012808,0.915304,-215.486404,94.079208,95.447655
901,7.508333,-0.043554,0.400288,0.012873,0.915263,-215.488785,94.069199,95.473129
902,7.516667,-0.043787,0.400351,0.012853,0.915225,-215.488464,94.050308,95.502129
903,7.525000,-0.043751,0.400073,0.012722,0.915350,-215.487198,94.028358,95.541122
904,7.533333,-0.043154,0.399779,0.012620,0.915508,-215.487534,94.011459,95.576080
905,7.541667,-0.042618,0.399639,0.012769,0.915592,-215.491348,93.998947,95.602974
906,7.550000,-0.042375,0.399564,0.012971,0.915634,-215.497452,93.992035,95.625946
907,7.558333,-0.042728,0.399340,0.013388,0.915709,-215.503723,93.987030,95.645760
908,7.566667,-0.042971,0.399218,0.013635,0.915747,-215.507202,93.979187,95.667709
909,7.575000,-0.043097,0.399167,0.013860,0.915760,-215.509750,93.973198,95.688614
910,7.583333,-0.043268,0.399046,0.013763,0.915806,-215.510986,93.969032,95.707138
911,7.591667,-0.043079,0.399115,0.013696,0.915786,-215.511902,93.967598,95.722237
912,7.600000,-0.043440,0.399117,0.013495,0.915771,-215.511627,93.965225,95.735985
913,7.608333,-0.043483,0.399273,0.013177,0.915706,-215.510696,93.962860,95.747879
914,7.616667,-0.044565,0.399262,0.012648,0.915666,-215.509033,93.959869,95.758804
915,7.625000,-0.044886,0.399335,0.012432,0.915621,-215.506577,93.957626,95.765755
916,7.633333,-0.045157,0.399360,0.012226,0.915600,-215.504807,93.955437,95.772476
917,7.641667,-0.045216,0.399438,0.012096,0.915565,-215.504761,93.954170,95.780113
918,7.650000,-0.045268,0.399460,0.011991,0.915554,-215.504761,93.949631,95.787796
919,7.658333,-0.045598,0.399370,0.011837,0.915579,-215.505524,93.941154,95.793015
920,7.666667,-0.045604,0.399412,0.011927,0.915559,-215.506744,93.930473,95.799149
921,7.675000,-0.045384,0.399335,0.012068,0.915601,-215.506912,93.916656,95.806694
922,7.683333,-0.045335,0.399319,0.012319,0.915608,-215.507553,93.902245,95.812897
923,7.691667,-0.045518,0.399312,0.012521,0.915599,-215.507050,93.882965,95.817467
924,7.700000,-0.045424,0.399417,0.012682,0.915555,-215.505859,93.860214,95.824043
925,7.708333,-0.045159,0.399501,0.012893,0.915529,-215.504807,93.832695,95.832527
926,7.716667,-0.044686,0.399490,0.012941,0.915557,-215.503387,93.797653,95.841774
927,7.725000,-0.044059,0.399381,0.013012,0.915633,-215.503403,93.761864,95.849831
928,7.733333,-0.043428,0.399265,0.012999,0.915714,-215.504593,93.725838,95.857941
929,7.741667,-0.042950,0.399291,0.013179,0.915723,-215.504791,93.689804,95.864502
930,7.750000,-0.042371,0.399265,0.013349,0.915758,-215.504807,93.654678,95.871010
931,7.758333,-0.042096,0.399296,0.013757,0.915752,-215.504700,93.617813,95.880577
932,7.766667,-0.041611,0.399299,0.013913,0.915770,-215.504745,93.582970,95.888481
933,7.775000,-0.041031,0.399221,0.013988,0.915830,-215.505188,93.549675,95.895073
934,7.783333,-0.040256,0.399047,0.014022,0.915939,-215.505295,93.518021,95.900261
935,7.791667,-0.039386,0.398964,0.014213,0.916010,-215.505859,93.487587,95.906136
936,7.800000,-0.038682,0.398908,0.014643,0.916058,-215.506149,93.455376,95.911415
937,7.808333,-0.038346,0.398764,0.015040,0.916128,-215.505310,93.420380,95.915527
938,7.816667,-0.037732,0.398835,0.015369,0.916117,-215.505219,93.382713,95.919960
939,7.825000,-0.037522,0.398951,0.015681,0.916070,-215.505173,93.331268,95.930305
940,7.833333,-0.037171,0.398781,0.016707,0.916140,-215.518356,93.275223,95.947197
941,7.841667,-0.036878,0.398737,0.016576,0.916174,-215.524551,93.223213,95.962914
942,7.850000,-0.036402,0.398927,0.016830,0.916105,-215.520447,93.175591,95.972069
943,7.858333,-0.036027,0.399320,0.016825,0.915949,-215.515991,93.133461,95.987610
944,7.866667,-0.031772,0.399990,0.017749,0.915797,-215.515549,93.110779,96.008011
945,7.875000,-0.031223,0.399512,0.017838,0.916023,-215.507034,93.074661,96.029907
946,7.883333,-0.030675,0.398899,0.017733,0.916310,-215.497513,93.037971,96.049049
947,7.891667,-0.031070,0.398489,0.017045,0.916488,-215.498566,93.011597,96.067017
948,7.900000,-0.030700,0.398897,0.017875,0.916308,-215.497299,92.970871,96.084480
949,7.908333,-0.031231,0.398993,0.017782,0.916249,-215.502762,92.941917,96.101250
950,7.916667,-0.031235,0.398822,0.017897,0.916321,-215.508316,92.924896,96.114388
951,7.925000,-0.030989,0.398683,0.017938,0.916390,-215.512375,92.913734,96.129715
952,7.933333,-0.030861,0.398560,0.017797,0.916450,-215.514511,92.906204,96.146294
953,7.941667,-0.030654,0.398482,0.017581,0.916495,-215.515442,92.904121,96.166504
954,7.950000,-0.030451,0.398465,0.017373,0.916514,-215.515564,92.907158,96.186005
955,7.958333,-0.030284,0.398557,0.017263,0.916481,-215.514252,92.911293,96.204735
956,7.966667,-0.030309,0.398608,0.017305,0.916457,-215.512039,92.920189,96.225388
957,7.975000,-0.030204,0.398727,0.017293,0.916409,-215.508743,92.930893,96.243759
958,7.983333,-0.030443,0.398904,0.017400,0.916322,-215.505508,92.942924,96.260971
959,7.991667,-0.030858,0.398973,0.017274,0.916280,-215.503769,92.961334,96.279274
960,8.000000,-0.031248,0.399193,0.016862,0.916179,-215.503784,92.983353,96.303345
961,8.008333,-0.031753,0.399184,0.017030,0.916163,-215.504410,93.011024,96.328712
962,8.016667,-0.032518,0.398936,0.016866,0.916247,-215.504120,93.040298,96.353088
963,8.025000,-0.030339,0.395841,0.030778,0.917302,-215.483826,92.940636,96.310837
964,8.033333,-0.030911,0.395450,0.031100,0.917440,-215.480667,92.958305,96.323769
965,8.041667,-0.031088,0.394608,0.033583,0.917709,-215.472107,92.962753,96.326408
966,8.050000,-0.034786,0.398096,0.018425,0.916499,-215.497635,93.126801,96.415276
967,8.058333,-0.035640,0.398699,0.015849,0.916252,-215.497559,93.169525,96.445381
968,8.066667,-0.036096,0.398914,0.015049,0.916154,-215.490204,93.189514,96.467331
969,8.075000,-0.036363,0.399096,0.014538,0.916073,-215.485886,93.206146,96.487099
970,8.083333,-0.036357,0.399240,0.014486,0.916011,-215.483444,93.214973,96.504066
971,8.091667,-0.036337,0.399167,0.014547,0.916042,-215.482071,93.220245,96.521957
972,8.100000,-0.036415,0.399037,0.014654,0.916094,-215.482758,93.224945,96.538010
973,8.108333,-0.036659,0.398916,0.014815,0.916134,-215.484909,93.229759,96.551140
974,8.116667,-0.036563,0.398842,0.014888,0.916169,-215.486176,93.233513,96.565910
975,8.125000,-0.036481,0.398837,0.014987,0.916173,-215.487625,93.234703,96.582916
976,8.133333,-0.036354,0.398764,0.014654,0.916216,-215.488678,93.234863,96.602173
977,8.141667,-0.036329,0.398748,0.014651,0.916224,-215.490005,93.233887,96.619186
978,8.150000,-0.036451,0.398780,0.014703,0.916204,-215.492065,93.230690,96.633461
979,8.158333,-0.036747,0.398705,0.014718,0.916225,-215.494614,93.228165,96.649841
980,8.166667,-0.036978,0.398744,0.014626,0.916200,-215.496536,93.224297,96.666489
981,8.175000,-0.037293,0.398642,0.014569,0.916232,-215.498383,93.220718,96.681732
982,8.183333,-0.037411,0.398624,0.014531,0.916236,-215.500061,93.216934,96.697815
983,8.191667,-0.037643,0.398559,0.014690,0.916252,-215.501663,93.212555,96.714592
984,8.200000,-0.037982,0.398536,0.014220,0.916255,-215.504364,93.212059,96.731789
985,8.208333,-0.037192,0.398739,0.014855,0.916190,-215.497940,93.191559,96.750458
986,8.216667,-0.036888,0.398610,0.014818,0.916259,-215.496902,93.181160,96.769264
987,8.225000,-0.036610,0.398562,0.014894,0.916289,-215.496536,93.171562,96.783417
988,8.233333,-0.036522,0.398550,0.015007,0.916296,-215.497772,93.164490,96.795242
989,8.241667,-0.036346,0.398557,0.015027,0.916300,-215.498734,93.156639,96.804199
990,8.250000,-0.036091,0.398600,0.014952,0.916293,-215.499405,93.148201,96.813217
991,8.258333,-0.036291,0.398592,0.014982,0.916288,-215.501541,93.138649,96.821991
992,8.266667,-0.036279,0.398544,0.014989,0.916309,-215.502670,93.128067,96.830437
993,8.275000,-0.036034,0.398598,0.015004,0.916295,-215.503616,93.114380,96.840218
994,8.283333,-0.035489,0.398538,0.014996,0.916342,-215.504333,93.101143,96.848503
995,8.291667,-0.034470,0.398524,0.016284,0.916365,-215.501694,93.077255,96.852882
996,8.300000,-0.033795,0.398421,0.016526,0.916431,-215.501617,93.060509,96.861244
997,8.308333,-0.034562,0.398326,0.016212,0.916449,-215.501785,93.035103,96.871666
998,8.316667,-0.032650,0.398332,0.016751,0.916507,-215.503983,93.020706,96.877052
999,8.325000,-0.033034,0.398274,0.016850,0.916516,-215.506027,92.998688,96.885628
1000,8.333333,-0.033355,0.398114,0.015534,0.916598,-215.510376,92.997231,96.887711
1001,8.341667,-0.034048,0.398042,0.015094,0.916611,-215.510422,92.983337,96.888229
1002,8.350000,-0.034758,0.398057,0.014834,0.916582,-215.511505,92.973137,96.892967
1003,8.358333,-0.034936,0.398173,0.015003,0.916522,-215.514160,92.959785,96.904030
1004,8.366667,-0.034538,0.398078,0.016745,0.916548,-215.512268,92.926010,96.911079
1005,8.375000,-0.034370,0.397905,0.017221,0.916621,-215.516754,92.896477,96.918175
1006,8.383333,-0.034171,0.397830,0.017201,0.916661,-215.527084,92.865532,96.926468
1007,8.391667,-0.031834,0.395085,0.028386,0.917654,-215.526993,92.721298,96.882317
1008,8.400000,-0.031198,0.394645,0.030206,0.917807,-215.543198,92.660431,96.880287
1009,8.408333,-0.030603,0.394678,0.030908,0.917789,-215.554214,92.611122,96.884232
1010,8.416667,-0.029683,0.394787,0.031469,0.917754,-215.561325,92.558846,96.892487
1011,8.425000,-0.028134,0.395029,0.032073,0.917677,-215.562256,92.498016,96.907669
1012,8.433333,-0.026759,0.395597,0.031560,0.917492,-215.560287,92.446060,96.923286
1013,8.441667,-0.025713,0.395867,0.030869,0.917429,-215.556122,92.396530,96.929726
1014,8.450000,-0.026288,0.395829,0.029841,0.917463,-215.550812,92.351357,96.932457
1015,8.458333,-0.026769,0.395910,0.029063,0.917439,-215.546799,92.319855,96.935120
1016,8.466667,-0.027136,0.396037,0.028720,0.917384,-215.546707,92.303352,96.935287
1017,8.475000,-0.027262,0.395997,0.028297,0.917411,-215.548065,92.294579,96.933998
1018,8.483333,-0.027362,0.395903,0.028055,0.917456,-215.548965,92.287804,96.933197
1019,8.491667,-0.027247,0.395998,0.027840,0.917425,-215.548752,92.282646,96.935738
1020,8.500000,-0.026987,0.396016,0.027812,0.917426,-215.548111,92.279732,96.943184
1021,8.508333,-0.026684,0.396088,0.027765,0.917405,-215.548019,92.284180,96.944199
1022,8.516667,-0.026817,0.396061,0.027599,0.917418,-215.546127,92.290833,96.939362
1023,8.525000,-0.027270,0.395962,0.027592,0.917447,-215.543549,92.298630,96.934937
1024,8.533333,-0.027265,0.396077,0.027716,0.917394,-215.541367,92.305740,96.934067
1025,8.541667,-0.027299,0.396155,0.027546,0.917364,-215.537994,92.308853,96.936050
1026,8.550000,-0.027286,0.396196,0.027371,0.917352,-215.534882,92.305244,96.937141
1027,8.558333,-0.027184,0.396207,0.027249,0.917354,-215.535858,92.298187,96.942146
1028,8.566667,-0.026618,0.396406,0.026892,0.917295,-215.535263,92.289093,96.948067
1029,8.575000,-0.026498,0.396081,0.026786,0.917442,-215.534332,92.282677,96.951988
1030,8.583333,-0.026078,0.396216,0.026333,0.917409,-215.533096,92.284836,96.950562
1031,8.591667,-0.026322,0.396220,0.026032,0.917409,-215.531235,92.289146,96.942612
1032,8.600000,-0.026459,0.396248,0.025647,0.917404,-215.525406,92.293152,96.935349
1033,8.608333,-0.025070,0.396188,0.025696,0.917467,-215.516693,92.303627,96.927696
1034,8.616667,-0.024501,0.396392,0.025111,0.917411,-215.504974,92.306938,96.920380
1035,8.625000,-0.023526,0.396892,0.024143,0.917246,-215.489197,92.297081,96.906609
1036,8.633333,-0.022546,0.397402,0.022822,0.917084,-215.469055,92.266487,96.894524
1037,8.641667,-0.024891,0.397340,0.021041,0.917092,-215.451080,92.197159,96.887360
1038,8.650000,-0.025754,0.396216,0.020940,0.917557,-215.442947,92.142357,96.866844
1039,8.658333,-0.027006,0.395898,0.019841,0.917683,-215.435318,92.108192,96.853477
1040,8.666667,-0.028073,0.395895,0.020255,0.917643,-215.428070,92.085960,96.852913
1041,8.675000,-0.027850,0.396191,0.019875,0.917531,-215.419250,92.087761,96.874153
1042,8.683333,-0.027685,0.395945,0.019709,0.917645,-215.411560,92.084328,96.893791
1043,8.691667,-0.027627,0.396328,0.019168,0.917493,-215.411926,92.089958,96.929077
1044,8.700000,-0.026830,0.396292,0.019509,0.917525,-215.417938,92.086250,96.964470
1045,8.708333,-0.025588,0.395658,0.020402,0.917815,-215.433792,92.072350,97.008324
1046,8.716667,-0.023835,0.395861,0.022195,0.917733,-215.456940,92.062248,97.065857
1047,8.725000,-0.022229,0.396083,0.023463,0.917646,-215.479736,92.057640,97.138962
1048,8.733333,-0.020025,0.396537,0.025883,0.917435,-215.486862,92.039429,97.206856
1049,8.741667,-0.017598,0.397555,0.025725,0.917049,-215.479324,92.038361,97.290749
1050,8.750000,-0.015364,0.399386,0.024868,0.916317,-215.457458,92.048264,97.387939
1051,8.758333,-0.012295,0.400526,0.024484,0.915876,-215.433197,92.051712,97.489334
1052,8.766667,-0.008877,0.401433,0.024822,0.915509,-215.408630,92.059952,97.594269
1053,8.775000,-0.006271,0.402229,0.026363,0.915138,-215.381073,92.058197,97.688744
1054,8.783333,-0.004614,0.403215,0.025665,0.914734,-215.371567,92.081017,97.770020
1055,8.791667,-0.003534,0.404464,0.025228,0.914199,-215.370697,92.105568,97.842651
1056,8.800000,-0.002126,0.405713,0.025895,0.913631,-215.381866,92.109886,97.905006
1057,8.808333,-0.001051,0.407070,0.027020,0.912997,-215.405991,92.107132,97.948807
1058,8.816667,0.000125,0.407337,0.029764,0.912793,-215.450150,92.090569,97.966423
1059,8.825000,0.000363,0.407980,0.030848,0.912470,-215.480042,92.087669,97.982010
1060,8.833333,0.000127,0.407833,0.031281,0.912520,-215.500992,92.084427,97.986046
1061,8.841667,-0.000576,0.407391,0.031270,0.912718,-215.512756,92.081276,97.979370
1062,8.850000,-0.001312,0.406631,0.030954,0.913067,-215.518188,92.078911,97.960838
1063,8.858333,-0.002066,0.405754,0.030006,0.913487,-215.516022,92.076050,97.931252
1064,8.866667,-0.002980,0.405537,0.028384,0.913633,-215.503647,92.083588,97.898293
1065,8.875000,-0.003854,0.405098,0.027223,0.913860,-215.486069,92.085495,97.854881
1066,8.883333,-0.005060,0.404819,0.025853,0.914017,-215.455292,92.083382,97.793205
1067,8.891667,-0.005693,0.403662,0.026531,0.914506,-215.419586,92.058441,97.706772
1068,8.900000,-0.007075,0.403127,0.025394,0.914764,-215.393097,92.058357,97.618362
1069,8.908333,-0.009824,0.402840,0.024193,0.914898,-215.381317,92.060547,97.525558
1070,8.916667,-0.013140,0.402724,0.024252,0.914906,-215.379120,92.062912,97.435616
1071,8.925000,-0.015926,0.402694,0.024354,0.914872,-215.379684,92.057922,97.357330
1072,8.933333,-0.017679,0.402582,0.024566,0.914883,-215.386887,92.055710,97.288643
1073,8.941667,-0.018901,0.402260,0.023992,0.915016,-215.397675,92.052475,97.225258
1074,8.950000,-0.020164,0.402176,0.023943,0.915027,-215.410446,92.047562,97.176277
1075,8.958333,-0.021146,0.401977,0.024272,0.915084,-215.426987,92.042679,97.144020
1076,8.966667,-0.021566,0.401815,0.025386,0.915115,-215.449783,92.039879,97.124275
1077,8.975000,-0.021906,0.401690,0.026139,0.915141,-215.468552,92.037430,97.115166
1078,8.983333,-0.021635,0.401413,0.026331,0.915263,-215.476227,92.034271,97.117607
1079,8.991667,-0.021254,0.401128,0.026306,0.915398,-215.474243,92.031860,97.129425
1080,9.000000,-0.020602,0.400858,0.025884,0.915543,-215.459747,92.028152,97.156235
1081,9.008333,-0.019784,0.400686,0.025780,0.915639,-215.443420,92.029762,97.190453
1082,9.016667,-0.018925,0.400580,0.026022,0.915697,-215.427704,92.033905,97.242889
1083,9.025000,-0.017206,0.400668,0.026428,0.915680,-215.412613,92.036285,97.305954
1084,9.033333,-0.015350,0.401009,0.026563,0.915560,-215.404633,92.035233,97.379723
1085,9.041667,-0.013199,0.400996,0.026376,0.915605,-215.401215,92.032944,97.462639
1086,9.050000,-0.010646,0.400484,0.026871,0.915848,-215.398926,92.030479,97.551582
1087,9.058333,-0.007617,0.400527,0.029526,0.915777,-215.404007,92.028740,97.643600
1088,9.066667,-0.005523,0.400700,0.030764,0.915676,-215.417099,92.036232,97.723000
1089,9.075000,-0.004496,0.400705,0.031160,0.915666,-215.440063,92.051918,97.794220
1090,9.083333,-0.003672,0.400801,0.029989,0.915667,-215.456741,92.067612,97.855881
1091,9.091667,-0.002894,0.400450,0.029601,0.915836,-215.466125,92.077354,97.898270
1092,9.100000,-0.002033,0.400015,0.029889,0.916019,-215.469666,92.078987,97.924805
1093,9.108333,-0.001679,0.399541,0.029920,0.916225,-215.464569,92.072258,97.936119
1094,9.116667,-0.001679,0.399370,0.029610,0.916310,-215.455917,92.069565,97.939072
1095,9.125000,-0.001963,0.399092,0.029040,0.916449,-215.440109,92.066734,97.933205
1096,9.133333,-0.002263,0.398953,0.028261,0.916533,-215.422409,92.068199,97.915405
1097,9.141667,-0.003025,0.398951,0.028083,0.916537,-215.408585,92.070000,97.891846
1098,9.150000,-0.003883,0.399121,0.028235,0.916455,-215.402527,92.073395,97.859184
1099,9.158333,-0.004336,0.397881,0.031259,0.916894,-215.404465,92.048882,97.790901
1100,9.166667,-0.005450,0.397788,0.031090,0.916934,-215.406845,92.050026,97.733879
1101,9.175000,-0.006391,0.397116,0.029768,0.917263,-215.406387,92.048790,97.663132
1102,9.183333,-0.007412,0.396384,0.027958,0.917629,-215.398071,92.046829,97.585182
1103,9.191667,-0.009467,0.395846,0.026123,0.917896,-215.375443,92.042038,97.501823
1104,9.200000,-0.012147,0.395769,0.024823,0.917934,-215.350372,92.032867,97.425179
1105,9.208333,-0.014759,0.395599,0.024175,0.917986,-215.331787,92.032692,97.366539
1106,9.216667,-0.015772,0.395051,0.024348,0.918201,-215.314346,92.034004,97.317978
1107,9.225000,-0.016013,0.394601,0.024244,0.918393,-215.301758,92.040993,97.281799
1108,9.233333,-0.015974,0.394081,0.023918,0.918626,-215.296249,92.049713,97.260941
1109,9.241667,-0.016146,0.393548,0.023917,0.918851,-215.294693,92.052322,97.248184
1110,9.250000,-0.016286,0.393094,0.024039,0.919040,-215.297318,92.049530,97.249901
1111,9.258333,-0.015976,0.393077,0.023876,0.919057,-215.305038,92.050575,97.267448
1112,9.266667,-0.015596,0.392890,0.023891,0.919143,-215.316269,92.049263,97.295174
1113,9.275000,-0.015328,0.392785,0.023856,0.919193,-215.331696,92.044334,97.336082
1114,9.283333,-0.015075,0.392789,0.024296,0.919184,-215.352036,92.045006,97.386971
1115,9.291667,-0.014509,0.392672,0.025220,0.919218,-215.373566,92.044312,97.453430
1116,9.300000,-0.013193,0.392610,0.026516,0.919228,-215.395599,92.038536,97.524467
1117,9.308333,-0.011370,0.392343,0.027863,0.919327,-215.421432,92.040955,97.597000
1118,9.316667,-0.008698,0.391698,0.028701,0.919605,-215.437393,92.041595,97.668579
1119,9.325000,-0.006557,0.391181,0.029337,0.919823,-215.449280,92.047722,97.737686
1120,9.333333,-0.005150,0.390958,0.028877,0.919941,-215.450882,92.056503,97.794548
1121,9.341667,-0.004568,0.390902,0.028008,0.919995,-215.443237,92.063049,97.831604
1122,9.350000,-0.004300,0.391046,0.028005,0.919935,-215.435196,92.065163,97.860588
1123,9.358333,-0.004459,0.391561,0.027595,0.919727,-215.432007,92.075531,97.884087
1124,9.366667,-0.004252,0.391505,0.027569,0.919753,-215.426254,92.080742,97.889709
1125,9.375000,-0.004405,0.391360,0.028056,0.919799,-215.422058,92.076363,97.882164
1126,9.383333,-0.004650,0.391189,0.028384,0.919861,-215.422485,92.073692,97.865265
1127,9.391667,-0.005149,0.391028,0.028243,0.919931,-215.423416,92.072617,97.834877
1128,9.400000,-0.005669,0.390871,0.028004,0.920002,-215.421753,92.067123,97.795715
1129,9.408333,-0.006166,0.390654,0.028207,0.920085,-215.419647,92.058411,97.743889
1130,9.416667,-0.007100,0.390427,0.027735,0.920189,-215.413208,92.053833,97.679672
1131,9.425000,-0.008698,0.390511,0.027292,0.920153,-215.403748,92.053894,97.610596
1132,9.433333,-0.010000,0.390766,0.025710,0.920077,-215.383072,92.050949,97.536041
1133,9.441667,-0.011977,0.390760,0.024101,0.920099,-215.362976,92.052689,97.466797
1134,9.450000,-0.013815,0.390987,0.022811,0.920010,-215.343063,92.050720,97.401413
1135,9.458333,-0.014876,0.391098,0.022525,0.919953,-215.323898,92.050392,97.352913
1136,9.466667,-0.015311,0.390776,0.022721,0.920078,-215.310593,92.053833,97.320221
1137,9.475000,-0.015478,0.390652,0.022670,0.920129,-215.303116,92.058960,97.297958
1138,9.483333,-0.015517,0.390609,0.022615,0.920148,-215.301926,92.060890,97.290215
1139,9.491667,-0.015565,0.390605,0.022521,0.920151,-215.304703,92.061218,97.292480
1140,9.500000,-0.015365,0.390818,0.022758,0.920059,-215.311615,92.059998,97.307686
1141,9.508333,-0.015138,0.391123,0.023004,0.919926,-215.321350,92.055412,97.336105
1142,9.516667,-0.015434,0.391288,0.023256,0.919845,-215.337372,92.052200,97.374771
1143,9.525000,-0.015209,0.391158,0.024060,0.919883,-215.358978,92.052361,97.426758
1144,9.533333,-0.013880,0.391277,0.025642,0.919811,-215.381485,92.046371,97.493927
1145,9.541667,-0.012405,0.391405,0.027004,0.919739,-215.405746,92.046265,97.561417
1146,9.550000,-0.010257,0.390997,0.027876,0.919912,-215.426819,92.047707,97.630157
1147,9.558333,-0.007869,0.390589,0.028401,0.920093,-215.440338,92.046394,97.696960
1148,9.566667,-0.006293,0.390346,0.028368,0.920210,-215.445374,92.053749,97.756348
1149,9.575000,-0.005264,0.390236,0.027768,0.920281,-215.441086,92.061836,97.800072
1150,9.583333,-0.004552,0.390295,0.027291,0.920274,-215.431732,92.067024,97.831123
1151,9.591667,-0.004224,0.390314,0.027173,0.920271,-215.424423,92.074234,97.851585
1152,9.600000,-0.003968,0.390318,0.027589,0.920258,-215.422958,92.080841,97.860733
1153,9.608333,-0.003991,0.390173,0.027830,0.920312,-215.422318,92.083679,97.853981
1154,9.616667,-0.004280,0.390004,0.027869,0.920381,-215.421265,92.081688,97.837669
1155,9.625000,-0.004928,0.389919,0.027707,0.920419,-215.418320,92.076012,97.812302
1156,9.633333,-0.006005,0.389899,0.027867,0.920416,-215.418106,92.066917,97.773277
1157,9.641667,-0.006716,0.389797,0.027711,0.920459,-215.415741,92.058792,97.722992
1158,9.650000,-0.008190,0.389596,0.027092,0.920551,-215.409683,92.054756,97.661247
1159,9.658333,-0.010218,0.389698,0.026800,0.920496,-215.396957,92.051506,97.591248
1160,9.666667,-0.011483,0.390175,0.024932,0.920331,-215.375107,92.045975,97.521339
1161,9.675000,-0.013157,0.390098,0.023399,0.920382,-215.353424,92.051056,97.463112
1162,9.683333,-0.014101,0.390296,0.022340,0.920310,-215.331818,92.053986,97.414391
1163,9.691667,-0.014582,0.390399,0.022137,0.920264,-215.310928,92.056236,97.374710
1164,9.700000,-0.014834,0.390321,0.022562,0.920283,-215.296127,92.058823,97.349625
1165,9.708333,-0.014974,0.390340,0.022912,0.920264,-215.287323,92.057762,97.336632
1166,9.716667,-0.014741,0.390445,0.023129,0.920218,-215.285950,92.056587,97.339249
1167,9.725000,-0.014451,0.390616,0.023303,0.920145,-215.288086,92.056725,97.350822
1168,9.733333,-0.014531,0.390869,0.023387,0.920035,-215.292908,92.054520,97.375725
1169,9.741667,-0.014300,0.391027,0.023392,0.919971,-215.300720,92.051712,97.416817
1170,9.750000,-0.013948,0.391175,0.023731,0.919904,-215.313904,92.053467,97.467514
1171,9.758333,-0.012859,0.391414,0.024617,0.919796,-215.331985,92.050964,97.522980
1172,9.766667,-0.011447,0.391405,0.026256,0.919773,-215.360443,92.053673,97.589172
1173,9.775000,-0.010116,0.391383,0.027444,0.919763,-215.390701,92.055641,97.647079
1174,9.783333,-0.008130,0.391474,0.028268,0.919719,-215.419037,92.056641,97.706673
1175,9.791667,-0.006899,0.391180,0.029288,0.919822,-215.443771,92.060463,97.750153
1176,9.800000,-0.006239,0.391063,0.029361,0.919874,-215.460419,92.064026,97.781525
1177,9.808333,-0.005890,0.391136,0.028833,0.919863,-215.467697,92.067436,97.802109
1178,9.816667,-0.006031,0.391261,0.028218,0.919827,-215.465851,92.066597,97.808250
1179,9.825000,-0.006065,0.391323,0.027785,0.919814,-215.459625,92.067322,97.806580
1180,9.833333,-0.006136,0.391224,0.027739,0.919857,-215.442993,92.061981,97.787804
1181,9.841667,-0.006265,0.391142,0.027385,0.919901,-215.423676,92.055305,97.764130
1182,9.850000,-0.006506,0.390921,0.026967,0.920006,-215.399475,92.051163,97.727211
1183,9.858333,-0.008011,0.390462,0.027000,0.920188,-215.379791,92.056183,97.669991
1184,9.866667,-0.009605,0.390506,0.027205,0.920148,-215.365143,92.058601,97.607895
1185,9.875000,-0.010918,0.390756,0.026187,0.920057,-215.346985,92.054543,97.547867
1186,9.883333,-0.012469,0.390674,0.025038,0.920104,-215.328842,92.055710,97.492783
1187,9.891667,-0.013761,0.390583,0.024136,0.920148,-215.311935,92.054489,97.450714
1188,9.900000,-0.014615,0.390506,0.023443,0.920186,-215.298645,92.053749,97.416695
1189,9.908333,-0.014886,0.390283,0.023326,0.920279,-215.290405,92.054276,97.395615
1190,9.916667,-0.014921,0.390148,0.023390,0.920334,-215.287537,92.053947,97.389137
1191,9.925000,-0.014745,0.390002,0.023572,0.920394,-215.290039,92.054871,97.394058
1192,9.933333,-0.014514,0.389915,0.023697,0.920432,-215.298843,92.054733,97.413956
1193,9.941667,-0.014300,0.389746,0.024233,0.920492,-215.310120,92.052963,97.445801
1194,9.950000,-0.013726,0.389767,0.025080,0.920470,-215.325592,92.050102,97.485825
1195,9.958333,-0.012669,0.389822,0.025958,0.920437,-215.344528,92.046509,97.535683
1196,9.966667,-0.011274,0.389217,0.026887,0.920685,-215.365341,92.046463,97.597809
1197,9.975000,-0.009561,0.388583,0.027236,0.920961,-215.379761,92.042603,97.653404
1198,9.983333,-0.008096,0.388591,0.028255,0.920942,-215.397171,92.043312,97.702316
1199,9.991667,-0.006852,0.388900,0.028836,0.920803,-215.412552,92.049103,97.745552
1200,10.000000,-0.006376,0.388899,0.029095,0.920799,-215.418625,92.052650,97.772568
1201,10.008333,-0.005899,0.388974,0.028613,0.920785,-215.416595,92.053764,97.789017
1202,10.016667,-0.005551,0.388999,0.028185,0.920790,-215.409134,92.055664,97.793236
1203,10.025000,-0.005434,0.388897,0.028280,0.920831,-215.403397,92.056061,97.782394
1204,10.033333,-0.005873,0.388566,0.028547,0.920960,-215.398666,92.053505,97.764221
1205,10.041667,-0.006640,0.388101,0.028728,0.921145,-215.391617,92.049843,97.731369
1206,10.050000,-0.007849,0.387916,0.028358,0.921225,-215.384857,92.045059,97.685867
1207,10.058333,-0.009257,0.387953,0.027714,0.921216,-215.376862,92.044136,97.637642
1208,10.066667,-0.010898,0.388245,0.027259,0.921088,-215.364151,92.042412,97.582779
1209,10.075000,-0.011715,0.388569,0.025917,0.920980,-215.343979,92.041107,97.526947
1210,10.083333,-0.012604,0.388690,0.024735,0.920950,-215.323685,92.044952,97.483139
1211,10.091667,-0.013315,0.388725,0.024083,0.920943,-215.303848,92.047165,97.450859
1212,10.100000,-0.013719,0.388737,0.023948,0.920936,-215.288132,92.051712,97.435074
1213,10.108333,-0.013835,0.388768,0.023774,0.920925,-215.275620,92.054970,97.427055
1214,10.116667,-0.013773,0.388891,0.023919,0.920870,-215.269424,92.057152,97.432182
1215,10.125000,-0.013596,0.388936,0.024146,0.920848,-215.272400,92.059235,97.454086
1216,10.133333,-0.012753,0.389001,0.024549,0.920822,-215.279053,92.056999,97.482590
1217,10.141667,-0.011918,0.388949,0.025198,0.920838,-215.288956,92.050636,97.520561
1218,10.150000,-0.011106,0.388723,0.026039,0.920920,-215.305328,92.045296,97.571091
1219,10.158333,-0.010718,0.388689,0.026929,0.920913,-215.331650,92.047935,97.615173
1220,10.166667,-0.010054,0.388733,0.027866,0.920874,-215.363861,92.049774,97.648384
1221,10.175000,-0.009508,0.388724,0.028676,0.920859,-215.392227,92.046928,97.673500
1222,10.183333,-0.009354,0.388438,0.029637,0.920951,-215.418152,92.043068,97.691711
1223,10.191667,-0.009066,0.388229,0.030025,0.921029,-215.436386,92.041145,97.698891
1224,10.200000,-0.009100,0.388040,0.029958,0.921110,-215.445282,92.039619,97.695930
1225,10.208333,-0.009195,0.388063,0.029581,0.921112,-215.445755,92.039124,97.684357
1226,10.216667,-0.009359,0.388212,0.028817,0.921072,-215.436005,92.038383,97.664604
1227,10.225000,-0.009989,0.388293,0.027824,0.921062,-215.419250,92.038712,97.637085
1228,10.233333,-0.010967,0.388347,0.027118,0.921049,-215.395538,92.040596,97.600243
1229,10.241667,-0.011642,0.388415,0.026251,0.921037,-215.365982,92.044678,97.563866
1230,10.250000,-0.011828,0.388398,0.024604,0.921087,-215.325333,92.046211,97.536072
1231,10.258333,-0.012043,0.388446,0.023458,0.921094,-215.288330,92.051575,97.521019
1232,10.266667,-0.012065,0.388702,0.022223,0.921017,-215.253662,92.056671,97.520485
1233,10.275000,-0.011610,0.388360,0.022227,0.921166,-215.225128,92.051941,97.523621
1234,10.283333,-0.011139,0.388562,0.021787,0.921098,-215.205124,92.055023,97.540756
1235,10.291667,-0.010791,0.388841,0.021642,0.920987,-215.196487,92.057076,97.552643
1236,10.300000,-0.010809,0.388983,0.021656,0.920927,-215.203979,92.059807,97.559090
1237,10.308333,-0.011621,0.389415,0.019668,0.920779,-215.229919,92.079231,97.562424
1238,10.316667,-0.012061,0.389500,0.020698,0.920715,-215.263947,92.081810,97.551018
1239,10.325000,-0.012686,0.389956,0.021098,0.920505,-215.296249,92.089378,97.556061
1240,10.333333,-0.013313,0.390448,0.021775,0.920271,-215.334961,92.093666,97.573105
1241,10.341667,-0.013773,0.390436,0.022598,0.920250,-215.373322,92.092125,97.595322
1242,10.350000,-0.013262,0.390256,0.023105,0.920321,-215.404861,92.088631,97.622406
1243,10.358333,-0.012396,0.390033,0.023527,0.920417,-215.429108,92.088821,97.643456
1244,10.366667,-0.011621,0.389831,0.023800,0.920506,-215.446396,92.088928,97.659058
1245,10.375000,-0.011222,0.389530,0.024050,0.920631,-215.457123,92.088608,97.668030
1246,10.383333,-0.011154,0.389374,0.023844,0.920704,-215.459396,92.087540,97.668694
1247,10.391667,-0.011306,0.389251,0.023371,0.920766,-215.451859,92.087975,97.660332
1248,10.400000,-0.011538,0.389206,0.022532,0.920803,-215.435242,92.086952,97.644707
1249,10.408333,-0.012173,0.389143,0.021995,0.920834,-215.413361,92.087456,97.622398
1250,10.416667,-0.012666,0.389003,0.021160,0.920906,-215.383606,92.089966,97.596809
1251,10.425000,-0.012548,0.388882,0.020049,0.920984,-215.345428,92.091721,97.577461
1252,10.433333,-0.012182,0.388740,0.018712,0.921077,-215.304382,92.091591,97.567780
1253,10.441667,-0.011726,0.388362,0.018700,0.921242,-215.273575,92.084915,97.564743
1254,10.450000,-0.011714,0.388617,0.017898,0.921151,-215.243057,92.087570,97.567116
1255,10.458333,-0.011625,0.388849,0.017808,0.921056,-215.225403,92.090759,97.566254
1256,10.466667,-0.011817,0.389004,0.018064,0.920983,-215.220901,92.093681,97.556702
1257,10.475000,-0.012158,0.388919,0.018805,0.921000,-215.227219,92.091896,97.543884
1258,10.483333,-0.012355,0.388836,0.020062,0.921006,-215.246582,92.085373,97.539337
1259,10.491667,-0.012274,0.388846,0.021842,0.920962,-215.261978,92.070145,97.550034
1260,10.500000,-0.011679,0.388615,0.024072,0.921012,-215.284607,92.052170,97.571381
1261,10.508333,-0.011394,0.388471,0.026605,0.921006,-215.315216,92.041519,97.589836
1262,10.516667,-0.011345,0.388444,0.028934,0.920948,-215.353256,92.034981,97.604248
1263,10.525000,-0.011352,0.388507,0.030512,0.920870,-215.386871,92.025337,97.609711
1264,10.533333,-0.011219,0.388508,0.031426,0.920841,-215.413208,92.016785,97.607216
1265,10.541667,-0.011577,0.388513,0.032146,0.920810,-215.433243,92.013527,97.600548
1266,10.550000,-0.011772,0.388441,0.032555,0.920823,-215.444870,92.008987,97.588921
1267,10.558333,-0.012027,0.388338,0.032565,0.920863,-215.448929,92.006607,97.585991
1268,10.566667,-0.011802,0.388134,0.032455,0.920956,-215.445068,92.006424,97.590546
1269,10.575000,-0.011656,0.388118,0.031840,0.920986,-215.433243,92.008759,97.593506
1270,10.583333,-0.011555,0.388107,0.031209,0.921013,-215.416077,92.013283,97.587944
1271,10.591667,-0.011452,0.387959,0.030286,0.921108,-215.391968,92.016365,97.586067
1272,10.600000,-0.011003,0.387627,0.028956,0.921296,-215.359955,92.019310,97.585449
1273,10.608333,-0.010407,0.387520,0.027557,0.921391,-215.324158,92.022964,97.576607
1274,10.616667,-0.010266,0.387858,0.026387,0.921284,-215.292480,92.028740,97.559235
1275,10.625000,-0.009740,0.387481,0.029084,0.921367,-215.260345,91.997841,97.534271
1276,10.633333,-0.010101,0.387815,0.029484,0.921210,-215.237854,91.988792,97.535652
1277,10.641667,-0.009950,0.388172,0.029691,0.921055,-215.226868,91.987602,97.541443
1278,10.650000,-0.009980,0.388494,0.030337,0.920898,-215.230377,91.986916,97.539734
1279,10.658333,-0.009984,0.388629,0.030874,0.920823,-215.244217,91.987404,97.540817
1280,10.666667,-0.009753,0.388328,0.031527,0.920930,-215.263626,91.984100,97.548805
1281,10.675000,-0.009789,0.388190,0.032338,0.920960,-215.288162,91.983559,97.563690
1282,10.683333,-0.010460,0.388866,0.032175,0.920673,-215.322021,91.998711,97.580162
1283,10.691667,-0.010810,0.388767,0.031517,0.920733,-215.350769,92.008537,97.595062
1284,10.700000,-0.011541,0.388576,0.030278,0.920847,-215.375702,92.020432,97.605614
1285,10.708333,-0.011757,0.388798,0.028368,0.920811,-215.391922,92.038811,97.614754
1286,10.716667,-0.012494,0.389611,0.024262,0.920575,-215.403931,92.075615,97.629440
1287,10.725000,-0.012987,0.390327,0.021120,0.920342,-215.402130,92.099960,97.628578
1288,10.733333,-0.013265,0.390610,0.020403,0.920235,-215.392853,92.104317,97.623650
1289,10.741667,-0.013079,0.390472,0.019851,0.920308,-215.373657,92.102173,97.624329
1290,10.750000,-0.012444,0.390023,0.019614,0.920512,-215.346344,92.098869,97.628922
1291,10.758333,-0.011573,0.389760,0.019449,0.920638,-215.318268,92.094971,97.625130
1292,10.766667,-0.011594,0.389909,0.019647,0.920571,-215.295380,92.096619,97.610748
1293,10.775000,-0.012014,0.390201,0.019968,0.920435,-215.280731,92.095406,97.598167
1294,10.783333,-0.012216,0.390465,0.020927,0.920299,-215.272873,92.084785,97.594330
1295,10.791667,-0.011851,0.390371,0.022817,0.920299,-215.270950,92.065315,97.600334
1296,10.800000,-0.012194,0.390819,0.020926,0.920149,-215.282745,92.085030,97.610474
1297,10.808333,-0.012489,0.391328,0.020260,0.919944,-215.299149,92.100563,97.612694
1298,10.816667,-0.012769,0.391350,0.019939,0.919937,-215.315430,92.107132,97.618896
1299,10.825000,-0.012807,0.391066,0.019818,0.920060,-215.324432,92.104706,97.628944
1300,10.833333,-0.012071,0.390661,0.019663,0.920245,-215.327744,92.102943,97.642532
1301,10.841667,-0.011631,0.390478,0.019371,0.920335,-215.328598,92.105446,97.647308
1302,10.850000,-0.011528,0.390635,0.019239,0.920272,-215.329010,92.108482,97.639503
1303,10.858333,-0.011970,0.390817,0.018884,0.920197,-215.326691,92.110085,97.628288
1304,10.866667,-0.012221,0.390869,0.017966,0.920190,-215.316223,92.108963,97.623276
1305,10.875000,-0.012393,0.390932,0.017414,0.920171,-215.304062,92.109138,97.616539
1306,10.883333,-0.012664,0.391008,0.016908,0.920145,-215.294785,92.113373,97.615646
1307,10.891667,-0.012713,0.391298,0.017031,0.920019,-215.291840,92.119347,97.619072
1308,10.900000,-0.012958,0.391442,0.017136,0.919952,-215.294403,92.125069,97.621140
1309,10.908333,-0.012800,0.391369,0.017112,0.919986,-215.297394,92.126579,97.630516
1310,10.916667,-0.012837,0.391383,0.017412,0.919974,-215.303345,92.126022,97.633240
1311,10.925000,-0.012615,0.391261,0.017513,0.920027,-215.308807,92.125824,97.636963
1312,10.933333,-0.012432,0.390988,0.017684,0.920142,-215.312073,92.121460,97.631027
1313,10.941667,-0.012260,0.390811,0.017706,0.920219,-215.312485,92.117012,97.627319
1314,10.950000,-0.012445,0.390680,0.017616,0.920274,-215.310669,92.114845,97.620049
1315,10.958333,-0.012663,0.390738,0.017679,0.920245,-215.307236,92.112259,97.616425
1316,10.966667,-0.012700,0.390831,0.017832,0.920202,-215.304153,92.110924,97.615982
1317,10.975000,-0.012760,0.390899,0.018262,0.920164,-215.303833,92.110649,97.618866
1318,10.983333,-0.012709,0.390857,0.018541,0.920177,-215.306168,92.111290,97.621292
1319,10.991667,-0.012697,0.390873,0.018750,0.920166,-215.310379,92.110832,97.625786
1320,11.000000,-0.012673,0.390848,0.019140,0.920169,-215.314667,92.107735,97.627060
1321,11.008333,-0.012494,0.390705,0.019270,0.920229,-215.318710,92.106285,97.630005
1322,11.016667,-0.012474,0.390675,0.019332,0.920241,-215.320511,92.103264,97.628723
1323,11.025000,-0.012217,0.390622,0.019300,0.920268,-215.320206,92.103012,97.626259
1324,11.033333,-0.012152,0.390591,0.019188,0.920284,-215.317490,92.102043,97.624031
1325,11.041667,-0.012114,0.390553,0.019205,0.920300,-215.313141,92.101173,97.620506
1326,11.050000,-0.012427,0.390532,0.019240,0.920304,-215.307999,92.098930,97.616730
1327,11.058333,-0.012515,0.390639,0.019179,0.920259,-215.303497,92.099655,97.613480
1328,11.066667,-0.012502,0.390672,0.019305,0.920243,-215.300629,92.100235,97.613602
1329,11.075000,-0.012580,0.390711,0.019246,0.920226,-215.300827,92.102325,97.616486
1330,11.083333,-0.012416,0.390754,0.019382,0.920207,-215.302750,92.103836,97.618454
1331,11.091667,-0.012394,0.390718,0.019438,0.920222,-215.305283,92.103180,97.620567
1332,11.100000,-0.012409,0.390647,0.019476,0.920251,-215.308472,92.102234,97.621826
1333,11.108333,-0.012459,0.390627,0.019335,0.920262,-215.311813,92.102043,97.624191
1334,11.116667,-0.012343,0.390658,0.019238,0.920252,-215.314011,92.101440,97.624153
1335,11.125000,-0.012204,0.390702,0.019286,0.920234,-215.315796,92.102638,97.624573
1336,11.133333,-0.012224,0.390669,0.019170,0.920250,-215.316437,92.102722,97.625114
1337,11.141667,-0.012265,0.390660,0.019139,0.920254,-215.316742,92.103752,97.625725
1338,11.150000,-0.012316,0.390659,0.019059,0.920256,-215.316299,92.104546,97.625183
1339,11.158333,-0.012338,0.390677,0.019138,0.920246,-215.315506,92.103783,97.625343
1340,11.166667,-0.012293,0.390719,0.019084,0.920230,-215.314789,92.104568,97.625572
1341,11.175000,-0.012311,0.390676,0.019019,0.920249,-215.313797,92.105637,97.623833
1342,11.183333,-0.012297,0.390630,0.019100,0.920268,-215.312012,92.104820,97.624100
1343,11.191667,-0.012307,0.390645,0.019107,0.920261,-215.310318,92.103729,97.621368
1344,11.200000,-0.012316,0.390619,0.019168,0.920270,-215.308411,92.102913,97.619476
1345,11.208333,-0.012417,0.390602,0.019118,0.920277,-215.306137,92.102310,97.616867
1346,11.216667,-0.012612,0.390686,0.018887,0.920244,-215.303665,92.101631,97.615807
1347,11.225000,-0.012654,0.390741,0.018671,0.920224,-215.301590,92.102539,97.615692
1348,11.233333,-0.012795,0.390844,0.018409,0.920184,-215.301514,92.105110,97.617500
1349,11.241667,-0.012828,0.390889,0.018422,0.920164,-215.301941,92.106125,97.619118
1350,11.250000,-0.012777,0.390861,0.018369,0.920178,-215.304871,92.109818,97.621544
1351,11.258333,-0.012715,0.390841,0.018346,0.920187,-215.307037,92.110535,97.623161
1352,11.266667,-0.012590,0.390776,0.018089,0.920222,-215.309387,92.112946,97.623718
1353,11.275000,-0.012439,0.390766,0.018013,0.920230,-215.310959,92.114540,97.624870
1354,11.283333,-0.012421,0.390792,0.017834,0.920223,-215.311844,92.115952,97.624702
1355,11.291667,-0.012557,0.390799,0.017729,0.920220,-215.311386,92.115852,97.624245
1356,11.300000,-0.012513,0.390822,0.017661,0.920212,-215.310715,92.116341,97.624100
1357,11.308333,-0.012547,0.390837,0.017638,0.920206,-215.309647,92.115417,97.624054
1358,11.316667,-0.012604,0.390824,0.017707,0.920209,-215.308563,92.115234,97.622047
1359,11.325000,-0.012633,0.390848,0.017692,0.920199,-215.307785,92.115471,97.622551
1360,11.333333,-0.012487,0.390836,0.017675,0.920206,-215.306229,92.116188,97.620956
1361,11.341667,-0.012684,0.390882,0.017556,0.920186,-215.304703,92.115784,97.621399
1362,11.350000,-0.012752,0.390906,0.017335,0.920179,-215.302414,92.114952,97.619652
1363,11.358333,-0.012803,0.390916,0.017284,0.920175,-215.300781,92.116547,97.617653
1364,11.366667,-0.012867,0.390986,0.017075,0.920148,-215.300110,92.118729,97.618340
1365,11.375000,-0.012847,0.390941,0.016951,0.920170,-215.299271,92.119499,97.619942
1366,11.383333,-0.012843,0.390992,0.017025,0.920147,-215.299683,92.120216,97.619576
1367,11.391667,-0.012762,0.391035,0.017144,0.920128,-215.299606,92.119011,97.620918
1368,11.400000,-0.012735,0.390962,0.017163,0.920159,-215.300034,92.119148,97.619774
1369,11.408333,-0.012674,0.390975,0.017110,0.920155,-215.300293,92.118149,97.619484
1370,11.416667,-0.013801,0.391910,0.018507,0.919714,-215.300110,92.127632,97.603958
1371,11.425000,-0.014770,0.392778,0.019686,0.919304,-215.295197,92.133766,97.591530
1372,11.433333,-0.013419,0.392276,0.017896,0.919576,-215.287537,92.118454,97.601685
1373,11.441667,-0.012430,0.392084,0.016718,0.919694,-215.287308,92.105568,97.603836
1374,11.450000,-0.011452,0.392186,0.016089,0.919674,-215.292389,92.096085,97.602440
1375,11.458333,-0.011168,0.391900,0.016185,0.919798,-215.299957,92.089890,97.602310
