Format Version,1.25,Take Name,Take 2025-11-27 04.46.45 PM,Take Notes,,Capture Frame Rate,120.000000,Export Frame Rate,120.000000,Capture Start Time,2025-11-27 04.46.46.167 PM,Capture Start Frame,2471284,Total Frames in Take,1375,Total Exported Frames,1375,Rotation Type,Quaternion,Length Units,Centimeters,Coordinate Space,Global

,Type,Rigid Body,Rigid Body,Rigid Body,Rigid Body,Rigid Body,Rigid Body,Rigid Body
,Name,SEE_large,SEE_large,SEE_large,SEE_large,SEE_large,SEE_large,SEE_large
,ID,B4680608301811F031C44B617C10C291,B4680608301811F031C44B617C10C291,B4680608301811F031C44B617C10C291,B4680608301811F031C44B617C10C291,B4680608301811F031C44B617C10C291,B4680608301811F031C44B617C10C291,B4680608301811F031C44B617C10C291
,Parent,,,,,,,
,,Rotation,Rotation,Rotation,Rotation,Position,Position,Position
Frame,Time (Seconds),X,Y,Z,W,X,Y,Z
0,0.000000,-0.006633,0.406319,0.012582,0.913620,-215.854309,92.160934,84.020660
1,0.008333,-0.006409,0.406328,0.012665,0.913617,-215.854141,92.163261,84.020958
2,0.016667,-0.006432,0.406244,0.012797,0.913652,-215.853195,92.163757,84.021088
3,0.025000,-0.006279,0.406213,0.012694,0.913669,-215.853363,92.163841,84.021935
4,0.033333,-0.006382,0.406220,0.012659,0.913665,-215.854385,92.164764,84.023010
5,0.041667,-0.006350,0.406302,0.012698,0.913629,-215.854675,92.164299,84.021988
6,0.050000,-0.006474,0.406294,0.012677,0.913632,-215.855240,92.163399,84.024025
7,0.058333,-0.006543,0.406185,0.012736,0.913679,-215.855484,92.162933,84.025574
8,0.066667,-0.006566,0.406249,0.012654,0.913651,-215.854675,92.162193,84.024628
9,0.075000,-0.006462,0.406243,0.012642,0.913655,-215.855072,92.162148,84.025017
10,0.083333,-0.006518,0.406262,0.012712,0.913645,-215.854523,92.163147,84.024414
11,0.091667,-0.006458,0.406257,0.012579,0.913649,-215.853119,92.161423,84.024010
12,0.100000,-0.006251,0.406290,0.012552,0.913637,-215.852539,92.161850,84.024750
13,0.108333,-0.006278,0.406294,0.012668,0.913633,-215.851517,92.163727,84.023758
14,0.116667,-0.006410,0.406256,0.012637,0.913649,-215.849854,92.163071,84.023933
15,0.125000,-0.006412,0.406240,0.012680,0.913656,-215.850281,92.164764,84.024742
16,0.133333,-0.006308,0.406229,0.012714,0.913661,-215.850113,92.164352,84.026146
17,0.141667,-0.006357,0.406240,0.012733,0.913656,-215.850525,92.164711,84.025627
18,0.150000,-0.006363,0.406206,0.012806,0.913670,-215.851044,92.164291,84.026260
19,0.158333,-0.006374,0.406202,0.012776,0.913672,-215.851944,92.164108,84.025795
20,0.166667,-0.006341,0.406265,0.012614,0.913647,-215.852234,92.162338,84.025940
21,0.175000,-0.006325,0.406272,0.012701,0.913642,-215.854645,92.164085,84.026459
22,0.183333,-0.006493,0.406220,0.012670,0.913664,-215.854782,92.162834,84.027283
23,0.191667,-0.006514,0.406265,0.012645,0.913645,-215.854858,92.163109,84.025772
24,0.200000,-0.006444,0.406291,0.012644,0.913633,-215.855103,92.162689,84.026192
25,0.208333,-0.006541,0.406278,0.012572,0.913640,-215.854736,92.163223,84.026100
26,0.216667,-0.006552,0.406259,0.012624,0.913647,-215.853699,92.161995,84.025208
27,0.225000,-0.006584,0.406237,0.012662,0.913656,-215.854523,92.163597,84.024719
28,0.233333,-0.006362,0.406310,0.012666,0.913625,-215.854599,92.162560,84.025185
29,0.241667,-0.006251,0.406279,0.012703,0.913639,-215.854599,92.164299,84.023399
30,0.250000,-0.006428,0.406213,0.012792,0.913666,-215.854385,92.164192,84.024185
31,0.258333,-0.006413,0.406171,0.012823,0.913685,-215.854568,92.165756,84.024277
32,0.266667,-0.006210,0.406180,0.012744,0.913683,-215.855026,92.165169,84.023788
33,0.275000,-0.006272,0.406191,0.012860,0.913676,-215.856384,92.165047,84.023430
34,0.283333,-0.006303,0.406204,0.012760,0.913672,-215.857620,92.164619,84.023331
35,0.291667,-0.006398,0.406201,0.012732,0.913673,-215.858032,92.163536,84.023849
36,0.300000,-0.006694,0.406405,0.012656,0.913581,-215.861343,92.161903,84.021935
37,0.308333,-0.006955,0.406535,0.012548,0.913522,-215.863770,92.159798,84.020905
38,0.316667,-0.007100,0.406607,0.012413,0.913491,-215.865356,92.158302,84.020203
39,0.325000,-0.007053,0.406567,0.012543,0.913508,-215.866898,92.159424,84.022041
40,0.333333,-0.006931,0.406628,0.012420,0.913483,-215.867493,92.158928,84.023666
41,0.341667,-0.006766,0.406678,0.012487,0.913461,-215.869492,92.159500,84.023972
42,0.350000,-0.006663,0.406662,0.012498,0.913469,-215.870590,92.160339,84.024628
43,0.358333,-0.006574,0.406661,0.012555,0.913469,-215.870911,92.160873,84.025566
44,0.366667,-0.006525,0.406702,0.012643,0.913450,-215.872620,92.162918,84.025368
45,0.375000,-0.006288,0.406729,0.012715,0.913439,-215.872620,92.163239,84.023849
46,0.383333,-0.006183,0.406754,0.012640,0.913430,-215.873383,92.162628,84.023178
47,0.391667,-0.006275,0.406705,0.012660,0.913450,-215.873718,92.164078,84.021965
48,0.400000,-0.006319,0.406645,0.012715,0.913476,-215.872955,92.162834,84.022552
49,0.408333,-0.006432,0.406676,0.012651,0.913462,-215.872055,92.162361,84.021172
50,0.416667,-0.006496,0.406702,0.012644,0.913450,-215.872101,92.161499,84.020927
51,0.425000,-0.006579,0.406710,0.012624,0.913447,-215.871552,92.160042,84.020844
52,0.433333,-0.006740,0.406676,0.012579,0.913461,-215.871185,92.160324,84.021225
53,0.441667,-0.006973,0.406657,0.012612,0.913467,-215.870041,92.158875,84.021858
54,0.450000,-0.007016,0.406631,0.012557,0.913479,-215.869385,92.159172,84.021851
55,0.458333,-0.007046,0.406613,0.012469,0.913488,-215.868790,92.158165,84.022217
56,0.466667,-0.007152,0.406655,0.012472,0.913469,-215.869720,92.156639,84.025101
57,0.475000,-0.007176,0.406595,0.012556,0.913494,-215.868347,92.155647,84.026054
58,0.483333,-0.006891,0.406610,0.012515,0.913490,-215.867096,92.156662,84.028008
59,0.491667,-0.007038,0.406539,0.012690,0.913518,-215.867264,92.158035,84.030235
60,0.500000,-0.006834,0.406405,0.012692,0.913580,-215.867233,92.159012,84.035408
61,0.508333,-0.006425,0.406311,0.012721,0.913624,-215.867905,92.161476,84.037636
62,0.516667,-0.006156,0.406254,0.012858,0.913649,-215.869736,92.164192,84.039047
63,0.525000,-0.006082,0.406167,0.012835,0.913688,-215.871185,92.163826,84.038910
64,0.533333,-0.006114,0.406219,0.012843,0.913665,-215.873260,92.163795,84.037788
65,0.541667,-0.006277,0.406283,0.012722,0.913637,-215.875381,92.162674,84.035011
66,0.550000,-0.006486,0.406389,0.012539,0.913591,-215.876251,92.160866,84.032120
67,0.558333,-0.006442,0.406426,0.012356,0.913577,-215.876511,92.159393,84.031693
68,0.566667,-0.006639,0.406411,0.012310,0.913584,-215.874863,92.158211,84.031662
69,0.575000,-0.006769,0.406355,0.012410,0.913606,-215.873138,92.158798,84.033028
70,0.583333,-0.006628,0.406312,0.012484,0.913625,-215.871887,92.159454,84.033852
71,0.591667,-0.006626,0.406356,0.012396,0.913607,-215.871078,92.159088,84.035378
72,0.600000,-0.006490,0.406429,0.012528,0.913573,-215.872406,92.160919,84.036430
73,0.608333,-0.006542,0.406349,0.012506,0.913609,-215.873093,92.160881,84.036446
74,0.616667,-0.006596,0.406428,0.012367,0.913575,-215.876358,92.160225,84.036972
75,0.625000,-0.006626,0.406474,0.012540,0.913552,-215.882416,92.160782,84.038918
76,0.633333,-0.006580,0.406382,0.012688,0.913592,-215.891434,92.163757,84.041077
77,0.641667,-0.006860,0.406297,0.013042,0.913622,-215.903656,92.165581,84.044319
78,0.650000,-0.007087,0.406178,0.013222,0.913671,-215.919754,92.165161,84.046425
79,0.658333,-0.007603,0.405991,0.013446,0.913747,-215.938065,92.161819,84.046516
80,0.666667,-0.008010,0.406141,0.014085,0.913667,-215.963577,92.160141,84.049339
81,0.675000,-0.008695,0.405947,0.014793,0.913736,-215.984222,92.155769,84.049728
82,0.683333,-0.008890,0.405857,0.015345,0.913764,-216.001846,92.149368,84.050140
83,0.691667,-0.009210,0.405857,0.015869,0.913752,-216.016129,92.147568,84.051308
84,0.700000,-0.009307,0.405857,0.016105,0.913747,-216.024490,92.145912,84.053474
85,0.708333,-0.009419,0.405881,0.016287,0.913732,-216.030365,92.144447,84.054688
86,0.716667,-0.009183,0.405830,0.016376,0.913756,-216.032455,92.144524,84.055603
87,0.725000,-0.009395,0.405793,0.016583,0.913766,-216.034607,92.145851,84.056458
88,0.733333,-0.009559,0.405815,0.016615,0.913754,-216.037033,92.145378,84.058922
89,0.741667,-0.009514,0.405807,0.016599,0.913758,-216.040665,92.147331,84.059898
90,0.750000,-0.009475,0.405888,0.016825,0.913719,-216.045410,92.146904,84.063240
91,0.758333,-0.009648,0.405847,0.017120,0.913730,-216.052429,92.146935,84.063736
92,0.766667,-0.009824,0.405704,0.017331,0.913788,-216.059540,92.145744,84.064888
93,0.775000,-0.009810,0.405784,0.017753,0.913744,-216.072174,92.145515,84.065750
94,0.783333,-0.010089,0.405328,0.018432,0.913930,-216.087845,92.149261,84.073235
95,0.791667,-0.010295,0.405096,0.019187,0.914015,-216.103485,92.151695,84.076462
96,0.800000,-0.010453,0.405045,0.019730,0.914024,-216.119766,92.151405,84.081017
97,0.808333,-0.010395,0.404723,0.020803,0.914144,-216.150665,92.145432,84.084633
98,0.816667,-0.010233,0.404823,0.020997,0.914097,-216.168945,92.145813,84.086403
99,0.825000,-0.010184,0.404924,0.020969,0.914053,-216.184448,92.143456,84.088120
100,0.833333,-0.010268,0.405089,0.020940,0.913980,-216.185379,92.146507,84.085526
101,0.841667,-0.010157,0.404868,0.021698,0.914061,-216.198395,92.141953,84.086227
102,0.850000,-0.010244,0.404882,0.021354,0.914062,-216.195343,92.146942,84.086189
103,0.858333,-0.010672,0.404847,0.021012,0.914081,-216.194199,92.152443,84.088181
104,0.866667,-0.010592,0.404793,0.021110,0.914103,-216.196350,92.156723,84.089973
105,0.875000,-0.010570,0.404475,0.021538,0.914235,-216.203445,92.157906,84.091927
106,0.883333,-0.010853,0.404112,0.021817,0.914385,-216.214172,92.156731,84.093658
107,0.891667,-0.010962,0.403759,0.022284,0.914528,-216.225815,92.156395,84.095627
108,0.900000,-0.011170,0.403508,0.022768,0.914625,-216.236206,92.155037,84.097733
109,0.908333,-0.011129,0.403369,0.023068,0.914679,-216.244507,92.155663,84.098305
110,0.916667,-0.010984,0.403177,0.023266,0.914760,-216.250443,92.155220,84.099854
111,0.925000,-0.011210,0.402938,0.023338,0.914861,-216.255814,92.155876,84.102066
112,0.933333,-0.011019,0.402887,0.023583,0.914879,-216.261292,92.159058,84.103355
113,0.941667,-0.011499,0.402669,0.023511,0.914972,-216.267654,92.159554,84.105034
114,0.950000,-0.011607,0.402523,0.023935,0.915023,-216.277786,92.162331,84.108467
115,0.958333,-0.011567,0.402308,0.024357,0.915107,-216.291519,92.166954,84.111298
116,0.966667,-0.011750,0.402127,0.024901,0.915170,-216.307800,92.169365,84.113434
117,0.975000,-0.012632,0.402001,0.026414,0.915171,-216.331360,92.180618,84.118477
118,0.983333,-0.012725,0.401538,0.027352,0.915346,-216.344482,92.184921,84.120605
119,0.991667,-0.013299,0.401316,0.027716,0.915424,-216.355377,92.182053,84.120338
120,1.000000,-0.013446,0.401322,0.027872,0.915414,-216.365021,92.179741,84.119102
121,1.008333,-0.013253,0.401407,0.027970,0.915377,-216.370270,92.179993,84.118637
122,1.016667,-0.013216,0.401404,0.027892,0.915381,-216.373795,92.180832,84.119156
123,1.025000,-0.013224,0.401433,0.027901,0.915368,-216.375916,92.180428,84.118858
124,1.033333,-0.013330,0.401352,0.028094,0.915396,-216.380005,92.183197,84.119026
125,1.041667,-0.013236,0.401236,0.028216,0.915445,-216.384476,92.184792,84.119301
126,1.050000,-0.013285,0.401018,0.028270,0.915538,-216.389938,92.184135,84.120300
127,1.058333,-0.013357,0.400947,0.028444,0.915562,-216.392639,92.181847,84.120850
128,1.066667,-0.013466,0.400813,0.028310,0.915623,-216.391037,92.179619,84.120193
129,1.075000,-0.013504,0.400784,0.028231,0.915638,-216.384598,92.179466,84.118889
130,1.083333,-0.013315,0.400870,0.027918,0.915613,-216.375107,92.179710,84.119080
131,1.091667,-0.013230,0.400907,0.027803,0.915601,-216.369171,92.181976,84.119537
132,1.100000,-0.013357,0.400924,0.027728,0.915594,-216.367340,92.183815,84.119911
133,1.108333,-0.013373,0.400987,0.027695,0.915568,-216.371887,92.184883,84.120743
134,1.116667,-0.013292,0.400942,0.027759,0.915586,-216.377090,92.185143,84.119972
135,1.125000,-0.013342,0.400905,0.028102,0.915591,-216.381378,92.183128,84.118805
136,1.133333,-0.013353,0.400811,0.028050,0.915634,-216.382217,92.180901,84.118019
137,1.141667,-0.013248,0.400875,0.027964,0.915610,-216.381149,92.179527,84.118408
138,1.150000,-0.013270,0.400871,0.027840,0.915615,-216.379974,92.180069,84.117058
139,1.158333,-0.013299,0.400867,0.027720,0.915620,-216.377213,92.180595,84.117149
140,1.166667,-0.013402,0.400768,0.027681,0.915664,-216.375519,92.180466,84.114906
141,1.175000,-0.013378,0.400927,0.027636,0.915595,-216.374710,92.180298,84.116920
142,1.183333,-0.013205,0.401017,0.027782,0.915554,-216.374298,92.182785,84.117882
143,1.191667,-0.013001,0.400937,0.027911,0.915588,-216.375656,92.184540,84.118828
144,1.200000,-0.012930,0.400924,0.028077,0.915590,-216.378326,92.184654,84.119690
145,1.208333,-0.013002,0.400906,0.028045,0.915598,-216.382523,92.185013,84.119797
146,1.216667,-0.013129,0.400906,0.028180,0.915592,-216.385239,92.183640,84.119835
147,1.225000,-0.013225,0.400883,0.028211,0.915599,-216.385300,92.181747,84.120064
148,1.233333,-0.013172,0.400907,0.028181,0.915590,-216.383453,92.181656,84.119759
149,1.241667,-0.013216,0.400900,0.028046,0.915597,-216.381622,92.181244,84.119865
150,1.250000,-0.013226,0.400943,0.028058,0.915578,-216.382126,92.182198,84.120087
151,1.258333,-0.013264,0.400877,0.027946,0.915610,-216.383057,92.181740,84.120438
152,1.266667,-0.013495,0.400837,0.027958,0.915623,-216.384857,92.181747,84.119011
153,1.275000,-0.013546,0.400849,0.028002,0.915616,-216.386459,92.181572,84.118279
154,1.283333,-0.013333,0.400926,0.028193,0.915579,-216.388153,92.183060,84.118851
155,1.291667,-0.013329,0.400892,0.028317,0.915591,-216.388580,92.183403,84.119888
156,1.300000,-0.013313,0.400856,0.028200,0.915610,-216.388962,92.183380,84.119469
157,1.308333,-0.013390,0.400891,0.028113,0.915596,-216.389114,92.181587,84.118805
158,1.316667,-0.013588,0.400938,0.028045,0.915575,-216.391174,92.180618,84.119102
159,1.325000,-0.013391,0.400954,0.028170,0.915567,-216.393753,92.181511,84.119759
160,1.333333,-0.013449,0.400962,0.028327,0.915558,-216.394547,92.182030,84.120682
161,1.341667,-0.013542,0.400935,0.028397,0.915566,-216.395218,92.182602,84.121422
162,1.350000,-0.013572,0.400969,0.028455,0.915549,-216.395859,92.181969,84.121834
163,1.358333,-0.013529,0.400978,0.028425,0.915547,-216.396118,92.181061,84.121758
164,1.366667,-0.013615,0.401034,0.028396,0.915522,-216.396790,92.180511,84.121223
165,1.375000,-0.013600,0.401108,0.028431,0.915488,-216.397446,92.181702,84.120934
166,1.383333,-0.013695,0.401006,0.028329,0.915535,-216.397232,92.179527,84.121574
167,1.391667,-0.013694,0.400998,0.028242,0.915541,-216.398026,92.179314,84.120193
168,1.400000,-0.013740,0.401089,0.028312,0.915498,-216.399796,92.179581,84.119987
169,1.408333,-0.013693,0.401062,0.028410,0.915508,-216.400314,92.179939,84.119537
170,1.416667,-0.013618,0.400989,0.028375,0.915542,-216.399765,92.180283,84.120522
171,1.425000,-0.013535,0.401031,0.028404,0.915524,-216.398483,92.180634,84.119667
172,1.433333,-0.013547,0.400979,0.028369,0.915548,-216.398788,92.181229,84.119392
173,1.441667,-0.013534,0.401048,0.028294,0.915520,-216.399673,92.181076,84.119896
174,1.450000,-0.013580,0.401064,0.028389,0.915509,-216.401123,92.180496,84.119370
175,1.458333,-0.013328,0.401096,0.028413,0.915498,-216.403580,92.181076,84.120041
176,1.466667,-0.013466,0.401124,0.028575,0.915479,-216.406418,92.182564,84.119781
177,1.475000,-0.013604,0.401168,0.028665,0.915455,-216.408035,92.181343,84.120430
178,1.483333,-0.013805,0.401112,0.028799,0.915472,-216.409546,92.181068,84.119675
179,1.491667,-0.014028,0.401091,0.028654,0.915483,-216.410355,92.179665,84.121063
180,1.500000,-0.014019,0.401079,0.028567,0.915490,-216.409714,92.177567,84.121056
181,1.508333,-0.013882,0.401111,0.028469,0.915482,-216.407745,92.178024,84.121254
182,1.516667,-0.013667,0.401109,0.028434,0.915487,-216.405273,92.178642,84.120781
183,1.525000,-0.013601,0.401140,0.028347,0.915477,-216.405273,92.179703,84.121353
184,1.533333,-0.013458,0.401154,0.028490,0.915469,-216.406845,92.180855,84.121574
185,1.541667,-0.013918,0.401091,0.028482,0.915490,-216.409042,92.180084,84.121346
186,1.550000,-0.013832,0.401140,0.028611,0.915465,-216.410034,92.179573,84.120636
187,1.558333,-0.013839,0.401122,0.028498,0.915477,-216.410751,92.179077,84.120163
188,1.566667,-0.013788,0.401114,0.028500,0.915481,-216.410797,92.178139,84.119423
189,1.575000,-0.013680,0.401158,0.028648,0.915459,-216.410416,92.179016,84.118996
190,1.583333,-0.013613,0.401094,0.028526,0.915492,-216.409851,92.180550,84.118805
191,1.591667,-0.013572,0.401087,0.028611,0.915492,-216.409058,92.180405,84.118401
192,1.600000,-0.013573,0.401142,0.028639,0.915467,-216.409424,92.181618,84.118279
193,1.608333,-0.013566,0.401115,0.028584,0.915481,-216.408722,92.180687,84.118668
194,1.616667,-0.013607,0.401142,0.028485,0.915472,-216.407944,92.179420,84.118668
195,1.625000,-0.013620,0.401138,0.028517,0.915472,-216.408707,92.180405,84.118401
196,1.633333,-0.013529,0.401110,0.028468,0.915488,-216.408966,92.179749,84.119263
197,1.641667,-0.013640,0.401130,0.028437,0.915478,-216.409271,92.179398,84.119217
198,1.650000,-0.013566,0.401121,0.028525,0.915480,-216.408676,92.178719,84.119255
199,1.658333,-0.013716,0.401101,0.028491,0.915488,-216.407990,92.178772,84.119087
200,1.666667,-0.013689,0.401102,0.028511,0.915487,-216.407562,92.179314,84.119461
201,1.675000,-0.013696,0.401085,0.028570,0.915493,-216.406509,92.179329,84.120140
202,1.683333,-0.013557,0.401093,0.028516,0.915493,-216.406174,92.180740,84.120476
203,1.691667,-0.013401,0.401079,0.028523,0.915501,-216.405396,92.180252,84.120857
204,1.700000,-0.013386,0.401068,0.028559,0.915505,-216.405136,92.181221,84.119484
205,1.708333,-0.013396,0.401039,0.028529,0.915519,-216.404892,92.179962,84.119942
206,1.716667,-0.013666,0.401093,0.028473,0.915493,-216.404419,92.177460,84.118713
207,1.725000,-0.013548,0.401122,0.028509,0.915481,-216.404312,92.176888,84.118958
208,1.733333,-0.013477,0.401049,0.028458,0.915515,-216.403580,92.176292,84.119446
209,1.741667,-0.013522,0.401065,0.028321,0.915512,-216.403076,92.175438,84.119347
210,1.750000,-0.013538,0.401092,0.028260,0.915502,-216.404510,92.174789,84.119888
211,1.758333,-0.013597,0.401120,0.028384,0.915484,-216.407394,92.176094,84.119522
212,1.766667,-0.013542,0.401106,0.028421,0.915491,-216.409546,92.175308,84.120461
213,1.775000,-0.013419,0.401109,0.028496,0.915489,-216.412994,92.175674,84.120834
214,1.783333,-0.013495,0.401128,0.028505,0.915479,-216.415375,92.174706,84.121498
215,1.791667,-0.013481,0.401068,0.028500,0.915506,-216.417877,92.174301,84.121605
216,1.800000,-0.013597,0.401061,0.028593,0.915504,-216.420822,92.175133,84.121948
217,1.808333,-0.013671,0.401081,0.028588,0.915494,-216.421814,92.174492,84.122093
218,1.816667,-0.013706,0.401039,0.028525,0.915514,-216.420822,92.172554,84.121468
219,1.825000,-0.013676,0.401133,0.028656,0.915469,-216.419128,92.172638,84.120872
220,1.833333,-0.013676,0.401096,0.028553,0.915489,-216.416214,92.172813,84.121147
221,1.841667,-0.013495,0.401130,0.028527,0.915477,-216.413452,92.173508,84.121620
222,1.850000,-0.013478,0.401082,0.028456,0.915501,-216.410095,92.173500,84.121307
223,1.858333,-0.013577,0.401066,0.028428,0.915507,-216.407593,92.173874,84.121140
224,1.866667,-0.013533,0.401131,0.028502,0.915477,-216.405731,92.174240,84.121986
225,1.875000,-0.013621,0.401097,0.028364,0.915495,-216.403015,92.173454,84.122917
226,1.883333,-0.013684,0.401080,0.028392,0.915501,-216.400940,92.172401,84.122742
227,1.891667,-0.013696,0.401055,0.028391,0.915512,-216.399628,92.172592,84.123871
228,1.900000,-0.013579,0.401019,0.028324,0.915531,-216.399338,92.172852,84.124527
229,1.908333,-0.013695,0.401052,0.028351,0.915514,-216.400528,92.173004,84.125000
230,1.916667,-0.013740,0.401091,0.028301,0.915498,-216.401978,92.173157,84.125099
231,1.925000,-0.013914,0.401120,0.028378,0.915480,-216.404312,92.173653,84.124489
232,1.933333,-0.013678,0.401093,0.028453,0.915493,-216.408234,92.175423,84.124039
233,1.941667,-0.013710,0.401089,0.028542,0.915491,-216.411621,92.175728,84.123482
234,1.950000,-0.013639,0.401065,0.028527,0.915504,-216.414551,92.174957,84.122513
235,1.958333,-0.013629,0.401026,0.028570,0.915520,-216.416855,92.174767,84.120453
236,1.966667,-0.013687,0.401038,0.028555,0.915514,-216.418167,92.173958,84.118538
237,1.975000,-0.013563,0.401262,0.028554,0.915418,-216.419266,92.173126,84.116135
238,1.983333,-0.013428,0.401371,0.028530,0.915373,-216.418457,92.174126,84.114578
239,1.991667,-0.012810,0.401456,0.028702,0.915339,-216.415283,92.177177,84.115654
240,2.000000,-0.011963,0.401522,0.028811,0.915318,-216.413635,92.182014,84.117249
241,2.008333,-0.011362,0.401626,0.029015,0.915274,-216.412277,92.186607,84.118675
242,2.016667,-0.010856,0.401600,0.029117,0.915288,-216.410446,92.188972,84.120804
243,2.025000,-0.010728,0.401650,0.029078,0.915269,-216.409424,92.189720,84.122330
244,2.033333,-0.010769,0.401702,0.029110,0.915244,-216.408707,92.190094,84.123085
245,2.041667,-0.010822,0.401734,0.029142,0.915229,-216.409058,92.189957,84.123772
246,2.050000,-0.010899,0.401673,0.029099,0.915256,-216.409653,92.190239,84.124687
247,2.058333,-0.011106,0.401697,0.029189,0.915240,-216.412170,92.191444,84.124306
248,2.066667,-0.011171,0.401635,0.029226,0.915265,-216.414505,92.191544,84.124550
249,2.075000,-0.011312,0.401608,0.029254,0.915274,-216.416672,92.191986,84.123695
250,2.083333,-0.011277,0.401583,0.029462,0.915279,-216.417282,92.191734,84.122444
251,2.091667,-0.011180,0.401531,0.029392,0.915305,-216.415237,92.192337,84.120712
252,2.100000,-0.011031,0.401544,0.029415,0.915301,-216.411728,92.192558,84.118469
253,2.108333,-0.010980,0.401593,0.029333,0.915283,-216.408401,92.194427,84.115913
254,2.116667,-0.010900,0.401601,0.029366,0.915279,-216.404221,92.195503,84.112511
255,2.125000,-0.010858,0.401585,0.029408,0.915285,-216.399643,92.198219,84.109016
256,2.133333,-0.010845,0.401581,0.029360,0.915289,-216.395157,92.198334,84.107597
257,2.141667,-0.010964,0.401587,0.029349,0.915285,-216.391724,92.199608,84.106445
258,2.150000,-0.011108,0.401612,0.029296,0.915274,-216.388962,92.200256,84.106010
259,2.158333,-0.011096,0.401611,0.029242,0.915276,-216.387726,92.202469,84.107567
260,2.166667,-0.011219,0.401318,0.028426,0.915429,-216.392990,92.210686,84.103920
261,2.175000,-0.011357,0.400958,0.027290,0.915619,-216.401550,92.221466,84.099617
262,2.183333,-0.011464,0.400754,0.026854,0.915720,-216.406586,92.227623,84.096367
263,2.191667,-0.011529,0.400734,0.026571,0.915737,-216.409988,92.231064,84.098007
264,2.200000,-0.011585,0.400743,0.026330,0.915739,-216.414001,92.231079,84.098717
265,2.208333,-0.011805,0.400869,0.026260,0.915683,-216.419479,92.230820,84.099182
266,2.216667,-0.012320,0.400597,0.025827,0.915807,-216.427963,92.235207,84.096466
267,2.225000,-0.012825,0.400344,0.025289,0.915926,-216.434692,92.241257,84.087883
268,2.233333,-0.013474,0.400160,0.024751,0.916012,-216.437881,92.249260,84.076195
269,2.241667,-0.013733,0.400043,0.024443,0.916068,-216.438110,92.253250,84.068672
270,2.250000,-0.013776,0.400033,0.024409,0.916072,-216.435532,92.253510,84.066505
271,2.258333,-0.013615,0.400334,0.024261,0.915947,-216.433884,92.251389,84.062263
272,2.266667,-0.013212,0.400609,0.023864,0.915843,-216.432236,92.251389,84.056747
273,2.275000,-0.013129,0.400735,0.023898,0.915788,-216.429443,92.253937,84.053543
274,2.283333,-0.013153,0.400695,0.024174,0.915798,-216.425140,92.255653,84.052391
275,2.291667,-0.013300,0.400639,0.024337,0.915816,-216.421844,92.255585,84.051796
276,2.300000,-0.013485,0.400650,0.024317,0.915809,-216.420059,92.256348,84.052269
277,2.308333,-0.013569,0.400655,0.024305,0.915806,-216.420242,92.256012,84.053650
278,2.316667,-0.013536,0.400631,0.024405,0.915814,-216.420410,92.256058,84.055672
279,2.325000,-0.013655,0.400636,0.024448,0.915809,-216.422913,92.257095,84.058701
280,2.333333,-0.013621,0.400651,0.024465,0.915803,-216.425583,92.256805,84.059731
281,2.341667,-0.013560,0.400647,0.024398,0.915807,-216.431000,92.257843,84.062103
282,2.350000,-0.013646,0.400633,0.024276,0.915815,-216.436340,92.256813,84.063896
283,2.358333,-0.013791,0.400625,0.024307,0.915816,-216.440613,92.255798,84.065399
284,2.366667,-0.013787,0.400639,0.024340,0.915809,-216.444427,92.255463,84.065758
285,2.375000,-0.013831,0.400701,0.024489,0.915777,-216.447693,92.254662,84.065002
286,2.383333,-0.013877,0.400749,0.024400,0.915758,-216.449142,92.253883,84.064240
287,2.391667,-0.013850,0.400727,0.024536,0.915764,-216.448471,92.254623,84.062874
288,2.400000,-0.013727,0.400688,0.024636,0.915780,-216.445679,92.255363,84.061829
289,2.408333,-0.013612,0.400677,0.024605,0.915788,-216.441483,92.253952,84.060394
290,2.416667,-0.013468,0.400685,0.024497,0.915789,-216.436142,92.254288,84.058182
291,2.425000,-0.013401,0.400685,0.024405,0.915793,-216.431122,92.256638,84.055466
292,2.433333,-0.013536,0.400622,0.024519,0.915815,-216.426468,92.256706,84.053925
293,2.441667,-0.013622,0.400631,0.024448,0.915812,-216.422104,92.257088,84.051964
294,2.450000,-0.013616,0.400619,0.024374,0.915819,-216.419724,92.256180,84.052742
295,2.458333,-0.013638,0.400607,0.024314,0.915826,-216.419434,92.255669,84.054138
296,2.466667,-0.013656,0.400656,0.024394,0.915802,-216.420670,92.256546,84.055443
297,2.475000,-0.013733,0.400606,0.024372,0.915823,-216.424347,92.257935,84.057724
298,2.483333,-0.013659,0.400594,0.024343,0.915830,-216.427856,92.258057,84.059677
299,2.491667,-0.013615,0.400614,0.024295,0.915824,-216.431885,92.257309,84.062057
300,2.500000,-0.013648,0.400688,0.024203,0.915793,-216.436905,92.257950,84.063797
301,2.508333,-0.013621,0.400686,0.024284,0.915793,-216.440582,92.256721,84.064377
302,2.516667,-0.013799,0.400658,0.024299,0.915802,-216.443802,92.255722,84.065575
303,2.525000,-0.013915,0.400696,0.024381,0.915781,-216.446014,92.254074,84.065544
304,2.533333,-0.013811,0.400696,0.024410,0.915782,-216.446991,92.252037,84.064911
305,2.541667,-0.013834,0.400687,0.024438,0.915784,-216.446442,92.251083,84.064919
306,2.550000,-0.013895,0.400667,0.024539,0.915790,-216.444183,92.253464,84.063164
307,2.558333,-0.013750,0.400661,0.024622,0.915792,-216.439728,92.254166,84.061058
308,2.566667,-0.013636,0.400670,0.024628,0.915790,-216.435547,92.255936,84.058395
309,2.575000,-0.013472,0.400631,0.024577,0.915811,-216.431610,92.256584,84.056885
310,2.583333,-0.013379,0.400616,0.024485,0.915821,-216.428070,92.257172,84.055771
311,2.591667,-0.013427,0.400603,0.024437,0.915828,-216.424301,92.257080,84.054405
312,2.600000,-0.013457,0.400614,0.024426,0.915823,-216.421631,92.256767,84.053894
313,2.608333,-0.013580,0.400639,0.024280,0.915814,-216.419952,92.256264,84.053993
314,2.616667,-0.013664,0.400598,0.024287,0.915830,-216.420502,92.256012,84.054611
315,2.625000,-0.013713,0.400608,0.024240,0.915826,-216.424057,92.257256,84.057159
316,2.633333,-0.013626,0.400596,0.024212,0.915833,-216.427429,92.258797,84.059334
317,2.641667,-0.013567,0.400623,0.024358,0.915819,-216.431717,92.258186,84.061806
318,2.650000,-0.013482,0.400593,0.024223,0.915837,-216.436142,92.257149,84.062813
319,2.658333,-0.013659,0.400694,0.024275,0.915788,-216.440033,92.255142,84.063194
320,2.666667,-0.013872,0.400641,0.024330,0.915807,-216.443985,92.254578,84.064590
321,2.675000,-0.013891,0.400638,0.024213,0.915811,-216.446381,92.254280,84.064781
322,2.683333,-0.013874,0.400653,0.024160,0.915806,-216.446899,92.254547,84.065117
323,2.691667,-0.013884,0.400611,0.024159,0.915825,-216.446472,92.255875,84.063812
324,2.700000,-0.013780,0.400572,0.024227,0.915842,-216.443115,92.256966,84.060646
325,2.708333,-0.013608,0.400599,0.024452,0.915826,-216.438980,92.255951,84.059288
326,2.716667,-0.013541,0.400641,0.024515,0.915807,-216.435272,92.256546,84.058723
327,2.725000,-0.013464,0.400648,0.024550,0.915804,-216.431259,92.256126,84.058395
328,2.733333,-0.013493,0.400642,0.024541,0.915807,-216.427109,92.257019,84.057419
329,2.741667,-0.013351,0.400610,0.024685,0.915819,-216.423462,92.255608,84.055305
330,2.750000,-0.013325,0.400615,0.024604,0.915819,-216.421326,92.255402,84.055130
331,2.758333,-0.013477,0.400653,0.024490,0.915803,-216.420563,92.255310,84.054588
332,2.766667,-0.013597,0.400638,0.024435,0.915810,-216.421432,92.255623,84.055481
333,2.775000,-0.013657,0.400599,0.024381,0.915827,-216.423798,92.255775,84.057053
334,2.783333,-0.013648,0.400567,0.024286,0.915844,-216.426498,92.257965,84.058914
335,2.791667,-0.013561,0.400626,0.024242,0.915820,-216.431183,92.258522,84.060394
336,2.800000,-0.013583,0.400619,0.024295,0.915822,-216.436050,92.257591,84.062233
337,2.808333,-0.013761,0.400618,0.024254,0.915821,-216.440460,92.256821,84.063759
338,2.816667,-0.013840,0.400649,0.024323,0.915804,-216.444107,92.255363,84.064476
339,2.825000,-0.013733,0.400623,0.024310,0.915817,-216.446136,92.253906,84.065453
340,2.833333,-0.013787,0.400663,0.024393,0.915797,-216.446716,92.254402,84.065689
341,2.841667,-0.013938,0.400728,0.024519,0.915763,-216.445419,92.255585,84.064125
342,2.850000,-0.013840,0.400686,0.024471,0.915784,-216.442612,92.254639,84.063408
343,2.858333,-0.013617,0.400607,0.024346,0.915825,-216.438843,92.255127,84.061478
344,2.866667,-0.013507,0.400614,0.024441,0.915821,-216.434860,92.256332,84.059647
345,2.875000,-0.013482,0.400601,0.024447,0.915827,-216.430420,92.258514,84.057907
346,2.883333,-0.013457,0.400589,0.024541,0.915830,-216.427368,92.257965,84.056587
347,2.891667,-0.013519,0.400630,0.024599,0.915810,-216.424820,92.257507,84.055557
348,2.900000,-0.013515,0.400610,0.024514,0.915821,-216.423004,92.254784,84.056290
349,2.908333,-0.013600,0.400608,0.024469,0.915822,-216.421799,92.255676,84.056137
350,2.916667,-0.013541,0.400568,0.024507,0.915839,-216.422653,92.255470,84.056351
351,2.925000,-0.013717,0.400550,0.024390,0.915847,-216.424606,92.257637,84.058800
352,2.933333,-0.013728,0.400559,0.024303,0.915846,-216.426468,92.258194,84.059616
353,2.941667,-0.013609,0.400662,0.024294,0.915803,-216.429642,92.257866,84.060745
354,2.950000,-0.013603,0.400690,0.024333,0.915790,-216.433502,92.256927,84.061806
355,2.958333,-0.013557,0.400679,0.024310,0.915796,-216.437744,92.254890,84.061798
356,2.966667,-0.013772,0.400737,0.024398,0.915765,-216.441528,92.255074,84.059731
357,2.975000,-0.013941,0.400669,0.024314,0.915794,-216.444427,92.254631,84.057610
358,2.983333,-0.014009,0.400676,0.024378,0.915788,-216.444748,92.254196,84.058037
359,2.991667,-0.013918,0.400686,0.024328,0.915787,-216.442993,92.255219,84.061089
360,3.000000,-0.013682,0.400688,0.024347,0.915789,-216.438461,92.254776,84.065117
361,3.008333,-0.013563,0.400712,0.024326,0.915781,-216.432358,92.255150,84.069786
362,3.016667,-0.013211,0.400710,0.024390,0.915785,-216.424347,92.256134,84.074364
363,3.025000,-0.012600,0.400672,0.024304,0.915812,-216.414597,92.256248,84.079407
364,3.033333,-0.012476,0.400724,0.023869,0.915803,-216.406433,92.257965,84.085938
365,3.041667,-0.012041,0.400721,0.023730,0.915814,-216.397949,92.256699,84.094078
366,3.050000,-0.011792,0.400679,0.023514,0.915841,-216.391663,92.256302,84.105774
367,3.058333,-0.011078,0.401740,0.025773,0.915324,-216.378311,92.237480,84.137054
368,3.066667,-0.010780,0.401255,0.024620,0.915572,-216.380646,92.248413,84.152405
369,3.075000,-0.010026,0.400801,0.023372,0.915812,-216.381790,92.260910,84.170395
370,3.083333,-0.009195,0.400664,0.023107,0.915888,-216.379761,92.264786,84.199539
371,3.091667,-0.007419,0.400406,0.022665,0.916027,-216.374115,92.258011,84.241661
372,3.100000,-0.005432,0.400495,0.022502,0.916007,-216.365097,92.252258,84.282501
373,3.108333,-0.003727,0.400360,0.021763,0.916092,-216.351135,92.257706,84.318573
374,3.116667,-0.001689,0.401530,0.024621,0.915513,-216.320251,92.236031,84.370041
375,3.125000,-0.000360,0.401687,0.025013,0.915435,-216.304153,92.231682,84.400650
376,3.133333,0.000190,0.401052,0.023639,0.915750,-216.304230,92.245010,84.413757
377,3.141667,0.000321,0.400728,0.022951,0.915909,-216.300781,92.254166,84.423576
378,3.150000,0.000279,0.400758,0.022938,0.915897,-216.294678,92.257317,84.431442
379,3.158333,0.000250,0.400717,0.022925,0.915915,-216.292572,92.258423,84.438065
380,3.166667,0.000099,0.400564,0.023381,0.915970,-216.293762,92.261696,84.444565
381,3.175000,0.000212,0.400507,0.023710,0.915987,-216.292358,92.262230,84.447525
382,3.183333,0.000481,0.400834,0.023843,0.915840,-216.287308,92.258659,84.446922
383,3.191667,0.000535,0.400893,0.023626,0.915820,-216.282822,92.257324,84.448792
384,3.200000,0.000440,0.400894,0.023582,0.915821,-216.277817,92.259262,84.452751
385,3.208333,0.000408,0.400672,0.023659,0.915916,-216.273193,92.262260,84.462601
386,3.216667,0.000613,0.400605,0.023572,0.915947,-216.268661,92.266441,84.475212
387,3.225000,0.000998,0.400610,0.023602,0.915944,-216.264969,92.268501,84.487686
388,3.233333,0.001465,0.400623,0.023815,0.915932,-216.265625,92.270111,84.500961
389,3.241667,0.001572,0.400649,0.024001,0.915916,-216.270203,92.270355,84.510490
390,3.250000,0.001483,0.400656,0.024316,0.915905,-216.278885,92.267937,84.516373
391,3.258333,0.001434,0.400644,0.024521,0.915904,-216.288132,92.267029,84.519516
392,3.266667,0.001414,0.400637,0.024886,0.915898,-216.299088,92.265709,84.519264
393,3.275000,0.001626,0.400578,0.026281,0.915884,-216.328888,92.250145,84.521004
394,3.283333,0.001397,0.400526,0.026423,0.915903,-216.342026,92.247650,84.508217
395,3.291667,0.000880,0.400496,0.025951,0.915930,-216.341995,92.248825,84.483719
396,3.300000,0.000133,0.400323,0.025262,0.916026,-216.348236,92.253380,84.452789
397,3.308333,-0.000561,0.400046,0.024460,0.916168,-216.358353,92.260071,84.421555
398,3.316667,-0.000696,0.401040,0.026938,0.915664,-216.355270,92.243073,84.417137
399,3.325000,-0.000600,0.400999,0.027307,0.915671,-216.360809,92.243668,84.415314
400,3.333333,-0.000127,0.400107,0.026146,0.916095,-216.373734,92.259010,84.430359
401,3.341667,0.000786,0.399759,0.026013,0.916251,-216.373367,92.279617,84.461891
402,3.350000,0.001829,0.399785,0.026420,0.916227,-216.366791,92.307556,84.491203
403,3.358333,0.002265,0.399875,0.027130,0.916165,-216.357300,92.340973,84.507057
404,3.366667,0.002351,0.399891,0.029035,0.916100,-216.350174,92.399651,84.512085
405,3.375000,0.002001,0.400403,0.031091,0.915810,-216.341614,92.449120,84.525360
406,3.383333,0.001769,0.400304,0.031404,0.915842,-216.345810,92.500023,84.538055
407,3.391667,0.002149,0.400270,0.031585,0.915850,-216.352753,92.546173,84.553307
408,3.400000,0.003057,0.400369,0.031539,0.915806,-216.357712,92.588966,84.568611
409,3.408333,0.003483,0.400204,0.029052,0.915959,-216.367752,92.651657,84.585556
410,3.416667,0.002722,0.399828,0.027037,0.916187,-216.370743,92.714813,84.589539
411,3.425000,0.001463,0.399576,0.025207,0.916352,-216.366608,92.780708,84.590111
412,3.433333,0.000185,0.399315,0.023936,0.916501,-216.358231,92.846069,84.592377
413,3.441667,-0.000963,0.399035,0.023432,0.916636,-216.355606,92.905472,84.595154
414,3.450000,-0.001659,0.399193,0.023731,0.916558,-216.350723,92.949699,84.602867
415,3.458333,-0.001967,0.399477,0.024471,0.916415,-216.344498,92.989082,84.610657
416,3.466667,-0.002870,0.399832,0.025994,0.916215,-216.344742,93.042770,84.615799
417,3.475000,-0.002396,0.400032,0.026868,0.916104,-216.344498,93.101540,84.622833
418,3.483333,-0.001495,0.400202,0.026818,0.916033,-216.343613,93.164604,84.632553
419,3.491667,-0.001074,0.400340,0.026172,0.915992,-216.341354,93.237831,84.637489
420,3.500000,-0.001061,0.400354,0.025123,0.916016,-216.336411,93.311264,84.631691
421,3.508333,-0.001430,0.400186,0.024685,0.916100,-216.333862,93.376373,84.627914
422,3.516667,-0.002039,0.400173,0.024983,0.916097,-216.328506,93.431816,84.628830
423,3.525000,-0.002939,0.400118,0.025433,0.916106,-216.324570,93.479172,84.631691
424,3.533333,-0.003595,0.400129,0.025474,0.916098,-216.322449,93.519714,84.633705
425,3.541667,-0.004605,0.400283,0.025954,0.916012,-216.324203,93.567146,84.637032
426,3.550000,-0.005028,0.400271,0.025836,0.916019,-216.328308,93.617294,84.644386
427,3.558333,-0.004894,0.400350,0.025589,0.915992,-216.331009,93.666580,84.649696
428,3.566667,-0.004138,0.400562,0.025058,0.915917,-216.332108,93.717430,84.658745
429,3.575000,-0.003241,0.400716,0.024564,0.915867,-216.330719,93.767273,84.671646
430,3.583333,-0.002585,0.400723,0.024133,0.915878,-216.330200,93.821678,84.682709
431,3.591667,-0.002662,0.400696,0.024178,0.915888,-216.327621,93.873520,84.686829
432,3.600000,-0.003522,0.400496,0.024036,0.915976,-216.326614,93.923714,84.687981
433,3.608333,-0.004337,0.400916,0.026064,0.915734,-216.320175,93.960136,84.698395
434,3.616667,-0.005024,0.400724,0.025491,0.915830,-216.334946,94.017204,84.702187
435,3.625000,-0.005507,0.400337,0.024504,0.916024,-216.324158,94.077393,84.684937
436,3.633333,-0.006723,0.400206,0.024675,0.916068,-216.314774,94.147911,84.673927
437,3.641667,-0.007457,0.400468,0.024448,0.915954,-216.305115,94.210884,84.661064
438,3.650000,-0.008190,0.400569,0.023540,0.915927,-216.298096,94.266861,84.651688
439,3.658333,-0.007508,0.400675,0.022728,0.915908,-216.292236,94.326088,84.645752
440,3.666667,-0.008121,0.400643,0.021818,0.915938,-216.290405,94.384659,84.640404
441,3.675000,-0.009454,0.400376,0.021196,0.916057,-216.295380,94.445091,84.633430
442,3.683333,-0.010546,0.400483,0.022216,0.915974,-216.320587,94.488243,84.635948
443,3.691667,-0.011033,0.400631,0.021857,0.915913,-216.308182,94.540588,84.626976
444,3.700000,-0.011406,0.400779,0.021334,0.915855,-216.301987,94.594826,84.624969
445,3.708333,-0.012036,0.400775,0.021625,0.915842,-216.300446,94.649010,84.623375
446,3.716667,-0.012527,0.400826,0.021966,0.915805,-216.299683,94.699974,84.621117
447,3.725000,-0.012621,0.400728,0.021905,0.915848,-216.296936,94.742744,84.625244
448,3.733333,-0.012590,0.400689,0.022057,0.915862,-216.296219,94.780830,84.628769
449,3.741667,-0.012553,0.400641,0.022372,0.915876,-216.296310,94.813866,84.628418
450,3.750000,-0.012632,0.400804,0.022607,0.915798,-216.295868,94.845642,84.625038
451,3.758333,-0.012722,0.401414,0.024626,0.915477,-216.283173,94.859978,84.624504
452,3.766667,-0.013331,0.401524,0.023540,0.915449,-216.279388,94.902069,84.618942
453,3.775000,-0.013502,0.401509,0.022733,0.915473,-216.275650,94.949150,84.608444
454,3.783333,-0.014469,0.401554,0.021866,0.915460,-216.274887,94.992119,84.598289
455,3.791667,-0.015508,0.401190,0.019489,0.915656,-216.280319,95.044327,84.586517
456,3.800000,-0.016482,0.400839,0.017983,0.915824,-216.279816,95.089218,84.569946
457,3.808333,-0.017533,0.400611,0.017045,0.915922,-216.273804,95.130333,84.554390
458,3.816667,-0.018377,0.400417,0.016237,0.916005,-216.265488,95.172325,84.544380
459,3.825000,-0.019696,0.400408,0.017235,0.915963,-216.262558,95.214088,84.540955
460,3.833333,-0.020009,0.400454,0.017964,0.915922,-216.259903,95.241348,84.539642
461,3.841667,-0.019981,0.400520,0.018332,0.915887,-216.259094,95.261597,84.540634
462,3.850000,-0.019868,0.400524,0.018831,0.915877,-216.260147,95.280746,84.547768
463,3.858333,-0.019521,0.400520,0.018782,0.915887,-216.261078,95.300919,84.555695
464,3.866667,-0.019207,0.400604,0.018907,0.915855,-216.259430,95.315636,84.560860
465,3.875000,-0.018756,0.400736,0.019171,0.915801,-216.257355,95.333260,84.570572
466,3.883333,-0.017907,0.400827,0.019763,0.915766,-216.253662,95.347633,84.581619
467,3.891667,-0.017163,0.401132,0.020306,0.915634,-216.251419,95.364502,84.592506
468,3.900000,-0.016727,0.401332,0.020889,0.915542,-216.249924,95.383141,84.599007
469,3.908333,-0.016452,0.401570,0.021285,0.915433,-216.249817,95.406601,84.599648
470,3.916667,-0.016608,0.401807,0.021105,0.915331,-216.246384,95.434418,84.594658
471,3.925000,-0.017191,0.402005,0.020415,0.915248,-216.240997,95.464020,84.590988
472,3.933333,-0.017920,0.402213,0.019959,0.915153,-216.233917,95.493446,84.584312
473,3.941667,-0.018445,0.402276,0.019085,0.915134,-216.226364,95.522041,84.577591
474,3.950000,-0.019241,0.402191,0.017751,0.915182,-216.218658,95.553406,84.564819
475,3.958333,-0.020238,0.401931,0.016308,0.915301,-216.212967,95.585136,84.549858
476,3.966667,-0.020540,0.401735,0.015478,0.915395,-216.208771,95.608170,84.541656
477,3.975000,-0.019871,0.401652,0.015712,0.915442,-216.203659,95.627335,84.538872
478,3.983333,-0.019825,0.401823,0.015798,0.915366,-216.202927,95.642509,84.544518
479,3.991667,-0.019697,0.401812,0.015980,0.915371,-216.200211,95.661316,84.542534
480,4.000000,-0.019676,0.401976,0.016283,0.915294,-216.199539,95.681671,84.542068
481,4.008333,-0.019842,0.402035,0.016460,0.915261,-216.198822,95.701714,84.542732
482,4.016667,-0.020123,0.402245,0.016998,0.915153,-216.197235,95.725128,84.544144
483,4.025000,-0.021077,0.402298,0.018462,0.915080,-216.197250,95.751770,84.542854
484,4.033333,-0.021471,0.402366,0.018847,0.915033,-216.194122,95.769981,84.543022
485,4.041667,-0.021606,0.402348,0.018729,0.915040,-216.190292,95.785645,84.544983
486,4.050000,-0.021668,0.402264,0.018730,0.915076,-216.189545,95.802788,84.547012
487,4.058333,-0.021819,0.402256,0.018760,0.915075,-216.188232,95.819748,84.547241
488,4.066667,-0.021944,0.402269,0.018853,0.915064,-216.186279,95.835991,84.545227
489,4.075000,-0.022164,0.402284,0.018915,0.915051,-216.181305,95.851860,84.544830
490,4.083333,-0.022386,0.402353,0.018951,0.915015,-216.176086,95.865486,84.543411
491,4.091667,-0.022443,0.402441,0.018862,0.914976,-216.170212,95.877365,84.541115
492,4.100000,-0.022654,0.402609,0.018995,0.914895,-216.160995,95.889679,84.539757
493,4.108333,-0.022702,0.402905,0.019080,0.914761,-216.147186,95.906494,84.540154
494,4.116667,-0.022716,0.403216,0.019304,0.914619,-216.132660,95.932526,84.539177
495,4.125000,-0.022895,0.403672,0.019278,0.914414,-216.119354,95.973289,84.532883
496,4.133333,-0.022664,0.404054,0.018730,0.914262,-216.095001,96.035339,84.521713
497,4.141667,-0.022575,0.404281,0.017960,0.914180,-216.065506,96.108658,84.509964
498,4.150000,-0.022921,0.405197,0.019402,0.913736,-216.031296,96.167015,84.499382
499,4.158333,-0.023940,0.405708,0.018795,0.913496,-216.008133,96.233543,84.486870
500,4.166667,-0.025308,0.406090,0.018827,0.913289,-215.991547,96.302177,84.469345
501,4.175000,-0.026520,0.406054,0.018282,0.913281,-215.984985,96.353165,84.461906
502,4.183333,-0.027646,0.405441,0.015881,0.913565,-215.991089,96.405968,84.449509
503,4.191667,-0.028886,0.404672,0.013592,0.913905,-216.001419,96.455795,84.431862
504,4.200000,-0.029838,0.404390,0.012317,0.914017,-216.007156,96.498756,84.418213
505,4.208333,-0.030356,0.404525,0.012252,0.913941,-216.009262,96.530716,84.409752
506,4.216667,-0.030862,0.404559,0.012609,0.913904,-216.006561,96.558380,84.405891
507,4.225000,-0.031355,0.404597,0.012553,0.913871,-216.003998,96.582642,84.402382
508,4.233333,-0.031626,0.404695,0.012622,0.913818,-216.001816,96.600304,84.396889
509,4.241667,-0.031801,0.404784,0.012670,0.913771,-216.003204,96.613274,84.393318
510,4.250000,-0.031894,0.404775,0.012688,0.913772,-216.005890,96.623962,84.389450
511,4.258333,-0.031967,0.404843,0.012902,0.913736,-216.010803,96.633270,84.386108
512,4.266667,-0.032017,0.404765,0.012855,0.913770,-216.015961,96.641739,84.383186
513,4.275000,-0.031925,0.404788,0.012855,0.913763,-216.019135,96.649261,84.379097
514,4.283333,-0.032008,0.404809,0.012821,0.913751,-216.019348,96.656708,84.378258
515,4.291667,-0.032217,0.404794,0.012802,0.913750,-216.017609,96.661095,84.378296
516,4.300000,-0.032317,0.404793,0.012696,0.913749,-216.016693,96.660194,84.377602
517,4.308333,-0.032383,0.404802,0.012653,0.913743,-216.015549,96.653351,84.380577
518,4.316667,-0.032224,0.404736,0.012551,0.913780,-216.012482,96.648109,84.387947
519,4.325000,-0.032076,0.404672,0.012754,0.913810,-216.010040,96.645332,84.393387
520,4.333333,-0.031996,0.404676,0.012775,0.913811,-216.008423,96.646164,84.395256
521,4.341667,-0.031945,0.404784,0.012915,0.913763,-216.007706,96.649643,84.396210
522,4.350000,-0.032009,0.404833,0.012925,0.913739,-216.006500,96.654579,84.395973
523,4.358333,-0.032128,0.404794,0.012857,0.913753,-216.005539,96.656013,84.395569
524,4.366667,-0.032160,0.404712,0.012760,0.913789,-216.005585,96.654060,84.396072
525,4.375000,-0.032101,0.404677,0.012824,0.913806,-216.005783,96.650291,84.394661
526,4.383333,-0.032032,0.404688,0.012856,0.913803,-216.007263,96.647583,84.393883
527,4.391667,-0.031887,0.404751,0.012869,0.913780,-216.009430,96.647926,84.390709
528,4.400000,-0.031930,0.404852,0.012957,0.913733,-216.012070,96.651314,84.386147
529,4.408333,-0.031990,0.404809,0.012817,0.913752,-216.014435,96.653809,84.382957
530,4.416667,-0.032027,0.404794,0.012795,0.913757,-216.015930,96.654106,84.380249
531,4.425000,-0.032081,0.404761,0.012784,0.913770,-216.017105,96.651520,84.378555
532,4.433333,-0.032003,0.404700,0.012714,0.913801,-216.017609,96.647087,84.379349
533,4.441667,-0.031928,0.404793,0.012698,0.913762,-216.017197,96.646469,84.381744
534,4.450000,-0.031896,0.404778,0.012739,0.913770,-216.016525,96.648636,84.381874
535,4.458333,-0.032012,0.404791,0.012700,0.913760,-216.016434,96.652107,84.382996
536,4.466667,-0.032108,0.404764,0.012636,0.913770,-216.013641,96.654602,84.385612
537,4.475000,-0.032163,0.404721,0.012600,0.913788,-216.011337,96.656143,84.387848
538,4.483333,-0.032163,0.404613,0.012547,0.913836,-216.008575,96.653465,84.390961
539,4.491667,-0.031998,0.404647,0.012627,0.913826,-216.005844,96.650002,84.394722
540,4.500000,-0.031962,0.404697,0.012722,0.913803,-216.004089,96.650490,84.396606
541,4.508333,-0.032093,0.404731,0.012803,0.913783,-216.003922,96.650307,84.397293
542,4.516667,-0.032014,0.404718,0.012786,0.913792,-216.004227,96.652084,84.396248
543,4.525000,-0.031907,0.404736,0.012816,0.913787,-216.005829,96.653572,84.394623
544,4.533333,-0.031953,0.404752,0.012809,0.913778,-216.007660,96.653305,84.391472
545,4.541667,-0.032052,0.404724,0.012642,0.913790,-216.010254,96.652107,84.388817
546,4.550000,-0.031977,0.404682,0.012629,0.913811,-216.012238,96.650375,84.386024
547,4.558333,-0.031950,0.404740,0.012722,0.913785,-216.013412,96.650200,84.383133
548,4.566667,-0.032148,0.404799,0.012749,0.913751,-216.015839,96.651184,84.380867
549,4.575000,-0.032095,0.404773,0.012797,0.913764,-216.017242,96.652115,84.379402
550,4.583333,-0.032098,0.404797,0.012758,0.913754,-216.017822,96.653992,84.378563
551,4.591667,-0.032033,0.404781,0.012811,0.913763,-216.016693,96.652725,84.380432
552,4.600000,-0.032156,0.404743,0.012844,0.913775,-216.014908,96.650238,84.382004
553,4.608333,-0.032169,0.404761,0.012810,0.913767,-216.013290,96.649811,84.384392
554,4.616667,-0.032103,0.404700,0.012727,0.913797,-216.011124,96.650574,84.387093
555,4.625000,-0.032101,0.404646,0.012655,0.913822,-216.009140,96.653191,84.388916
556,4.633333,-0.032234,0.404699,0.012611,0.913795,-216.007660,96.655357,84.389938
557,4.641667,-0.032166,0.404717,0.012513,0.913791,-216.005844,96.655640,84.392563
558,4.650000,-0.031970,0.404679,0.012574,0.913813,-216.004761,96.653076,84.394699
559,4.658333,-0.032027,0.404692,0.012614,0.913805,-216.004608,96.651596,84.395935
560,4.666667,-0.032001,0.404700,0.012638,0.913802,-216.004700,96.651550,84.395966
561,4.675000,-0.031929,0.404746,0.012503,0.913786,-216.006088,96.651558,84.394279
562,4.683333,-0.031932,0.404783,0.012589,0.913768,-216.007904,96.651985,84.391251
563,4.691667,-0.031954,0.404759,0.012565,0.913778,-216.009781,96.652527,84.388832
564,4.700000,-0.032119,0.404756,0.012504,0.913775,-216.011887,96.653297,84.385757
565,4.708333,-0.032206,0.404778,0.012430,0.913763,-216.013214,96.652580,84.382179
566,4.716667,-0.032110,0.404751,0.012414,0.913779,-216.015213,96.652626,84.379456
567,4.725000,-0.032069,0.404793,0.012465,0.913761,-216.016312,96.653023,84.378723
568,4.733333,-0.032148,0.404762,0.012562,0.913771,-216.016037,96.652855,84.378410
569,4.741667,-0.032142,0.404823,0.012574,0.913744,-216.014908,96.653465,84.378769
570,4.750000,-0.032130,0.404776,0.012630,0.913764,-216.014435,96.653358,84.380089
571,4.758333,-0.032114,0.404717,0.012705,0.913790,-216.012650,96.653435,84.383484
572,4.766667,-0.032020,0.404702,0.012691,0.913800,-216.010315,96.652878,84.385727
573,4.775000,-0.031933,0.404734,0.012695,0.913789,-216.008667,96.651642,84.388313
574,4.783333,-0.031914,0.404761,0.012716,0.913777,-216.007187,96.652199,84.391075
575,4.791667,-0.031974,0.404710,0.012608,0.913799,-216.005249,96.653534,84.392830
576,4.800000,-0.032056,0.404715,0.012595,0.913794,-216.004532,96.653381,84.394119
577,4.808333,-0.032127,0.404716,0.012594,0.913791,-216.004471,96.653519,84.393883
578,4.816667,-0.032088,0.404694,0.012532,0.913803,-216.004944,96.652771,84.394386
579,4.825000,-0.031985,0.404672,0.012518,0.913817,-216.006058,96.650932,84.393723
580,4.833333,-0.031896,0.404701,0.012426,0.913808,-216.007904,96.650253,84.391815
581,4.841667,-0.031991,0.404742,0.012605,0.913784,-216.008728,96.650047,84.389641
582,4.850000,-0.032012,0.404791,0.012700,0.913761,-216.011520,96.651237,84.386971
583,4.858333,-0.031941,0.404842,0.012713,0.913740,-216.013718,96.651779,84.384003
584,4.866667,-0.032021,0.404810,0.012723,0.913752,-216.014740,96.651886,84.381111
585,4.875000,-0.032058,0.404784,0.012682,0.913762,-216.015701,96.652405,84.380615
586,4.883333,-0.032024,0.404718,0.012648,0.913793,-216.015335,96.651276,84.379959
587,4.891667,-0.032115,0.404766,0.012736,0.913767,-216.014893,96.651192,84.379272
588,4.900000,-0.032074,0.404764,0.012703,0.913770,-216.014359,96.651894,84.380554
589,4.908333,-0.032065,0.404749,0.012433,0.913781,-216.012543,96.652779,84.381660
590,4.916667,-0.032060,0.404743,0.012462,0.913783,-216.010361,96.653320,84.383270
591,4.925000,-0.032181,0.404723,0.012560,0.913787,-216.007477,96.652184,84.387169
592,4.933333,-0.032164,0.404718,0.012536,0.913790,-216.005844,96.652527,84.389847
593,4.941667,-0.032034,0.404742,0.012598,0.913783,-216.004776,96.652107,84.393135
594,4.950000,-0.031966,0.404712,0.012579,0.913799,-216.004089,96.652466,84.395004
595,4.958333,-0.031963,0.404721,0.012593,0.913795,-216.004471,96.651482,84.395454
596,4.966667,-0.031894,0.404764,0.012697,0.913777,-216.005203,96.650169,84.395271
597,4.975000,-0.031940,0.404762,0.012685,0.913776,-216.007355,96.651047,84.394440
598,4.983333,-0.031989,0.404749,0.012590,0.913781,-216.009644,96.650986,84.393105
599,4.991667,-0.032124,0.404766,0.012584,0.913769,-216.011169,96.651421,84.389282
600,5.000000,-0.032120,0.404779,0.012544,0.913764,-216.012527,96.653236,84.387001
601,5.008333,-0.032117,0.404746,0.012625,0.913778,-216.014069,96.655029,84.383728
602,5.016667,-0.032140,0.404809,0.012672,0.913748,-216.014359,96.657013,84.381943
603,5.025000,-0.032110,0.404793,0.012571,0.913758,-216.015503,96.659752,84.381653
604,5.033333,-0.032268,0.404718,0.012542,0.913786,-216.016037,96.664444,84.382812
605,5.041667,-0.032414,0.404711,0.012502,0.913784,-216.015915,96.669151,84.386139
606,5.050000,-0.032689,0.404750,0.012393,0.913759,-216.015625,96.677467,84.390526
607,5.058333,-0.033009,0.404659,0.012083,0.913792,-216.013000,96.686165,84.396492
608,5.066667,-0.033405,0.404479,0.011707,0.913862,-216.012070,96.696808,84.405380
609,5.075000,-0.033539,0.404421,0.011192,0.913889,-216.009109,96.704224,84.415283
610,5.083333,-0.033599,0.404441,0.010878,0.913882,-216.005356,96.711853,84.427277
611,5.091667,-0.033777,0.404298,0.010680,0.913941,-216.001297,96.721176,84.440681
612,5.100000,-0.033575,0.405545,0.013160,0.913363,-215.988785,96.708588,84.468109
613,5.108333,-0.033589,0.405544,0.013238,0.913362,-215.987213,96.717903,84.483864
614,5.116667,-0.034247,0.404613,0.011235,0.913778,-215.998322,96.747833,84.486946
615,5.125000,-0.034984,0.404078,0.009824,0.914003,-216.002838,96.771736,84.491440
616,5.133333,-0.035358,0.403954,0.009053,0.914051,-216.004364,96.783897,84.502289
617,5.141667,-0.035316,0.403948,0.008886,0.914057,-216.006760,96.790070,84.517906
618,5.150000,-0.035257,0.403958,0.008785,0.914056,-216.009872,96.793510,84.538002
619,5.158333,-0.035204,0.404057,0.009033,0.914011,-216.011566,96.798744,84.557793
620,5.166667,-0.035217,0.403992,0.009050,0.914039,-216.011017,96.806923,84.576813
621,5.175000,-0.034999,0.404173,0.009383,0.913964,-216.007706,96.811661,84.597191
622,5.183333,-0.035074,0.404208,0.009304,0.913947,-216.005127,96.818420,84.617981
623,5.191667,-0.035092,0.404217,0.009122,0.913944,-216.003845,96.821625,84.640862
624,5.200000,-0.034983,0.404318,0.008850,0.913906,-216.000656,96.816208,84.668991
625,5.208333,-0.033467,0.406152,0.012848,0.913102,-215.980988,96.766296,84.729019
626,5.216667,-0.033130,0.406387,0.013043,0.913007,-215.976288,96.739815,84.773827
627,5.225000,-0.033534,0.405640,0.011043,0.913351,-215.979462,96.733620,84.804604
628,5.233333,-0.034117,0.405343,0.010130,0.913472,-215.976898,96.721268,84.839043
629,5.241667,-0.034342,0.405414,0.010311,0.913430,-215.976425,96.699905,84.880745
630,5.250000,-0.033904,0.405531,0.011197,0.913384,-215.976166,96.669838,84.933777
631,5.258333,-0.032735,0.405391,0.011602,0.913484,-215.974503,96.644196,84.984665
632,5.266667,-0.033425,0.405063,0.011567,0.913604,-215.973404,96.614517,85.040215
633,5.275000,-0.033148,0.404459,0.010804,0.913891,-215.970581,96.569176,85.099113
634,5.283333,-0.031020,0.405915,0.013552,0.913284,-215.951462,96.482300,85.189819
635,5.291667,-0.029733,0.405172,0.012045,0.913677,-215.959076,96.430710,85.247696
636,5.300000,-0.028581,0.405074,0.011955,0.913759,-215.963196,96.377563,85.302559
637,5.308333,-0.027843,0.404765,0.012322,0.913914,-215.961273,96.327469,85.364243
638,5.316667,-0.028410,0.404418,0.012646,0.914045,-215.955902,96.274986,85.437775
639,5.325000,-0.027228,0.404237,0.012761,0.914160,-215.947083,96.197121,85.515877
640,5.333333,-0.024739,0.406102,0.015958,0.913353,-215.932297,96.089371,85.618279
641,5.341667,-0.023385,0.405338,0.014303,0.913756,-215.934494,96.026215,85.695496
642,5.350000,-0.023329,0.404912,0.014103,0.913949,-215.933304,95.967331,85.772118
643,5.358333,-0.023276,0.404077,0.014372,0.914316,-215.934677,95.919266,85.844086
644,5.366667,-0.021311,0.403888,0.015216,0.914434,-215.924576,95.850510,85.928032
645,5.375000,-0.019391,0.404996,0.018363,0.913928,-215.904709,95.768028,86.027733
646,5.383333,-0.018624,0.404795,0.016722,0.914065,-215.904831,95.739182,86.098549
647,5.391667,-0.019359,0.405061,0.015284,0.913957,-215.905853,95.717506,86.164276
648,5.400000,-0.020474,0.404940,0.014464,0.914000,-215.901215,95.704559,86.224594
649,5.408333,-0.021544,0.404698,0.014355,0.914084,-215.900009,95.695801,86.288078
650,5.416667,-0.022260,0.404258,0.014517,0.914259,-215.900131,95.693863,86.363045
651,5.425000,-0.022225,0.404094,0.014813,0.914327,-215.898056,95.693794,86.429878
652,5.433333,-0.022192,0.403469,0.016869,0.914569,-215.922089,95.684525,86.505470
653,5.441667,-0.022595,0.403471,0.016223,0.914569,-215.910675,95.700607,86.567192
654,5.450000,-0.022645,0.404965,0.018050,0.913873,-215.890198,95.700783,86.658684
655,5.458333,-0.022631,0.405308,0.018395,0.913715,-215.886108,95.716934,86.733536
656,5.466667,-0.023089,0.404956,0.016815,0.913890,-215.893982,95.747414,86.791389
657,5.475000,-0.024486,0.405378,0.014789,0.913702,-215.891846,95.785408,86.855011
658,5.483333,-0.026381,0.405647,0.013677,0.913547,-215.885208,95.817993,86.910980
659,5.491667,-0.028881,0.405571,0.012844,0.913517,-215.882370,95.857613,86.970810
660,5.500000,-0.030869,0.405153,0.013118,0.913633,-215.878845,95.897255,87.040070
661,5.508333,-0.031570,0.404412,0.013358,0.913934,-215.876678,95.948631,87.120094
662,5.516667,-0.032230,0.404558,0.012316,0.913861,-215.869431,96.004173,87.189438
663,5.525000,-0.033190,0.404581,0.011089,0.913833,-215.863297,96.064919,87.250885
664,5.533333,-0.034578,0.404770,0.009556,0.913715,-215.857056,96.129379,87.310135
665,5.541667,-0.035566,0.404894,0.008955,0.913628,-215.850372,96.181068,87.366852
666,5.550000,-0.037114,0.405111,0.008900,0.913471,-215.843719,96.225128,87.429146
667,5.558333,-0.038957,0.405166,0.008666,0.913372,-215.836884,96.262238,87.486038
668,5.566667,-0.040751,0.404903,0.007854,0.913417,-215.830856,96.299080,87.546700
669,5.575000,-0.042904,0.404545,0.006461,0.913488,-215.826721,96.339020,87.612076
670,5.583333,-0.043588,0.404241,0.005962,0.913594,-215.830475,96.382011,87.667603
671,5.591667,-0.044239,0.404233,0.005265,0.913571,-215.829117,96.418999,87.711624
672,5.600000,-0.044209,0.404755,0.005529,0.913339,-215.826126,96.442757,87.765488
673,5.608333,-0.043696,0.404851,0.006163,0.913317,-215.829941,96.460609,87.824944
674,5.616667,-0.043738,0.404871,0.007121,0.913300,-215.835190,96.471764,87.881416
675,5.625000,-0.044450,0.404743,0.007641,0.913317,-215.834885,96.480202,87.938454
676,5.633333,-0.045658,0.404823,0.007613,0.913223,-215.830185,96.483246,87.999031
677,5.641667,-0.046133,0.404674,0.007265,0.913268,-215.823746,96.486740,88.053703
678,5.650000,-0.046636,0.404643,0.006474,0.913262,-215.820648,96.495949,88.102127
679,5.658333,-0.047600,0.404757,0.005783,0.913166,-215.818924,96.506752,88.149078
680,5.666667,-0.048904,0.404838,0.004292,0.913070,-215.815063,96.518745,88.191994
681,5.675000,-0.049037,0.404663,0.002965,0.913145,-215.811874,96.526489,88.237289
682,5.683333,-0.049689,0.404505,0.001857,0.913183,-215.809677,96.521225,88.287216
683,5.691667,-0.049639,0.404422,0.002020,0.913222,-215.804596,96.498039,88.344727
684,5.700000,-0.049073,0.405871,0.006283,0.912590,-215.788223,96.449600,88.422173
685,5.708333,-0.048249,0.405901,0.007128,0.912615,-215.786270,96.428093,88.474861
686,5.716667,-0.047927,0.405402,0.006091,0.912861,-215.795273,96.423798,88.514854
687,5.725000,-0.047999,0.405385,0.005684,0.912867,-215.793396,96.412292,88.552162
688,5.733333,-0.048127,0.405406,0.005812,0.912851,-215.785095,96.392410,88.592720
689,5.741667,-0.048469,0.405286,0.005652,0.912887,-215.779083,96.366516,88.632637
690,5.750000,-0.048615,0.405207,0.005598,0.912914,-215.776352,96.336105,88.679405
691,5.758333,-0.048278,0.404756,0.004138,0.913140,-215.779541,96.300102,88.728729
692,5.766667,-0.047891,0.404590,0.002678,0.913240,-215.783340,96.263969,88.768829
693,5.775000,-0.047531,0.404797,0.002311,0.913168,-215.785217,96.222916,88.808220
694,5.783333,-0.047136,0.404659,0.003184,0.913247,-215.789383,96.190300,88.857597
695,5.791667,-0.045788,0.405866,0.007295,0.912756,-215.778488,96.131142,88.931335
696,5.800000,-0.044917,0.404589,0.006871,0.913369,-215.782043,96.106651,88.983734
697,5.808333,-0.044561,0.404043,0.007038,0.913627,-215.779495,96.083488,89.027336
698,5.816667,-0.044336,0.404315,0.007661,0.913512,-215.773743,96.061081,89.068886
699,5.825000,-0.044314,0.404591,0.007411,0.913393,-215.770767,96.044106,89.109993
700,5.833333,-0.044449,0.404890,0.006780,0.913259,-215.768463,96.028267,89.152939
701,5.841667,-0.044723,0.404900,0.006277,0.913245,-215.765167,96.014481,89.195984
702,5.850000,-0.044378,0.404460,0.004926,0.913465,-215.760895,95.995934,89.238213
703,5.858333,-0.043695,0.404371,0.004278,0.913541,-215.752533,95.969101,89.285370
704,5.866667,-0.042999,0.404293,0.004290,0.913608,-215.744186,95.943268,89.340614
705,5.875000,-0.042109,0.406146,0.007894,0.912804,-215.733261,95.895859,89.415894
706,5.883333,-0.042076,0.405618,0.007516,0.913043,-215.743607,95.885605,89.456055
707,5.891667,-0.042303,0.405212,0.007369,0.913214,-215.749146,95.876579,89.489471
708,5.900000,-0.042698,0.404909,0.007943,0.913325,-215.746017,95.862045,89.533752
709,5.908333,-0.042787,0.404563,0.008399,0.913470,-215.742111,95.843063,89.585281
710,5.916667,-0.042105,0.404400,0.008958,0.913569,-215.736633,95.822861,89.638077
711,5.925000,-0.041994,0.404354,0.009523,0.913588,-215.734863,95.806793,89.681374
712,5.933333,-0.042092,0.404508,0.009545,0.913516,-215.734070,95.791656,89.718956
713,5.941667,-0.042579,0.404771,0.008962,0.913382,-215.733002,95.776291,89.755219
714,5.950000,-0.043098,0.404914,0.008338,0.913301,-215.731674,95.763107,89.793701
715,5.958333,-0.043268,0.404814,0.008006,0.913340,-215.729691,95.747963,89.834618
716,5.966667,-0.042920,0.405963,0.010777,0.912817,-215.712189,95.707893,89.902824
717,5.975000,-0.042454,0.405481,0.010218,0.913060,-215.703888,95.678291,89.960304
718,5.983333,-0.042026,0.404749,0.009097,0.913416,-215.704437,95.659409,90.004593
719,5.991667,-0.041710,0.404708,0.008433,0.913455,-215.701431,95.648422,90.047333
720,6.000000,-0.041886,0.404985,0.008228,0.913326,-215.699387,95.639893,90.090034
721,6.008333,-0.041932,0.405021,0.009002,0.913301,-215.712616,95.623955,90.136948
722,6.016667,-0.042541,0.404933,0.008274,0.913319,-215.704926,95.617920,90.174530
723,6.025000,-0.043465,0.404649,0.006929,0.913412,-215.698959,95.620148,90.212250
724,6.033333,-0.044207,0.404129,0.005663,0.913615,-215.693085,95.618980,90.249405
725,6.041667,-0.044646,0.405208,0.007721,0.913101,-215.680359,95.588760,90.305862
726,6.050000,-0.045786,0.404553,0.005974,0.913348,-215.687866,95.585732,90.340462
727,6.058333,-0.045519,0.404468,0.005500,0.913402,-215.688843,95.570496,90.386497
728,6.066667,-0.043990,0.406021,0.008853,0.912762,-215.678497,95.534714,90.453087
729,6.075000,-0.042998,0.406192,0.009723,0.912724,-215.678833,95.520706,90.497902
730,6.083333,-0.042817,0.405334,0.008169,0.913129,-215.687469,95.523384,90.527809
731,6.091667,-0.042923,0.405072,0.007787,0.913243,-215.682220,95.518272,90.566177
732,6.100000,-0.042942,0.404907,0.007451,0.913319,-215.673798,95.508385,90.609108
733,6.108333,-0.042826,0.404908,0.006931,0.913328,-215.666885,95.498047,90.651787
734,6.116667,-0.042324,0.404627,0.005795,0.913484,-215.665222,95.485512,90.692017
735,6.125000,-0.041744,0.404702,0.004989,0.913482,-215.669220,95.472893,90.733871
736,6.133333,-0.041650,0.404698,0.004572,0.913490,-215.673447,95.461624,90.776566
737,6.141667,-0.041927,0.404579,0.004251,0.913532,-215.674347,95.447937,90.820374
738,6.150000,-0.041919,0.404365,0.004501,0.913626,-215.669250,95.433006,90.868263
739,6.158333,-0.041911,0.404094,0.004799,0.913744,-215.668137,95.421783,90.915527
740,6.166667,-0.042107,0.403927,0.004905,0.913808,-215.663666,95.406227,90.963936
741,6.175000,-0.042134,0.404060,0.005361,0.913746,-215.658401,95.384705,91.014236
742,6.183333,-0.041675,0.404254,0.006238,0.913675,-215.654999,95.363281,91.060455
743,6.191667,-0.041326,0.404455,0.006938,0.913598,-215.654251,95.346764,91.099075
744,6.200000,-0.041342,0.404559,0.007793,0.913544,-215.654022,95.334473,91.136536
745,6.208333,-0.041737,0.404837,0.008289,0.913398,-215.654343,95.320641,91.181526
746,6.216667,-0.041989,0.404874,0.009023,0.913363,-215.647964,95.303131,91.227432
747,6.225000,-0.042061,0.404862,0.009609,0.913359,-215.644196,95.287361,91.269081
748,6.233333,-0.041889,0.404743,0.009821,0.913418,-215.645264,95.273407,91.306084
749,6.241667,-0.041954,0.404622,0.009540,0.913471,-215.649628,95.262062,91.341446
750,6.250000,-0.042183,0.404545,0.008846,0.913502,-215.652496,95.249176,91.375755
751,6.258333,-0.041997,0.404161,0.007419,0.913693,-215.652557,95.227280,91.426018
752,6.266667,-0.041918,0.404034,0.006577,0.913759,-215.647507,95.205101,91.469467
753,6.275000,-0.042031,0.403958,0.006295,0.913790,-215.638992,95.187790,91.514191
754,6.283333,-0.041469,0.405528,0.009494,0.913092,-215.617508,95.146660,91.588577
755,6.291667,-0.041928,0.404775,0.008232,0.913417,-215.619156,95.143051,91.630135
756,6.300000,-0.042232,0.404504,0.007627,0.913529,-215.617233,95.137856,91.665466
757,6.308333,-0.042405,0.404559,0.007122,0.913501,-215.615723,95.133400,91.700577
758,6.316667,-0.042433,0.404693,0.006790,0.913442,-215.617126,95.126320,91.734520
759,6.325000,-0.042116,0.404787,0.006553,0.913417,-215.619919,95.119614,91.772102
760,6.333333,-0.041976,0.404524,0.006356,0.913541,-215.622574,95.108131,91.812698
761,6.341667,-0.042577,0.404225,0.005854,0.913649,-215.626816,95.104820,91.852974
762,6.350000,-0.042783,0.403927,0.005783,0.913772,-215.627975,95.101097,91.888313
763,6.358333,-0.042942,0.403708,0.005197,0.913865,-215.628479,95.101357,91.920204
764,6.366667,-0.043971,0.403797,0.004795,0.913779,-215.629105,95.092392,91.961197
765,6.375000,-0.043600,0.404202,0.005209,0.913615,-215.624451,95.071472,92.010521
766,6.383333,-0.042671,0.404659,0.005714,0.913454,-215.623642,95.055237,92.056831
767,6.391667,-0.041620,0.406208,0.009035,0.912788,-215.614670,95.018837,92.115959
768,6.400000,-0.041806,0.406162,0.010011,0.912789,-215.614014,95.010147,92.160812
769,6.408333,-0.041304,0.404970,0.007844,0.913363,-215.617065,95.001564,92.200363
770,6.416667,-0.040804,0.404623,0.006954,0.913547,-215.609329,94.989883,92.244743
771,6.425000,-0.040987,0.404385,0.006724,0.913645,-215.604477,94.980568,92.286011
772,6.433333,-0.041364,0.404285,0.006695,0.913673,-215.602707,94.975166,92.321732
773,6.441667,-0.041364,0.404370,0.006653,0.913636,-215.603394,94.968781,92.360291
774,6.450000,-0.040731,0.404432,0.006436,0.913638,-215.603607,94.960403,92.403122
775,6.458333,-0.040798,0.404326,0.006066,0.913685,-215.604980,94.950851,92.441055
776,6.466667,-0.041312,0.404239,0.005730,0.913702,-215.603638,94.941124,92.474136
777,6.475000,-0.041971,0.403988,0.004997,0.913787,-215.599487,94.934891,92.506905
778,6.483333,-0.041917,0.403979,0.004814,0.913795,-215.590088,94.926247,92.547142
779,6.491667,-0.041801,0.403861,0.004902,0.913852,-215.586136,94.918228,92.586868
780,6.500000,-0.041795,0.403723,0.005174,0.913911,-215.585617,94.910065,92.624672
781,6.508333,-0.041900,0.403708,0.005817,0.913909,-215.587830,94.897240,92.660301
782,6.516667,-0.041697,0.404244,0.007491,0.913670,-215.588547,94.874481,92.711235
783,6.525000,-0.042134,0.404694,0.008891,0.913438,-215.599243,94.849190,92.765968
784,6.533333,-0.042040,0.404824,0.009835,0.913375,-215.603348,94.828110,92.809448
785,6.541667,-0.042053,0.404717,0.010731,0.913411,-215.603180,94.813957,92.848335
786,6.550000,-0.042325,0.404527,0.010805,0.913482,-215.598816,94.804451,92.886948
787,6.558333,-0.042459,0.404050,0.010390,0.913692,-215.593201,94.793823,92.928459
788,6.566667,-0.042742,0.403863,0.009865,0.913767,-215.586044,94.782104,92.966293
789,6.575000,-0.043003,0.403820,0.009598,0.913777,-215.582031,94.775414,92.997787
790,6.583333,-0.042807,0.403742,0.008599,0.913831,-215.580963,94.765594,93.030060
791,6.591667,-0.042558,0.403775,0.007442,0.913838,-215.581696,94.756111,93.061874
792,6.600000,-0.042387,0.403881,0.006484,0.913806,-215.582947,94.747200,93.100754
793,6.608333,-0.041904,0.403999,0.005869,0.913780,-215.580704,94.736267,93.146149
794,6.616667,-0.041499,0.403928,0.005395,0.913833,-215.579742,94.728493,93.189682
795,6.625000,-0.040365,0.405406,0.008729,0.913203,-215.566589,94.690201,93.255852
796,6.633333,-0.039460,0.404871,0.011800,0.913446,-215.587997,94.649956,93.305397
797,6.641667,-0.039602,0.404650,0.010135,0.913558,-215.605164,94.654648,93.351837
798,6.650000,-0.039618,0.404587,0.009939,0.913587,-215.612198,94.653008,93.390663
799,6.658333,-0.040274,0.404641,0.009414,0.913540,-215.605835,94.649017,93.416656
800,6.666667,-0.040760,0.404620,0.008746,0.913534,-215.603775,94.647293,93.441956
801,6.675000,-0.040975,0.404572,0.007988,0.913553,-215.603012,94.647850,93.474083
802,6.683333,-0.040985,0.404319,0.007127,0.913672,-215.601990,94.646210,93.512527
803,6.691667,-0.041500,0.404072,0.006275,0.913764,-215.598892,94.637466,93.545654
804,6.700000,-0.042214,0.403729,0.005479,0.913888,-215.597717,94.631149,93.576004
805,6.708333,-0.042262,0.403719,0.007799,0.913873,-215.624069,94.602898,93.628273
806,6.716667,-0.042391,0.403667,0.007840,0.913890,-215.624359,94.589554,93.670395
807,6.725000,-0.042294,0.403696,0.007848,0.913881,-215.623947,94.575676,93.711090
808,6.733333,-0.041746,0.403990,0.008245,0.913773,-215.615417,94.563171,93.744354
809,6.741667,-0.041561,0.404042,0.007652,0.913764,-215.616898,94.559052,93.775780
810,6.750000,-0.041715,0.403908,0.006694,0.913824,-215.615753,94.557045,93.807426
811,6.758333,-0.040446,0.405057,0.008678,0.913355,-215.595596,94.516800,93.871330
812,6.766667,-0.040264,0.404084,0.006749,0.913810,-215.595795,94.514160,93.905029
813,6.775000,-0.040466,0.403695,0.006297,0.913976,-215.593552,94.508568,93.935623
814,6.783333,-0.040766,0.403438,0.006498,0.914075,-215.592361,94.502853,93.968575
815,6.791667,-0.040604,0.403445,0.007298,0.914073,-215.590363,94.492851,94.008217
816,6.800000,-0.040575,0.403406,0.007733,0.914088,-215.594070,94.481400,94.047188
817,6.808333,-0.040714,0.403424,0.008165,0.914070,-215.598434,94.471375,94.081070
818,6.816667,-0.040780,0.403347,0.008517,0.914098,-215.606644,94.459030,94.116364
819,6.825000,-0.040936,0.403419,0.008832,0.914056,-215.610504,94.445709,94.151283
820,6.833333,-0.041018,0.403305,0.008752,0.914104,-215.609711,94.431000,94.193024
821,6.841667,-0.041304,0.403178,0.008649,0.914148,-215.606430,94.416542,94.233284
822,6.850000,-0.041651,0.402950,0.008346,0.914236,-215.602142,94.405273,94.269310
823,6.858333,-0.041919,0.402943,0.007918,0.914230,-215.598465,94.398659,94.303604
824,6.866667,-0.042173,0.402968,0.007547,0.914211,-215.595062,94.393776,94.334908
825,6.875000,-0.042179,0.402822,0.007014,0.914279,-215.591721,94.391571,94.363533
826,6.883333,-0.040993,0.402828,0.007021,0.914330,-215.591766,94.394989,94.391159
827,6.891667,-0.040140,0.404491,0.010293,0.913603,-215.578751,94.365685,94.447586
828,6.900000,-0.040771,0.404832,0.010860,0.913417,-215.581177,94.346931,94.490555
829,6.908333,-0.041079,0.404072,0.009464,0.913755,-215.592163,94.344543,94.518936
830,6.916667,-0.041076,0.403816,0.008953,0.913874,-215.593246,94.335518,94.554146
831,6.925000,-0.041052,0.403705,0.008981,0.913924,-215.593765,94.327065,94.593803
832,6.933333,-0.041217,0.403587,0.008780,0.913970,-215.594223,94.320648,94.627724
833,6.941667,-0.040819,0.403019,0.007732,0.914248,-215.594772,94.308617,94.666885
834,6.950000,-0.040446,0.402776,0.006999,0.914378,-215.592438,94.299553,94.704384
835,6.958333,-0.040493,0.402670,0.006445,0.914426,-215.592911,94.299126,94.738922
836,6.966667,-0.040802,0.402559,0.006118,0.914464,-215.596039,94.298286,94.767372
837,6.975000,-0.041078,0.402780,0.005878,0.914356,-215.597275,94.297234,94.795563
838,6.983333,-0.040958,0.402930,0.005405,0.914298,-215.593887,94.296257,94.826332
839,6.991667,-0.040615,0.402938,0.004561,0.914314,-215.586502,94.295288,94.861275
840,7.000000,-0.040442,0.402638,0.003290,0.914460,-215.577560,94.297195,94.895393
841,7.008333,-0.039569,0.402684,0.005775,0.914465,-215.593887,94.267021,94.949928
842,7.016667,-0.039558,0.402755,0.006200,0.914432,-215.593475,94.256157,94.989433
843,7.025000,-0.039034,0.404046,0.009316,0.913858,-215.560532,94.220978,95.040016
844,7.033333,-0.039141,0.404494,0.009179,0.913657,-215.548676,94.218674,95.081329
845,7.041667,-0.039147,0.404574,0.009000,0.913623,-215.543488,94.218544,95.114784
846,7.050000,-0.039314,0.403746,0.006691,0.914002,-215.550751,94.232872,95.136436
847,7.058333,-0.039090,0.403690,0.006330,0.914039,-215.552307,94.231842,95.169380
848,7.066667,-0.038869,0.403749,0.006500,0.914021,-215.551346,94.220337,95.207283
849,7.075000,-0.038825,0.403579,0.006849,0.914095,-215.547318,94.210861,95.243210
850,7.083333,-0.039038,0.403541,0.007400,0.914099,-215.544434,94.200462,95.272408
851,7.091667,-0.039629,0.403417,0.008091,0.914122,-215.544388,94.191628,95.305984
852,7.100000,-0.040528,0.403374,0.008462,0.914098,-215.544266,94.176643,95.345459
853,7.108333,-0.041125,0.403154,0.008561,0.914168,-215.544296,94.162437,95.378731
854,7.116667,-0.040930,0.402872,0.007303,0.914312,-215.545242,94.141060,95.408646
855,7.125000,-0.041183,0.402549,0.006706,0.914447,-215.547699,94.128494,95.436890
856,7.133333,-0.041052,0.402615,0.006243,0.914427,-215.546631,94.118767,95.467018
857,7.141667,-0.040599,0.402630,0.005390,0.914446,-215.543198,94.108231,95.496521
858,7.150000,-0.040141,0.402419,0.004682,0.914563,-215.537292,94.097771,95.524940
859,7.158333,-0.040404,0.402245,0.004475,0.914629,-215.531799,94.083878,95.552811
860,7.166667,-0.039967,0.402553,0.005630,0.914507,-215.525101,94.057465,95.596596
861,7.175000,-0.039381,0.402632,0.006435,0.914492,-215.526932,94.034790,95.638153
862,7.183333,-0.039079,0.402615,0.007037,0.914508,-215.533142,94.015198,95.669365
863,7.191667,-0.039022,0.402626,0.007825,0.914499,-215.539795,93.999367,95.693245
864,7.200000,-0.039098,0.402614,0.008458,0.914495,-215.547394,93.988243,95.715721
865,7.208333,-0.039038,0.402680,0.008798,0.914466,-215.551849,93.981461,95.736092
866,7.216667,-0.039134,0.402641,0.008718,0.914479,-215.553207,93.977409,95.756416
867,7.225000,-0.039351,0.402822,0.008635,0.914391,-215.552902,93.974518,95.770958
868,7.233333,-0.039495,0.402902,0.008453,0.914351,-215.552139,93.973015,95.783363
869,7.241667,-0.039716,0.402992,0.008393,0.914303,-215.550140,93.974159,95.795921
870,7.250000,-0.040014,0.403067,0.008300,0.914258,-215.548828,93.976250,95.805855
871,7.258333,-0.040153,0.403304,0.008208,0.914148,-215.546600,93.978462,95.817299
872,7.266667,-0.040392,0.403447,0.007996,0.914076,-215.545364,93.977844,95.824173
873,7.275000,-0.040573,0.403474,0.007751,0.914058,-215.545517,93.975739,95.829948
874,7.283333,-0.040678,0.403393,0.007666,0.914090,-215.546509,93.972466,95.838531
875,7.291667,-0.040976,0.403423,0.007653,0.914064,-215.549133,93.967178,95.844742
876,7.300000,-0.040947,0.403329,0.007790,0.914105,-215.551285,93.958321,95.851387
877,7.308333,-0.040999,0.403265,0.007907,0.914130,-215.552383,93.946335,95.859169
878,7.316667,-0.040928,0.403234,0.008220,0.914144,-215.551178,93.934341,95.869446
879,7.325000,-0.040695,0.403226,0.008448,0.914156,-215.550735,93.918922,95.877769
880,7.333333,-0.040412,0.403245,0.008576,0.914159,-215.550964,93.900177,95.884079
881,7.341667,-0.040246,0.403207,0.008544,0.914183,-215.549805,93.883224,95.889687
882,7.350000,-0.039931,0.403205,0.008408,0.914199,-215.547913,93.862762,95.894455
883,7.358333,-0.039933,0.403061,0.008089,0.914266,-215.546280,93.843994,95.898643
884,7.366667,-0.039574,0.402915,0.007492,0.914351,-215.543945,93.822029,95.901588
885,7.375000,-0.039874,0.402394,0.005409,0.914582,-215.544098,93.790237,95.911392
886,7.383333,-0.039408,0.402337,0.004349,0.914633,-215.541290,93.749413,95.917946
887,7.391667,-0.038854,0.402328,0.004200,0.914661,-215.544159,93.710121,95.920929
888,7.400000,-0.037851,0.402239,0.004507,0.914741,-215.547638,93.672844,95.927521
889,7.408333,-0.036676,0.402258,0.004696,0.914780,-215.551590,93.633224,95.933792
890,7.416667,-0.035501,0.402541,0.005462,0.914697,-215.550751,93.592270,95.946457
891,7.425000,-0.034656,0.402517,0.006448,0.914734,-215.552063,93.557610,95.951828
892,7.433333,-0.033580,0.403691,0.010143,0.914223,-215.544174,93.500656,95.972466
893,7.441667,-0.032632,0.404002,0.011646,0.914102,-215.542984,93.457916,95.984680
894,7.450000,-0.032071,0.404128,0.012655,0.914053,-215.548798,93.416664,95.991913
895,7.458333,-0.032122,0.403545,0.011750,0.914320,-215.563629,93.387436,95.993225
896,7.466667,-0.031989,0.403670,0.011755,0.914270,-215.565948,93.342514,95.998528
897,7.475000,-0.031897,0.403712,0.011684,0.914255,-215.562790,93.298592,96.007858
898,7.483333,-0.030936,0.403301,0.011356,0.914474,-215.558487,93.244453,96.023140
899,7.491667,-0.029847,0.403011,0.011078,0.914641,-215.556427,93.194855,96.036476
900,7.500000,-0.028384,0.402970,0.011128,0.914705,-215.555878,93.157814,96.055367
901,7.508333,-0.028445,0.402233,0.011234,0.915026,-215.549423,93.121162,96.075256
902,7.516667,-0.030210,0.401571,0.011130,0.915262,-215.544510,93.083534,96.095482
903,7.525000,-0.030874,0.401357,0.011047,0.915335,-215.546341,93.052147,96.107361
904,7.533333,-0.031406,0.401427,0.010412,0.915293,-215.550858,93.022827,96.117058
905,7.541667,-0.031131,0.400931,0.009766,0.915527,-215.545013,92.999428,96.136032
906,7.550000,-0.030559,0.400991,0.008760,0.915530,-215.538147,92.988693,96.155205
907,7.558333,-0.030784,0.401171,0.010011,0.915431,-215.531967,92.976585,96.178177
908,7.566667,-0.028786,0.403131,0.012597,0.914603,-215.527039,92.935600,96.211311
909,7.575000,-0.027753,0.403970,0.016180,0.914208,-215.512054,92.888779,96.250931
910,7.583333,-0.026478,0.404669,0.017058,0.913921,-215.523392,92.881958,96.265388
911,7.591667,-0.025975,0.403880,0.016964,0.914286,-215.547363,92.893440,96.281769
912,7.600000,-0.025037,0.403855,0.016546,0.914331,-215.550064,92.898003,96.306091
913,7.608333,-0.025698,0.403628,0.017287,0.914399,-215.551178,92.903015,96.322754
914,7.616667,-0.027010,0.403878,0.015930,0.914275,-215.545822,92.929932,96.343575
915,7.625000,-0.028096,0.402895,0.013516,0.914715,-215.545914,92.969521,96.341270
916,7.633333,-0.028127,0.403334,0.014499,0.914506,-215.537903,92.982475,96.365707
917,7.641667,-0.027963,0.402676,0.014359,0.914803,-215.562225,93.001770,96.394363
918,7.650000,-0.027499,0.403496,0.013969,0.914461,-215.562943,93.025032,96.436157
919,7.658333,-0.027353,0.403752,0.013478,0.914360,-215.561844,93.050835,96.463173
920,7.666667,-0.027192,0.403298,0.015251,0.914537,-215.545517,93.055901,96.465454
921,7.675000,-0.027814,0.403300,0.014726,0.914527,-215.541656,93.081131,96.479889
922,7.683333,-0.028384,0.403322,0.014230,0.914507,-215.540390,93.106255,96.495247
923,7.691667,-0.029138,0.403342,0.013664,0.914483,-215.538528,93.134224,96.511162
924,7.700000,-0.029760,0.403351,0.013317,0.914464,-215.535217,93.158966,96.526306
925,7.708333,-0.030718,0.403276,0.012873,0.914472,-215.531616,93.182213,96.540604
926,7.716667,-0.031628,0.403250,0.012457,0.914458,-215.529892,93.203506,96.556168
927,7.725000,-0.032621,0.402861,0.010333,0.914621,-215.537140,93.231750,96.571243
928,7.733333,-0.033209,0.402766,0.009990,0.914646,-215.537094,93.240265,96.587975
929,7.741667,-0.033412,0.402736,0.010143,0.914650,-215.535980,93.246071,96.603348
930,7.750000,-0.033763,0.402664,0.010138,0.914669,-215.537445,93.251579,96.621094
931,7.758333,-0.033749,0.402583,0.010259,0.914703,-215.539627,93.253426,96.638176
932,7.766667,-0.033894,0.402716,0.010255,0.914640,-215.541870,93.253250,96.659401
933,7.775000,-0.033667,0.402785,0.011203,0.914607,-215.554886,93.246254,96.689003
934,7.783333,-0.033544,0.402854,0.011582,0.914576,-215.556839,93.243317,96.709206
935,7.791667,-0.033392,0.402908,0.011867,0.914554,-215.557678,93.237831,96.725594
936,7.800000,-0.033389,0.402918,0.011699,0.914552,-215.558380,93.234558,96.741791
937,7.808333,-0.033426,0.402838,0.011969,0.914582,-215.560333,93.231194,96.757965
938,7.816667,-0.033605,0.402930,0.011873,0.914536,-215.561890,93.224678,96.775574
939,7.825000,-0.033474,0.402813,0.012077,0.914590,-215.561508,93.219269,96.789490
940,7.833333,-0.033423,0.402463,0.012066,0.914746,-215.562851,93.215385,96.808052
941,7.841667,-0.033331,0.402336,0.012013,0.914806,-215.563583,93.208382,96.823875
942,7.850000,-0.033433,0.402228,0.011567,0.914856,-215.554260,93.202721,96.830612
943,7.858333,-0.033529,0.402020,0.011015,0.914950,-215.549545,93.200790,96.838692
944,7.866667,-0.033741,0.401890,0.010605,0.915005,-215.548416,93.195015,96.844597
945,7.875000,-0.033861,0.401810,0.010486,0.915037,-215.547470,93.188248,96.851433
946,7.883333,-0.033915,0.401702,0.010521,0.915082,-215.547516,93.182816,96.859184
947,7.891667,-0.034249,0.401584,0.010652,0.915120,-215.547256,93.173264,96.867378
948,7.900000,-0.034493,0.401506,0.010555,0.915146,-215.547089,93.164207,96.875351
949,7.908333,-0.034555,0.401491,0.010423,0.915152,-215.546844,93.156075,96.882828
950,7.916667,-0.034206,0.401373,0.010264,0.915218,-215.546463,93.145676,96.890388
951,7.925000,-0.034120,0.401312,0.010037,0.915251,-215.545471,93.136673,96.896477
952,7.933333,-0.033977,0.401277,0.009584,0.915276,-215.544205,93.127403,96.901031
953,7.941667,-0.032895,0.401148,0.008846,0.915380,-215.539368,93.107735,96.912102
954,7.950000,-0.032193,0.401049,0.008400,0.915452,-215.540314,93.088272,96.922455
955,7.958333,-0.031483,0.401066,0.007719,0.915476,-215.539719,93.064346,96.930702
956,7.966667,-0.031167,0.401154,0.007179,0.915452,-215.540665,93.043182,96.937393
957,7.975000,-0.031101,0.401244,0.007143,0.915415,-215.540176,93.030960,96.943008
958,7.983333,-0.031052,0.401341,0.007139,0.915374,-215.540176,93.020561,96.947922
959,7.991667,-0.031047,0.401307,0.006823,0.915392,-215.542953,93.011269,96.954849
960,8.000000,-0.030608,0.401702,0.006713,0.915234,-215.546249,92.993690,96.968315
961,8.008333,-0.030209,0.401763,0.007050,0.915218,-215.556580,92.967171,96.981361
962,8.016667,-0.029505,0.403484,0.010857,0.914446,-215.555695,92.906281,97.016037
963,8.025000,-0.029276,0.403596,0.011141,0.914401,-215.566162,92.868683,97.024658
964,8.033333,-0.028934,0.403326,0.011805,0.914523,-215.580841,92.831749,97.030998
965,8.041667,-0.028496,0.402939,0.012696,0.914695,-215.596725,92.791740,97.032341
966,8.050000,-0.027446,0.402416,0.014312,0.914933,-215.611145,92.736664,97.032707
967,8.058333,-0.026376,0.402185,0.015939,0.915040,-215.619324,92.675667,97.035721
968,8.066667,-0.025879,0.401720,0.015106,0.915272,-215.628265,92.636642,97.040489
969,8.075000,-0.025339,0.401429,0.014824,0.915420,-215.623016,92.585999,97.044983
970,8.083333,-0.024441,0.401363,0.014034,0.915486,-215.614944,92.528473,97.051147
971,8.091667,-0.023952,0.401412,0.013375,0.915487,-215.608002,92.477600,97.055916
972,8.100000,-0.024002,0.401437,0.012951,0.915480,-215.606140,92.443611,97.057213
973,8.108333,-0.024491,0.401395,0.012977,0.915486,-215.608353,92.423813,97.056717
974,8.116667,-0.024860,0.401279,0.012810,0.915529,-215.611053,92.412277,97.053001
975,8.125000,-0.025044,0.401310,0.012618,0.915513,-215.614014,92.403488,97.051384
976,8.133333,-0.024975,0.401202,0.012431,0.915564,-215.614487,92.394585,97.053268
977,8.141667,-0.024851,0.401236,0.012403,0.915554,-215.615326,92.388702,97.057152
978,8.150000,-0.024740,0.401240,0.012467,0.915554,-215.615036,92.388878,97.056976
979,8.158333,-0.024737,0.401279,0.012687,0.915534,-215.612671,92.397697,97.052895
980,8.166667,-0.024826,0.401278,0.012644,0.915533,-215.607666,92.409721,97.049194
981,8.175000,-0.024783,0.401377,0.012722,0.915489,-215.604279,92.419807,97.046951
982,8.183333,-0.024816,0.401416,0.012858,0.915469,-215.605377,92.424263,97.044579
983,8.191667,-0.024844,0.401390,0.012869,0.915480,-215.608627,92.421173,97.044060
984,8.200000,-0.024763,0.401361,0.012659,0.915498,-215.612167,92.412071,97.048332
985,8.208333,-0.024851,0.401203,0.012649,0.915565,-215.615799,92.397903,97.054428
986,8.216667,-0.024905,0.401271,0.012638,0.915534,-215.620758,92.392120,97.058144
987,8.225000,-0.024765,0.401402,0.013146,0.915473,-215.634735,92.390579,97.066299
988,8.233333,-0.024567,0.401427,0.012990,0.915469,-215.623718,92.400002,97.057968
989,8.241667,-0.024274,0.401362,0.012491,0.915513,-215.612488,92.410767,97.054054
990,8.250000,-0.024113,0.401384,0.011952,0.915515,-215.604477,92.418785,97.052055
991,8.258333,-0.024438,0.401162,0.011580,0.915608,-215.601379,92.422279,97.050148
992,8.266667,-0.024500,0.401154,0.011558,0.915610,-215.597397,92.416039,97.048851
993,8.275000,-0.024559,0.401075,0.011183,0.915648,-215.593811,92.405823,97.048157
994,8.283333,-0.024442,0.401143,0.010882,0.915625,-215.588165,92.397270,97.049683
995,8.291667,-0.024499,0.401090,0.010572,0.915650,-215.583755,92.391579,97.047760
996,8.300000,-0.024733,0.401158,0.010333,0.915617,-215.577454,92.392204,97.041435
997,8.308333,-0.025133,0.401256,0.009942,0.915567,-215.569519,92.396286,97.034325
998,8.316667,-0.025488,0.401239,0.009371,0.915571,-215.557312,92.397781,97.021217
999,8.325000,-0.026030,0.400949,0.008215,0.915694,-215.545074,92.387276,97.002113
1000,8.333333,-0.026907,0.400495,0.006759,0.915879,-215.532654,92.349068,96.979561
1001,8.341667,-0.027797,0.400537,0.006102,0.915839,-215.518982,92.274132,96.952560
1002,8.350000,-0.028503,0.399755,0.005584,0.916162,-215.500977,92.235176,96.945488
1003,8.358333,-0.028168,0.399408,0.005073,0.916326,-215.472702,92.217567,96.951088
1004,8.366667,-0.026698,0.399013,0.005250,0.916541,-215.450104,92.218964,96.970642
1005,8.375000,-0.024631,0.398749,0.003032,0.916724,-215.434601,92.218987,97.004829
1006,8.383333,-0.023802,0.397859,0.001476,0.917136,-215.436264,92.222130,97.038521
1007,8.391667,-0.022533,0.397857,0.000754,0.917170,-215.439728,92.213242,97.076157
1008,8.400000,-0.020685,0.398113,0.001830,0.917101,-215.448425,92.196236,97.133553
1009,8.408333,-0.018776,0.397800,0.006169,0.917259,-215.495926,92.165703,97.212097
1010,8.416667,-0.017209,0.398345,0.008293,0.917037,-215.519623,92.155632,97.285431
1011,8.425000,-0.014996,0.399787,0.009648,0.916435,-215.510056,92.152298,97.359215
1012,8.433333,-0.012763,0.401571,0.010205,0.915682,-215.491104,92.159889,97.438210
1013,8.441667,-0.010856,0.402661,0.010155,0.915229,-215.472366,92.172218,97.512695
1014,8.450000,-0.009222,0.403120,0.009723,0.915049,-215.446930,92.183472,97.577301
1015,8.458333,-0.007104,0.403557,0.012419,0.914843,-215.449768,92.164375,97.655113
1016,8.466667,-0.005632,0.403808,0.013771,0.914723,-215.443710,92.161705,97.719582
1017,8.475000,-0.004521,0.404741,0.014537,0.914304,-215.441269,92.164322,97.767807
1018,8.483333,-0.003076,0.406664,0.016869,0.913417,-215.446548,92.152008,97.817825
1019,8.491667,-0.002382,0.407285,0.016888,0.913142,-215.471100,92.158730,97.835899
1020,8.500000,-0.002138,0.407305,0.017369,0.913125,-215.496536,92.157730,97.839989
1021,8.508333,-0.002493,0.405795,0.016296,0.913816,-215.525192,92.166893,97.819313
1022,8.516667,-0.003273,0.404178,0.015712,0.914540,-215.538330,92.167839,97.790375
1023,8.525000,-0.004676,0.402955,0.015173,0.915082,-215.535263,92.168922,97.760513
1024,8.533333,-0.006445,0.401931,0.014666,0.915530,-215.525940,92.165512,97.717438
1025,8.541667,-0.008341,0.401011,0.013972,0.915929,-215.511139,92.160355,97.663544
1026,8.550000,-0.009936,0.400390,0.013025,0.916199,-215.493637,92.161949,97.600822
1027,8.558333,-0.010745,0.399842,0.011643,0.916447,-215.468552,92.161453,97.531815
1028,8.566667,-0.011458,0.399262,0.009694,0.916714,-215.433380,92.160912,97.465363
1029,8.575000,-0.012047,0.398514,0.007597,0.917052,-215.392761,92.162613,97.404671
1030,8.583333,-0.012665,0.397257,0.005724,0.917602,-215.354065,92.170723,97.349892
1031,8.591667,-0.013834,0.396091,0.003925,0.918099,-215.322205,92.176888,97.307716
1032,8.600000,-0.014615,0.394852,0.002294,0.918625,-215.296967,92.181877,97.279221
1033,8.608333,-0.014669,0.394770,0.003247,0.918657,-215.270203,92.169861,97.275558
1034,8.616667,-0.014549,0.394102,0.002902,0.918947,-215.263397,92.169876,97.279305
1035,8.625000,-0.014039,0.393379,0.003084,0.919264,-215.268280,92.168297,97.292015
1036,8.633333,-0.013849,0.391769,0.001757,0.919958,-215.292938,92.182266,97.304054
1037,8.641667,-0.013158,0.390731,0.002425,0.920408,-215.320084,92.186714,97.342384
1038,8.650000,-0.012089,0.389900,0.004244,0.920768,-215.350967,92.182144,97.399307
1039,8.658333,-0.011422,0.389035,0.006744,0.921127,-215.384918,92.182869,97.460030
1040,8.666667,-0.010674,0.388333,0.008809,0.921415,-215.428955,92.181587,97.509727
1041,8.675000,-0.010047,0.387996,0.010275,0.921549,-215.490005,92.175713,97.545151
1042,8.683333,-0.009258,0.388010,0.013852,0.921504,-215.574890,92.150383,97.585609
1043,8.691667,-0.008917,0.387912,0.015437,0.921524,-215.629761,92.142715,97.609238
1044,8.700000,-0.008887,0.387801,0.016427,0.921554,-215.661530,92.141937,97.613235
1045,8.708333,-0.009240,0.387523,0.016885,0.921659,-215.690323,92.143372,97.609451
1046,8.716667,-0.009753,0.387215,0.016904,0.921783,-215.711395,92.148354,97.598282
1047,8.725000,-0.010177,0.386730,0.016702,0.921986,-215.721054,92.155594,97.581696
1048,8.733333,-0.010762,0.386604,0.016210,0.922041,-215.720505,92.160423,97.563309
1049,8.741667,-0.011439,0.386592,0.015794,0.922045,-215.711258,92.161613,97.538658
1050,8.750000,-0.012133,0.386499,0.015185,0.922085,-215.691833,92.159668,97.506660
1051,8.758333,-0.012703,0.386479,0.014326,0.922100,-215.664917,92.161659,97.475365
1052,8.766667,-0.013190,0.386407,0.012914,0.922144,-215.623611,92.166351,97.449951
1053,8.775000,-0.013019,0.386173,0.011253,0.922266,-215.572495,92.172569,97.431221
1054,8.783333,-0.012633,0.385714,0.009560,0.922482,-215.512329,92.176727,97.419899
1055,8.791667,-0.012134,0.385464,0.009315,0.922596,-215.471176,92.167427,97.430298
1056,8.800000,-0.011757,0.385866,0.008518,0.922441,-215.403122,92.164215,97.447464
1057,8.808333,-0.011484,0.386273,0.007217,0.922285,-215.329819,92.171112,97.458435
1058,8.816667,-0.011344,0.386409,0.005538,0.922241,-215.278931,92.180733,97.451820
1059,8.825000,-0.011157,0.386614,0.003455,0.922168,-215.240891,92.188911,97.432968
1060,8.833333,-0.011324,0.386717,0.001743,0.922127,-215.216324,92.195068,97.408440
1061,8.841667,-0.011836,0.386669,0.000525,0.922142,-215.205383,92.200691,97.382919
1062,8.850000,-0.012212,0.386585,0.000141,0.922173,-215.214798,92.200996,97.370705
1063,8.858333,-0.012621,0.386602,0.000650,0.922160,-215.231903,92.198006,97.373810
1064,8.866667,-0.012647,0.386500,0.001979,0.922201,-215.262863,92.192741,97.394600
1065,8.875000,-0.012521,0.386296,0.004063,0.922281,-215.304657,92.190331,97.422310
1066,8.883333,-0.012314,0.386244,0.006081,0.922294,-215.352890,92.183754,97.441055
1067,8.891667,-0.011973,0.386304,0.007911,0.922260,-215.412659,92.179474,97.449806
1068,8.900000,-0.011498,0.387554,0.011111,0.921708,-215.465088,92.163734,97.475563
1069,8.908333,-0.011171,0.388023,0.012416,0.921499,-215.522629,92.158226,97.501488
1070,8.916667,-0.011212,0.387064,0.011725,0.921910,-215.582230,92.169533,97.509979
1071,8.925000,-0.011284,0.386696,0.011856,0.922062,-215.626434,92.175629,97.514938
1072,8.933333,-0.011577,0.386858,0.012457,0.921983,-215.659302,92.177971,97.518761
1073,8.941667,-0.011925,0.386823,0.013246,0.921982,-215.682510,92.179008,97.517365
1074,8.950000,-0.012323,0.386764,0.013737,0.921994,-215.693573,92.179695,97.508163
1075,8.958333,-0.012703,0.386929,0.013939,0.921917,-215.697342,92.178436,97.496017
1076,8.966667,-0.013105,0.386925,0.013612,0.921918,-215.692322,92.180008,97.489319
1077,8.975000,-0.013106,0.386834,0.012981,0.921965,-215.673538,92.181007,97.488991
1078,8.983333,-0.012576,0.386853,0.012167,0.921975,-215.648315,92.180984,97.497208
1079,8.991667,-0.011712,0.386778,0.011343,0.922029,-215.613373,92.180183,97.506645
1080,9.000000,-0.010938,0.386575,0.010557,0.922133,-215.568756,92.178055,97.511040
1081,9.008333,-0.010385,0.386579,0.010362,0.922140,-215.519043,92.172203,97.509674
1082,9.016667,-0.010370,0.386560,0.010069,0.922151,-215.465759,92.168625,97.501427
1083,9.025000,-0.010786,0.386500,0.009701,0.922175,-215.415863,92.164940,97.488640
1084,9.033333,-0.011718,0.387063,0.008879,0.921936,-215.374252,92.166443,97.457108
1085,9.041667,-0.012317,0.387583,0.007188,0.921724,-215.336105,92.166428,97.424789
1086,9.050000,-0.012486,0.387867,0.005164,0.921617,-215.304428,92.170914,97.400978
1087,9.058333,-0.012556,0.388227,0.003495,0.921472,-215.275055,92.179504,97.388260
1088,9.066667,-0.012517,0.388367,0.002136,0.921417,-215.253113,92.187729,97.386917
1089,9.075000,-0.012499,0.388518,0.001701,0.921355,-215.241745,92.194061,97.398262
1090,9.083333,-0.011716,0.388783,0.004669,0.921243,-215.265137,92.175217,97.428452
1091,9.091667,-0.011347,0.388979,0.004846,0.921164,-215.268280,92.176552,97.438942
1092,9.100000,-0.011321,0.389088,0.004908,0.921118,-215.282959,92.180023,97.441986
1093,9.108333,-0.011651,0.389074,0.005014,0.921119,-215.315460,92.182602,97.436996
1094,9.116667,-0.012159,0.388858,0.006073,0.921197,-215.360428,92.183434,97.437737
1095,9.125000,-0.012460,0.388805,0.007453,0.921206,-215.413483,92.181381,97.452248
1096,9.133333,-0.012099,0.388448,0.008621,0.921351,-215.461258,92.180855,97.476425
1097,9.141667,-0.011434,0.388302,0.009915,0.921408,-215.506607,92.175461,97.506180
1098,9.150000,-0.010977,0.388282,0.011292,0.921406,-215.548782,92.169281,97.533066
1099,9.158333,-0.010331,0.388301,0.014373,0.921363,-215.601730,92.148544,97.563896
1100,9.166667,-0.009982,0.388346,0.015383,0.921331,-215.629272,92.143730,97.576294
1101,9.175000,-0.009961,0.388254,0.015783,0.921363,-215.643433,92.140221,97.578545
1102,9.183333,-0.010151,0.388251,0.016023,0.921358,-215.651672,92.139694,97.572769
1103,9.191667,-0.010490,0.388228,0.015795,0.921368,-215.653809,92.141510,97.560463
1104,9.200000,-0.010899,0.388253,0.015306,0.921361,-215.644196,92.142502,97.537025
1105,9.208333,-0.011324,0.388120,0.014249,0.921429,-215.613266,92.148949,97.508850
1106,9.216667,-0.011716,0.387881,0.012462,0.921551,-215.576004,92.158646,97.489235
1107,9.225000,-0.011546,0.388578,0.012970,0.921252,-215.523575,92.147705,97.491341
1108,9.233333,-0.011420,0.387975,0.010748,0.921537,-215.479996,92.160233,97.487762
1109,9.241667,-0.011269,0.387643,0.009184,0.921695,-215.428711,92.169121,97.492966
1110,9.250000,-0.011054,0.387354,0.008013,0.921830,-215.382523,92.173225,97.491074
1111,9.258333,-0.011262,0.387604,0.007281,0.921728,-215.348404,92.175735,97.474846
1112,9.266667,-0.011912,0.387870,0.006432,0.921615,-215.329498,92.176941,97.447922
1113,9.275000,-0.012337,0.388162,0.005329,0.921493,-215.316605,92.175552,97.422615
1114,9.283333,-0.012620,0.388130,0.004390,0.921508,-215.309769,92.177269,97.407356
1115,9.291667,-0.012714,0.388219,0.004097,0.921470,-215.307541,92.179100,97.407166
1116,9.300000,-0.012533,0.388296,0.004543,0.921438,-215.313797,92.176262,97.424240
1117,9.308333,-0.012411,0.388165,0.005695,0.921489,-215.324539,92.175667,97.449188
1118,9.316667,-0.012112,0.388141,0.006808,0.921495,-215.342621,92.176270,97.474144
1119,9.325000,-0.011917,0.388231,0.007949,0.921451,-215.372940,92.175957,97.486969
1120,9.333333,-0.011770,0.388348,0.008806,0.921396,-215.413971,92.174347,97.492470
1121,9.341667,-0.011803,0.388602,0.009422,0.921282,-215.451767,92.172935,97.501495
1122,9.350000,-0.011701,0.388599,0.010097,0.921277,-215.485672,92.168701,97.513733
1123,9.358333,-0.011488,0.388492,0.011043,0.921314,-215.509918,92.162651,97.520393
1124,9.366667,-0.011321,0.388442,0.011872,0.921327,-215.530853,92.157326,97.523994
1125,9.375000,-0.011302,0.388651,0.012734,0.921228,-215.542007,92.150993,97.519363
1126,9.383333,-0.011379,0.388763,0.013115,0.921174,-215.543015,92.149048,97.517914
1127,9.391667,-0.011363,0.388675,0.012868,0.921215,-215.532593,92.148582,97.522202
1128,9.400000,-0.011205,0.388555,0.012494,0.921273,-215.509796,92.149750,97.525177
1129,9.408333,-0.011135,0.388554,0.011943,0.921281,-215.479965,92.153877,97.521164
1130,9.416667,-0.011240,0.388613,0.011210,0.921264,-215.444733,92.157631,97.512390
1131,9.425000,-0.011383,0.388497,0.010059,0.921325,-215.405624,92.161690,97.506363
1132,9.433333,-0.011533,0.388772,0.009140,0.921217,-215.371185,92.163620,97.493195
1133,9.441667,-0.011763,0.388818,0.008367,0.921202,-215.347168,92.165932,97.475624
1134,9.450000,-0.012138,0.388819,0.007516,0.921203,-215.330811,92.170113,97.460251
1135,9.458333,-0.012347,0.388778,0.006393,0.921227,-215.320511,92.176132,97.454384
1136,9.466667,-0.012304,0.388704,0.005723,0.921263,-215.315536,92.179558,97.457977
1137,9.475000,-0.012283,0.388640,0.006041,0.921288,-215.320541,92.181664,97.470093
1138,9.483333,-0.012151,0.388790,0.006637,0.921222,-215.336823,92.179199,97.473068
1139,9.491667,-0.012178,0.388777,0.007672,0.921220,-215.365417,92.175461,97.472244
1140,9.500000,-0.012203,0.388853,0.008247,0.921182,-215.400024,92.174141,97.472610
1141,9.508333,-0.012014,0.388707,0.008756,0.921241,-215.429932,92.172676,97.484512
1142,9.516667,-0.011817,0.388543,0.009284,0.921308,-215.451981,92.171829,97.498619
1143,9.525000,-0.011602,0.388489,0.010008,0.921326,-215.467697,92.167572,97.517960
1144,9.533333,-0.011366,0.388376,0.010648,0.921369,-215.478699,92.162117,97.534828
1145,9.541667,-0.011260,0.388263,0.011270,0.921411,-215.484161,92.156281,97.545746
1146,9.550000,-0.011128,0.388244,0.011969,0.921412,-215.481186,92.150871,97.550949
1147,9.558333,-0.011029,0.388143,0.012021,0.921455,-215.469177,92.150574,97.547256
1148,9.566667,-0.010997,0.387918,0.011677,0.921554,-215.449112,92.152992,97.533890
1149,9.575000,-0.011302,0.387691,0.010852,0.921656,-215.419586,92.156227,97.512367
1150,9.583333,-0.011614,0.387544,0.009692,0.921727,-215.391113,92.159180,97.495575
1151,9.591667,-0.012122,0.387732,0.008819,0.921650,-215.366776,92.162796,97.478516
1152,9.600000,-0.012353,0.387747,0.007983,0.921649,-215.347122,92.167465,97.467339
1153,9.608333,-0.012561,0.387740,0.006958,0.921657,-215.332581,92.172913,97.467834
1154,9.616667,-0.012526,0.387670,0.006454,0.921690,-215.327881,92.178055,97.472008
1155,9.625000,-0.012476,0.387743,0.006540,0.921660,-215.334961,92.177216,97.467056
1156,9.633333,-0.012443,0.387662,0.006659,0.921694,-215.350983,92.176117,97.464043
1157,9.641667,-0.012477,0.387567,0.007340,0.921728,-215.369766,92.175285,97.467918
1158,9.650000,-0.012456,0.387297,0.007944,0.921837,-215.395615,92.174538,97.482254
1159,9.658333,-0.012152,0.387226,0.008410,0.921866,-215.418030,92.171928,97.497429
1160,9.666667,-0.011687,0.387274,0.009089,0.921846,-215.434723,92.169693,97.516647
1161,9.675000,-0.011232,0.387259,0.009952,0.921849,-215.446014,92.167839,97.533356
1162,9.683333,-0.010856,0.387249,0.010701,0.921849,-215.451935,92.162918,97.543121
1163,9.691667,-0.010617,0.387133,0.011210,0.921895,-215.448090,92.157707,97.544456
1164,9.700000,-0.010690,0.387114,0.011188,0.921902,-215.437866,92.155907,97.540291
1165,9.708333,-0.010830,0.386995,0.010856,0.921954,-215.422638,92.154427,97.524055
1166,9.716667,-0.011470,0.386836,0.010517,0.922017,-215.415359,92.157051,97.501060
1167,9.725000,-0.012111,0.386811,0.009987,0.922025,-215.405243,92.157799,97.481239
1168,9.733333,-0.012437,0.387132,0.010029,0.921886,-215.406662,92.154510,97.473434
1169,9.741667,-0.012688,0.387148,0.009688,0.921879,-215.390274,92.157448,97.466179
1170,9.750000,-0.012445,0.386648,0.008483,0.922104,-215.379333,92.163834,97.473846
1171,9.758333,-0.012141,0.386474,0.007517,0.922190,-215.375656,92.171936,97.484856
1172,9.766667,-0.011772,0.386427,0.007500,0.922215,-215.383865,92.174255,97.496841
1173,9.775000,-0.011900,0.386537,0.008121,0.922161,-215.404434,92.176262,97.500458
1174,9.783333,-0.011884,0.386672,0.008870,0.922098,-215.422791,92.174110,97.505318
1175,9.791667,-0.011738,0.386768,0.009466,0.922054,-215.437195,92.171707,97.506470
1176,9.800000,-0.011725,0.386863,0.009893,0.922010,-215.443970,92.169548,97.506233
1177,9.808333,-0.011559,0.386915,0.010337,0.921985,-215.442520,92.164299,97.508530
1178,9.816667,-0.011440,0.387004,0.010677,0.921945,-215.433502,92.160027,97.512573
1179,9.825000,-0.011236,0.386960,0.010753,0.921965,-215.418427,92.155373,97.513275
1180,9.833333,-0.011441,0.386943,0.010390,0.921974,-215.405960,92.153976,97.505119
1181,9.841667,-0.011745,0.386908,0.010108,0.921988,-215.400223,92.155525,97.491486
1182,9.850000,-0.012022,0.386944,0.009598,0.921975,-215.398438,92.158279,97.477768
1183,9.858333,-0.012348,0.386740,0.009263,0.922060,-215.400558,92.161102,97.474304
1184,9.866667,-0.012377,0.386657,0.008942,0.922097,-215.400009,92.164986,97.475945
1185,9.875000,-0.012185,0.386629,0.008490,0.922116,-215.395401,92.167755,97.487083
1186,9.883333,-0.011983,0.386541,0.008162,0.922158,-215.393585,92.171356,97.498772
1187,9.891667,-0.012013,0.386606,0.008344,0.922129,-215.402573,92.173996,97.501999
1188,9.900000,-0.011963,0.386618,0.008637,0.922122,-215.416092,92.174698,97.504173
1189,9.908333,-0.011821,0.386738,0.009025,0.922070,-215.423447,92.172310,97.505081
1190,9.916667,-0.011761,0.386804,0.009274,0.922040,-215.424850,92.170052,97.505005
1191,9.925000,-0.011557,0.386802,0.009615,0.922040,-215.417511,92.167068,97.507576
1192,9.933333,-0.011372,0.386768,0.009674,0.922056,-215.405563,92.163017,97.509399
1193,9.941667,-0.011495,0.386813,0.009861,0.922034,-215.400696,92.159927,97.503525
1194,9.950000,-0.011893,0.386873,0.010018,0.922002,-215.399902,92.158417,97.492981
1195,9.958333,-0.012123,0.386936,0.010000,0.921972,-215.396469,92.158058,97.486374
1196,9.966667,-0.012079,0.386926,0.009824,0.921979,-215.393250,92.157249,97.483894
1197,9.975000,-0.012166,0.386818,0.009325,0.922029,-215.394714,92.161354,97.484985
1198,9.983333,-0.012094,0.386709,0.009170,0.922077,-215.398224,92.163506,97.488625
1199,9.991667,-0.012012,0.386668,0.008901,0.922098,-215.400024,92.166321,97.497452
1200,10.000000,-0.011891,0.386624,0.008655,0.922120,-215.407608,92.170929,97.502502
1201,10.008333,-0.011817,0.386609,0.008759,0.922126,-215.415909,92.172607,97.507690
1202,10.016667,-0.011620,0.386523,0.008838,0.922164,-215.419769,92.173973,97.507004
1203,10.025000,-0.011562,0.386643,0.009105,0.922112,-215.417175,92.172295,97.502960
1204,10.033333,-0.011656,0.386702,0.008958,0.922087,-215.406662,92.169739,97.505623
1205,10.041667,-0.011669,0.386676,0.008926,0.922099,-215.399048,92.166916,97.504547
1206,10.050000,-0.011925,0.386668,0.009083,0.922097,-215.398163,92.165932,97.495842
1207,10.058333,-0.012037,0.386681,0.008987,0.922091,-215.395233,92.166023,97.490570
1208,10.066667,-0.011961,0.386714,0.008736,0.922081,-215.388947,92.165916,97.490410
1209,10.075000,-0.011909,0.386754,0.008723,0.922065,-215.386032,92.165565,97.490257
1210,10.083333,-0.012076,0.386675,0.008636,0.922096,-215.389069,92.168571,97.487213
1211,10.091667,-0.012104,0.386555,0.008374,0.922149,-215.392685,92.171951,97.489128
1212,10.100000,-0.011910,0.386521,0.008187,0.922167,-215.393799,92.172684,97.494637
1213,10.108333,-0.011879,0.386564,0.008395,0.922148,-215.400909,92.172607,97.496399
1214,10.116667,-0.011688,0.386610,0.008700,0.922128,-215.404892,92.171654,97.503555
1215,10.125000,-0.011686,0.386602,0.008924,0.922129,-215.409637,92.171982,97.505272
1216,10.133333,-0.011634,0.386698,0.009097,0.922088,-215.409668,92.169716,97.504021
1217,10.141667,-0.011700,0.386718,0.009145,0.922078,-215.407227,92.168007,97.504028
1218,10.150000,-0.011856,0.386633,0.009142,0.922112,-215.405960,92.167351,97.501465
1219,10.158333,-0.011949,0.386644,0.009144,0.922106,-215.402557,92.167152,97.500870
1220,10.166667,-0.011966,0.386615,0.009157,0.922118,-215.400024,92.166084,97.499809
1221,10.175000,-0.012023,0.386587,0.009093,0.922130,-215.398315,92.167252,97.498062
1222,10.183333,-0.011899,0.386632,0.008980,0.922114,-215.395859,92.166611,97.496635
1223,10.191667,-0.011871,0.386633,0.008816,0.922115,-215.395279,92.167564,97.497444
1224,10.200000,-0.011899,0.386682,0.008731,0.922095,-215.395111,92.167755,97.499237
1225,10.208333,-0.011992,0.386543,0.008600,0.922153,-215.396851,92.170158,97.498360
1226,10.216667,-0.011957,0.386594,0.008551,0.922133,-215.397217,92.171638,97.499275
1227,10.225000,-0.011794,0.386546,0.008460,0.922156,-215.399292,92.171898,97.497665
1228,10.233333,-0.011765,0.386613,0.008523,0.922128,-215.400909,92.169937,97.498703
1229,10.241667,-0.011905,0.386585,0.008529,0.922138,-215.402222,92.170212,97.498169
1230,10.250000,-0.011940,0.386587,0.008621,0.922135,-215.402435,92.169937,97.496902
1231,10.258333,-0.011928,0.386564,0.008660,0.922145,-215.403030,92.171844,97.497322
1232,10.266667,-0.011865,0.386604,0.008590,0.922130,-215.402649,92.171890,97.496590
1233,10.275000,-0.011922,0.386625,0.008555,0.922120,-215.402344,92.171761,97.496727
1234,10.283333,-0.011931,0.386642,0.008525,0.922113,-215.401535,92.170311,97.497726
1235,10.291667,-0.011901,0.386645,0.008614,0.922112,-215.401169,92.169762,97.497719
1236,10.300000,-0.012067,0.386644,0.008831,0.922108,-215.401169,92.169006,97.498650
1237,10.308333,-0.012069,0.386618,0.008762,0.922119,-215.401215,92.170135,97.498299
1238,10.316667,-0.011997,0.386644,0.008574,0.922111,-215.401047,92.170441,97.498573
1239,10.325000,-0.011975,0.386647,0.008638,0.922110,-215.401642,92.169762,97.499107
1240,10.333333,-0.011959,0.386577,0.008553,0.922140,-215.401367,92.170265,97.500648
1241,10.341667,-0.011951,0.386588,0.008589,0.922135,-215.401642,92.170883,97.500603
1242,10.350000,-0.011890,0.386583,0.008478,0.922139,-215.402512,92.171013,97.500008
1243,10.358333,-0.011806,0.386650,0.008552,0.922112,-215.403168,92.169418,97.499992
1244,10.366667,-0.011762,0.386585,0.008549,0.922139,-215.403107,92.170746,97.500206
1245,10.375000,-0.011779,0.386625,0.008554,0.922122,-215.402390,92.170929,97.500023
1246,10.383333,-0.011902,0.386563,0.008594,0.922146,-215.402435,92.171959,97.500381
1247,10.391667,-0.011854,0.386566,0.008507,0.922146,-215.402725,92.171188,97.498566
1248,10.400000,-0.011854,0.386591,0.008532,0.922136,-215.401581,92.170731,97.498230
1249,10.408333,-0.011873,0.386600,0.008584,0.922131,-215.401031,92.170242,97.497414
1250,10.416667,-0.011902,0.386591,0.008607,0.922135,-215.400864,92.170303,97.497269
1251,10.425000,-0.011979,0.386648,0.008736,0.922108,-215.399933,92.169434,97.496353
1252,10.433333,-0.011981,0.386673,0.008759,0.922097,-215.400024,92.169258,97.495338
1253,10.441667,-0.011928,0.386688,0.008836,0.922091,-215.400116,92.168808,97.496429
1254,10.450000,-0.012008,0.386648,0.008768,0.922107,-215.401962,92.169830,97.497856
1255,10.458333,-0.011974,0.386654,0.008624,0.922107,-215.403229,92.170715,97.499481
1256,10.466667,-0.012015,0.386642,0.008520,0.922112,-215.405304,92.171547,97.499619
1257,10.475000,-0.011809,0.386638,0.008626,0.922116,-215.405518,92.169777,97.500046
1258,10.483333,-0.011784,0.386615,0.008611,0.922126,-215.406128,92.170982,97.501961
1259,10.491667,-0.011787,0.386664,0.008574,0.922106,-215.406631,92.170311,97.501961
1260,10.500000,-0.011684,0.386578,0.008697,0.922142,-215.406448,92.170731,97.502968
1261,10.508333,-0.011594,0.386613,0.008805,0.922127,-215.405914,92.170044,97.503571
1262,10.516667,-0.011587,0.386685,0.008933,0.922096,-215.406006,92.168945,97.503181
1263,10.525000,-0.011765,0.386688,0.008813,0.922093,-215.406555,92.170372,97.501450
1264,10.533333,-0.011836,0.386664,0.008839,0.922102,-215.405304,92.170280,97.500473
1265,10.541667,-0.011908,0.386610,0.008778,0.922125,-215.404160,92.169853,97.498421
1266,10.550000,-0.012000,0.386627,0.008637,0.922117,-215.402557,92.170715,97.497902
1267,10.558333,-0.012067,0.386654,0.008425,0.922107,-215.400772,92.171082,97.496017
1268,10.566667,-0.011957,0.386607,0.008516,0.922128,-215.398865,92.169678,97.495171
1269,10.575000,-0.012022,0.386589,0.008505,0.922134,-215.398453,92.170311,97.493500
1270,10.583333,-0.012001,0.386583,0.008538,0.922137,-215.397858,92.170540,97.493172
1271,10.591667,-0.011962,0.386568,0.008470,0.922144,-215.398666,92.171272,97.495720
1272,10.600000,-0.012025,0.386664,0.008456,0.922103,-215.399582,92.172127,97.497383
1273,10.608333,-0.011995,0.386604,0.008552,0.922128,-215.400818,92.172554,97.497681
1274,10.616667,-0.012004,0.386590,0.008616,0.922133,-215.401978,92.171539,97.498657
1275,10.625000,-0.012053,0.386598,0.008515,0.922130,-215.403198,92.171570,97.498863
1276,10.633333,-0.012054,0.386652,0.008543,0.922107,-215.403870,92.171188,97.501045
1277,10.641667,-0.011788,0.386705,0.008825,0.922086,-215.404129,92.168808,97.502480
1278,10.650000,-0.011717,0.386701,0.008741,0.922089,-215.406067,92.169640,97.503433
1279,10.658333,-0.011647,0.386631,0.008782,0.922119,-215.406158,92.170204,97.503662
1280,10.666667,-0.011796,0.386608,0.008878,0.922126,-215.406113,92.171501,97.503242
1281,10.675000,-0.011673,0.386666,0.008898,0.922103,-215.405304,92.170197,97.501839
1282,10.683333,-0.011828,0.386637,0.008786,0.922114,-215.404800,92.170090,97.500542
1283,10.691667,-0.011957,0.386650,0.008730,0.922108,-215.403580,92.169823,97.498787
1284,10.700000,-0.012035,0.386609,0.008541,0.922126,-215.401550,92.170471,97.496780
1285,10.708333,-0.012056,0.386596,0.008496,0.922131,-215.399261,92.171036,97.495842
1286,10.716667,-0.012005,0.386633,0.008503,0.922116,-215.398270,92.171188,97.494797
1287,10.725000,-0.012000,0.386595,0.008465,0.922133,-215.397888,92.171661,97.495003
1288,10.733333,-0.011922,0.386599,0.008580,0.922131,-215.396698,92.170860,97.494492
1289,10.741667,-0.011873,0.386619,0.008546,0.922124,-215.397507,92.170288,97.495171
1290,10.750000,-0.011929,0.386573,0.008614,0.922141,-215.399673,92.171165,97.497711
1291,10.758333,-0.011900,0.386532,0.008629,0.922159,-215.400955,92.170570,97.498306
1292,10.766667,-0.011969,0.386616,0.008565,0.922123,-215.402130,92.171608,97.498695
1293,10.775000,-0.011990,0.386603,0.008594,0.922128,-215.403336,92.170776,97.498322
1294,10.783333,-0.011917,0.386613,0.008607,0.922125,-215.404129,92.171463,97.498825
1295,10.791667,-0.011787,0.386659,0.008676,0.922107,-215.404602,92.170090,97.500854
1296,10.800000,-0.011825,0.386643,0.008688,0.922113,-215.405441,92.171608,97.501274
1297,10.808333,-0.011726,0.386648,0.008821,0.922110,-215.405228,92.171211,97.502487
1298,10.816667,-0.011726,0.386646,0.008851,0.922111,-215.405487,92.170753,97.502472
1299,10.825000,-0.011642,0.386710,0.008884,0.922085,-215.406113,92.169609,97.502495
1300,10.833333,-0.011763,0.386681,0.008912,0.922096,-215.407104,92.169479,97.501450
1301,10.841667,-0.011802,0.386661,0.008858,0.922104,-215.406891,92.169830,97.501610
1302,10.850000,-0.011843,0.386687,0.008778,0.922093,-215.405731,92.170906,97.500221
1303,10.858333,-0.011777,0.386615,0.008665,0.922125,-215.404800,92.170670,97.498360
1304,10.866667,-0.011873,0.386608,0.008547,0.922128,-215.404083,92.171410,97.498238
1305,10.875000,-0.011915,0.386589,0.008381,0.922137,-215.403244,92.171646,97.497971
1306,10.883333,-0.011931,0.386555,0.008416,0.922151,-215.401367,92.172173,97.496330
1307,10.891667,-0.012052,0.386556,0.008350,0.922149,-215.400574,92.171860,97.496063
1308,10.900000,-0.012015,0.386588,0.008466,0.922135,-215.398544,92.170372,97.495720
1309,10.908333,-0.012020,0.386561,0.008430,0.922147,-215.398575,92.170944,97.495041
1310,10.916667,-0.011952,0.386648,0.008488,0.922111,-215.397781,92.170753,97.495827
1311,10.925000,-0.012020,0.386634,0.008573,0.922115,-215.398956,92.171013,97.496117
1312,10.933333,-0.012036,0.386630,0.008669,0.922116,-215.398880,92.170944,97.498055
1313,10.941667,-0.011964,0.386577,0.008729,0.922138,-215.400482,92.171547,97.498695
1314,10.950000,-0.011845,0.386678,0.008560,0.922099,-215.401978,92.171608,97.498955
1315,10.958333,-0.011861,0.386617,0.008593,0.922124,-215.403244,92.171555,97.499367
1316,10.966667,-0.011941,0.386602,0.008612,0.922129,-215.403412,92.171402,97.499664
1317,10.975000,-0.012018,0.386635,0.008501,0.922115,-215.404160,92.170807,97.498550
1318,10.983333,-0.012023,0.386597,0.008415,0.922132,-215.404419,92.171364,97.498222
1319,10.991667,-0.011867,0.386598,0.008493,0.922133,-215.403748,92.170677,97.500069
1320,11.000000,-0.011822,0.386639,0.008552,0.922116,-215.403442,92.172386,97.499542
1321,11.008333,-0.011857,0.386606,0.008532,0.922129,-215.403992,92.171227,97.499474
1322,11.016667,-0.011897,0.386658,0.008695,0.922105,-215.403671,92.169968,97.499580
1323,11.025000,-0.011909,0.386573,0.008609,0.922142,-215.403870,92.169876,97.499908
1324,11.033333,-0.011912,0.386551,0.008489,0.922152,-215.402847,92.170944,97.499146
1325,11.041667,-0.011863,0.386611,0.008545,0.922127,-215.401276,92.169563,97.497932
1326,11.050000,-0.011933,0.386592,0.008456,0.922135,-215.400604,92.170151,97.498550
1327,11.058333,-0.011961,0.386654,0.008645,0.922107,-215.399216,92.170303,97.497322
1328,11.066667,-0.011859,0.386652,0.008692,0.922108,-215.398651,92.169914,97.496750
1329,11.075000,-0.011779,0.386652,0.008736,0.922109,-215.397720,92.170685,97.496727
1330,11.083333,-0.011837,0.386662,0.008775,0.922104,-215.398315,92.170288,97.498657
1331,11.091667,-0.011808,0.386614,0.008796,0.922124,-215.399124,92.169533,97.498299
1332,11.100000,-0.011944,0.386642,0.008625,0.922112,-215.400864,92.170753,97.498001
1333,11.108333,-0.012054,0.386619,0.008686,0.922120,-215.401840,92.170677,97.498306
1334,11.116667,-0.012056,0.386583,0.008524,0.922137,-215.402512,92.170586,97.498795
1335,11.125000,-0.012025,0.386591,0.008471,0.922134,-215.403564,92.169701,97.498825
1336,11.133333,-0.011892,0.386616,0.008544,0.922124,-215.404221,92.169861,97.498413
1337,11.141667,-0.011906,0.386569,0.008599,0.922143,-215.404541,92.171616,97.499817
1338,11.150000,-0.011908,0.386625,0.008695,0.922119,-215.404297,92.170593,97.500053
1339,11.158333,-0.011881,0.386627,0.008609,0.922119,-215.405457,92.170403,97.499191
1340,11.166667,-0.011882,0.386648,0.008588,0.922111,-215.405136,92.169281,97.499191
1341,11.175000,-0.011905,0.386658,0.008613,0.922106,-215.404221,92.168877,97.500099
1342,11.183333,-0.011935,0.386605,0.008752,0.922127,-215.403839,92.169121,97.500000
1343,11.191667,-0.012011,0.386665,0.008777,0.922100,-215.403152,92.169975,97.499435
1344,11.200000,-0.012045,0.386602,0.008672,0.922127,-215.403061,92.170677,97.499016
1345,11.208333,-0.011944,0.386631,0.008568,0.922117,-215.401031,92.170914,97.498123
1346,11.216667,-0.011981,0.386620,0.008634,0.922121,-215.400024,92.170364,97.498055
1347,11.225000,-0.011929,0.386628,0.008738,0.922117,-215.398865,92.169647,97.498444
1348,11.233333,-0.011983,0.386587,0.008789,0.922133,-215.399597,92.169556,97.497772
1349,11.241667,-0.012126,0.386595,0.008737,0.922128,-215.399689,92.170074,97.497963
1350,11.250000,-0.011907,0.386548,0.008618,0.922152,-215.400146,92.169914,97.499504
1351,11.258333,-0.011826,0.386600,0.008696,0.922131,-215.400696,92.169159,97.500488
1352,11.266667,-0.011800,0.386595,0.008670,0.922134,-215.402039,92.171150,97.499184
1353,11.275000,-0.011834,0.386584,0.008546,0.922139,-215.403030,92.171104,97.499405
1354,11.283333,-0.011999,0.386559,0.008432,0.922148,-215.403564,92.171806,97.498611
1355,11.291667,-0.011938,0.386601,0.008288,0.922132,-215.403534,92.171196,97.498138
1356,11.300000,-0.011925,0.386594,0.008455,0.922134,-215.403702,92.171379,97.498230
1357,11.308333,-0.011944,0.386555,0.008552,0.922149,-215.403671,92.171341,97.499840
1358,11.316667,-0.011818,0.386581,0.008483,0.922141,-215.403564,92.170158,97.500191
1359,11.325000,-0.011819,0.386642,0.008604,0.922114,-215.402512,92.169807,97.500381
1360,11.333333,-0.011823,0.386573,0.008497,0.922144,-215.402649,92.170891,97.499992
1361,11.341667,-0.011918,0.386576,0.008624,0.922140,-215.402725,92.170425,97.499809
1362,11.350000,-0.011937,0.386557,0.008619,0.922148,-215.400772,92.170700,97.500061
1363,11.358333,-0.012048,0.386590,0.008471,0.922134,-215.399765,92.171310,97.499191
1364,11.366667,-0.011994,0.386574,0.008529,0.922141,-215.399261,92.170479,97.499359
1365,11.375000,-0.011973,0.386682,0.008520,0.922096,-215.398911,92.169456,97.498238
1366,11.383333,-0.011987,0.386623,0.008566,0.922120,-215.399414,92.170021,97.497917
1367,11.391667,-0.011939,0.386572,0.008634,0.922142,-215.400436,92.170555,97.498421
1368,11.400000,-0.011987,0.386645,0.008695,0.922110,-215.400818,92.170181,97.498589
1369,11.408333,-0.011922,0.386631,0.008684,0.922117,-215.401367,92.169060,97.498177
1370,11.416667,-0.011891,0.386604,0.008465,0.922130,-215.403061,92.169746,97.496727
1371,11.425000,-0.011882,0.386546,0.008474,0.922155,-215.403030,92.169937,97.496857
1372,11.433333,-0.011874,0.386597,0.008580,0.922132,-215.402481,92.170944,97.497391
1373,11.441667,-0.011863,0.386567,0.008524,0.922146,-215.402649,92.170181,97.497948
1374,11.450000,-0.011925,0.386506,0.008447,0.922171,-215.401535,92.171921,97.495941
