Format Version,1.25,Take Name,Take 2025-11-27 04.50.45 PM,Take Notes,,Capture Frame Rate,120.000000,Export Frame Rate,120.000000,Capture Start Time,2025-11-27 04.50.46.893 PM,Capture Start Frame,2500172,Total Frames in Take,1295,Total Exported Frames,1295,Rotation Type,Quaternion,Length Units,Centimeters,Coordinate Space,Global

,Type,Rigid Body,Rigid Body,Rigid Body,Rigid Body,Rigid Body,Rigid Body,Rigid Body
,Name,SEE_large,SEE_large,SEE_large,SEE_large,SEE_large,SEE_large,SEE_large
,ID,B4680608301811F031C44B617C10C291,B4680608301811F031C44B617C10C291,B4680608301811F031C44B617C10C291,B4680608301811F031C44B617C10C291,B4680608301811F031C44B617C10C291,B4680608301811F031C44B617C10C291,B4680608301811F031C44B617C10C291
,Parent,,,,,,,
,,Rotation,Rotation,Rotation,Rotation,Position,Position,Position
Frame,Time (Seconds),X,Y,Z,W,X,Y,Z
0,0.000000,-0.007281,0.399368,0.008942,0.916718,-215.902283,92.236359,83.990326
1,0.008333,-0.007268,0.399363,0.008906,0.916721,-215.899399,92.236038,83.989433
2,0.016667,-0.007174,0.399352,0.008902,0.916727,-215.898041,92.235878,83.990387
3,0.025000,-0.007112,0.399357,0.008857,0.916725,-215.897949,92.237267,83.991333
4,0.033333,-0.006961,0.399334,0.008722,0.916738,-215.897491,92.236961,83.991173
5,0.041667,-0.006978,0.399364,0.008694,0.916725,-215.897629,92.236969,83.991310
6,0.050000,-0.007085,0.399397,0.008800,0.916708,-215.898376,92.238297,83.990898
7,0.058333,-0.007118,0.399360,0.008924,0.916723,-215.898819,92.237244,83.991287
8,0.066667,-0.007217,0.399352,0.009069,0.916725,-215.898651,92.235565,83.991760
9,0.075000,-0.007193,0.399371,0.009083,0.916716,-215.900635,92.234680,83.992516
10,0.083333,-0.007083,0.399366,0.009083,0.916719,-215.902069,92.234650,83.993164
11,0.091667,-0.007094,0.399385,0.009032,0.916711,-215.902420,92.232536,83.992935
12,0.100000,-0.007021,0.399416,0.008947,0.916699,-215.904022,92.233475,83.992867
13,0.108333,-0.006970,0.399413,0.008892,0.916702,-215.903976,92.234764,83.993500
14,0.116667,-0.006970,0.399391,0.008786,0.916712,-215.904327,92.233810,83.993622
15,0.125000,-0.007102,0.399413,0.008831,0.916701,-215.904190,92.235695,83.993080
16,0.133333,-0.007095,0.399355,0.008917,0.916725,-215.903687,92.234711,83.994141
17,0.141667,-0.007079,0.399364,0.008891,0.916722,-215.903687,92.233780,83.993675
18,0.150000,-0.007106,0.399386,0.008906,0.916712,-215.903641,92.235199,83.994286
19,0.158333,-0.007006,0.399373,0.008928,0.916718,-215.903305,92.233772,83.994705
20,0.166667,-0.007038,0.399400,0.008965,0.916706,-215.903336,92.234314,83.995651
21,0.175000,-0.007069,0.399400,0.009007,0.916705,-215.903351,92.234734,83.995781
22,0.183333,-0.006996,0.399346,0.009005,0.916729,-215.902573,92.235855,83.994743
23,0.191667,-0.006935,0.399305,0.008841,0.916749,-215.901855,92.235580,83.994827
24,0.200000,-0.006964,0.399377,0.008712,0.916719,-215.901520,92.234436,83.993027
25,0.208333,-0.007019,0.399356,0.008769,0.916727,-215.901642,92.234200,83.993546
26,0.216667,-0.007094,0.399329,0.008962,0.916736,-215.901520,92.234901,83.993645
27,0.225000,-0.006994,0.399374,0.008950,0.916718,-215.902069,92.234840,83.993622
28,0.233333,-0.007019,0.399356,0.008825,0.916727,-215.903091,92.235191,83.993950
29,0.241667,-0.007120,0.399388,0.008893,0.916711,-215.902634,92.235512,83.992432
30,0.250000,-0.007162,0.399406,0.008890,0.916703,-215.902786,92.235336,83.991936
31,0.258333,-0.007118,0.399373,0.008879,0.916718,-215.902679,92.235123,83.992950
32,0.266667,-0.007081,0.399334,0.008938,0.916735,-215.902237,92.234978,83.993462
33,0.275000,-0.007037,0.399327,0.008952,0.916738,-215.902542,92.235748,83.993790
34,0.283333,-0.007110,0.399350,0.008758,0.916729,-215.902878,92.235718,83.993629
35,0.291667,-0.007184,0.399386,0.008735,0.916713,-215.902374,92.235687,83.993217
36,0.300000,-0.007100,0.399385,0.008758,0.916714,-215.902756,92.234680,83.993454
37,0.308333,-0.006981,0.399426,0.008819,0.916696,-215.902802,92.234276,83.994751
38,0.316667,-0.007004,0.399388,0.008946,0.916712,-215.903214,92.234261,83.994255
39,0.325000,-0.007048,0.399379,0.008919,0.916715,-215.903122,92.234787,83.994652
40,0.333333,-0.007256,0.399365,0.009012,0.916719,-215.903091,92.234940,83.992943
41,0.341667,-0.007256,0.399360,0.008888,0.916722,-215.903091,92.234581,83.991875
42,0.350000,-0.007132,0.399381,0.008878,0.916714,-215.902924,92.232513,83.992020
43,0.358333,-0.007177,0.399418,0.008824,0.916699,-215.903290,92.234390,83.992416
44,0.366667,-0.007229,0.399361,0.008854,0.916723,-215.902634,92.234062,83.991768
45,0.375000,-0.007178,0.399365,0.008927,0.916721,-215.902634,92.234810,83.991684
46,0.383333,-0.007223,0.399390,0.008973,0.916709,-215.902328,92.234863,83.991913
47,0.391667,-0.007122,0.399387,0.008985,0.916711,-215.901443,92.233292,83.993103
48,0.400000,-0.007133,0.399398,0.009011,0.916706,-215.901352,92.234840,83.994186
49,0.408333,-0.007108,0.399332,0.008939,0.916735,-215.901871,92.234406,83.994049
50,0.416667,-0.007026,0.399351,0.008965,0.916727,-215.901993,92.234329,83.994759
51,0.425000,-0.007061,0.399301,0.008910,0.916749,-215.900375,92.235268,83.995529
52,0.433333,-0.006981,0.399305,0.008786,0.916750,-215.901535,92.235207,83.996735
53,0.441667,-0.007010,0.399361,0.008785,0.916725,-215.902878,92.235588,83.997108
54,0.450000,-0.006874,0.399347,0.008881,0.916731,-215.902466,92.234764,83.998108
55,0.458333,-0.007033,0.399368,0.008975,0.916720,-215.904495,92.234543,83.998558
56,0.466667,-0.007043,0.399393,0.008967,0.916709,-215.906219,92.234573,83.998055
57,0.475000,-0.007141,0.399428,0.008911,0.916694,-215.907333,92.234711,83.995720
58,0.483333,-0.007174,0.399400,0.008945,0.916705,-215.907913,92.233932,83.994385
59,0.491667,-0.007369,0.399337,0.008914,0.916731,-215.908569,92.235085,83.993706
60,0.500000,-0.007368,0.399304,0.008921,0.916746,-215.908630,92.235588,83.992256
61,0.508333,-0.007187,0.399262,0.008932,0.916765,-215.908981,92.234245,83.990845
62,0.516667,-0.007193,0.399283,0.009078,0.916755,-215.909286,92.233452,83.988007
63,0.525000,-0.007296,0.399271,0.009031,0.916759,-215.911514,92.232986,83.987526
64,0.533333,-0.007422,0.399279,0.009086,0.916755,-215.911987,92.232002,83.986214
65,0.541667,-0.007521,0.399269,0.009073,0.916758,-215.912674,92.232872,83.986458
66,0.550000,-0.007479,0.399237,0.009165,0.916771,-215.913208,92.232933,83.987602
67,0.558333,-0.007491,0.399269,0.009208,0.916757,-215.915817,92.232903,83.987488
68,0.566667,-0.007537,0.399351,0.009175,0.916721,-215.921097,92.233765,83.987305
69,0.575000,-0.007472,0.399153,0.009339,0.916806,-215.928513,92.232971,83.989822
70,0.583333,-0.007707,0.398989,0.009354,0.916876,-215.941284,92.237404,83.990562
71,0.591667,-0.007904,0.399016,0.009615,0.916860,-215.956589,92.238060,83.993660
72,0.600000,-0.008037,0.399054,0.010126,0.916836,-215.973953,92.237579,83.995453
73,0.608333,-0.008114,0.399047,0.010602,0.916833,-215.990829,92.235390,83.999115
74,0.616667,-0.008085,0.398999,0.011186,0.916847,-216.005371,92.233154,84.003288
75,0.625000,-0.008102,0.399043,0.011492,0.916824,-216.017410,92.232475,84.005943
76,0.633333,-0.008060,0.398762,0.012303,0.916936,-216.028687,92.230782,84.011551
77,0.641667,-0.008068,0.398732,0.012739,0.916943,-216.036575,92.229355,84.013977
78,0.650000,-0.008155,0.398767,0.012840,0.916926,-216.040756,92.228394,84.015724
79,0.658333,-0.008243,0.398739,0.013072,0.916934,-216.044693,92.227814,84.016632
80,0.666667,-0.008021,0.398630,0.013213,0.916982,-216.047379,92.230484,84.015793
81,0.675000,-0.008148,0.398663,0.013243,0.916966,-216.050766,92.231819,84.017349
82,0.683333,-0.008043,0.398562,0.013290,0.917010,-216.054230,92.232674,84.016968
83,0.691667,-0.008160,0.398547,0.013278,0.917015,-216.059692,92.233574,84.018837
84,0.700000,-0.008254,0.398557,0.013483,0.917007,-216.065720,92.234680,84.021309
85,0.708333,-0.008387,0.398553,0.013707,0.917004,-216.073639,92.235886,84.023293
86,0.716667,-0.008587,0.398505,0.013997,0.917019,-216.084747,92.235550,84.026688
87,0.725000,-0.008767,0.398455,0.014258,0.917035,-216.099167,92.237022,84.028893
88,0.733333,-0.008550,0.398438,0.016432,0.917008,-216.135406,92.220093,84.042397
89,0.741667,-0.008559,0.398501,0.017329,0.916964,-216.154343,92.218071,84.045700
90,0.750000,-0.008667,0.398747,0.017896,0.916845,-216.169098,92.217239,84.051842
91,0.758333,-0.008933,0.399066,0.018022,0.916701,-216.174149,92.220947,84.050934
92,0.766667,-0.009063,0.399095,0.017669,0.916695,-216.184235,92.227242,84.048843
93,0.775000,-0.009578,0.399032,0.017110,0.916727,-216.197876,92.237656,84.044525
94,0.783333,-0.009928,0.399064,0.017013,0.916711,-216.207932,92.242592,84.041145
95,0.791667,-0.010141,0.399079,0.017164,0.916700,-216.216858,92.244209,84.039986
96,0.800000,-0.010172,0.399036,0.017313,0.916716,-216.222336,92.245003,84.039696
97,0.808333,-0.010081,0.399118,0.017577,0.916676,-216.224197,92.242775,84.040619
98,0.816667,-0.010199,0.399128,0.018083,0.916660,-216.223999,92.243034,84.041862
99,0.825000,-0.010198,0.399072,0.018108,0.916684,-216.224213,92.242775,84.043365
100,0.833333,-0.010295,0.399115,0.018062,0.916665,-216.226440,92.243027,84.043816
101,0.841667,-0.010198,0.399186,0.018022,0.916636,-216.231781,92.243973,84.044769
102,0.850000,-0.010167,0.399152,0.018285,0.916646,-216.239426,92.244301,84.044876
103,0.858333,-0.010467,0.399143,0.018436,0.916644,-216.250427,92.247253,84.044662
104,0.866667,-0.010671,0.399213,0.018587,0.916608,-216.263885,92.248703,84.046242
105,0.875000,-0.011096,0.399220,0.019072,0.916590,-216.278366,92.249557,84.047501
106,0.883333,-0.011309,0.399177,0.019442,0.916598,-216.293335,92.250450,84.047241
107,0.891667,-0.011422,0.399193,0.020035,0.916577,-216.309387,92.250114,84.049133
108,0.900000,-0.012104,0.399347,0.021485,0.916468,-216.327759,92.256241,84.048347
109,0.908333,-0.012367,0.399337,0.022137,0.916453,-216.344238,92.260895,84.047852
110,0.916667,-0.012289,0.399283,0.022588,0.916467,-216.359665,92.259911,84.048073
111,0.925000,-0.012158,0.399281,0.023214,0.916454,-216.373962,92.257935,84.049782
112,0.933333,-0.012213,0.399227,0.023748,0.916463,-216.385223,92.255569,84.051308
113,0.941667,-0.012424,0.399187,0.023844,0.916475,-216.393967,92.254128,84.051453
114,0.950000,-0.012494,0.399139,0.024125,0.916488,-216.398834,92.252693,84.050934
115,0.958333,-0.012557,0.399124,0.024336,0.916488,-216.403458,92.253044,84.049889
116,0.966667,-0.012542,0.399118,0.024502,0.916486,-216.406830,92.253838,84.050209
117,0.975000,-0.012412,0.399133,0.024553,0.916480,-216.407822,92.254410,84.050148
118,0.983333,-0.012336,0.399132,0.024627,0.916480,-216.408493,92.254845,84.050201
119,0.991667,-0.012383,0.399120,0.024590,0.916485,-216.407059,92.255386,84.049576
120,1.000000,-0.012475,0.399091,0.024336,0.916504,-216.405273,92.256493,84.049522
121,1.008333,-0.012614,0.399138,0.024224,0.916484,-216.403244,92.255119,84.049538
122,1.016667,-0.012717,0.399137,0.024152,0.916485,-216.400864,92.253586,84.050247
123,1.025000,-0.012582,0.399085,0.023915,0.916516,-216.402145,92.253021,84.052834
124,1.033333,-0.012427,0.399066,0.023862,0.916527,-216.406723,92.253563,84.054588
125,1.041667,-0.012449,0.399126,0.023926,0.916499,-216.412430,92.254494,84.054825
126,1.050000,-0.012693,0.399187,0.023941,0.916469,-216.419144,92.252518,84.056725
127,1.058333,-0.013026,0.399190,0.024131,0.916458,-216.420609,92.252670,84.057030
128,1.066667,-0.013143,0.399224,0.024204,0.916440,-216.422226,92.250542,84.056824
129,1.075000,-0.013053,0.399234,0.024319,0.916434,-216.421478,92.248528,84.057587
130,1.083333,-0.013070,0.399254,0.024518,0.916419,-216.418167,92.247589,84.056816
131,1.091667,-0.013001,0.399230,0.024493,0.916431,-216.415787,92.247787,84.055984
132,1.100000,-0.012665,0.399229,0.024571,0.916435,-216.412476,92.250130,84.054688
133,1.108333,-0.012524,0.399200,0.024567,0.916449,-216.413742,92.252487,84.052658
134,1.116667,-0.012431,0.399177,0.024520,0.916462,-216.412994,92.254089,84.052109
135,1.125000,-0.012472,0.399142,0.024620,0.916474,-216.413803,92.254112,84.051773
136,1.133333,-0.012579,0.399142,0.024337,0.916480,-216.415710,92.254883,84.051857
137,1.141667,-0.012661,0.399195,0.024292,0.916457,-216.417267,92.254814,84.050964
138,1.150000,-0.013006,0.399182,0.024202,0.916460,-216.422195,92.253342,84.052383
139,1.158333,-0.012984,0.399197,0.024324,0.916451,-216.424973,92.254684,84.051605
140,1.166667,-0.013219,0.399347,0.024587,0.916375,-216.430786,92.254326,84.052635
141,1.175000,-0.013245,0.399365,0.024565,0.916367,-216.435577,92.253090,84.053406
142,1.183333,-0.013171,0.399345,0.024555,0.916377,-216.439911,92.250183,84.055618
143,1.191667,-0.013121,0.399357,0.024720,0.916368,-216.443008,92.248230,84.057686
144,1.200000,-0.013168,0.399332,0.024876,0.916374,-216.444351,92.247620,84.059181
145,1.208333,-0.013070,0.399325,0.024907,0.916378,-216.444061,92.246780,84.060028
146,1.216667,-0.013071,0.399330,0.024768,0.916380,-216.443207,92.246574,84.059677
147,1.225000,-0.013184,0.399385,0.024918,0.916350,-216.442245,92.247009,84.059128
148,1.233333,-0.013172,0.399338,0.024860,0.916372,-216.441254,92.248604,84.059273
149,1.241667,-0.013225,0.399330,0.024786,0.916377,-216.438705,92.249969,84.059052
150,1.250000,-0.013348,0.399407,0.024845,0.916340,-216.433929,92.249992,84.057304
151,1.258333,-0.013038,0.399358,0.024868,0.916365,-216.431076,92.253014,84.055168
152,1.266667,-0.013161,0.399416,0.024872,0.916338,-216.429733,92.253044,84.054832
153,1.275000,-0.013213,0.399414,0.024847,0.916339,-216.429398,92.251930,84.055565
154,1.283333,-0.013235,0.399417,0.024953,0.916334,-216.431015,92.251251,84.055252
155,1.291667,-0.013287,0.399357,0.024820,0.916363,-216.433167,92.250511,84.056000
156,1.300000,-0.013303,0.399341,0.024778,0.916371,-216.435715,92.251137,84.055397
157,1.308333,-0.013336,0.399386,0.024876,0.916348,-216.439148,92.251907,84.055649
158,1.316667,-0.013285,0.399444,0.024907,0.916323,-216.441696,92.251274,84.055565
159,1.325000,-0.013179,0.399428,0.024854,0.916333,-216.445251,92.250961,84.056480
160,1.333333,-0.013264,0.399436,0.024910,0.916327,-216.446686,92.250618,84.057114
161,1.341667,-0.013173,0.399446,0.024932,0.916323,-216.446777,92.249878,84.057549
162,1.350000,-0.013248,0.399423,0.024964,0.916331,-216.449051,92.248734,84.058121
163,1.358333,-0.013325,0.399435,0.024910,0.916326,-216.449768,92.248505,84.058319
164,1.366667,-0.013281,0.399452,0.024978,0.916317,-216.449326,92.247910,84.058014
165,1.375000,-0.013215,0.399458,0.025042,0.916314,-216.447525,92.247025,84.056976
166,1.383333,-0.013247,0.399487,0.025079,0.916300,-216.446503,92.248528,84.057030
167,1.391667,-0.013254,0.399458,0.025028,0.916314,-216.444687,92.250114,84.056625
168,1.400000,-0.013206,0.399485,0.025139,0.916300,-216.442245,92.251717,84.056183
169,1.408333,-0.013257,0.399481,0.025042,0.916303,-216.440338,92.251762,84.056213
170,1.416667,-0.013271,0.399465,0.025074,0.916310,-216.438873,92.250175,84.055336
171,1.425000,-0.013362,0.399463,0.025062,0.916309,-216.437790,92.250320,84.055870
172,1.433333,-0.013317,0.399469,0.024995,0.916309,-216.437393,92.249496,84.055412
173,1.441667,-0.013473,0.399495,0.025111,0.916293,-216.437454,92.249474,84.054810
174,1.450000,-0.013423,0.399492,0.025127,0.916294,-216.438873,92.250267,84.055748
175,1.458333,-0.013348,0.399480,0.025045,0.916302,-216.440491,92.251389,84.056404
176,1.466667,-0.013149,0.399418,0.024946,0.916335,-216.443222,92.250816,84.057312
177,1.475000,-0.013187,0.399498,0.024970,0.916299,-216.445084,92.250572,84.057495
178,1.483333,-0.013247,0.399455,0.024937,0.916318,-216.446716,92.250290,84.057533
179,1.491667,-0.013215,0.399457,0.025049,0.916314,-216.448303,92.250565,84.057571
180,1.500000,-0.013317,0.399465,0.024957,0.916312,-216.449478,92.250214,84.057640
181,1.508333,-0.013388,0.399490,0.024900,0.916302,-216.449020,92.250374,84.057182
182,1.516667,-0.013475,0.399439,0.024767,0.916326,-216.449310,92.251038,84.056557
183,1.525000,-0.013468,0.399405,0.024808,0.916340,-216.447327,92.249977,84.056641
184,1.533333,-0.013464,0.399437,0.024781,0.916327,-216.445831,92.249397,84.057693
185,1.541667,-0.013384,0.399408,0.024861,0.916339,-216.443283,92.249802,84.056938
186,1.550000,-0.013422,0.399420,0.025010,0.916329,-216.441818,92.250984,84.055901
187,1.558333,-0.013385,0.399443,0.024947,0.916321,-216.440552,92.251358,84.054855
188,1.566667,-0.013252,0.399512,0.025015,0.916291,-216.439087,92.251152,84.054390
189,1.575000,-0.013261,0.399489,0.025054,0.916300,-216.438721,92.250992,84.055771
190,1.583333,-0.013287,0.399489,0.025056,0.916299,-216.438461,92.248985,84.055435
191,1.591667,-0.013344,0.399546,0.025084,0.916273,-216.439240,92.248589,84.055496
192,1.600000,-0.013379,0.399495,0.025044,0.916296,-216.441086,92.249680,84.055717
193,1.608333,-0.013308,0.399502,0.024977,0.916295,-216.442749,92.250221,84.054779
194,1.616667,-0.013215,0.399461,0.024953,0.916315,-216.444534,92.249702,84.055336
195,1.625000,-0.013255,0.399456,0.024991,0.916316,-216.445801,92.249756,84.056099
196,1.633333,-0.013355,0.399503,0.025061,0.916292,-216.446640,92.250237,84.056587
197,1.641667,-0.013337,0.399499,0.024930,0.916298,-216.447327,92.250061,84.057236
198,1.650000,-0.013210,0.399471,0.024950,0.916311,-216.447800,92.249260,84.056976
199,1.658333,-0.013254,0.399502,0.024973,0.916296,-216.447708,92.248947,84.056931
200,1.666667,-0.013302,0.399512,0.025025,0.916290,-216.446869,92.249115,84.056892
201,1.675000,-0.013484,0.399503,0.025030,0.916291,-216.445679,92.248528,84.057816
202,1.683333,-0.013476,0.399539,0.025100,0.916273,-216.444946,92.249123,84.057396
203,1.691667,-0.013413,0.399501,0.025015,0.916293,-216.444489,92.249596,84.056854
204,1.700000,-0.013373,0.399452,0.024848,0.916320,-216.443558,92.250916,84.056671
205,1.708333,-0.013361,0.399495,0.024864,0.916301,-216.442795,92.250717,84.055725
206,1.716667,-0.013305,0.399476,0.024805,0.916311,-216.442322,92.250137,84.054916
207,1.725000,-0.013280,0.399455,0.024857,0.916319,-216.441971,92.250206,84.054970
208,1.733333,-0.013321,0.399540,0.024959,0.916279,-216.442871,92.250191,84.054878
209,1.741667,-0.013321,0.399581,0.025093,0.916258,-216.442062,92.250648,84.054375
210,1.750000,-0.013230,0.399559,0.024913,0.916274,-216.443375,92.250275,84.054535
211,1.758333,-0.013316,0.399445,0.024904,0.916322,-216.444473,92.249809,84.055077
212,1.766667,-0.013261,0.399482,0.024865,0.916308,-216.445511,92.249489,84.055168
213,1.775000,-0.013338,0.399568,0.024918,0.916268,-216.445679,92.249290,84.055420
214,1.783333,-0.013349,0.399535,0.024982,0.916280,-216.445969,92.250343,84.055862
215,1.791667,-0.013305,0.399534,0.025001,0.916281,-216.446777,92.250023,84.055725
216,1.800000,-0.013455,0.399523,0.025056,0.916282,-216.446686,92.250244,84.056267
217,1.808333,-0.013363,0.399493,0.025041,0.916297,-216.445740,92.250053,84.056404
218,1.816667,-0.013335,0.399488,0.024957,0.916301,-216.445343,92.250679,84.055756
219,1.825000,-0.013321,0.399496,0.024904,0.916300,-216.444534,92.250862,84.056404
220,1.833333,-0.013384,0.399456,0.024943,0.916315,-216.442963,92.251678,84.055344
221,1.841667,-0.013434,0.399475,0.024866,0.916308,-216.441940,92.252373,84.055580
222,1.850000,-0.013407,0.399497,0.024978,0.916296,-216.442139,92.251579,84.055534
223,1.858333,-0.013327,0.399545,0.024974,0.916276,-216.442062,92.250992,84.055473
224,1.866667,-0.013227,0.399526,0.025053,0.916284,-216.442398,92.250656,84.055923
225,1.875000,-0.013198,0.399546,0.025053,0.916275,-216.443039,92.250549,84.055229
226,1.883333,-0.013166,0.399502,0.025018,0.916296,-216.443893,92.249359,84.055588
227,1.891667,-0.013220,0.399519,0.025018,0.916288,-216.444748,92.250267,84.054893
228,1.900000,-0.013375,0.399536,0.024978,0.916279,-216.445419,92.251190,84.054291
229,1.908333,-0.013470,0.399440,0.024945,0.916321,-216.444702,92.250885,84.054352
230,1.916667,-0.013388,0.399394,0.024908,0.916343,-216.444977,92.251106,84.054665
231,1.925000,-0.013421,0.399444,0.024874,0.916322,-216.445999,92.251762,84.055588
232,1.933333,-0.013357,0.399450,0.024964,0.916318,-216.445068,92.250931,84.055939
233,1.941667,-0.013310,0.399492,0.024994,0.916299,-216.443207,92.250908,84.055962
234,1.950000,-0.013308,0.399463,0.024999,0.916312,-216.442398,92.250572,84.056183
235,1.958333,-0.013336,0.399491,0.025077,0.916297,-216.442795,92.249939,84.056625
236,1.966667,-0.013493,0.399509,0.025009,0.916289,-216.443039,92.250252,84.056519
237,1.975000,-0.013412,0.399472,0.025049,0.916305,-216.441254,92.249313,84.056969
238,1.983333,-0.013375,0.399512,0.025048,0.916288,-216.441208,92.248650,84.057289
239,1.991667,-0.013318,0.399448,0.025041,0.916317,-216.441376,92.249237,84.057755
240,2.000000,-0.013271,0.399459,0.024953,0.916315,-216.442291,92.250908,84.057655
241,2.008333,-0.013200,0.399462,0.024994,0.916314,-216.441757,92.250183,84.056267
242,2.016667,-0.013369,0.399462,0.024995,0.916312,-216.442276,92.251038,84.056381
243,2.025000,-0.013327,0.399418,0.024904,0.916334,-216.443344,92.251221,84.056702
244,2.033333,-0.013317,0.399458,0.024914,0.916316,-216.445068,92.251877,84.055389
245,2.041667,-0.013198,0.399450,0.024970,0.916320,-216.444519,92.251335,84.053802
246,2.050000,-0.013206,0.399476,0.024948,0.916309,-216.443970,92.252037,84.054810
247,2.058333,-0.013214,0.399492,0.024869,0.916304,-216.444351,92.250732,84.054787
248,2.066667,-0.013434,0.399481,0.024906,0.916305,-216.444611,92.250977,84.054550
249,2.075000,-0.013470,0.399395,0.024864,0.916343,-216.445587,92.251282,84.055000
250,2.083333,-0.013443,0.399422,0.024896,0.916331,-216.446381,92.251221,84.054375
251,2.091667,-0.013370,0.399460,0.025026,0.916312,-216.445343,92.249695,84.054947
252,2.100000,-0.013235,0.399422,0.024939,0.916332,-216.444641,92.249748,84.056259
253,2.108333,-0.013190,0.399462,0.025044,0.916313,-216.443253,92.250259,84.056831
254,2.116667,-0.013159,0.399454,0.024903,0.916321,-216.443497,92.250153,84.057640
255,2.125000,-0.013280,0.399470,0.024857,0.916313,-216.444366,92.250328,84.056732
256,2.133333,-0.013391,0.399418,0.024825,0.916335,-216.444778,92.250511,84.056206
257,2.141667,-0.013294,0.399407,0.024881,0.916340,-216.443817,92.250702,84.056778
258,2.150000,-0.013153,0.399480,0.024977,0.916307,-216.443893,92.250092,84.057388
259,2.158333,-0.013251,0.399453,0.025015,0.916317,-216.444641,92.250755,84.057739
260,2.166667,-0.013227,0.399480,0.024998,0.916305,-216.444489,92.250076,84.056496
261,2.175000,-0.013284,0.399494,0.024807,0.916304,-216.446396,92.250023,84.055931
262,2.183333,-0.013226,0.399447,0.024846,0.916324,-216.446518,92.248520,84.056557
263,2.191667,-0.013255,0.399453,0.024941,0.916319,-216.446930,92.249512,84.055916
264,2.200000,-0.013287,0.399437,0.024947,0.916325,-216.446609,92.250313,84.055466
265,2.208333,-0.013284,0.399473,0.025011,0.916307,-216.446106,92.250587,84.055153
266,2.216667,-0.013321,0.399453,0.024938,0.916318,-216.446442,92.250595,84.055542
267,2.225000,-0.013329,0.399430,0.024852,0.916330,-216.446213,92.250587,84.055351
268,2.233333,-0.013346,0.399380,0.024916,0.916350,-216.445877,92.250671,84.055702
269,2.241667,-0.013263,0.399395,0.024945,0.916344,-216.444443,92.250397,84.056267
270,2.250000,-0.013251,0.399373,0.024952,0.916353,-216.444016,92.251228,84.056213
271,2.258333,-0.013236,0.399434,0.024987,0.916326,-216.443848,92.251091,84.056946
272,2.266667,-0.013261,0.399433,0.024907,0.916328,-216.444229,92.251656,84.057076
273,2.275000,-0.013273,0.399462,0.024977,0.916313,-216.444397,92.250786,84.056961
274,2.283333,-0.013429,0.399479,0.024945,0.916305,-216.445251,92.250740,84.056412
275,2.291667,-0.013467,0.399494,0.024844,0.916300,-216.445496,92.251686,84.056412
276,2.300000,-0.013353,0.399486,0.024952,0.916302,-216.445679,92.250313,84.056259
277,2.308333,-0.013256,0.399407,0.024960,0.916338,-216.446091,92.249924,84.056755
278,2.316667,-0.013202,0.399490,0.024944,0.916303,-216.446777,92.250214,84.056946
279,2.325000,-0.013254,0.399508,0.024979,0.916294,-216.446594,92.250763,84.056770
280,2.333333,-0.013305,0.399413,0.025052,0.916332,-216.446854,92.250305,84.056717
281,2.341667,-0.013431,0.399427,0.024955,0.916327,-216.446808,92.251030,84.056458
282,2.350000,-0.013413,0.399411,0.024898,0.916336,-216.446548,92.250183,84.056404
283,2.358333,-0.013471,0.399442,0.025018,0.916318,-216.446609,92.247734,84.055611
284,2.366667,-0.013342,0.399462,0.024927,0.916314,-216.446274,92.248535,84.056206
285,2.375000,-0.013338,0.399471,0.025084,0.916305,-216.446136,92.249893,84.056435
286,2.383333,-0.013341,0.399413,0.025210,0.916327,-216.446045,92.250908,84.056297
287,2.391667,-0.013276,0.399446,0.025147,0.916316,-216.445953,92.250687,84.055084
288,2.400000,-0.013341,0.399472,0.025004,0.916307,-216.446304,92.249992,84.055725
289,2.408333,-0.013379,0.399475,0.025022,0.916305,-216.446091,92.250198,84.056618
290,2.416667,-0.013288,0.399473,0.025005,0.916307,-216.446930,92.249619,84.056450
291,2.425000,-0.013352,0.399470,0.025088,0.916306,-216.447617,92.251221,84.055595
292,2.433333,-0.013326,0.399455,0.024940,0.916317,-216.448456,92.250870,84.056488
293,2.441667,-0.013372,0.399517,0.024869,0.916291,-216.448044,92.250664,84.057167
294,2.450000,-0.013344,0.399466,0.024819,0.916315,-216.448242,92.250389,84.057587
295,2.458333,-0.013364,0.399498,0.024894,0.916299,-216.448807,92.250076,84.057457
296,2.466667,-0.013392,0.399450,0.024814,0.916321,-216.448730,92.249626,84.057716
297,2.475000,-0.013349,0.399457,0.024832,0.916318,-216.448502,92.248932,84.057320
298,2.483333,-0.013323,0.399437,0.024943,0.916325,-216.448334,92.249718,84.057442
299,2.491667,-0.013292,0.399448,0.024864,0.916322,-216.448685,92.249840,84.057785
300,2.500000,-0.013396,0.399490,0.024895,0.916302,-216.448074,92.248985,84.057014
301,2.508333,-0.013449,0.399431,0.024904,0.916326,-216.447662,92.249611,84.056129
302,2.516667,-0.013530,0.399424,0.024806,0.916331,-216.447861,92.249908,84.056610
303,2.525000,-0.013463,0.399494,0.024895,0.916299,-216.448029,92.249870,84.055916
304,2.533333,-0.013338,0.399477,0.024922,0.916307,-216.448898,92.250572,84.055695
305,2.541667,-0.013192,0.399498,0.024825,0.916303,-216.448044,92.249611,84.056305
306,2.550000,-0.013184,0.399500,0.024880,0.916301,-216.448593,92.249901,84.056824
307,2.558333,-0.013277,0.399456,0.024926,0.916318,-216.447968,92.250267,84.055664
308,2.566667,-0.013398,0.399459,0.024785,0.916318,-216.448166,92.250237,84.055847
309,2.575000,-0.013379,0.399494,0.024887,0.916300,-216.448212,92.251160,84.055176
310,2.583333,-0.013258,0.399494,0.024848,0.916303,-216.448456,92.251472,84.057785
311,2.591667,-0.013254,0.399516,0.024827,0.916294,-216.448715,92.250618,84.057983
312,2.600000,-0.013197,0.399514,0.024871,0.916294,-216.448883,92.249176,84.058731
313,2.608333,-0.013377,0.399527,0.024929,0.916285,-216.449661,92.250153,84.058884
314,2.616667,-0.013297,0.399472,0.025005,0.916308,-216.449615,92.249031,84.058983
315,2.625000,-0.013307,0.399467,0.024959,0.916311,-216.450378,92.249870,84.058380
316,2.633333,-0.013303,0.399445,0.024780,0.916326,-216.450073,92.250359,84.058510
317,2.641667,-0.013178,0.399494,0.024822,0.916305,-216.450119,92.248955,84.056946
318,2.650000,-0.013374,0.399437,0.024899,0.916325,-216.450043,92.248726,84.057579
319,2.658333,-0.013457,0.399457,0.024982,0.916313,-216.450089,92.250328,84.056351
320,2.666667,-0.013343,0.399425,0.024889,0.916331,-216.449219,92.250618,84.056389
321,2.675000,-0.013289,0.399370,0.024754,0.916359,-216.449707,92.250320,84.056389
322,2.683333,-0.013258,0.399443,0.024900,0.916324,-216.449387,92.249275,84.057144
323,2.691667,-0.013407,0.399462,0.024926,0.916313,-216.449402,92.248299,84.057632
324,2.700000,-0.013280,0.399469,0.025032,0.916309,-216.448883,92.247749,84.057106
325,2.708333,-0.013203,0.399511,0.024920,0.916295,-216.449432,92.248245,84.057503
326,2.716667,-0.013295,0.399514,0.025033,0.916289,-216.449097,92.249603,84.057945
327,2.725000,-0.013362,0.399505,0.025024,0.916292,-216.448944,92.249855,84.057579
328,2.733333,-0.013375,0.399475,0.024941,0.916307,-216.448837,92.250534,84.057304
329,2.741667,-0.013356,0.399481,0.024912,0.916306,-216.448257,92.250053,84.057434
330,2.750000,-0.013329,0.399520,0.024854,0.916290,-216.447495,92.250351,84.057213
331,2.758333,-0.013333,0.399476,0.024747,0.916312,-216.447327,92.250153,84.057060
332,2.766667,-0.013316,0.399453,0.024777,0.916322,-216.447968,92.250374,84.057579
333,2.775000,-0.013384,0.399468,0.024835,0.916313,-216.447968,92.250618,84.056847
334,2.783333,-0.013457,0.399500,0.024897,0.916296,-216.447861,92.250175,84.056610
335,2.791667,-0.013282,0.399474,0.024871,0.916311,-216.447861,92.249123,84.056328
336,2.800000,-0.013263,0.399480,0.024863,0.916309,-216.448761,92.250511,84.057320
337,2.808333,-0.013287,0.399466,0.024906,0.916314,-216.448395,92.250153,84.056732
338,2.816667,-0.013378,0.399460,0.024817,0.916317,-216.449051,92.250534,84.057037
339,2.825000,-0.013320,0.399448,0.024894,0.916321,-216.449020,92.249718,84.057373
340,2.833333,-0.013267,0.399435,0.024971,0.916326,-216.448563,92.250023,84.056213
341,2.841667,-0.013271,0.399453,0.025019,0.916316,-216.447800,92.250160,84.055916
342,2.850000,-0.013277,0.399524,0.025010,0.916285,-216.447617,92.250862,84.056786
343,2.858333,-0.013266,0.399542,0.025117,0.916275,-216.447540,92.251175,84.056068
344,2.866667,-0.013280,0.399466,0.025052,0.916309,-216.447495,92.250252,84.056427
345,2.875000,-0.013329,0.399440,0.024890,0.916324,-216.447739,92.250252,84.056686
346,2.883333,-0.013351,0.399445,0.024909,0.916322,-216.447479,92.250175,84.055740
347,2.891667,-0.013367,0.399452,0.024791,0.916322,-216.447403,92.252113,84.055649
348,2.900000,-0.013382,0.399430,0.024757,0.916332,-216.447281,92.251518,84.055794
349,2.908333,-0.013417,0.399509,0.024977,0.916291,-216.446976,92.249672,84.055786
350,2.916667,-0.013402,0.399538,0.025025,0.916277,-216.446945,92.249695,84.057259
351,2.925000,-0.013258,0.399550,0.024952,0.916276,-216.445465,92.248253,84.058472
352,2.933333,-0.013230,0.399513,0.024868,0.916295,-216.444519,92.249191,84.059135
353,2.941667,-0.013236,0.399471,0.024967,0.916310,-216.443008,92.249092,84.059540
354,2.950000,-0.013128,0.399453,0.024943,0.916320,-216.441376,92.249405,84.059311
355,2.958333,-0.013179,0.399483,0.024907,0.916308,-216.439728,92.249908,84.059654
356,2.966667,-0.013192,0.399519,0.024678,0.916298,-216.437485,92.249489,84.061104
357,2.975000,-0.013144,0.399497,0.024617,0.916310,-216.434784,92.250130,84.064194
358,2.983333,-0.012993,0.399494,0.024475,0.916317,-216.431290,92.250641,84.069130
359,2.991667,-0.012861,0.399579,0.024596,0.916279,-216.427795,92.251648,84.076378
360,3.000000,-0.012601,0.399525,0.024524,0.916307,-216.425140,92.253029,84.086052
361,3.008333,-0.012185,0.399542,0.024349,0.916310,-216.422318,92.252335,84.097031
362,3.016667,-0.011916,0.399533,0.024194,0.916322,-216.421677,92.252373,84.109131
363,3.025000,-0.011629,0.399464,0.023905,0.916363,-216.419739,92.253120,84.123451
364,3.033333,-0.011221,0.399433,0.023810,0.916384,-216.415909,92.254189,84.138885
365,3.041667,-0.010785,0.399364,0.023545,0.916427,-216.411118,92.256851,84.155724
366,3.050000,-0.010036,0.399378,0.023413,0.916432,-216.404602,92.262421,84.176811
367,3.058333,-0.009233,0.399384,0.023440,0.916438,-216.394852,92.266327,84.203667
368,3.066667,-0.007241,0.399446,0.023228,0.916434,-216.383194,92.254921,84.243500
369,3.075000,-0.005310,0.399345,0.022712,0.916504,-216.371231,92.249886,84.279884
370,3.083333,-0.004031,0.399242,0.022127,0.916570,-216.353775,92.252502,84.307076
371,3.091667,-0.002475,0.400305,0.024655,0.916047,-216.317032,92.231796,84.344788
372,3.100000,-0.001335,0.400379,0.024719,0.916015,-216.290161,92.227425,84.363708
373,3.108333,-0.000358,0.400459,0.025074,0.915972,-216.268082,92.218712,84.383698
374,3.116667,-0.000087,0.400208,0.023980,0.916111,-216.275970,92.226700,84.407646
375,3.125000,0.000032,0.399966,0.023379,0.916232,-216.267731,92.232117,84.417183
376,3.133333,0.000049,0.400075,0.023360,0.916185,-216.259186,92.234329,84.426994
377,3.141667,0.000214,0.400218,0.023193,0.916126,-216.254684,92.235893,84.437653
378,3.150000,0.000487,0.400125,0.023424,0.916161,-216.243057,92.237785,84.437172
379,3.158333,0.000466,0.399947,0.022953,0.916251,-216.236633,92.245064,84.435432
380,3.166667,0.000369,0.399715,0.022209,0.916370,-216.230988,92.253067,84.434929
381,3.175000,0.000419,0.399585,0.021591,0.916442,-216.228485,92.260811,84.435577
382,3.183333,0.000498,0.399635,0.021399,0.916425,-216.226608,92.265755,84.440483
383,3.191667,0.000787,0.399680,0.021388,0.916405,-216.226532,92.265991,84.448700
384,3.200000,0.000939,0.399424,0.021864,0.916505,-216.229630,92.266129,84.465935
385,3.208333,0.001055,0.399389,0.022248,0.916511,-216.230179,92.266640,84.480370
386,3.216667,0.001234,0.399458,0.022679,0.916470,-216.231110,92.264679,84.496811
387,3.225000,0.001518,0.399504,0.023099,0.916439,-216.232590,92.261192,84.509598
388,3.233333,0.001636,0.399444,0.023453,0.916456,-216.233780,92.260033,84.521523
389,3.241667,0.001849,0.399328,0.023581,0.916503,-216.235046,92.259285,84.531555
390,3.250000,0.001978,0.399304,0.023600,0.916513,-216.235352,92.258110,84.537956
391,3.258333,0.001872,0.399298,0.023816,0.916510,-216.235809,92.259476,84.536781
392,3.266667,0.001891,0.399319,0.023724,0.916503,-216.235977,92.258209,84.530540
393,3.275000,0.001781,0.399448,0.023615,0.916450,-216.238708,92.258270,84.516037
394,3.283333,0.001515,0.399579,0.023895,0.916386,-216.246201,92.257492,84.492653
395,3.291667,0.001125,0.399775,0.023868,0.916302,-216.254593,92.254486,84.463158
396,3.300000,0.000878,0.399931,0.024449,0.916219,-216.282532,92.243340,84.443001
397,3.308333,0.000663,0.399803,0.024305,0.916279,-216.286255,92.239632,84.411247
398,3.316667,0.000469,0.399755,0.023350,0.916325,-216.286377,92.246643,84.392532
399,3.325000,0.000407,0.399651,0.022813,0.916383,-216.289856,92.260147,84.408218
400,3.333333,0.000842,0.399274,0.023715,0.916524,-216.295761,92.280594,84.454147
401,3.341667,0.001836,0.399423,0.024891,0.916427,-216.296097,92.310043,84.488609
402,3.350000,0.002300,0.399658,0.025935,0.916294,-216.292145,92.346001,84.509026
403,3.358333,0.003491,0.399617,0.026741,0.916286,-216.281479,92.400322,84.516701
404,3.366667,0.003299,0.399383,0.027030,0.916380,-216.277618,92.463234,84.522072
405,3.375000,0.002560,0.399379,0.027080,0.916382,-216.280243,92.526398,84.526482
406,3.383333,0.003229,0.400117,0.029144,0.915995,-216.275955,92.560127,84.553993
407,3.391667,0.003898,0.400234,0.029451,0.915932,-216.276474,92.602325,84.572639
408,3.400000,0.004670,0.399892,0.030160,0.916054,-216.288071,92.639267,84.586212
409,3.408333,0.004634,0.400009,0.028703,0.916050,-216.276642,92.696327,84.592697
410,3.416667,0.003705,0.399552,0.025731,0.916342,-216.274170,92.770134,84.596298
411,3.425000,0.002312,0.399014,0.023268,0.916647,-216.270737,92.846710,84.590874
412,3.433333,0.000663,0.398928,0.021678,0.916726,-216.261169,92.911568,84.588921
413,3.441667,-0.000304,0.399111,0.021522,0.916650,-216.252441,92.962372,84.593407
414,3.450000,-0.000672,0.398989,0.021828,0.916695,-216.250275,93.011055,84.594536
415,3.458333,-0.001130,0.399091,0.022260,0.916641,-216.248352,93.064323,84.596977
416,3.466667,-0.001970,0.399398,0.023570,0.916472,-216.252350,93.132835,84.603539
417,3.475000,-0.001942,0.399691,0.023600,0.916344,-216.255768,93.208351,84.609787
418,3.483333,-0.002040,0.399709,0.022519,0.916363,-216.259354,93.283745,84.613899
419,3.491667,-0.001998,0.399660,0.022079,0.916396,-216.263412,93.348732,84.612885
420,3.500000,-0.001951,0.399832,0.022310,0.916315,-216.265182,93.404732,84.617928
421,3.508333,-0.001950,0.399821,0.023010,0.916302,-216.262955,93.453400,84.622665
422,3.516667,-0.002103,0.399714,0.023805,0.916328,-216.256927,93.496559,84.628845
423,3.525000,-0.002174,0.399575,0.024869,0.916361,-216.263290,93.531769,84.642509
424,3.533333,-0.002396,0.399522,0.024367,0.916397,-216.252609,93.580208,84.646156
425,3.541667,-0.003230,0.399872,0.024368,0.916242,-216.248352,93.640259,84.642555
426,3.550000,-0.003523,0.400100,0.023701,0.916158,-216.245300,93.699837,84.639717
427,3.558333,-0.003641,0.400241,0.022607,0.916124,-216.241837,93.755562,84.642082
428,3.566667,-0.003225,0.400449,0.021744,0.916055,-216.239548,93.809494,84.648979
429,3.575000,-0.002982,0.400549,0.021210,0.916025,-216.237732,93.860451,84.654694
430,3.583333,-0.003260,0.400402,0.021126,0.916090,-216.237091,93.910721,84.655922
431,3.591667,-0.003986,0.400350,0.020990,0.916113,-216.234161,93.962440,84.656715
432,3.600000,-0.004722,0.400231,0.021072,0.916160,-216.229706,94.015762,84.656868
433,3.608333,-0.005007,0.400963,0.023178,0.915787,-216.215179,94.056007,84.666611
434,3.616667,-0.005340,0.400322,0.021808,0.916099,-216.215897,94.118942,84.658409
435,3.625000,-0.006327,0.400053,0.021905,0.916209,-216.217896,94.185013,84.643280
436,3.633333,-0.007262,0.400047,0.021816,0.916206,-216.218811,94.244476,84.634743
437,3.641667,-0.007631,0.401084,0.023445,0.915709,-216.210480,94.278542,84.645569
438,3.650000,-0.008605,0.400600,0.020839,0.915976,-216.218491,94.347069,84.634865
439,3.658333,-0.009648,0.400613,0.021029,0.915955,-216.243881,94.391396,84.642639
440,3.666667,-0.010689,0.400542,0.020104,0.915996,-216.225021,94.452454,84.627876
441,3.675000,-0.011044,0.400505,0.018897,0.916033,-216.213531,94.516701,84.616295
442,3.683333,-0.011167,0.400260,0.017814,0.916160,-216.208771,94.580460,84.608795
443,3.691667,-0.010958,0.400473,0.018062,0.916065,-216.203812,94.631638,84.603539
444,3.700000,-0.010852,0.400612,0.018752,0.915992,-216.198608,94.673294,84.604034
445,3.708333,-0.010781,0.400611,0.019262,0.915982,-216.195648,94.709679,84.604225
446,3.716667,-0.011127,0.400959,0.020800,0.915792,-216.194016,94.751160,84.601273
447,3.725000,-0.011434,0.401201,0.021376,0.915669,-216.194824,94.789520,84.598854
448,3.733333,-0.011913,0.401342,0.021793,0.915591,-216.208618,94.821007,84.605118
449,3.741667,-0.012668,0.401410,0.020789,0.915575,-216.208725,94.859108,84.600258
450,3.750000,-0.013463,0.401546,0.019522,0.915532,-216.196564,94.900688,84.588547
451,3.758333,-0.013971,0.402137,0.020739,0.915238,-216.179245,94.925011,84.580467
452,3.766667,-0.014897,0.402276,0.019982,0.915179,-216.171951,94.963684,84.574287
453,3.775000,-0.015665,0.402372,0.019523,0.915134,-216.165497,95.000244,84.571884
454,3.783333,-0.016072,0.402262,0.019333,0.915179,-216.161255,95.035759,84.566078
455,3.791667,-0.016622,0.401864,0.017544,0.915380,-216.168640,95.085136,84.555641
456,3.800000,-0.016987,0.401339,0.016048,0.915632,-216.173294,95.129166,84.543983
457,3.808333,-0.016993,0.401164,0.015210,0.915722,-216.167786,95.167801,84.537163
458,3.816667,-0.017465,0.400731,0.014466,0.915915,-216.164276,95.207565,84.528412
459,3.825000,-0.017963,0.400532,0.013791,0.916003,-216.161942,95.241798,84.522629
460,3.833333,-0.018508,0.400817,0.017548,0.915803,-216.182999,95.252663,84.530899
461,3.841667,-0.018679,0.401044,0.018233,0.915687,-216.178558,95.276398,84.534698
462,3.850000,-0.018615,0.401334,0.017799,0.915569,-216.157181,95.298683,84.535713
463,3.858333,-0.018799,0.401327,0.017205,0.915580,-216.146179,95.325699,84.537872
464,3.866667,-0.018722,0.401373,0.016674,0.915571,-216.137939,95.351204,84.539871
465,3.875000,-0.018796,0.401410,0.016390,0.915559,-216.133698,95.371857,84.543854
466,3.883333,-0.018471,0.401203,0.016419,0.915656,-216.133240,95.391838,84.548279
467,3.891667,-0.018353,0.401311,0.016941,0.915601,-216.133759,95.414513,84.552544
468,3.900000,-0.018175,0.401765,0.017551,0.915394,-216.132538,95.437614,84.551628
469,3.908333,-0.018099,0.402027,0.017946,0.915273,-216.133331,95.463333,84.552223
470,3.916667,-0.018125,0.402050,0.018045,0.915261,-216.134384,95.490921,84.552803
471,3.925000,-0.018162,0.402500,0.019693,0.915028,-216.124344,95.501183,84.554138
472,3.933333,-0.018408,0.402380,0.019577,0.915078,-216.120667,95.524490,84.552086
473,3.941667,-0.018759,0.401906,0.017615,0.915319,-216.123322,95.559364,84.543541
474,3.950000,-0.019341,0.401736,0.015491,0.915420,-216.119904,95.591431,84.531555
475,3.958333,-0.019870,0.401419,0.014244,0.915568,-216.113953,95.617432,84.526840
476,3.966667,-0.020320,0.401306,0.013610,0.915617,-216.107651,95.637856,84.525444
477,3.975000,-0.019458,0.401345,0.013582,0.915620,-216.104034,95.665169,84.522758
478,3.983333,-0.019262,0.401371,0.013855,0.915608,-216.103012,95.687927,84.521828
479,3.991667,-0.019498,0.401575,0.013945,0.915513,-216.103653,95.708298,84.523529
480,4.000000,-0.019622,0.401735,0.014154,0.915436,-216.105438,95.729691,84.523430
481,4.008333,-0.020130,0.401946,0.014530,0.915327,-216.105515,95.748810,84.521690
482,4.016667,-0.020255,0.402023,0.014468,0.915291,-216.105011,95.765594,84.520264
483,4.025000,-0.020385,0.402137,0.014587,0.915236,-216.102905,95.779495,84.520630
484,4.033333,-0.021419,0.402203,0.015777,0.915164,-216.103058,95.803604,84.521111
485,4.041667,-0.021985,0.402386,0.016228,0.915062,-216.098831,95.821625,84.521111
486,4.050000,-0.022224,0.402439,0.016389,0.915030,-216.096664,95.836891,84.520172
487,4.058333,-0.022460,0.402532,0.016548,0.914981,-216.095612,95.852196,84.520653
488,4.066667,-0.022661,0.402440,0.016502,0.915017,-216.093796,95.865669,84.519318
489,4.075000,-0.022653,0.402472,0.016621,0.915001,-216.090561,95.878517,84.518280
490,4.083333,-0.022517,0.402506,0.016684,0.914988,-216.084793,95.890083,84.517494
491,4.091667,-0.022529,0.402617,0.016694,0.914939,-216.075928,95.902992,84.517181
492,4.100000,-0.022623,0.402670,0.016785,0.914912,-216.064529,95.927841,84.520226
493,4.108333,-0.022743,0.403148,0.016760,0.914699,-216.045883,95.963737,84.515617
494,4.116667,-0.022840,0.403523,0.016233,0.914540,-216.025574,96.017944,84.503296
495,4.125000,-0.022815,0.403913,0.015633,0.914379,-216.004730,96.085777,84.490982
496,4.133333,-0.023265,0.404413,0.015193,0.914154,-215.982605,96.161011,84.478394
497,4.141667,-0.023893,0.405257,0.016324,0.913745,-215.957642,96.213814,84.465004
498,4.150000,-0.024069,0.405507,0.015116,0.913650,-215.938660,96.284149,84.451859
499,4.158333,-0.025963,0.405823,0.015038,0.913459,-215.929031,96.343475,84.441963
500,4.166667,-0.027348,0.404995,0.013076,0.913816,-215.938309,96.407867,84.420235
501,4.175000,-0.028902,0.404294,0.011033,0.914106,-215.949432,96.454727,84.403725
502,4.183333,-0.029978,0.403866,0.010092,0.914271,-215.954010,96.493439,84.391426
503,4.191667,-0.030504,0.403845,0.009937,0.914265,-215.953033,96.525352,84.383186
504,4.200000,-0.030884,0.403929,0.010361,0.914210,-215.949722,96.553337,84.378998
505,4.208333,-0.031228,0.403866,0.010367,0.914226,-215.946198,96.578812,84.375381
506,4.216667,-0.031421,0.403888,0.010445,0.914209,-215.945465,96.598976,84.371017
507,4.225000,-0.031686,0.403842,0.010579,0.914218,-215.946609,96.614136,84.368370
508,4.233333,-0.031872,0.403816,0.010876,0.914220,-215.951279,96.624611,84.367851
509,4.241667,-0.031759,0.403768,0.010936,0.914244,-215.957565,96.634308,84.369972
510,4.250000,-0.031650,0.403823,0.010910,0.914224,-215.960785,96.642212,84.369186
511,4.258333,-0.031532,0.404035,0.011014,0.914134,-215.962723,96.648529,84.370728
512,4.266667,-0.031514,0.403941,0.011103,0.914175,-215.960449,96.652054,84.368477
513,4.275000,-0.031621,0.403933,0.011272,0.914173,-215.959244,96.655281,84.367599
514,4.283333,-0.031701,0.403936,0.011204,0.914169,-215.958649,96.655319,84.367920
515,4.291667,-0.031800,0.403833,0.011067,0.914213,-215.956955,96.650421,84.368805
516,4.300000,-0.031631,0.403971,0.010923,0.914160,-215.957611,96.647301,84.373772
517,4.308333,-0.031528,0.403846,0.011035,0.914217,-215.954254,96.645012,84.373360
518,4.316667,-0.031729,0.403850,0.011025,0.914209,-215.951202,96.645660,84.372688
519,4.325000,-0.031819,0.403921,0.011194,0.914172,-215.949005,96.647324,84.371437
520,4.333333,-0.031837,0.403937,0.011208,0.914164,-215.949249,96.649948,84.371078
521,4.341667,-0.031786,0.403857,0.011182,0.914201,-215.949585,96.650772,84.370720
522,4.350000,-0.031878,0.403860,0.011317,0.914195,-215.949600,96.649521,84.370712
523,4.358333,-0.031976,0.403812,0.011204,0.914214,-215.951324,96.647156,84.371101
524,4.366667,-0.031928,0.403771,0.011037,0.914236,-215.953354,96.646095,84.371269
525,4.375000,-0.031893,0.403852,0.011119,0.914201,-215.954132,96.645988,84.370461
526,4.383333,-0.031835,0.403803,0.011243,0.914223,-215.956375,96.648117,84.369774
527,4.391667,-0.031692,0.403876,0.011340,0.914194,-215.957687,96.649834,84.369431
528,4.400000,-0.031669,0.403858,0.011412,0.914202,-215.959457,96.650757,84.370071
529,4.408333,-0.031655,0.403905,0.011262,0.914184,-215.960114,96.648949,84.369766
530,4.416667,-0.031691,0.403853,0.011103,0.914207,-215.959900,96.647369,84.369194
531,4.425000,-0.031788,0.403822,0.010942,0.914219,-215.957809,96.645523,84.370377
532,4.433333,-0.031833,0.403853,0.011124,0.914202,-215.955948,96.646278,84.369713
533,4.441667,-0.031661,0.403889,0.011213,0.914191,-215.954758,96.648788,84.370186
534,4.450000,-0.031738,0.403937,0.011185,0.914168,-215.953873,96.651634,84.371048
535,4.458333,-0.031878,0.403894,0.011160,0.914182,-215.952820,96.650894,84.370850
536,4.466667,-0.031946,0.403853,0.011184,0.914198,-215.951569,96.649094,84.370667
537,4.475000,-0.031963,0.403842,0.011130,0.914203,-215.951248,96.647476,84.371178
538,4.483333,-0.031947,0.403823,0.011162,0.914211,-215.950394,96.646973,84.370964
539,4.491667,-0.031857,0.403825,0.011135,0.914213,-215.950851,96.647942,84.371475
540,4.500000,-0.031819,0.403826,0.011141,0.914214,-215.951614,96.649429,84.371361
541,4.508333,-0.031814,0.403870,0.011208,0.914195,-215.953110,96.648880,84.370651
542,4.516667,-0.031850,0.403915,0.011113,0.914174,-215.954590,96.648880,84.371078
543,4.525000,-0.031688,0.403918,0.011243,0.914177,-215.955185,96.647034,84.370407
544,4.533333,-0.031712,0.403896,0.011197,0.914187,-215.956528,96.645699,84.370003
545,4.541667,-0.031862,0.403844,0.011211,0.914204,-215.957687,96.646423,84.370010
546,4.550000,-0.031840,0.403881,0.011250,0.914188,-215.958710,96.647438,84.370285
547,4.558333,-0.031678,0.403969,0.011323,0.914154,-215.963333,96.649780,84.372231
548,4.566667,-0.031637,0.403963,0.011514,0.914156,-215.967560,96.650139,84.371040
549,4.575000,-0.031738,0.403826,0.011566,0.914212,-215.967224,96.648964,84.370026
550,4.583333,-0.031570,0.403969,0.011420,0.914156,-215.962936,96.648849,84.372154
551,4.591667,-0.031629,0.403944,0.011336,0.914166,-215.957550,96.646744,84.371880
552,4.600000,-0.031734,0.403877,0.011226,0.914194,-215.956329,96.647339,84.370789
553,4.608333,-0.031835,0.403860,0.011233,0.914198,-215.957047,96.647995,84.371155
554,4.616667,-0.031822,0.403818,0.011254,0.914216,-215.956696,96.649124,84.370789
555,4.625000,-0.031962,0.403824,0.011057,0.914211,-215.955734,96.650299,84.369659
556,4.633333,-0.031949,0.403808,0.010957,0.914220,-215.954514,96.650948,84.370110
557,4.641667,-0.031896,0.403806,0.010988,0.914223,-215.955261,96.650772,84.369797
558,4.650000,-0.031553,0.403947,0.011003,0.914172,-215.958099,96.652809,84.371895
559,4.658333,-0.031608,0.403890,0.011015,0.914195,-215.956741,96.651489,84.370331
560,4.666667,-0.031739,0.403837,0.010963,0.914215,-215.957901,96.652527,84.369812
561,4.675000,-0.031780,0.403795,0.011000,0.914231,-215.959747,96.652008,84.370331
562,4.683333,-0.031644,0.403963,0.011149,0.914160,-215.961929,96.651939,84.370522
563,4.691667,-0.031607,0.403964,0.011119,0.914161,-215.962677,96.650711,84.372169
564,4.700000,-0.031621,0.404045,0.011051,0.914126,-215.961914,96.649414,84.371857
565,4.708333,-0.031786,0.403967,0.011024,0.914154,-215.959900,96.648880,84.369461
566,4.716667,-0.031821,0.403892,0.011038,0.914186,-215.959335,96.649704,84.368988
567,4.725000,-0.031871,0.403863,0.011115,0.914197,-215.959671,96.650574,84.368217
568,4.733333,-0.031870,0.403851,0.011133,0.914202,-215.959518,96.651283,84.368729
569,4.741667,-0.031807,0.403852,0.010907,0.914206,-215.957901,96.650070,84.369583
570,4.750000,-0.031846,0.403872,0.010958,0.914195,-215.957092,96.649460,84.369835
571,4.758333,-0.031685,0.403817,0.010917,0.914226,-215.956879,96.649323,84.370583
572,4.766667,-0.031770,0.403893,0.010958,0.914189,-215.957138,96.649841,84.370598
573,4.775000,-0.031781,0.403804,0.010978,0.914227,-215.957550,96.650406,84.370308
574,4.783333,-0.031881,0.403831,0.010854,0.914213,-215.957184,96.650040,84.368553
575,4.791667,-0.031916,0.403822,0.010743,0.914218,-215.957932,96.650742,84.369293
576,4.800000,-0.031846,0.403780,0.010919,0.914236,-215.958405,96.650871,84.369057
577,4.808333,-0.031856,0.403773,0.010843,0.914240,-215.959518,96.652435,84.368355
578,4.816667,-0.031734,0.403856,0.010832,0.914208,-215.959808,96.651306,84.368546
579,4.825000,-0.031798,0.403827,0.010883,0.914218,-215.960098,96.651527,84.369041
580,4.833333,-0.031728,0.403804,0.010909,0.914230,-215.960999,96.650764,84.368309
581,4.841667,-0.031781,0.403810,0.010790,0.914227,-215.961578,96.650932,84.369179
582,4.850000,-0.031796,0.403824,0.010888,0.914219,-215.961700,96.650711,84.369499
583,4.858333,-0.031783,0.403820,0.010899,0.914221,-215.961288,96.649536,84.370201
584,4.866667,-0.031723,0.403832,0.010758,0.914220,-215.960312,96.649811,84.370697
585,4.875000,-0.031757,0.403857,0.010835,0.914207,-215.958878,96.650711,84.370331
586,4.883333,-0.031775,0.403846,0.010994,0.914209,-215.957504,96.651039,84.369972
587,4.891667,-0.031771,0.403832,0.011153,0.914213,-215.957062,96.648880,84.370354
588,4.900000,-0.031774,0.403868,0.011098,0.914198,-215.955902,96.648041,84.371010
589,4.908333,-0.031760,0.403853,0.010971,0.914206,-215.956070,96.648331,84.371407
590,4.916667,-0.031791,0.403837,0.011102,0.914211,-215.955780,96.648369,84.370659
591,4.925000,-0.031842,0.403845,0.011055,0.914207,-215.957260,96.649323,84.371071
592,4.933333,-0.031857,0.403813,0.011013,0.914220,-215.957993,96.649078,84.370628
593,4.941667,-0.031896,0.403839,0.011129,0.914206,-215.957718,96.649185,84.369606
594,4.950000,-0.031908,0.403880,0.011059,0.914188,-215.958115,96.649406,84.368935
595,4.958333,-0.031858,0.403784,0.010932,0.914234,-215.958984,96.650475,84.370087
596,4.966667,-0.031929,0.403824,0.010776,0.914216,-215.959198,96.650848,84.369797
597,4.975000,-0.031877,0.403842,0.010805,0.914209,-215.958649,96.649513,84.369690
598,4.983333,-0.031834,0.403810,0.010836,0.914225,-215.957855,96.650215,84.370552
599,4.991667,-0.031787,0.403836,0.010891,0.914214,-215.957306,96.651772,84.370735
600,5.000000,-0.031766,0.403880,0.010984,0.914194,-215.957169,96.653786,84.371925
601,5.008333,-0.031824,0.403884,0.011061,0.914190,-215.958099,96.656227,84.374275
602,5.016667,-0.032070,0.403911,0.011167,0.914168,-215.958435,96.660629,84.376236
603,5.025000,-0.032371,0.403879,0.011185,0.914171,-215.958450,96.669624,84.378876
604,5.033333,-0.032477,0.403839,0.010949,0.914188,-215.958908,96.678215,84.381866
605,5.041667,-0.032595,0.403944,0.010859,0.914138,-215.959427,96.686470,84.385986
606,5.050000,-0.032835,0.403906,0.010549,0.914150,-215.958664,96.693504,84.392525
607,5.058333,-0.032967,0.403800,0.010022,0.914198,-215.956146,96.699738,84.399841
608,5.066667,-0.032909,0.403760,0.009767,0.914221,-215.953110,96.707405,84.408752
609,5.075000,-0.033183,0.403682,0.009287,0.914250,-215.950607,96.716484,84.419228
610,5.083333,-0.033117,0.404581,0.011406,0.913831,-215.942032,96.711205,84.442314
611,5.091667,-0.033369,0.404427,0.011526,0.913889,-215.943604,96.721497,84.458801
612,5.100000,-0.033824,0.404230,0.011350,0.913961,-215.947372,96.733383,84.470390
613,5.108333,-0.034556,0.403451,0.009374,0.914301,-215.959091,96.756393,84.478065
614,5.116667,-0.034910,0.403093,0.008153,0.914457,-215.960236,96.770943,84.488335
615,5.125000,-0.035051,0.403051,0.007365,0.914477,-215.957825,96.781158,84.503593
616,5.133333,-0.035240,0.403056,0.006666,0.914473,-215.955383,96.791740,84.520622
617,5.141667,-0.035166,0.403214,0.006363,0.914408,-215.953094,96.801277,84.539810
618,5.150000,-0.035318,0.403377,0.006084,0.914332,-215.951797,96.811974,84.559685
619,5.158333,-0.034710,0.403704,0.006690,0.914207,-215.947342,96.810219,84.583817
620,5.166667,-0.034691,0.403809,0.006638,0.914161,-215.945511,96.812622,84.607506
621,5.175000,-0.034699,0.403802,0.006579,0.914164,-215.943695,96.811234,84.635139
622,5.183333,-0.033980,0.403938,0.006647,0.914131,-215.939957,96.801270,84.668556
623,5.191667,-0.032999,0.405445,0.010428,0.913464,-215.924484,96.756210,84.726074
624,5.200000,-0.032975,0.404461,0.008655,0.913920,-215.929794,96.756752,84.753128
625,5.208333,-0.033355,0.404393,0.007791,0.913944,-215.929718,96.745834,84.785034
626,5.216667,-0.034026,0.404624,0.007876,0.913816,-215.927261,96.727638,84.821037
627,5.225000,-0.034332,0.404889,0.008346,0.913683,-215.927460,96.702477,84.862640
628,5.233333,-0.034043,0.404996,0.008729,0.913643,-215.927429,96.669403,84.914131
629,5.241667,-0.033771,0.404794,0.009078,0.913739,-215.925766,96.637955,84.966080
630,5.250000,-0.033373,0.404429,0.009045,0.913915,-215.922684,96.604507,85.018730
631,5.258333,-0.032182,0.403752,0.008410,0.914263,-215.917557,96.555962,85.084030
632,5.266667,-0.030121,0.405118,0.011221,0.913699,-215.900391,96.476257,85.174576
633,5.275000,-0.029148,0.404531,0.010337,0.914001,-215.908691,96.419128,85.239838
634,5.283333,-0.028640,0.404240,0.010730,0.914141,-215.909164,96.364037,85.303520
635,5.291667,-0.028494,0.403566,0.011013,0.914441,-215.904617,96.315346,85.367599
636,5.300000,-0.027894,0.403045,0.010974,0.914689,-215.898087,96.263802,85.430840
637,5.308333,-0.025436,0.403531,0.011115,0.914545,-215.892532,96.176277,85.522446
638,5.316667,-0.023065,0.405109,0.014504,0.913863,-215.877625,96.061096,85.629723
639,5.325000,-0.022881,0.404629,0.013196,0.914099,-215.882416,96.003738,85.699364
640,5.333333,-0.023500,0.404259,0.012591,0.914256,-215.886383,95.953079,85.770241
641,5.341667,-0.023545,0.403730,0.012687,0.914487,-215.888763,95.908897,85.836777
642,5.350000,-0.021108,0.403304,0.013369,0.914725,-215.881653,95.834389,85.928856
643,5.358333,-0.018585,0.404315,0.016718,0.914278,-215.869171,95.751610,86.028900
644,5.366667,-0.017343,0.403734,0.015353,0.914583,-215.874557,95.721169,86.096573
645,5.375000,-0.018180,0.403956,0.014159,0.914488,-215.877228,95.701859,86.163208
646,5.383333,-0.019984,0.404023,0.013566,0.914430,-215.872452,95.691010,86.224571
647,5.391667,-0.021768,0.403720,0.012961,0.914532,-215.870361,95.687553,86.284592
648,5.400000,-0.022383,0.403376,0.012705,0.914672,-215.871933,95.681870,86.358765
649,5.408333,-0.022123,0.403279,0.012936,0.914718,-215.869827,95.679474,86.427444
650,5.416667,-0.021739,0.402770,0.015261,0.914916,-215.897720,95.667107,86.510193
651,5.425000,-0.022646,0.402730,0.014440,0.914925,-215.877197,95.684151,86.574074
652,5.433333,-0.023382,0.404223,0.016195,0.914218,-215.852707,95.684921,86.666878
653,5.441667,-0.023775,0.404526,0.016675,0.914065,-215.843491,95.703156,86.736755
654,5.450000,-0.024367,0.404067,0.015245,0.914278,-215.847946,95.734253,86.793503
655,5.458333,-0.025459,0.404553,0.013243,0.914064,-215.847107,95.773125,86.858063
656,5.466667,-0.026842,0.404643,0.012040,0.914002,-215.841629,95.808769,86.917480
657,5.475000,-0.028793,0.404514,0.011436,0.914007,-215.833954,95.847595,86.981110
658,5.483333,-0.030499,0.404092,0.011842,0.914133,-215.826889,95.885559,87.051491
659,5.491667,-0.031035,0.403638,0.012255,0.914310,-215.830902,95.929886,87.124092
660,5.500000,-0.031910,0.403683,0.011693,0.914267,-215.830948,95.980362,87.193123
661,5.508333,-0.032929,0.404093,0.010373,0.914066,-215.826538,96.041473,87.259186
662,5.516667,-0.033984,0.404402,0.008596,0.913909,-215.821289,96.103943,87.316719
663,5.525000,-0.035051,0.404255,0.007309,0.913945,-215.813034,96.161789,87.368454
664,5.533333,-0.036249,0.403843,0.006844,0.914084,-215.801697,96.209129,87.418274
665,5.541667,-0.037846,0.403848,0.006640,0.914019,-215.795319,96.247070,87.482468
666,5.550000,-0.040052,0.403791,0.006065,0.913954,-215.791824,96.281471,87.546143
667,5.558333,-0.042689,0.403678,0.004806,0.913892,-215.789078,96.321175,87.606995
668,5.566667,-0.044094,0.405022,0.007157,0.913215,-215.774658,96.328606,87.682800
669,5.575000,-0.043329,0.405283,0.007633,0.913132,-215.776855,96.357552,87.735924
670,5.583333,-0.043038,0.404635,0.006073,0.913445,-215.787125,96.396347,87.784706
671,5.591667,-0.042938,0.404073,0.005195,0.913704,-215.786819,96.424294,87.836372
672,5.600000,-0.043268,0.403667,0.005170,0.913868,-215.779739,96.444992,87.887016
673,5.608333,-0.043936,0.403556,0.005504,0.913883,-215.770172,96.459106,87.940582
674,5.616667,-0.044463,0.403557,0.005403,0.913858,-215.763519,96.468719,87.994667
675,5.625000,-0.045104,0.403984,0.005219,0.913639,-215.760941,96.472366,88.050888
676,5.633333,-0.046081,0.404210,0.004616,0.913493,-215.759567,96.481903,88.100853
677,5.641667,-0.047184,0.404171,0.003594,0.913459,-215.756531,96.493919,88.142326
678,5.650000,-0.048527,0.403969,0.002114,0.913482,-215.753265,96.506081,88.181969
679,5.658333,-0.049504,0.403615,0.000727,0.913589,-215.749268,96.509758,88.231636
680,5.666667,-0.049240,0.403484,0.000956,0.913660,-215.743210,96.495773,88.289413
681,5.675000,-0.048977,0.403635,0.001462,0.913607,-215.739868,96.480873,88.345734
682,5.683333,-0.048488,0.405008,0.004689,0.913014,-215.729660,96.443718,88.413063
683,5.691667,-0.048561,0.404684,0.004031,0.913157,-215.737961,96.433556,88.454391
684,5.700000,-0.048940,0.404515,0.003775,0.913213,-215.738007,96.422211,88.495163
685,5.708333,-0.049039,0.404526,0.003893,0.913202,-215.731644,96.400307,88.539124
686,5.716667,-0.049032,0.404315,0.004032,0.913296,-215.724426,96.373894,88.584045
687,5.725000,-0.049050,0.403938,0.003926,0.913462,-215.719147,96.347610,88.627068
688,5.733333,-0.048450,0.403510,0.002801,0.913687,-215.718033,96.317604,88.671700
689,5.741667,-0.047950,0.403592,0.001340,0.913681,-215.725586,96.284607,88.720726
690,5.750000,-0.047260,0.403864,0.000709,0.913597,-215.733627,96.244957,88.765518
691,5.758333,-0.046890,0.403990,0.000796,0.913561,-215.740158,96.209709,88.810631
692,5.766667,-0.045657,0.405780,0.005528,0.912813,-215.729599,96.145363,88.887711
693,5.775000,-0.045606,0.404101,0.004755,0.913564,-215.744705,96.126205,88.938217
694,5.783333,-0.045438,0.403352,0.005046,0.913902,-215.748734,96.100677,88.985703
695,5.791667,-0.045184,0.403215,0.005646,0.913972,-215.749863,96.074036,89.028328
696,5.800000,-0.045000,0.403663,0.006022,0.913781,-215.745728,96.049011,89.068100
697,5.808333,-0.045050,0.403885,0.006060,0.913680,-215.741302,96.030792,89.109543
698,5.816667,-0.045235,0.403975,0.005612,0.913634,-215.736252,96.014259,89.150101
699,5.825000,-0.045003,0.403753,0.003827,0.913753,-215.729950,95.994217,89.191261
700,5.833333,-0.044544,0.403441,0.002529,0.913917,-215.717987,95.973465,89.233170
701,5.841667,-0.044122,0.403268,0.002003,0.914016,-215.705994,95.955399,89.279549
702,5.850000,-0.043178,0.403488,0.002541,0.913962,-215.700562,95.935120,89.330032
703,5.858333,-0.041983,0.404065,0.003763,0.913759,-215.696854,95.910133,89.382072
704,5.866667,-0.042028,0.404589,0.004992,0.913519,-215.701706,95.887428,89.435646
705,5.875000,-0.042542,0.404654,0.005921,0.913461,-215.706055,95.867271,89.484390
706,5.883333,-0.042905,0.404311,0.006827,0.913589,-215.703888,95.846085,89.533447
707,5.891667,-0.042734,0.403865,0.007861,0.913786,-215.702026,95.824150,89.587761
708,5.900000,-0.042064,0.403533,0.008416,0.913959,-215.704819,95.805840,89.641487
709,5.908333,-0.041616,0.403520,0.008622,0.913983,-215.707047,95.791016,89.685150
710,5.916667,-0.041645,0.403737,0.008393,0.913888,-215.708115,95.777962,89.724014
711,5.925000,-0.042163,0.403835,0.008044,0.913824,-215.707809,95.767769,89.761139
712,5.933333,-0.042919,0.403764,0.007371,0.913826,-215.705353,95.758598,89.797661
713,5.941667,-0.043460,0.403591,0.006846,0.913881,-215.701462,95.746193,89.833778
714,5.950000,-0.042804,0.404656,0.008375,0.913428,-215.684006,95.703659,89.897987
715,5.958333,-0.042642,0.404776,0.008429,0.913382,-215.674469,95.674934,89.952415
716,5.966667,-0.042313,0.404069,0.007638,0.913717,-215.673752,95.661858,89.996178
717,5.975000,-0.041802,0.403865,0.008294,0.913825,-215.682953,95.645836,90.043343
718,5.983333,-0.041650,0.404105,0.008488,0.913725,-215.681412,95.637756,90.084686
719,5.991667,-0.042108,0.404236,0.007711,0.913652,-215.668137,95.631699,90.122154
720,6.000000,-0.042670,0.403921,0.006529,0.913775,-215.655548,95.627632,90.160767
721,6.008333,-0.043725,0.403431,0.005032,0.913951,-215.647385,95.628815,90.201065
722,6.016667,-0.044417,0.403220,0.004307,0.914015,-215.643982,95.625076,90.238068
723,6.025000,-0.044059,0.404111,0.006992,0.913621,-215.636826,95.589340,90.295364
724,6.033333,-0.044564,0.403669,0.006022,0.913799,-215.648483,95.580864,90.334457
725,6.041667,-0.044378,0.403545,0.005009,0.913869,-215.652390,95.574844,90.380493
726,6.050000,-0.043630,0.405182,0.007827,0.913161,-215.642136,95.540657,90.447052
727,6.058333,-0.043288,0.405288,0.008446,0.913125,-215.641434,95.527382,90.491631
728,6.066667,-0.043397,0.404413,0.006936,0.913520,-215.650803,95.528450,90.523117
729,6.075000,-0.043508,0.404163,0.006564,0.913628,-215.648697,95.516670,90.565727
730,6.083333,-0.043459,0.404191,0.006215,0.913620,-215.643570,95.503250,90.610168
731,6.091667,-0.042876,0.403937,0.004846,0.913768,-215.639465,95.487907,90.651688
732,6.100000,-0.042830,0.403918,0.003836,0.913784,-215.637283,95.475677,90.686920
733,6.108333,-0.042768,0.403912,0.003318,0.913792,-215.638321,95.467972,90.723389
734,6.116667,-0.042733,0.404001,0.003029,0.913755,-215.641281,95.459213,90.767174
735,6.125000,-0.042689,0.403835,0.002536,0.913832,-215.640900,95.449875,90.814575
736,6.133333,-0.042195,0.403605,0.003006,0.913955,-215.635391,95.436516,90.859726
737,6.141667,-0.042105,0.403212,0.003400,0.914131,-215.632599,95.426277,90.904411
738,6.150000,-0.042212,0.402941,0.003611,0.914245,-215.631454,95.409325,90.951088
739,6.158333,-0.042098,0.403127,0.003944,0.914167,-215.630035,95.385925,91.004303
740,6.166667,-0.041935,0.403648,0.004968,0.913939,-215.630600,95.360878,91.054695
741,6.175000,-0.041873,0.403867,0.005962,0.913839,-215.632385,95.342926,91.097244
742,6.183333,-0.041654,0.403754,0.007003,0.913892,-215.629028,95.329315,91.134583
743,6.191667,-0.042031,0.403909,0.007657,0.913801,-215.626862,95.314224,91.180885
744,6.200000,-0.042374,0.403961,0.008320,0.913756,-215.621445,95.297989,91.227760
745,6.208333,-0.042550,0.403929,0.008766,0.913758,-215.619629,95.283737,91.268669
746,6.216667,-0.042439,0.403939,0.008869,0.913758,-215.620834,95.271996,91.304062
747,6.225000,-0.042230,0.403813,0.008478,0.913827,-215.623657,95.261566,91.339294
748,6.233333,-0.042371,0.403634,0.007719,0.913906,-215.626877,95.251373,91.377708
749,6.241667,-0.041771,0.403118,0.006485,0.914171,-215.625900,95.230476,91.424805
750,6.250000,-0.041638,0.403018,0.005208,0.914229,-215.622025,95.208488,91.470619
751,6.258333,-0.042016,0.402996,0.004865,0.914224,-215.612534,95.191772,91.511665
752,6.266667,-0.041722,0.404745,0.008415,0.913439,-215.589020,95.150253,91.583549
753,6.275000,-0.041926,0.404051,0.008827,0.913733,-215.611008,95.134338,91.635933
754,6.283333,-0.042021,0.403820,0.007594,0.913841,-215.599854,95.132538,91.664955
755,6.291667,-0.042176,0.403899,0.006477,0.913808,-215.591293,95.132538,91.694824
756,6.300000,-0.042405,0.403964,0.005380,0.913776,-215.588303,95.128922,91.726479
757,6.308333,-0.042680,0.403899,0.004981,0.913794,-215.587036,95.120384,91.762070
758,6.316667,-0.042532,0.403638,0.004978,0.913916,-215.586945,95.114502,91.801109
759,6.325000,-0.042907,0.403344,0.004740,0.914030,-215.587067,95.111336,91.840103
760,6.333333,-0.043845,0.403110,0.004474,0.914090,-215.589355,95.100960,91.879028
761,6.341667,-0.044623,0.402878,0.003997,0.914156,-215.589783,95.094887,91.914482
762,6.350000,-0.044780,0.402766,0.003381,0.914201,-215.591095,95.088669,91.953339
763,6.358333,-0.043822,0.403226,0.003948,0.914042,-215.588959,95.073021,91.999641
764,6.366667,-0.042782,0.403749,0.004592,0.913857,-215.587830,95.059517,92.047859
765,6.375000,-0.041596,0.405157,0.007901,0.913266,-215.576523,95.023392,92.110893
766,6.383333,-0.040924,0.404930,0.007619,0.913400,-215.573303,95.002457,92.162498
767,6.391667,-0.040899,0.404068,0.006040,0.913794,-215.577057,94.995293,92.201057
768,6.400000,-0.041000,0.403832,0.005580,0.913897,-215.574432,94.986031,92.240837
769,6.408333,-0.041618,0.403723,0.005571,0.913917,-215.571259,94.979095,92.279800
770,6.416667,-0.041941,0.403691,0.005507,0.913917,-215.569809,94.974152,92.314812
771,6.425000,-0.041792,0.403714,0.005337,0.913915,-215.568954,94.965256,92.353722
772,6.433333,-0.041253,0.403607,0.005049,0.913988,-215.570801,94.954857,92.392792
773,6.441667,-0.040759,0.403532,0.004811,0.914045,-215.571838,94.943596,92.431419
774,6.450000,-0.041219,0.403330,0.004427,0.914115,-215.570190,94.936096,92.465576
775,6.458333,-0.041807,0.403025,0.003822,0.914225,-215.565567,94.930290,92.500420
776,6.466667,-0.041598,0.402883,0.003666,0.914298,-215.556473,94.923317,92.540146
777,6.475000,-0.041479,0.402750,0.003567,0.914363,-215.551727,94.920006,92.577820
778,6.483333,-0.041703,0.402774,0.004020,0.914340,-215.551346,94.914177,92.612938
779,6.491667,-0.042244,0.402879,0.004411,0.914267,-215.556580,94.903831,92.649689
780,6.500000,-0.041885,0.403372,0.006143,0.914056,-215.557190,94.880951,92.701630
781,6.508333,-0.042351,0.403885,0.007440,0.913799,-215.565567,94.855896,92.757294
782,6.516667,-0.042244,0.403906,0.008428,0.913786,-215.570099,94.835121,92.803368
783,6.525000,-0.042473,0.403708,0.009297,0.913854,-215.572098,94.819267,92.846825
784,6.533333,-0.042748,0.403532,0.009608,0.913916,-215.571167,94.806755,92.886009
785,6.541667,-0.042677,0.403133,0.009210,0.914099,-215.569214,94.793976,92.929367
786,6.550000,-0.042327,0.402893,0.008301,0.914230,-215.567276,94.779724,92.968452
787,6.558333,-0.042231,0.402865,0.007676,0.914252,-215.565903,94.770760,92.999855
788,6.566667,-0.042076,0.402890,0.006841,0.914255,-215.564316,94.760712,93.028557
789,6.575000,-0.042155,0.402972,0.006113,0.914220,-215.565079,94.752380,93.058342
790,6.583333,-0.041960,0.402936,0.005397,0.914250,-215.564377,94.743523,93.096123
791,6.591667,-0.041383,0.402898,0.006805,0.914284,-215.579910,94.715965,93.151482
792,6.600000,-0.041093,0.402924,0.006934,0.914284,-215.580292,94.704620,93.193741
793,6.608333,-0.040642,0.403115,0.007303,0.914217,-215.579575,94.686050,93.243530
794,6.616667,-0.040219,0.404456,0.008828,0.913630,-215.569992,94.662086,93.311958
795,6.625000,-0.040051,0.404612,0.009287,0.913564,-215.568466,94.650154,93.356041
796,6.633333,-0.039944,0.403973,0.008532,0.913859,-215.578247,94.652023,93.383621
797,6.641667,-0.040263,0.403805,0.008367,0.913920,-215.586349,94.648735,93.412025
798,6.650000,-0.041054,0.403970,0.007690,0.913818,-215.581848,94.643936,93.441002
799,6.658333,-0.041598,0.403728,0.006756,0.913908,-215.575714,94.642014,93.473396
800,6.666667,-0.041910,0.403204,0.005701,0.914132,-215.569656,94.638466,93.510399
801,6.675000,-0.042350,0.402821,0.004743,0.914286,-215.564316,94.632072,93.543991
802,6.683333,-0.042801,0.402549,0.004185,0.914388,-215.566376,94.627884,93.574783
803,6.691667,-0.043192,0.402313,0.004149,0.914473,-215.572998,94.620422,93.610710
804,6.700000,-0.043189,0.402386,0.004032,0.914442,-215.575150,94.611763,93.647369
805,6.708333,-0.042925,0.402486,0.003996,0.914411,-215.578934,94.603333,93.683350
806,6.716667,-0.041904,0.402774,0.004919,0.914327,-215.581345,94.586052,93.723450
807,6.725000,-0.041165,0.402658,0.004744,0.914412,-215.586395,94.568443,93.762650
808,6.733333,-0.040813,0.402492,0.004019,0.914505,-215.586334,94.552650,93.803825
809,6.741667,-0.039670,0.403836,0.007269,0.913942,-215.567047,94.510468,93.867012
810,6.750000,-0.039611,0.403950,0.007754,0.913890,-215.560837,94.496269,93.908218
811,6.758333,-0.040231,0.402997,0.006312,0.914295,-215.569000,94.500771,93.934822
812,6.766667,-0.040528,0.402708,0.006107,0.914410,-215.569763,94.497803,93.965874
813,6.775000,-0.040391,0.402689,0.006390,0.914423,-215.566971,94.491341,94.002327
814,6.783333,-0.040296,0.402664,0.006634,0.914436,-215.567520,94.482727,94.036072
815,6.791667,-0.040643,0.402611,0.006979,0.914442,-215.572189,94.474319,94.069817
816,6.800000,-0.040877,0.402776,0.007400,0.914356,-215.578339,94.462151,94.103386
817,6.808333,-0.041046,0.402658,0.007626,0.914398,-215.581467,94.447983,94.144943
818,6.816667,-0.041330,0.402326,0.007555,0.914532,-215.580322,94.433174,94.188332
819,6.825000,-0.041597,0.402041,0.007322,0.914647,-215.576935,94.419418,94.227180
820,6.833333,-0.042110,0.401948,0.007026,0.914667,-215.574341,94.409630,94.261841
821,6.841667,-0.042341,0.401890,0.006699,0.914684,-215.570694,94.400589,94.295418
822,6.850000,-0.042559,0.401904,0.006329,0.914670,-215.568802,94.392975,94.329391
823,6.858333,-0.042810,0.401909,0.006058,0.914658,-215.568542,94.388367,94.358376
824,6.866667,-0.042859,0.402060,0.006096,0.914589,-215.568848,94.386086,94.384804
825,6.875000,-0.041093,0.404034,0.009934,0.913766,-215.557022,94.357750,94.440849
826,6.883333,-0.041380,0.404120,0.010024,0.913715,-215.556976,94.341827,94.481705
827,6.891667,-0.041585,0.403318,0.008464,0.914075,-215.564774,94.338081,94.510330
828,6.900000,-0.041664,0.402898,0.008115,0.914260,-215.565826,94.333084,94.546059
829,6.908333,-0.041794,0.402854,0.008134,0.914273,-215.566803,94.325722,94.581291
830,6.916667,-0.041493,0.402395,0.007220,0.914497,-215.568756,94.313011,94.620529
831,6.925000,-0.040969,0.402015,0.006320,0.914694,-215.566635,94.299980,94.660339
832,6.933333,-0.040606,0.401832,0.005929,0.914794,-215.567139,94.293365,94.697227
833,6.941667,-0.040808,0.401895,0.005645,0.914759,-215.569336,94.293800,94.731995
834,6.950000,-0.040908,0.401765,0.005491,0.914812,-215.572021,94.294884,94.762077
835,6.958333,-0.040938,0.401854,0.004972,0.914775,-215.572525,94.296112,94.792671
836,6.966667,-0.040892,0.401954,0.004508,0.914735,-215.567154,94.290916,94.825859
837,6.975000,-0.040786,0.401814,0.003359,0.914806,-215.557648,94.289833,94.864052
838,6.983333,-0.040836,0.401690,0.002300,0.914862,-215.547516,94.293297,94.894753
839,6.991667,-0.041151,0.401488,0.001124,0.914939,-215.541153,94.299179,94.922791
840,7.000000,-0.040752,0.401748,0.001612,0.914842,-215.532303,94.288658,94.963295
841,7.008333,-0.039978,0.403774,0.006145,0.913964,-215.515137,94.248512,95.035019
842,7.016667,-0.039746,0.403928,0.006877,0.913901,-215.515305,94.236404,95.071915
843,7.025000,-0.039700,0.403962,0.007440,0.913884,-215.519043,94.224747,95.101898
844,7.033333,-0.039807,0.403242,0.006293,0.914206,-215.532440,94.227364,95.127655
845,7.041667,-0.039518,0.403049,0.006351,0.914303,-215.535492,94.220619,95.163521
846,7.050000,-0.039088,0.402851,0.006791,0.914406,-215.532898,94.209984,95.204575
847,7.058333,-0.038856,0.402761,0.007193,0.914452,-215.528748,94.199013,95.238052
848,7.066667,-0.038956,0.402719,0.007424,0.914464,-215.524597,94.189766,95.269264
849,7.075000,-0.039041,0.402632,0.007355,0.914500,-215.520554,94.179863,95.301270
850,7.083333,-0.040107,0.402475,0.007359,0.914523,-215.520355,94.170326,95.340256
851,7.091667,-0.040169,0.402111,0.006205,0.914688,-215.517395,94.151863,95.370842
852,7.100000,-0.040299,0.401966,0.005292,0.914752,-215.516800,94.134995,95.395432
853,7.108333,-0.040986,0.401630,0.005014,0.914871,-215.519165,94.129631,95.425262
854,7.116667,-0.040547,0.401728,0.004443,0.914850,-215.513306,94.116806,95.460663
855,7.125000,-0.040400,0.401443,0.003711,0.914985,-215.509583,94.105927,95.492981
856,7.133333,-0.040471,0.401423,0.003700,0.914991,-215.506531,94.093231,95.520988
857,7.141667,-0.040664,0.401215,0.003609,0.915074,-215.504532,94.081154,95.550682
858,7.150000,-0.039972,0.401670,0.004639,0.914900,-215.499954,94.053131,95.592079
859,7.158333,-0.039469,0.401704,0.005388,0.914903,-215.503738,94.030464,95.630463
860,7.166667,-0.039262,0.401766,0.006036,0.914881,-215.511230,94.011726,95.658936
861,7.175000,-0.039197,0.401727,0.006599,0.914896,-215.519897,93.999687,95.681252
862,7.183333,-0.039303,0.401777,0.007242,0.914865,-215.528366,93.987373,95.702759
863,7.191667,-0.039274,0.401844,0.007593,0.914834,-215.533875,93.977974,95.723892
864,7.200000,-0.039183,0.401891,0.007662,0.914817,-215.535812,93.971863,95.742950
865,7.208333,-0.039273,0.401942,0.007691,0.914790,-215.536926,93.967300,95.757347
866,7.216667,-0.039530,0.401973,0.007623,0.914766,-215.537384,93.965485,95.770607
867,7.225000,-0.039704,0.402075,0.007543,0.914714,-215.536758,93.964500,95.782478
868,7.233333,-0.039957,0.402315,0.007507,0.914598,-215.537262,93.965042,95.794899
869,7.241667,-0.039976,0.402437,0.007408,0.914544,-215.534622,93.964149,95.804253
870,7.250000,-0.040050,0.402480,0.007424,0.914522,-215.531952,93.962219,95.812103
871,7.258333,-0.040325,0.402550,0.007319,0.914480,-215.530899,93.958557,95.819443
872,7.266667,-0.040544,0.402530,0.007231,0.914480,-215.529846,93.955406,95.827667
873,7.275000,-0.040703,0.402533,0.007392,0.914470,-215.528412,93.950226,95.833717
874,7.283333,-0.040870,0.402471,0.007501,0.914489,-215.526169,93.942093,95.840019
875,7.291667,-0.040851,0.402439,0.007465,0.914505,-215.524643,93.930832,95.849701
876,7.300000,-0.040681,0.402420,0.007541,0.914520,-215.523102,93.917572,95.858910
877,7.308333,-0.040314,0.402451,0.007698,0.914521,-215.521576,93.901863,95.865059
878,7.316667,-0.039969,0.402445,0.007863,0.914537,-215.521530,93.884338,95.869858
879,7.325000,-0.039884,0.402467,0.007768,0.914532,-215.520905,93.867073,95.874367
880,7.333333,-0.039609,0.402295,0.007479,0.914622,-215.520477,93.847580,95.879517
881,7.341667,-0.040370,0.402260,0.006511,0.914612,-215.521362,93.820122,95.884605
882,7.350000,-0.040346,0.401770,0.004695,0.914839,-215.522644,93.786255,95.891037
883,7.358333,-0.039905,0.401493,0.002956,0.914988,-215.523285,93.751846,95.894226
884,7.366667,-0.038682,0.401508,0.002865,0.915034,-215.522644,93.711212,95.901543
885,7.375000,-0.037622,0.401544,0.003236,0.915061,-215.524918,93.672279,95.908798
886,7.383333,-0.036370,0.401562,0.003726,0.915102,-215.528244,93.632500,95.915047
887,7.391667,-0.035306,0.401780,0.004876,0.915042,-215.526794,93.594048,95.928612
888,7.400000,-0.034462,0.401840,0.005900,0.915042,-215.528656,93.555412,95.934830
889,7.408333,-0.033058,0.403072,0.009873,0.914518,-215.519287,93.495155,95.957741
890,7.416667,-0.032133,0.403244,0.011119,0.914460,-215.520554,93.457245,95.968399
891,7.425000,-0.031576,0.403232,0.012180,0.914472,-215.524368,93.419220,95.974579
892,7.433333,-0.031334,0.403116,0.013124,0.914518,-215.530273,93.378250,95.980270
893,7.441667,-0.031765,0.402812,0.011809,0.914655,-215.540726,93.347870,95.981766
894,7.450000,-0.032139,0.402508,0.011099,0.914785,-215.539047,93.304886,95.985222
895,7.458333,-0.031475,0.402239,0.011665,0.914919,-215.551239,93.246780,96.008530
896,7.466667,-0.030350,0.402149,0.011367,0.915000,-215.551941,93.196579,96.025482
897,7.475000,-0.029421,0.402167,0.011413,0.915022,-215.550110,93.151863,96.042770
898,7.483333,-0.029752,0.402071,0.010834,0.915061,-215.539474,93.113426,96.053711
899,7.491667,-0.030324,0.401710,0.009991,0.915210,-215.530579,93.088081,96.061363
900,7.500000,-0.030816,0.401300,0.008835,0.915385,-215.526932,93.070953,96.068329
901,7.508333,-0.030812,0.401126,0.008048,0.915469,-215.524216,93.051056,96.078842
902,7.516667,-0.030228,0.400846,0.007319,0.915617,-215.524460,93.030075,96.091270
903,7.525000,-0.029450,0.400836,0.007219,0.915648,-215.523453,93.007751,96.106850
904,7.533333,-0.028465,0.401142,0.008095,0.915538,-215.519501,92.980576,96.129219
905,7.541667,-0.028056,0.401311,0.008761,0.915470,-215.520599,92.963959,96.149635
906,7.550000,-0.028153,0.401310,0.009436,0.915461,-215.522934,92.957512,96.166435
907,7.558333,-0.027775,0.401491,0.009869,0.915388,-215.520355,92.950233,96.188828
908,7.566667,-0.027694,0.401456,0.009953,0.915406,-215.520233,92.951218,96.209290
909,7.575000,-0.028122,0.401469,0.009981,0.915386,-215.520264,92.953835,96.230408
910,7.583333,-0.028181,0.401236,0.009864,0.915488,-215.519958,92.957321,96.253708
911,7.591667,-0.028195,0.401162,0.009824,0.915520,-215.516403,92.964256,96.274887
912,7.600000,-0.028551,0.401080,0.009902,0.915544,-215.512970,92.977470,96.294739
913,7.608333,-0.028190,0.402893,0.014301,0.914701,-215.497253,92.961365,96.337158
914,7.616667,-0.028097,0.403243,0.014868,0.914541,-215.494110,92.976311,96.364067
915,7.625000,-0.025268,0.399408,0.026953,0.916028,-215.505676,92.889008,96.328407
916,7.633333,-0.024797,0.399528,0.027670,0.915968,-215.509109,92.901711,96.353600
917,7.641667,-0.024049,0.400121,0.028960,0.915689,-215.510208,92.909966,96.383957
918,7.650000,-0.023544,0.400485,0.029974,0.915510,-215.509323,92.924683,96.409119
919,7.658333,-0.023923,0.400869,0.030483,0.915316,-215.507217,92.945793,96.429863
920,7.666667,-0.024337,0.400903,0.030525,0.915288,-215.503281,92.968575,96.446770
921,7.675000,-0.025092,0.400900,0.029949,0.915288,-215.499573,92.993454,96.462852
922,7.683333,-0.025683,0.400665,0.029627,0.915385,-215.495758,93.014648,96.475288
923,7.691667,-0.026329,0.400458,0.029133,0.915473,-215.492508,93.035011,96.491608
924,7.700000,-0.026746,0.400137,0.028530,0.915621,-215.491364,93.051765,96.506081
925,7.708333,-0.027371,0.399801,0.027864,0.915770,-215.491196,93.063118,96.519531
926,7.716667,-0.027776,0.399629,0.027779,0.915835,-215.488846,93.069687,96.535103
927,7.725000,-0.028055,0.399653,0.027833,0.915814,-215.488785,93.074867,96.551254
928,7.733333,-0.028370,0.399685,0.027919,0.915788,-215.491058,93.080399,96.567467
929,7.741667,-0.028699,0.399624,0.028068,0.915800,-215.493774,93.083359,96.582207
930,7.750000,-0.028960,0.399646,0.028183,0.915779,-215.494919,93.085136,96.604065
931,7.758333,-0.029052,0.399848,0.028304,0.915684,-215.496063,93.084457,96.624527
932,7.766667,-0.029043,0.399925,0.028530,0.915643,-215.495270,93.081062,96.643349
933,7.775000,-0.029060,0.400008,0.028686,0.915601,-215.497513,93.076157,96.660851
934,7.783333,-0.028994,0.400059,0.028805,0.915578,-215.499191,93.069984,96.676842
935,7.791667,-0.029232,0.400031,0.028918,0.915579,-215.501694,93.066498,96.694214
936,7.800000,-0.029350,0.399940,0.029039,0.915611,-215.501999,93.061264,96.709129
937,7.808333,-0.029296,0.399974,0.028955,0.915600,-215.501541,93.058098,96.724968
938,7.816667,-0.029394,0.399916,0.028948,0.915623,-215.502502,93.054871,96.739395
939,7.825000,-0.029501,0.399640,0.028511,0.915754,-215.505600,93.048767,96.760017
940,7.833333,-0.029272,0.399473,0.028188,0.915844,-215.506271,93.040703,96.776360
941,7.841667,-0.029230,0.399368,0.028148,0.915892,-215.506699,93.031158,96.789169
942,7.850000,-0.029223,0.399337,0.028217,0.915904,-215.507843,93.022064,96.800545
943,7.858333,-0.029248,0.399498,0.028115,0.915836,-215.510941,93.016556,96.812569
944,7.866667,-0.030004,0.399791,0.026317,0.915737,-215.512817,93.021408,96.829208
945,7.875000,-0.031507,0.400292,0.020905,0.915608,-215.521545,93.061134,96.851151
946,7.883333,-0.033350,0.401113,0.012531,0.915335,-215.534119,93.127144,96.884743
947,7.891667,-0.033795,0.400912,0.010916,0.915428,-215.537125,93.132965,96.889839
948,7.900000,-0.034229,0.400630,0.009819,0.915548,-215.537140,93.133537,96.885902
949,7.908333,-0.033828,0.400362,0.008716,0.915691,-215.536148,93.125221,96.887955
950,7.916667,-0.033480,0.400188,0.007846,0.915788,-215.535187,93.112831,96.893044
951,7.925000,-0.032707,0.400271,0.007706,0.915781,-215.531799,93.092606,96.902481
952,7.933333,-0.031945,0.400186,0.006617,0.915853,-215.530731,93.072083,96.908745
953,7.941667,-0.031436,0.400244,0.005990,0.915850,-215.528824,93.051682,96.916237
954,7.950000,-0.030951,0.400293,0.006005,0.915845,-215.526062,93.032661,96.927010
955,7.958333,-0.030668,0.400438,0.006204,0.915789,-215.525635,93.013649,96.937431
956,7.966667,-0.030259,0.400661,0.006351,0.915704,-215.528229,92.989227,96.952568
957,7.975000,-0.030306,0.400798,0.006250,0.915644,-215.535156,92.966698,96.964600
958,7.983333,-0.030227,0.400790,0.006085,0.915651,-215.543549,92.937737,96.973465
959,7.991667,-0.030059,0.400794,0.005966,0.915655,-215.553314,92.905449,96.979088
960,8.000000,-0.029186,0.402426,0.010240,0.914930,-215.551208,92.836761,97.010544
961,8.008333,-0.028261,0.402782,0.012955,0.914768,-215.557831,92.777527,97.022072
962,8.016667,-0.027397,0.402451,0.014346,0.914919,-215.568619,92.725304,97.025749
963,8.025000,-0.026458,0.402169,0.015393,0.915054,-215.577866,92.670036,97.027580
964,8.033333,-0.025865,0.401109,0.014299,0.915553,-215.592712,92.630112,97.024178
965,8.041667,-0.025336,0.400460,0.012992,0.915872,-215.597153,92.583664,97.026703
966,8.050000,-0.025038,0.400550,0.012645,0.915846,-215.590637,92.526390,97.030853
967,8.058333,-0.024876,0.400647,0.012471,0.915810,-215.584213,92.478233,97.034348
968,8.066667,-0.024863,0.400640,0.012009,0.915820,-215.581985,92.447090,97.036957
969,8.075000,-0.025252,0.400617,0.011758,0.915822,-215.581558,92.426109,97.033409
970,8.083333,-0.025624,0.400596,0.011564,0.915823,-215.582916,92.413879,97.029144
971,8.091667,-0.025760,0.400525,0.011306,0.915854,-215.584991,92.401833,97.028137
972,8.100000,-0.025698,0.400424,0.011216,0.915901,-215.586349,92.392120,97.029510
973,8.108333,-0.025499,0.400366,0.011178,0.915932,-215.586975,92.388870,97.035301
974,8.116667,-0.025424,0.400389,0.011382,0.915922,-215.586990,92.389175,97.034683
975,8.125000,-0.025485,0.400452,0.011420,0.915892,-215.585251,92.396370,97.032387
976,8.133333,-0.025515,0.400556,0.011449,0.915846,-215.581635,92.407158,97.028885
977,8.141667,-0.025560,0.400656,0.011577,0.915799,-215.578384,92.418945,97.026436
978,8.150000,-0.025521,0.400695,0.011647,0.915782,-215.577774,92.423500,97.024292
979,8.158333,-0.025860,0.400679,0.011495,0.915781,-215.579849,92.421135,97.023148
980,8.166667,-0.025828,0.400564,0.011323,0.915835,-215.582184,92.410759,97.026237
981,8.175000,-0.025561,0.400504,0.011057,0.915872,-215.584442,92.399803,97.030815
982,8.183333,-0.025323,0.400498,0.011121,0.915880,-215.586060,92.392883,97.034248
983,8.191667,-0.025344,0.400497,0.011297,0.915878,-215.587952,92.395653,97.033646
984,8.200000,-0.025365,0.400518,0.011601,0.915864,-215.587540,92.403069,97.031296
985,8.208333,-0.025444,0.400650,0.011392,0.915807,-215.584641,92.412003,97.031715
986,8.216667,-0.025297,0.400585,0.011185,0.915842,-215.579727,92.418053,97.029091
987,8.225000,-0.025211,0.400625,0.010924,0.915830,-215.574188,92.419388,97.027237
988,8.233333,-0.025282,0.400682,0.010567,0.915807,-215.570526,92.414711,97.027077
989,8.241667,-0.025197,0.400620,0.010479,0.915838,-215.566971,92.407265,97.027641
990,8.250000,-0.025002,0.400529,0.010019,0.915888,-215.564682,92.399002,97.029999
991,8.258333,-0.025061,0.400618,0.009587,0.915852,-215.558548,92.393456,97.028183
992,8.266667,-0.025196,0.400575,0.009527,0.915868,-215.552231,92.393555,97.024536
993,8.275000,-0.025199,0.400578,0.009064,0.915871,-215.544296,92.396141,97.019371
994,8.283333,-0.025490,0.400641,0.008807,0.915838,-215.537674,92.399010,97.009888
995,8.291667,-0.025809,0.400557,0.008237,0.915871,-215.529037,92.397385,96.994766
996,8.300000,-0.026589,0.400622,0.007140,0.915830,-215.521744,92.375229,96.974770
997,8.308333,-0.027714,0.400816,0.006343,0.915717,-215.513870,92.327217,96.948174
998,8.316667,-0.028539,0.400545,0.006281,0.915811,-215.507767,92.240341,96.915825
999,8.325000,-0.029285,0.399985,0.005594,0.916037,-215.492554,92.206039,96.915047
1000,8.333333,-0.029491,0.399917,0.004720,0.916065,-215.468414,92.185890,96.922424
1001,8.341667,-0.029043,0.400266,0.003076,0.915933,-215.454132,92.191673,96.942345
1002,8.350000,-0.028118,0.399929,0.002545,0.916111,-215.450195,92.203392,96.959015
1003,8.358333,-0.027078,0.399753,0.002737,0.916219,-215.447418,92.209702,96.981598
1004,8.366667,-0.025826,0.398778,0.002098,0.916681,-215.448456,92.211769,97.019508
1005,8.375000,-0.025082,0.398180,0.002323,0.916962,-215.456772,92.218536,97.055626
1006,8.383333,-0.022933,0.399059,0.004716,0.916626,-215.471817,92.203369,97.122612
1007,8.391667,-0.020635,0.399179,0.009006,0.916597,-215.519623,92.179192,97.202141
1008,8.400000,-0.015502,0.398719,0.024404,0.916617,-215.487289,92.052193,97.232788
1009,8.408333,-0.013946,0.401360,0.021880,0.915553,-215.479309,92.077408,97.338638
1010,8.416667,-0.013210,0.403908,0.016497,0.914556,-215.470154,92.132889,97.440063
1011,8.425000,-0.012784,0.404953,0.016500,0.914099,-215.460251,92.165413,97.521263
1012,8.433333,-0.011713,0.405801,0.017200,0.913724,-215.439102,92.175179,97.598831
1013,8.441667,-0.010175,0.406600,0.018398,0.913364,-215.418060,92.172478,97.677887
1014,8.450000,-0.006602,0.407070,0.028855,0.912917,-215.389221,92.092354,97.720810
1015,8.458333,-0.005935,0.409117,0.025637,0.912103,-215.405182,92.127213,97.793434
1016,8.466667,-0.006030,0.410949,0.022305,0.911365,-215.442612,92.170586,97.844681
1017,8.475000,-0.005526,0.412105,0.022135,0.910851,-215.471832,92.182632,97.871361
1018,8.483333,-0.005324,0.412954,0.023259,0.910439,-215.490509,92.183174,97.884331
1019,8.491667,-0.005200,0.413545,0.024071,0.910150,-215.501144,92.180466,97.890938
1020,8.500000,-0.005119,0.413947,0.024612,0.909954,-215.506241,92.176445,97.886879
1021,8.508333,-0.005198,0.413952,0.024307,0.909959,-215.504318,92.174240,97.869064
1022,8.516667,-0.005772,0.413979,0.023398,0.909968,-215.495010,92.174957,97.840332
1023,8.525000,-0.006815,0.413989,0.022256,0.909984,-215.479797,92.171570,97.800156
1024,8.533333,-0.008190,0.413753,0.020487,0.910122,-215.456299,92.162636,97.746422
1025,8.541667,-0.007749,0.412599,0.028186,0.910444,-215.419861,92.074844,97.656044
1026,8.550000,-0.008583,0.412609,0.026307,0.910488,-215.398529,92.050842,97.580872
1027,8.558333,-0.009661,0.413128,0.023211,0.910326,-215.396744,92.055016,97.513641
1028,8.566667,-0.010855,0.413208,0.019025,0.910373,-215.400940,92.080177,97.449913
1029,8.575000,-0.013532,0.413672,0.012704,0.910237,-215.414902,92.140701,97.403152
1030,8.583333,-0.016579,0.413924,0.011764,0.910084,-215.425079,92.172821,97.346672
1031,8.591667,-0.018605,0.414056,0.010697,0.909999,-215.430145,92.186104,97.298851
1032,8.600000,-0.019581,0.414127,0.010197,0.909952,-215.439178,92.187538,97.271973
1033,8.608333,-0.020178,0.414341,0.009926,0.909844,-215.453201,92.186150,97.256836
1034,8.616667,-0.020400,0.414481,0.009744,0.909777,-215.465683,92.183144,97.249435
1035,8.625000,-0.019826,0.413952,0.009012,0.910038,-215.474182,92.179764,97.261597
1036,8.633333,-0.018760,0.413596,0.008796,0.910225,-215.470428,92.178146,97.285660
1037,8.641667,-0.017743,0.413438,0.009082,0.910314,-215.462875,92.177101,97.314957
1038,8.650000,-0.016629,0.413295,0.009618,0.910395,-215.452789,92.177261,97.357727
1039,8.658333,-0.015204,0.413137,0.010058,0.910487,-215.444138,92.174461,97.408836
1040,8.666667,-0.013710,0.413328,0.010866,0.910414,-215.433029,92.163086,97.476746
1041,8.675000,-0.012509,0.413403,0.013679,0.910359,-215.438431,92.147255,97.552246
1042,8.683333,-0.008578,0.413150,0.024708,0.910287,-215.401077,92.063248,97.594490
1043,8.691667,-0.007802,0.412855,0.027688,0.910342,-215.403961,92.072876,97.662140
1044,8.700000,-0.007172,0.413360,0.027737,0.910117,-215.415604,92.094345,97.727142
1045,8.708333,-0.006833,0.413930,0.026095,0.909909,-215.437653,92.123680,97.782021
1046,8.716667,-0.006789,0.414126,0.023323,0.909895,-215.460022,92.159607,97.819077
1047,8.725000,-0.006273,0.413782,0.022454,0.910077,-215.471527,92.173096,97.835381
1048,8.733333,-0.006201,0.413541,0.022315,0.910191,-215.471573,92.178963,97.843742
1049,8.741667,-0.006197,0.413269,0.022210,0.910317,-215.465240,92.177925,97.842911
1050,8.750000,-0.006587,0.412818,0.022054,0.910523,-215.451294,92.173157,97.830772
1051,8.758333,-0.007009,0.412474,0.021593,0.910687,-215.432831,92.169037,97.810242
1052,8.766667,-0.008014,0.412214,0.020536,0.910820,-215.420883,92.167694,97.778122
1053,8.775000,-0.008828,0.412043,0.022494,0.910844,-215.408035,92.138626,97.730682
1054,8.783333,-0.009717,0.410889,0.026461,0.911249,-215.415115,92.089569,97.648201
1055,8.791667,-0.009151,0.410798,0.026739,0.911288,-215.406296,92.047775,97.581512
1056,8.800000,-0.009415,0.410937,0.024633,0.911282,-215.406540,92.040718,97.523842
1057,8.808333,-0.009516,0.410611,0.022542,0.911482,-215.401047,92.047485,97.471077
1058,8.816667,-0.010596,0.410657,0.019608,0.911517,-215.398270,92.069489,97.429367
1059,8.825000,-0.012810,0.411177,0.013875,0.911360,-215.401108,92.119919,97.409912
1060,8.833333,-0.014221,0.411262,0.010880,0.911341,-215.404373,92.148575,97.383705
1061,8.841667,-0.015873,0.411293,0.009281,0.911318,-215.407318,92.169693,97.360992
1062,8.850000,-0.016447,0.411267,0.008606,0.911326,-215.413147,92.177071,97.353989
1063,8.858333,-0.016533,0.411364,0.008492,0.911282,-215.423447,92.178940,97.361023
1064,8.866667,-0.016171,0.411381,0.008811,0.911278,-215.440582,92.178520,97.383125
1065,8.875000,-0.015703,0.411261,0.009336,0.911335,-215.458435,92.177811,97.414917
1066,8.883333,-0.015170,0.411122,0.010012,0.911399,-215.470093,92.174500,97.457680
1067,8.891667,-0.014203,0.410919,0.012544,0.911475,-215.489273,92.154816,97.510338
1068,8.900000,-0.012815,0.410929,0.013729,0.911474,-215.481995,92.145760,97.564522
1069,8.908333,-0.011410,0.410906,0.014820,0.911486,-215.465363,92.145660,97.621826
1070,8.916667,-0.007655,0.410305,0.024720,0.911581,-215.424301,92.064720,97.653923
1071,8.925000,-0.005886,0.410081,0.025493,0.911674,-215.400482,92.064575,97.701355
1072,8.933333,-0.005264,0.410361,0.024224,0.911586,-215.390015,92.083969,97.745552
1073,8.941667,-0.005574,0.410969,0.020585,0.911400,-215.394760,92.121414,97.784409
1074,8.950000,-0.006193,0.411120,0.018666,0.911369,-215.416672,92.143318,97.793289
1075,8.958333,-0.006922,0.411206,0.018401,0.911330,-215.439270,92.150322,97.785126
1076,8.966667,-0.007629,0.411228,0.018420,0.911315,-215.457153,92.146492,97.767570
1077,8.975000,-0.007908,0.411162,0.021602,0.911272,-215.455215,92.110855,97.733398
1078,8.983333,-0.008601,0.410730,0.022305,0.911444,-215.455124,92.091934,97.690956
1079,8.991667,-0.008556,0.410028,0.023913,0.911719,-215.445114,92.061531,97.632408
1080,9.000000,-0.008233,0.409909,0.024889,0.911750,-215.428207,92.035889,97.581253
1081,9.008333,-0.008406,0.409933,0.023313,0.911779,-215.411133,92.034760,97.536644
1082,9.016667,-0.008709,0.409699,0.021148,0.911934,-215.391083,92.045319,97.495865
1083,9.025000,-0.009757,0.409859,0.018051,0.911918,-215.371567,92.069397,97.470810
1084,9.033333,-0.011257,0.410343,0.012677,0.911774,-215.358871,92.115250,97.464577
1085,9.041667,-0.012487,0.410236,0.009046,0.911849,-215.350052,92.151169,97.454254
1086,9.050000,-0.013367,0.409865,0.006779,0.912023,-215.340515,92.173615,97.441467
1087,9.058333,-0.012852,0.409871,0.006259,0.912032,-215.327759,92.176285,97.453979
1088,9.066667,-0.012410,0.409830,0.005692,0.912060,-215.324371,92.179672,97.477295
1089,9.075000,-0.011632,0.409907,0.005337,0.912038,-215.323395,92.177895,97.510811
1090,9.083333,-0.010322,0.410404,0.006576,0.911822,-215.326050,92.163948,97.566818
1091,9.091667,-0.009406,0.410794,0.007996,0.911644,-215.339493,92.154213,97.612366
1092,9.100000,-0.006552,0.410574,0.020165,0.911581,-215.363388,92.056664,97.629135
1093,9.108333,-0.006932,0.410792,0.022811,0.911417,-215.407593,92.046997,97.649132
1094,9.116667,-0.007292,0.410871,0.024400,0.911338,-215.448334,92.042572,97.664337
1095,9.125000,-0.007905,0.411244,0.024352,0.911166,-215.480835,92.053253,97.678131
1096,9.133333,-0.008596,0.411678,0.022968,0.910999,-215.505981,92.070160,97.687057
1097,9.141667,-0.009674,0.412204,0.020099,0.910819,-215.526154,92.098213,97.688637
1098,9.150000,-0.010364,0.412359,0.018385,0.910777,-215.538101,92.109612,97.664742
1099,9.158333,-0.011022,0.412536,0.017194,0.910712,-215.539093,92.112755,97.629883
1100,9.166667,-0.012034,0.412699,0.015851,0.910650,-215.530304,92.118774,97.594963
1101,9.175000,-0.012853,0.412677,0.014825,0.910666,-215.519165,92.123146,97.567116
1102,9.183333,-0.013193,0.412667,0.013016,0.910693,-215.489929,92.134956,97.545265
1103,9.191667,-0.012758,0.412649,0.011808,0.910724,-215.458099,92.138802,97.539780
1104,9.200000,-0.012071,0.412698,0.009946,0.910734,-215.400101,92.147308,97.538445
1105,9.208333,-0.010837,0.412699,0.008537,0.910763,-215.345734,92.150475,97.552818
1106,9.216667,-0.009240,0.414318,0.010571,0.910024,-215.292221,92.127190,97.591316
1107,9.225000,-0.008476,0.415112,0.011272,0.909661,-215.259308,92.120743,97.618164
1108,9.233333,-0.008753,0.414336,0.008831,0.910039,-215.254456,92.141670,97.613640
1109,9.241667,-0.009134,0.413781,0.007295,0.910301,-215.259003,92.154541,97.598961
1110,9.250000,-0.009570,0.413912,0.007008,0.910240,-215.270020,92.157272,97.580719
1111,9.258333,-0.009671,0.415435,0.010558,0.909510,-215.283386,92.128273,97.572586
1112,9.266667,-0.010703,0.414939,0.009567,0.909736,-215.320282,92.139870,97.552971
1113,9.275000,-0.011963,0.414247,0.007970,0.910051,-215.366837,92.155258,97.534859
1114,9.283333,-0.012773,0.414064,0.007189,0.910130,-215.407150,92.164322,97.530746
1115,9.291667,-0.012533,0.413835,0.010984,0.910199,-215.466049,92.138168,97.554909
1116,9.300000,-0.012350,0.413830,0.012305,0.910187,-215.491348,92.134079,97.580956
1117,9.308333,-0.011816,0.413972,0.013483,0.910113,-215.504913,92.132736,97.615547
1118,9.316667,-0.010898,0.414371,0.014663,0.909925,-215.500687,92.128174,97.649986
1119,9.325000,-0.009554,0.414859,0.018261,0.909652,-215.491364,92.101463,97.677490
1120,9.333333,-0.008600,0.414519,0.020222,0.909775,-215.484100,92.082993,97.685143
1121,9.341667,-0.008043,0.414048,0.021507,0.909965,-215.475327,92.065865,97.678474
1122,9.350000,-0.006486,0.412917,0.026800,0.910351,-215.454132,92.008949,97.644676
1123,9.358333,-0.006547,0.412931,0.025123,0.910392,-215.430756,92.011139,97.633217
1124,9.366667,-0.006422,0.412633,0.024316,0.910550,-215.399261,92.008896,97.610489
1125,9.375000,-0.006772,0.412687,0.022552,0.910568,-215.367935,92.017899,97.585869
1126,9.383333,-0.007351,0.412584,0.020544,0.910658,-215.344620,92.036613,97.558083
1127,9.391667,-0.008388,0.412885,0.016809,0.910590,-215.327194,92.068527,97.546371
1128,9.400000,-0.009959,0.413375,0.011230,0.910437,-215.314911,92.117218,97.550873
1129,9.408333,-0.010547,0.413301,0.008810,0.910491,-215.305542,92.140427,97.551933
1130,9.416667,-0.010047,0.414128,0.010778,0.910099,-215.284561,92.128418,97.569260
1131,9.425000,-0.010501,0.415087,0.011993,0.909642,-215.278214,92.135780,97.582748
1132,9.433333,-0.012058,0.416356,0.014259,0.909010,-215.288803,92.155670,97.579384
1133,9.441667,-0.012428,0.415319,0.013059,0.909497,-215.329025,92.163269,97.589851
1134,9.450000,-0.012636,0.413409,0.011087,0.910390,-215.376831,92.169174,97.591629
1135,9.458333,-0.012767,0.412206,0.013030,0.910908,-215.447205,92.151817,97.606430
1136,9.466667,-0.013265,0.412184,0.013637,0.910902,-215.487854,92.150375,97.613884
1137,9.475000,-0.013569,0.412409,0.014708,0.910779,-215.513016,92.154701,97.627304
1138,9.483333,-0.013664,0.412713,0.015934,0.910619,-215.531540,92.152458,97.636131
1139,9.491667,-0.013821,0.413024,0.016400,0.910468,-215.533997,92.154602,97.633789
1140,9.500000,-0.013829,0.413043,0.016876,0.910450,-215.551666,92.151505,97.631966
1141,9.508333,-0.014201,0.412998,0.015967,0.910481,-215.539078,92.156288,97.617599
1142,9.516667,-0.014129,0.412678,0.016079,0.910626,-215.541794,92.154266,97.623543
1143,9.525000,-0.013908,0.412449,0.015433,0.910744,-215.523621,92.154907,97.623100
1144,9.533333,-0.013454,0.412552,0.014367,0.910721,-215.496475,92.152893,97.621132
1145,9.541667,-0.012941,0.412556,0.013770,0.910736,-215.465363,92.150917,97.614243
1146,9.550000,-0.012320,0.412593,0.013310,0.910735,-215.427277,92.147995,97.612289
1147,9.558333,-0.011778,0.412528,0.012084,0.910789,-215.371841,92.153847,97.606148
1148,9.566667,-0.011436,0.413457,0.012624,0.910364,-215.324265,92.148590,97.608360
1149,9.575000,-0.011599,0.414003,0.011736,0.910126,-215.294983,92.155579,97.595085
1150,9.583333,-0.012018,0.414273,0.011253,0.910004,-215.284149,92.161629,97.578377
1151,9.591667,-0.012135,0.414342,0.011197,0.909971,-215.279770,92.162964,97.570831
1152,9.600000,-0.011939,0.414297,0.011616,0.909989,-215.281921,92.158089,97.579941
1153,9.608333,-0.011694,0.414062,0.012090,0.910093,-215.294678,92.154030,97.590378
1154,9.616667,-0.011748,0.413768,0.012794,0.910217,-215.317657,92.150269,97.595833
1155,9.625000,-0.012039,0.412980,0.012202,0.910579,-215.354828,92.157326,97.600777
1156,9.633333,-0.011975,0.413574,0.014172,0.910282,-215.379089,92.145187,97.621468
1157,9.641667,-0.012490,0.413392,0.014629,0.910350,-215.432785,92.146263,97.638062
1158,9.650000,-0.012992,0.412856,0.014531,0.910588,-215.472366,92.150284,97.624870
1159,9.658333,-0.013680,0.412746,0.014563,0.910627,-215.497131,92.154884,97.610237
1160,9.666667,-0.013898,0.412961,0.014663,0.910525,-215.511017,92.155380,97.605309
1161,9.675000,-0.014029,0.413068,0.015294,0.910464,-215.517181,92.157127,97.611656
1162,9.683333,-0.013911,0.413186,0.015556,0.910407,-215.514191,92.155624,97.616920
1163,9.691667,-0.013689,0.413370,0.015117,0.910335,-215.504074,92.154785,97.616104
1164,9.700000,-0.013381,0.413389,0.014748,0.910337,-215.488297,92.152939,97.610565
1165,9.708333,-0.012896,0.413453,0.014519,0.910318,-215.465973,92.147949,97.616577
1166,9.716667,-0.012332,0.413173,0.014271,0.910457,-215.438034,92.145317,97.617744
1167,9.725000,-0.011210,0.413561,0.016417,0.910259,-215.379364,92.122360,97.612839
1168,9.733333,-0.010955,0.413680,0.015669,0.910222,-215.341446,92.125610,97.610321
1169,9.741667,-0.011355,0.413910,0.013601,0.910145,-215.320129,92.140663,97.601059
1170,9.750000,-0.011587,0.413998,0.012949,0.910112,-215.305206,92.145866,97.589470
1171,9.758333,-0.011698,0.414098,0.012737,0.910068,-215.298035,92.148247,97.583916
1172,9.766667,-0.011661,0.414079,0.012941,0.910074,-215.301163,92.149010,97.584000
1173,9.775000,-0.012949,0.415157,0.015219,0.909531,-215.309006,92.160408,97.576103
1174,9.783333,-0.013162,0.416376,0.015964,0.908957,-215.317841,92.159561,97.568382
1175,9.791667,-0.012759,0.416785,0.015686,0.908780,-215.343567,92.154434,97.576218
1176,9.800000,-0.012056,0.416338,0.016153,0.908987,-215.375778,92.133385,97.590843
1177,9.808333,-0.011639,0.414975,0.015923,0.909619,-215.423035,92.120346,97.601646
1178,9.816667,-0.011877,0.414153,0.012878,0.910039,-215.461044,92.134888,97.609207
1179,9.825000,-0.012030,0.413822,0.012168,0.910197,-215.478516,92.137917,97.605042
1180,9.833333,-0.012116,0.413617,0.011888,0.910293,-215.486450,92.140541,97.604492
1181,9.841667,-0.012125,0.413726,0.012017,0.910241,-215.484833,92.138481,97.603699
1182,9.850000,-0.011785,0.413642,0.012522,0.910277,-215.475937,92.131485,97.604958
1183,9.858333,-0.011807,0.413878,0.011759,0.910180,-215.464737,92.137253,97.608734
1184,9.866667,-0.011275,0.414024,0.011734,0.910121,-215.443420,92.131882,97.614761
1185,9.875000,-0.010606,0.413761,0.011339,0.910253,-215.413788,92.127579,97.617355
1186,9.883333,-0.009414,0.414073,0.013857,0.910090,-215.361862,92.103310,97.608749
1187,9.891667,-0.009196,0.414290,0.013641,0.909996,-215.332550,92.101944,97.599289
1188,9.900000,-0.009422,0.414379,0.012444,0.909971,-215.316193,92.109772,97.593536
1189,9.908333,-0.009537,0.414440,0.011778,0.909950,-215.307236,92.115089,97.588730
1190,9.916667,-0.009683,0.414483,0.011528,0.909933,-215.306473,92.118088,97.587250
1191,9.925000,-0.009739,0.414535,0.011487,0.909909,-215.312836,92.117889,97.590469
1192,9.933333,-0.009856,0.414676,0.011780,0.909839,-215.331238,92.117874,97.600296
1193,9.941667,-0.009903,0.414823,0.012355,0.909765,-215.351913,92.114487,97.609619
1194,9.950000,-0.009991,0.413793,0.014019,0.910208,-215.405029,92.101639,97.607361
1195,9.958333,-0.010813,0.413809,0.012635,0.910212,-215.442490,92.117096,97.616356
1196,9.966667,-0.011254,0.413690,0.012607,0.910261,-215.467743,92.125168,97.610107
1197,9.975000,-0.011775,0.413667,0.012610,0.910265,-215.481018,92.129990,97.604332
1198,9.983333,-0.011956,0.413690,0.012816,0.910249,-215.486221,92.132584,97.607750
1199,9.991667,-0.011711,0.413755,0.013096,0.910219,-215.484146,92.130432,97.610107
1200,10.000000,-0.011665,0.413867,0.012830,0.910172,-215.476349,92.128510,97.607414
1201,10.008333,-0.011111,0.414040,0.012879,0.910100,-215.456970,92.121986,97.613983
1202,10.016667,-0.010556,0.413984,0.012802,0.910133,-215.436081,92.118439,97.617485
1203,10.025000,-0.007585,0.412644,0.022367,0.910586,-215.384323,92.028061,97.577194
1204,10.033333,-0.007079,0.412962,0.022660,0.910439,-215.357758,92.021133,97.577408
1205,10.041667,-0.007016,0.413058,0.022723,0.910394,-215.343933,92.022148,97.572777
1206,10.050000,-0.006888,0.412929,0.023106,0.910444,-215.336304,92.019592,97.571281
1207,10.058333,-0.006865,0.413004,0.023241,0.910407,-215.336578,92.018524,97.570488
1208,10.066667,-0.007023,0.413064,0.023454,0.910373,-215.344589,92.017273,97.573196
1209,10.075000,-0.007252,0.413150,0.023630,0.910327,-215.361267,92.018127,97.577705
1210,10.083333,-0.007580,0.413144,0.024198,0.910313,-215.385361,92.017548,97.581932
1211,10.091667,-0.008051,0.413288,0.023882,0.910252,-215.404221,92.023651,97.588608
1212,10.100000,-0.008311,0.413029,0.024362,0.910354,-215.416550,92.021652,97.585457
1213,10.108333,-0.008339,0.413108,0.024530,0.910314,-215.422867,92.018524,97.581665
1214,10.116667,-0.008199,0.413207,0.024617,0.910267,-215.421112,92.018066,97.579865
1215,10.125000,-0.008019,0.413204,0.023883,0.910290,-215.412216,92.023346,97.584328
1216,10.133333,-0.007741,0.412980,0.023451,0.910405,-215.394852,92.023285,97.582748
1217,10.141667,-0.007279,0.413038,0.022918,0.910397,-215.371704,92.022362,97.581795
1218,10.150000,-0.007236,0.413123,0.021511,0.910393,-215.355270,92.032417,97.578568
1219,10.158333,-0.007258,0.412970,0.021262,0.910467,-215.343887,92.033745,97.574646
1220,10.166667,-0.007083,0.412909,0.021511,0.910490,-215.339325,92.029526,97.570862
1221,10.175000,-0.007027,0.412915,0.021790,0.910482,-215.341995,92.029823,97.571320
1222,10.183333,-0.007327,0.412962,0.022104,0.910451,-215.352539,92.027214,97.574005
1223,10.191667,-0.007668,0.412970,0.022631,0.910431,-215.371185,92.025360,97.580894
1224,10.200000,-0.007472,0.412304,0.023379,0.910716,-215.383453,92.021568,97.575394
1225,10.208333,-0.007398,0.412309,0.024007,0.910698,-215.391159,92.016586,97.574318
1226,10.216667,-0.007463,0.412739,0.024355,0.910493,-215.393738,92.013176,97.575333
1227,10.225000,-0.007287,0.412345,0.024320,0.910674,-215.385956,92.013489,97.570450
1228,10.233333,-0.006884,0.412751,0.024157,0.910497,-215.371674,92.013191,97.578888
1229,10.241667,-0.006619,0.412780,0.023844,0.910495,-215.352814,92.012474,97.575172
1230,10.250000,-0.006561,0.412777,0.023513,0.910505,-215.338181,92.014442,97.569351
1231,10.258333,-0.006541,0.412700,0.023248,0.910547,-215.329391,92.015038,97.565773
1232,10.266667,-0.006529,0.412703,0.023177,0.910547,-215.327042,92.017075,97.563553
1233,10.275000,-0.006691,0.412708,0.023052,0.910547,-215.331558,92.017540,97.563599
1234,10.283333,-0.006947,0.412789,0.023081,0.910508,-215.345291,92.017395,97.566895
1235,10.291667,-0.007238,0.412837,0.023306,0.910478,-215.363724,92.018814,97.573875
1236,10.300000,-0.007544,0.412249,0.023701,0.910732,-215.381927,92.017960,97.569038
1237,10.308333,-0.007543,0.412670,0.024097,0.910530,-215.394684,92.015846,97.574707
1238,10.316667,-0.007642,0.412876,0.024376,0.910429,-215.399857,92.013077,97.577705
1239,10.325000,-0.007412,0.412868,0.024432,0.910433,-215.397568,92.011246,97.579994
1240,10.333333,-0.007115,0.412791,0.024325,0.910473,-215.388351,92.009743,97.581291
1241,10.341667,-0.006768,0.412911,0.024029,0.910429,-215.373016,92.011497,97.586151
1242,10.350000,-0.006641,0.412873,0.023913,0.910450,-215.361618,92.011436,97.582664
1243,10.358333,-0.006800,0.412867,0.023674,0.910458,-215.358154,92.010895,97.579514
1244,10.366667,-0.007002,0.412935,0.023591,0.910428,-215.361404,92.012695,97.581192
1245,10.375000,-0.007258,0.412320,0.023684,0.910702,-215.373306,92.013397,97.571304
1246,10.383333,-0.007407,0.412742,0.023850,0.910506,-215.384674,92.015053,97.580925
1247,10.391667,-0.007533,0.412725,0.024071,0.910506,-215.389771,92.016510,97.579765
1248,10.400000,-0.007553,0.412356,0.024014,0.910675,-215.387009,92.017159,97.571922
1249,10.408333,-0.007397,0.412373,0.023773,0.910675,-215.379166,92.017410,97.571251
1250,10.416667,-0.007204,0.412832,0.023430,0.910477,-215.365555,92.016968,97.577057
1251,10.425000,-0.007326,0.412937,0.021854,0.910468,-215.357178,92.028824,97.577354
1252,10.433333,-0.008106,0.413208,0.018688,0.910409,-215.356964,92.056175,97.584763
1253,10.441667,-0.008976,0.413729,0.015884,0.910217,-215.360641,92.082520,97.595787
1254,10.450000,-0.009853,0.413664,0.013263,0.910280,-215.382294,92.104927,97.603516
1255,10.458333,-0.010379,0.413530,0.011754,0.910356,-215.407013,92.122452,97.607994
1256,10.466667,-0.010490,0.413372,0.011808,0.910425,-215.419312,92.123863,97.606224
1257,10.475000,-0.010586,0.413386,0.012058,0.910415,-215.423660,92.123550,97.607475
1258,10.483333,-0.010486,0.413527,0.012032,0.910352,-215.418961,92.122192,97.609108
1259,10.491667,-0.010309,0.413587,0.011922,0.910328,-215.405655,92.119072,97.609993
1260,10.500000,-0.007802,0.412387,0.021104,0.910731,-215.371109,92.034027,97.570808
1261,10.508333,-0.007621,0.412741,0.021874,0.910554,-215.366394,92.026695,97.574356
1262,10.516667,-0.007878,0.413031,0.020591,0.910450,-215.371521,92.039856,97.585312
1263,10.525000,-0.007821,0.412834,0.021092,0.910529,-215.382904,92.035629,97.582748
1264,10.533333,-0.007373,0.412711,0.022710,0.910549,-215.385406,92.021393,97.578278
1265,10.541667,-0.007124,0.412314,0.023630,0.910708,-215.380386,92.013092,97.571815
1266,10.550000,-0.007139,0.412896,0.022774,0.910465,-215.372284,92.019485,97.582687
1267,10.558333,-0.007085,0.412833,0.022592,0.910499,-215.362640,92.020897,97.579536
1268,10.566667,-0.006819,0.412635,0.023321,0.910572,-215.357971,92.013229,97.574326
1269,10.575000,-0.006989,0.412797,0.022751,0.910512,-215.362289,92.017830,97.577126
1270,10.583333,-0.007037,0.412698,0.023521,0.910537,-215.370255,92.013481,97.575951
1271,10.591667,-0.006878,0.411995,0.024929,0.910819,-215.373993,92.001381,97.564789
1272,10.600000,-0.006493,0.412376,0.025941,0.910621,-215.373367,91.992149,97.568802
1273,10.608333,-0.006272,0.412706,0.025365,0.910490,-215.367630,91.995232,97.577652
1274,10.616667,-0.005953,0.412385,0.026080,0.910617,-215.367645,91.986732,97.570351
1275,10.625000,-0.006135,0.412328,0.026585,0.910627,-215.374252,91.982788,97.574242
1276,10.633333,-0.006455,0.411948,0.025569,0.910826,-215.376419,91.992744,97.571800
1277,10.641667,-0.006332,0.411967,0.025386,0.910823,-215.374329,91.995911,97.571198
1278,10.650000,-0.006450,0.411992,0.025293,0.910814,-215.374283,91.996452,97.568466
1279,10.658333,-0.006468,0.411934,0.025156,0.910843,-215.372437,91.997665,97.568596
1280,10.666667,-0.006528,0.411975,0.025087,0.910826,-215.373901,91.998634,97.569069
1281,10.675000,-0.006588,0.411927,0.024933,0.910852,-215.372818,91.998848,97.567436
1282,10.683333,-0.006511,0.411922,0.024904,0.910855,-215.370697,91.999588,97.566490
1283,10.691667,-0.006681,0.412572,0.024993,0.910558,-215.371231,91.999802,97.578339
1284,10.700000,-0.006484,0.412713,0.025108,0.910492,-215.369751,91.999619,97.579803
1285,10.708333,-0.006418,0.412050,0.025047,0.910795,-215.370270,91.999237,97.567627
1286,10.716667,-0.006400,0.411965,0.024985,0.910835,-215.370972,91.998062,97.566353
1287,10.725000,-0.006190,0.412256,0.026024,0.910675,-215.371964,91.989143,97.571449
1288,10.733333,-0.006501,0.412026,0.025069,0.910804,-215.372726,91.996437,97.567192
1289,10.741667,-0.006265,0.411950,0.025175,0.910837,-215.373657,91.996956,97.567352
1290,10.750000,-0.006283,0.411998,0.025123,0.910817,-215.375275,91.998253,97.567352
1291,10.758333,-0.006456,0.411978,0.025109,0.910825,-215.376373,91.998375,97.567818
1292,10.766667,-0.006255,0.412342,0.026008,0.910636,-215.377975,91.990402,97.573196
1293,10.775000,-0.006412,0.412093,0.025209,0.910770,-215.379837,91.997116,97.569763
1294,10.783333,-0.006362,0.412029,0.025212,0.910800,-215.380676,91.996613,97.569206
