Format Version,1.25,Take Name,Take 2025-11-27 04.51.06 PM,Take Notes,,Capture Frame Rate,120.000000,Export Frame Rate,120.000000,Capture Start Time,2025-11-27 04.51.07.625 PM,Capture Start Frame,2502659,Total Frames in Take,1246,Total Exported Frames,1246,Rotation Type,Quaternion,Length Units,Centimeters,Coordinate Space,Global

,Type,Rigid Body,Rigid Body,Rigid Body,Rigid Body,Rigid Body,Rigid Body,Rigid Body
,Name,SEE_large,SEE_large,SEE_large,SEE_large,SEE_large,SEE_large,SEE_large
,ID,B4680608301811F031C44B617C10C291,B4680608301811F031C44B617C10C291,B4680608301811F031C44B617C10C291,B4680608301811F031C44B617C10C291,B4680608301811F031C44B617C10C291,B4680608301811F031C44B617C10C291,B4680608301811F031C44B617C10C291
,Parent,,,,,,,
,,Rotation,Rotation,Rotation,Rotation,Position,Position,Position
Frame,Time (Seconds),X,Y,Z,W,X,Y,Z
0,0.000000,-0.008771,0.395280,0.012259,0.918437,-215.852982,92.157074,83.976990
1,0.008333,-0.008795,0.395347,0.012360,0.918406,-215.856903,92.158058,83.975151
2,0.016667,-0.009156,0.395370,0.012354,0.918393,-215.860748,92.157013,83.973061
3,0.025000,-0.009181,0.395499,0.012336,0.918338,-215.865570,92.155396,83.971451
4,0.033333,-0.009052,0.395496,0.012280,0.918341,-215.868118,92.153900,83.971436
5,0.041667,-0.009008,0.395441,0.012326,0.918364,-215.868622,92.155113,83.975052
6,0.050000,-0.009195,0.395350,0.012518,0.918399,-215.868195,92.156097,83.980148
7,0.058333,-0.009103,0.395376,0.012477,0.918389,-215.866806,92.156609,83.984116
8,0.066667,-0.009215,0.395322,0.012498,0.918412,-215.866058,92.157494,83.985367
9,0.075000,-0.009261,0.395304,0.012498,0.918419,-215.864517,92.157875,83.987862
10,0.083333,-0.009328,0.395257,0.012456,0.918439,-215.861923,92.156761,83.989212
11,0.091667,-0.009209,0.395221,0.012527,0.918455,-215.859573,92.157890,83.990356
12,0.100000,-0.009126,0.395208,0.012446,0.918462,-215.856888,92.158058,83.991379
13,0.108333,-0.009078,0.395165,0.012564,0.918479,-215.854645,92.160568,83.992859
14,0.116667,-0.008904,0.395127,0.012378,0.918500,-215.851120,92.160172,83.994072
15,0.125000,-0.008786,0.395131,0.012267,0.918501,-215.849716,92.160385,83.992676
16,0.133333,-0.008651,0.395204,0.012428,0.918469,-215.850662,92.161667,83.990166
17,0.141667,-0.008572,0.395226,0.012479,0.918459,-215.851501,92.161964,83.987907
18,0.150000,-0.008759,0.395226,0.012470,0.918457,-215.854004,92.160957,83.984703
19,0.158333,-0.009008,0.395218,0.012446,0.918459,-215.855713,92.157875,83.981064
20,0.166667,-0.009213,0.395267,0.012469,0.918436,-215.859467,92.156807,83.978989
21,0.175000,-0.009057,0.395326,0.012470,0.918411,-215.862274,92.155846,83.977226
22,0.183333,-0.009221,0.395351,0.012507,0.918399,-215.864395,92.154648,83.976044
23,0.191667,-0.009074,0.395436,0.012396,0.918365,-215.866119,92.153976,83.977097
24,0.200000,-0.009090,0.395345,0.012407,0.918404,-215.865280,92.154221,83.979454
25,0.208333,-0.009189,0.395265,0.012476,0.918437,-215.864182,92.154892,83.982857
26,0.216667,-0.009163,0.395261,0.012447,0.918439,-215.862457,92.155960,83.984909
27,0.225000,-0.009163,0.395241,0.012539,0.918446,-215.861099,92.157005,83.986397
28,0.233333,-0.009139,0.395251,0.012488,0.918443,-215.860107,92.158089,83.988312
29,0.241667,-0.009071,0.395207,0.012615,0.918461,-215.859177,92.159470,83.989868
30,0.250000,-0.009028,0.395144,0.012616,0.918488,-215.857010,92.159363,83.991798
31,0.258333,-0.009007,0.395149,0.012640,0.918486,-215.855103,92.160255,83.992790
32,0.266667,-0.008969,0.395081,0.012652,0.918515,-215.853760,92.161331,83.992928
33,0.275000,-0.008850,0.395251,0.012488,0.918446,-215.855026,92.160500,83.991394
34,0.283333,-0.008680,0.395347,0.012585,0.918405,-215.856293,92.161850,83.989647
35,0.291667,-0.008242,0.395490,0.012570,0.918347,-215.858551,92.162514,83.988106
36,0.300000,-0.007251,0.395676,0.012800,0.918272,-215.862457,92.168274,83.987411
37,0.308333,-0.006036,0.395958,0.013392,0.918151,-215.866516,92.174469,83.989670
38,0.316667,-0.005009,0.396015,0.013572,0.918130,-215.869598,92.178383,83.990204
39,0.325000,-0.004559,0.396052,0.013740,0.918114,-215.872437,92.178230,83.989830
40,0.333333,-0.004523,0.396055,0.013721,0.918113,-215.874130,92.178375,83.988014
41,0.341667,-0.004699,0.396069,0.013724,0.918106,-215.874191,92.178246,83.987877
42,0.350000,-0.004676,0.396016,0.013711,0.918130,-215.872437,92.177811,83.990868
43,0.358333,-0.004792,0.395957,0.013789,0.918153,-215.870422,92.179893,83.994949
44,0.366667,-0.004765,0.395875,0.013859,0.918187,-215.867691,92.180771,83.997856
45,0.375000,-0.004744,0.395848,0.013925,0.918198,-215.865738,92.182182,83.999199
46,0.383333,-0.004719,0.395801,0.013915,0.918219,-215.864090,92.183456,84.001961
47,0.391667,-0.004591,0.395821,0.013811,0.918213,-215.862534,92.184380,84.004509
48,0.400000,-0.004500,0.395809,0.013764,0.918219,-215.861557,92.183212,84.006256
49,0.408333,-0.004618,0.395829,0.013618,0.918212,-215.861465,92.184601,84.008530
50,0.416667,-0.004610,0.395786,0.013558,0.918231,-215.860870,92.183434,84.008156
51,0.425000,-0.004557,0.395868,0.013591,0.918196,-215.862411,92.183830,84.006378
52,0.433333,-0.004495,0.395876,0.013682,0.918191,-215.863556,92.182755,84.002647
53,0.441667,-0.004541,0.395912,0.013735,0.918175,-215.865875,92.183044,84.000198
54,0.450000,-0.004573,0.395902,0.013841,0.918177,-215.867325,92.181610,83.997345
55,0.458333,-0.004691,0.395915,0.013808,0.918171,-215.869232,92.180809,83.994713
56,0.466667,-0.004573,0.396015,0.013737,0.918130,-215.870026,92.179230,83.990417
57,0.475000,-0.004408,0.396091,0.013500,0.918101,-215.871948,92.177605,83.986488
58,0.483333,-0.004447,0.396171,0.013587,0.918065,-215.872665,92.177979,83.985703
59,0.491667,-0.004391,0.396125,0.013604,0.918085,-215.870590,92.178383,83.986862
60,0.500000,-0.004414,0.396073,0.013678,0.918107,-215.867828,92.179420,83.988503
61,0.508333,-0.004567,0.395983,0.013882,0.918141,-215.866257,92.179916,83.990089
62,0.516667,-0.004672,0.395988,0.013937,0.918138,-215.865829,92.181305,83.992195
63,0.525000,-0.004795,0.395939,0.014010,0.918157,-215.865570,92.182808,83.994751
64,0.533333,-0.004872,0.395982,0.013992,0.918139,-215.867523,92.183754,83.998535
65,0.541667,-0.004926,0.396013,0.014306,0.918120,-215.873886,92.184280,84.000824
66,0.550000,-0.004848,0.396057,0.014578,0.918097,-215.885620,92.184647,84.005318
67,0.558333,-0.005032,0.396119,0.015100,0.918061,-215.899780,92.183296,84.006119
68,0.566667,-0.005187,0.396228,0.015282,0.918010,-215.916031,92.180847,84.007484
69,0.575000,-0.005589,0.396080,0.014698,0.918081,-215.938354,92.187408,84.005852
70,0.583333,-0.005936,0.395650,0.015079,0.918258,-215.958313,92.189827,84.009819
71,0.591667,-0.006014,0.395551,0.015219,0.918298,-215.972763,92.191643,84.012154
72,0.600000,-0.006333,0.395383,0.015274,0.918368,-215.984207,92.196075,84.008888
73,0.608333,-0.006528,0.395166,0.015248,0.918460,-215.992706,92.199913,84.005783
74,0.616667,-0.006588,0.394940,0.015229,0.918557,-215.998260,92.203178,84.002213
75,0.625000,-0.006643,0.394860,0.015162,0.918592,-216.003387,92.207954,83.999390
76,0.633333,-0.006752,0.394718,0.015173,0.918652,-216.007538,92.211021,83.997383
77,0.641667,-0.006792,0.394767,0.015090,0.918632,-216.010910,92.213066,83.997612
78,0.650000,-0.006970,0.394760,0.015203,0.918632,-216.018158,92.215569,83.999847
79,0.658333,-0.006831,0.394739,0.017002,0.918610,-216.048431,92.203285,84.011932
80,0.666667,-0.006728,0.394644,0.017481,0.918643,-216.063187,92.201645,84.019310
81,0.675000,-0.006436,0.394808,0.018134,0.918562,-216.074081,92.198303,84.026161
82,0.683333,-0.006295,0.394877,0.018230,0.918532,-216.085007,92.198967,84.034149
83,0.691667,-0.006182,0.394950,0.018525,0.918495,-216.096191,92.196831,84.038750
84,0.700000,-0.006690,0.394778,0.017836,0.918579,-216.100006,92.206444,84.034683
85,0.708333,-0.007129,0.394561,0.016906,0.918686,-216.107346,92.218353,84.031563
86,0.716667,-0.007821,0.394310,0.015963,0.918805,-216.118317,92.230072,84.027687
87,0.725000,-0.008536,0.394194,0.015444,0.918858,-216.130875,92.240555,84.019493
88,0.733333,-0.009002,0.394054,0.015123,0.918919,-216.146973,92.246094,84.013680
89,0.741667,-0.009152,0.394198,0.015749,0.918845,-216.163208,92.243515,84.011292
90,0.750000,-0.009275,0.394248,0.016347,0.918812,-216.178925,92.242401,84.014053
91,0.758333,-0.009392,0.394435,0.016914,0.918720,-216.194397,92.241768,84.016960
92,0.766667,-0.009438,0.394612,0.017399,0.918634,-216.208023,92.242752,84.017899
93,0.775000,-0.009329,0.394659,0.017959,0.918605,-216.219421,92.242020,84.018280
94,0.783333,-0.009385,0.394741,0.018111,0.918566,-216.228989,92.241570,84.018204
95,0.791667,-0.009436,0.394790,0.018285,0.918541,-216.234344,92.241440,84.016830
96,0.800000,-0.009717,0.394692,0.018578,0.918574,-216.236404,92.242188,84.016861
97,0.808333,-0.009615,0.394753,0.018492,0.918551,-216.236206,92.241684,84.015808
98,0.816667,-0.009817,0.394773,0.018468,0.918541,-216.239304,92.242950,84.016563
99,0.825000,-0.009877,0.394764,0.018602,0.918541,-216.245224,92.243065,84.016823
100,0.833333,-0.009956,0.394697,0.018563,0.918570,-216.255707,92.244377,84.018257
101,0.841667,-0.010048,0.394653,0.019098,0.918577,-216.268661,92.248230,84.020737
102,0.850000,-0.010273,0.394727,0.019398,0.918536,-216.282578,92.249893,84.021149
103,0.858333,-0.010608,0.394788,0.019578,0.918502,-216.299515,92.251152,84.022163
104,0.866667,-0.011023,0.394698,0.019863,0.918530,-216.317276,92.250404,84.021889
105,0.875000,-0.012039,0.394632,0.021369,0.918512,-216.336685,92.257050,84.023254
106,0.883333,-0.012704,0.394697,0.022786,0.918441,-216.355484,92.260468,84.022621
107,0.891667,-0.012800,0.394832,0.023335,0.918368,-216.373032,92.259445,84.021133
108,0.900000,-0.012645,0.395086,0.023797,0.918249,-216.389328,92.257355,84.017738
109,0.908333,-0.012674,0.395111,0.024470,0.918220,-216.401489,92.254379,84.016602
110,0.916667,-0.012586,0.395080,0.024916,0.918222,-216.410355,92.250633,84.016632
111,0.925000,-0.012549,0.395030,0.025335,0.918233,-216.417862,92.247536,84.017685
112,0.933333,-0.012722,0.394965,0.025794,0.918246,-216.424011,92.247375,84.016731
113,0.941667,-0.012761,0.394871,0.025968,0.918281,-216.429260,92.246872,84.016609
114,0.950000,-0.012677,0.394960,0.025893,0.918246,-216.432861,92.246323,84.015198
115,0.958333,-0.012754,0.395085,0.025812,0.918193,-216.434219,92.247673,84.014771
116,0.966667,-0.012866,0.395271,0.025704,0.918115,-216.431015,92.249191,84.015724
117,0.975000,-0.012926,0.395444,0.025560,0.918044,-216.425842,92.250511,84.015976
118,0.983333,-0.012763,0.395576,0.025400,0.917993,-216.419678,92.250931,84.018349
119,0.991667,-0.012770,0.395810,0.025278,0.917896,-216.416748,92.252411,84.019577
120,1.000000,-0.012703,0.396010,0.025198,0.917813,-216.417480,92.253838,84.022003
121,1.008333,-0.012690,0.396197,0.025103,0.917735,-216.420456,92.255310,84.026459
122,1.016667,-0.012713,0.396175,0.025245,0.917740,-216.426178,92.256142,84.027153
123,1.025000,-0.012540,0.396263,0.025361,0.917701,-216.429260,92.254944,84.029099
124,1.033333,-0.012335,0.396281,0.025530,0.917692,-216.431778,92.253868,84.029663
125,1.041667,-0.012368,0.396348,0.025635,0.917659,-216.431564,92.252663,84.029678
126,1.050000,-0.012405,0.396335,0.025748,0.917661,-216.432114,92.250854,84.029144
127,1.058333,-0.012336,0.396324,0.025727,0.917667,-216.431381,92.250671,84.028969
128,1.066667,-0.012333,0.396332,0.025828,0.917661,-216.432068,92.250946,84.026222
129,1.075000,-0.012392,0.396356,0.025894,0.917648,-216.430695,92.251686,84.023788
130,1.083333,-0.012439,0.396409,0.025755,0.917629,-216.428726,92.250900,84.021301
131,1.091667,-0.012544,0.396358,0.025577,0.917654,-216.428513,92.249855,84.019226
132,1.100000,-0.012710,0.396415,0.025628,0.917626,-216.426682,92.251846,84.018669
133,1.108333,-0.012707,0.396355,0.025675,0.917650,-216.427902,92.252258,84.016930
134,1.116667,-0.012527,0.396436,0.025543,0.917622,-216.431091,92.254417,84.018814
135,1.125000,-0.012425,0.396494,0.025654,0.917595,-216.433121,92.254211,84.021271
136,1.133333,-0.012439,0.396534,0.025765,0.917574,-216.434067,92.254768,84.023338
137,1.141667,-0.012451,0.396605,0.025854,0.917541,-216.433624,92.254242,84.025017
138,1.150000,-0.012454,0.396682,0.025953,0.917505,-216.432571,92.253159,84.026871
139,1.158333,-0.012523,0.396637,0.026068,0.917520,-216.433899,92.251244,84.028366
140,1.166667,-0.012480,0.396682,0.025987,0.917504,-216.438126,92.251411,84.030304
141,1.175000,-0.012486,0.396614,0.026079,0.917530,-216.442581,92.251129,84.030663
142,1.183333,-0.012381,0.396631,0.026027,0.917526,-216.445129,92.250290,84.032204
143,1.191667,-0.012356,0.396643,0.026001,0.917521,-216.446716,92.248795,84.031364
144,1.200000,-0.012438,0.396667,0.026071,0.917508,-216.447144,92.248207,84.030159
145,1.208333,-0.012331,0.396672,0.026108,0.917506,-216.446045,92.250099,84.027611
146,1.216667,-0.012294,0.396666,0.026018,0.917512,-216.445404,92.251961,84.026443
147,1.225000,-0.012310,0.396599,0.026026,0.917541,-216.444397,92.252014,84.024338
148,1.233333,-0.012441,0.396638,0.026032,0.917521,-216.442657,92.251320,84.021957
149,1.241667,-0.012497,0.396706,0.025948,0.917494,-216.443512,92.250534,84.020821
150,1.250000,-0.012509,0.396718,0.025857,0.917491,-216.444824,92.250389,84.020325
151,1.258333,-0.012418,0.396762,0.025798,0.917475,-216.442902,92.250481,84.020226
152,1.266667,-0.012441,0.396735,0.025890,0.917484,-216.441650,92.251228,84.020279
153,1.275000,-0.012484,0.396683,0.026036,0.917502,-216.439087,92.251083,84.021500
154,1.283333,-0.012504,0.396764,0.025930,0.917469,-216.438156,92.250244,84.022987
155,1.291667,-0.012458,0.396821,0.025868,0.917447,-216.440826,92.250290,84.025101
156,1.300000,-0.012446,0.396804,0.025951,0.917452,-216.444107,92.250755,84.026550
157,1.308333,-0.012260,0.396861,0.025991,0.917429,-216.446609,92.250443,84.028175
158,1.316667,-0.012263,0.396913,0.026052,0.917405,-216.449783,92.249207,84.028389
159,1.325000,-0.012357,0.396931,0.026036,0.917396,-216.452621,92.249474,84.029541
160,1.333333,-0.012483,0.396955,0.026009,0.917385,-216.454391,92.249405,84.030205
161,1.341667,-0.012406,0.396926,0.026061,0.917397,-216.456192,92.248856,84.030441
162,1.350000,-0.012382,0.396907,0.025957,0.917408,-216.458588,92.249878,84.029442
163,1.358333,-0.012483,0.396938,0.025871,0.917396,-216.459412,92.250389,84.027206
164,1.366667,-0.012552,0.396940,0.025823,0.917395,-216.458176,92.251526,84.024414
165,1.375000,-0.012577,0.396929,0.025901,0.917398,-216.455261,92.251144,84.023666
166,1.383333,-0.012531,0.396917,0.025979,0.917401,-216.451553,92.250999,84.022850
167,1.391667,-0.012449,0.396886,0.026088,0.917413,-216.449051,92.251427,84.021454
168,1.400000,-0.012443,0.396860,0.026086,0.917424,-216.446976,92.251778,84.021088
169,1.408333,-0.012499,0.396926,0.026244,0.917390,-216.445129,92.252159,84.021034
170,1.416667,-0.012596,0.396908,0.026153,0.917399,-216.443848,92.251823,84.021065
171,1.425000,-0.012531,0.396855,0.025985,0.917428,-216.442657,92.250870,84.022530
172,1.433333,-0.012576,0.396814,0.025867,0.917448,-216.442612,92.251884,84.022316
173,1.441667,-0.012410,0.396834,0.025879,0.917441,-216.442871,92.251953,84.023552
174,1.450000,-0.012476,0.396910,0.025851,0.917408,-216.444824,92.252266,84.025352
175,1.458333,-0.012569,0.396915,0.025911,0.917403,-216.447403,92.252937,84.026932
176,1.466667,-0.012514,0.396985,0.025952,0.917373,-216.450333,92.251656,84.027534
177,1.475000,-0.012386,0.397005,0.025965,0.917365,-216.452118,92.251633,84.028473
178,1.483333,-0.012287,0.396989,0.025913,0.917375,-216.454361,92.250710,84.029541
179,1.491667,-0.012274,0.396998,0.025859,0.917373,-216.454987,92.248604,84.029083
180,1.500000,-0.012365,0.397002,0.025874,0.917370,-216.455795,92.248497,84.028664
181,1.508333,-0.012357,0.397019,0.025992,0.917359,-216.456177,92.249588,84.027580
182,1.516667,-0.012410,0.396970,0.025949,0.917381,-216.456024,92.250282,84.026268
183,1.525000,-0.012400,0.396966,0.026009,0.917381,-216.454315,92.249382,84.025246
184,1.533333,-0.012434,0.396920,0.026045,0.917399,-216.452652,92.251610,84.023003
185,1.541667,-0.012436,0.396974,0.026059,0.917376,-216.449570,92.251587,84.021965
186,1.550000,-0.012394,0.396836,0.025969,0.917439,-216.447281,92.252701,84.021797
187,1.558333,-0.012494,0.396818,0.025882,0.917447,-216.445114,92.252617,84.020882
188,1.566667,-0.012444,0.396816,0.025870,0.917449,-216.443161,92.250961,84.020630
189,1.575000,-0.012598,0.396874,0.025980,0.917419,-216.441681,92.250191,84.020523
190,1.583333,-0.012636,0.396899,0.025847,0.917411,-216.441223,92.250511,84.021942
191,1.591667,-0.012543,0.396858,0.025867,0.917430,-216.441559,92.249779,84.023201
192,1.600000,-0.012563,0.396855,0.025757,0.917434,-216.444580,92.251846,84.023979
193,1.608333,-0.012548,0.396916,0.025801,0.917407,-216.447113,92.252693,84.025352
194,1.616667,-0.012396,0.396922,0.025687,0.917409,-216.450317,92.252312,84.027710
195,1.625000,-0.012415,0.396955,0.025817,0.917391,-216.451889,92.251579,84.028229
196,1.633333,-0.012432,0.396946,0.025845,0.917394,-216.453964,92.250168,84.029228
197,1.641667,-0.012385,0.396999,0.026004,0.917367,-216.455109,92.248978,84.028587
198,1.650000,-0.012411,0.397013,0.026000,0.917361,-216.456467,92.249908,84.028908
199,1.658333,-0.012439,0.397059,0.026088,0.917338,-216.457031,92.250404,84.026840
200,1.666667,-0.012396,0.397001,0.026049,0.917365,-216.455795,92.251137,84.026115
201,1.675000,-0.012376,0.396981,0.026029,0.917374,-216.453247,92.249664,84.024803
202,1.683333,-0.012405,0.396901,0.026088,0.917407,-216.450806,92.249985,84.023979
203,1.691667,-0.012404,0.396905,0.026038,0.917407,-216.448563,92.249420,84.022964
204,1.700000,-0.012512,0.396912,0.025978,0.917404,-216.445343,92.249672,84.021408
205,1.708333,-0.012593,0.396898,0.025921,0.917410,-216.444138,92.251091,84.020180
206,1.716667,-0.012633,0.396879,0.025961,0.917417,-216.442276,92.251122,84.020805
207,1.725000,-0.012628,0.396847,0.025902,0.917432,-216.441208,92.250877,84.021446
208,1.733333,-0.012591,0.396784,0.025669,0.917466,-216.441269,92.249992,84.022751
209,1.741667,-0.012557,0.396900,0.025783,0.917414,-216.441757,92.249695,84.023163
210,1.750000,-0.012533,0.396918,0.025940,0.917402,-216.443329,92.250031,84.025047
211,1.758333,-0.012401,0.396884,0.025912,0.917419,-216.445892,92.250076,84.027390
212,1.766667,-0.012408,0.396882,0.025795,0.917423,-216.449570,92.251465,84.028847
213,1.775000,-0.012536,0.396977,0.025908,0.917377,-216.452332,92.253105,84.028732
214,1.783333,-0.012546,0.396984,0.025859,0.917376,-216.454147,92.251839,84.028229
215,1.791667,-0.012416,0.397002,0.025876,0.917369,-216.454666,92.250221,84.028122
216,1.800000,-0.012346,0.397003,0.025933,0.917368,-216.455338,92.249611,84.027985
217,1.808333,-0.012393,0.397008,0.026091,0.917361,-216.454987,92.250107,84.027550
218,1.816667,-0.012376,0.397026,0.025938,0.917357,-216.454437,92.250412,84.027267
219,1.825000,-0.012338,0.396984,0.026066,0.917372,-216.451981,92.250717,84.025063
220,1.833333,-0.012305,0.396972,0.026011,0.917380,-216.449219,92.250748,84.023720
221,1.841667,-0.012370,0.396929,0.026138,0.917394,-216.447418,92.250923,84.022881
222,1.850000,-0.012438,0.396874,0.026125,0.917417,-216.445450,92.250328,84.021988
223,1.858333,-0.012499,0.396891,0.025876,0.917416,-216.443497,92.249794,84.022018
224,1.866667,-0.012494,0.396909,0.025785,0.917410,-216.442230,92.249725,84.021500
225,1.875000,-0.012568,0.396883,0.025810,0.917420,-216.440826,92.248619,84.021431
226,1.883333,-0.012456,0.396817,0.025634,0.917455,-216.441132,92.248955,84.022697
227,1.891667,-0.012362,0.396907,0.025703,0.917416,-216.441467,92.249321,84.023788
228,1.900000,-0.012445,0.396909,0.025722,0.917413,-216.444061,92.251511,84.024452
229,1.908333,-0.012494,0.396958,0.025738,0.917391,-216.445343,92.251038,84.025131
230,1.916667,-0.012404,0.396928,0.025709,0.917406,-216.447830,92.251595,84.026840
231,1.925000,-0.012305,0.396957,0.025930,0.917388,-216.449615,92.250481,84.028297
232,1.933333,-0.012215,0.396957,0.025916,0.917390,-216.452072,92.251297,84.028824
233,1.941667,-0.012299,0.396948,0.025910,0.917393,-216.453339,92.250107,84.029152
234,1.950000,-0.012329,0.396976,0.025801,0.917383,-216.454483,92.249077,84.028809
235,1.958333,-0.012331,0.396947,0.025902,0.917393,-216.454285,92.250458,84.028580
236,1.966667,-0.012303,0.396940,0.026005,0.917394,-216.453049,92.251373,84.026825
237,1.975000,-0.012286,0.396945,0.025979,0.917393,-216.451691,92.251083,84.025696
238,1.983333,-0.012298,0.396903,0.025890,0.917413,-216.449646,92.250168,84.024307
239,1.991667,-0.012362,0.396908,0.025860,0.917411,-216.446472,92.250443,84.022530
240,2.000000,-0.012394,0.396879,0.025767,0.917426,-216.443817,92.249802,84.022469
241,2.008333,-0.012399,0.396880,0.025767,0.917425,-216.443115,92.250023,84.022240
242,2.016667,-0.012498,0.396859,0.025771,0.917432,-216.445831,92.252853,84.021851
243,2.025000,-0.012451,0.396831,0.025952,0.917440,-216.446899,92.251656,84.022064
244,2.033333,-0.012405,0.396898,0.025937,0.917412,-216.447540,92.251495,84.023064
245,2.041667,-0.012375,0.396941,0.025905,0.917395,-216.448120,92.251701,84.023407
246,2.050000,-0.012332,0.396952,0.025961,0.917389,-216.448349,92.250595,84.025620
247,2.058333,-0.012357,0.397003,0.026089,0.917363,-216.449387,92.249695,84.026817
248,2.066667,-0.012197,0.397022,0.025987,0.917360,-216.450958,92.250549,84.028458
249,2.075000,-0.012154,0.396972,0.025988,0.917382,-216.452271,92.251190,84.029007
250,2.083333,-0.012209,0.397067,0.025937,0.917342,-216.452454,92.251411,84.029121
251,2.091667,-0.012281,0.397069,0.025978,0.917339,-216.452927,92.250168,84.029350
252,2.100000,-0.012240,0.397087,0.026062,0.917329,-216.454010,92.249588,84.028755
253,2.108333,-0.012176,0.397077,0.026016,0.917336,-216.454483,92.250259,84.028267
254,2.116667,-0.012154,0.397021,0.025881,0.917364,-216.453888,92.249611,84.028259
255,2.125000,-0.012212,0.397047,0.025979,0.917349,-216.451645,92.247833,84.026726
256,2.133333,-0.012281,0.397034,0.025913,0.917356,-216.449692,92.248581,84.026115
257,2.141667,-0.012400,0.397014,0.025927,0.917363,-216.446930,92.249298,84.024567
258,2.150000,-0.012507,0.397007,0.025931,0.917364,-216.446136,92.250229,84.023560
259,2.158333,-0.012632,0.396960,0.025777,0.917387,-216.444366,92.250999,84.021034
260,2.166667,-0.012608,0.396970,0.025737,0.917384,-216.442078,92.250771,84.020988
261,2.175000,-0.012564,0.396925,0.025667,0.917406,-216.440887,92.251030,84.021599
262,2.183333,-0.012610,0.396945,0.025591,0.917399,-216.440796,92.252502,84.021988
263,2.191667,-0.012650,0.396967,0.025652,0.917387,-216.442352,92.251877,84.022408
264,2.200000,-0.012643,0.396994,0.025700,0.917374,-216.443542,92.250420,84.023499
265,2.208333,-0.012625,0.396998,0.025637,0.917374,-216.445511,92.250259,84.025421
266,2.216667,-0.012415,0.396979,0.025684,0.917385,-216.448044,92.248924,84.026848
267,2.225000,-0.012353,0.396989,0.025839,0.917376,-216.451172,92.248886,84.028313
268,2.233333,-0.012316,0.397047,0.025892,0.917350,-216.452271,92.249924,84.029243
269,2.241667,-0.012283,0.397084,0.025948,0.917333,-216.452881,92.249672,84.029076
270,2.250000,-0.012242,0.397044,0.025928,0.917352,-216.452789,92.248528,84.028702
271,2.258333,-0.012355,0.397029,0.025804,0.917360,-216.453140,92.248596,84.027542
272,2.266667,-0.012378,0.397046,0.025867,0.917351,-216.452454,92.248741,84.027390
273,2.275000,-0.012309,0.397056,0.025746,0.917351,-216.450790,92.249329,84.026611
274,2.283333,-0.012347,0.397039,0.025778,0.917356,-216.448380,92.249748,84.024666
275,2.291667,-0.012483,0.396977,0.025806,0.917381,-216.446854,92.250038,84.022697
276,2.300000,-0.012602,0.396977,0.025792,0.917380,-216.444046,92.250603,84.021767
277,2.308333,-0.012628,0.396986,0.025775,0.917376,-216.442322,92.252113,84.021629
278,2.316667,-0.012525,0.396988,0.025824,0.917375,-216.440659,92.251648,84.021347
279,2.325000,-0.012604,0.396944,0.025743,0.917395,-216.440338,92.251411,84.021767
280,2.333333,-0.012596,0.396993,0.025572,0.917379,-216.439865,92.251244,84.021957
281,2.341667,-0.012572,0.396980,0.025626,0.917383,-216.440826,92.249878,84.022934
282,2.350000,-0.012535,0.396999,0.025608,0.917376,-216.442535,92.249550,84.023460
283,2.358333,-0.012382,0.397008,0.025733,0.917371,-216.444427,92.249947,84.025253
284,2.366667,-0.012350,0.397011,0.025702,0.917371,-216.447479,92.250122,84.027046
285,2.375000,-0.012354,0.397065,0.025738,0.917346,-216.450089,92.249588,84.027855
286,2.383333,-0.012320,0.397066,0.025610,0.917350,-216.452026,92.249771,84.028389
287,2.391667,-0.012298,0.397018,0.025737,0.917367,-216.452866,92.248558,84.028801
288,2.400000,-0.012280,0.397047,0.025782,0.917354,-216.453293,92.249695,84.028709
289,2.408333,-0.012281,0.397056,0.025861,0.917348,-216.452484,92.249390,84.027412
290,2.416667,-0.012242,0.397045,0.025823,0.917354,-216.451385,92.249557,84.026672
291,2.425000,-0.012214,0.397049,0.025748,0.917355,-216.450119,92.250000,84.025787
292,2.433333,-0.012350,0.397068,0.025791,0.917344,-216.447479,92.250282,84.024048
293,2.441667,-0.012391,0.397057,0.025792,0.917348,-216.445740,92.250404,84.022942
294,2.450000,-0.012482,0.397075,0.025859,0.917337,-216.444092,92.249443,84.022301
295,2.458333,-0.012565,0.397029,0.025901,0.917355,-216.442062,92.250336,84.022469
296,2.466667,-0.012440,0.396981,0.025794,0.917380,-216.441132,92.250778,84.022163
297,2.475000,-0.012526,0.396998,0.025762,0.917372,-216.440552,92.251274,84.021584
298,2.483333,-0.012548,0.396980,0.025698,0.917382,-216.441269,92.250732,84.021873
299,2.491667,-0.012531,0.396971,0.025794,0.917383,-216.441650,92.251205,84.023491
300,2.500000,-0.012489,0.397037,0.025712,0.917357,-216.442780,92.251190,84.024170
301,2.508333,-0.012448,0.397027,0.025613,0.917365,-216.445282,92.249886,84.024529
302,2.516667,-0.012434,0.397058,0.025662,0.917351,-216.446609,92.249825,84.025558
303,2.525000,-0.012434,0.397018,0.025707,0.917366,-216.449326,92.248955,84.027466
304,2.533333,-0.012368,0.397068,0.025768,0.917344,-216.450928,92.248901,84.027779
305,2.541667,-0.012320,0.397092,0.025839,0.917332,-216.452286,92.249435,84.028854
306,2.550000,-0.012190,0.397039,0.025938,0.917354,-216.453003,92.249084,84.028732
307,2.558333,-0.012204,0.397031,0.025819,0.917361,-216.452820,92.248642,84.028740
308,2.566667,-0.012334,0.397050,0.025900,0.917349,-216.451096,92.249870,84.028091
309,2.575000,-0.012335,0.397063,0.025874,0.917344,-216.449356,92.248947,84.026787
310,2.583333,-0.012478,0.397042,0.025842,0.917352,-216.447586,92.250191,84.024574
311,2.591667,-0.012627,0.397077,0.025924,0.917332,-216.445068,92.250542,84.022919
312,2.600000,-0.012709,0.397016,0.025890,0.917359,-216.443253,92.250252,84.021606
313,2.608333,-0.012658,0.396985,0.025728,0.917377,-216.442108,92.249832,84.022072
314,2.616667,-0.012570,0.396981,0.025692,0.917381,-216.440552,92.251732,84.022369
315,2.625000,-0.012492,0.396976,0.025761,0.917382,-216.440369,92.251823,84.022217
316,2.633333,-0.012535,0.396973,0.025730,0.917384,-216.440536,92.252747,84.022522
317,2.641667,-0.012657,0.397028,0.025745,0.917358,-216.441925,92.252609,84.022133
318,2.650000,-0.012661,0.397001,0.025600,0.917374,-216.443817,92.252068,84.022881
319,2.658333,-0.012547,0.396994,0.025716,0.917375,-216.444778,92.251640,84.024338
320,2.666667,-0.012404,0.397025,0.025669,0.917365,-216.446136,92.251328,84.025444
321,2.675000,-0.012295,0.397009,0.025619,0.917375,-216.448257,92.250336,84.026741
322,2.683333,-0.012265,0.397002,0.025786,0.917373,-216.450027,92.249290,84.027763
323,2.691667,-0.012374,0.397081,0.025926,0.917334,-216.451141,92.249069,84.028038
324,2.700000,-0.012470,0.397107,0.025885,0.917323,-216.451935,92.250076,84.028015
325,2.708333,-0.012434,0.397088,0.025915,0.917330,-216.451950,92.250542,84.027870
326,2.716667,-0.012396,0.397062,0.025890,0.917343,-216.450912,92.250061,84.026459
327,2.725000,-0.012396,0.397062,0.025824,0.917345,-216.449661,92.249260,84.026466
328,2.733333,-0.012421,0.397000,0.025938,0.917368,-216.447159,92.248680,84.025452
329,2.741667,-0.012574,0.397013,0.025867,0.917362,-216.445587,92.249855,84.024796
330,2.750000,-0.012487,0.397042,0.025666,0.917356,-216.444138,92.250244,84.023895
331,2.758333,-0.012412,0.396992,0.025744,0.917377,-216.442398,92.251434,84.023560
332,2.766667,-0.012505,0.397001,0.025768,0.917371,-216.441040,92.250732,84.022278
333,2.775000,-0.012651,0.397038,0.025699,0.917355,-216.441040,92.250946,84.021851
334,2.783333,-0.012663,0.396993,0.025686,0.917375,-216.440872,92.250206,84.022194
335,2.791667,-0.012555,0.396952,0.025674,0.917394,-216.442398,92.250320,84.022812
336,2.800000,-0.012501,0.396997,0.025610,0.917377,-216.443817,92.250000,84.023270
337,2.808333,-0.012433,0.397067,0.025738,0.917344,-216.445114,92.248680,84.025536
338,2.816667,-0.012402,0.397046,0.025682,0.917355,-216.447144,92.248230,84.026649
339,2.825000,-0.012392,0.397068,0.025748,0.917344,-216.449188,92.248795,84.027283
340,2.833333,-0.012395,0.397094,0.025751,0.917333,-216.449768,92.248451,84.028496
341,2.841667,-0.012368,0.397074,0.025792,0.917341,-216.449860,92.248550,84.028915
342,2.850000,-0.012272,0.397072,0.025803,0.917343,-216.449020,92.247238,84.031059
343,2.858333,-0.012341,0.397087,0.025931,0.917332,-216.448288,92.247551,84.030197
344,2.866667,-0.012473,0.397082,0.025823,0.917335,-216.447189,92.248116,84.029099
345,2.875000,-0.012563,0.397042,0.025690,0.917355,-216.445038,92.249062,84.026932
346,2.883333,-0.012425,0.397103,0.025576,0.917333,-216.441681,92.250015,84.025841
347,2.891667,-0.012320,0.397121,0.025578,0.917327,-216.436081,92.252815,84.025894
348,2.900000,-0.012130,0.397065,0.025399,0.917359,-216.431015,92.254128,84.027824
349,2.908333,-0.012038,0.397151,0.025348,0.917324,-216.426422,92.254295,84.033546
350,2.916667,-0.011931,0.397180,0.025173,0.917318,-216.422791,92.254898,84.041817
351,2.925000,-0.011841,0.397256,0.024904,0.917293,-216.418747,92.255821,84.052055
352,2.933333,-0.011868,0.397384,0.024547,0.917247,-216.417572,92.258446,84.065552
353,2.941667,-0.011561,0.397349,0.024357,0.917271,-216.417099,92.257996,84.079002
354,2.950000,-0.011386,0.397314,0.024225,0.917292,-216.416840,92.259201,84.095474
355,2.958333,-0.010892,0.397273,0.024305,0.917314,-216.415543,92.259338,84.112854
356,2.966667,-0.010532,0.397377,0.024268,0.917274,-216.414520,92.261536,84.131134
357,2.975000,-0.009537,0.397314,0.024108,0.917317,-216.411682,92.265152,84.156700
358,2.983333,-0.008679,0.397275,0.023968,0.917346,-216.405914,92.269646,84.182617
359,2.991667,-0.007459,0.397014,0.023010,0.917494,-216.394119,92.267815,84.211800
360,3.000000,-0.005305,0.397164,0.022549,0.917455,-216.368195,92.253723,84.252754
361,3.008333,-0.003702,0.397229,0.021950,0.917449,-216.348816,92.249123,84.287369
362,3.016667,-0.002608,0.397029,0.021298,0.917555,-216.328094,92.254898,84.315147
363,3.025000,-0.001739,0.396922,0.020619,0.917619,-216.305420,92.261322,84.335098
364,3.033333,-0.000298,0.398633,0.024289,0.916789,-216.270630,92.232925,84.374550
365,3.041667,0.000226,0.398648,0.024678,0.916772,-216.258209,92.230133,84.389122
366,3.050000,0.000524,0.398512,0.025190,0.916817,-216.251923,92.228439,84.398918
367,3.058333,0.000688,0.398229,0.026491,0.916903,-216.262726,92.217484,84.408379
368,3.066667,0.000511,0.398035,0.024020,0.917055,-216.270538,92.238182,84.417000
369,3.075000,0.000596,0.397807,0.023841,0.917159,-216.269760,92.240456,84.418419
370,3.083333,0.000437,0.397832,0.023657,0.917153,-216.268372,92.241211,84.422691
371,3.091667,0.000440,0.397882,0.023857,0.917126,-216.267471,92.241440,84.427139
372,3.100000,0.000522,0.397904,0.023806,0.917118,-216.266495,92.242554,84.434212
373,3.108333,0.000579,0.397597,0.024085,0.917244,-216.268127,92.245575,84.446007
374,3.116667,0.000899,0.397520,0.024380,0.917269,-216.268204,92.248833,84.458199
375,3.125000,0.001074,0.397508,0.024056,0.917283,-216.255524,92.255974,84.465363
376,3.133333,0.001270,0.397300,0.023322,0.917392,-216.249435,92.263977,84.472328
377,3.141667,0.001461,0.397107,0.022740,0.917489,-216.249725,92.270920,84.477730
378,3.150000,0.001559,0.396980,0.022841,0.917542,-216.255569,92.270660,84.481071
379,3.158333,0.001354,0.396964,0.023043,0.917544,-216.263107,92.271072,84.480423
380,3.166667,0.001244,0.397184,0.023496,0.917437,-216.269180,92.268845,84.475861
381,3.175000,0.001152,0.397213,0.023820,0.917417,-216.277054,92.264107,84.468437
382,3.183333,0.000693,0.397323,0.024018,0.917364,-216.285233,92.261360,84.452713
383,3.191667,0.000364,0.397406,0.023873,0.917332,-216.293640,92.257210,84.429474
384,3.200000,0.000031,0.398085,0.025992,0.916980,-216.294647,92.234810,84.410492
385,3.208333,-0.000533,0.398445,0.025950,0.916825,-216.299515,92.228363,84.379478
386,3.216667,-0.001234,0.397872,0.023983,0.917127,-216.319016,92.242752,84.348709
387,3.225000,-0.001761,0.397303,0.022121,0.917419,-216.330963,92.260277,84.326401
388,3.233333,-0.001568,0.396790,0.021755,0.917650,-216.333588,92.273941,84.340569
389,3.241667,-0.000203,0.398152,0.025705,0.916959,-216.324280,92.262100,84.403023
390,3.250000,0.001325,0.398392,0.027446,0.916804,-216.327377,92.275406,84.446869
391,3.258333,0.001949,0.398367,0.028333,0.916786,-216.329880,92.306335,84.469124
392,3.266667,0.003102,0.397836,0.027488,0.917040,-216.330902,92.370552,84.471375
393,3.275000,0.002403,0.398074,0.029534,0.916874,-216.319519,92.427315,84.479881
394,3.283333,0.001326,0.397551,0.028369,0.917141,-216.322403,92.498108,84.484596
395,3.291667,0.001112,0.397021,0.027054,0.917410,-216.328720,92.557739,84.488060
396,3.300000,0.001346,0.396850,0.026019,0.917514,-216.330673,92.612915,84.496796
397,3.308333,0.001955,0.396896,0.024693,0.917530,-216.325500,92.665573,84.510895
398,3.316667,0.002578,0.397020,0.023782,0.917498,-216.319443,92.719727,84.523750
399,3.325000,0.002541,0.397020,0.024746,0.917473,-216.340302,92.765160,84.546913
400,3.333333,0.001703,0.397075,0.023537,0.917483,-216.324402,92.827637,84.546700
401,3.341667,0.000225,0.396944,0.022202,0.917574,-216.310242,92.889328,84.544518
402,3.350000,-0.000786,0.396913,0.021873,0.917595,-216.298752,92.942505,84.546333
403,3.358333,-0.001503,0.396982,0.022243,0.917556,-216.290787,92.988411,84.549728
404,3.366667,-0.002189,0.397280,0.023238,0.917401,-216.287399,93.033958,84.556015
405,3.375000,-0.002826,0.397571,0.024991,0.917227,-216.289642,93.084114,84.563072
406,3.383333,-0.002885,0.397791,0.025559,0.917116,-216.294342,93.143600,84.569527
407,3.391667,-0.002527,0.397936,0.024873,0.917073,-216.297653,93.213226,84.577034
408,3.400000,-0.002452,0.397974,0.023641,0.917089,-216.299744,93.284988,84.579285
409,3.408333,-0.002205,0.398023,0.022855,0.917088,-216.300888,93.352089,84.579910
410,3.416667,-0.002153,0.398030,0.022893,0.917084,-216.300720,93.410744,84.583427
411,3.425000,-0.002299,0.397897,0.023580,0.917124,-216.299561,93.463074,84.588661
412,3.433333,-0.002702,0.397749,0.023994,0.917176,-216.297958,93.510201,84.592934
413,3.441667,-0.003250,0.397557,0.024038,0.917257,-216.296646,93.555397,84.598366
414,3.450000,-0.004254,0.397638,0.024730,0.917199,-216.297943,93.607918,84.600220
415,3.458333,-0.004433,0.397705,0.024830,0.917167,-216.296432,93.654709,84.604607
416,3.466667,-0.003913,0.397880,0.024594,0.917099,-216.293411,93.701363,84.608078
417,3.475000,-0.003084,0.398729,0.026489,0.916681,-216.281815,93.729935,84.621025
418,3.483333,-0.002825,0.399110,0.025930,0.916532,-216.278549,93.779984,84.632973
419,3.491667,-0.003039,0.399191,0.025717,0.916502,-216.276840,93.828568,84.641235
420,3.500000,-0.003452,0.399105,0.025605,0.916541,-216.275574,93.879547,84.644409
421,3.508333,-0.004480,0.398561,0.023708,0.916825,-216.282913,93.950943,84.639290
422,3.516667,-0.005247,0.397993,0.022504,0.917097,-216.284180,94.017120,84.627335
423,3.525000,-0.005959,0.397476,0.021591,0.917339,-216.279343,94.081886,84.617569
424,3.533333,-0.006554,0.397353,0.021043,0.917401,-216.273972,94.143524,84.610840
425,3.541667,-0.007663,0.397568,0.022371,0.917268,-216.272949,94.203804,84.605904
426,3.550000,-0.008429,0.397966,0.022857,0.917077,-216.270874,94.257370,84.601021
427,3.558333,-0.008927,0.398190,0.022214,0.916991,-216.268845,94.304840,84.597252
428,3.566667,-0.009860,0.398274,0.021163,0.916969,-216.269058,94.354469,84.596230
429,3.575000,-0.011222,0.398339,0.020225,0.916946,-216.271378,94.411369,84.590233
430,3.583333,-0.012037,0.398026,0.019829,0.917081,-216.272949,94.467957,84.584877
431,3.591667,-0.012236,0.398225,0.020894,0.916968,-216.286713,94.513344,84.592293
432,3.600000,-0.011973,0.398303,0.020271,0.916952,-216.270874,94.571526,84.583183
433,3.608333,-0.011729,0.398273,0.019990,0.916974,-216.260742,94.626030,84.579918
434,3.616667,-0.011756,0.398202,0.020042,0.917003,-216.254929,94.680664,84.577232
435,3.625000,-0.012139,0.398273,0.020659,0.916954,-216.249298,94.731583,84.572884
436,3.633333,-0.012370,0.398296,0.020541,0.916943,-216.246292,94.775543,84.572769
437,3.641667,-0.012348,0.398344,0.020632,0.916921,-216.245392,94.809952,84.571953
438,3.650000,-0.012514,0.399249,0.022371,0.916484,-216.241150,94.825592,84.581245
439,3.658333,-0.012820,0.399305,0.022278,0.916458,-216.242798,94.854088,84.575394
440,3.666667,-0.013367,0.399209,0.022337,0.916490,-216.245300,94.883904,84.568443
441,3.675000,-0.014420,0.398957,0.020293,0.916632,-216.264587,94.935143,84.566528
442,3.683333,-0.015498,0.398686,0.018924,0.916761,-216.257904,94.981361,84.544815
443,3.691667,-0.016406,0.398567,0.017083,0.916834,-216.247696,95.028786,84.531441
444,3.700000,-0.017264,0.398508,0.015844,0.916865,-216.236832,95.076080,84.519096
445,3.708333,-0.018171,0.398463,0.014839,0.916884,-216.231155,95.122902,84.504967
446,3.716667,-0.018781,0.398408,0.014147,0.916907,-216.226227,95.161591,84.493858
447,3.725000,-0.019504,0.398194,0.013721,0.916991,-216.226105,95.201981,84.490883
448,3.733333,-0.020057,0.398083,0.014581,0.917014,-216.223526,95.233932,84.493340
449,3.741667,-0.020034,0.398461,0.016391,0.916820,-216.219681,95.252686,84.498161
450,3.750000,-0.020239,0.398511,0.017054,0.916781,-216.219711,95.274010,84.503265
451,3.758333,-0.020128,0.398503,0.017500,0.916779,-216.219910,95.294281,84.506935
452,3.766667,-0.020062,0.398544,0.017760,0.916758,-216.219955,95.311340,84.509682
453,3.775000,-0.019809,0.398590,0.017980,0.916739,-216.217453,95.324455,84.513672
454,3.783333,-0.019264,0.398698,0.018148,0.916700,-216.213089,95.341621,84.522659
455,3.791667,-0.018750,0.398812,0.018398,0.916656,-216.207855,95.361855,84.530083
456,3.800000,-0.018582,0.399125,0.018772,0.916516,-216.201904,95.382034,84.535072
457,3.808333,-0.018321,0.399440,0.018892,0.916382,-216.197037,95.407242,84.537476
458,3.816667,-0.018141,0.399702,0.019228,0.916264,-216.191772,95.435249,84.536705
459,3.825000,-0.018165,0.399866,0.019133,0.916194,-216.187378,95.467911,84.534630
460,3.833333,-0.018311,0.399906,0.018892,0.916178,-216.184738,95.498451,84.530037
461,3.841667,-0.018705,0.399920,0.018099,0.916181,-216.182877,95.528061,84.523407
462,3.850000,-0.019213,0.399851,0.017142,0.916218,-216.180878,95.556419,84.513382
463,3.858333,-0.019570,0.399728,0.016523,0.916276,-216.177536,95.578835,84.505447
464,3.866667,-0.020191,0.399610,0.015645,0.916329,-216.173798,95.603081,84.500435
465,3.875000,-0.019640,0.399484,0.015482,0.916399,-216.169327,95.628166,84.497169
466,3.883333,-0.019256,0.399348,0.015428,0.916467,-216.165192,95.645699,84.497971
467,3.891667,-0.019090,0.399331,0.015271,0.916481,-216.161682,95.663017,84.500481
468,3.900000,-0.019108,0.399560,0.015385,0.916379,-216.160339,95.681023,84.500320
469,3.908333,-0.019409,0.399785,0.015522,0.916272,-216.161514,95.700760,84.500427
470,3.916667,-0.019656,0.399869,0.015749,0.916226,-216.162064,95.723526,84.502457
471,3.925000,-0.020148,0.400002,0.016054,0.916152,-216.162750,95.747147,84.502289
472,3.933333,-0.020818,0.399946,0.016662,0.916151,-216.162827,95.768379,84.502846
473,3.941667,-0.021398,0.400142,0.017262,0.916040,-216.160675,95.789139,84.501266
474,3.950000,-0.021813,0.400270,0.017434,0.915972,-216.156296,95.806992,84.501305
475,3.958333,-0.022241,0.400409,0.017445,0.915900,-216.150406,95.824051,84.501114
476,3.966667,-0.022568,0.400501,0.017481,0.915852,-216.146011,95.839516,84.498825
477,3.975000,-0.022747,0.400597,0.017541,0.915804,-216.140244,95.853584,84.496887
478,3.983333,-0.023036,0.400630,0.017742,0.915778,-216.135651,95.868050,84.495201
479,3.991667,-0.023143,0.400725,0.017743,0.915734,-216.131973,95.882195,84.492432
480,4.000000,-0.023024,0.400755,0.017686,0.915725,-216.128128,95.893951,84.489861
481,4.008333,-0.022989,0.400744,0.017609,0.915732,-216.120560,95.908073,84.489998
482,4.016667,-0.023266,0.400867,0.017549,0.915673,-216.110580,95.931831,84.489288
483,4.025000,-0.023480,0.400777,0.017512,0.915707,-216.096786,95.971489,84.483162
484,4.033333,-0.023622,0.401077,0.016984,0.915582,-216.076157,96.025208,84.467171
485,4.041667,-0.023226,0.401922,0.017540,0.915211,-216.048508,96.077873,84.461746
486,4.050000,-0.023549,0.402582,0.017393,0.914916,-216.027115,96.146225,84.454178
487,4.058333,-0.022958,0.403046,0.017911,0.914716,-216.006378,96.222755,84.440247
488,4.066667,-0.025313,0.403558,0.017833,0.914430,-215.983276,96.291695,84.426712
489,4.075000,-0.027742,0.403430,0.015121,0.914465,-215.972900,96.360970,84.408989
490,4.083333,-0.029173,0.402835,0.012684,0.914720,-215.970032,96.414474,84.389336
491,4.091667,-0.029967,0.402368,0.011261,0.914918,-215.970581,96.459221,84.377243
492,4.100000,-0.030629,0.402050,0.010438,0.915046,-215.975616,96.501747,84.367393
493,4.108333,-0.031009,0.402161,0.010562,0.914983,-215.979675,96.532669,84.360352
494,4.116667,-0.031266,0.402335,0.011128,0.914891,-215.981934,96.557724,84.355247
495,4.125000,-0.031525,0.402376,0.011914,0.914854,-215.978928,96.576981,84.353348
496,4.133333,-0.031712,0.402404,0.012342,0.914829,-215.976639,96.594231,84.351303
497,4.141667,-0.031676,0.402403,0.012528,0.914829,-215.978210,96.607246,84.348228
498,4.150000,-0.031622,0.402393,0.012671,0.914833,-215.983231,96.619667,84.344307
499,4.158333,-0.031624,0.402367,0.012605,0.914845,-215.988998,96.630791,84.341957
500,4.166667,-0.031837,0.402318,0.012615,0.914859,-215.995865,96.642128,84.338989
501,4.175000,-0.032175,0.402241,0.012603,0.914881,-215.999863,96.650185,84.335617
502,4.183333,-0.032390,0.402236,0.012494,0.914878,-216.000229,96.655998,84.332947
503,4.191667,-0.032500,0.402284,0.012455,0.914853,-215.998749,96.661072,84.332100
504,4.200000,-0.032542,0.402310,0.012375,0.914841,-215.996979,96.663826,84.332268
505,4.208333,-0.032504,0.402300,0.012251,0.914849,-215.994293,96.661072,84.335381
506,4.216667,-0.032326,0.402242,0.012287,0.914880,-215.991592,96.655724,84.341042
507,4.225000,-0.032137,0.402202,0.012242,0.914905,-215.987778,96.651772,84.345619
508,4.233333,-0.032144,0.402171,0.012167,0.914919,-215.985489,96.650803,84.347443
509,4.241667,-0.032364,0.402222,0.012432,0.914886,-215.983795,96.652336,84.347565
510,4.250000,-0.032503,0.402325,0.012385,0.914836,-215.982178,96.656021,84.346550
511,4.258333,-0.032582,0.402333,0.012385,0.914830,-215.980316,96.657036,84.345482
512,4.266667,-0.032484,0.402245,0.012253,0.914874,-215.980438,96.656166,84.344116
513,4.275000,-0.032424,0.402197,0.012218,0.914897,-215.981796,96.654289,84.344009
514,4.283333,-0.032330,0.402194,0.012145,0.914903,-215.984680,96.654114,84.342903
515,4.291667,-0.032219,0.402297,0.012083,0.914863,-215.988754,96.654312,84.339447
516,4.300000,-0.032242,0.402282,0.011950,0.914870,-215.991837,96.656509,84.336372
517,4.308333,-0.032449,0.402311,0.012060,0.914848,-215.993088,96.657944,84.333290
518,4.316667,-0.032378,0.402335,0.012089,0.914840,-215.995056,96.658066,84.331772
519,4.325000,-0.032137,0.402245,0.012199,0.914886,-215.998810,96.655930,84.333939
520,4.333333,-0.031999,0.402221,0.012396,0.914899,-216.000076,96.653687,84.335907
521,4.341667,-0.032027,0.402284,0.012574,0.914868,-215.999435,96.651871,84.337929
522,4.350000,-0.032166,0.402291,0.012462,0.914862,-215.997696,96.652206,84.338829
523,4.358333,-0.032252,0.402271,0.012491,0.914867,-215.995316,96.652611,84.339920
524,4.366667,-0.032339,0.402327,0.012442,0.914840,-215.992813,96.654419,84.341362
525,4.375000,-0.032447,0.402311,0.012420,0.914844,-215.990234,96.654366,84.342834
526,4.383333,-0.032416,0.402288,0.012372,0.914855,-215.986542,96.654358,84.344841
527,4.391667,-0.032244,0.402202,0.012288,0.914900,-215.983932,96.653542,84.346321
528,4.400000,-0.032146,0.402186,0.012147,0.914913,-215.981873,96.652969,84.347710
529,4.408333,-0.032151,0.402235,0.012078,0.914892,-215.980774,96.654007,84.347473
530,4.416667,-0.032297,0.402242,0.012108,0.914884,-215.980408,96.655479,84.344879
531,4.425000,-0.032474,0.402247,0.012019,0.914876,-215.981506,96.656715,84.342041
532,4.433333,-0.032517,0.402290,0.011976,0.914856,-215.984512,96.657249,84.340080
533,4.441667,-0.032571,0.402238,0.011998,0.914877,-215.987473,96.657913,84.337547
534,4.450000,-0.032463,0.402185,0.012006,0.914904,-215.990204,96.656807,84.336182
535,4.458333,-0.032363,0.402202,0.012137,0.914898,-215.992996,96.656342,84.335716
536,4.466667,-0.032298,0.402275,0.012081,0.914869,-215.995789,96.655884,84.334801
537,4.475000,-0.032257,0.402209,0.012143,0.914899,-215.999008,96.655075,84.334587
538,4.483333,-0.032105,0.402274,0.012311,0.914873,-215.998077,96.656448,84.334625
539,4.491667,-0.032143,0.402228,0.012341,0.914892,-215.997177,96.656624,84.335373
540,4.500000,-0.032274,0.402195,0.012431,0.914901,-215.995361,96.654762,84.337318
541,4.508333,-0.032352,0.402219,0.012255,0.914890,-215.992432,96.654793,84.340355
542,4.516667,-0.032364,0.402211,0.012134,0.914894,-215.989822,96.655434,84.341743
543,4.525000,-0.032434,0.402214,0.012040,0.914892,-215.987091,96.656845,84.342346
544,4.533333,-0.032457,0.402218,0.011968,0.914890,-215.984589,96.656364,84.343399
545,4.541667,-0.032437,0.402187,0.012016,0.914904,-215.981842,96.655998,84.344772
546,4.550000,-0.032532,0.402200,0.012003,0.914895,-215.981247,96.657028,84.345627
547,4.558333,-0.032400,0.402183,0.011976,0.914908,-215.980743,96.656975,84.346321
548,4.566667,-0.032334,0.402199,0.012039,0.914902,-215.980698,96.656158,84.345085
549,4.575000,-0.032336,0.402224,0.011955,0.914892,-215.982269,96.656708,84.343681
550,4.583333,-0.032320,0.402283,0.011956,0.914867,-215.984390,96.656891,84.340912
551,4.591667,-0.032339,0.402216,0.011988,0.914895,-215.987732,96.658432,84.337967
552,4.600000,-0.032325,0.402251,0.012146,0.914878,-215.990494,96.658577,84.335930
553,4.608333,-0.032313,0.402232,0.012242,0.914885,-215.992874,96.658241,84.334877
554,4.616667,-0.032199,0.402248,0.012277,0.914882,-215.994598,96.656395,84.335579
555,4.625000,-0.032190,0.402231,0.012235,0.914890,-215.995758,96.654976,84.334877
556,4.633333,-0.032119,0.402246,0.012308,0.914885,-215.996887,96.653496,84.335419
557,4.641667,-0.032202,0.402233,0.012301,0.914889,-215.996811,96.654617,84.336571
558,4.650000,-0.032194,0.402245,0.012467,0.914881,-215.995102,96.655098,84.337891
559,4.658333,-0.032280,0.402253,0.012444,0.914874,-215.993240,96.655342,84.340004
560,4.666667,-0.032348,0.402245,0.012363,0.914877,-215.990524,96.654770,84.342384
561,4.675000,-0.032349,0.402207,0.012175,0.914896,-215.987137,96.654839,84.343681
562,4.683333,-0.032310,0.402207,0.012107,0.914898,-215.983658,96.654579,84.345230
563,4.691667,-0.032321,0.402200,0.012125,0.914901,-215.981705,96.654358,84.345825
564,4.700000,-0.032383,0.402167,0.012205,0.914912,-215.980606,96.655014,84.345818
565,4.708333,-0.032378,0.402193,0.012204,0.914901,-215.981155,96.656067,84.346214
566,4.716667,-0.032385,0.402172,0.012070,0.914912,-215.981934,96.656647,84.344971
567,4.725000,-0.032345,0.402200,0.011945,0.914902,-215.982697,96.654778,84.343109
568,4.733333,-0.032367,0.402245,0.011955,0.914882,-215.985199,96.654594,84.341057
569,4.741667,-0.032366,0.402300,0.012137,0.914855,-215.987869,96.655106,84.339157
570,4.750000,-0.032342,0.402258,0.012139,0.914874,-215.990448,96.656929,84.337761
571,4.758333,-0.032412,0.402272,0.012150,0.914866,-215.992920,96.656815,84.335426
572,4.766667,-0.032458,0.402264,0.012128,0.914868,-215.995026,96.657173,84.333405
573,4.775000,-0.032390,0.402255,0.012187,0.914874,-215.995911,96.656281,84.333023
574,4.783333,-0.032299,0.402232,0.012191,0.914887,-215.996262,96.656158,84.333923
575,4.791667,-0.032338,0.402177,0.012185,0.914909,-215.996201,96.656570,84.334679
576,4.800000,-0.032297,0.402239,0.012230,0.914883,-215.993622,96.656311,84.336609
577,4.808333,-0.032411,0.402251,0.012192,0.914874,-215.991547,96.657448,84.338341
578,4.816667,-0.032346,0.402194,0.012227,0.914901,-215.988800,96.657791,84.339966
579,4.825000,-0.032436,0.402188,0.012179,0.914901,-215.986374,96.657440,84.341637
580,4.833333,-0.032298,0.402209,0.012018,0.914899,-215.983582,96.655136,84.344177
581,4.841667,-0.032337,0.402178,0.011836,0.914914,-215.982407,96.655647,84.345642
582,4.850000,-0.032498,0.402176,0.011980,0.914907,-215.980453,96.656860,84.345505
583,4.858333,-0.032437,0.402183,0.012008,0.914906,-215.980774,96.656647,84.345383
584,4.866667,-0.032475,0.402210,0.011979,0.914893,-215.982361,96.657082,84.344139
585,4.875000,-0.032503,0.402187,0.011892,0.914903,-215.984268,96.657097,84.342773
586,4.883333,-0.032478,0.402212,0.011878,0.914893,-215.986206,96.657196,84.340645
587,4.891667,-0.032453,0.402180,0.011908,0.914908,-215.988510,96.658005,84.338867
588,4.900000,-0.032438,0.402229,0.011827,0.914888,-215.991562,96.659286,84.336174
589,4.908333,-0.032347,0.402235,0.011875,0.914888,-215.993332,96.660339,84.333786
590,4.916667,-0.032478,0.402240,0.011795,0.914882,-215.994431,96.660797,84.334518
591,4.925000,-0.032508,0.402229,0.011923,0.914884,-215.994720,96.662827,84.334473
592,4.933333,-0.032516,0.402279,0.012108,0.914859,-215.995163,96.667480,84.336380
593,4.941667,-0.032587,0.402239,0.012001,0.914876,-215.996460,96.673378,84.340782
594,4.950000,-0.032781,0.402201,0.011889,0.914887,-215.994675,96.679802,84.345695
595,4.958333,-0.033021,0.402176,0.011738,0.914892,-215.992950,96.689018,84.349991
596,4.966667,-0.033378,0.402229,0.011532,0.914858,-215.990860,96.698273,84.354469
597,4.975000,-0.033663,0.402104,0.011107,0.914908,-215.987137,96.707085,84.361366
598,4.983333,-0.033872,0.401984,0.010795,0.914956,-215.983078,96.715546,84.371704
599,4.991667,-0.034065,0.401955,0.010434,0.914966,-215.977783,96.724731,84.382996
600,5.000000,-0.034367,0.402060,0.009915,0.914915,-215.972809,96.735329,84.395592
601,5.008333,-0.034508,0.401768,0.009451,0.915042,-215.968674,96.748421,84.405533
602,5.016667,-0.035366,0.401710,0.008549,0.915044,-215.970795,96.767220,84.416336
603,5.025000,-0.035392,0.402796,0.011103,0.914538,-215.963272,96.754440,84.441284
604,5.033333,-0.035692,0.401972,0.009180,0.914910,-215.973740,96.775299,84.447472
605,5.041667,-0.035749,0.401445,0.007885,0.915151,-215.978622,96.788498,84.456970
606,5.050000,-0.035890,0.401334,0.007417,0.915198,-215.981003,96.795746,84.472137
607,5.058333,-0.036062,0.401414,0.007398,0.915157,-215.982437,96.802399,84.490959
608,5.066667,-0.036358,0.401489,0.007579,0.915110,-215.984589,96.808395,84.508255
609,5.075000,-0.036360,0.401616,0.007629,0.915054,-215.984818,96.814087,84.528351
610,5.083333,-0.036352,0.401716,0.007469,0.915012,-215.984222,96.821503,84.548355
611,5.091667,-0.036171,0.401744,0.007216,0.915009,-215.984482,96.827454,84.574432
612,5.100000,-0.035596,0.401885,0.007460,0.914968,-215.980179,96.821594,84.604439
613,5.108333,-0.035338,0.401934,0.007309,0.914957,-215.977066,96.814514,84.632889
614,5.116667,-0.035051,0.401921,0.006935,0.914977,-215.971237,96.803329,84.667961
615,5.125000,-0.033885,0.403582,0.011071,0.914249,-215.950394,96.753624,84.732666
616,5.133333,-0.033756,0.403911,0.011596,0.914102,-215.947037,96.729568,84.779488
617,5.141667,-0.034371,0.403271,0.009958,0.914381,-215.955856,96.723618,84.808853
618,5.150000,-0.034752,0.403072,0.009556,0.914458,-215.957306,96.703606,84.848289
619,5.158333,-0.034405,0.403094,0.010007,0.914457,-215.955902,96.672859,84.897301
620,5.166667,-0.033973,0.402999,0.010254,0.914512,-215.952759,96.642403,84.948174
621,5.175000,-0.033661,0.402745,0.010246,0.914636,-215.947540,96.610168,85.000801
622,5.183333,-0.032780,0.401761,0.009092,0.915112,-215.941833,96.562408,85.066528
623,5.191667,-0.031642,0.401573,0.008661,0.915239,-215.938599,96.509758,85.130424
624,5.200000,-0.029860,0.403354,0.012340,0.914474,-215.931412,96.415939,85.224396
625,5.208333,-0.028880,0.402811,0.011839,0.914751,-215.944031,96.363640,85.282333
626,5.216667,-0.028415,0.402327,0.012198,0.914974,-215.939743,96.316490,85.346375
627,5.225000,-0.028180,0.401617,0.012159,0.915293,-215.931458,96.270615,85.411110
628,5.233333,-0.027491,0.401186,0.010903,0.915519,-215.931534,96.209297,85.483047
629,5.241667,-0.025183,0.401931,0.011322,0.915254,-215.921326,96.118523,85.574600
630,5.250000,-0.023320,0.402506,0.012773,0.915031,-215.913177,96.029160,85.672371
631,5.258333,-0.023259,0.402661,0.013642,0.914952,-215.913300,95.963531,85.752129
632,5.266667,-0.023790,0.402281,0.014168,0.915097,-215.915543,95.914474,85.824219
633,5.275000,-0.022245,0.401445,0.014461,0.915499,-215.910889,95.853531,85.903099
634,5.283333,-0.020040,0.401302,0.014675,0.915609,-215.898087,95.794853,85.986389
635,5.291667,-0.018801,0.403114,0.017587,0.914788,-215.880463,95.725708,86.084106
636,5.300000,-0.019263,0.403015,0.015638,0.914857,-215.883453,95.710091,86.149010
637,5.308333,-0.020276,0.402614,0.014434,0.915031,-215.883636,95.703568,86.208351
638,5.316667,-0.021751,0.402255,0.013992,0.915162,-215.881973,95.699669,86.267715
639,5.325000,-0.023017,0.401837,0.013855,0.915317,-215.883118,95.700958,86.332939
640,5.333333,-0.023516,0.401622,0.013898,0.915398,-215.885956,95.700813,86.399513
641,5.341667,-0.023395,0.401133,0.015590,0.915588,-215.908844,95.695168,86.474899
642,5.350000,-0.023594,0.401167,0.015254,0.915574,-215.895172,95.711449,86.541100
643,5.358333,-0.024212,0.401172,0.014349,0.915570,-215.883804,95.730484,86.608940
644,5.366667,-0.024171,0.402714,0.016794,0.914853,-215.868713,95.726051,86.701698
645,5.375000,-0.024022,0.402950,0.017258,0.914744,-215.864304,95.740959,86.769936
646,5.383333,-0.024672,0.402816,0.015535,0.914817,-215.869644,95.779671,86.830322
647,5.391667,-0.026074,0.403082,0.014359,0.914680,-215.870590,95.817047,86.895012
648,5.400000,-0.028390,0.403101,0.013563,0.914615,-215.868210,95.859291,86.960457
649,5.408333,-0.030817,0.402538,0.013044,0.914791,-215.859680,95.905731,87.029411
650,5.416667,-0.032637,0.402019,0.012433,0.914965,-215.856583,95.956200,87.098183
651,5.425000,-0.033532,0.402017,0.011286,0.914949,-215.853851,96.011452,87.164879
652,5.433333,-0.034520,0.402093,0.010064,0.914893,-215.850113,96.075073,87.225204
653,5.441667,-0.035538,0.402351,0.008827,0.914753,-215.843658,96.135910,87.288322
654,5.450000,-0.036415,0.402570,0.008430,0.914626,-215.831894,96.186325,87.346420
655,5.458333,-0.037405,0.402351,0.008487,0.914682,-215.820892,96.230156,87.401939
656,5.466667,-0.038808,0.402344,0.007914,0.914632,-215.815918,96.269920,87.460365
657,5.475000,-0.040642,0.402296,0.007063,0.914580,-215.813400,96.308716,87.520889
658,5.483333,-0.043432,0.402160,0.005044,0.914525,-215.818405,96.354660,87.581390
659,5.491667,-0.045599,0.401726,0.004176,0.914614,-215.821259,96.387222,87.630753
660,5.500000,-0.046083,0.401725,0.003745,0.914593,-215.826630,96.420799,87.678383
661,5.508333,-0.045834,0.401792,0.003592,0.914576,-215.825745,96.450485,87.726906
662,5.516667,-0.044681,0.403549,0.007702,0.913834,-215.812653,96.440994,87.813820
663,5.525000,-0.044283,0.403598,0.009082,0.913819,-215.812057,96.450241,87.877419
664,5.533333,-0.044781,0.402689,0.008542,0.914201,-215.816162,96.466095,87.924202
665,5.541667,-0.045537,0.402054,0.007301,0.914454,-215.811340,96.481033,87.972954
666,5.550000,-0.045861,0.401954,0.006288,0.914489,-215.803391,96.491371,88.024025
667,5.558333,-0.046785,0.402195,0.005044,0.914344,-215.800827,96.502670,88.073914
668,5.566667,-0.047818,0.402335,0.004157,0.914233,-215.799545,96.514473,88.117813
669,5.575000,-0.048827,0.401986,0.003019,0.914338,-215.799072,96.522179,88.164482
670,5.583333,-0.049611,0.402075,0.001969,0.914259,-215.798218,96.522102,88.213432
671,5.591667,-0.050186,0.401969,0.001363,0.914276,-215.796921,96.514740,88.267555
672,5.600000,-0.050054,0.401961,0.001509,0.914286,-215.791367,96.497711,88.320602
673,5.608333,-0.050286,0.401814,0.001605,0.914338,-215.789703,96.483002,88.368767
674,5.616667,-0.049506,0.403442,0.005448,0.913649,-215.775726,96.434006,88.438698
675,5.625000,-0.049073,0.403717,0.006614,0.913543,-215.777451,96.409454,88.489082
676,5.633333,-0.049207,0.403194,0.005855,0.913772,-215.781982,96.396828,88.526337
677,5.641667,-0.049348,0.402830,0.005372,0.913928,-215.776367,96.377747,88.560516
678,5.650000,-0.049469,0.402463,0.004904,0.914086,-215.765167,96.354256,88.598236
679,5.658333,-0.048863,0.401951,0.003874,0.914348,-215.760086,96.325462,88.642998
680,5.666667,-0.048396,0.401859,0.002827,0.914418,-215.763016,96.289085,88.691643
681,5.675000,-0.048140,0.401965,0.001877,0.914387,-215.770081,96.251884,88.735420
682,5.683333,-0.048442,0.401933,0.001728,0.914385,-215.776093,96.220566,88.777122
683,5.691667,-0.047782,0.401845,0.002491,0.914457,-215.777588,96.182480,88.829269
684,5.700000,-0.046772,0.401740,0.003487,0.914552,-215.774200,96.142075,88.889214
685,5.708333,-0.045713,0.402720,0.007353,0.914152,-215.762070,96.085327,88.966110
686,5.716667,-0.045677,0.402011,0.006884,0.914469,-215.767288,96.067307,89.004044
687,5.725000,-0.045818,0.401836,0.006485,0.914542,-215.766357,96.048965,89.039108
688,5.733333,-0.045897,0.402094,0.006448,0.914425,-215.760635,96.030525,89.079025
689,5.741667,-0.046024,0.402280,0.005857,0.914341,-215.756363,96.013336,89.121338
690,5.750000,-0.046403,0.402294,0.005324,0.914318,-215.752838,95.996841,89.162651
691,5.758333,-0.045972,0.402011,0.003911,0.914472,-215.747162,95.976082,89.203331
692,5.766667,-0.045530,0.401454,0.002615,0.914743,-215.740845,95.958771,89.248024
693,5.775000,-0.044485,0.401445,0.003158,0.914797,-215.737366,95.934311,89.299690
694,5.783333,-0.043593,0.401603,0.003937,0.914767,-215.738205,95.915718,89.352798
695,5.791667,-0.042930,0.403598,0.007691,0.913897,-215.732193,95.875603,89.423553
696,5.800000,-0.043442,0.403254,0.007403,0.914026,-215.741653,95.866524,89.463425
697,5.808333,-0.043629,0.402494,0.007152,0.914354,-215.740463,95.857635,89.502296
698,5.816667,-0.043459,0.401863,0.007193,0.914640,-215.733368,95.838799,89.552185
699,5.825000,-0.043150,0.401506,0.007656,0.914807,-215.729904,95.819061,89.599838
700,5.833333,-0.042824,0.401543,0.008145,0.914802,-215.728455,95.800713,89.642105
701,5.841667,-0.042807,0.401853,0.008397,0.914665,-215.727951,95.784798,89.680901
702,5.850000,-0.043115,0.402142,0.008332,0.914524,-215.725571,95.770302,89.722343
703,5.858333,-0.043734,0.402262,0.007946,0.914445,-215.723541,95.758232,89.765274
704,5.866667,-0.044134,0.402192,0.007692,0.914459,-215.720367,95.743591,89.804756
705,5.875000,-0.044459,0.401985,0.007450,0.914536,-215.715652,95.728264,89.847534
706,5.883333,-0.043758,0.401686,0.006954,0.914705,-215.706985,95.700783,89.901474
707,5.891667,-0.042896,0.402802,0.008880,0.914239,-215.692261,95.658607,89.972847
708,5.900000,-0.042395,0.402435,0.008085,0.914430,-215.695358,95.647018,90.014046
709,5.908333,-0.042231,0.402326,0.007842,0.914488,-215.695053,95.640022,90.050873
710,5.916667,-0.042177,0.402365,0.007492,0.914476,-215.693359,95.633720,90.090012
711,5.925000,-0.042551,0.402543,0.007075,0.914384,-215.691833,95.622337,90.134148
712,5.933333,-0.043246,0.402153,0.007103,0.914523,-215.690369,95.612785,90.178291
713,5.941667,-0.044126,0.401645,0.006498,0.914709,-215.690964,95.609619,90.220985
714,5.950000,-0.044824,0.401357,0.005806,0.914806,-215.690750,95.602196,90.256836
715,5.958333,-0.045695,0.401270,0.005191,0.914805,-215.690277,95.592270,90.293541
716,5.966667,-0.045886,0.402736,0.007543,0.914134,-215.680908,95.556038,90.353653
717,5.975000,-0.045002,0.402930,0.007410,0.914094,-215.679474,95.540848,90.408157
718,5.983333,-0.044375,0.402470,0.006764,0.914332,-215.686707,95.535553,90.445602
719,5.991667,-0.043383,0.403580,0.009764,0.913863,-215.675613,95.505341,90.505180
720,6.000000,-0.043344,0.403549,0.010160,0.913875,-215.669662,95.489594,90.548149
721,6.008333,-0.043908,0.402528,0.007948,0.914320,-215.673737,95.492950,90.581749
722,6.016667,-0.044096,0.402357,0.007315,0.914391,-215.669250,95.486626,90.620560
723,6.025000,-0.043657,0.402131,0.006001,0.914521,-215.667206,95.473846,90.661964
724,6.033333,-0.043231,0.402039,0.004902,0.914588,-215.667007,95.463898,90.697968
725,6.041667,-0.042897,0.402051,0.004276,0.914602,-215.667389,95.453239,90.739037
726,6.050000,-0.043043,0.402199,0.004176,0.914531,-215.669830,95.444054,90.790176
727,6.058333,-0.043266,0.402033,0.004238,0.914593,-215.668488,95.435944,90.834061
728,6.066667,-0.043274,0.401464,0.004171,0.914842,-215.669205,95.429756,90.875587
729,6.075000,-0.042848,0.401256,0.004432,0.914952,-215.663284,95.413681,90.925804
730,6.083333,-0.042735,0.401188,0.004398,0.914988,-215.660141,95.395073,90.973938
731,6.091667,-0.042577,0.401465,0.004770,0.914872,-215.658707,95.374840,91.019234
732,6.100000,-0.042144,0.403476,0.009241,0.913973,-215.649292,95.330307,91.081245
733,6.108333,-0.042276,0.402468,0.007573,0.914426,-215.655106,95.335945,91.102371
734,6.116667,-0.042773,0.402148,0.006713,0.914550,-215.653946,95.333115,91.135902
735,6.125000,-0.042950,0.402089,0.006845,0.914567,-215.645859,95.320198,91.181740
736,6.133333,-0.043237,0.402079,0.007573,0.914552,-215.641785,95.305283,91.225502
737,6.141667,-0.043087,0.402188,0.008301,0.914505,-215.644104,95.287994,91.265976
738,6.150000,-0.042851,0.402306,0.008967,0.914458,-215.646912,95.270523,91.305832
739,6.158333,-0.042536,0.402252,0.009280,0.914493,-215.649460,95.253136,91.349396
740,6.166667,-0.042057,0.401622,0.008316,0.914802,-215.652771,95.234177,91.397423
741,6.175000,-0.042026,0.401394,0.007320,0.914911,-215.650223,95.218155,91.436203
742,6.183333,-0.042485,0.401355,0.006606,0.914913,-215.642578,95.201958,91.477928
743,6.191667,-0.042891,0.401278,0.005987,0.914932,-215.632339,95.190353,91.522018
744,6.200000,-0.042719,0.402702,0.008646,0.914293,-215.613419,95.151146,91.591537
745,6.208333,-0.042782,0.403156,0.009585,0.914080,-215.607620,95.132774,91.642555
746,6.216667,-0.042870,0.402628,0.008443,0.914320,-215.615463,95.133148,91.671768
747,6.225000,-0.043028,0.402442,0.007400,0.914404,-215.619522,95.129028,91.702538
748,6.233333,-0.043089,0.402360,0.006448,0.914444,-215.621658,95.121231,91.738113
749,6.241667,-0.043207,0.402130,0.006076,0.914543,-215.624817,95.115021,91.777115
750,6.250000,-0.043024,0.401888,0.005874,0.914658,-215.628296,95.115860,91.816368
751,6.258333,-0.042754,0.401651,0.007641,0.914763,-215.649200,95.096474,91.865051
752,6.266667,-0.042728,0.401473,0.007808,0.914840,-215.650513,95.089905,91.903351
753,6.275000,-0.043821,0.401650,0.007623,0.914712,-215.648529,95.077415,91.945557
754,6.283333,-0.044694,0.401687,0.006867,0.914660,-215.635559,95.069824,91.976646
755,6.291667,-0.044880,0.401732,0.005343,0.914641,-215.627960,95.070854,92.006508
756,6.300000,-0.044161,0.402019,0.004881,0.914553,-215.621109,95.065422,92.045258
757,6.308333,-0.043890,0.402145,0.005825,0.914505,-215.618805,95.054146,92.095772
758,6.316667,-0.043240,0.403363,0.009317,0.913970,-215.603943,95.017731,92.164314
759,6.325000,-0.042361,0.402789,0.009152,0.914266,-215.601700,94.999245,92.220329
760,6.333333,-0.042418,0.401946,0.007817,0.914647,-215.609100,94.999626,92.253616
761,6.341667,-0.042625,0.401841,0.006983,0.914690,-215.606598,94.992241,92.284782
762,6.350000,-0.042513,0.401940,0.006664,0.914654,-215.602234,94.981766,92.324417
763,6.358333,-0.042242,0.402007,0.006393,0.914640,-215.601608,94.971252,92.367348
764,6.366667,-0.041654,0.402056,0.006390,0.914645,-215.603851,94.962402,92.406982
765,6.375000,-0.041532,0.402045,0.006377,0.914655,-215.606735,94.955772,92.440636
766,6.383333,-0.042144,0.401823,0.005964,0.914728,-215.605621,94.946281,92.475372
767,6.391667,-0.042788,0.401403,0.005654,0.914884,-215.600494,94.937424,92.514435
768,6.400000,-0.042762,0.401194,0.005322,0.914979,-215.595596,94.932892,92.547218
769,6.408333,-0.042396,0.401249,0.005431,0.914971,-215.591385,94.925621,92.583481
770,6.416667,-0.042530,0.401057,0.005404,0.915049,-215.592926,94.917580,92.620003
771,6.425000,-0.042808,0.400990,0.005694,0.915064,-215.597534,94.902382,92.664185
772,6.433333,-0.042476,0.402393,0.008931,0.914437,-215.592239,94.867844,92.727036
773,6.441667,-0.043003,0.402098,0.008474,0.914547,-215.602829,94.852921,92.770485
774,6.450000,-0.043231,0.401902,0.008738,0.914620,-215.606995,94.837303,92.806488
775,6.458333,-0.043078,0.401401,0.008952,0.914845,-215.609116,94.820435,92.850266
776,6.466667,-0.042976,0.401111,0.009023,0.914976,-215.605286,94.806885,92.893913
777,6.475000,-0.043159,0.401131,0.009222,0.914957,-215.599228,94.795212,92.931602
778,6.483333,-0.043473,0.401391,0.009208,0.914828,-215.596298,94.785217,92.964897
779,6.491667,-0.043428,0.401423,0.008625,0.914822,-215.595886,94.774727,92.997490
780,6.500000,-0.043163,0.401432,0.007801,0.914838,-215.594025,94.764397,93.032417
781,6.508333,-0.042896,0.401399,0.007246,0.914870,-215.594482,94.755623,93.070236
782,6.516667,-0.042599,0.401283,0.006658,0.914939,-215.596039,94.745209,93.109535
783,6.525000,-0.042683,0.401145,0.006209,0.914999,-215.597580,94.738579,93.146233
784,6.533333,-0.042530,0.400982,0.005739,0.915080,-215.597321,94.731361,93.185623
785,6.541667,-0.041691,0.401124,0.005800,0.915056,-215.592148,94.715706,93.234528
786,6.550000,-0.040898,0.402840,0.009339,0.914308,-215.577515,94.673767,93.305443
787,6.558333,-0.040709,0.402921,0.009671,0.914278,-215.577515,94.659798,93.343681
788,6.566667,-0.040592,0.402751,0.010159,0.914353,-215.583618,94.649185,93.376556
789,6.575000,-0.041298,0.401813,0.008801,0.914748,-215.601944,94.659424,93.402946
790,6.583333,-0.041985,0.401612,0.007880,0.914813,-215.612411,94.650970,93.442741
791,6.591667,-0.042079,0.401638,0.007512,0.914800,-215.614731,94.639091,93.479767
792,6.600000,-0.042222,0.401423,0.007398,0.914889,-215.618103,94.627205,93.518677
793,6.608333,-0.042770,0.401374,0.007513,0.914884,-215.620163,94.617065,93.555367
794,6.616667,-0.042983,0.401241,0.008203,0.914927,-215.633484,94.601959,93.601799
795,6.625000,-0.042797,0.401101,0.008132,0.914998,-215.632339,94.589790,93.641983
796,6.633333,-0.042720,0.401245,0.008013,0.914939,-215.630981,94.582809,93.681458
797,6.641667,-0.042792,0.401349,0.008065,0.914890,-215.635635,94.576385,93.714752
798,6.650000,-0.042917,0.401413,0.008078,0.914856,-215.643280,94.570366,93.747322
799,6.658333,-0.042496,0.401506,0.008647,0.914829,-215.644791,94.549690,93.788910
800,6.666667,-0.041620,0.401160,0.007710,0.915030,-215.629547,94.536537,93.826630
801,6.675000,-0.041198,0.400840,0.006218,0.915200,-215.616516,94.532158,93.857765
802,6.683333,-0.041740,0.400487,0.005091,0.915337,-215.610580,94.535240,93.884407
803,6.691667,-0.041601,0.401878,0.007960,0.914713,-215.593857,94.505989,93.941978
804,6.700000,-0.041615,0.401268,0.007194,0.914987,-215.597321,94.504044,93.976418
805,6.708333,-0.041276,0.400778,0.006969,0.915218,-215.598038,94.498657,94.008415
806,6.716667,-0.041342,0.400748,0.007157,0.915227,-215.599731,94.494476,94.038910
807,6.725000,-0.041554,0.400740,0.007326,0.915220,-215.605469,94.484772,94.071251
808,6.733333,-0.041453,0.400801,0.007781,0.915194,-215.612167,94.467972,94.112564
809,6.741667,-0.041273,0.400768,0.008342,0.915212,-215.615341,94.444870,94.157112
810,6.750000,-0.041421,0.400569,0.008794,0.915287,-215.615631,94.425545,94.199219
811,6.758333,-0.041701,0.400369,0.008974,0.915361,-215.612106,94.409393,94.238853
812,6.766667,-0.042056,0.400409,0.008988,0.915327,-215.607697,94.397774,94.274170
813,6.775000,-0.042410,0.400559,0.008752,0.915247,-215.601379,94.389999,94.308784
814,6.783333,-0.042675,0.400634,0.008277,0.915206,-215.596436,94.384155,94.340248
815,6.791667,-0.042967,0.400658,0.007701,0.915187,-215.595764,94.384003,94.367088
816,6.800000,-0.043349,0.400737,0.007117,0.915139,-215.597778,94.384453,94.390419
817,6.808333,-0.042081,0.400753,0.007024,0.915192,-215.599060,94.387733,94.418648
818,6.816667,-0.041876,0.402188,0.009811,0.914546,-215.587479,94.349121,94.481331
819,6.825000,-0.041857,0.402240,0.010203,0.914520,-215.587952,94.329834,94.526276
820,6.833333,-0.042066,0.401293,0.009015,0.914939,-215.599899,94.332481,94.553032
821,6.841667,-0.042310,0.401011,0.008758,0.915054,-215.599823,94.325989,94.585991
822,6.850000,-0.042014,0.400534,0.007966,0.915284,-215.595871,94.314568,94.626389
823,6.858333,-0.041576,0.400308,0.007273,0.915408,-215.589218,94.307930,94.667946
824,6.866667,-0.041521,0.400100,0.006988,0.915504,-215.588211,94.304321,94.701744
825,6.875000,-0.041720,0.400119,0.006627,0.915489,-215.588593,94.305244,94.730263
826,6.883333,-0.041912,0.400375,0.006148,0.915372,-215.589233,94.303352,94.760635
827,6.891667,-0.041823,0.400469,0.006073,0.915335,-215.587036,94.300720,94.792000
828,6.900000,-0.041661,0.400466,0.005506,0.915347,-215.583878,94.298294,94.828323
829,6.908333,-0.041554,0.400384,0.004819,0.915392,-215.578171,94.298920,94.863365
830,6.916667,-0.041784,0.400190,0.004038,0.915470,-215.572861,94.302956,94.894318
831,6.925000,-0.041493,0.400128,0.005553,0.915502,-215.593796,94.283745,94.943527
832,6.933333,-0.040934,0.400378,0.006409,0.915413,-215.591248,94.271729,94.991997
833,6.941667,-0.040962,0.400730,0.006931,0.915254,-215.590424,94.262123,95.035896
834,6.950000,-0.040962,0.401210,0.007641,0.915038,-215.587402,94.248131,95.075943
835,6.958333,-0.040480,0.401756,0.011008,0.914785,-215.567596,94.214951,95.108017
836,6.966667,-0.040306,0.401968,0.011007,0.914700,-215.562531,94.210258,95.142769
837,6.975000,-0.040333,0.401472,0.008948,0.914939,-215.567642,94.222794,95.177261
838,6.983333,-0.040228,0.401310,0.008558,0.915018,-215.564651,94.219795,95.206299
839,6.991667,-0.040439,0.401247,0.008648,0.915036,-215.556854,94.211861,95.235252
840,7.000000,-0.040678,0.401116,0.008757,0.915082,-215.548416,94.204475,95.267845
841,7.008333,-0.041260,0.401145,0.008429,0.915046,-215.541794,94.191086,95.304367
842,7.016667,-0.041779,0.401012,0.008169,0.915083,-215.538239,94.179222,95.334435
843,7.025000,-0.042406,0.401039,0.008159,0.915043,-215.538101,94.166878,95.361748
844,7.033333,-0.042688,0.400968,0.007920,0.915063,-215.540894,94.157585,95.389496
845,7.041667,-0.043084,0.400955,0.007822,0.915051,-215.544159,94.148369,95.417175
846,7.050000,-0.043512,0.400948,0.007823,0.915034,-215.545471,94.140228,95.443710
847,7.058333,-0.043344,0.400827,0.007756,0.915095,-215.543991,94.123932,95.476768
848,7.066667,-0.043339,0.400548,0.007612,0.915219,-215.541367,94.111130,95.506569
849,7.075000,-0.043375,0.400413,0.007756,0.915275,-215.540314,94.096909,95.540985
850,7.083333,-0.043078,0.400277,0.008385,0.915343,-215.541077,94.076378,95.578957
851,7.091667,-0.043180,0.400293,0.009152,0.915324,-215.544769,94.062553,95.610138
852,7.100000,-0.043391,0.400065,0.010665,0.915397,-215.550537,94.052597,95.642784
853,7.108333,-0.043608,0.400180,0.011619,0.915325,-215.552231,94.048134,95.664825
854,7.116667,-0.043813,0.400363,0.012566,0.915222,-215.555405,94.041908,95.686157
855,7.125000,-0.043995,0.400576,0.013364,0.915109,-215.560074,94.036774,95.708878
856,7.133333,-0.044020,0.400655,0.013721,0.915068,-215.564590,94.033936,95.728294
857,7.141667,-0.044143,0.400710,0.013780,0.915037,-215.566299,94.033195,95.741325
858,7.150000,-0.044538,0.400714,0.013594,0.915019,-215.566132,94.033920,95.751968
859,7.158333,-0.044860,0.400809,0.013552,0.914963,-215.564178,94.036446,95.761818
860,7.166667,-0.044994,0.400876,0.013646,0.914925,-215.560654,94.039497,95.769539
861,7.175000,-0.045216,0.400885,0.013797,0.914908,-215.558838,94.041290,95.775269
862,7.183333,-0.045555,0.401114,0.013932,0.914789,-215.560654,94.041153,95.785263
863,7.191667,-0.045665,0.401023,0.013869,0.914824,-215.560364,94.038757,95.794281
864,7.200000,-0.045988,0.401028,0.014002,0.914804,-215.561371,94.034843,95.800308
865,7.208333,-0.046141,0.401109,0.014240,0.914757,-215.560501,94.027786,95.806084
866,7.216667,-0.046125,0.401065,0.014332,0.914775,-215.559204,94.017883,95.814606
867,7.225000,-0.046359,0.401220,0.014789,0.914688,-215.559525,94.009453,95.822891
868,7.233333,-0.044699,0.400694,0.012584,0.915034,-215.557129,93.980011,95.837883
869,7.241667,-0.043315,0.400341,0.011151,0.915274,-215.562958,93.952545,95.848221
870,7.250000,-0.042392,0.400235,0.010294,0.915374,-215.567825,93.926491,95.857552
871,7.258333,-0.041752,0.400128,0.009884,0.915455,-215.568954,93.903404,95.866234
872,7.266667,-0.041254,0.400099,0.010027,0.915488,-215.567780,93.879753,95.874748
873,7.275000,-0.040930,0.400111,0.010250,0.915495,-215.565460,93.855415,95.878937
874,7.283333,-0.041070,0.400133,0.010233,0.915479,-215.564346,93.832390,95.879860
875,7.291667,-0.041969,0.400328,0.009918,0.915357,-215.562775,93.803139,95.881981
876,7.300000,-0.042260,0.400294,0.009467,0.915363,-215.561722,93.771599,95.880798
877,7.308333,-0.042219,0.400095,0.008791,0.915459,-215.563171,93.741997,95.882317
878,7.316667,-0.041574,0.399810,0.008068,0.915619,-215.563614,93.710205,95.885132
879,7.325000,-0.040613,0.399501,0.007478,0.915802,-215.565796,93.673882,95.890694
880,7.333333,-0.039539,0.399039,0.007133,0.916053,-215.569901,93.637878,95.900223
881,7.341667,-0.037791,0.399075,0.007800,0.916106,-215.567230,93.593422,95.915703
882,7.350000,-0.036681,0.399063,0.008572,0.916149,-215.569687,93.554840,95.924080
883,7.358333,-0.035345,0.399351,0.009971,0.916062,-215.567490,93.503952,95.933426
884,7.366667,-0.034307,0.399425,0.010990,0.916058,-215.570145,93.455032,95.941559
885,7.375000,-0.033184,0.400788,0.014031,0.915462,-215.559860,93.383820,95.972565
886,7.383333,-0.033123,0.401038,0.013934,0.915356,-215.559692,93.325714,95.987206
887,7.391667,-0.032986,0.400314,0.013668,0.915682,-215.586304,93.273094,96.001625
888,7.400000,-0.032440,0.400017,0.013743,0.915830,-215.589020,93.226952,96.013657
889,7.408333,-0.032079,0.400080,0.013745,0.915816,-215.575027,93.191238,96.025467
890,7.416667,-0.031365,0.399895,0.013587,0.915924,-215.566345,93.161301,96.034859
891,7.425000,-0.032204,0.399856,0.013265,0.915916,-215.563202,93.126450,96.051117
892,7.433333,-0.032700,0.399525,0.012804,0.916050,-215.559509,93.095367,96.063904
893,7.441667,-0.033021,0.399232,0.012606,0.916168,-215.559647,93.068703,96.078690
894,7.450000,-0.032589,0.398982,0.012215,0.916298,-215.559433,93.047127,96.094719
895,7.458333,-0.032043,0.398747,0.011702,0.916427,-215.560226,93.031487,96.108276
896,7.466667,-0.031697,0.398568,0.011312,0.916521,-215.561768,93.019096,96.122528
897,7.475000,-0.031434,0.398452,0.011096,0.916583,-215.563019,93.008842,96.137276
898,7.483333,-0.031296,0.398527,0.010867,0.916558,-215.562531,93.001328,96.154221
899,7.491667,-0.030467,0.398766,0.011514,0.916474,-215.560669,92.990425,96.177818
900,7.500000,-0.030079,0.398913,0.011627,0.916422,-215.561981,92.987457,96.197182
901,7.508333,-0.029944,0.398987,0.011760,0.916392,-215.561646,92.989487,96.215858
902,7.516667,-0.030488,0.399056,0.011905,0.916342,-215.559723,92.996391,96.236046
903,7.525000,-0.030908,0.399087,0.011782,0.916316,-215.556091,93.007607,96.253029
904,7.533333,-0.031218,0.398949,0.011819,0.916365,-215.554596,93.025444,96.272697
905,7.541667,-0.031110,0.398754,0.011923,0.916452,-215.554810,93.042191,96.298012
906,7.550000,-0.030678,0.398583,0.012021,0.916540,-215.555786,93.061058,96.328102
907,7.558333,-0.030144,0.398338,0.014314,0.916631,-215.578766,93.060043,96.365829
908,7.566667,-0.029737,0.398461,0.014692,0.916585,-215.579010,93.077293,96.394463
909,7.575000,-0.029515,0.398850,0.015043,0.916418,-215.576981,93.097145,96.421692
910,7.583333,-0.029963,0.399269,0.014838,0.916224,-215.567444,93.126671,96.442619
911,7.591667,-0.030653,0.399441,0.014058,0.916138,-215.563370,93.155914,96.457283
912,7.600000,-0.031577,0.399466,0.013066,0.916111,-215.561203,93.186905,96.470741
913,7.608333,-0.032699,0.399400,0.012053,0.916114,-215.558914,93.221001,96.485512
914,7.616667,-0.033615,0.399378,0.011093,0.916103,-215.552872,93.249062,96.497688
915,7.625000,-0.034014,0.400255,0.013838,0.915668,-215.534515,93.244675,96.522842
916,7.633333,-0.034402,0.400439,0.013789,0.915574,-215.527924,93.253883,96.537987
917,7.641667,-0.034575,0.400444,0.013773,0.915565,-215.524582,93.261749,96.556816
918,7.650000,-0.035094,0.400288,0.013945,0.915611,-215.528137,93.268814,96.572563
919,7.658333,-0.035518,0.400211,0.014202,0.915624,-215.532501,93.272987,96.587044
920,7.666667,-0.035820,0.400068,0.014515,0.915670,-215.538910,93.274689,96.605240
921,7.675000,-0.036030,0.399537,0.012754,0.915920,-215.552856,93.285027,96.625008
922,7.683333,-0.035672,0.399182,0.012120,0.916097,-215.556595,93.282722,96.643791
923,7.691667,-0.035627,0.399020,0.011825,0.916173,-215.558380,93.276711,96.661720
924,7.700000,-0.035651,0.399047,0.011838,0.916161,-215.560272,93.271378,96.676620
925,7.708333,-0.035844,0.399077,0.011772,0.916141,-215.563538,93.271202,96.694008
926,7.716667,-0.035659,0.399249,0.011999,0.916070,-215.563278,93.263474,96.709023
927,7.725000,-0.035629,0.399312,0.012194,0.916042,-215.564377,93.257179,96.724968
928,7.733333,-0.035593,0.399296,0.012342,0.916048,-215.563492,93.251244,96.739372
929,7.741667,-0.035648,0.399290,0.012212,0.916050,-215.562576,93.244904,96.753471
930,7.750000,-0.035523,0.399203,0.012345,0.916091,-215.560959,93.236420,96.767441
931,7.758333,-0.035394,0.399269,0.012384,0.916067,-215.559555,93.226883,96.781143
932,7.766667,-0.035437,0.399357,0.012216,0.916029,-215.560699,93.219177,96.795677
933,7.775000,-0.035520,0.399308,0.012315,0.916046,-215.562057,93.210594,96.805580
934,7.783333,-0.035544,0.399371,0.012208,0.916019,-215.564270,93.202713,96.815125
935,7.791667,-0.035602,0.399360,0.012279,0.916020,-215.567276,93.194717,96.823158
936,7.800000,-0.035752,0.399281,0.012614,0.916045,-215.568802,93.185043,96.831741
937,7.808333,-0.035840,0.399295,0.012608,0.916035,-215.568848,93.176666,96.839951
938,7.816667,-0.036305,0.399163,0.012734,0.916073,-215.569260,93.166908,96.846916
939,7.825000,-0.036597,0.399139,0.012495,0.916075,-215.568359,93.156387,96.855888
940,7.833333,-0.036560,0.398950,0.012567,0.916157,-215.568573,93.145981,96.863029
941,7.841667,-0.036412,0.398909,0.012668,0.916180,-215.568024,93.133118,96.869492
942,7.850000,-0.036201,0.398982,0.012714,0.916156,-215.569397,93.116699,96.877441
943,7.858333,-0.035816,0.398951,0.012737,0.916184,-215.571091,93.097214,96.884308
944,7.866667,-0.035276,0.398807,0.012140,0.916275,-215.573746,93.078056,96.891846
945,7.875000,-0.034764,0.398589,0.011597,0.916397,-215.576263,93.060814,96.897682
946,7.883333,-0.034347,0.398380,0.011072,0.916510,-215.579056,93.048599,96.904160
947,7.891667,-0.034044,0.398323,0.010536,0.916553,-215.579086,93.039635,96.908745
948,7.900000,-0.033981,0.398239,0.010431,0.916593,-215.581207,93.034889,96.914795
949,7.908333,-0.034045,0.398336,0.010443,0.916548,-215.584137,93.023033,96.920410
950,7.916667,-0.033471,0.398798,0.011147,0.916360,-215.586136,92.993515,96.932434
951,7.925000,-0.033232,0.398952,0.010854,0.916305,-215.593033,92.963753,96.941803
952,7.933333,-0.032587,0.399011,0.010664,0.916305,-215.601974,92.923851,96.951828
953,7.941667,-0.032059,0.398794,0.010427,0.916421,-215.615158,92.881485,96.956734
954,7.950000,-0.031022,0.398516,0.011126,0.916569,-215.623657,92.831818,96.959877
955,7.958333,-0.029756,0.398299,0.012066,0.916694,-215.630432,92.775749,96.966019
956,7.966667,-0.028129,0.399483,0.016475,0.916161,-215.621475,92.689384,96.992783
957,7.975000,-0.026817,0.399671,0.017956,0.916090,-215.617081,92.622574,97.009613
958,7.983333,-0.026294,0.398932,0.016422,0.916456,-215.622116,92.578362,97.011421
959,7.991667,-0.026297,0.398542,0.015462,0.916643,-215.624100,92.532524,97.011269
960,8.000000,-0.026705,0.398598,0.014632,0.916620,-215.621017,92.496307,97.012451
961,8.008333,-0.027158,0.398559,0.015096,0.916616,-215.619247,92.463943,97.011902
962,8.016667,-0.027516,0.398574,0.015282,0.916596,-215.620926,92.443283,97.010727
963,8.025000,-0.027600,0.398475,0.015821,0.916627,-215.632217,92.428612,97.013870
964,8.033333,-0.027755,0.398574,0.015350,0.916587,-215.639145,92.424690,97.016731
965,8.041667,-0.027628,0.398536,0.015659,0.916603,-215.639465,92.414246,97.018730
966,8.050000,-0.027224,0.398549,0.015742,0.916608,-215.639236,92.411156,97.023918
967,8.058333,-0.027085,0.398465,0.015635,0.916650,-215.637543,92.414474,97.023941
968,8.066667,-0.027142,0.398498,0.015507,0.916636,-215.633514,92.422127,97.018799
969,8.075000,-0.027310,0.398675,0.015285,0.916558,-215.630966,92.432388,97.015800
970,8.083333,-0.027533,0.398686,0.014996,0.916552,-215.619522,92.444199,97.005554
971,8.091667,-0.027677,0.398657,0.014673,0.916565,-215.616394,92.451683,96.999817
972,8.100000,-0.027692,0.398699,0.015479,0.916533,-215.631683,92.441833,97.009346
973,8.108333,-0.027722,0.398696,0.015743,0.916529,-215.634018,92.431946,97.012955
974,8.116667,-0.027570,0.398659,0.015770,0.916549,-215.636902,92.423096,97.020233
975,8.125000,-0.027372,0.398528,0.015685,0.916614,-215.639313,92.416542,97.023155
976,8.133333,-0.027280,0.398417,0.015553,0.916667,-215.641022,92.417496,97.024849
977,8.141667,-0.027385,0.398421,0.015321,0.916666,-215.639374,92.425018,97.021034
978,8.150000,-0.027125,0.398606,0.015109,0.916597,-215.634186,92.434258,97.019440
979,8.158333,-0.027197,0.398726,0.014574,0.916551,-215.619324,92.444832,97.011200
980,8.166667,-0.027263,0.398719,0.014082,0.916559,-215.608978,92.448479,97.003166
981,8.175000,-0.027476,0.398778,0.013722,0.916533,-215.603851,92.446671,97.000435
982,8.183333,-0.027542,0.398675,0.013684,0.916576,-215.600845,92.439865,97.001190
983,8.191667,-0.027400,0.398697,0.013553,0.916573,-215.597061,92.429420,97.003647
984,8.200000,-0.027242,0.398591,0.013291,0.916628,-215.595322,92.423279,97.003799
985,8.208333,-0.027168,0.398562,0.012984,0.916647,-215.590530,92.421684,97.001877
986,8.216667,-0.027249,0.398578,0.012497,0.916644,-215.581345,92.423607,96.996506
987,8.225000,-0.027399,0.398863,0.011651,0.916527,-215.567612,92.420471,96.984688
988,8.233333,-0.027944,0.399570,0.010130,0.916221,-215.553116,92.404503,96.966377
989,8.241667,-0.027477,0.399643,0.009229,0.916212,-215.538605,92.364342,96.941048
990,8.250000,-0.027921,0.399565,0.008613,0.916239,-215.529495,92.287346,96.914520
991,8.258333,-0.028657,0.398923,0.008077,0.916501,-215.519745,92.240517,96.914444
992,8.266667,-0.028907,0.398541,0.007552,0.916664,-215.496567,92.210083,96.919487
993,8.275000,-0.028865,0.398241,0.006924,0.916800,-215.478302,92.214897,96.938232
994,8.283333,-0.028383,0.398021,0.006045,0.916917,-215.469070,92.223930,96.956261
995,8.291667,-0.027720,0.397712,0.005213,0.917077,-215.470505,92.228882,96.974602
996,8.300000,-0.027116,0.397752,0.004451,0.917081,-215.475006,92.228035,97.001938
997,8.308333,-0.026410,0.397106,0.004444,0.917382,-215.482147,92.228355,97.040970
998,8.316667,-0.024700,0.396611,0.005135,0.917640,-215.497559,92.219719,97.098602
999,8.325000,-0.022204,0.397160,0.009280,0.917434,-215.544708,92.186440,97.188103
1000,8.333333,-0.019331,0.397831,0.011037,0.917189,-215.556961,92.177521,97.262154
1001,8.341667,-0.016383,0.399638,0.012103,0.916447,-215.525696,92.175011,97.343353
1002,8.350000,-0.014289,0.401274,0.012661,0.915759,-215.496445,92.180290,97.420227
1003,8.358333,-0.012689,0.402675,0.012605,0.915168,-215.470642,92.190575,97.497154
1004,8.366667,-0.010632,0.403422,0.014926,0.914831,-215.465973,92.178429,97.590988
1005,8.375000,-0.009080,0.403841,0.015089,0.914660,-215.447861,92.179810,97.667549
1006,8.383333,-0.006965,0.404718,0.015655,0.914281,-215.436508,92.176903,97.740944
1007,8.391667,-0.004757,0.406562,0.019996,0.913392,-215.420776,92.153481,97.802803
1008,8.400000,-0.003536,0.408011,0.019617,0.912759,-215.440994,92.172234,97.848145
1009,8.408333,-0.003095,0.409075,0.018867,0.912300,-215.475922,92.188499,97.873154
1010,8.416667,-0.003068,0.409946,0.019469,0.911897,-215.512878,92.193619,97.888741
1011,8.425000,-0.003015,0.410420,0.020401,0.911663,-215.543961,92.190125,97.894882
1012,8.433333,-0.003140,0.410295,0.021343,0.911698,-215.565567,92.183289,97.892601
1013,8.441667,-0.002889,0.409631,0.025135,0.911900,-215.565109,92.149231,97.869720
1014,8.450000,-0.003439,0.408633,0.026393,0.912311,-215.562149,92.132881,97.842270
1015,8.458333,-0.004941,0.407804,0.023755,0.912747,-215.559570,92.144440,97.816399
1016,8.466667,-0.006433,0.406529,0.021755,0.913356,-215.544418,92.142349,97.764816
1017,8.475000,-0.007896,0.405413,0.020173,0.913877,-215.520859,92.136078,97.703850
1018,8.483333,-0.009255,0.404549,0.017911,0.914294,-215.490005,92.133873,97.624557
1019,8.491667,-0.010183,0.403937,0.015383,0.914601,-215.452530,92.135880,97.538734
1020,8.500000,-0.011584,0.403462,0.013213,0.914828,-215.413971,92.147873,97.467079
1021,8.508333,-0.013470,0.402966,0.011587,0.915042,-215.377136,92.161842,97.398605
1022,8.516667,-0.015307,0.402563,0.009588,0.915214,-215.339020,92.174805,97.342628
1023,8.525000,-0.017037,0.403023,0.009547,0.914981,-215.304047,92.185905,97.288338
1024,8.533333,-0.017448,0.403032,0.008699,0.914978,-215.267807,92.196785,97.254036
1025,8.541667,-0.016182,0.401378,0.005192,0.915755,-215.255783,92.195335,97.249184
1026,8.550000,-0.015393,0.399572,0.002701,0.916569,-215.253494,92.195625,97.256401
1027,8.558333,-0.014797,0.398158,0.001449,0.917196,-215.259476,92.198586,97.269859
1028,8.566667,-0.013880,0.397106,0.001232,0.917667,-215.275482,92.197884,97.292213
1029,8.575000,-0.012473,0.396356,0.004226,0.918003,-215.319611,92.174599,97.341690
1030,8.583333,-0.011280,0.395631,0.005429,0.918324,-215.338425,92.169579,97.389671
1031,8.591667,-0.010449,0.394657,0.006477,0.918747,-215.360855,92.172440,97.447823
1032,8.600000,-0.010269,0.393836,0.007907,0.919089,-215.398697,92.178551,97.505867
1033,8.608333,-0.010489,0.393210,0.010037,0.919334,-215.453171,92.178078,97.554398
1034,8.616667,-0.009760,0.392610,0.014700,0.919536,-215.540726,92.150414,97.602806
1035,8.625000,-0.008989,0.392292,0.016855,0.919642,-215.601868,92.138519,97.635529
1036,8.633333,-0.008315,0.391966,0.018581,0.919754,-215.648697,92.130371,97.655472
1037,8.641667,-0.008278,0.391551,0.019715,0.919908,-215.678497,92.130699,97.659081
1038,8.650000,-0.008664,0.390904,0.020364,0.920165,-215.707474,92.131386,97.651688
1039,8.658333,-0.009402,0.390237,0.021051,0.920426,-215.733261,92.134575,97.637276
1040,8.666667,-0.010333,0.389745,0.021429,0.920616,-215.749985,92.139297,97.616714
1041,8.675000,-0.011513,0.389348,0.021746,0.920762,-215.750534,92.143600,97.583313
1042,8.683333,-0.012585,0.389177,0.022203,0.920809,-215.740662,92.145638,97.549728
1043,8.691667,-0.013621,0.389154,0.022464,0.920798,-215.718704,92.145584,97.509666
1044,8.700000,-0.015063,0.389291,0.023335,0.920696,-215.683228,92.149170,97.465134
1045,8.708333,-0.016385,0.389386,0.024161,0.920612,-215.640503,92.154701,97.427490
1046,8.716667,-0.017962,0.389195,0.024669,0.920650,-215.597626,92.170792,97.403076
1047,8.725000,-0.016609,0.387194,0.021336,0.921602,-215.544418,92.170151,97.407501
1048,8.733333,-0.015284,0.385722,0.018131,0.922311,-215.490768,92.164177,97.414726
1049,8.741667,-0.013849,0.384313,0.016466,0.922952,-215.437836,92.151573,97.422348
1050,8.750000,-0.012713,0.384282,0.014127,0.923020,-215.366486,92.147263,97.444244
1051,8.758333,-0.012040,0.384209,0.011306,0.923099,-215.311249,92.163017,97.473587
1052,8.766667,-0.011153,0.384058,0.009337,0.923194,-215.268539,92.178467,97.492393
1053,8.775000,-0.010353,0.383588,0.009477,0.923398,-215.244156,92.179192,97.493484
1054,8.783333,-0.010144,0.383539,0.008130,0.923433,-215.217636,92.188843,97.481316
1055,8.791667,-0.010618,0.383507,0.006979,0.923451,-215.202194,92.194801,97.460022
1056,8.800000,-0.011467,0.383543,0.006577,0.923428,-215.199875,92.194870,97.433960
1057,8.808333,-0.012808,0.383572,0.006902,0.923396,-215.216919,92.191284,97.408630
1058,8.816667,-0.013944,0.383585,0.008146,0.923365,-215.247726,92.185532,97.395233
1059,8.825000,-0.014561,0.384053,0.010726,0.923134,-215.280228,92.171722,97.397820
1060,8.833333,-0.014554,0.384260,0.012300,0.923028,-215.318756,92.169037,97.412888
1061,8.841667,-0.013996,0.383603,0.015163,0.923268,-215.374161,92.154602,97.433380
1062,8.850000,-0.013782,0.383874,0.015782,0.923148,-215.410690,92.159782,97.469528
1063,8.858333,-0.013576,0.383999,0.016331,0.923089,-215.459091,92.166855,97.506165
1064,8.866667,-0.013185,0.384009,0.017640,0.923067,-215.518692,92.167786,97.540054
1065,8.875000,-0.012335,0.384018,0.019229,0.923043,-215.568756,92.157227,97.566757
1066,8.883333,-0.011540,0.383383,0.021905,0.923258,-215.616776,92.136230,97.579865
1067,8.891667,-0.011551,0.383515,0.022467,0.923189,-215.640686,92.133644,97.594322
1068,8.900000,-0.011581,0.383587,0.022670,0.923154,-215.658981,92.136803,97.598953
1069,8.908333,-0.011713,0.383764,0.022736,0.923077,-215.670593,92.138580,97.592834
1070,8.916667,-0.011906,0.383916,0.022531,0.923016,-215.673203,92.141220,97.578583
1071,8.925000,-0.012227,0.383952,0.022187,0.923006,-215.664810,92.141685,97.555031
1072,8.933333,-0.012829,0.384052,0.021746,0.922966,-215.644974,92.140961,97.525139
1073,8.941667,-0.013513,0.384099,0.020872,0.922957,-215.615158,92.146721,97.496040
1074,8.950000,-0.014129,0.384411,0.019463,0.922849,-215.571640,92.157074,97.471283
1075,8.958333,-0.014521,0.384780,0.018568,0.922707,-215.523743,92.165123,97.454185
1076,8.966667,-0.014654,0.384980,0.018069,0.922632,-215.470551,92.171440,97.447472
1077,8.975000,-0.014589,0.385073,0.018646,0.922583,-215.407944,92.165901,97.453239
1078,8.983333,-0.014792,0.385408,0.017255,0.922466,-215.356918,92.176224,97.468758
1079,8.991667,-0.014861,0.385627,0.015647,0.922402,-215.313980,92.187187,97.479485
1080,9.000000,-0.014652,0.385728,0.014157,0.922388,-215.283722,92.191299,97.475426
1081,9.008333,-0.014877,0.385683,0.012296,0.922429,-215.265182,92.196968,97.461494
1082,9.016667,-0.015174,0.385505,0.011183,0.922513,-215.255234,92.200356,97.448517
1083,9.025000,-0.014982,0.385371,0.010638,0.922579,-215.246155,92.200371,97.450745
1084,9.033333,-0.014672,0.385266,0.010659,0.922627,-215.246506,92.196869,97.457176
1085,9.041667,-0.014542,0.385083,0.011359,0.922697,-215.259903,92.190735,97.461624
1086,9.050000,-0.014336,0.384964,0.012254,0.922739,-215.281158,92.185715,97.475281
1087,9.058333,-0.014051,0.384809,0.013117,0.922796,-215.306732,92.180305,97.490662
1088,9.066667,-0.014225,0.384736,0.014708,0.922800,-215.342926,92.177650,97.499741
1089,9.075000,-0.013648,0.383968,0.014807,0.923127,-215.375259,92.167267,97.516983
1090,9.083333,-0.013742,0.383949,0.016012,0.923113,-215.420349,92.165710,97.526344
1091,9.091667,-0.013623,0.383933,0.017327,0.923098,-215.470215,92.163910,97.546539
1092,9.100000,-0.013341,0.383690,0.018796,0.923174,-215.512894,92.162262,97.566696
1093,9.108333,-0.012864,0.383476,0.019584,0.923254,-215.544250,92.157623,97.576149
1094,9.116667,-0.012468,0.383365,0.021231,0.923268,-215.565201,92.141022,97.577194
1095,9.125000,-0.012571,0.383127,0.020871,0.923374,-215.585205,92.142570,97.571045
1096,9.133333,-0.012751,0.383002,0.020405,0.923434,-215.594604,92.143692,97.557297
1097,9.141667,-0.013067,0.383074,0.020053,0.923407,-215.594009,92.145416,97.540001
1098,9.150000,-0.013360,0.383162,0.019626,0.923376,-215.582321,92.149788,97.528435
1099,9.158333,-0.013449,0.383129,0.018860,0.923404,-215.560883,92.154358,97.524040
1100,9.166667,-0.013104,0.383146,0.018065,0.923418,-215.532990,92.156204,97.528625
1101,9.175000,-0.012532,0.383075,0.018242,0.923452,-215.498001,92.147133,97.540367
1102,9.183333,-0.012012,0.382735,0.016721,0.923629,-215.456345,92.149887,97.551086
1103,9.191667,-0.011701,0.382825,0.014679,0.923630,-215.410858,92.155052,97.552956
1104,9.200000,-0.012009,0.382911,0.013579,0.923607,-215.375549,92.163101,97.544136
1105,9.208333,-0.012537,0.382976,0.013041,0.923581,-215.351242,92.168762,97.524681
1106,9.216667,-0.013107,0.383121,0.013088,0.923512,-215.337112,92.170296,97.496742
1107,9.225000,-0.014024,0.383284,0.013200,0.923430,-215.331360,92.170837,97.475342
1108,9.233333,-0.014460,0.383625,0.014197,0.923266,-215.324875,92.161484,97.465393
1109,9.241667,-0.014704,0.383610,0.014711,0.923261,-215.329559,92.158394,97.470100
1110,9.250000,-0.014322,0.383338,0.014249,0.923387,-215.341431,92.161072,97.484673
1111,9.258333,-0.013703,0.383373,0.014030,0.923385,-215.355164,92.164093,97.513596
1112,9.266667,-0.013211,0.383497,0.014403,0.923335,-215.373322,92.165405,97.539375
1113,9.275000,-0.013040,0.383681,0.015408,0.923245,-215.403107,92.164772,97.552422
1114,9.283333,-0.013164,0.383714,0.017086,0.923200,-215.444519,92.164711,97.559914
1115,9.291667,-0.013092,0.383783,0.018267,0.923150,-215.483826,92.163841,97.560432
1116,9.300000,-0.013008,0.383885,0.018534,0.923103,-215.512268,92.164787,97.555389
1117,9.308333,-0.012676,0.383945,0.021255,0.923024,-215.522812,92.136993,97.544426
1118,9.316667,-0.012505,0.383656,0.023063,0.923103,-215.531464,92.117371,97.537041
1119,9.325000,-0.012501,0.383489,0.023209,0.923169,-215.533356,92.114349,97.541611
1120,9.333333,-0.012584,0.383585,0.021876,0.923161,-215.529877,92.125473,97.550468
1121,9.341667,-0.012617,0.383751,0.019723,0.923140,-215.521240,92.141708,97.555466
1122,9.350000,-0.012565,0.383922,0.017396,0.923116,-215.505142,92.155388,97.551552
1123,9.358333,-0.012461,0.384064,0.015351,0.923095,-215.476059,92.162384,97.546669
1124,9.366667,-0.012299,0.383976,0.014158,0.923153,-215.434723,92.164818,97.547012
1125,9.375000,-0.012520,0.384067,0.013813,0.923117,-215.393799,92.163055,97.542038
1126,9.383333,-0.012980,0.384249,0.014134,0.923030,-215.368027,92.160797,97.526001
1127,9.391667,-0.013535,0.384483,0.014301,0.922922,-215.351151,92.161415,97.510620
1128,9.400000,-0.014974,0.385963,0.015732,0.922258,-215.339447,92.174973,97.490791
1129,9.408333,-0.015718,0.386959,0.015547,0.921832,-215.331192,92.187943,97.488045
1130,9.416667,-0.013901,0.386229,0.012425,0.922215,-215.329239,92.180519,97.511528
1131,9.425000,-0.012938,0.386068,0.011382,0.922310,-215.338440,92.176041,97.519325
1132,9.433333,-0.012588,0.386127,0.011271,0.922291,-215.361328,92.173828,97.516533
1133,9.441667,-0.012361,0.386067,0.010843,0.922324,-215.383362,92.170364,97.520187
1134,9.450000,-0.011944,0.386048,0.010531,0.922341,-215.399689,92.165672,97.532799
1135,9.458333,-0.011397,0.385986,0.010670,0.922372,-215.408295,92.162804,97.550003
1136,9.466667,-0.010856,0.386112,0.011397,0.922318,-215.409973,92.160522,97.563950
1137,9.475000,-0.010666,0.386105,0.012101,0.922314,-215.412216,92.157570,97.569870
1138,9.483333,-0.010937,0.386127,0.012504,0.922296,-215.413422,92.157471,97.564583
1139,9.491667,-0.011200,0.386096,0.012195,0.922310,-215.407303,92.156845,97.548264
1140,9.500000,-0.011661,0.386123,0.011413,0.922303,-215.396332,92.159950,97.535538
1141,9.508333,-0.011923,0.386088,0.010017,0.922331,-215.383728,92.165390,97.526352
1142,9.516667,-0.012237,0.385993,0.009499,0.922372,-215.374939,92.169174,97.519150
1143,9.525000,-0.012377,0.385912,0.008955,0.922409,-215.367859,92.172470,97.520676
1144,9.533333,-0.012630,0.385776,0.008542,0.922467,-215.369385,92.181435,97.518425
1145,9.541667,-0.012468,0.385482,0.008320,0.922594,-215.374969,92.184052,97.520103
1146,9.550000,-0.012177,0.385535,0.008504,0.922574,-215.379028,92.183929,97.526230
1147,9.558333,-0.011980,0.385540,0.008670,0.922573,-215.386963,92.183342,97.532616
1148,9.566667,-0.011793,0.385592,0.008970,0.922550,-215.393311,92.180016,97.538635
1149,9.575000,-0.011736,0.385627,0.009200,0.922534,-215.396301,92.178139,97.537361
1150,9.583333,-0.011865,0.385711,0.009351,0.922496,-215.392563,92.176140,97.534103
1151,9.591667,-0.012030,0.385733,0.009349,0.922485,-215.389755,92.175194,97.530006
1152,9.600000,-0.011983,0.385790,0.009358,0.922461,-215.384750,92.173637,97.526535
1153,9.608333,-0.012012,0.385750,0.009159,0.922480,-215.380890,92.174553,97.521278
1154,9.616667,-0.012044,0.385694,0.008769,0.922507,-215.377167,92.177315,97.518921
1155,9.625000,-0.012270,0.385641,0.008580,0.922527,-215.377396,92.179909,97.518333
1156,9.633333,-0.012157,0.385552,0.008284,0.922569,-215.380219,92.181381,97.519173
1157,9.641667,-0.012218,0.385507,0.008341,0.922586,-215.386444,92.183044,97.524132
1158,9.650000,-0.012131,0.385471,0.008687,0.922599,-215.392548,92.181427,97.529907
1159,9.658333,-0.012007,0.385608,0.008981,0.922541,-215.397995,92.180000,97.536758
1160,9.666667,-0.011827,0.385685,0.009237,0.922509,-215.403961,92.177902,97.542030
1161,9.675000,-0.011580,0.385733,0.009447,0.922489,-215.405899,92.175903,97.541008
1162,9.683333,-0.011575,0.385780,0.009581,0.922469,-215.403152,92.175415,97.539940
1163,9.691667,-0.011696,0.385806,0.009596,0.922456,-215.397339,92.174133,97.535912
1164,9.700000,-0.011924,0.385779,0.009438,0.922466,-215.392120,92.174088,97.532997
1165,9.708333,-0.011978,0.385672,0.009366,0.922511,-215.386795,92.174004,97.527023
1166,9.716667,-0.012049,0.385703,0.009305,0.922497,-215.380051,92.174454,97.523277
1167,9.725000,-0.012200,0.385650,0.009241,0.922518,-215.374847,92.175339,97.517593
1168,9.733333,-0.012383,0.385557,0.008747,0.922560,-215.373825,92.179718,97.516899
1169,9.741667,-0.012434,0.385423,0.008449,0.922618,-215.375900,92.182251,97.516403
1170,9.750000,-0.012246,0.385421,0.008442,0.922621,-215.379471,92.182976,97.519691
1171,9.758333,-0.012191,0.385541,0.008535,0.922571,-215.383453,92.182961,97.521591
1172,9.766667,-0.012111,0.385645,0.008710,0.922527,-215.388077,92.180931,97.524902
1173,9.775000,-0.012060,0.385668,0.008762,0.922517,-215.393066,92.178673,97.528076
1174,9.783333,-0.012019,0.385660,0.008953,0.922520,-215.397522,92.178787,97.530243
1175,9.791667,-0.011933,0.385677,0.009069,0.922512,-215.399841,92.177025,97.531929
1176,9.800000,-0.011896,0.385636,0.009021,0.922530,-215.403564,92.176888,97.533104
1177,9.808333,-0.011789,0.385650,0.009036,0.922525,-215.404938,92.175514,97.535858
1178,9.816667,-0.011686,0.385675,0.008996,0.922517,-215.404053,92.175362,97.534775
1179,9.825000,-0.011638,0.385740,0.009060,0.922489,-215.402039,92.175827,97.533730
1180,9.833333,-0.011796,0.385717,0.009101,0.922497,-215.400192,92.176857,97.531494
1181,9.841667,-0.011884,0.385690,0.008971,0.922509,-215.396332,92.178215,97.530678
1182,9.850000,-0.012201,0.385604,0.008802,0.922542,-215.393997,92.181053,97.526543
1183,9.858333,-0.012568,0.385439,0.008499,0.922609,-215.391953,92.186897,97.520645
1184,9.866667,-0.013125,0.385278,0.007747,0.922675,-215.390350,92.195892,97.510361
1185,9.875000,-0.014235,0.384862,0.006387,0.922842,-215.392853,92.211082,97.495285
1186,9.883333,-0.010551,0.386543,0.010410,0.922152,-215.364426,92.155701,97.539207
1187,9.891667,-0.010141,0.386589,0.010520,0.922136,-215.363571,92.155602,97.536781
1188,9.900000,-0.009976,0.386493,0.010788,0.922175,-215.365128,92.152802,97.533958
1189,9.908333,-0.009887,0.386429,0.010868,0.922202,-215.367538,92.150375,97.533875
1190,9.916667,-0.009986,0.386420,0.010901,0.922204,-215.373016,92.150108,97.535774
1191,9.925000,-0.009914,0.386342,0.010922,0.922238,-215.376877,92.148315,97.538712
1192,9.933333,-0.010001,0.386266,0.010758,0.922270,-215.382462,92.151276,97.540321
1193,9.941667,-0.010109,0.386018,0.009984,0.922382,-215.387482,92.157814,97.539185
1194,9.950000,-0.010482,0.385503,0.008243,0.922610,-215.394424,92.173920,97.534233
1195,9.958333,-0.011268,0.384397,0.005441,0.923083,-215.405106,92.200363,97.517334
1196,9.966667,-0.009225,0.387741,0.012686,0.921635,-215.375137,92.133247,97.570023
1197,9.975000,-0.008936,0.388126,0.013675,0.921462,-215.369873,92.125885,97.576286
1198,9.983333,-0.008986,0.387906,0.014425,0.921542,-215.368301,92.121040,97.575760
1199,9.991667,-0.009143,0.387579,0.015162,0.921667,-215.368622,92.116203,97.573997
1200,10.000000,-0.009279,0.387319,0.015732,0.921765,-215.368195,92.112656,97.570023
1201,10.008333,-0.009438,0.387230,0.015717,0.921801,-215.365646,92.111801,97.567734
1202,10.016667,-0.009486,0.387244,0.015628,0.921796,-215.361923,92.113235,97.563004
1203,10.025000,-0.009540,0.387282,0.015511,0.921782,-215.358063,92.113655,97.559532
1204,10.033333,-0.009665,0.387314,0.015273,0.921771,-215.357758,92.114471,97.562462
1205,10.041667,-0.009671,0.387339,0.015213,0.921761,-215.359879,92.114380,97.566650
1206,10.050000,-0.009702,0.387389,0.015238,0.921739,-215.363602,92.112793,97.569542
1207,10.058333,-0.009934,0.387353,0.015211,0.921752,-215.367844,92.109642,97.570885
1208,10.066667,-0.010697,0.387244,0.015131,0.921791,-215.371460,92.104889,97.572693
1209,10.075000,-0.011207,0.386925,0.015063,0.921920,-215.372513,92.102585,97.578079
1210,10.083333,-0.010990,0.386935,0.015336,0.921914,-215.374374,92.103806,97.581161
1211,10.091667,-0.010799,0.386890,0.015509,0.921932,-215.376968,92.105492,97.584282
1212,10.100000,-0.010841,0.386883,0.015637,0.921933,-215.377625,92.105080,97.584877
1213,10.108333,-0.011069,0.386791,0.015543,0.921970,-215.375183,92.104256,97.584084
1214,10.116667,-0.011157,0.386781,0.015472,0.921974,-215.372849,92.104874,97.583275
1215,10.125000,-0.011030,0.386793,0.015544,0.921969,-215.368774,92.105553,97.581139
1216,10.133333,-0.011141,0.386801,0.015374,0.921968,-215.364548,92.105392,97.579315
1217,10.141667,-0.011277,0.386838,0.015384,0.921950,-215.360733,92.105087,97.576103
1218,10.150000,-0.011275,0.386940,0.015408,0.921907,-215.357666,92.105942,97.573235
1219,10.158333,-0.011239,0.386882,0.015202,0.921936,-215.355560,92.105904,97.571220
1220,10.166667,-0.011248,0.386832,0.015171,0.921957,-215.352875,92.105446,97.568779
1221,10.175000,-0.011372,0.386813,0.014952,0.921967,-215.350250,92.104378,97.564850
1222,10.183333,-0.011496,0.386880,0.014959,0.921937,-215.348221,92.105171,97.560402
1223,10.191667,-0.011756,0.386849,0.014901,0.921948,-215.347931,92.106056,97.559967
1224,10.200000,-0.011644,0.386917,0.014859,0.921921,-215.349411,92.106918,97.562820
1225,10.208333,-0.011513,0.386933,0.014955,0.921915,-215.351776,92.106010,97.565170
1226,10.216667,-0.011158,0.386883,0.015020,0.921939,-215.356415,92.106598,97.567703
1227,10.225000,-0.010962,0.386837,0.016660,0.921932,-215.356857,92.092667,97.565399
1228,10.233333,-0.010961,0.386768,0.016981,0.921955,-215.360306,92.087845,97.567039
1229,10.241667,-0.010676,0.386726,0.017233,0.921972,-215.363998,92.087532,97.569283
1230,10.250000,-0.010622,0.386623,0.017666,0.922008,-215.366226,92.086258,97.569977
1231,10.258333,-0.010796,0.386603,0.017863,0.922010,-215.367386,92.082664,97.570358
1232,10.266667,-0.010688,0.386596,0.018337,0.922005,-215.369125,92.079697,97.569893
1233,10.275000,-0.010586,0.386460,0.018818,0.922053,-215.368011,92.074799,97.567627
1234,10.283333,-0.010465,0.386287,0.019559,0.922112,-215.365250,92.068756,97.562721
1235,10.291667,-0.010227,0.386085,0.020830,0.922171,-215.360596,92.056015,97.554413
1236,10.300000,-0.010283,0.385963,0.020716,0.922224,-215.359207,92.056358,97.550323
1237,10.308333,-0.010307,0.385988,0.020110,0.922227,-215.357285,92.062607,97.549423
1238,10.316667,-0.010362,0.386061,0.019312,0.922213,-215.353867,92.068588,97.548386
1239,10.325000,-0.010745,0.386047,0.018660,0.922228,-215.349335,92.072083,97.543808
1240,10.333333,-0.010860,0.386150,0.017937,0.922198,-215.345856,92.076759,97.540520
1241,10.341667,-0.010973,0.386340,0.017280,0.922129,-215.343475,92.082420,97.540474
1242,10.350000,-0.011085,0.386459,0.016736,0.922088,-215.345215,92.089020,97.544151
1243,10.358333,-0.011072,0.386446,0.016146,0.922104,-215.347336,92.094368,97.548882
1244,10.366667,-0.011050,0.386595,0.015824,0.922048,-215.349655,92.099724,97.551743
1245,10.375000,-0.011405,0.386611,0.014271,0.922062,-215.352844,92.111931,97.554794
