Format Version,1.25,Take Name,Take 2025-11-27 04.56.31 PM,Take Notes,,Capture Frame Rate,120.000000,Export Frame Rate,120.000000,Capture Start Time,2025-11-27 04.56.32.377 PM,Capture Start Frame,2541628,Total Frames in Take,1769,Total Exported Frames,1769,Rotation Type,Quaternion,Length Units,Centimeters,Coordinate Space,Global

,Type,Rigid Body,Rigid Body,Rigid Body,Rigid Body,Rigid Body,Rigid Body,Rigid Body
,Name,SEE_large,SEE_large,SEE_large,SEE_large,SEE_large,SEE_large,SEE_large
,ID,B4680608301811F031C44B617C10C291,B4680608301811F031C44B617C10C291,B4680608301811F031C44B617C10C291,B4680608301811F031C44B617C10C291,B4680608301811F031C44B617C10C291,B4680608301811F031C44B617C10C291,B4680608301811F031C44B617C10C291
,Parent,,,,,,,
,,Rotation,Rotation,Rotation,Rotation,Position,Position,Position
Frame,Time (Seconds),X,Y,Z,W,X,Y,Z
0,0.000000,-0.005636,0.389075,0.015239,0.921063,-215.881973,92.187027,83.997414
1,0.008333,-0.005483,0.389025,0.015176,0.921086,-215.882324,92.187607,83.997086
2,0.016667,-0.005480,0.389067,0.015183,0.921068,-215.882584,92.187973,83.995270
3,0.025000,-0.005520,0.389135,0.015159,0.921039,-215.882843,92.187164,83.994431
4,0.033333,-0.005645,0.389102,0.015232,0.921051,-215.884140,92.187721,83.993965
5,0.041667,-0.005529,0.389151,0.015127,0.921033,-215.883682,92.186905,83.993210
6,0.050000,-0.005660,0.389160,0.015221,0.921027,-215.883606,92.186165,83.991920
7,0.058333,-0.005775,0.389072,0.015003,0.921067,-215.882996,92.185127,83.991875
8,0.066667,-0.006014,0.389100,0.015011,0.921054,-215.882751,92.183945,83.990059
9,0.075000,-0.006556,0.389088,0.014784,0.921059,-215.882034,92.180801,83.987534
10,0.083333,-0.008463,0.388850,0.014282,0.921152,-215.879059,92.171501,83.982597
11,0.091667,-0.010115,0.388628,0.013929,0.921234,-215.875214,92.162010,83.979546
12,0.100000,-0.010386,0.388364,0.013748,0.921345,-215.872620,92.161736,83.981354
13,0.108333,-0.009802,0.388348,0.013925,0.921355,-215.870789,92.164696,83.983978
14,0.116667,-0.009750,0.388305,0.014074,0.921372,-215.869720,92.166542,83.983406
15,0.125000,-0.009883,0.388283,0.014027,0.921381,-215.869141,92.165939,83.983788
16,0.133333,-0.009889,0.388303,0.014044,0.921372,-215.868469,92.164902,83.983391
17,0.141667,-0.009994,0.388340,0.014014,0.921356,-215.869263,92.165421,83.983727
18,0.150000,-0.009954,0.388302,0.013944,0.921373,-215.869522,92.166290,83.983635
19,0.158333,-0.009924,0.388373,0.014044,0.921342,-215.870117,92.165955,83.983078
20,0.166667,-0.009797,0.388386,0.014092,0.921337,-215.871475,92.166992,83.983871
21,0.175000,-0.009792,0.388339,0.014130,0.921356,-215.871613,92.166168,83.983345
22,0.183333,-0.009771,0.388425,0.014113,0.921320,-215.872925,92.167023,83.983086
23,0.191667,-0.009762,0.388396,0.014079,0.921333,-215.873383,92.166763,83.982407
24,0.200000,-0.009800,0.388371,0.013989,0.921345,-215.873505,92.165878,83.981819
25,0.208333,-0.009949,0.388326,0.014069,0.921361,-215.873886,92.165192,83.981232
26,0.216667,-0.009998,0.388353,0.013992,0.921350,-215.874298,92.165115,83.979965
27,0.225000,-0.010005,0.388315,0.014004,0.921366,-215.874786,92.165024,83.980209
28,0.233333,-0.009979,0.388345,0.013760,0.921357,-215.874771,92.163673,83.978928
29,0.241667,-0.010033,0.388293,0.013699,0.921380,-215.875198,92.163467,83.978584
30,0.250000,-0.009928,0.388389,0.013880,0.921338,-215.874954,92.162941,83.977882
31,0.258333,-0.009845,0.388334,0.013879,0.921361,-215.874725,92.163368,83.978027
32,0.266667,-0.009855,0.388388,0.013885,0.921339,-215.874313,92.164108,83.977348
33,0.275000,-0.009890,0.388395,0.013876,0.921335,-215.873627,92.163620,83.976730
34,0.283333,-0.009880,0.388357,0.013838,0.921352,-215.873795,92.163757,83.977531
35,0.291667,-0.009904,0.388380,0.014013,0.921339,-215.874008,92.164391,83.978149
36,0.300000,-0.009752,0.388414,0.013923,0.921328,-215.872986,92.164734,83.978249
37,0.308333,-0.009998,0.388363,0.013929,0.921347,-215.873505,92.164246,83.979530
38,0.316667,-0.010057,0.388346,0.014026,0.921352,-215.874344,92.164963,83.980537
39,0.325000,-0.009952,0.388401,0.014092,0.921329,-215.874268,92.165642,83.981270
40,0.333333,-0.009935,0.388385,0.014044,0.921337,-215.873840,92.165611,83.982292
41,0.341667,-0.009890,0.388350,0.014055,0.921352,-215.873856,92.165459,83.983971
42,0.350000,-0.010174,0.388248,0.013878,0.921394,-215.874069,92.163712,83.984596
43,0.358333,-0.010204,0.388323,0.013779,0.921364,-215.875366,92.163795,83.985603
44,0.366667,-0.010078,0.388377,0.013862,0.921341,-215.876740,92.163483,83.986511
45,0.375000,-0.010067,0.388328,0.013835,0.921362,-215.877350,92.164619,83.986015
46,0.383333,-0.010143,0.388335,0.013897,0.921358,-215.877701,92.164490,83.986557
47,0.391667,-0.010142,0.388381,0.013955,0.921337,-215.877411,92.164490,83.986328
48,0.400000,-0.010072,0.388341,0.013910,0.921356,-215.877014,92.165154,83.985962
49,0.408333,-0.010102,0.388381,0.013950,0.921338,-215.877289,92.164627,83.985413
50,0.416667,-0.009882,0.388369,0.014009,0.921345,-215.878220,92.165810,83.984612
51,0.425000,-0.009746,0.388376,0.014207,0.921340,-215.878769,92.167580,83.983910
52,0.433333,-0.009848,0.388318,0.014092,0.921365,-215.878006,92.166061,83.983459
53,0.441667,-0.009878,0.388328,0.014065,0.921361,-215.877792,92.165726,83.982117
54,0.450000,-0.010228,0.388417,0.014155,0.921318,-215.878265,92.165848,83.981117
55,0.458333,-0.010075,0.388356,0.013996,0.921348,-215.877289,92.165634,83.981621
56,0.466667,-0.010012,0.388344,0.014028,0.921353,-215.876862,92.165680,83.981911
57,0.475000,-0.009851,0.388361,0.014069,0.921347,-215.877563,92.167358,83.982155
58,0.483333,-0.009945,0.388339,0.013995,0.921356,-215.877365,92.166122,83.982849
59,0.491667,-0.010058,0.388352,0.014046,0.921349,-215.877716,92.165276,83.982407
60,0.500000,-0.010165,0.388328,0.013974,0.921359,-215.877884,92.164337,83.982117
61,0.508333,-0.010049,0.388315,0.013895,0.921367,-215.878708,92.164268,83.983109
62,0.516667,-0.009986,0.388390,0.013830,0.921337,-215.879486,92.164200,83.983170
63,0.525000,-0.010063,0.388381,0.013928,0.921339,-215.880295,92.163834,83.983139
64,0.533333,-0.009967,0.388371,0.013958,0.921343,-215.880539,92.165001,83.984467
65,0.541667,-0.010001,0.388376,0.014008,0.921340,-215.879913,92.165741,83.984673
66,0.550000,-0.010050,0.388346,0.014040,0.921352,-215.879562,92.166046,83.984810
67,0.558333,-0.010164,0.388403,0.014068,0.921326,-215.878815,92.165665,83.984863
68,0.566667,-0.010119,0.388338,0.014111,0.921354,-215.878418,92.166382,83.984604
69,0.575000,-0.010065,0.388375,0.014081,0.921339,-215.878036,92.166679,83.984879
70,0.583333,-0.009944,0.388392,0.014040,0.921334,-215.877228,92.166504,83.985229
71,0.591667,-0.010043,0.388392,0.014092,0.921332,-215.877289,92.167282,83.985344
72,0.600000,-0.010003,0.388398,0.013972,0.921332,-215.876053,92.166237,83.985672
73,0.608333,-0.009923,0.388381,0.014033,0.921339,-215.876419,92.166489,83.986816
74,0.616667,-0.009919,0.388378,0.014065,0.921339,-215.875839,92.165878,83.985809
75,0.625000,-0.009980,0.388327,0.013933,0.921362,-215.875595,92.164955,83.986816
76,0.633333,-0.010075,0.388359,0.013939,0.921348,-215.875504,92.165390,83.986130
77,0.641667,-0.009901,0.388382,0.014045,0.921338,-215.875076,92.165665,83.986702
78,0.650000,-0.009853,0.388335,0.013976,0.921360,-215.874786,92.165863,83.988762
79,0.658333,-0.009858,0.388566,0.014007,0.921262,-215.876740,92.165779,83.985718
80,0.666667,-0.008980,0.388778,0.014275,0.921177,-215.879791,92.171082,83.986641
81,0.675000,-0.007167,0.389006,0.014816,0.921088,-215.882324,92.179527,83.992699
82,0.683333,-0.005714,0.389083,0.015193,0.921060,-215.883987,92.186836,83.996216
83,0.691667,-0.005128,0.389163,0.015350,0.921027,-215.884018,92.190331,83.996490
84,0.700000,-0.005126,0.389050,0.015228,0.921076,-215.883163,92.189545,83.996353
85,0.708333,-0.005515,0.389096,0.015173,0.921056,-215.883163,92.188530,83.995125
86,0.716667,-0.005590,0.389137,0.015313,0.921036,-215.882706,92.187500,83.996025
87,0.725000,-0.005614,0.389069,0.015246,0.921065,-215.881989,92.187813,83.996826
88,0.733333,-0.005557,0.389057,0.015241,0.921071,-215.880966,92.187469,83.998138
89,0.741667,-0.005552,0.389120,0.015289,0.921044,-215.880295,92.187637,83.998726
90,0.750000,-0.005447,0.389132,0.015306,0.921039,-215.880173,92.188148,83.999657
91,0.758333,-0.005470,0.389078,0.015268,0.921062,-215.879944,92.188034,84.000504
92,0.766667,-0.005444,0.389076,0.015245,0.921064,-215.878723,92.186523,84.001068
93,0.775000,-0.005376,0.389110,0.015197,0.921050,-215.877869,92.186401,84.001244
94,0.783333,-0.005578,0.388678,0.013964,0.921251,-215.884613,92.199547,83.995110
95,0.791667,-0.005718,0.388403,0.012842,0.921383,-215.886734,92.207565,83.990242
96,0.800000,-0.005897,0.388239,0.012438,0.921456,-215.885086,92.210564,83.988457
97,0.808333,-0.005773,0.388275,0.012177,0.921445,-215.882538,92.212082,83.987984
98,0.816667,-0.006250,0.387933,0.011457,0.921595,-215.887024,92.220840,83.980743
99,0.825000,-0.007216,0.387667,0.010540,0.921711,-215.892319,92.232552,83.967552
100,0.833333,-0.007971,0.388020,0.009743,0.921565,-215.901810,92.240448,83.950134
101,0.841667,-0.008076,0.388153,0.009296,0.921513,-215.908340,92.243057,83.946701
102,0.850000,-0.007960,0.388139,0.009473,0.921518,-215.907547,92.241463,83.947411
103,0.858333,-0.007849,0.388059,0.009556,0.921552,-215.906448,92.240715,83.949783
104,0.866667,-0.007851,0.388057,0.009574,0.921552,-215.905182,92.240807,83.950172
105,0.875000,-0.007880,0.388083,0.009538,0.921541,-215.905411,92.241348,83.950249
106,0.883333,-0.007949,0.388120,0.009644,0.921524,-215.905121,92.242485,83.950287
107,0.891667,-0.007937,0.388132,0.009727,0.921518,-215.904922,92.240257,83.950401
108,0.900000,-0.008002,0.388102,0.009737,0.921530,-215.905136,92.239700,83.951500
109,0.908333,-0.008021,0.388068,0.009729,0.921544,-215.904907,92.239365,83.953224
110,0.916667,-0.007961,0.388037,0.009715,0.921558,-215.905136,92.239555,83.954605
111,0.925000,-0.007952,0.388029,0.009730,0.921561,-215.905258,92.240242,83.955093
112,0.933333,-0.007867,0.388117,0.009662,0.921526,-215.904739,92.240639,83.953766
113,0.941667,-0.007835,0.388121,0.009677,0.921524,-215.905090,92.241920,83.953690
114,0.950000,-0.007779,0.388151,0.009723,0.921512,-215.905121,92.241417,83.951988
115,0.958333,-0.007856,0.388111,0.009733,0.921528,-215.905304,92.241089,83.952698
116,0.966667,-0.007896,0.388128,0.009756,0.921520,-215.905685,92.241829,83.950531
117,0.975000,-0.007752,0.388151,0.009843,0.921511,-215.905716,92.241158,83.949554
118,0.983333,-0.007833,0.388150,0.009786,0.921511,-215.906860,92.240105,83.947960
119,0.991667,-0.007993,0.388159,0.009815,0.921505,-215.907715,92.239723,83.946899
120,1.000000,-0.007994,0.388186,0.009824,0.921494,-215.907547,92.238777,83.946617
121,1.008333,-0.008072,0.388153,0.009872,0.921507,-215.907578,92.237991,83.947479
122,1.016667,-0.007976,0.388258,0.010078,0.921461,-215.907669,92.238251,83.947388
123,1.025000,-0.007913,0.388161,0.010061,0.921503,-215.907837,92.238075,83.948456
124,1.033333,-0.008045,0.388148,0.009897,0.921509,-215.908142,92.238960,83.948952
125,1.041667,-0.008058,0.388108,0.009834,0.921526,-215.907913,92.239441,83.951004
126,1.050000,-0.007945,0.388152,0.009950,0.921507,-215.906998,92.238770,83.952255
127,1.058333,-0.007691,0.388233,0.009956,0.921475,-215.907379,92.239098,83.954330
128,1.066667,-0.007738,0.388139,0.009872,0.921516,-215.908600,92.240540,83.957687
129,1.075000,-0.007759,0.388094,0.009721,0.921536,-215.908340,92.241379,83.956963
130,1.083333,-0.007806,0.388080,0.009725,0.921541,-215.908096,92.241875,83.958000
131,1.091667,-0.007811,0.388080,0.009682,0.921542,-215.907715,92.240440,83.957306
132,1.100000,-0.007848,0.388132,0.009546,0.921521,-215.908600,92.241714,83.957115
133,1.108333,-0.007845,0.388097,0.009654,0.921534,-215.908981,92.242691,83.955666
134,1.116667,-0.007783,0.388088,0.009742,0.921538,-215.910690,92.242775,83.955414
135,1.125000,-0.007812,0.388068,0.009738,0.921546,-215.911560,92.241478,83.954933
136,1.133333,-0.007840,0.388104,0.009869,0.921529,-215.912247,92.238266,83.952858
137,1.141667,-0.007917,0.388145,0.009855,0.921512,-215.912537,92.238518,83.951118
138,1.150000,-0.007809,0.388116,0.009979,0.921523,-215.912872,92.238419,83.950806
139,1.158333,-0.007786,0.388130,0.010040,0.921517,-215.913467,92.239395,83.949753
140,1.166667,-0.007773,0.388085,0.009909,0.921538,-215.913300,92.239586,83.950157
141,1.175000,-0.008143,0.387967,0.009436,0.921589,-215.914185,92.244400,83.947769
142,1.183333,-0.007919,0.388129,0.009566,0.921521,-215.911606,92.241135,83.950592
143,1.191667,-0.007865,0.388127,0.009789,0.921520,-215.911224,92.239166,83.954292
144,1.200000,-0.007722,0.388068,0.009837,0.921546,-215.910858,92.238274,83.956398
145,1.208333,-0.007722,0.388068,0.009758,0.921547,-215.910431,92.239365,83.957779
146,1.216667,-0.007796,0.388077,0.009778,0.921542,-215.910583,92.240593,83.959167
147,1.225000,-0.007817,0.388063,0.009859,0.921547,-215.909882,92.240318,83.959877
148,1.233333,-0.007770,0.388062,0.009829,0.921548,-215.909500,92.240952,83.961716
149,1.241667,-0.007726,0.388083,0.009989,0.921538,-215.909531,92.240829,83.962837
150,1.250000,-0.007710,0.388082,0.009853,0.921540,-215.909546,92.240669,83.961426
151,1.258333,-0.007787,0.388068,0.009865,0.921545,-215.909790,92.239830,83.960983
152,1.266667,-0.007762,0.388100,0.009872,0.921532,-215.909744,92.239151,83.959488
153,1.275000,-0.007804,0.388089,0.009833,0.921536,-215.911133,92.238106,83.958450
154,1.283333,-0.007830,0.388141,0.009912,0.921513,-215.910889,92.239090,83.956650
155,1.291667,-0.007955,0.388101,0.009936,0.921529,-215.910645,92.239426,83.954224
156,1.300000,-0.008015,0.388081,0.009854,0.921538,-215.909866,92.238876,83.952454
157,1.308333,-0.007836,0.388103,0.009835,0.921530,-215.908768,92.238029,83.953270
158,1.316667,-0.007831,0.388084,0.009952,0.921537,-215.908783,92.238998,83.952927
159,1.325000,-0.007898,0.388110,0.009887,0.921526,-215.906952,92.238678,83.951942
160,1.333333,-0.007935,0.388041,0.009694,0.921557,-215.907028,92.240234,83.953438
161,1.341667,-0.007922,0.388046,0.009672,0.921555,-215.906265,92.240021,83.954498
162,1.350000,-0.008099,0.388101,0.009732,0.921530,-215.905472,92.239632,83.955559
163,1.358333,-0.008057,0.388052,0.009787,0.921550,-215.905930,92.240303,83.957153
164,1.366667,-0.007842,0.388090,0.009840,0.921536,-215.906937,92.240181,83.959389
165,1.375000,-0.007798,0.388071,0.009774,0.921545,-215.907639,92.241081,83.960739
166,1.383333,-0.007797,0.388093,0.009805,0.921535,-215.908142,92.241135,83.962105
167,1.391667,-0.007711,0.388057,0.009802,0.921551,-215.907883,92.240952,83.962822
168,1.400000,-0.007720,0.388095,0.009778,0.921535,-215.907593,92.240677,83.961792
169,1.408333,-0.007693,0.388110,0.009828,0.921529,-215.908142,92.240440,83.962013
170,1.416667,-0.007820,0.388090,0.009809,0.921536,-215.908676,92.240974,83.960304
171,1.425000,-0.007792,0.388125,0.009852,0.921521,-215.908096,92.239540,83.957825
172,1.433333,-0.007917,0.388083,0.009892,0.921537,-215.908051,92.240540,83.957382
173,1.441667,-0.007843,0.388103,0.009912,0.921529,-215.907242,92.239151,83.955635
174,1.450000,-0.007814,0.388076,0.009952,0.921540,-215.907425,92.238968,83.953896
175,1.458333,-0.007748,0.388099,0.009864,0.921533,-215.907623,92.239410,83.953079
176,1.466667,-0.007789,0.388112,0.009830,0.921527,-215.907501,92.240120,83.952003
177,1.475000,-0.007842,0.388122,0.009883,0.921522,-215.907242,92.240555,83.951035
178,1.483333,-0.007932,0.388112,0.009797,0.921526,-215.907318,92.240082,83.951836
179,1.491667,-0.008053,0.388076,0.009715,0.921541,-215.907913,92.239937,83.952179
180,1.500000,-0.007861,0.388062,0.009665,0.921549,-215.908813,92.238647,83.954254
181,1.508333,-0.007772,0.388078,0.009716,0.921542,-215.910309,92.240608,83.956200
182,1.516667,-0.007689,0.388080,0.009679,0.921543,-215.911240,92.241104,83.957687
183,1.525000,-0.007528,0.388101,0.009615,0.921536,-215.911484,92.240845,83.959702
184,1.533333,-0.007702,0.388089,0.009599,0.921540,-215.912552,92.241501,83.960464
185,1.541667,-0.007838,0.388076,0.009577,0.921544,-215.914627,92.242348,83.961700
186,1.550000,-0.007765,0.388090,0.009725,0.921538,-215.913818,92.241013,83.962585
187,1.558333,-0.007638,0.388070,0.009769,0.921546,-215.913315,92.239655,83.965012
188,1.566667,-0.007740,0.388132,0.009839,0.921519,-215.913635,92.240761,83.964592
189,1.575000,-0.007827,0.388093,0.009741,0.921536,-215.913803,92.242554,83.964394
190,1.583333,-0.007751,0.388132,0.009822,0.921519,-215.913010,92.242180,83.964676
191,1.591667,-0.007676,0.388102,0.009839,0.921532,-215.912292,92.241936,83.964684
192,1.600000,-0.007591,0.388120,0.009807,0.921525,-215.911575,92.241180,83.963760
193,1.608333,-0.007565,0.388054,0.009837,0.921553,-215.911621,92.239342,83.964203
194,1.616667,-0.007639,0.388055,0.009815,0.921552,-215.912582,92.239670,83.964104
195,1.625000,-0.007667,0.388141,0.009812,0.921516,-215.911987,92.240402,83.962738
196,1.633333,-0.007618,0.388091,0.009822,0.921537,-215.912888,92.241577,83.962357
197,1.641667,-0.007522,0.388096,0.009813,0.921536,-215.912720,92.241196,83.961632
198,1.650000,-0.007590,0.388078,0.009732,0.921544,-215.913864,92.241516,83.962936
199,1.658333,-0.007649,0.388046,0.009753,0.921557,-215.913940,92.242256,83.962234
200,1.666667,-0.007772,0.388063,0.009791,0.921548,-215.913940,92.240997,83.961906
201,1.675000,-0.007769,0.387995,0.009724,0.921578,-215.914459,92.240829,83.963478
202,1.683333,-0.007662,0.388066,0.009779,0.921548,-215.914566,92.240784,83.964272
203,1.691667,-0.007723,0.388083,0.009661,0.921542,-215.915512,92.242027,83.963249
204,1.700000,-0.007732,0.388113,0.009723,0.921528,-215.914230,92.241074,83.962891
205,1.708333,-0.007780,0.388111,0.009815,0.921527,-215.914795,92.241249,83.963669
206,1.716667,-0.007790,0.388116,0.009789,0.921526,-215.915161,92.240761,83.963615
207,1.725000,-0.007780,0.388108,0.009743,0.921529,-215.914581,92.240532,83.961784
208,1.733333,-0.007728,0.388030,0.009779,0.921562,-215.914993,92.241249,83.962311
209,1.741667,-0.007654,0.388065,0.009770,0.921548,-215.914291,92.240051,83.961609
210,1.750000,-0.007605,0.388052,0.009628,0.921556,-215.914993,92.240860,83.961281
211,1.758333,-0.007689,0.388113,0.009627,0.921529,-215.914337,92.240318,83.960121
212,1.766667,-0.007758,0.388090,0.009601,0.921539,-215.913986,92.240341,83.959732
213,1.775000,-0.007765,0.388156,0.009787,0.921509,-215.914032,92.239395,83.960274
214,1.783333,-0.007802,0.388164,0.009807,0.921505,-215.914276,92.239357,83.960556
215,1.791667,-0.007865,0.388090,0.009746,0.921536,-215.914963,92.239304,83.961189
216,1.800000,-0.007940,0.388089,0.009648,0.921537,-215.915344,92.239235,83.960831
217,1.808333,-0.007799,0.388117,0.009802,0.921525,-215.914612,92.239342,83.959976
218,1.816667,-0.007630,0.388161,0.009833,0.921508,-215.914581,92.240433,83.960686
219,1.825000,-0.007842,0.388053,0.009520,0.921554,-215.914505,92.244720,83.957817
220,1.833333,-0.007832,0.388087,0.009651,0.921539,-215.912811,92.242691,83.957253
221,1.841667,-0.007708,0.388080,0.009636,0.921543,-215.912033,92.241318,83.957718
222,1.850000,-0.007645,0.388143,0.009614,0.921517,-215.911560,92.240379,83.958443
223,1.858333,-0.007683,0.388114,0.009755,0.921528,-215.911789,92.239655,83.957542
224,1.866667,-0.007736,0.387993,0.009743,0.921578,-215.911453,92.239098,83.955849
225,1.875000,-0.007667,0.388045,0.009706,0.921557,-215.911789,92.239754,83.954803
226,1.883333,-0.007644,0.388111,0.009728,0.921530,-215.912979,92.239418,83.954575
227,1.891667,-0.007704,0.388126,0.009742,0.921523,-215.914780,92.240646,83.954742
228,1.900000,-0.007628,0.388110,0.009731,0.921530,-215.916229,92.239586,83.955559
229,1.908333,-0.007527,0.388137,0.009892,0.921518,-215.917587,92.239929,83.956039
230,1.916667,-0.007624,0.388148,0.009949,0.921512,-215.918152,92.239944,83.956627
231,1.925000,-0.007871,0.388095,0.009904,0.921533,-215.918381,92.238594,83.957504
232,1.933333,-0.007986,0.388169,0.009985,0.921499,-215.918137,92.236832,83.959450
233,1.941667,-0.007900,0.388156,0.009890,0.921507,-215.917725,92.237144,83.961060
234,1.950000,-0.007759,0.388196,0.009847,0.921492,-215.916748,92.236504,83.963425
235,1.958333,-0.007612,0.388135,0.009998,0.921517,-215.914734,92.236221,83.964241
236,1.966667,-0.007643,0.388136,0.009963,0.921516,-215.913483,92.237541,83.964279
237,1.975000,-0.007761,0.388116,0.009882,0.921525,-215.911438,92.237633,83.964485
238,1.983333,-0.007710,0.388121,0.009774,0.921524,-215.909912,92.238464,83.964195
239,1.991667,-0.007856,0.388121,0.009698,0.921524,-215.909073,92.239487,83.962860
240,2.000000,-0.007731,0.388099,0.009806,0.921533,-215.907547,92.239555,83.963860
241,2.008333,-0.007660,0.388062,0.009735,0.921550,-215.907471,92.238579,83.962769
242,2.016667,-0.007664,0.388085,0.009622,0.921541,-215.908630,92.238876,83.961746
243,2.025000,-0.007753,0.388083,0.009728,0.921540,-215.911774,92.238388,83.959976
244,2.033333,-0.007776,0.388041,0.009713,0.921558,-215.915497,92.237427,83.956421
245,2.041667,-0.008038,0.388049,0.009475,0.921555,-215.920120,92.241989,83.950699
246,2.050000,-0.008296,0.387934,0.009336,0.921603,-215.923615,92.245239,83.946342
247,2.058333,-0.008014,0.388126,0.009754,0.921520,-215.922256,92.240707,83.950638
248,2.066667,-0.007727,0.388113,0.010039,0.921525,-215.920898,92.238846,83.954697
249,2.075000,-0.007516,0.388139,0.009900,0.921517,-215.920166,92.239738,83.957756
250,2.083333,-0.007537,0.388128,0.010011,0.921521,-215.919067,92.237831,83.959160
251,2.091667,-0.007631,0.388179,0.009959,0.921499,-215.918152,92.239288,83.959610
252,2.100000,-0.007753,0.388115,0.010082,0.921523,-215.917282,92.239670,83.960709
253,2.108333,-0.007771,0.388132,0.009987,0.921517,-215.915512,92.240181,83.961731
254,2.116667,-0.007669,0.388114,0.009934,0.921526,-215.914017,92.239082,83.962700
255,2.125000,-0.007695,0.388150,0.009841,0.921512,-215.911896,92.239471,83.963188
256,2.133333,-0.007723,0.388093,0.009849,0.921535,-215.911270,92.239052,83.963570
257,2.141667,-0.007747,0.388043,0.009842,0.921556,-215.910095,92.239563,83.963982
258,2.150000,-0.007619,0.388068,0.009794,0.921547,-215.910263,92.240044,83.964020
259,2.158333,-0.007509,0.388058,0.009753,0.921553,-215.910431,92.239738,83.963173
260,2.166667,-0.007552,0.388072,0.009676,0.921548,-215.911942,92.238892,83.962318
261,2.175000,-0.007605,0.388067,0.009696,0.921549,-215.914291,92.238762,83.961121
262,2.183333,-0.007706,0.388146,0.009798,0.921514,-215.917206,92.240448,83.957458
263,2.191667,-0.007990,0.388048,0.009566,0.921555,-215.921692,92.243217,83.953796
264,2.200000,-0.007925,0.388103,0.009675,0.921531,-215.922379,92.241196,83.952591
265,2.208333,-0.008029,0.388059,0.009518,0.921551,-215.924316,92.244186,83.952385
266,2.216667,-0.007912,0.388085,0.009674,0.921539,-215.922577,92.241844,83.955063
267,2.225000,-0.007739,0.388063,0.009914,0.921547,-215.921646,92.239624,83.958122
268,2.233333,-0.007577,0.388124,0.009844,0.921523,-215.921280,92.241112,83.960197
269,2.241667,-0.007552,0.388138,0.009789,0.921518,-215.919846,92.240265,83.959610
270,2.250000,-0.007581,0.388121,0.009714,0.921526,-215.918518,92.239296,83.960114
271,2.258333,-0.007739,0.388101,0.009772,0.921532,-215.916473,92.238876,83.960167
272,2.266667,-0.007800,0.388107,0.009682,0.921531,-215.915161,92.239342,83.961517
273,2.275000,-0.007882,0.388053,0.009781,0.921551,-215.915131,92.240501,83.961189
274,2.283333,-0.007868,0.388096,0.009788,0.921533,-215.915100,92.240730,83.960320
275,2.291667,-0.007767,0.388078,0.009789,0.921542,-215.914444,92.239731,83.959778
276,2.300000,-0.007698,0.388087,0.009684,0.921540,-215.914566,92.238815,83.958237
277,2.308333,-0.007704,0.388099,0.009609,0.921535,-215.915100,92.239441,83.957153
278,2.316667,-0.008044,0.387973,0.009370,0.921588,-215.917374,92.244965,83.952927
279,2.325000,-0.008215,0.387865,0.009256,0.921633,-215.918549,92.247604,83.947914
280,2.333333,-0.007844,0.388034,0.009527,0.921562,-215.916748,92.243179,83.950455
281,2.341667,-0.007943,0.388060,0.009434,0.921552,-215.919571,92.243614,83.951378
282,2.350000,-0.007624,0.388165,0.009749,0.921507,-215.918610,92.239914,83.952881
283,2.358333,-0.007908,0.388069,0.009584,0.921547,-215.921356,92.242325,83.952881
284,2.366667,-0.007618,0.388184,0.009891,0.921497,-215.920013,92.239601,83.955101
285,2.375000,-0.007621,0.388143,0.009840,0.921515,-215.920181,92.239761,83.957359
286,2.383333,-0.007579,0.388168,0.009920,0.921504,-215.919968,92.239586,83.958229
287,2.391667,-0.007523,0.388124,0.010096,0.921521,-215.918945,92.238861,83.959976
288,2.400000,-0.007631,0.388090,0.010117,0.921535,-215.917618,92.237999,83.960274
289,2.408333,-0.007718,0.388110,0.010040,0.921526,-215.917206,92.237556,83.961212
290,2.416667,-0.007671,0.388083,0.009939,0.921539,-215.916443,92.237732,83.962761
291,2.425000,-0.007665,0.388118,0.009981,0.921524,-215.915039,92.239151,83.961510
292,2.433333,-0.007758,0.388080,0.009966,0.921539,-215.913681,92.238892,83.959999
293,2.441667,-0.007731,0.388041,0.009841,0.921557,-215.913681,92.239616,83.959076
294,2.450000,-0.007666,0.388126,0.009823,0.921522,-215.913223,92.239983,83.957977
295,2.458333,-0.007679,0.388101,0.009817,0.921533,-215.913300,92.240509,83.956573
296,2.466667,-0.007625,0.388149,0.009937,0.921511,-215.914505,92.239494,83.955490
297,2.475000,-0.007571,0.388085,0.009981,0.921538,-215.915436,92.237587,83.954926
298,2.483333,-0.007683,0.388099,0.009950,0.921532,-215.916946,92.237732,83.954308
299,2.491667,-0.007668,0.388153,0.010055,0.921508,-215.917557,92.238495,83.953133
300,2.500000,-0.007773,0.388155,0.010038,0.921506,-215.917633,92.239891,83.953804
301,2.508333,-0.007761,0.388188,0.010013,0.921493,-215.917664,92.239586,83.953621
302,2.516667,-0.007809,0.388181,0.010019,0.921496,-215.918015,92.239014,83.954117
303,2.525000,-0.007794,0.388108,0.009969,0.921527,-215.917923,92.238495,83.955139
304,2.533333,-0.007806,0.388043,0.009896,0.921555,-215.917130,92.238617,83.955544
305,2.541667,-0.007885,0.388086,0.009863,0.921537,-215.916138,92.239258,83.955757
306,2.550000,-0.007765,0.388098,0.009787,0.921534,-215.915039,92.239288,83.956627
307,2.558333,-0.007776,0.388045,0.009760,0.921556,-215.914444,92.240997,83.957962
308,2.566667,-0.007641,0.388081,0.009783,0.921542,-215.914230,92.239502,83.959183
309,2.575000,-0.007731,0.388115,0.009745,0.921527,-215.913742,92.239449,83.958092
310,2.583333,-0.007803,0.388065,0.009792,0.921547,-215.914368,92.239059,83.958015
311,2.591667,-0.007810,0.388076,0.009905,0.921541,-215.914963,92.238075,83.957245
312,2.600000,-0.007749,0.388152,0.009952,0.921509,-215.914780,92.239853,83.956161
313,2.608333,-0.007806,0.388091,0.009937,0.921535,-215.914612,92.239586,83.955460
314,2.616667,-0.007805,0.388069,0.009801,0.921545,-215.915726,92.240265,83.955093
315,2.625000,-0.007789,0.388111,0.009815,0.921528,-215.915512,92.240433,83.953949
316,2.633333,-0.007772,0.388093,0.009763,0.921536,-215.915436,92.240997,83.953819
317,2.641667,-0.007825,0.388089,0.009703,0.921538,-215.915848,92.240593,83.953064
318,2.650000,-0.007700,0.388165,0.009788,0.921506,-215.915863,92.239639,83.953461
319,2.658333,-0.007673,0.388170,0.009832,0.921503,-215.915085,92.239403,83.954178
320,2.666667,-0.007766,0.388131,0.009817,0.921519,-215.915344,92.239342,83.954010
321,2.675000,-0.007796,0.388044,0.009798,0.921556,-215.915970,92.240555,83.954208
322,2.683333,-0.007835,0.388067,0.009834,0.921545,-215.915268,92.240372,83.953590
323,2.691667,-0.007850,0.388130,0.009862,0.921519,-215.914871,92.239090,83.954193
324,2.700000,-0.007869,0.388147,0.009801,0.921512,-215.913940,92.238655,83.953514
325,2.708333,-0.007893,0.388109,0.009818,0.921527,-215.913818,92.238274,83.954773
326,2.716667,-0.007754,0.388115,0.009899,0.921525,-215.913132,92.237549,83.955093
327,2.725000,-0.007662,0.388094,0.009965,0.921534,-215.913086,92.238503,83.955315
328,2.733333,-0.007701,0.388116,0.009912,0.921525,-215.912247,92.239029,83.955101
329,2.741667,-0.007737,0.388078,0.009858,0.921541,-215.912628,92.239792,83.955406
330,2.750000,-0.007813,0.388083,0.009853,0.921539,-215.912842,92.241577,83.955475
331,2.758333,-0.007811,0.388068,0.009787,0.921546,-215.912598,92.241669,83.955017
332,2.766667,-0.007816,0.388060,0.009749,0.921549,-215.912750,92.240288,83.955078
333,2.775000,-0.007821,0.388149,0.009775,0.921512,-215.912704,92.240509,83.955193
334,2.783333,-0.007764,0.388124,0.009787,0.921522,-215.913101,92.239967,83.956512
335,2.791667,-0.007773,0.388127,0.009825,0.921521,-215.914322,92.238876,83.957275
336,2.800000,-0.007808,0.388106,0.009893,0.921529,-215.914276,92.238808,83.956978
337,2.808333,-0.007853,0.388076,0.009802,0.921542,-215.914780,92.239143,83.957550
338,2.816667,-0.007923,0.388076,0.009818,0.921541,-215.915421,92.239388,83.957344
339,2.825000,-0.008068,0.388004,0.009495,0.921574,-215.917709,92.243271,83.954292
340,2.833333,-0.007871,0.388138,0.009711,0.921516,-215.916107,92.241127,83.954140
341,2.841667,-0.007794,0.388139,0.009688,0.921517,-215.915222,92.239128,83.955696
342,2.850000,-0.007786,0.388123,0.009745,0.921523,-215.915298,92.238770,83.953896
343,2.858333,-0.007702,0.388081,0.009854,0.921540,-215.914566,92.238190,83.952614
344,2.866667,-0.007663,0.388151,0.009911,0.921511,-215.913742,92.238312,83.951965
345,2.875000,-0.007805,0.388111,0.009970,0.921526,-215.913315,92.238312,83.951004
346,2.883333,-0.007813,0.388164,0.009914,0.921504,-215.912674,92.238823,83.950821
347,2.891667,-0.007911,0.388176,0.009809,0.921499,-215.912796,92.238525,83.951134
348,2.900000,-0.007931,0.388133,0.009937,0.921516,-215.913971,92.238319,83.951759
349,2.908333,-0.007829,0.388090,0.009938,0.921535,-215.912872,92.237801,83.952309
350,2.916667,-0.007726,0.388100,0.009875,0.921532,-215.912277,92.238220,83.954025
351,2.925000,-0.007712,0.388057,0.009827,0.921551,-215.912582,92.240562,83.955322
352,2.933333,-0.007778,0.388104,0.009754,0.921531,-215.911987,92.240303,83.956924
353,2.941667,-0.007881,0.388085,0.009568,0.921540,-215.913147,92.240402,83.957840
354,2.950000,-0.007877,0.388108,0.009650,0.921530,-215.913727,92.240158,83.957802
355,2.958333,-0.007809,0.388096,0.009709,0.921535,-215.914154,92.241112,83.959625
356,2.966667,-0.007746,0.388068,0.009735,0.921547,-215.913208,92.240204,83.960342
357,2.975000,-0.007774,0.388063,0.009769,0.921548,-215.913651,92.239723,83.959671
358,2.983333,-0.007787,0.388130,0.009773,0.921520,-215.913361,92.240891,83.959267
359,2.991667,-0.007761,0.388078,0.009860,0.921541,-215.911896,92.240067,83.958168
360,3.000000,-0.007884,0.388070,0.009851,0.921544,-215.912003,92.241043,83.956322
361,3.008333,-0.007862,0.388057,0.009843,0.921549,-215.910889,92.239639,83.954636
362,3.016667,-0.007915,0.388049,0.009720,0.921553,-215.911194,92.240517,83.953094
363,3.025000,-0.007812,0.388080,0.009680,0.921542,-215.911514,92.239258,83.952179
364,3.033333,-0.008118,0.388052,0.009479,0.921553,-215.913773,92.243797,83.949104
365,3.041667,-0.007983,0.388071,0.009655,0.921544,-215.912750,92.241623,83.949333
366,3.050000,-0.007914,0.388097,0.009687,0.921534,-215.912460,92.240120,83.950470
367,3.058333,-0.007936,0.388114,0.009708,0.921526,-215.912933,92.238930,83.951241
368,3.066667,-0.007927,0.388132,0.009720,0.921518,-215.913177,92.238251,83.951004
369,3.075000,-0.007809,0.388108,0.009830,0.921529,-215.913040,92.237244,83.952614
370,3.083333,-0.007931,0.388086,0.009821,0.921537,-215.913055,92.237862,83.953537
371,3.091667,-0.007929,0.388154,0.009894,0.921507,-215.912537,92.236534,83.954033
372,3.100000,-0.007844,0.388149,0.009934,0.921510,-215.911911,92.237320,83.955856
373,3.108333,-0.007742,0.388102,0.010035,0.921529,-215.911270,92.238144,83.956528
374,3.116667,-0.007641,0.388097,0.010158,0.921531,-215.910156,92.239037,83.956055
375,3.125000,-0.007662,0.388148,0.009974,0.921511,-215.908890,92.238655,83.956062
376,3.133333,-0.007764,0.388132,0.009876,0.921518,-215.908890,92.240372,83.955971
377,3.141667,-0.007851,0.388094,0.009784,0.921535,-215.907639,92.239929,83.955048
378,3.150000,-0.007917,0.388056,0.009721,0.921551,-215.907471,92.239143,83.954063
379,3.158333,-0.007884,0.388083,0.009785,0.921539,-215.907700,92.238358,83.952560
380,3.166667,-0.007780,0.388127,0.009724,0.921522,-215.909485,92.240707,83.952126
381,3.175000,-0.007799,0.388094,0.009817,0.921535,-215.910370,92.239357,83.950745
382,3.183333,-0.007770,0.388168,0.009842,0.921503,-215.911774,92.237785,83.949760
383,3.191667,-0.007931,0.388155,0.009934,0.921507,-215.913742,92.237434,83.948868
384,3.200000,-0.007920,0.388128,0.009955,0.921518,-215.914246,92.236794,83.949127
385,3.208333,-0.007928,0.388157,0.010007,0.921505,-215.914276,92.238060,83.949348
386,3.216667,-0.007733,0.388147,0.010038,0.921510,-215.913727,92.237846,83.950768
387,3.225000,-0.007732,0.388247,0.010124,0.921467,-215.913391,92.237076,83.951447
388,3.233333,-0.007741,0.388190,0.010167,0.921491,-215.913300,92.237495,83.952408
389,3.241667,-0.007790,0.388127,0.010130,0.921517,-215.912704,92.236832,83.952881
390,3.250000,-0.007684,0.388160,0.010027,0.921506,-215.911484,92.236259,83.952675
391,3.258333,-0.007722,0.388103,0.009996,0.921529,-215.911530,92.236771,83.952812
392,3.266667,-0.007843,0.388124,0.009884,0.921521,-215.910431,92.238403,83.953125
393,3.275000,-0.007901,0.388075,0.009768,0.921542,-215.910080,92.238266,83.951309
394,3.283333,-0.007785,0.388083,0.009786,0.921540,-215.910309,92.238754,83.951111
395,3.291667,-0.007765,0.388090,0.009824,0.921536,-215.910263,92.238899,83.951035
396,3.300000,-0.007768,0.388092,0.009797,0.921536,-215.911026,92.239586,83.950821
397,3.308333,-0.007891,0.388091,0.009758,0.921536,-215.911316,92.239395,83.950729
398,3.316667,-0.007759,0.388146,0.009922,0.921512,-215.910889,92.237511,83.950836
399,3.325000,-0.007906,0.388149,0.010051,0.921508,-215.911514,92.237877,83.950600
400,3.333333,-0.007844,0.388104,0.010065,0.921527,-215.912003,92.237747,83.951141
401,3.341667,-0.007754,0.388143,0.009934,0.921513,-215.912338,92.236984,83.951759
402,3.350000,-0.007728,0.388165,0.010039,0.921503,-215.912338,92.236763,83.951782
403,3.358333,-0.007654,0.388176,0.010094,0.921498,-215.912582,92.237381,83.952599
404,3.366667,-0.007664,0.388177,0.010102,0.921498,-215.911484,92.236046,83.952408
405,3.375000,-0.007679,0.388173,0.010065,0.921500,-215.911285,92.234795,83.952278
406,3.383333,-0.007672,0.388182,0.009968,0.921497,-215.911179,92.235855,83.952332
407,3.391667,-0.007758,0.388176,0.009956,0.921499,-215.910797,92.237129,83.952278
408,3.400000,-0.007880,0.388136,0.010032,0.921514,-215.910049,92.236969,83.950989
409,3.408333,-0.007882,0.388172,0.009975,0.921499,-215.909058,92.236290,83.951256
410,3.416667,-0.007827,0.388178,0.009952,0.921498,-215.908783,92.238220,83.950920
411,3.425000,-0.007887,0.388104,0.009956,0.921528,-215.908676,92.238632,83.950256
412,3.433333,-0.007878,0.388072,0.009795,0.921543,-215.908600,92.238167,83.950134
413,3.441667,-0.007798,0.388123,0.009810,0.921522,-215.909576,92.237465,83.950302
414,3.450000,-0.008009,0.388019,0.009488,0.921568,-215.911484,92.241760,83.946648
415,3.458333,-0.007837,0.388090,0.009773,0.921536,-215.910553,92.239403,83.946838
416,3.466667,-0.007747,0.388128,0.009868,0.921520,-215.911682,92.238327,83.948883
417,3.475000,-0.007787,0.388183,0.009947,0.921496,-215.912338,92.238396,83.949265
418,3.483333,-0.007859,0.388138,0.010030,0.921513,-215.912888,92.237267,83.949600
419,3.491667,-0.008125,0.388010,0.009697,0.921569,-215.914566,92.241547,83.947128
420,3.500000,-0.007949,0.388085,0.009713,0.921538,-215.914276,92.239700,83.948540
421,3.508333,-0.007747,0.388153,0.009758,0.921511,-215.913910,92.237679,83.949898
422,3.516667,-0.007765,0.388151,0.009819,0.921511,-215.914673,92.237854,83.951073
423,3.525000,-0.007715,0.388159,0.009923,0.921507,-215.913727,92.237877,83.952560
424,3.533333,-0.007821,0.388116,0.010023,0.921523,-215.913651,92.238503,83.953728
425,3.541667,-0.008040,0.388007,0.009678,0.921571,-215.914108,92.241501,83.951851
426,3.550000,-0.007976,0.388092,0.009827,0.921534,-215.913437,92.239655,83.951904
427,3.558333,-0.007853,0.388127,0.009990,0.921518,-215.912125,92.239830,83.953224
428,3.566667,-0.007793,0.388115,0.010071,0.921523,-215.911270,92.237625,83.953941
429,3.575000,-0.007815,0.388085,0.010029,0.921536,-215.910690,92.237976,83.954094
430,3.583333,-0.007797,0.388054,0.009820,0.921552,-215.910919,92.238083,83.952919
431,3.591667,-0.007713,0.388117,0.009838,0.921525,-215.910156,92.237595,83.952400
432,3.600000,-0.007691,0.388068,0.009998,0.921545,-215.909882,92.237701,83.952019
433,3.608333,-0.007776,0.388105,0.009843,0.921530,-215.911057,92.238091,83.950981
434,3.616667,-0.007938,0.388075,0.009860,0.921541,-215.912415,92.240456,83.949699
435,3.625000,-0.007965,0.388141,0.009841,0.921513,-215.912674,92.240425,83.947876
436,3.633333,-0.007840,0.388165,0.010083,0.921501,-215.913223,92.238991,83.948532
437,3.641667,-0.007843,0.388051,0.009914,0.921551,-215.913895,92.239029,83.949966
438,3.650000,-0.007878,0.388101,0.009879,0.921530,-215.913971,92.238960,83.950020
439,3.658333,-0.007769,0.388101,0.010037,0.921529,-215.913528,92.237282,83.950272
440,3.666667,-0.007767,0.388082,0.009932,0.921539,-215.913696,92.236977,83.950851
441,3.675000,-0.007745,0.388103,0.009935,0.921530,-215.912582,92.237663,83.952148
442,3.683333,-0.007776,0.388154,0.010104,0.921506,-215.911697,92.237381,83.952438
443,3.691667,-0.007818,0.388156,0.009994,0.921506,-215.910126,92.238235,83.953323
444,3.700000,-0.007908,0.388045,0.010024,0.921552,-215.909668,92.237320,83.953697
445,3.708333,-0.007847,0.388083,0.009938,0.921537,-215.908859,92.236931,83.952881
446,3.716667,-0.007820,0.388098,0.009928,0.921531,-215.908020,92.237717,83.953285
447,3.725000,-0.007610,0.388110,0.009939,0.921528,-215.907547,92.237701,83.952942
448,3.733333,-0.007648,0.388092,0.009807,0.921537,-215.907913,92.238129,83.953270
449,3.741667,-0.007740,0.388052,0.009851,0.921552,-215.908295,92.238777,83.952095
450,3.750000,-0.007785,0.388097,0.009792,0.921534,-215.909058,92.240181,83.951653
451,3.758333,-0.007770,0.388046,0.009835,0.921555,-215.909546,92.239326,83.950661
452,3.766667,-0.007766,0.388068,0.009835,0.921546,-215.910690,92.239006,83.950165
453,3.775000,-0.007761,0.388078,0.009954,0.921540,-215.911057,92.237762,83.949867
454,3.783333,-0.007849,0.388068,0.010155,0.921541,-215.911011,92.235931,83.950134
455,3.791667,-0.007795,0.388086,0.010162,0.921534,-215.912552,92.236382,83.951233
456,3.800000,-0.007807,0.388093,0.010120,0.921532,-215.912491,92.237404,83.950890
457,3.808333,-0.007898,0.388104,0.010077,0.921527,-215.911697,92.237686,83.950768
458,3.816667,-0.007809,0.388122,0.010007,0.921521,-215.911987,92.237595,83.950607
459,3.825000,-0.007745,0.388081,0.010027,0.921538,-215.911530,92.236687,83.951561
460,3.833333,-0.007649,0.388121,0.010076,0.921521,-215.910156,92.236160,83.952728
461,3.841667,-0.007799,0.388142,0.010000,0.921512,-215.909225,92.237450,83.952438
462,3.850000,-0.007906,0.388116,0.009867,0.921524,-215.909119,92.239784,83.951607
463,3.858333,-0.007834,0.388092,0.009730,0.921536,-215.908295,92.240799,83.950195
464,3.866667,-0.007798,0.388027,0.009712,0.921564,-215.907806,92.240494,83.950752
465,3.875000,-0.007707,0.388027,0.009775,0.921564,-215.906281,92.238266,83.951363
466,3.883333,-0.007772,0.388016,0.009860,0.921567,-215.906769,92.238976,83.951317
467,3.891667,-0.007791,0.388092,0.009821,0.921535,-215.907410,92.239052,83.949898
468,3.900000,-0.007824,0.388080,0.009799,0.921540,-215.908432,92.239052,83.948662
469,3.908333,-0.007868,0.388105,0.009938,0.921528,-215.908554,92.238647,83.948471
470,3.916667,-0.007776,0.388111,0.010160,0.921524,-215.908401,92.237267,83.949226
471,3.925000,-0.007749,0.388154,0.010125,0.921506,-215.909546,92.236565,83.951172
472,3.933333,-0.007797,0.388132,0.010186,0.921514,-215.910370,92.236313,83.951706
473,3.941667,-0.007875,0.388095,0.010149,0.921530,-215.911682,92.237297,83.953270
474,3.950000,-0.007955,0.388062,0.010011,0.921545,-215.911911,92.239746,83.954636
475,3.958333,-0.007764,0.388066,0.009991,0.921545,-215.911362,92.239540,83.955940
476,3.966667,-0.007706,0.388097,0.009926,0.921533,-215.912384,92.239365,83.957748
477,3.975000,-0.007726,0.388085,0.009823,0.921539,-215.913254,92.239349,83.960083
478,3.983333,-0.007716,0.388072,0.009867,0.921544,-215.913651,92.239433,83.961128
479,3.991667,-0.007751,0.388123,0.009814,0.921523,-215.913483,92.240082,83.961136
480,4.000000,-0.007705,0.388130,0.009880,0.921520,-215.913574,92.239555,83.959358
481,4.008333,-0.007761,0.388136,0.010019,0.921515,-215.913727,92.240265,83.957764
482,4.016667,-0.007669,0.388086,0.010019,0.921537,-215.912628,92.240219,83.956039
483,4.025000,-0.007832,0.388138,0.010011,0.921514,-215.912506,92.240128,83.950981
484,4.033333,-0.008176,0.388027,0.009555,0.921562,-215.912872,92.243950,83.945503
485,4.041667,-0.008045,0.388102,0.009845,0.921529,-215.908127,92.241516,83.944931
486,4.050000,-0.007934,0.388088,0.009933,0.921535,-215.904968,92.238968,83.945969
487,4.058333,-0.007993,0.388037,0.010031,0.921555,-215.902847,92.239082,83.945290
488,4.066667,-0.007987,0.388056,0.009994,0.921547,-215.901611,92.239204,83.944824
489,4.075000,-0.007905,0.388045,0.009932,0.921553,-215.901642,92.240211,83.946220
490,4.083333,-0.007775,0.388026,0.009815,0.921563,-215.902405,92.240921,83.947128
491,4.091667,-0.007773,0.387989,0.009599,0.921581,-215.905182,92.243523,83.949577
492,4.100000,-0.007768,0.388077,0.009781,0.921542,-215.907547,92.243790,83.952888
493,4.108333,-0.007749,0.388050,0.009801,0.921554,-215.910385,92.242371,83.955589
494,4.116667,-0.007740,0.388058,0.009836,0.921550,-215.914017,92.241798,83.959572
495,4.125000,-0.007618,0.388119,0.009871,0.921525,-215.918762,92.241188,83.961281
496,4.133333,-0.007675,0.388122,0.009812,0.921524,-215.922501,92.241165,83.962807
497,4.141667,-0.007535,0.388112,0.009905,0.921528,-215.925842,92.240173,83.962578
498,4.150000,-0.007496,0.388209,0.010133,0.921485,-215.929001,92.239288,83.960579
499,4.158333,-0.007535,0.388227,0.010168,0.921477,-215.930649,92.237717,83.957611
500,4.166667,-0.007687,0.388213,0.010202,0.921481,-215.930969,92.236511,83.955307
501,4.175000,-0.007873,0.388212,0.010317,0.921479,-215.928909,92.236534,83.951607
502,4.183333,-0.007909,0.388130,0.010288,0.921513,-215.922470,92.237106,83.948990
503,4.191667,-0.007925,0.388164,0.010175,0.921500,-215.915894,92.238701,83.947037
504,4.200000,-0.007735,0.388074,0.010236,0.921539,-215.910889,92.238274,83.947205
505,4.208333,-0.007675,0.388049,0.010184,0.921551,-215.907104,92.239670,83.945984
506,4.216667,-0.007807,0.388008,0.009978,0.921569,-215.904160,92.241768,83.945892
507,4.225000,-0.007874,0.387994,0.009713,0.921577,-215.902542,92.242867,83.947006
508,4.233333,-0.007760,0.387994,0.009662,0.921579,-215.901184,92.244347,83.951134
509,4.241667,-0.007559,0.388083,0.009598,0.921543,-215.901596,92.243576,83.956490
510,4.250000,-0.007521,0.388065,0.009604,0.921552,-215.903091,92.243126,83.960197
511,4.258333,-0.007573,0.388081,0.009714,0.921543,-215.907471,92.242439,83.962860
512,4.266667,-0.007513,0.388091,0.009863,0.921538,-215.913635,92.242615,83.964775
513,4.275000,-0.007521,0.388051,0.009815,0.921555,-215.919662,92.241173,83.964722
514,4.283333,-0.007369,0.388069,0.009778,0.921549,-215.926270,92.240936,83.965607
515,4.291667,-0.007479,0.388118,0.009923,0.921526,-215.930939,92.241180,83.963387
516,4.300000,-0.007758,0.388055,0.009709,0.921552,-215.936371,92.244194,83.957718
517,4.308333,-0.007875,0.388036,0.009528,0.921561,-215.939499,92.244812,83.951111
518,4.316667,-0.007987,0.388036,0.009566,0.921560,-215.941956,92.245224,83.946289
519,4.325000,-0.008108,0.388043,0.009489,0.921557,-215.942307,92.245361,83.943092
520,4.333333,-0.008073,0.388054,0.009382,0.921554,-215.938614,92.244209,83.940414
521,4.341667,-0.008137,0.387987,0.009455,0.921580,-215.931274,92.246635,83.938309
522,4.350000,-0.008018,0.387944,0.009313,0.921601,-215.924957,92.247330,83.937363
523,4.358333,-0.007855,0.388058,0.009638,0.921551,-215.918762,92.242355,83.940521
524,4.366667,-0.007818,0.388058,0.009861,0.921549,-215.914124,92.239830,83.944366
525,4.375000,-0.007815,0.388021,0.010000,0.921563,-215.911270,92.239479,83.947655
526,4.383333,-0.007811,0.388029,0.009813,0.921562,-215.908646,92.240791,83.949837
527,4.391667,-0.007722,0.388021,0.009775,0.921567,-215.906876,92.241165,83.953903
528,4.400000,-0.007671,0.387971,0.009610,0.921590,-215.907028,92.242661,83.959175
529,4.408333,-0.007495,0.387957,0.009761,0.921595,-215.905334,92.242905,83.966324
530,4.416667,-0.007322,0.388001,0.009682,0.921579,-215.905975,92.244896,83.972260
531,4.425000,-0.007211,0.388001,0.009698,0.921580,-215.910583,92.245186,83.976402
532,4.433333,-0.007249,0.387986,0.009764,0.921585,-215.916199,92.244217,83.976425
533,4.441667,-0.007227,0.388035,0.009693,0.921565,-215.921097,92.242798,83.974754
534,4.450000,-0.007332,0.388079,0.009913,0.921544,-215.926361,92.243286,83.971962
535,4.458333,-0.007415,0.388077,0.009918,0.921544,-215.931564,92.242371,83.967232
536,4.466667,-0.007486,0.388141,0.009993,0.921516,-215.934677,92.240486,83.960953
537,4.475000,-0.007752,0.388101,0.009896,0.921531,-215.937729,92.241882,83.953300
538,4.483333,-0.007985,0.388059,0.009744,0.921549,-215.939377,92.243942,83.945702
539,4.491667,-0.008086,0.388002,0.009643,0.921573,-215.936905,92.245171,83.943329
540,4.500000,-0.008371,0.387968,0.009422,0.921587,-215.928131,92.243935,83.940659
541,4.508333,-0.007974,0.388121,0.009660,0.921523,-215.918152,92.240730,83.944603
542,4.516667,-0.007711,0.388056,0.009992,0.921549,-215.913605,92.239143,83.948517
543,4.525000,-0.007752,0.388109,0.009961,0.921527,-215.909882,92.240601,83.948578
544,4.533333,-0.007819,0.388060,0.009914,0.921548,-215.905685,92.241402,83.949120
545,4.541667,-0.007793,0.388003,0.009907,0.921572,-215.903519,92.242287,83.953163
546,4.550000,-0.007692,0.387997,0.009812,0.921576,-215.900879,92.243202,83.956833
547,4.558333,-0.007584,0.387988,0.009812,0.921581,-215.899063,92.243210,83.962982
548,4.566667,-0.007469,0.388014,0.009646,0.921573,-215.897278,92.243454,83.970367
549,4.575000,-0.007383,0.388036,0.009772,0.921563,-215.901321,92.243767,83.973511
550,4.583333,-0.007384,0.388097,0.009716,0.921538,-215.905838,92.243919,83.972290
551,4.591667,-0.007399,0.388151,0.009822,0.921514,-215.909103,92.240944,83.968857
552,4.600000,-0.007626,0.388185,0.009930,0.921496,-215.914566,92.240662,83.965271
553,4.608333,-0.007703,0.388166,0.010039,0.921503,-215.920135,92.239990,83.960846
554,4.616667,-0.007750,0.388179,0.010083,0.921496,-215.923950,92.240112,83.955017
555,4.625000,-0.008196,0.388027,0.009930,0.921558,-215.927338,92.243835,83.947166
556,4.633333,-0.008040,0.388188,0.010140,0.921489,-215.924545,92.240402,83.948593
557,4.641667,-0.007891,0.388227,0.010240,0.921473,-215.921707,92.238815,83.950844
558,4.650000,-0.007773,0.388199,0.010405,0.921484,-215.916061,92.237694,83.950348
559,4.658333,-0.007928,0.388177,0.010443,0.921492,-215.911957,92.239746,83.951340
560,4.666667,-0.007928,0.388189,0.010284,0.921488,-215.910461,92.241028,83.951912
561,4.675000,-0.007954,0.388228,0.010241,0.921472,-215.914200,92.241188,83.952538
562,4.683333,-0.008047,0.388449,0.009980,0.921381,-215.920013,92.245728,83.954453
563,4.691667,-0.008129,0.388831,0.009869,0.921220,-215.927368,92.248016,83.956757
564,4.700000,-0.008095,0.389444,0.010017,0.920960,-215.939667,92.246887,83.960938
565,4.708333,-0.007929,0.390605,0.010220,0.920468,-215.954300,92.247078,83.965256
566,4.716667,-0.007827,0.391647,0.010321,0.920024,-215.967773,92.244225,83.967087
567,4.725000,-0.007829,0.392501,0.010611,0.919657,-215.980103,92.238762,83.966705
568,4.733333,-0.007949,0.392726,0.011040,0.919555,-215.990372,92.234993,83.966705
569,4.741667,-0.007941,0.392706,0.011359,0.919560,-215.999954,92.233139,83.969925
570,4.750000,-0.008154,0.392596,0.011446,0.919603,-216.009018,92.233765,83.968208
571,4.758333,-0.008076,0.392586,0.011766,0.919605,-216.018097,92.233452,83.968391
572,4.766667,-0.008316,0.392487,0.011956,0.919642,-216.030197,92.235596,83.969002
573,4.775000,-0.008230,0.392354,0.013868,0.919673,-216.058090,92.223404,83.976982
574,4.783333,-0.008135,0.392270,0.014251,0.919704,-216.070435,92.221718,83.980782
575,4.791667,-0.008095,0.392319,0.014870,0.919674,-216.078064,92.218872,83.983978
576,4.800000,-0.007999,0.392469,0.015040,0.919607,-216.082733,92.219337,83.988060
577,4.808333,-0.007842,0.392488,0.015302,0.919597,-216.085403,92.219139,83.991608
578,4.816667,-0.007858,0.392509,0.015495,0.919584,-216.085388,92.218521,83.993492
579,4.825000,-0.008132,0.392433,0.015834,0.919608,-216.085648,92.217728,83.994797
580,4.833333,-0.008072,0.392473,0.015903,0.919591,-216.088272,92.219048,83.999069
581,4.841667,-0.008110,0.392521,0.015485,0.919577,-216.083710,92.223618,83.996353
582,4.850000,-0.008201,0.392546,0.014847,0.919576,-216.086502,92.231361,83.993439
583,4.858333,-0.008357,0.392390,0.014157,0.919652,-216.098373,92.239410,83.992256
584,4.866667,-0.008667,0.392460,0.014172,0.919619,-216.115143,92.241653,83.996300
585,4.875000,-0.008726,0.392436,0.014750,0.919620,-216.132141,92.241867,83.997520
586,4.883333,-0.008862,0.392528,0.015461,0.919567,-216.149948,92.241516,84.000839
587,4.891667,-0.009099,0.392593,0.016193,0.919525,-216.169556,92.241791,84.003067
588,4.900000,-0.009376,0.392738,0.016687,0.919451,-216.187378,92.243286,84.002197
589,4.908333,-0.009511,0.392970,0.017116,0.919343,-216.203720,92.243111,84.000870
590,4.916667,-0.009616,0.393050,0.017297,0.919304,-216.216858,92.244698,84.000687
591,4.925000,-0.009797,0.393113,0.017697,0.919268,-216.226578,92.244545,83.998558
592,4.933333,-0.010120,0.393061,0.017816,0.919284,-216.233826,92.246635,84.000305
593,4.941667,-0.010267,0.393067,0.018049,0.919275,-216.238953,92.245743,83.998909
594,4.950000,-0.010172,0.393091,0.018272,0.919262,-216.241501,92.244110,83.999710
595,4.958333,-0.010046,0.393085,0.018366,0.919264,-216.242386,92.243668,84.002327
596,4.966667,-0.009998,0.393140,0.018515,0.919238,-216.244095,92.243263,84.004623
597,4.975000,-0.009997,0.393100,0.018603,0.919253,-216.247803,92.243988,84.006401
598,4.983333,-0.010053,0.393089,0.018547,0.919259,-216.253525,92.244133,84.009247
599,4.991667,-0.010292,0.393183,0.018885,0.919209,-216.264816,92.246353,84.011795
600,5.000000,-0.010392,0.393202,0.019217,0.919193,-216.277008,92.245636,84.013252
601,5.008333,-0.010607,0.393243,0.019757,0.919161,-216.292114,92.245300,84.013504
602,5.016667,-0.011005,0.393225,0.020026,0.919158,-216.309998,92.247856,84.014542
603,5.025000,-0.011179,0.393324,0.020540,0.919103,-216.328720,92.248505,84.014351
604,5.033333,-0.011826,0.393478,0.021848,0.918998,-216.349503,92.253120,84.010956
605,5.041667,-0.012218,0.393533,0.022503,0.918954,-216.370392,92.254784,84.010811
606,5.050000,-0.012332,0.393574,0.022994,0.918923,-216.387436,92.252579,84.010979
607,5.058333,-0.012315,0.393497,0.023469,0.918944,-216.401367,92.250259,84.009178
608,5.066667,-0.012463,0.393489,0.023744,0.918938,-216.413467,92.249413,84.008499
609,5.075000,-0.012526,0.393515,0.024166,0.918915,-216.420334,92.248215,84.007637
610,5.083333,-0.012465,0.393573,0.024305,0.918887,-216.423920,92.246719,84.008286
611,5.091667,-0.012444,0.393589,0.024334,0.918880,-216.422562,92.245613,84.008011
612,5.100000,-0.012480,0.393817,0.024297,0.918783,-216.419983,92.244766,84.007118
613,5.108333,-0.012559,0.394293,0.024372,0.918576,-216.415237,92.245331,84.007080
614,5.116667,-0.012687,0.394910,0.024334,0.918310,-216.407959,92.247513,84.007042
615,5.125000,-0.012849,0.395649,0.024243,0.917992,-216.401764,92.248474,84.006187
616,5.133333,-0.012887,0.396066,0.024176,0.917813,-216.397308,92.249557,84.007805
617,5.141667,-0.012920,0.396274,0.024097,0.917725,-216.394516,92.250183,84.008743
618,5.150000,-0.012871,0.396375,0.023852,0.917688,-216.393250,92.250389,84.010109
619,5.158333,-0.012802,0.396514,0.023746,0.917632,-216.393738,92.252342,84.010895
620,5.166667,-0.012838,0.396446,0.023634,0.917664,-216.396912,92.254951,84.011658
621,5.175000,-0.012733,0.396467,0.023633,0.917656,-216.400528,92.255173,84.012131
622,5.183333,-0.012766,0.396368,0.023695,0.917697,-216.407608,92.255753,84.012779
623,5.191667,-0.012701,0.396326,0.023668,0.917717,-216.412170,92.255875,84.012779
624,5.200000,-0.012479,0.396481,0.023920,0.917646,-216.414352,92.253212,84.013748
625,5.208333,-0.012254,0.396568,0.024136,0.917606,-216.414993,92.250870,84.012955
626,5.216667,-0.012265,0.396710,0.024328,0.917539,-216.415146,92.248932,84.012665
627,5.225000,-0.012446,0.396584,0.024529,0.917586,-216.416626,92.248901,84.011230
628,5.233333,-0.012552,0.396697,0.024615,0.917534,-216.415115,92.248817,84.011215
629,5.241667,-0.012699,0.396598,0.024816,0.917569,-216.415543,92.249725,84.010025
630,5.250000,-0.012690,0.396679,0.024922,0.917531,-216.414597,92.249069,84.009079
631,5.258333,-0.012670,0.396655,0.024782,0.917546,-216.412064,92.249474,84.008392
632,5.266667,-0.012671,0.396776,0.024548,0.917500,-216.407867,92.250420,84.009171
633,5.275000,-0.012702,0.396780,0.024490,0.917499,-216.406418,92.250587,84.009415
634,5.283333,-0.012772,0.396826,0.024396,0.917481,-216.406799,92.251984,84.010330
635,5.291667,-0.012787,0.396887,0.024267,0.917457,-216.408249,92.253517,84.010185
636,5.300000,-0.012668,0.396903,0.024156,0.917455,-216.413116,92.255554,84.012283
637,5.308333,-0.012518,0.397008,0.024180,0.917411,-216.418549,92.255089,84.013435
638,5.316667,-0.012246,0.396995,0.024176,0.917421,-216.424744,92.254272,84.015320
639,5.325000,-0.012151,0.397095,0.024346,0.917374,-216.429306,92.253052,84.015968
640,5.333333,-0.011988,0.397119,0.024451,0.917363,-216.434143,92.251266,84.016365
641,5.341667,-0.011788,0.397163,0.024493,0.917345,-216.438538,92.248177,84.016579
642,5.350000,-0.011740,0.397208,0.024490,0.917327,-216.441483,92.245872,84.017273
643,5.358333,-0.011696,0.397269,0.024294,0.917306,-216.443420,92.243942,84.016464
644,5.366667,-0.011771,0.397070,0.024407,0.917388,-216.443802,92.244080,84.017410
645,5.375000,-0.011833,0.396619,0.024719,0.917574,-216.437119,92.245209,84.021721
646,5.383333,-0.012102,0.396470,0.025123,0.917624,-216.430161,92.249390,84.022713
647,5.391667,-0.012268,0.396374,0.025349,0.917657,-216.422577,92.250351,84.022400
648,5.400000,-0.012430,0.396293,0.025209,0.917694,-216.417618,92.252083,84.019264
649,5.408333,-0.012731,0.396248,0.024697,0.917723,-216.415192,92.256783,84.016678
650,5.416667,-0.013238,0.396171,0.024081,0.917766,-216.413635,92.264633,84.011246
651,5.425000,-0.013662,0.396095,0.023205,0.917815,-216.411209,92.271919,84.008408
652,5.433333,-0.011191,0.397098,0.025644,0.917350,-216.393326,92.238983,84.038528
653,5.441667,-0.010903,0.397129,0.026038,0.917329,-216.392395,92.236053,84.043571
654,5.450000,-0.010720,0.397005,0.026229,0.917379,-216.396149,92.234207,84.043953
655,5.458333,-0.010476,0.397001,0.026470,0.917376,-216.402405,92.232117,84.045532
656,5.466667,-0.010357,0.396972,0.026602,0.917387,-216.409164,92.230507,84.048149
657,5.475000,-0.010313,0.396984,0.026907,0.917373,-216.415817,92.226830,84.050201
658,5.483333,-0.010246,0.397079,0.027093,0.917327,-216.420502,92.223694,84.051910
659,5.491667,-0.010201,0.397092,0.027244,0.917318,-216.424042,92.221794,84.051506
660,5.500000,-0.010225,0.397127,0.027248,0.917302,-216.427155,92.222580,84.051010
661,5.508333,-0.010222,0.397114,0.027274,0.917307,-216.428925,92.223923,84.049820
662,5.516667,-0.010178,0.397126,0.027299,0.917301,-216.428711,92.224854,84.048706
663,5.525000,-0.010094,0.397130,0.027261,0.917302,-216.426941,92.225090,84.047089
664,5.533333,-0.010092,0.397114,0.027204,0.917310,-216.423706,92.224228,84.045204
665,5.541667,-0.010114,0.397051,0.027186,0.917338,-216.419571,92.224197,84.044250
666,5.550000,-0.010224,0.397036,0.027096,0.917346,-216.414993,92.225204,84.043709
667,5.558333,-0.010347,0.396992,0.027197,0.917361,-216.410568,92.226578,84.043053
668,5.566667,-0.010378,0.396973,0.027101,0.917372,-216.406372,92.225899,84.043427
669,5.575000,-0.010583,0.397063,0.027116,0.917330,-216.404221,92.225471,84.043793
670,5.583333,-0.010594,0.397034,0.027047,0.917344,-216.402908,92.225121,84.045021
671,5.591667,-0.010623,0.397011,0.026990,0.917355,-216.403610,92.226013,84.046165
672,5.600000,-0.010590,0.396985,0.027028,0.917366,-216.405396,92.225563,84.047028
673,5.608333,-0.010626,0.397006,0.027007,0.917357,-216.408447,92.225868,84.047409
674,5.616667,-0.010558,0.396961,0.026982,0.917378,-216.411926,92.226082,84.048737
675,5.625000,-0.010459,0.396994,0.027027,0.917363,-216.416809,92.226173,84.049469
676,5.633333,-0.010279,0.397060,0.027142,0.917334,-216.421463,92.227364,84.049789
677,5.641667,-0.010227,0.397059,0.027221,0.917332,-216.424393,92.226875,84.050110
678,5.650000,-0.010153,0.397071,0.027223,0.917328,-216.426498,92.226608,84.049995
679,5.658333,-0.010126,0.397046,0.027213,0.917339,-216.426849,92.225304,84.048393
680,5.666667,-0.010100,0.397114,0.027037,0.917315,-216.426514,92.224976,84.047867
681,5.675000,-0.010187,0.397080,0.027152,0.917326,-216.425507,92.224655,84.045326
682,5.683333,-0.010221,0.397038,0.027156,0.917344,-216.422180,92.223686,84.044228
683,5.691667,-0.010337,0.396995,0.027259,0.917358,-216.418701,92.223579,84.042885
684,5.700000,-0.010271,0.396984,0.027194,0.917365,-216.414780,92.224327,84.042313
685,5.708333,-0.010358,0.396985,0.027146,0.917365,-216.411011,92.226257,84.041855
686,5.716667,-0.010286,0.396856,0.027058,0.917425,-216.406982,92.225998,84.040581
687,5.725000,-0.010404,0.396852,0.026954,0.917428,-216.404648,92.228889,84.040192
688,5.733333,-0.010538,0.396778,0.026697,0.917466,-216.402435,92.230537,84.040115
689,5.741667,-0.010656,0.396707,0.026545,0.917499,-216.401810,92.232262,84.039474
690,5.750000,-0.010746,0.396622,0.026145,0.917547,-216.403152,92.235924,84.037811
691,5.758333,-0.010790,0.396541,0.025678,0.917594,-216.404861,92.241005,84.036362
692,5.766667,-0.010903,0.396421,0.024885,0.917667,-216.407898,92.248245,84.034904
693,5.775000,-0.011034,0.396188,0.024160,0.917785,-216.412354,92.254272,84.030548
694,5.783333,-0.011086,0.395986,0.023447,0.917890,-216.417984,92.259636,84.026550
695,5.791667,-0.011110,0.395889,0.023314,0.917935,-216.422699,92.261086,84.023331
696,5.800000,-0.010942,0.395907,0.023292,0.917930,-216.424469,92.259720,84.022697
697,5.808333,-0.010819,0.396037,0.023473,0.917871,-216.424850,92.257217,84.024315
698,5.816667,-0.010731,0.396261,0.024065,0.917760,-216.423035,92.253700,84.027824
699,5.825000,-0.010562,0.396637,0.024986,0.917574,-216.416840,92.246666,84.033791
700,5.833333,-0.010093,0.397192,0.026544,0.917296,-216.410187,92.230957,84.044037
701,5.841667,-0.009890,0.397396,0.028147,0.917162,-216.409348,92.218895,84.048370
702,5.850000,-0.009963,0.397335,0.028948,0.917163,-216.410568,92.213600,84.051147
703,5.858333,-0.009996,0.397266,0.029167,0.917185,-216.407196,92.210541,84.051094
704,5.866667,-0.009950,0.397256,0.029016,0.917195,-216.403549,92.209801,84.051636
705,5.875000,-0.010075,0.397350,0.028988,0.917154,-216.401810,92.211983,84.050545
706,5.883333,-0.010051,0.397331,0.028714,0.917171,-216.400360,92.211716,84.051331
707,5.891667,-0.010037,0.397317,0.028752,0.917176,-216.400879,92.211548,84.051552
708,5.900000,-0.010110,0.397351,0.028817,0.917159,-216.402527,92.211929,84.052696
709,5.908333,-0.010064,0.397279,0.028673,0.917195,-216.405624,92.212830,84.053162
710,5.916667,-0.010031,0.397242,0.028715,0.917210,-216.409332,92.214371,84.053787
711,5.925000,-0.009994,0.397282,0.028644,0.917195,-216.413544,92.214569,84.055038
712,5.933333,-0.009950,0.397292,0.028600,0.917193,-216.417313,92.214516,84.055183
713,5.941667,-0.009903,0.397251,0.028383,0.917217,-216.421646,92.216019,84.054657
714,5.950000,-0.009887,0.397322,0.028358,0.917188,-216.424484,92.215843,84.052887
715,5.958333,-0.009889,0.397360,0.028139,0.917178,-216.425735,92.215889,84.052505
716,5.966667,-0.009914,0.397358,0.028056,0.917181,-216.425781,92.216232,84.051666
717,5.975000,-0.009948,0.397329,0.028128,0.917191,-216.424393,92.217697,84.050125
718,5.983333,-0.010090,0.397243,0.027957,0.917232,-216.421539,92.219131,84.049957
719,5.991667,-0.010158,0.397151,0.027847,0.917274,-216.417221,92.220535,84.048744
720,6.000000,-0.010229,0.397099,0.027541,0.917305,-216.413239,92.221451,84.047630
721,6.008333,-0.010260,0.397108,0.027406,0.917305,-216.409882,92.223259,84.045776
722,6.016667,-0.010356,0.397009,0.027366,0.917348,-216.407150,92.223778,84.043320
723,6.025000,-0.010445,0.396904,0.027134,0.917399,-216.406250,92.226288,84.041473
724,6.033333,-0.010437,0.396848,0.026887,0.917431,-216.405197,92.228210,84.040604
725,6.041667,-0.010452,0.396790,0.026620,0.917464,-216.404724,92.229897,84.039757
726,6.050000,-0.010531,0.396764,0.026398,0.917481,-216.405869,92.232460,84.039810
727,6.058333,-0.010514,0.396836,0.026360,0.917451,-216.407059,92.233788,84.040047
728,6.066667,-0.010511,0.396850,0.026220,0.917449,-216.409348,92.234596,84.040810
729,6.075000,-0.010487,0.396851,0.026250,0.917448,-216.412323,92.234573,84.042198
730,6.083333,-0.010367,0.396910,0.026457,0.917417,-216.415955,92.233711,84.043213
731,6.091667,-0.010201,0.396963,0.026582,0.917393,-216.419479,92.232231,84.045273
732,6.100000,-0.010184,0.396975,0.026902,0.917379,-216.423080,92.230026,84.046181
733,6.108333,-0.010224,0.397028,0.027186,0.917347,-216.425537,92.226830,84.047134
734,6.116667,-0.010159,0.397038,0.027339,0.917339,-216.426224,92.224464,84.047791
735,6.125000,-0.010197,0.397052,0.027268,0.917334,-216.425629,92.223434,84.047371
736,6.133333,-0.010215,0.397061,0.027304,0.917329,-216.422867,92.222519,84.045853
737,6.141667,-0.010111,0.397047,0.027192,0.917340,-216.418961,92.223267,84.045082
738,6.150000,-0.010108,0.397079,0.027261,0.917324,-216.415314,92.225822,84.044327
739,6.158333,-0.010109,0.397029,0.027297,0.917344,-216.411285,92.226501,84.043541
740,6.166667,-0.010255,0.397016,0.027183,0.917352,-216.407898,92.227127,84.043053
741,6.175000,-0.010431,0.397003,0.026970,0.917362,-216.406036,92.227898,84.042580
742,6.183333,-0.010479,0.396973,0.026905,0.917376,-216.404938,92.226746,84.042336
743,6.191667,-0.010446,0.396970,0.026813,0.917380,-216.405960,92.227898,84.042862
744,6.200000,-0.010459,0.396987,0.026851,0.917372,-216.408539,92.228661,84.043770
745,6.208333,-0.010407,0.397007,0.026949,0.917361,-216.411942,92.227852,84.045441
746,6.216667,-0.010289,0.397041,0.026976,0.917347,-216.415695,92.227356,84.047173
747,6.225000,-0.010258,0.397022,0.027031,0.917354,-216.419601,92.227379,84.047699
748,6.233333,-0.010123,0.397029,0.027113,0.917350,-216.422348,92.226067,84.048340
749,6.241667,-0.010047,0.397086,0.027174,0.917324,-216.425064,92.225487,84.048729
750,6.250000,-0.010025,0.397074,0.027164,0.917330,-216.427185,92.225494,84.049072
751,6.258333,-0.010039,0.397113,0.027252,0.917310,-216.427322,92.224678,84.047913
752,6.266667,-0.010084,0.397144,0.027253,0.917296,-216.426590,92.224289,84.047539
753,6.275000,-0.010051,0.397089,0.027284,0.917319,-216.424606,92.223969,84.047226
754,6.283333,-0.010177,0.397079,0.027261,0.917323,-216.421768,92.225021,84.046707
755,6.291667,-0.010284,0.397042,0.027195,0.917340,-216.418030,92.224243,84.045128
756,6.300000,-0.010290,0.397023,0.027172,0.917349,-216.414337,92.223396,84.044197
757,6.308333,-0.010356,0.397050,0.027124,0.917338,-216.411942,92.224686,84.043869
758,6.316667,-0.010400,0.397014,0.027046,0.917355,-216.409561,92.225571,84.043106
759,6.325000,-0.010293,0.396963,0.027029,0.917379,-216.407318,92.224739,84.043068
760,6.333333,-0.010340,0.397009,0.027044,0.917358,-216.406830,92.226372,84.042831
761,6.341667,-0.010311,0.396951,0.027106,0.917382,-216.406876,92.226212,84.043480
762,6.350000,-0.010458,0.397025,0.027040,0.917350,-216.409210,92.226860,84.045021
763,6.358333,-0.010373,0.397033,0.027075,0.917346,-216.412521,92.226196,84.045502
764,6.366667,-0.010387,0.397009,0.027085,0.917356,-216.416763,92.225731,84.047195
765,6.375000,-0.010372,0.397023,0.027091,0.917350,-216.420578,92.226814,84.047646
766,6.383333,-0.010273,0.397064,0.027075,0.917334,-216.423248,92.225906,84.047798
767,6.391667,-0.010312,0.397094,0.027168,0.917318,-216.425064,92.224892,84.048042
768,6.400000,-0.010360,0.397101,0.027216,0.917313,-216.427155,92.224319,84.048775
769,6.408333,-0.010245,0.397080,0.027174,0.917324,-216.426926,92.223175,84.048424
770,6.416667,-0.010212,0.397093,0.027216,0.917318,-216.425842,92.223595,84.047791
771,6.425000,-0.010261,0.397071,0.027253,0.917326,-216.423706,92.224388,84.046799
772,6.433333,-0.010227,0.397047,0.027264,0.917336,-216.420334,92.224709,84.046532
773,6.441667,-0.010230,0.397001,0.027250,0.917357,-216.416748,92.224770,84.045334
774,6.450000,-0.010373,0.397039,0.027286,0.917338,-216.413956,92.226044,84.044830
775,6.458333,-0.010416,0.397013,0.027179,0.917351,-216.411423,92.225800,84.044670
776,6.466667,-0.010453,0.397051,0.027199,0.917334,-216.409378,92.225647,84.045044
777,6.475000,-0.010428,0.397048,0.027120,0.917338,-216.408157,92.226158,84.044998
778,6.483333,-0.010372,0.397082,0.027055,0.917326,-216.407806,92.225441,84.044136
779,6.491667,-0.010363,0.397062,0.027029,0.917335,-216.408035,92.225304,84.044266
780,6.500000,-0.010473,0.397058,0.027079,0.917334,-216.409882,92.226532,84.045784
781,6.508333,-0.010437,0.396990,0.027183,0.917361,-216.412262,92.226089,84.045944
782,6.516667,-0.010366,0.397032,0.027116,0.917346,-216.415497,92.225006,84.047279
783,6.525000,-0.010396,0.397086,0.027177,0.917320,-216.419678,92.226418,84.048172
784,6.533333,-0.010267,0.397101,0.027232,0.917313,-216.422653,92.226616,84.049606
785,6.541667,-0.010171,0.397107,0.027190,0.917313,-216.425186,92.226578,84.050491
786,6.550000,-0.010114,0.397141,0.027277,0.917297,-216.426941,92.226723,84.049934
787,6.558333,-0.010078,0.397159,0.027292,0.917289,-216.427353,92.226776,84.049820
788,6.566667,-0.010061,0.397181,0.027237,0.917281,-216.425751,92.225197,84.049377
789,6.575000,-0.010175,0.397138,0.027273,0.917297,-216.423584,92.223816,84.048668
790,6.583333,-0.010321,0.397085,0.027266,0.917319,-216.420532,92.223999,84.047813
791,6.591667,-0.010387,0.397051,0.027329,0.917331,-216.416641,92.222992,84.046814
792,6.600000,-0.010368,0.397036,0.027237,0.917340,-216.413757,92.223450,84.046379
793,6.608333,-0.010424,0.397051,0.027198,0.917334,-216.411469,92.225609,84.045334
794,6.616667,-0.010328,0.397015,0.027148,0.917352,-216.408417,92.224243,84.044800
795,6.625000,-0.010419,0.397058,0.027109,0.917334,-216.407776,92.226501,84.044281
796,6.633333,-0.010461,0.397049,0.027148,0.917336,-216.408112,92.226906,84.045700
797,6.641667,-0.010479,0.397026,0.027152,0.917346,-216.409012,92.225975,84.045883
798,6.650000,-0.010441,0.397071,0.027186,0.917326,-216.410645,92.226845,84.045631
799,6.658333,-0.010308,0.397078,0.027118,0.917326,-216.413361,92.226219,84.046539
800,6.666667,-0.010259,0.397050,0.026949,0.917344,-216.416672,92.225883,84.047607
801,6.675000,-0.010172,0.397095,0.026986,0.917325,-216.420105,92.225700,84.047501
802,6.683333,-0.010232,0.397128,0.027032,0.917308,-216.422485,92.224586,84.048691
803,6.691667,-0.010297,0.397105,0.027188,0.917313,-216.424774,92.223984,84.048599
804,6.700000,-0.010203,0.397108,0.027042,0.917317,-216.425659,92.224258,84.049606
805,6.708333,-0.010197,0.397122,0.027074,0.917310,-216.426086,92.224792,84.049957
806,6.716667,-0.010263,0.397108,0.027228,0.917311,-216.425201,92.224884,84.048897
807,6.725000,-0.010214,0.397072,0.027390,0.917322,-216.422089,92.224670,84.048225
808,6.733333,-0.010324,0.397021,0.027233,0.917347,-216.418839,92.225395,84.047905
809,6.741667,-0.010340,0.397020,0.027129,0.917351,-216.415787,92.225174,84.046921
810,6.750000,-0.010430,0.397041,0.027063,0.917342,-216.412766,92.225327,84.046021
811,6.758333,-0.010423,0.397045,0.027102,0.917340,-216.410370,92.224922,84.045502
812,6.766667,-0.010446,0.397029,0.027087,0.917347,-216.408188,92.224754,84.044403
813,6.775000,-0.010367,0.397033,0.027009,0.917348,-216.406891,92.225571,84.044701
814,6.783333,-0.010329,0.397023,0.027103,0.917350,-216.407822,92.226494,84.044395
815,6.791667,-0.010350,0.397031,0.027177,0.917344,-216.408401,92.226524,84.045151
816,6.800000,-0.010277,0.397023,0.027146,0.917350,-216.410233,92.226151,84.045586
817,6.808333,-0.010239,0.397077,0.027179,0.917326,-216.413834,92.227310,84.046455
818,6.816667,-0.010277,0.397041,0.027194,0.917340,-216.417191,92.226944,84.046509
819,6.825000,-0.010262,0.397076,0.027086,0.917329,-216.420578,92.226585,84.047676
820,6.833333,-0.010208,0.397098,0.027170,0.917317,-216.422821,92.225212,84.048820
821,6.841667,-0.010131,0.397097,0.027159,0.917319,-216.423920,92.225006,84.048958
822,6.850000,-0.010106,0.397145,0.027158,0.917298,-216.424606,92.225807,84.048729
823,6.858333,-0.010074,0.397133,0.027211,0.917302,-216.424210,92.225769,84.048752
824,6.866667,-0.010257,0.397099,0.027223,0.917315,-216.423660,92.226486,84.049194
825,6.875000,-0.010232,0.397080,0.027149,0.917325,-216.421921,92.226532,84.049103
826,6.883333,-0.010096,0.397065,0.027222,0.917331,-216.418381,92.225288,84.047844
827,6.891667,-0.010123,0.397046,0.027149,0.917341,-216.415985,92.225739,84.047577
828,6.900000,-0.010297,0.397032,0.027255,0.917342,-216.413879,92.226707,84.046158
829,6.908333,-0.010470,0.397013,0.027171,0.917351,-216.411072,92.226395,84.045593
830,6.916667,-0.010432,0.397018,0.027200,0.917348,-216.409088,92.225662,84.044846
831,6.925000,-0.010415,0.397004,0.026992,0.917361,-216.408417,92.225388,84.045166
832,6.933333,-0.010490,0.397026,0.026993,0.917350,-216.409042,92.225960,84.045288
833,6.941667,-0.010436,0.396991,0.027080,0.917364,-216.409271,92.225952,84.044418
834,6.950000,-0.010451,0.397033,0.027167,0.917343,-216.410660,92.226395,84.043884
835,6.958333,-0.010438,0.397005,0.027073,0.917358,-216.412735,92.226318,84.045235
836,6.966667,-0.010417,0.397026,0.027067,0.917349,-216.415497,92.226784,84.045967
837,6.975000,-0.010353,0.397032,0.027158,0.917344,-216.418976,92.226791,84.046906
838,6.983333,-0.010302,0.397006,0.027116,0.917357,-216.420746,92.227135,84.048714
839,6.991667,-0.010159,0.396962,0.027068,0.917379,-216.420959,92.225487,84.050179
840,7.000000,-0.009974,0.397007,0.027031,0.917363,-216.421204,92.225281,84.051842
841,7.008333,-0.010071,0.397081,0.027003,0.917331,-216.420273,92.224762,84.050735
842,7.016667,-0.010112,0.397084,0.027030,0.917328,-216.418411,92.223755,84.048073
843,7.025000,-0.010289,0.397067,0.027032,0.917334,-216.415649,92.224701,84.044945
844,7.033333,-0.010398,0.397060,0.026975,0.917337,-216.410370,92.224121,84.045273
845,7.041667,-0.010385,0.397058,0.026858,0.917342,-216.404221,92.224380,84.048279
846,7.050000,-0.010268,0.397087,0.026618,0.917338,-216.398499,92.224670,84.053795
847,7.058333,-0.010064,0.397138,0.026421,0.917323,-216.391968,92.224884,84.060898
848,7.066667,-0.009784,0.397284,0.026324,0.917266,-216.385315,92.225403,84.070831
849,7.075000,-0.009416,0.397401,0.026056,0.917227,-216.381104,92.228096,84.083145
850,7.083333,-0.009013,0.397523,0.025719,0.917187,-216.380005,92.230980,84.095795
851,7.091667,-0.008798,0.397567,0.025415,0.917179,-216.379410,92.229271,84.110519
852,7.100000,-0.008667,0.397597,0.025194,0.917173,-216.378662,92.227974,84.127655
853,7.108333,-0.008277,0.397495,0.025070,0.917224,-216.376572,92.227135,84.144676
854,7.116667,-0.007616,0.397431,0.024882,0.917263,-216.372726,92.228256,84.165398
855,7.125000,-0.005854,0.397471,0.023907,0.917285,-216.364410,92.222694,84.195061
856,7.133333,-0.004461,0.397713,0.023274,0.917204,-216.357635,92.220322,84.219574
857,7.141667,-0.003270,0.397572,0.022747,0.917283,-216.344498,92.221718,84.247765
858,7.150000,-0.002297,0.397368,0.022280,0.917386,-216.325256,92.223648,84.277527
859,7.158333,-0.001385,0.397239,0.021801,0.917455,-216.302322,92.225777,84.305450
860,7.166667,-0.000227,0.397261,0.021230,0.917460,-216.278549,92.229790,84.326981
861,7.175000,0.000905,0.397366,0.020769,0.917425,-216.258102,92.232475,84.343674
862,7.183333,0.001450,0.397444,0.020892,0.917387,-216.242310,92.232414,84.355560
863,7.191667,0.002284,0.396864,0.023442,0.917575,-216.257904,92.209259,84.373634
864,7.200000,0.002404,0.396630,0.023630,0.917671,-216.251083,92.208649,84.380814
865,7.208333,0.002380,0.396575,0.023871,0.917689,-216.244080,92.209297,84.385178
866,7.216667,0.002688,0.396702,0.023995,0.917630,-216.236572,92.206863,84.391174
867,7.225000,0.002845,0.397070,0.024246,0.917464,-216.230682,92.204575,84.398224
868,7.233333,0.003066,0.397677,0.024924,0.917182,-216.222794,92.201271,84.413544
869,7.241667,0.003142,0.398079,0.025191,0.917000,-216.220520,92.200081,84.427444
870,7.250000,0.003232,0.398094,0.025360,0.916988,-216.222549,92.200165,84.434296
871,7.258333,0.003278,0.397976,0.025671,0.917031,-216.226028,92.201271,84.441559
872,7.266667,0.003639,0.398092,0.025775,0.916976,-216.231018,92.203613,84.455750
873,7.275000,0.004105,0.398039,0.026209,0.916985,-216.233795,92.202599,84.468201
874,7.283333,0.004184,0.397690,0.026841,0.917117,-216.239807,92.207298,84.486320
875,7.291667,0.004174,0.397471,0.027248,0.917201,-216.242798,92.208633,84.497215
876,7.300000,0.004013,0.397501,0.027292,0.917187,-216.246277,92.211060,84.504601
877,7.308333,0.003928,0.397536,0.027477,0.917167,-216.238647,92.210213,84.495811
878,7.316667,0.003727,0.397479,0.027321,0.917197,-216.255829,92.214096,84.498306
879,7.325000,0.003455,0.397364,0.026849,0.917262,-216.263626,92.215416,84.487190
880,7.333333,0.003136,0.397461,0.026660,0.917227,-216.269852,92.214508,84.470016
881,7.341667,0.002769,0.397826,0.025771,0.917095,-216.274429,92.210442,84.439682
882,7.350000,0.002024,0.398066,0.025011,0.917013,-216.272766,92.206749,84.399895
883,7.358333,0.000973,0.398243,0.024149,0.916962,-216.273590,92.206757,84.362114
884,7.366667,-0.000069,0.398172,0.023213,0.917017,-216.278320,92.213425,84.330254
885,7.375000,-0.000742,0.397888,0.022486,0.917158,-216.281342,92.224350,84.309975
886,7.383333,-0.000608,0.397763,0.021622,0.917233,-216.284149,92.236191,84.314819
887,7.391667,0.000404,0.397476,0.021777,0.917354,-216.289551,92.255424,84.349861
888,7.400000,0.001247,0.397039,0.022894,0.917515,-216.294525,92.289131,84.385254
889,7.408333,0.001666,0.396903,0.023812,0.917550,-216.291306,92.336639,84.402878
890,7.416667,0.002417,0.396620,0.024957,0.917640,-216.284943,92.398521,84.409431
891,7.425000,0.001372,0.396788,0.025101,0.917566,-216.278870,92.469078,84.416374
892,7.433333,0.001014,0.397225,0.025725,0.917360,-216.273117,92.520355,84.440002
893,7.441667,0.001047,0.398276,0.028255,0.916830,-216.267426,92.547287,84.479782
894,7.450000,0.000830,0.398161,0.028642,0.916868,-216.270615,92.589745,84.496994
895,7.458333,0.001011,0.397986,0.028675,0.916943,-216.275070,92.637901,84.509880
896,7.466667,0.002094,0.397471,0.028851,0.917159,-216.288284,92.685204,84.515793
897,7.475000,0.002778,0.397843,0.027952,0.917024,-216.283081,92.740837,84.521317
898,7.483333,0.002870,0.398319,0.027311,0.916836,-216.278168,92.792038,84.529266
899,7.491667,0.002156,0.398603,0.027675,0.916703,-216.270264,92.842232,84.538002
900,7.500000,0.001413,0.398395,0.028134,0.916781,-216.263000,92.891899,84.543770
901,7.508333,0.000793,0.398225,0.027977,0.916861,-216.256668,92.940674,84.549751
902,7.516667,0.001604,0.398207,0.028179,0.916862,-216.251678,92.999077,84.552628
903,7.525000,0.000814,0.397995,0.028976,0.916930,-216.248627,93.068069,84.554810
904,7.533333,-0.000309,0.397856,0.028776,0.916997,-216.242905,93.132187,84.556541
905,7.541667,-0.000978,0.398103,0.027966,0.916914,-216.240768,93.195168,84.558083
906,7.550000,-0.000924,0.398691,0.026980,0.916688,-216.241974,93.256752,84.560272
907,7.558333,-0.000243,0.399206,0.025716,0.916501,-216.245178,93.315781,84.561501
908,7.566667,-0.000081,0.399320,0.025547,0.916456,-216.249344,93.373611,84.560341
909,7.575000,-0.000586,0.399320,0.025634,0.916453,-216.252655,93.431320,84.560791
910,7.583333,-0.001323,0.399297,0.025507,0.916466,-216.255646,93.483559,84.566292
911,7.591667,-0.001858,0.398850,0.024849,0.916677,-216.258484,93.539032,84.569618
912,7.600000,-0.002901,0.398762,0.024719,0.916717,-216.275208,93.605576,84.582100
913,7.608333,-0.003547,0.398230,0.025210,0.916932,-216.266464,93.654617,84.575058
914,7.616667,-0.003864,0.398199,0.024616,0.916961,-216.258789,93.707207,84.576241
915,7.625000,-0.003978,0.398129,0.023537,0.917019,-216.254089,93.755493,84.578995
916,7.633333,-0.004249,0.398243,0.022142,0.917003,-216.250900,93.809593,84.582344
917,7.641667,-0.004579,0.398442,0.021002,0.916942,-216.247375,93.862854,84.580971
918,7.650000,-0.004441,0.398656,0.020271,0.916866,-216.243881,93.915588,84.578094
919,7.658333,-0.004144,0.398592,0.020283,0.916895,-216.239746,93.970512,84.577263
920,7.666667,-0.003985,0.398256,0.020274,0.917042,-216.233658,94.029823,84.576378
921,7.675000,-0.004311,0.398069,0.020537,0.917115,-216.226456,94.084854,84.574585
922,7.683333,-0.005748,0.398083,0.021869,0.917071,-216.221497,94.146019,84.574524
923,7.691667,-0.006765,0.398140,0.022837,0.917015,-216.214615,94.201187,84.573814
924,7.700000,-0.007691,0.398436,0.023256,0.916869,-216.212128,94.250206,84.574112
925,7.708333,-0.008461,0.398725,0.023136,0.916740,-216.214722,94.293541,84.570824
926,7.716667,-0.009065,0.399028,0.022482,0.916618,-216.217682,94.340256,84.564667
927,7.725000,-0.009572,0.399207,0.021878,0.916550,-216.219147,94.389183,84.556198
928,7.733333,-0.010360,0.399751,0.019917,0.916349,-216.237396,94.453445,84.571991
929,7.741667,-0.010624,0.399507,0.021283,0.916421,-216.223557,94.489281,84.556198
930,7.750000,-0.010930,0.399503,0.021119,0.916423,-216.214935,94.540810,84.552017
931,7.758333,-0.011119,0.399533,0.021355,0.916403,-216.207626,94.591080,84.548225
932,7.766667,-0.011821,0.399531,0.022986,0.916355,-216.202332,94.643471,84.546684
933,7.775000,-0.012134,0.399490,0.023691,0.916351,-216.194656,94.689568,84.549438
934,7.783333,-0.012421,0.399599,0.023925,0.916294,-216.187698,94.732933,84.549416
935,7.791667,-0.012694,0.399710,0.023200,0.916260,-216.181656,94.773949,84.544067
936,7.800000,-0.013122,0.399863,0.022303,0.916210,-216.179535,94.810745,84.535500
937,7.808333,-0.013342,0.399777,0.022017,0.916251,-216.193253,94.839973,84.525673
938,7.816667,-0.013789,0.400013,0.020824,0.916169,-216.187531,94.880280,84.514526
939,7.825000,-0.014503,0.400203,0.019818,0.916097,-216.181656,94.923164,84.505028
940,7.833333,-0.015092,0.400302,0.019996,0.916041,-216.174225,94.962852,84.500740
941,7.841667,-0.015402,0.400212,0.020473,0.916065,-216.166611,95.000092,84.497940
942,7.850000,-0.015820,0.400193,0.020857,0.916057,-216.161209,95.035194,84.493530
943,7.858333,-0.016234,0.400167,0.020595,0.916067,-216.157288,95.068825,84.486160
944,7.866667,-0.016740,0.400256,0.020106,0.916030,-216.153885,95.101730,84.479935
945,7.875000,-0.016899,0.400401,0.019692,0.915972,-216.152023,95.131073,84.479752
946,7.883333,-0.017914,0.400549,0.020445,0.915872,-216.151169,95.168243,84.478989
947,7.891667,-0.018309,0.400450,0.021015,0.915895,-216.145798,95.198257,84.482750
948,7.900000,-0.018674,0.400428,0.021584,0.915884,-216.140396,95.222473,84.486755
949,7.908333,-0.019106,0.400151,0.021169,0.916005,-216.139679,95.250557,84.488304
950,7.916667,-0.019394,0.400505,0.019755,0.915876,-216.154907,95.283081,84.508423
951,7.925000,-0.019355,0.400246,0.019969,0.915986,-216.153122,95.296562,84.504471
952,7.933333,-0.019277,0.400141,0.019805,0.916037,-216.137833,95.310661,84.497444
953,7.941667,-0.019276,0.400211,0.019027,0.916023,-216.129990,95.335052,84.492928
954,7.950000,-0.019422,0.400283,0.018011,0.916009,-216.126633,95.365211,84.485222
955,7.958333,-0.019430,0.400232,0.017308,0.916044,-216.122559,95.396767,84.476715
956,7.966667,-0.019481,0.400173,0.016830,0.916078,-216.120621,95.435318,84.472588
957,7.975000,-0.019467,0.400059,0.016392,0.916136,-216.117859,95.471558,84.469940
958,7.983333,-0.019571,0.399923,0.015750,0.916205,-216.114517,95.507027,84.467407
959,7.991667,-0.019618,0.399676,0.014826,0.916327,-216.112335,95.538841,84.461433
960,8.000000,-0.019691,0.399457,0.013736,0.916438,-216.111725,95.565086,84.451950
961,8.008333,-0.019367,0.399481,0.013234,0.916441,-216.110825,95.582458,84.444511
962,8.016667,-0.017918,0.401756,0.017465,0.915405,-216.091614,95.558617,84.477554
963,8.025000,-0.017621,0.402040,0.018109,0.915273,-216.088562,95.570045,84.479469
964,8.033333,-0.017248,0.401886,0.018660,0.915337,-216.088776,95.585022,84.477165
965,8.041667,-0.017085,0.401727,0.019183,0.915399,-216.092651,95.604149,84.474045
966,8.050000,-0.017178,0.401669,0.019302,0.915420,-216.096405,95.628082,84.470032
967,8.058333,-0.017355,0.401863,0.018837,0.915341,-216.101196,95.654259,84.467499
968,8.066667,-0.017562,0.401994,0.018542,0.915286,-216.105133,95.682724,84.468910
969,8.075000,-0.019587,0.401605,0.020495,0.915374,-216.109589,95.721558,84.473709
970,8.083333,-0.020205,0.401390,0.020694,0.915451,-216.098648,95.740417,84.478500
971,8.091667,-0.020652,0.401426,0.020588,0.915427,-216.094681,95.760277,84.480995
972,8.100000,-0.021143,0.401414,0.020762,0.915417,-216.095551,95.779457,84.483200
973,8.108333,-0.021522,0.401425,0.020620,0.915407,-216.095306,95.796814,84.481514
974,8.116667,-0.021563,0.401565,0.019867,0.915361,-216.093262,95.810799,84.477356
975,8.125000,-0.021762,0.401753,0.019299,0.915286,-216.092819,95.825615,84.472336
976,8.133333,-0.021789,0.401857,0.018833,0.915250,-216.090652,95.839577,84.466087
977,8.141667,-0.021904,0.401916,0.018537,0.915227,-216.087799,95.853287,84.460159
978,8.150000,-0.021812,0.402019,0.018357,0.915188,-216.082581,95.864128,84.456314
979,8.158333,-0.021511,0.402111,0.018151,0.915158,-216.073471,95.876541,84.453354
980,8.166667,-0.021513,0.402147,0.018261,0.915140,-216.060776,95.900459,84.448586
981,8.175000,-0.021693,0.402209,0.018083,0.915112,-216.044495,95.937675,84.437897
982,8.183333,-0.022001,0.402056,0.017531,0.915183,-216.024948,95.995911,84.422905
983,8.191667,-0.022898,0.402458,0.016883,0.914996,-216.006470,96.060440,84.413895
984,8.200000,-0.024003,0.403025,0.016605,0.914723,-215.985245,96.132286,84.405640
985,8.208333,-0.025033,0.403470,0.015985,0.914511,-215.961639,96.203934,84.395508
986,8.216667,-0.026592,0.403739,0.016693,0.914335,-215.940353,96.272972,84.385002
987,8.225000,-0.027169,0.403712,0.017069,0.914324,-215.918320,96.329430,84.382370
988,8.233333,-0.027314,0.403732,0.017464,0.914303,-215.907883,96.376625,84.380478
989,8.241667,-0.027761,0.403670,0.017174,0.914322,-215.911240,96.415260,84.376976
990,8.250000,-0.028443,0.403682,0.016556,0.914307,-215.923767,96.450981,84.367752
991,8.258333,-0.029048,0.403662,0.015551,0.914315,-215.936829,96.481133,84.357330
992,8.266667,-0.029057,0.403712,0.014969,0.914302,-215.943222,96.507187,84.345093
993,8.275000,-0.029092,0.403846,0.014392,0.914251,-215.943237,96.531433,84.335938
994,8.283333,-0.029282,0.403937,0.013977,0.914211,-215.942245,96.556992,84.328766
995,8.291667,-0.029710,0.404042,0.013817,0.914154,-215.941788,96.578033,84.323723
996,8.300000,-0.030126,0.404017,0.013343,0.914158,-215.943726,96.594246,84.316483
997,8.308333,-0.030344,0.404047,0.013093,0.914141,-215.949875,96.605293,84.311562
998,8.316667,-0.030438,0.404149,0.013122,0.914092,-215.956924,96.615059,84.307236
999,8.325000,-0.030546,0.404089,0.013011,0.914117,-215.962646,96.620857,84.305099
1000,8.333333,-0.030620,0.404136,0.013006,0.914094,-215.965134,96.625397,84.302704
1001,8.341667,-0.030661,0.404120,0.013012,0.914100,-215.965561,96.629608,84.301712
1002,8.350000,-0.030813,0.404114,0.013105,0.914096,-215.964417,96.630859,84.302238
1003,8.358333,-0.030776,0.404045,0.013101,0.914127,-215.959854,96.625404,84.308044
1004,8.366667,-0.030814,0.404010,0.013355,0.914138,-215.956787,96.620476,84.314812
1005,8.375000,-0.030567,0.403905,0.013374,0.914192,-215.953186,96.616699,84.317970
1006,8.383333,-0.030599,0.403901,0.013242,0.914195,-215.951447,96.616585,84.318138
1007,8.391667,-0.030751,0.403998,0.013179,0.914148,-215.950226,96.620667,84.317146
1008,8.400000,-0.030855,0.404051,0.013236,0.914120,-215.948532,96.625366,84.316048
1009,8.408333,-0.030785,0.404105,0.013138,0.914100,-215.946152,96.626289,84.315674
1010,8.416667,-0.030679,0.404145,0.013113,0.914086,-215.945099,96.624908,84.316101
1011,8.425000,-0.030600,0.404086,0.013075,0.914115,-215.945389,96.622444,84.316162
1012,8.433333,-0.030630,0.404057,0.013220,0.914125,-215.948074,96.620880,84.315369
1013,8.441667,-0.030736,0.404014,0.013088,0.914143,-215.953110,96.621284,84.311920
1014,8.450000,-0.030864,0.404071,0.013062,0.914113,-215.957504,96.623001,84.305702
1015,8.458333,-0.030859,0.404109,0.013119,0.914096,-215.960724,96.625694,84.302643
1016,8.466667,-0.030749,0.404117,0.013008,0.914098,-215.962036,96.625977,84.300934
1017,8.475000,-0.030739,0.404110,0.013025,0.914101,-215.963882,96.624222,84.302826
1018,8.483333,-0.030654,0.404047,0.013101,0.914131,-215.963455,96.620766,84.305313
1019,8.491667,-0.030731,0.403911,0.013194,0.914187,-215.963333,96.620018,84.307129
1020,8.500000,-0.030696,0.403927,0.013154,0.914181,-215.962692,96.620110,84.308449
1021,8.508333,-0.030712,0.404018,0.013077,0.914142,-215.961380,96.621468,84.308640
1022,8.516667,-0.030687,0.404109,0.013120,0.914102,-215.958817,96.624008,84.309814
1023,8.525000,-0.030728,0.404086,0.013136,0.914110,-215.955185,96.624084,84.312477
1024,8.533333,-0.030677,0.404088,0.013195,0.914110,-215.950745,96.621490,84.315384
1025,8.541667,-0.030827,0.404004,0.013225,0.914142,-215.948792,96.620300,84.319016
1026,8.550000,-0.030837,0.404003,0.013298,0.914141,-215.945892,96.619133,84.318825
1027,8.558333,-0.030865,0.404043,0.013242,0.914123,-215.945358,96.620064,84.318718
1028,8.566667,-0.030857,0.404124,0.013104,0.914090,-215.946579,96.623047,84.315186
1029,8.575000,-0.030804,0.404136,0.012982,0.914088,-215.948227,96.624687,84.311836
1030,8.583333,-0.030734,0.404198,0.012876,0.914064,-215.950043,96.623215,84.310844
1031,8.591667,-0.030603,0.404235,0.012917,0.914052,-215.953690,96.622070,84.309006
1032,8.600000,-0.030460,0.404188,0.012983,0.914076,-215.957718,96.621048,84.307549
1033,8.608333,-0.030442,0.404117,0.013016,0.914108,-215.961319,96.619942,84.305298
1034,8.616667,-0.030563,0.404081,0.012949,0.914121,-215.964462,96.621826,84.303757
1035,8.625000,-0.030680,0.404075,0.013196,0.914116,-215.966064,96.623596,84.302475
1036,8.633333,-0.030723,0.404071,0.013149,0.914117,-215.965775,96.624031,84.302238
1037,8.641667,-0.030763,0.404071,0.013062,0.914117,-215.963989,96.622734,84.304092
1038,8.650000,-0.030683,0.404062,0.012908,0.914126,-215.961411,96.619659,84.307251
1039,8.658333,-0.030653,0.404084,0.013031,0.914115,-215.959076,96.618858,84.308983
1040,8.666667,-0.030627,0.404047,0.013076,0.914132,-215.956161,96.620483,84.312180
1041,8.675000,-0.030587,0.404084,0.013095,0.914117,-215.952972,96.621468,84.313652
1042,8.683333,-0.030720,0.404082,0.013018,0.914114,-215.950592,96.621956,84.314598
1043,8.691667,-0.030912,0.404070,0.013245,0.914110,-215.948837,96.622620,84.315987
1044,8.700000,-0.030787,0.404036,0.013312,0.914128,-215.946915,96.622505,84.317566
1045,8.708333,-0.030704,0.404035,0.013199,0.914133,-215.946228,96.621689,84.317085
1046,8.716667,-0.030748,0.404092,0.013293,0.914105,-215.947006,96.621048,84.316292
1047,8.725000,-0.030743,0.404041,0.013187,0.914129,-215.948227,96.621384,84.314758
1048,8.733333,-0.030868,0.404130,0.013124,0.914086,-215.950851,96.621765,84.311607
1049,8.741667,-0.030916,0.404096,0.013021,0.914101,-215.954086,96.623093,84.307899
1050,8.750000,-0.030840,0.404056,0.012907,0.914123,-215.956635,96.622604,84.306152
1051,8.758333,-0.030805,0.404095,0.013137,0.914104,-215.958878,96.621361,84.305557
1052,8.766667,-0.030628,0.404079,0.012909,0.914120,-215.960876,96.620369,84.303955
1053,8.775000,-0.030641,0.404143,0.012909,0.914091,-215.963486,96.620872,84.303169
1054,8.783333,-0.030624,0.404167,0.012886,0.914081,-215.964172,96.620827,84.302452
1055,8.791667,-0.030506,0.404136,0.012917,0.914099,-215.964340,96.621552,84.304146
1056,8.800000,-0.030556,0.404167,0.012985,0.914083,-215.962433,96.621490,84.305939
1057,8.808333,-0.030664,0.404137,0.013021,0.914092,-215.959763,96.621338,84.307976
1058,8.816667,-0.030664,0.404077,0.013007,0.914119,-215.955933,96.619392,84.310692
1059,8.825000,-0.030748,0.404012,0.013235,0.914141,-215.952606,96.620316,84.314262
1060,8.833333,-0.030607,0.404032,0.013055,0.914140,-215.949585,96.621628,84.316048
1061,8.841667,-0.030770,0.404028,0.013128,0.914135,-215.948029,96.621773,84.316414
1062,8.850000,-0.030769,0.404087,0.013143,0.914108,-215.946869,96.621498,84.316284
1063,8.858333,-0.030708,0.404044,0.013109,0.914130,-215.946823,96.621490,84.317001
1064,8.866667,-0.030670,0.404047,0.013034,0.914131,-215.947205,96.621323,84.315887
1065,8.875000,-0.030598,0.404102,0.012907,0.914111,-215.948776,96.620827,84.313339
1066,8.883333,-0.030502,0.404190,0.012846,0.914076,-215.951202,96.620102,84.310844
1067,8.891667,-0.030720,0.404149,0.012910,0.914086,-215.954620,96.620796,84.308060
1068,8.900000,-0.030726,0.404083,0.012747,0.914117,-215.956207,96.620422,84.306320
1069,8.908333,-0.030763,0.404107,0.012864,0.914104,-215.958313,96.621521,84.304344
1070,8.916667,-0.030634,0.404157,0.012816,0.914087,-215.960312,96.620850,84.304070
1071,8.925000,-0.030634,0.404185,0.012900,0.914073,-215.962341,96.622162,84.303459
1072,8.933333,-0.030574,0.404118,0.012968,0.914104,-215.962601,96.621811,84.303940
1073,8.941667,-0.030730,0.404049,0.013019,0.914128,-215.962311,96.621460,84.305573
1074,8.950000,-0.030862,0.404021,0.013101,0.914135,-215.960449,96.621712,84.306122
1075,8.958333,-0.030886,0.403966,0.013186,0.914157,-215.958282,96.622345,84.308777
1076,8.966667,-0.030755,0.404037,0.013214,0.914130,-215.954422,96.622139,84.311020
1077,8.975000,-0.030629,0.404078,0.013164,0.914117,-215.950821,96.622238,84.314301
1078,8.983333,-0.030510,0.404098,0.013103,0.914113,-215.948563,96.622101,84.315369
1079,8.991667,-0.030566,0.404118,0.013115,0.914102,-215.946609,96.621368,84.316574
1080,9.000000,-0.030673,0.404099,0.013096,0.914107,-215.946228,96.621117,84.317467
1081,9.008333,-0.030728,0.404108,0.013139,0.914101,-215.946548,96.621857,84.316154
1082,9.016667,-0.030717,0.404091,0.013048,0.914110,-215.947586,96.622017,84.315140
1083,9.025000,-0.030658,0.404106,0.012973,0.914106,-215.949036,96.622086,84.314339
1084,9.033333,-0.030574,0.404144,0.012916,0.914093,-215.952515,96.622482,84.312157
1085,9.041667,-0.030628,0.404131,0.012907,0.914097,-215.954880,96.621742,84.308418
1086,9.050000,-0.030816,0.404139,0.012958,0.914087,-215.957809,96.622520,84.306778
1087,9.058333,-0.030764,0.404126,0.012830,0.914096,-215.959335,96.623276,84.305496
1088,9.066667,-0.030890,0.404093,0.012909,0.914105,-215.961319,96.626648,84.304779
1089,9.075000,-0.031001,0.404023,0.012886,0.914132,-215.962555,96.630951,84.305260
1090,9.083333,-0.031170,0.403955,0.012992,0.914155,-215.962845,96.636017,84.307655
1091,9.091667,-0.031247,0.403909,0.012834,0.914175,-215.963165,96.642838,84.311035
1092,9.100000,-0.031373,0.403892,0.012851,0.914178,-215.962524,96.649002,84.316109
1093,9.108333,-0.031598,0.403889,0.012801,0.914172,-215.961288,96.653473,84.323586
1094,9.116667,-0.031856,0.403796,0.012841,0.914204,-215.959381,96.657578,84.333557
1095,9.125000,-0.032120,0.403673,0.012924,0.914248,-215.955109,96.662071,84.346481
1096,9.133333,-0.032504,0.403605,0.013000,0.914263,-215.949127,96.667671,84.361191
1097,9.141667,-0.033064,0.403494,0.013145,0.914290,-215.943008,96.674591,84.374588
1098,9.150000,-0.033479,0.403472,0.013138,0.914285,-215.937088,96.682205,84.387276
1099,9.158333,-0.033689,0.403463,0.012883,0.914285,-215.933411,96.690521,84.399590
1100,9.166667,-0.033864,0.403355,0.012989,0.914324,-215.932816,96.699547,84.415237
1101,9.175000,-0.033893,0.403315,0.013245,0.914337,-215.934128,96.705910,84.433395
1102,9.183333,-0.033934,0.403007,0.013551,0.914467,-215.935806,96.709129,84.453705
1103,9.191667,-0.034130,0.402907,0.013758,0.914501,-215.937119,96.712685,84.472336
1104,9.200000,-0.034280,0.402817,0.013870,0.914533,-215.938309,96.718719,84.489655
1105,9.208333,-0.034422,0.402877,0.013670,0.914504,-215.939301,96.728867,84.504333
1106,9.216667,-0.034535,0.402860,0.013399,0.914512,-215.939957,96.738228,84.519928
1107,9.225000,-0.034892,0.402889,0.013303,0.914487,-215.939667,96.745979,84.536575
1108,9.233333,-0.034863,0.403006,0.012668,0.914445,-215.938446,96.752121,84.559212
1109,9.241667,-0.034859,0.403113,0.012116,0.914406,-215.938477,96.754082,84.584846
1110,9.250000,-0.034533,0.403288,0.011851,0.914345,-215.937393,96.747154,84.617523
1111,9.258333,-0.034160,0.403510,0.011806,0.914261,-215.936203,96.734657,84.651024
1112,9.266667,-0.033882,0.403594,0.011896,0.914233,-215.933731,96.715508,84.689285
1113,9.275000,-0.033485,0.403558,0.012344,0.914258,-215.928268,96.693901,84.731239
1114,9.283333,-0.033302,0.403543,0.012965,0.914263,-215.922791,96.671387,84.772797
1115,9.291667,-0.033667,0.403884,0.013402,0.914092,-215.921692,96.641937,84.822197
1116,9.300000,-0.033713,0.403931,0.013734,0.914065,-215.919571,96.610954,84.872208
1117,9.308333,-0.033025,0.403727,0.014180,0.914173,-215.916534,96.578964,84.923714
1118,9.316667,-0.032216,0.403900,0.014809,0.914116,-215.911682,96.540398,84.978172
1119,9.325000,-0.030715,0.403699,0.014722,0.914258,-215.900772,96.489349,85.044373
1120,9.333333,-0.029789,0.403308,0.014822,0.914459,-215.897446,96.437584,85.118599
1121,9.341667,-0.029595,0.403127,0.014729,0.914547,-215.900009,96.390808,85.183678
1122,9.350000,-0.029154,0.402971,0.015027,0.914625,-215.903122,96.331589,85.252731
1123,9.358333,-0.028367,0.403072,0.016667,0.914577,-215.904755,96.268356,85.327301
1124,9.366667,-0.027201,0.402473,0.018001,0.914850,-215.897202,96.205315,85.403366
1125,9.375000,-0.025489,0.401987,0.017945,0.915115,-215.895416,96.132912,85.481003
1126,9.383333,-0.023471,0.402319,0.017800,0.915025,-215.889709,96.054649,85.557022
1127,9.391667,-0.022146,0.403106,0.017205,0.914723,-215.883514,95.976433,85.640732
1128,9.400000,-0.022170,0.403481,0.017226,0.914557,-215.881226,95.911308,85.718666
1129,9.408333,-0.021714,0.403641,0.017979,0.914483,-215.880554,95.849518,85.798119
1130,9.416667,-0.021209,0.403208,0.019633,0.914652,-215.876434,95.802383,85.885658
1131,9.425000,-0.020081,0.402213,0.018745,0.915134,-215.865906,95.757416,85.966202
1132,9.433333,-0.019695,0.402331,0.018707,0.915091,-215.861099,95.716644,86.037155
1133,9.441667,-0.019307,0.402818,0.018614,0.914887,-215.859467,95.679657,86.105003
1134,9.450000,-0.019340,0.403414,0.018246,0.914631,-215.858170,95.657867,86.173798
1135,9.458333,-0.019443,0.403441,0.018254,0.914617,-215.851166,95.641380,86.242172
1136,9.466667,-0.020559,0.403327,0.017748,0.914653,-215.848373,95.639458,86.308113
1137,9.475000,-0.022088,0.403071,0.017317,0.914738,-215.848892,95.648460,86.376724
1138,9.483333,-0.022392,0.402831,0.017757,0.914828,-215.857269,95.646225,86.444870
1139,9.491667,-0.022731,0.402548,0.018690,0.914926,-215.850906,95.655426,86.517578
1140,9.500000,-0.023493,0.402733,0.018557,0.914828,-215.845444,95.674126,86.594292
1141,9.508333,-0.024904,0.402666,0.017356,0.914843,-215.840668,95.703995,86.664665
1142,9.516667,-0.025675,0.402342,0.017000,0.914972,-215.835953,95.728050,86.725945
1143,9.525000,-0.025951,0.402187,0.016640,0.915039,-215.833527,95.756104,86.788239
1144,9.533333,-0.026067,0.402719,0.016390,0.914806,-215.831329,95.786575,86.849663
1145,9.541667,-0.026902,0.403565,0.015666,0.914421,-215.829010,95.822823,86.916649
1146,9.550000,-0.028865,0.404047,0.014345,0.914170,-215.825912,95.870636,86.990402
1147,9.558333,-0.031516,0.403439,0.014231,0.914353,-215.819687,95.918991,87.060364
1148,9.566667,-0.033566,0.402734,0.013982,0.914595,-215.813477,95.970093,87.129387
1149,9.575000,-0.034274,0.402541,0.013530,0.914660,-215.806671,96.026840,87.192932
1150,9.583333,-0.034689,0.402944,0.012213,0.914485,-215.800262,96.078476,87.257698
1151,9.591667,-0.035329,0.403509,0.011409,0.914222,-215.796234,96.130173,87.318237
1152,9.600000,-0.036088,0.403801,0.011308,0.914065,-215.790375,96.173058,87.371758
1153,9.608333,-0.037259,0.403864,0.011045,0.913993,-215.780670,96.212799,87.428986
1154,9.616667,-0.038370,0.404020,0.010659,0.913883,-215.776398,96.247208,87.490715
1155,9.625000,-0.040156,0.404033,0.010011,0.913808,-215.776230,96.282486,87.555351
1156,9.633333,-0.042399,0.403803,0.009018,0.913819,-215.778397,96.319290,87.615898
1157,9.641667,-0.044659,0.403293,0.008840,0.913938,-215.780548,96.346130,87.669228
1158,9.650000,-0.045747,0.402776,0.009049,0.914110,-215.786148,96.367844,87.719788
1159,9.658333,-0.045149,0.402855,0.009244,0.914103,-215.792587,96.390015,87.769341
1160,9.666667,-0.044681,0.403097,0.009154,0.914020,-215.795547,96.409607,87.823570
1161,9.675000,-0.044444,0.403298,0.009385,0.913941,-215.790009,96.419777,87.875740
1162,9.683333,-0.044448,0.403377,0.009231,0.913907,-215.777710,96.427689,87.930641
1163,9.691667,-0.044685,0.403313,0.008328,0.913933,-215.764282,96.437851,87.990265
1164,9.700000,-0.045054,0.403211,0.007884,0.913963,-215.759750,96.445419,88.040421
1165,9.708333,-0.045609,0.403422,0.007771,0.913844,-215.762283,96.446594,88.089294
1166,9.716667,-0.045991,0.403439,0.007797,0.913817,-215.761703,96.442490,88.133255
1167,9.725000,-0.046424,0.403404,0.008038,0.913808,-215.760178,96.433388,88.190910
1168,9.733333,-0.047270,0.403382,0.008161,0.913773,-215.757080,96.423492,88.251289
1169,9.741667,-0.047806,0.403351,0.007933,0.913761,-215.751938,96.416168,88.304306
1170,9.750000,-0.048367,0.403239,0.007146,0.913788,-215.746490,96.408104,88.352570
1171,9.758333,-0.049031,0.403204,0.006803,0.913770,-215.743179,96.393463,88.400620
1172,9.766667,-0.049438,0.403376,0.007473,0.913667,-215.741013,96.373032,88.450912
1173,9.775000,-0.049295,0.403412,0.008732,0.913648,-215.736740,96.345978,88.498856
1174,9.783333,-0.049196,0.403365,0.009792,0.913663,-215.732285,96.317398,88.541710
1175,9.791667,-0.048745,0.403219,0.010344,0.913746,-215.727753,96.287506,88.583862
1176,9.800000,-0.047883,0.402854,0.010390,0.913952,-215.724442,96.252975,88.631126
1177,9.808333,-0.046231,0.402495,0.009285,0.914207,-215.721054,96.212807,88.677162
1178,9.816667,-0.044920,0.402799,0.008174,0.914149,-215.723969,96.170815,88.715065
1179,9.825000,-0.044937,0.403564,0.007672,0.913815,-215.732330,96.127571,88.759979
1180,9.833333,-0.044939,0.403978,0.007877,0.913630,-215.734406,96.090340,88.805222
1181,9.841667,-0.044800,0.404095,0.008509,0.913580,-215.734146,96.059631,88.860565
1182,9.850000,-0.045183,0.403351,0.009228,0.913882,-215.735535,96.039871,88.921371
1183,9.858333,-0.045568,0.402664,0.009676,0.914162,-215.730042,96.020950,88.972160
1184,9.866667,-0.046103,0.402268,0.010020,0.914306,-215.722946,96.004471,89.015442
1185,9.875000,-0.045976,0.402147,0.010455,0.914360,-215.717560,95.986168,89.061531
1186,9.883333,-0.045698,0.402584,0.011124,0.914174,-215.711929,95.959892,89.114372
1187,9.891667,-0.045700,0.402753,0.011404,0.914096,-215.705612,95.936295,89.160812
1188,9.900000,-0.045156,0.402791,0.010287,0.914120,-215.698486,95.908012,89.201927
1189,9.908333,-0.044230,0.402952,0.009257,0.914105,-215.696930,95.881439,89.239815
1190,9.916667,-0.043621,0.403042,0.008547,0.914101,-215.695328,95.856346,89.284424
1191,9.925000,-0.043211,0.403175,0.008378,0.914064,-215.695953,95.843819,89.332390
1192,9.933333,-0.042735,0.403452,0.008452,0.913963,-215.697052,95.837196,89.378624
1193,9.941667,-0.042420,0.403855,0.008652,0.913798,-215.695068,95.825623,89.420525
1194,9.950000,-0.042399,0.404341,0.008737,0.913583,-215.692169,95.805344,89.467499
1195,9.958333,-0.042428,0.404210,0.008859,0.913639,-215.687302,95.786789,89.519218
1196,9.966667,-0.042667,0.403606,0.009123,0.913892,-215.683609,95.773903,89.565453
1197,9.975000,-0.043376,0.402663,0.009874,0.914267,-215.685608,95.768082,89.612617
1198,9.983333,-0.043559,0.402178,0.010534,0.914464,-215.681549,95.755074,89.656830
1199,9.991667,-0.043348,0.402234,0.011329,0.914440,-215.676361,95.737823,89.707115
1200,10.000000,-0.043094,0.402649,0.011879,0.914262,-215.672760,95.719841,89.758095
1201,10.008333,-0.043276,0.403016,0.012249,0.914087,-215.669586,95.704002,89.801582
1202,10.016667,-0.043558,0.403142,0.012417,0.914016,-215.665726,95.686386,89.843269
1203,10.025000,-0.042996,0.402912,0.010912,0.914163,-215.656540,95.659515,89.889542
1204,10.033333,-0.042917,0.402926,0.009799,0.914173,-215.654404,95.640633,89.933517
1205,10.041667,-0.042568,0.403091,0.009151,0.914124,-215.653641,95.624924,89.975777
1206,10.050000,-0.042346,0.403383,0.008816,0.914008,-215.652710,95.614243,90.014961
1207,10.058333,-0.041836,0.403762,0.008630,0.913866,-215.650009,95.602478,90.058022
1208,10.066667,-0.041370,0.403997,0.008871,0.913782,-215.647095,95.587883,90.102295
1209,10.075000,-0.040915,0.403609,0.008810,0.913974,-215.644150,95.575165,90.146446
1210,10.083333,-0.041341,0.403061,0.009621,0.914188,-215.656235,95.558182,90.191055
1211,10.091667,-0.042090,0.402681,0.009848,0.914319,-215.658829,95.546410,90.236443
1212,10.100000,-0.042944,0.402249,0.010610,0.914461,-215.648987,95.536591,90.286430
1213,10.108333,-0.043455,0.402531,0.010592,0.914313,-215.639847,95.526573,90.335861
1214,10.116667,-0.043889,0.402856,0.010735,0.914148,-215.632797,95.514229,90.382896
1215,10.125000,-0.044255,0.403138,0.010962,0.914003,-215.630157,95.501686,90.427299
1216,10.133333,-0.044463,0.403210,0.010998,0.913961,-215.630203,95.490211,90.467796
1217,10.141667,-0.044645,0.403003,0.010931,0.914043,-215.631775,95.477142,90.508263
1218,10.150000,-0.044536,0.402592,0.010683,0.914233,-215.631180,95.458130,90.555260
1219,10.158333,-0.044331,0.402318,0.010728,0.914363,-215.630127,95.440552,90.596352
1220,10.166667,-0.044306,0.402371,0.011112,0.914337,-215.628860,95.425117,90.635330
1221,10.175000,-0.043428,0.402570,0.010479,0.914298,-215.624191,95.401772,90.678993
1222,10.183333,-0.042509,0.403063,0.009670,0.914133,-215.622360,95.381340,90.720001
1223,10.191667,-0.041660,0.403444,0.008824,0.914013,-215.621368,95.364792,90.762794
1224,10.200000,-0.041316,0.403642,0.008333,0.913946,-215.622681,95.354202,90.804893
1225,10.208333,-0.041704,0.403730,0.008272,0.913890,-215.624954,95.346664,90.849770
1226,10.216667,-0.041902,0.403231,0.008808,0.914096,-215.624878,95.342834,90.901863
1227,10.225000,-0.042011,0.402719,0.009601,0.914309,-215.620468,95.331413,90.957054
1228,10.233333,-0.042141,0.402682,0.010667,0.914307,-215.616562,95.315918,91.008408
1229,10.241667,-0.042062,0.402719,0.011254,0.914288,-215.615173,95.303658,91.048164
1230,10.250000,-0.041942,0.402941,0.011407,0.914193,-215.615601,95.292046,91.085556
1231,10.258333,-0.041694,0.403083,0.011254,0.914144,-215.617630,95.275894,91.125099
1232,10.266667,-0.041521,0.403025,0.011028,0.914180,-215.616028,95.262352,91.164680
1233,10.275000,-0.041777,0.402778,0.010848,0.914279,-215.610794,95.250954,91.205040
1234,10.283333,-0.042433,0.402661,0.011330,0.914295,-215.605576,95.241783,91.242836
1235,10.291667,-0.042700,0.402723,0.011910,0.914248,-215.597610,95.230843,91.287346
1236,10.300000,-0.042318,0.402849,0.012045,0.914208,-215.592926,95.214897,91.336891
1237,10.308333,-0.041782,0.402987,0.012290,0.914169,-215.594223,95.200089,91.382500
1238,10.316667,-0.040921,0.402944,0.011607,0.914236,-215.596802,95.177666,91.425232
1239,10.325000,-0.040543,0.403120,0.010368,0.914190,-215.602997,95.154129,91.457344
1240,10.333333,-0.040458,0.403166,0.009238,0.914185,-215.603500,95.136490,91.490921
1241,10.341667,-0.041281,0.402810,0.009240,0.914305,-215.599060,95.124596,91.542038
1242,10.350000,-0.042186,0.402574,0.009631,0.914364,-215.592148,95.113358,91.595039
1243,10.358333,-0.042862,0.402652,0.009929,0.914295,-215.585922,95.105591,91.637329
1244,10.366667,-0.042765,0.402999,0.010153,0.914145,-215.581207,95.097176,91.676888
1245,10.375000,-0.042263,0.403276,0.009983,0.914048,-215.579224,95.085556,91.718544
1246,10.383333,-0.041809,0.403335,0.009554,0.914047,-215.580780,95.069084,91.759987
1247,10.391667,-0.041581,0.403273,0.009324,0.914087,-215.585281,95.057205,91.796265
1248,10.400000,-0.041228,0.403081,0.009122,0.914190,-215.590195,95.050270,91.832253
1249,10.408333,-0.041664,0.402664,0.009821,0.914346,-215.602921,95.033775,91.874390
1250,10.416667,-0.042324,0.402498,0.009734,0.914390,-215.592224,95.024399,91.916359
1251,10.425000,-0.042752,0.402514,0.010016,0.914360,-215.584641,95.017067,91.959015
1252,10.433333,-0.042898,0.402703,0.010368,0.914266,-215.580826,95.006302,92.000214
1253,10.441667,-0.042820,0.402964,0.010848,0.914149,-215.581467,94.994919,92.037308
1254,10.450000,-0.042775,0.403175,0.011142,0.914055,-215.582870,94.985336,92.077133
1255,10.458333,-0.042552,0.403020,0.010818,0.914137,-215.581329,94.976219,92.122314
1256,10.466667,-0.041617,0.402575,0.009692,0.914389,-215.577026,94.964363,92.167976
1257,10.475000,-0.041504,0.402560,0.009169,0.914406,-215.574463,94.954262,92.207985
1258,10.483333,-0.041981,0.402461,0.008939,0.914430,-215.571259,94.943924,92.249619
1259,10.491667,-0.042358,0.402642,0.009182,0.914331,-215.565704,94.929832,92.294159
1260,10.500000,-0.041944,0.402915,0.009373,0.914228,-215.558929,94.917671,92.340561
1261,10.508333,-0.041426,0.403046,0.009415,0.914193,-215.558548,94.910934,92.380524
1262,10.516667,-0.041008,0.403088,0.009307,0.914195,-215.562347,94.906319,92.414398
1263,10.525000,-0.040618,0.403105,0.009108,0.914207,-215.566467,94.897911,92.448074
1264,10.533333,-0.040365,0.403104,0.008866,0.914221,-215.568466,94.882652,92.486732
1265,10.541667,-0.040339,0.402927,0.008846,0.914300,-215.567062,94.869576,92.527031
1266,10.550000,-0.040273,0.402674,0.009152,0.914411,-215.562531,94.860336,92.564514
1267,10.558333,-0.040399,0.402636,0.009773,0.914416,-215.557724,94.852867,92.602074
1268,10.566667,-0.040465,0.402800,0.010236,0.914336,-215.552902,94.843643,92.645142
1269,10.575000,-0.041057,0.403270,0.010179,0.914103,-215.553314,94.834145,92.692406
1270,10.583333,-0.041667,0.403458,0.009815,0.913996,-215.553711,94.822914,92.732597
1271,10.591667,-0.041940,0.403437,0.009496,0.913996,-215.556168,94.815941,92.764809
1272,10.600000,-0.042515,0.402806,0.010176,0.914241,-215.560699,94.812447,92.806915
1273,10.608333,-0.042861,0.402319,0.011114,0.914428,-215.557571,94.800583,92.854210
1274,10.616667,-0.042933,0.401799,0.011906,0.914643,-215.549561,94.784462,92.906441
1275,10.625000,-0.043210,0.401607,0.012436,0.914708,-215.541840,94.771484,92.947884
1276,10.633333,-0.043369,0.401632,0.012800,0.914684,-215.537018,94.759293,92.984352
1277,10.641667,-0.043098,0.401807,0.012478,0.914624,-215.532990,94.742134,93.023338
1278,10.650000,-0.042062,0.402083,0.011570,0.914564,-215.528625,94.720367,93.064445
1279,10.658333,-0.041726,0.402345,0.010990,0.914471,-215.534042,94.707275,93.098389
1280,10.666667,-0.041469,0.402590,0.009789,0.914388,-215.543747,94.693932,93.128952
1281,10.675000,-0.041394,0.402742,0.008920,0.914333,-215.554352,94.680420,93.159637
1282,10.683333,-0.041353,0.402792,0.008752,0.914315,-215.557510,94.666824,93.204842
1283,10.691667,-0.041369,0.402725,0.008968,0.914342,-215.554504,94.653038,93.253693
1284,10.700000,-0.041720,0.402678,0.009419,0.914342,-215.551712,94.641365,93.296822
1285,10.708333,-0.041864,0.402660,0.009627,0.914341,-215.549942,94.629303,93.330360
1286,10.716667,-0.041979,0.402330,0.010280,0.914474,-215.564087,94.605461,93.366386
1287,10.725000,-0.042052,0.402436,0.010160,0.914425,-215.562012,94.588249,93.398788
1288,10.733333,-0.042347,0.401683,0.011395,0.914728,-215.575165,94.569847,93.439568
1289,10.741667,-0.044339,0.401480,0.011026,0.914728,-215.569931,94.553825,93.477989
1290,10.750000,-0.045741,0.400871,0.010609,0.914930,-215.561050,94.546143,93.521370
1291,10.758333,-0.045648,0.400778,0.010707,0.914975,-215.551285,94.539383,93.567238
1292,10.766667,-0.045292,0.400864,0.011306,0.914947,-215.538620,94.530106,93.611496
1293,10.775000,-0.045471,0.400926,0.011787,0.914905,-215.531342,94.524078,93.654655
1294,10.783333,-0.045722,0.400710,0.012654,0.914976,-215.543915,94.512161,93.692276
1295,10.791667,-0.046051,0.400704,0.012640,0.914962,-215.556000,94.501411,93.726440
1296,10.800000,-0.046069,0.400852,0.012150,0.914903,-215.564606,94.486656,93.759720
1297,10.808333,-0.045280,0.400834,0.010711,0.914969,-215.572189,94.467987,93.796120
1298,10.816667,-0.044198,0.401234,0.009460,0.914860,-215.578293,94.451218,93.824158
1299,10.825000,-0.043785,0.401516,0.008892,0.914762,-215.572952,94.442924,93.849731
1300,10.833333,-0.043325,0.401686,0.008486,0.914713,-215.565872,94.441032,93.891640
1301,10.841667,-0.042134,0.401925,0.008686,0.914662,-215.558380,94.440613,93.936829
1302,10.850000,-0.040471,0.402197,0.009255,0.914611,-215.553955,94.440948,93.980225
1303,10.858333,-0.039508,0.402340,0.009818,0.914585,-215.553864,94.439148,94.013641
1304,10.866667,-0.039280,0.402515,0.010017,0.914515,-215.555389,94.429718,94.044243
1305,10.875000,-0.039335,0.402171,0.010515,0.914659,-215.558670,94.420448,94.083931
1306,10.883333,-0.039510,0.401841,0.010303,0.914799,-215.563828,94.410118,94.125374
1307,10.891667,-0.039923,0.401640,0.010095,0.914871,-215.569138,94.398346,94.161644
1308,10.900000,-0.040586,0.401277,0.009814,0.915005,-215.573410,94.387016,94.195915
1309,10.908333,-0.040975,0.401120,0.010016,0.915054,-215.572433,94.373672,94.233192
1310,10.916667,-0.041387,0.401123,0.010467,0.915029,-215.565994,94.360962,94.275681
1311,10.925000,-0.042021,0.401282,0.010904,0.914925,-215.559631,94.350777,94.316933
1312,10.933333,-0.042527,0.401437,0.010956,0.914833,-215.553116,94.341042,94.353752
1313,10.941667,-0.042846,0.401615,0.011064,0.914739,-215.549332,94.332047,94.385780
1314,10.950000,-0.042735,0.401816,0.011114,0.914655,-215.546936,94.323730,94.417084
1315,10.958333,-0.042324,0.401992,0.011150,0.914596,-215.546967,94.315353,94.451813
1316,10.966667,-0.041895,0.402008,0.011089,0.914610,-215.549210,94.307137,94.488129
1317,10.975000,-0.041892,0.401883,0.010961,0.914667,-215.554230,94.300278,94.522850
1318,10.983333,-0.042168,0.401648,0.010739,0.914760,-215.557892,94.295868,94.556755
1319,10.991667,-0.042135,0.401467,0.010745,0.914841,-215.555237,94.286293,94.595665
1320,11.000000,-0.041474,0.401138,0.009887,0.915025,-215.551834,94.267738,94.639328
1321,11.008333,-0.041125,0.401283,0.009285,0.914983,-215.553116,94.251862,94.671738
1322,11.016667,-0.040779,0.401458,0.008846,0.914926,-215.553543,94.241020,94.699669
1323,11.025000,-0.040590,0.401369,0.008726,0.914975,-215.553070,94.236740,94.731972
1324,11.033333,-0.040434,0.401099,0.009094,0.915097,-215.552658,94.232574,94.771591
1325,11.041667,-0.040304,0.401166,0.009144,0.915073,-215.550964,94.226334,94.809998
1326,11.050000,-0.040300,0.401262,0.009312,0.915029,-215.549728,94.222534,94.844429
1327,11.058333,-0.040036,0.401306,0.009187,0.915022,-215.546295,94.218987,94.879570
1328,11.066667,-0.039959,0.401544,0.009326,0.914920,-215.541794,94.212357,94.921402
1329,11.075000,-0.039508,0.401728,0.009430,0.914858,-215.537003,94.205482,94.965019
1330,11.083333,-0.039121,0.401679,0.009869,0.914891,-215.542679,94.194046,95.003845
1331,11.091667,-0.039565,0.401744,0.009860,0.914844,-215.541412,94.188965,95.037704
1332,11.100000,-0.040657,0.401753,0.009334,0.914797,-215.529373,94.176476,95.065521
1333,11.108333,-0.042370,0.401825,0.008480,0.914696,-215.522430,94.160690,95.099678
1334,11.116667,-0.043520,0.401625,0.008194,0.914733,-215.517715,94.143822,95.138817
1335,11.125000,-0.040387,0.401787,0.009365,0.914794,-215.523026,94.153297,95.173851
1336,11.133333,-0.039393,0.401250,0.009850,0.915068,-215.518768,94.148506,95.207825
1337,11.141667,-0.038748,0.400984,0.010600,0.915204,-215.509933,94.139137,95.248764
1338,11.150000,-0.038699,0.400966,0.011355,0.915205,-215.500946,94.132317,95.294601
1339,11.158333,-0.040897,0.400679,0.011978,0.915227,-215.492386,94.123047,95.335167
1340,11.166667,-0.042113,0.400511,0.012425,0.915239,-215.482376,94.116798,95.364914
1341,11.175000,-0.043256,0.400401,0.012399,0.915234,-215.477127,94.105682,95.395210
1342,11.183333,-0.043465,0.400090,0.010951,0.915379,-215.473419,94.083153,95.428551
1343,11.191667,-0.044061,0.400014,0.010764,0.915386,-215.481064,94.072884,95.456940
1344,11.200000,-0.043982,0.400310,0.010728,0.915261,-215.486481,94.058685,95.479813
1345,11.208333,-0.042961,0.400566,0.009976,0.915206,-215.487854,94.039101,95.508530
1346,11.216667,-0.041786,0.400864,0.009251,0.915138,-215.489670,94.010368,95.541580
1347,11.225000,-0.040901,0.401068,0.008726,0.915093,-215.494232,93.990326,95.572205
1348,11.233333,-0.040883,0.401042,0.008687,0.915106,-215.496994,93.975128,95.597466
1349,11.241667,-0.040907,0.400972,0.008752,0.915134,-215.500519,93.965591,95.618996
1350,11.250000,-0.040933,0.400850,0.009067,0.915184,-215.504425,93.960098,95.641151
1351,11.258333,-0.041045,0.400808,0.009190,0.915196,-215.505554,93.952888,95.661079
1352,11.266667,-0.041124,0.400767,0.009143,0.915211,-215.508224,93.950790,95.681633
1353,11.275000,-0.041368,0.400703,0.008952,0.915230,-215.509125,93.946411,95.698044
1354,11.283333,-0.041488,0.400784,0.008817,0.915190,-215.510300,93.943268,95.711540
1355,11.291667,-0.041454,0.400930,0.008694,0.915129,-215.511154,93.942345,95.724411
1356,11.300000,-0.042321,0.400903,0.008334,0.915104,-215.510040,93.937057,95.735916
1357,11.308333,-0.042843,0.400906,0.008080,0.915082,-215.510056,93.937943,95.743752
1358,11.316667,-0.043197,0.400917,0.007896,0.915062,-215.508911,93.937035,95.750145
1359,11.325000,-0.043250,0.401031,0.007829,0.915010,-215.508240,93.934616,95.757591
1360,11.333333,-0.043446,0.401014,0.007805,0.915008,-215.509064,93.930656,95.765778
1361,11.341667,-0.043336,0.401042,0.007795,0.915001,-215.510422,93.925278,95.772331
1362,11.350000,-0.043586,0.401003,0.007621,0.915008,-215.512543,93.916763,95.778008
1363,11.358333,-0.043459,0.400997,0.007633,0.915016,-215.514374,93.905121,95.785812
1364,11.366667,-0.043433,0.400889,0.007746,0.915064,-215.515427,93.892708,95.794472
1365,11.375000,-0.043438,0.400962,0.007922,0.915030,-215.515945,93.877083,95.800972
1366,11.383333,-0.043357,0.400961,0.008153,0.915032,-215.515213,93.858261,95.808388
1367,11.391667,-0.043509,0.401051,0.008433,0.914983,-215.513855,93.835869,95.816040
1368,11.400000,-0.043467,0.401073,0.009028,0.914970,-215.510910,93.807907,95.827797
1369,11.408333,-0.043489,0.400868,0.009807,0.915050,-215.507080,93.780243,95.839523
1370,11.416667,-0.043728,0.400657,0.010737,0.915121,-215.501694,93.750343,95.848984
1371,11.425000,-0.043464,0.400341,0.011419,0.915264,-215.494995,93.717232,95.858643
1372,11.433333,-0.042612,0.400069,0.011179,0.915426,-215.492386,93.680328,95.869713
1373,11.441667,-0.041626,0.400053,0.010842,0.915482,-215.493179,93.642899,95.874336
1374,11.450000,-0.040785,0.400355,0.010565,0.915391,-215.497345,93.601158,95.877701
1375,11.458333,-0.039851,0.400687,0.009971,0.915293,-215.506073,93.559090,95.878952
1376,11.466667,-0.038854,0.400773,0.009792,0.915301,-215.512207,93.520317,95.881187
1377,11.475000,-0.037985,0.400728,0.009459,0.915361,-215.514023,93.486198,95.883850
1378,11.483333,-0.037345,0.400672,0.009632,0.915410,-215.514679,93.454506,95.887932
1379,11.491667,-0.036720,0.400671,0.010178,0.915429,-215.514114,93.425385,95.893478
1380,11.500000,-0.036297,0.400551,0.010517,0.915495,-215.511902,93.391487,95.899208
1381,11.508333,-0.035899,0.400480,0.011218,0.915533,-215.510056,93.354256,95.906494
1382,11.516667,-0.036013,0.400326,0.012546,0.915579,-215.524811,93.303177,95.920990
1383,11.525000,-0.035962,0.400444,0.013004,0.915523,-215.529114,93.255127,95.939568
1384,11.533333,-0.033250,0.400743,0.013620,0.915486,-215.536743,93.221825,95.961967
1385,11.541667,-0.030973,0.400466,0.013532,0.915688,-215.522766,93.167946,95.975266
1386,11.550000,-0.029225,0.400831,0.012914,0.915595,-215.516541,93.126884,95.986641
1387,11.558333,-0.027731,0.401117,0.012685,0.915519,-215.512039,93.091995,96.002815
1388,11.566667,-0.028569,0.400858,0.012694,0.915607,-215.503235,93.050056,96.025757
1389,11.575000,-0.029284,0.400594,0.012858,0.915698,-215.499252,93.012611,96.041069
1390,11.583333,-0.030104,0.400583,0.013099,0.915672,-215.502090,92.975365,96.055374
1391,11.591667,-0.030584,0.400706,0.013332,0.915599,-215.507034,92.942093,96.071854
1392,11.600000,-0.030356,0.400517,0.013779,0.915683,-215.510696,92.923698,96.089897
1393,11.608333,-0.029946,0.400328,0.014266,0.915771,-215.513779,92.911583,96.104042
1394,11.616667,-0.029639,0.400139,0.014536,0.915860,-215.515854,92.904030,96.119652
1395,11.625000,-0.029626,0.400049,0.014547,0.915899,-215.515274,92.900467,96.138344
1396,11.633333,-0.029521,0.399979,0.014563,0.915933,-215.514786,92.901070,96.157768
1397,11.641667,-0.029919,0.399759,0.014989,0.916009,-215.515350,92.906624,96.179787
1398,11.650000,-0.029990,0.399623,0.015407,0.916059,-215.512604,92.912201,96.202095
1399,11.658333,-0.030137,0.399572,0.015773,0.916071,-215.508942,92.919472,96.223289
1400,11.666667,-0.030451,0.399279,0.015746,0.916188,-215.505035,92.927299,96.247025
1401,11.675000,-0.030401,0.399560,0.015742,0.916068,-215.503937,92.943024,96.268158
1402,11.683333,-0.030543,0.399681,0.015497,0.916014,-215.502930,92.964897,96.291473
1403,11.691667,-0.030780,0.399819,0.014975,0.915955,-215.502243,92.985954,96.314445
1404,11.700000,-0.031419,0.399832,0.014426,0.915936,-215.503189,93.010452,96.336533
1405,11.708333,-0.031643,0.399695,0.014498,0.915987,-215.514465,93.031174,96.357552
1406,11.716667,-0.032018,0.399884,0.013635,0.915905,-215.508102,93.060226,96.373886
1407,11.725000,-0.032610,0.400083,0.012520,0.915813,-215.502197,93.089172,96.388741
1408,11.733333,-0.033212,0.400264,0.011951,0.915720,-215.499374,93.113457,96.401283
1409,11.741667,-0.033840,0.400311,0.011493,0.915682,-215.498306,93.138847,96.417831
1410,11.750000,-0.034434,0.400388,0.011145,0.915631,-215.496780,93.161484,96.438324
1411,11.758333,-0.034891,0.400444,0.011130,0.915589,-215.494797,93.177086,96.459106
1412,11.766667,-0.034952,0.400389,0.011224,0.915610,-215.493637,93.188553,96.476677
1413,11.775000,-0.034926,0.400340,0.011337,0.915631,-215.492294,93.194763,96.494659
1414,11.783333,-0.035074,0.400339,0.011558,0.915623,-215.491394,93.200233,96.511726
1415,11.791667,-0.035059,0.400196,0.011823,0.915682,-215.490372,93.207405,96.527466
1416,11.800000,-0.035243,0.400160,0.011634,0.915694,-215.489822,93.212090,96.542252
1417,11.808333,-0.035210,0.400166,0.011441,0.915695,-215.489777,93.216095,96.557663
1418,11.816667,-0.035173,0.400185,0.011451,0.915688,-215.489914,93.216873,96.577164
1419,11.825000,-0.035126,0.400118,0.011383,0.915720,-215.490372,93.217064,96.597702
1420,11.833333,-0.035160,0.400089,0.011288,0.915732,-215.492157,93.215576,96.615326
1421,11.841667,-0.035404,0.400108,0.011277,0.915715,-215.494675,93.211975,96.630836
1422,11.850000,-0.035619,0.400189,0.011230,0.915671,-215.498322,93.208405,96.646538
1423,11.858333,-0.035814,0.400173,0.011227,0.915671,-215.500885,93.205116,96.661896
1424,11.866667,-0.035754,0.400185,0.011065,0.915670,-215.503555,93.201424,96.676628
1425,11.875000,-0.035825,0.400175,0.010998,0.915672,-215.505676,93.198265,96.691292
1426,11.883333,-0.036108,0.400149,0.011170,0.915670,-215.507172,93.192261,96.706886
1427,11.891667,-0.036223,0.399974,0.011916,0.915733,-215.508270,93.187889,96.726898
1428,11.900000,-0.036375,0.399808,0.012537,0.915791,-215.503998,93.178299,96.747841
1429,11.908333,-0.036521,0.399719,0.013020,0.915817,-215.499573,93.171135,96.765747
1430,11.916667,-0.036739,0.399661,0.013309,0.915830,-215.497177,93.165009,96.779594
1431,11.925000,-0.036552,0.399647,0.013561,0.915840,-215.495682,93.160324,96.789680
1432,11.933333,-0.036601,0.399373,0.013558,0.915957,-215.494507,93.152290,96.802376
1433,11.941667,-0.036602,0.399319,0.013631,0.915980,-215.492706,93.142990,96.811310
1434,11.950000,-0.036595,0.399285,0.013695,0.915994,-215.491791,93.134972,96.820839
1435,11.958333,-0.036091,0.399282,0.013795,0.916014,-215.492462,93.124756,96.833359
1436,11.966667,-0.035741,0.399287,0.014027,0.916022,-215.492462,93.113533,96.842361
1437,11.975000,-0.035446,0.399082,0.014164,0.916120,-215.492218,93.100182,96.850800
1438,11.983333,-0.036510,0.399138,0.014149,0.916054,-215.490845,93.078575,96.858147
1439,11.991667,-0.034992,0.399135,0.014437,0.916110,-215.492111,93.069473,96.865631
1440,12.000000,-0.035344,0.398995,0.014314,0.916160,-215.490677,93.043419,96.877602
1441,12.008333,-0.035049,0.398829,0.013751,0.916252,-215.491608,93.017487,96.885887
1442,12.016667,-0.035087,0.398822,0.013559,0.916256,-215.496826,92.996117,96.888489
1443,12.025000,-0.034826,0.398874,0.012721,0.916256,-215.500092,92.975197,96.889336
1444,12.033333,-0.034406,0.398985,0.012490,0.916227,-215.505508,92.963097,96.890709
1445,12.041667,-0.034085,0.399049,0.012420,0.916212,-215.510849,92.951180,96.898415
1446,12.050000,-0.033950,0.399124,0.012498,0.916183,-215.515594,92.934090,96.907455
1447,12.058333,-0.033781,0.398986,0.012596,0.916248,-215.523224,92.912849,96.918945
1448,12.066667,-0.033776,0.398786,0.012473,0.916337,-215.530914,92.887779,96.928467
1449,12.075000,-0.033889,0.398551,0.012990,0.916428,-215.542358,92.854637,96.934746
1450,12.083333,-0.033979,0.398181,0.013884,0.916572,-215.569061,92.811325,96.942154
1451,12.091667,-0.033714,0.398188,0.013891,0.916579,-215.584518,92.771706,96.950127
1452,12.100000,-0.033002,0.398236,0.014951,0.916567,-215.581924,92.722488,96.950096
1453,12.108333,-0.032016,0.398591,0.015715,0.916435,-215.574341,92.667679,96.958099
1454,12.116667,-0.030743,0.398808,0.016305,0.916374,-215.566589,92.612129,96.965668
1455,12.125000,-0.029460,0.398947,0.016712,0.916348,-215.558716,92.553192,96.969719
1456,12.133333,-0.029839,0.399171,0.017469,0.916224,-215.552765,92.497795,96.972946
1457,12.141667,-0.030366,0.399200,0.018047,0.916183,-215.550354,92.462433,96.975304
1458,12.150000,-0.030875,0.399265,0.018539,0.916128,-215.551895,92.438332,96.974503
1459,12.158333,-0.031407,0.399214,0.018727,0.916128,-215.554428,92.421906,96.970467
1460,12.166667,-0.031525,0.399248,0.019076,0.916102,-215.558716,92.413780,96.967545
1461,12.175000,-0.031589,0.399263,0.019217,0.916091,-215.560074,92.401733,96.968094
1462,12.183333,-0.031456,0.399262,0.019568,0.916088,-215.560501,92.393898,96.972137
1463,12.191667,-0.031399,0.399260,0.019749,0.916087,-215.560501,92.393410,96.973854
1464,12.200000,-0.031436,0.399215,0.019744,0.916106,-215.559845,92.399513,96.969841
1465,12.208333,-0.031412,0.399190,0.019391,0.916125,-215.556259,92.409271,96.965775
1466,12.216667,-0.031454,0.399225,0.019255,0.916111,-215.553070,92.419426,96.963783
1467,12.225000,-0.031442,0.399361,0.019103,0.916055,-215.551575,92.426697,96.962822
1468,12.233333,-0.031441,0.399378,0.018878,0.916053,-215.550690,92.427078,96.964035
1469,12.241667,-0.031694,0.399420,0.018955,0.916024,-215.552902,92.420609,96.965370
1470,12.250000,-0.031744,0.399384,0.019229,0.916032,-215.555695,92.409004,96.968773
1471,12.258333,-0.031617,0.399309,0.019549,0.916063,-215.558487,92.399788,96.973625
1472,12.266667,-0.031471,0.399289,0.019768,0.916071,-215.562988,92.400208,96.972504
1473,12.275000,-0.031602,0.399203,0.019744,0.916105,-215.564636,92.404907,96.970657
1474,12.283333,-0.031765,0.399248,0.019614,0.916083,-215.563538,92.410645,96.967957
1475,12.291667,-0.031845,0.399243,0.019353,0.916087,-215.559128,92.417435,96.968712
1476,12.300000,-0.031825,0.399372,0.019394,0.916031,-215.554138,92.423317,96.966446
1477,12.308333,-0.031838,0.399468,0.019273,0.915992,-215.550095,92.424957,96.966866
1478,12.316667,-0.031900,0.399673,0.019427,0.915896,-215.547867,92.420929,96.968185
1479,12.325000,-0.033522,0.400359,0.021718,0.915488,-215.551132,92.428230,96.958939
1480,12.333333,-0.034003,0.400564,0.022485,0.915362,-215.550415,92.428383,96.955833
1481,12.341667,-0.034219,0.400537,0.022503,0.915365,-215.548569,92.428078,96.953812
1482,12.350000,-0.034075,0.400495,0.022329,0.915393,-215.544586,92.431038,96.947227
1483,12.358333,-0.034347,0.400592,0.022145,0.915345,-215.538071,92.434540,96.939301
1484,12.366667,-0.033154,0.400179,0.022767,0.915554,-215.534302,92.446404,96.937851
1485,12.375000,-0.032615,0.400390,0.022548,0.915487,-215.522522,92.443672,96.929916
1486,12.383333,-0.032149,0.400559,0.022375,0.915433,-215.502960,92.419312,96.914688
1487,12.391667,-0.027518,0.398724,0.014259,0.916547,-215.461517,92.304703,96.927544
1488,12.400000,-0.028957,0.398369,0.011733,0.916693,-215.466125,92.197670,96.915459
1489,12.408333,-0.030568,0.397575,0.009775,0.917008,-215.466385,92.159897,96.901489
1490,12.416667,-0.030940,0.397359,0.008913,0.917098,-215.448578,92.134132,96.902176
1491,12.425000,-0.029944,0.396942,0.009875,0.917302,-215.437988,92.135757,96.911201
1492,12.433333,-0.029393,0.396856,0.011226,0.917342,-215.433578,92.141869,96.928276
1493,12.441667,-0.028714,0.397554,0.010319,0.917072,-215.424774,92.169174,96.974854
1494,12.450000,-0.027667,0.397527,0.010617,0.917112,-215.421875,92.177620,97.009987
1495,12.458333,-0.026581,0.397852,0.010905,0.917000,-215.429428,92.179260,97.054756
1496,12.466667,-0.025081,0.398045,0.012183,0.916942,-215.446167,92.172981,97.117996
1497,12.475000,-0.023980,0.397908,0.014602,0.916996,-215.485626,92.153900,97.189400
1498,12.483333,-0.022094,0.399066,0.015848,0.916519,-215.500061,92.134109,97.258255
1499,12.491667,-0.019846,0.400227,0.015593,0.916069,-215.487000,92.122215,97.328011
1500,12.500000,-0.017145,0.402245,0.015863,0.915234,-215.461136,92.117294,97.424545
1501,12.508333,-0.013926,0.403553,0.015396,0.914721,-215.434143,92.116386,97.519371
1502,12.516667,-0.010220,0.405152,0.016241,0.914048,-215.402695,92.114609,97.626465
1503,12.525000,-0.007834,0.405687,0.018328,0.913795,-215.386108,92.114906,97.721619
1504,12.533333,-0.006439,0.406225,0.019228,0.913548,-215.377838,92.131821,97.791412
1505,12.541667,-0.004972,0.407561,0.020002,0.912945,-215.371582,92.147079,97.855431
1506,12.550000,-0.003635,0.409016,0.020976,0.912279,-215.379669,92.152901,97.912231
1507,12.558333,-0.002505,0.410621,0.022198,0.911533,-215.399216,92.154709,97.961517
1508,12.566667,-0.001406,0.411169,0.024446,0.911230,-215.454391,92.146049,97.999344
1509,12.575000,-0.000653,0.411545,0.025303,0.911038,-215.494614,92.149673,98.014671
1510,12.583333,-0.001049,0.411150,0.025045,0.911223,-215.521240,92.148712,98.021072
1511,12.591667,-0.001926,0.410044,0.024397,0.911737,-215.542770,92.147911,98.014626
1512,12.600000,-0.003331,0.408475,0.023231,0.912468,-215.557007,92.145882,97.993942
1513,12.608333,-0.004694,0.406823,0.021746,0.913236,-215.561295,92.145004,97.963936
1514,12.616667,-0.005450,0.404932,0.022883,0.914044,-215.536880,92.123817,97.907204
1515,12.625000,-0.006213,0.403518,0.022688,0.914669,-215.512665,92.118057,97.857628
1516,12.633333,-0.007425,0.401889,0.021824,0.915398,-215.486908,92.118019,97.797142
1517,12.641667,-0.008540,0.400213,0.020133,0.916161,-215.451950,92.114510,97.715286
1518,12.650000,-0.010277,0.398370,0.017561,0.916999,-215.414001,92.116180,97.630760
1519,12.658333,-0.012460,0.397243,0.015330,0.917501,-215.368317,92.119827,97.546021
1520,12.666667,-0.014357,0.396598,0.014116,0.917772,-215.327621,92.118629,97.471199
1521,12.675000,-0.015702,0.395875,0.013023,0.918078,-215.286942,92.127937,97.408279
1522,12.683333,-0.016338,0.395184,0.010765,0.918394,-215.245697,92.144371,97.364304
1523,12.691667,-0.016965,0.393954,0.008888,0.918931,-215.212540,92.161201,97.327896
1524,12.700000,-0.017263,0.392656,0.008010,0.919488,-215.193893,92.174530,97.306740
1525,12.708333,-0.017299,0.391367,0.007758,0.920040,-215.188461,92.179565,97.296417
1526,12.716667,-0.017296,0.390355,0.008359,0.920464,-215.207169,92.177162,97.305328
1527,12.725000,-0.016761,0.389380,0.009289,0.920878,-215.236145,92.172661,97.324181
1528,12.733333,-0.015849,0.388519,0.010426,0.921246,-215.265488,92.164268,97.351852
1529,12.741667,-0.015407,0.387476,0.012197,0.921670,-215.305328,92.157951,97.395851
1530,12.750000,-0.015167,0.386166,0.014859,0.922185,-215.368439,92.140373,97.445648
1531,12.758333,-0.014527,0.385302,0.016485,0.922529,-215.407562,92.129395,97.503456
1532,12.766667,-0.013156,0.384793,0.017474,0.922744,-215.444092,92.123726,97.578781
1533,12.775000,-0.011703,0.384180,0.019246,0.922983,-215.483170,92.123154,97.657303
1534,12.783333,-0.007351,0.380540,0.035492,0.924054,-215.501572,91.994766,97.661568
1535,12.791667,-0.005298,0.379942,0.039167,0.924165,-215.526413,91.979813,97.713493
1536,12.800000,-0.003838,0.379403,0.040180,0.924351,-215.539047,91.973625,97.755936
1537,12.808333,-0.003541,0.378773,0.041344,0.924559,-215.548019,91.975540,97.787735
1538,12.816667,-0.003257,0.378396,0.041830,0.924692,-215.550613,91.977486,97.807404
1539,12.825000,-0.002990,0.378116,0.041960,0.924802,-215.546127,91.978699,97.816154
1540,12.833333,-0.002685,0.377916,0.042021,0.924882,-215.536545,91.979042,97.817772
1541,12.841667,-0.002254,0.377802,0.041904,0.924935,-215.520691,91.977806,97.812393
1542,12.850000,-0.002133,0.377740,0.041667,0.924971,-215.496185,91.971176,97.794334
1543,12.858333,-0.002706,0.377341,0.040879,0.925168,-215.465897,91.966141,97.764458
1544,12.866667,-0.004136,0.376832,0.040013,0.925408,-215.434235,91.964600,97.720238
1545,12.875000,-0.005722,0.376868,0.038995,0.925428,-215.413071,91.961723,97.663521
1546,12.883333,-0.007976,0.377810,0.035867,0.925154,-215.396118,91.978043,97.605423
1547,12.891667,-0.010321,0.378157,0.033513,0.925077,-215.394760,91.995483,97.534302
1548,12.900000,-0.011469,0.377000,0.036143,0.925437,-215.399857,91.967300,97.435532
1549,12.908333,-0.013353,0.377170,0.033579,0.925439,-215.402359,91.991440,97.374168
1550,12.916667,-0.015070,0.376987,0.030634,0.925589,-215.395172,92.012245,97.319954
1551,12.925000,-0.016563,0.376163,0.027771,0.925989,-215.397888,92.029854,97.271370
1552,12.933333,-0.018563,0.375426,0.024664,0.926338,-215.405411,92.049423,97.232689
1553,12.941667,-0.020747,0.375929,0.021001,0.926178,-215.423508,92.077835,97.223976
1554,12.950000,-0.022081,0.377021,0.016650,0.925792,-215.446503,92.117638,97.235260
1555,12.958333,-0.022210,0.377116,0.015762,0.925765,-215.457031,92.126656,97.244278
1556,12.966667,-0.021472,0.376906,0.015949,0.925865,-215.460159,92.125221,97.267097
1557,12.975000,-0.019835,0.376777,0.016364,0.925947,-215.457275,92.122803,97.300514
1558,12.983333,-0.015951,0.374651,0.027580,0.926618,-215.436630,92.024895,97.299866
1559,12.991667,-0.014116,0.374552,0.029620,0.926625,-215.425354,92.012535,97.353432
1560,13.000000,-0.012675,0.373900,0.031974,0.926831,-215.416031,91.997948,97.415833
1561,13.008333,-0.011148,0.373209,0.032759,0.927102,-215.404755,91.985031,97.484123
1562,13.016667,-0.010189,0.373095,0.033078,0.927147,-215.402695,91.984070,97.551231
1563,13.025000,-0.009603,0.373664,0.031425,0.926982,-215.410522,92.013962,97.631165
1564,13.033333,-0.009155,0.374823,0.028238,0.926621,-215.428833,92.059837,97.701843
1565,13.041667,-0.006674,0.373649,0.036424,0.926831,-215.439301,92.002174,97.704597
1566,13.050000,-0.005801,0.373496,0.038081,0.926832,-215.458862,91.999321,97.730972
1567,13.058333,-0.005351,0.373478,0.039108,0.926799,-215.477615,91.993347,97.748322
1568,13.066667,-0.005221,0.373380,0.039503,0.926822,-215.490860,91.987076,97.754959
1569,13.075000,-0.005252,0.373288,0.039410,0.926863,-215.493744,91.981834,97.752289
1570,13.083333,-0.005589,0.373232,0.039041,0.926899,-215.488617,91.976852,97.740227
1571,13.091667,-0.005789,0.373188,0.038679,0.926931,-215.475815,91.971054,97.721497
1572,13.100000,-0.006468,0.373314,0.038391,0.926888,-215.455933,91.961960,97.697487
1573,13.108333,-0.008220,0.374219,0.035158,0.926637,-215.429108,91.984764,97.677231
1574,13.116667,-0.010055,0.374868,0.032235,0.926463,-215.408081,92.001305,97.631905
1575,13.125000,-0.010248,0.373330,0.035981,0.926944,-215.393524,91.954918,97.531403
1576,13.133333,-0.011669,0.373285,0.035121,0.926978,-215.372391,91.956108,97.472939
1577,13.141667,-0.012546,0.373315,0.034059,0.926994,-215.349274,91.962006,97.425804
1578,13.150000,-0.013479,0.373165,0.032686,0.927091,-215.329819,91.978073,97.388840
1579,13.158333,-0.014153,0.372929,0.031873,0.927204,-215.315750,91.991127,97.363968
1580,13.166667,-0.015040,0.372383,0.031309,0.927429,-215.306259,91.996056,97.344551
1581,13.175000,-0.014867,0.372453,0.030735,0.927423,-215.307190,92.001900,97.346184
1582,13.183333,-0.014616,0.372137,0.030188,0.927572,-215.311096,92.006744,97.352470
1583,13.191667,-0.014082,0.371545,0.029510,0.927839,-215.316742,92.010429,97.365509
1584,13.200000,-0.013697,0.371025,0.030081,0.928035,-215.328476,92.003761,97.391617
1585,13.208333,-0.012497,0.370933,0.031238,0.928050,-215.350082,91.997726,97.440117
1586,13.216667,-0.011495,0.370849,0.032322,0.928059,-215.372375,91.988785,97.493851
1587,13.225000,-0.011330,0.371285,0.030414,0.927952,-215.402145,92.013306,97.570885
1588,13.233333,-0.011479,0.372274,0.026199,0.927682,-215.436676,92.066582,97.646912
1589,13.241667,-0.011329,0.373588,0.020794,0.927293,-215.463638,92.125519,97.715408
1590,13.250000,-0.010197,0.373672,0.021316,0.927260,-215.473679,92.127831,97.751328
1591,13.258333,-0.006509,0.370887,0.035895,0.927961,-215.458969,92.001915,97.716835
1592,13.266667,-0.005790,0.370714,0.036656,0.928006,-215.458542,91.997620,97.730949
1593,13.275000,-0.005490,0.370728,0.036636,0.928002,-215.448761,91.993805,97.736267
1594,13.283333,-0.005416,0.370740,0.036349,0.928009,-215.434570,91.992561,97.731522
1595,13.291667,-0.006044,0.370751,0.036490,0.927995,-215.425751,91.995834,97.715691
1596,13.300000,-0.006761,0.370697,0.036166,0.928025,-215.419937,92.000023,97.688072
1597,13.308333,-0.008316,0.371144,0.033534,0.927932,-215.416595,92.020981,97.662094
1598,13.316667,-0.010391,0.371196,0.028941,0.928045,-215.412903,92.051598,97.626808
1599,13.325000,-0.011962,0.372119,0.021951,0.927848,-215.406204,92.089386,97.588165
1600,13.333333,-0.011059,0.370053,0.029731,0.928469,-215.372223,92.002686,97.490509
1601,13.341667,-0.011451,0.369832,0.029393,0.928563,-215.342377,91.992798,97.443558
1602,13.350000,-0.012423,0.370707,0.025839,0.928307,-215.316696,92.023239,97.432762
1603,13.358333,-0.013273,0.371522,0.021378,0.928083,-215.295547,92.067650,97.432716
1604,13.366667,-0.014106,0.372713,0.015536,0.927709,-215.278671,92.125740,97.454422
1605,13.375000,-0.014612,0.373117,0.013031,0.927578,-215.264465,92.151657,97.472755
1606,13.383333,-0.014386,0.373353,0.012749,0.927490,-215.253418,92.156387,97.490479
1607,13.391667,-0.013964,0.373459,0.012876,0.927452,-215.248413,92.156586,97.520561
1608,13.400000,-0.009926,0.370826,0.027892,0.928230,-215.237686,92.025391,97.507706
1609,13.408333,-0.008316,0.370677,0.029861,0.928244,-215.251831,92.016014,97.536171
1610,13.416667,-0.007663,0.370503,0.031501,0.928265,-215.283661,92.012131,97.556419
1611,13.425000,-0.007948,0.370497,0.032726,0.928223,-215.324219,92.005798,97.561409
1612,13.433333,-0.009103,0.371210,0.031004,0.927986,-215.369720,92.027954,97.571747
1613,13.441667,-0.011489,0.372226,0.026766,0.927685,-215.414185,92.063179,97.591606
1614,13.450000,-0.013831,0.373728,0.021781,0.927180,-215.447525,92.100471,97.625145
1615,13.458333,-0.014328,0.374104,0.019029,0.927081,-215.465363,92.124557,97.649536
1616,13.466667,-0.014026,0.374153,0.018776,0.927071,-215.472198,92.125145,97.656151
1617,13.475000,-0.013598,0.374122,0.018732,0.927091,-215.473083,92.124290,97.657486
1618,13.483333,-0.013558,0.373914,0.018581,0.927178,-215.467041,92.123619,97.647949
1619,13.491667,-0.013805,0.373839,0.018303,0.927210,-215.455978,92.121162,97.632820
1620,13.500000,-0.013541,0.373847,0.017953,0.927218,-215.436768,92.117798,97.617310
1621,13.508333,-0.012879,0.373824,0.017302,0.927249,-215.407272,92.114494,97.608467
1622,13.516667,-0.009568,0.371008,0.030682,0.928073,-215.348389,91.987061,97.550896
1623,13.525000,-0.008981,0.371273,0.030291,0.927986,-215.314697,91.992287,97.545044
1624,13.533333,-0.009615,0.371485,0.029929,0.927907,-215.282990,91.997116,97.535957
1625,13.541667,-0.010048,0.371457,0.029971,0.927912,-215.257782,92.001862,97.525459
1626,13.550000,-0.010949,0.372289,0.027109,0.927656,-215.247208,92.031219,97.540108
1627,13.558333,-0.012172,0.373438,0.021553,0.927325,-215.250992,92.082420,97.568375
1628,13.566667,-0.010906,0.371906,0.029525,0.927737,-215.248657,92.010429,97.533325
1629,13.575000,-0.010929,0.371733,0.030251,0.927782,-215.268188,92.002029,97.538338
1630,13.583333,-0.009741,0.371567,0.031374,0.927825,-215.297623,91.998383,97.544716
1631,13.591667,-0.009747,0.371201,0.032507,0.927932,-215.330460,91.991425,97.547234
1632,13.600000,-0.010922,0.371475,0.030199,0.927888,-215.364380,92.013268,97.574013
1633,13.608333,-0.012318,0.371995,0.025802,0.927795,-215.396423,92.054787,97.613449
1634,13.616667,-0.012918,0.372841,0.021379,0.927559,-215.416687,92.097054,97.648392
1635,13.625000,-0.012840,0.373019,0.018669,0.927547,-215.427216,92.121597,97.667473
1636,13.633333,-0.012336,0.372911,0.018164,0.927607,-215.426331,92.124062,97.670029
1637,13.641667,-0.011827,0.372691,0.017827,0.927709,-215.414764,92.121696,97.663376
1638,13.650000,-0.011189,0.372307,0.019316,0.927841,-215.392380,92.102470,97.644737
1639,13.658333,-0.011312,0.372195,0.019462,0.927881,-215.373413,92.100189,97.620811
1640,13.666667,-0.009298,0.369833,0.031016,0.928534,-215.342896,91.996674,97.545174
1641,13.675000,-0.009413,0.369943,0.031292,0.928480,-215.321976,91.994492,97.530823
1642,13.683333,-0.010553,0.370193,0.031000,0.928378,-215.302750,91.991837,97.532082
1643,13.691667,-0.009972,0.370384,0.031369,0.928295,-215.292404,91.994576,97.542976
1644,13.700000,-0.009669,0.370545,0.031644,0.928225,-215.290710,91.997025,97.553001
1645,13.708333,-0.010326,0.370684,0.031782,0.928158,-215.306137,91.996262,97.556175
1646,13.716667,-0.009922,0.370593,0.032472,0.928175,-215.327316,91.996330,97.559731
1647,13.725000,-0.010624,0.371122,0.030037,0.928038,-215.347244,92.015892,97.583199
1648,13.733333,-0.011972,0.371915,0.024956,0.927854,-215.369080,92.059776,97.617546
1649,13.741667,-0.012649,0.372853,0.020681,0.927574,-215.384644,92.100372,97.640472
1650,13.750000,-0.012670,0.373207,0.018081,0.927486,-215.391876,92.122177,97.646042
1651,13.758333,-0.012265,0.373267,0.017538,0.927477,-215.386444,92.119423,97.636787
1652,13.766667,-0.011793,0.373444,0.016789,0.927426,-215.373276,92.117676,97.633255
1653,13.775000,-0.012125,0.373499,0.016613,0.927403,-215.360764,92.117401,97.624474
1654,13.783333,-0.009665,0.370976,0.030742,0.928083,-215.332703,91.994812,97.558144
1655,13.791667,-0.009735,0.370888,0.031098,0.928106,-215.322952,91.991257,97.555801
1656,13.800000,-0.009617,0.370823,0.031852,0.928107,-215.315979,91.989395,97.556114
1657,13.808333,-0.009977,0.370724,0.032433,0.928123,-215.320419,91.992249,97.557655
1658,13.816667,-0.010740,0.371304,0.030092,0.927962,-215.331406,92.015274,97.575798
1659,13.825000,-0.011767,0.372056,0.025508,0.927785,-215.348022,92.055069,97.599068
1660,13.833333,-0.012587,0.373055,0.020714,0.927493,-215.363235,92.098427,97.625046
1661,13.841667,-0.012997,0.373477,0.017944,0.927375,-215.374725,92.122223,97.638306
1662,13.850000,-0.012890,0.373531,0.017528,0.927362,-215.376801,92.123535,97.637352
1663,13.858333,-0.012799,0.373518,0.017137,0.927377,-215.374069,92.122498,97.637024
1664,13.866667,-0.012416,0.373579,0.016969,0.927360,-215.369278,92.122124,97.630592
1665,13.875000,-0.012239,0.373614,0.016781,0.927352,-215.362427,92.120186,97.627136
1666,13.883333,-0.012333,0.373598,0.016775,0.927357,-215.355804,92.120377,97.620285
1667,13.891667,-0.010302,0.371203,0.029393,0.928029,-215.334076,92.009354,97.566254
1668,13.900000,-0.010919,0.370840,0.030973,0.928116,-215.325974,91.990860,97.556183
1669,13.908333,-0.010291,0.370777,0.031955,0.928115,-215.323685,91.990242,97.556137
1670,13.916667,-0.010816,0.371439,0.029822,0.927915,-215.329666,92.014694,97.574013
1671,13.925000,-0.011716,0.372154,0.025441,0.927748,-215.341660,92.055008,97.597290
1672,13.933333,-0.012263,0.373136,0.020654,0.927466,-215.354462,92.099182,97.620201
1673,13.941667,-0.012740,0.373520,0.017618,0.927367,-215.364120,92.124924,97.635109
1674,13.950000,-0.012841,0.373642,0.017308,0.927323,-215.368195,92.127136,97.637901
1675,13.958333,-0.012841,0.373657,0.017341,0.927316,-215.370132,92.125168,97.640038
1676,13.966667,-0.012619,0.373697,0.017292,0.927304,-215.370102,92.124245,97.637001
1677,13.975000,-0.012474,0.373610,0.017168,0.927343,-215.367081,92.123268,97.632858
1678,13.983333,-0.012349,0.373629,0.017017,0.927340,-215.363403,92.123245,97.628632
1679,13.991667,-0.012341,0.373614,0.017137,0.927344,-215.358871,92.122116,97.623947
1680,14.000000,-0.012324,0.373664,0.017130,0.927324,-215.353470,92.121513,97.618874
1681,14.008333,-0.009954,0.370968,0.031010,0.928074,-215.330505,91.998703,97.558746
1682,14.016667,-0.010034,0.370721,0.031673,0.928150,-215.324905,91.991699,97.553024
1683,14.025000,-0.010169,0.370704,0.032209,0.928137,-215.322540,91.989693,97.555016
1684,14.033333,-0.010316,0.370820,0.032371,0.928083,-215.325043,91.989830,97.559128
1685,14.041667,-0.010755,0.371381,0.029948,0.927935,-215.332870,92.012505,97.575516
1686,14.050000,-0.011523,0.372190,0.025526,0.927734,-215.345886,92.052162,97.597542
1687,14.058333,-0.012251,0.373110,0.020524,0.927479,-215.356918,92.097023,97.620735
1688,14.066667,-0.012564,0.373528,0.017675,0.927365,-215.364044,92.121735,97.632805
1689,14.075000,-0.012671,0.373599,0.017298,0.927342,-215.366455,92.126411,97.636353
1690,14.083333,-0.012837,0.373668,0.017293,0.927312,-215.367249,92.125870,97.637535
1691,14.091667,-0.012960,0.373695,0.017305,0.927300,-215.368515,92.125900,97.638641
1692,14.100000,-0.012867,0.373711,0.017224,0.927296,-215.367767,92.124290,97.637741
1693,14.108333,-0.012757,0.373662,0.017344,0.927315,-215.366653,92.125923,97.635376
1694,14.116667,-0.012792,0.373649,0.017219,0.927322,-215.364334,92.124054,97.633125
1695,14.125000,-0.012585,0.373660,0.017287,0.927319,-215.362671,92.124954,97.630806
1696,14.133333,-0.012544,0.373631,0.017223,0.927333,-215.358734,92.123146,97.627953
1697,14.141667,-0.012474,0.373657,0.017145,0.927324,-215.355103,92.122108,97.622040
1698,14.150000,-0.012594,0.373684,0.017021,0.927314,-215.351486,92.122200,97.618774
1699,14.158333,-0.010141,0.371050,0.030980,0.928041,-215.330536,91.997787,97.559952
1700,14.166667,-0.010007,0.370825,0.031668,0.928109,-215.327271,91.992119,97.554489
1701,14.175000,-0.010069,0.370760,0.032038,0.928121,-215.323608,91.988892,97.553322
1702,14.183333,-0.010061,0.370825,0.032246,0.928088,-215.324432,91.990143,97.558350
1703,14.191667,-0.010369,0.370785,0.032233,0.928101,-215.327377,91.989769,97.562202
1704,14.200000,-0.010944,0.371416,0.029806,0.927924,-215.335159,92.013222,97.577820
1705,14.208333,-0.011794,0.372135,0.025286,0.927759,-215.345886,92.053101,97.597771
1706,14.216667,-0.012511,0.373149,0.020371,0.927464,-215.355606,92.096535,97.619370
1707,14.225000,-0.012705,0.373561,0.017496,0.927354,-215.362030,92.121429,97.630623
1708,14.233333,-0.012823,0.373634,0.017110,0.927330,-215.363403,92.125687,97.633568
1709,14.241667,-0.012736,0.373716,0.016968,0.927301,-215.363525,92.128334,97.635117
1710,14.250000,-0.012779,0.373765,0.017044,0.927279,-215.363266,92.126152,97.635101
1711,14.258333,-0.012849,0.373742,0.017193,0.927284,-215.364594,92.126694,97.636230
1712,14.266667,-0.012828,0.373683,0.017333,0.927306,-215.365906,92.126808,97.637047
1713,14.275000,-0.012820,0.373644,0.017392,0.927320,-215.366531,92.125336,97.636719
1714,14.283333,-0.012686,0.373582,0.017485,0.927346,-215.366318,92.125259,97.635361
1715,14.291667,-0.012743,0.373579,0.017541,0.927345,-215.365356,92.124130,97.632843
1716,14.300000,-0.012803,0.373590,0.017334,0.927344,-215.363724,92.123268,97.631912
1717,14.308333,-0.012706,0.373638,0.017274,0.927327,-215.362259,92.124985,97.629509
1718,14.316667,-0.012498,0.373666,0.017200,0.927319,-215.358658,92.123657,97.627449
1719,14.325000,-0.012667,0.373676,0.017091,0.927315,-215.355255,92.122940,97.624886
1720,14.333333,-0.012565,0.373756,0.017068,0.927285,-215.351685,92.123672,97.621048
1721,14.341667,-0.010153,0.371058,0.030891,0.928040,-215.330338,91.999557,97.563713
1722,14.350000,-0.010090,0.370802,0.031601,0.928119,-215.327805,91.991974,97.558029
1723,14.358333,-0.010100,0.370776,0.032086,0.928113,-215.323639,91.987946,97.555237
1724,14.366667,-0.010248,0.370807,0.032267,0.928093,-215.324646,91.988655,97.557907
1725,14.375000,-0.010886,0.371447,0.029830,0.927911,-215.330154,92.011612,97.573593
1726,14.383333,-0.011721,0.372217,0.025388,0.927725,-215.340607,92.051224,97.593513
1727,14.391667,-0.012565,0.373185,0.020466,0.927446,-215.351944,92.096176,97.615761
1728,14.400000,-0.012743,0.373627,0.017596,0.927325,-215.359528,92.121071,97.627357
1729,14.408333,-0.012706,0.373702,0.017066,0.927305,-215.361328,92.125710,97.630699
1730,14.416667,-0.012775,0.373756,0.016846,0.927286,-215.361740,92.127052,97.633148
1731,14.425000,-0.012871,0.373803,0.016859,0.927266,-215.362305,92.128143,97.634140
1732,14.433333,-0.012897,0.373778,0.017083,0.927271,-215.364243,92.126572,97.635536
1733,14.441667,-0.012914,0.373727,0.017296,0.927288,-215.366241,92.125992,97.636101
1734,14.450000,-0.012845,0.373657,0.017438,0.927314,-215.366669,92.125229,97.635048
1735,14.458333,-0.012650,0.373610,0.017471,0.927335,-215.366150,92.125389,97.634407
1736,14.466667,-0.012656,0.373608,0.017390,0.927337,-215.363815,92.123787,97.632767
1737,14.475000,-0.012443,0.373556,0.017288,0.927363,-215.361694,92.124908,97.630692
1738,14.483333,-0.012336,0.373676,0.017196,0.927318,-215.358566,92.123344,97.628418
1739,14.491667,-0.012537,0.373630,0.017169,0.927334,-215.355392,92.123116,97.624924
1740,14.500000,-0.012427,0.373591,0.018762,0.927321,-215.346863,92.108299,97.617264
1741,14.508333,-0.012267,0.373609,0.019126,0.927308,-215.342453,92.105309,97.613075
1742,14.516667,-0.010363,0.371352,0.029683,0.927960,-215.327576,92.011574,97.566071
1743,14.525000,-0.010058,0.370929,0.031281,0.928080,-215.322800,91.995499,97.557877
1744,14.533333,-0.010195,0.370836,0.031932,0.928093,-215.325378,91.992569,97.560791
1745,14.541667,-0.010190,0.370764,0.032174,0.928114,-215.327911,91.990112,97.563019
1746,14.550000,-0.010886,0.371392,0.029859,0.927932,-215.335602,92.012054,97.578369
1747,14.558333,-0.011674,0.372096,0.025498,0.927771,-215.346390,92.050430,97.596573
1748,14.566667,-0.012239,0.373132,0.020480,0.927471,-215.356140,92.094841,97.617760
1749,14.575000,-0.012547,0.373589,0.017480,0.927345,-215.362930,92.122551,97.630173
1750,14.583333,-0.012466,0.373614,0.017314,0.927339,-215.363388,92.125679,97.631844
1751,14.591667,-0.012220,0.373581,0.018832,0.927326,-215.358154,92.112419,97.628853
1752,14.600000,-0.012386,0.373534,0.019292,0.927333,-215.358063,92.109261,97.629288
1753,14.608333,-0.012417,0.373584,0.019429,0.927310,-215.358856,92.109940,97.630348
1754,14.616667,-0.012482,0.373572,0.019453,0.927313,-215.359451,92.110123,97.631004
1755,14.625000,-0.012467,0.373523,0.019606,0.927330,-215.360519,92.109482,97.631676
1756,14.633333,-0.012398,0.373481,0.019549,0.927349,-215.360123,92.107925,97.631279
1757,14.641667,-0.012610,0.373422,0.019536,0.927370,-215.359756,92.107224,97.630341
1758,14.650000,-0.012461,0.373518,0.019411,0.927336,-215.359406,92.107101,97.629112
1759,14.658333,-0.012390,0.373463,0.019435,0.927359,-215.358444,92.107269,97.629387
1760,14.666667,-0.012359,0.373458,0.019327,0.927364,-215.356918,92.108139,97.627655
1761,14.675000,-0.012212,0.373494,0.019294,0.927352,-215.353683,92.106804,97.625359
1762,14.683333,-0.012344,0.373523,0.019260,0.927339,-215.351364,92.106216,97.623428
1763,14.691667,-0.012231,0.373595,0.019179,0.927313,-215.349106,92.106506,97.619507
1764,14.700000,-0.012451,0.373561,0.019217,0.927323,-215.346405,92.105873,97.617355
1765,14.708333,-0.010523,0.371360,0.029530,0.927960,-215.332291,92.011467,97.570572
1766,14.716667,-0.010316,0.370945,0.031168,0.928074,-215.329163,91.996368,97.560150
1767,14.725000,-0.010073,0.371038,0.031431,0.928031,-215.326218,91.992188,97.557533
1768,14.733333,-0.009923,0.371068,0.031738,0.928010,-215.325714,91.992271,97.558685
