Format Version,1.25,Take Name,Take 2025-11-27 04.49.03 PM,Take Notes,,Capture Frame Rate,120.000000,Export Frame Rate,120.000000,Capture Start Time,2025-11-27 04.49.04.590 PM,Capture Start Frame,2487896,Total Frames in Take,1340,Total Exported Frames,1340,Rotation Type,Quaternion,Length Units,Centimeters,Coordinate Space,Global

,Type,Rigid Body,Rigid Body,Rigid Body,Rigid Body,Rigid Body,Rigid Body,Rigid Body
,Name,SEE_large,SEE_large,SEE_large,SEE_large,SEE_large,SEE_large,SEE_large
,ID,B4680608301811F031C44B617C10C291,B4680608301811F031C44B617C10C291,B4680608301811F031C44B617C10C291,B4680608301811F031C44B617C10C291,B4680608301811F031C44B617C10C291,B4680608301811F031C44B617C10C291,B4680608301811F031C44B617C10C291
,Parent,,,,,,,
,,Rotation,Rotation,Rotation,Rotation,Position,Position,Position
Frame,Time (Seconds),X,Y,Z,W,X,Y,Z
0,0.000000,-0.005199,0.392290,0.011822,0.919751,-215.885544,92.211349,84.009743
1,0.008333,-0.005797,0.391956,0.011611,0.919892,-215.891953,92.218956,84.008949
2,0.016667,-0.006506,0.391569,0.010940,0.920061,-215.895264,92.228928,84.001678
3,0.025000,-0.007060,0.391451,0.010300,0.920114,-215.896194,92.236328,83.991608
4,0.033333,-0.007263,0.391394,0.009839,0.920142,-215.896149,92.239761,83.986443
5,0.041667,-0.007228,0.391666,0.009315,0.920032,-215.903503,92.241737,83.981552
6,0.050000,-0.006758,0.391903,0.008816,0.919940,-215.907806,92.238762,83.977470
7,0.058333,-0.006704,0.392051,0.008551,0.919879,-215.908951,92.240318,83.975548
8,0.066667,-0.006743,0.392003,0.008878,0.919896,-215.908951,92.241875,83.974022
9,0.075000,-0.006808,0.392277,0.009075,0.919777,-215.906448,92.241676,83.971336
10,0.083333,-0.006980,0.392004,0.009190,0.919891,-215.907455,92.241081,83.972977
11,0.091667,-0.007107,0.391957,0.009342,0.919909,-215.906311,92.241135,83.972260
12,0.100000,-0.007011,0.392180,0.009385,0.919814,-215.902786,92.241264,83.969986
13,0.108333,-0.006899,0.392288,0.009515,0.919767,-215.901917,92.240417,83.970329
14,0.116667,-0.007040,0.391974,0.009664,0.919899,-215.903122,92.243523,83.975441
15,0.125000,-0.007007,0.391889,0.009645,0.919935,-215.901596,92.240891,83.976578
16,0.133333,-0.007041,0.391889,0.009585,0.919935,-215.903214,92.240440,83.978111
17,0.141667,-0.007071,0.392140,0.009580,0.919829,-215.902420,92.241112,83.976456
18,0.150000,-0.006899,0.392204,0.009523,0.919803,-215.902527,92.241867,83.977814
19,0.158333,-0.006962,0.391907,0.009734,0.919927,-215.906555,92.240761,83.981911
20,0.166667,-0.006939,0.391963,0.009802,0.919902,-215.911728,92.241135,83.981743
21,0.175000,-0.007034,0.392302,0.009789,0.919757,-215.915558,92.239052,83.976448
22,0.183333,-0.007129,0.392649,0.009743,0.919609,-215.922577,92.239105,83.972130
23,0.191667,-0.007486,0.392866,0.009876,0.919512,-215.933746,92.240456,83.969818
24,0.200000,-0.007565,0.393652,0.009757,0.919177,-215.941330,92.238869,83.959702
25,0.208333,-0.007775,0.394165,0.009906,0.918954,-215.950394,92.236534,83.951317
26,0.216667,-0.007998,0.394173,0.009802,0.918949,-215.959137,92.236259,83.950005
27,0.225000,-0.008184,0.393925,0.010220,0.919049,-215.966965,92.237183,83.958473
28,0.233333,-0.008096,0.394217,0.010366,0.918923,-215.972427,92.235893,83.961433
29,0.241667,-0.008028,0.394847,0.010552,0.918651,-215.976242,92.234543,83.959839
30,0.250000,-0.008113,0.394789,0.011066,0.918669,-215.984512,92.234207,83.961212
31,0.258333,-0.008033,0.394692,0.011520,0.918706,-215.991791,92.232468,83.964005
32,0.266667,-0.007995,0.394713,0.011634,0.918696,-216.000839,92.230186,83.967796
33,0.275000,-0.008204,0.394604,0.011963,0.918737,-216.012863,92.231461,83.970932
34,0.283333,-0.008101,0.394728,0.012430,0.918678,-216.023010,92.229774,83.973274
35,0.291667,-0.007872,0.394683,0.012621,0.918697,-216.033218,92.228767,83.979225
36,0.300000,-0.007820,0.394674,0.012932,0.918697,-216.042404,92.227264,83.983376
37,0.308333,-0.007776,0.394677,0.013371,0.918690,-216.051910,92.226532,83.987411
38,0.316667,-0.007524,0.394607,0.015002,0.918697,-216.076416,92.214470,83.998322
39,0.325000,-0.007515,0.394551,0.015503,0.918713,-216.087387,92.213570,84.002838
40,0.333333,-0.007483,0.394694,0.015859,0.918645,-216.096832,92.211754,84.007950
41,0.341667,-0.007807,0.394742,0.016145,0.918617,-216.109161,92.210709,84.013275
42,0.350000,-0.007954,0.394756,0.016348,0.918606,-216.111511,92.216988,84.009247
43,0.358333,-0.008126,0.394548,0.015815,0.918703,-216.119049,92.227089,84.006660
44,0.366667,-0.008281,0.394437,0.015382,0.918757,-216.130020,92.235008,84.004128
45,0.375000,-0.008612,0.394421,0.015501,0.918759,-216.143250,92.238525,84.001663
46,0.383333,-0.008893,0.394405,0.015861,0.918757,-216.154602,92.239586,84.003456
47,0.391667,-0.008970,0.394472,0.016140,0.918723,-216.164185,92.239830,84.003868
48,0.400000,-0.009087,0.394510,0.016631,0.918696,-216.171600,92.237183,84.006096
49,0.408333,-0.009199,0.394593,0.016840,0.918656,-216.177658,92.235138,84.008904
50,0.416667,-0.009255,0.394632,0.017280,0.918630,-216.182678,92.233452,84.010880
51,0.425000,-0.009462,0.394708,0.017411,0.918593,-216.188721,92.233475,84.012024
52,0.433333,-0.009546,0.394717,0.017389,0.918589,-216.196487,92.233917,84.013222
53,0.441667,-0.009416,0.394744,0.017556,0.918575,-216.206833,92.236420,84.014000
54,0.450000,-0.009490,0.394944,0.017808,0.918484,-216.219742,92.239876,84.015038
55,0.458333,-0.009539,0.395094,0.017948,0.918416,-216.235016,92.240623,84.016479
56,0.466667,-0.009706,0.395182,0.018375,0.918368,-216.251251,92.240532,84.017654
57,0.475000,-0.009944,0.395166,0.018551,0.918369,-216.266937,92.242630,84.018494
58,0.483333,-0.010439,0.395123,0.019012,0.918372,-216.279953,92.242310,84.017029
59,0.491667,-0.010598,0.395205,0.019664,0.918321,-216.291306,92.240791,84.017334
60,0.500000,-0.010308,0.395192,0.019953,0.918324,-216.300552,92.239655,84.020737
61,0.508333,-0.010207,0.395194,0.020314,0.918316,-216.309021,92.236397,84.020195
62,0.516667,-0.010466,0.395358,0.020671,0.918235,-216.318298,92.233315,84.019836
63,0.525000,-0.010528,0.395379,0.020730,0.918224,-216.329147,92.231186,84.018593
64,0.533333,-0.010437,0.395344,0.020610,0.918243,-216.338486,92.229668,84.019890
65,0.541667,-0.011137,0.395214,0.021870,0.918261,-216.350296,92.237915,84.019363
66,0.550000,-0.011681,0.394804,0.022450,0.918417,-216.357544,92.244957,84.024483
67,0.558333,-0.012225,0.394533,0.022983,0.918513,-216.363770,92.251549,84.025887
68,0.566667,-0.012523,0.394557,0.023548,0.918484,-216.369583,92.253731,84.027466
69,0.575000,-0.012534,0.394664,0.023433,0.918441,-216.371338,92.253136,84.027290
70,0.583333,-0.012592,0.395086,0.023219,0.918264,-216.367630,92.252991,84.025230
71,0.591667,-0.012573,0.395372,0.022807,0.918152,-216.361542,92.253716,84.021278
72,0.600000,-0.013362,0.395463,0.021841,0.918125,-216.357513,92.264732,84.015137
73,0.608333,-0.014163,0.395511,0.020734,0.918118,-216.353363,92.278671,84.008965
74,0.616667,-0.011354,0.396766,0.024048,0.917535,-216.330215,92.240433,84.042786
75,0.625000,-0.010894,0.397011,0.024423,0.917424,-216.324188,92.238258,84.047783
76,0.633333,-0.010687,0.396937,0.024448,0.917458,-216.326004,92.238930,84.047783
77,0.641667,-0.010664,0.396861,0.024682,0.917485,-216.329147,92.236488,84.048668
78,0.650000,-0.010661,0.396875,0.024855,0.917474,-216.333084,92.234764,84.050079
79,0.658333,-0.010628,0.396854,0.025032,0.917479,-216.337082,92.232964,84.051552
80,0.666667,-0.010511,0.396941,0.025106,0.917440,-216.341217,92.230293,84.053757
81,0.675000,-0.010581,0.396854,0.024996,0.917480,-216.348404,92.229858,84.053596
82,0.683333,-0.010430,0.396817,0.024716,0.917506,-216.355057,92.231781,84.054115
83,0.691667,-0.010162,0.397208,0.025801,0.917310,-216.358139,92.223137,84.060707
84,0.700000,-0.009827,0.397934,0.027681,0.916944,-216.359070,92.207199,84.074852
85,0.708333,-0.009858,0.397870,0.027852,0.916966,-216.364197,92.205994,84.074799
86,0.716667,-0.009940,0.397772,0.028011,0.917003,-216.368454,92.202744,84.076103
87,0.725000,-0.010096,0.397660,0.028404,0.917038,-216.372604,92.202583,84.075027
88,0.733333,-0.009949,0.397635,0.028462,0.917048,-216.371674,92.200974,84.074326
89,0.741667,-0.009900,0.397618,0.028553,0.917053,-216.370468,92.201859,84.072723
90,0.750000,-0.009882,0.397693,0.028637,0.917018,-216.368134,92.203476,84.071236
91,0.758333,-0.009871,0.397784,0.028691,0.916977,-216.364639,92.203918,84.072128
92,0.766667,-0.009949,0.397774,0.028721,0.916980,-216.361450,92.204041,84.071785
93,0.775000,-0.010031,0.397808,0.028690,0.916965,-216.358261,92.203667,84.071793
94,0.783333,-0.009968,0.397856,0.028527,0.916950,-216.356323,92.203957,84.072533
95,0.791667,-0.010033,0.397888,0.028574,0.916934,-216.357040,92.205391,84.073059
96,0.800000,-0.010025,0.397848,0.028601,0.916951,-216.359619,92.205399,84.074837
97,0.808333,-0.009996,0.397808,0.028663,0.916967,-216.364380,92.206329,84.076744
98,0.816667,-0.009886,0.397765,0.028565,0.916989,-216.369293,92.206337,84.078392
99,0.825000,-0.009972,0.397747,0.028707,0.916992,-216.375473,92.207619,84.077385
100,0.833333,-0.009877,0.397682,0.028674,0.917022,-216.378784,92.206726,84.078743
101,0.841667,-0.009696,0.397602,0.028535,0.917063,-216.380234,92.205063,84.078423
102,0.850000,-0.009735,0.397629,0.028574,0.917049,-216.381882,92.204552,84.077194
103,0.858333,-0.009855,0.397680,0.028521,0.917028,-216.382858,92.205292,84.077034
104,0.866667,-0.009891,0.397664,0.028558,0.917033,-216.382004,92.205032,84.075912
105,0.875000,-0.010030,0.397631,0.028487,0.917048,-216.380478,92.204659,84.074249
106,0.883333,-0.010127,0.397639,0.028540,0.917042,-216.378204,92.204262,84.074402
107,0.891667,-0.010030,0.397657,0.028636,0.917032,-216.373947,92.203247,84.073143
108,0.900000,-0.010192,0.397688,0.028695,0.917015,-216.369293,92.202278,84.071915
109,0.908333,-0.010329,0.397695,0.028536,0.917016,-216.364700,92.202415,84.070930
110,0.916667,-0.010859,0.397701,0.028595,0.917005,-216.360397,92.200729,84.069595
111,0.925000,-0.011731,0.397649,0.028290,0.917026,-216.356827,92.198601,84.068909
112,0.933333,-0.012979,0.397501,0.027914,0.917085,-216.353745,92.191910,84.068207
113,0.941667,-0.013695,0.397489,0.027823,0.917083,-216.353271,92.189178,84.068748
114,0.950000,-0.013906,0.397267,0.027595,0.917183,-216.353256,92.187660,84.071533
115,0.958333,-0.013272,0.397181,0.027624,0.917229,-216.356110,92.190872,84.073418
116,0.966667,-0.013150,0.397149,0.027632,0.917244,-216.360733,92.192383,84.074165
117,0.975000,-0.013053,0.397122,0.027800,0.917252,-216.366028,92.192574,84.074661
118,0.983333,-0.013006,0.397128,0.027767,0.917251,-216.370972,92.191696,84.075554
119,0.991667,-0.013191,0.397112,0.027682,0.917258,-216.374634,92.189697,84.075813
120,1.000000,-0.013213,0.397158,0.027705,0.917237,-216.376877,92.189835,84.074852
121,1.008333,-0.013098,0.397134,0.027742,0.917248,-216.375916,92.189003,84.074425
122,1.016667,-0.013105,0.397125,0.027796,0.917250,-216.373734,92.189629,84.072289
123,1.025000,-0.012941,0.397143,0.027745,0.917246,-216.371399,92.190674,84.072708
124,1.033333,-0.013103,0.397108,0.027785,0.917258,-216.368576,92.189674,84.072243
125,1.041667,-0.013339,0.397150,0.027882,0.917233,-216.367752,92.189827,84.071777
126,1.050000,-0.013429,0.397210,0.027849,0.917207,-216.366577,92.189774,84.071754
127,1.058333,-0.013589,0.397174,0.027813,0.917221,-216.364578,92.188950,84.070862
128,1.066667,-0.013574,0.397182,0.028005,0.917212,-216.363113,92.189606,84.069771
129,1.075000,-0.013478,0.397143,0.027965,0.917231,-216.360397,92.189339,84.070465
130,1.083333,-0.013376,0.397144,0.027993,0.917232,-216.358047,92.188850,84.070709
131,1.091667,-0.013381,0.397184,0.027815,0.917220,-216.357758,92.189301,84.070381
132,1.100000,-0.013425,0.397192,0.027666,0.917220,-216.359360,92.189064,84.071648
133,1.108333,-0.013286,0.397224,0.027712,0.917207,-216.362671,92.189529,84.072250
134,1.116667,-0.013327,0.397196,0.027656,0.917220,-216.367203,92.190155,84.073692
135,1.125000,-0.013202,0.397154,0.027819,0.917235,-216.372299,92.192024,84.075127
136,1.133333,-0.013269,0.397113,0.027933,0.917248,-216.376236,92.192131,84.074913
137,1.141667,-0.013200,0.397069,0.027959,0.917268,-216.379715,92.192184,84.075844
138,1.150000,-0.013121,0.397044,0.027998,0.917279,-216.381866,92.192001,84.075310
139,1.158333,-0.013121,0.397022,0.028026,0.917288,-216.382431,92.191628,84.074768
140,1.166667,-0.013099,0.397019,0.027999,0.917290,-216.381454,92.191490,84.074318
141,1.175000,-0.013166,0.397025,0.027913,0.917289,-216.378479,92.189789,84.073189
142,1.183333,-0.013223,0.397121,0.027996,0.917244,-216.375092,92.190651,84.072296
143,1.191667,-0.013373,0.397142,0.028013,0.917232,-216.370300,92.190201,84.071251
144,1.200000,-0.013328,0.397137,0.027973,0.917236,-216.366364,92.189941,84.071297
145,1.208333,-0.013282,0.397181,0.027996,0.917217,-216.363235,92.190536,84.070755
146,1.216667,-0.013167,0.397152,0.027843,0.917236,-216.360428,92.190132,84.070496
147,1.225000,-0.013434,0.397169,0.027829,0.917225,-216.360291,92.189987,84.069878
148,1.233333,-0.013280,0.397207,0.027810,0.917212,-216.360550,92.189110,84.070290
149,1.241667,-0.013374,0.397202,0.027775,0.917213,-216.361923,92.189819,84.070099
150,1.250000,-0.013318,0.397208,0.027814,0.917210,-216.363831,92.189629,84.071045
151,1.258333,-0.013290,0.397175,0.027852,0.917224,-216.365891,92.189560,84.072517
152,1.266667,-0.013424,0.397124,0.027779,0.917246,-216.368912,92.189606,84.073952
153,1.275000,-0.013434,0.397139,0.027875,0.917237,-216.372635,92.190872,84.074272
154,1.283333,-0.013256,0.397137,0.027863,0.917240,-216.375381,92.191544,84.074760
155,1.291667,-0.013281,0.397102,0.027919,0.917254,-216.377716,92.191246,84.074417
156,1.300000,-0.013418,0.397045,0.027873,0.917278,-216.380280,92.191895,84.073624
157,1.308333,-0.013199,0.397031,0.028076,0.917281,-216.380936,92.191139,84.074463
158,1.316667,-0.013106,0.397023,0.028141,0.917283,-216.380951,92.193169,84.074005
159,1.325000,-0.013291,0.397034,0.028136,0.917276,-216.378326,92.191856,84.073463
160,1.333333,-0.013323,0.397020,0.028031,0.917285,-216.374619,92.190445,84.072823
161,1.341667,-0.013365,0.397094,0.027938,0.917255,-216.371780,92.189667,84.072823
162,1.350000,-0.013400,0.397145,0.028014,0.917230,-216.367386,92.188835,84.071594
163,1.358333,-0.013393,0.397175,0.027888,0.917221,-216.364670,92.190018,84.070808
164,1.366667,-0.013401,0.397170,0.027679,0.917230,-216.361115,92.188492,84.070869
165,1.375000,-0.013367,0.397147,0.027774,0.917237,-216.359879,92.189262,84.070236
166,1.383333,-0.013317,0.397181,0.027720,0.917225,-216.360062,92.189484,84.070686
167,1.391667,-0.013396,0.397220,0.027910,0.917201,-216.362091,92.190910,84.071335
168,1.400000,-0.013454,0.397149,0.027911,0.917231,-216.364594,92.191162,84.071938
169,1.408333,-0.013326,0.397162,0.027831,0.917230,-216.366882,92.190109,84.073830
170,1.416667,-0.013236,0.397185,0.027890,0.917219,-216.370300,92.191521,84.073792
171,1.425000,-0.013255,0.397168,0.027925,0.917225,-216.373398,92.192986,84.073807
172,1.433333,-0.013166,0.397088,0.027883,0.917262,-216.375519,92.192551,84.074577
173,1.441667,-0.013305,0.397071,0.027977,0.917265,-216.378067,92.192909,84.074203
174,1.450000,-0.013356,0.397052,0.028068,0.917270,-216.379517,92.193199,84.074524
175,1.458333,-0.013271,0.397038,0.028055,0.917278,-216.379974,92.192886,84.074799
176,1.466667,-0.013277,0.397067,0.028156,0.917262,-216.379303,92.192795,84.074471
177,1.475000,-0.013203,0.397037,0.028120,0.917277,-216.377350,92.191521,84.073898
178,1.483333,-0.013360,0.397065,0.027947,0.917268,-216.374939,92.190117,84.073227
179,1.491667,-0.013210,0.397122,0.027978,0.917244,-216.373871,92.191467,84.072723
180,1.500000,-0.013277,0.397131,0.027975,0.917239,-216.372421,92.191093,84.072479
181,1.508333,-0.013303,0.397128,0.027983,0.917240,-216.369675,92.190880,84.071800
182,1.516667,-0.013325,0.397133,0.027987,0.917238,-216.367645,92.190651,84.070763
183,1.525000,-0.013370,0.397169,0.028041,0.917220,-216.366608,92.190628,84.070786
184,1.533333,-0.013250,0.397198,0.028018,0.917209,-216.366074,92.190704,84.072227
185,1.541667,-0.013291,0.397192,0.028031,0.917211,-216.366989,92.191292,84.072212
186,1.550000,-0.013242,0.397225,0.028082,0.917196,-216.368744,92.192390,84.072273
187,1.558333,-0.013255,0.397202,0.027966,0.917209,-216.371414,92.192162,84.072144
188,1.566667,-0.013100,0.397140,0.028007,0.917237,-216.376526,92.193291,84.072296
189,1.575000,-0.013030,0.397105,0.028233,0.917246,-216.380234,92.193451,84.073380
190,1.583333,-0.013109,0.397026,0.028383,0.917275,-216.382812,92.194870,84.073845
191,1.591667,-0.012953,0.396978,0.028515,0.917294,-216.384201,92.195412,84.074364
192,1.600000,-0.013034,0.396948,0.028413,0.917309,-216.384293,92.194511,84.075790
193,1.608333,-0.013116,0.396960,0.028463,0.917301,-216.384583,92.194901,84.074295
194,1.616667,-0.013093,0.396965,0.028395,0.917301,-216.383224,92.193336,84.074654
195,1.625000,-0.013074,0.397022,0.028249,0.917281,-216.381378,92.192184,84.074455
196,1.633333,-0.012943,0.397096,0.028462,0.917244,-216.379669,92.194023,84.072937
197,1.641667,-0.013087,0.397037,0.028335,0.917272,-216.376358,92.192467,84.072182
198,1.650000,-0.013228,0.397129,0.028254,0.917232,-216.372986,92.190918,84.072784
199,1.658333,-0.013379,0.397132,0.028067,0.917235,-216.370468,92.190163,84.071716
200,1.666667,-0.013415,0.397211,0.028034,0.917201,-216.368790,92.189369,84.071144
201,1.675000,-0.013453,0.397176,0.027840,0.917221,-216.367416,92.187363,84.070824
202,1.683333,-0.013465,0.397213,0.027973,0.917201,-216.368820,92.190201,84.070641
203,1.691667,-0.013185,0.397159,0.028120,0.917224,-216.368515,92.191849,84.071617
204,1.700000,-0.013359,0.397160,0.028088,0.917222,-216.369324,92.191376,84.071899
205,1.708333,-0.013154,0.397120,0.028053,0.917243,-216.371964,92.192886,84.072723
206,1.716667,-0.012890,0.397302,0.028234,0.917163,-216.378265,92.195076,84.071274
207,1.725000,-0.013123,0.397331,0.028321,0.917145,-216.382095,92.193100,84.071472
208,1.733333,-0.013367,0.397277,0.028363,0.917163,-216.385818,92.192993,84.071976
209,1.741667,-0.013166,0.397203,0.028328,0.917199,-216.388031,92.193726,84.072487
210,1.750000,-0.013039,0.397187,0.028337,0.917207,-216.388580,92.192688,84.073097
211,1.758333,-0.012924,0.397237,0.028334,0.917188,-216.388672,92.192871,84.073212
212,1.766667,-0.012914,0.397270,0.028387,0.917172,-216.387772,92.193443,84.072807
213,1.775000,-0.013072,0.397246,0.028379,0.917180,-216.385132,92.191734,84.072334
214,1.783333,-0.012948,0.397247,0.028186,0.917187,-216.381668,92.191299,84.071854
215,1.791667,-0.013140,0.397301,0.028166,0.917162,-216.379761,92.191078,84.071526
216,1.800000,-0.012954,0.397342,0.028154,0.917147,-216.377380,92.191406,84.071442
217,1.808333,-0.013061,0.397393,0.028088,0.917126,-216.375137,92.190865,84.070351
218,1.816667,-0.013240,0.397387,0.027969,0.917129,-216.373581,92.189827,84.070282
219,1.825000,-0.013187,0.397347,0.028079,0.917144,-216.372726,92.191109,84.069672
220,1.833333,-0.013552,0.397253,0.028079,0.917179,-216.369919,92.190186,84.070412
221,1.841667,-0.013285,0.397137,0.028028,0.917235,-216.369202,92.191162,84.071228
222,1.850000,-0.013012,0.397115,0.028091,0.917246,-216.370743,92.192001,84.072357
223,1.858333,-0.012997,0.397106,0.028126,0.917250,-216.372849,92.192245,84.072151
224,1.866667,-0.013153,0.397093,0.028176,0.917252,-216.375687,92.192703,84.072586
225,1.875000,-0.013256,0.397014,0.028152,0.917285,-216.378693,92.192993,84.072746
226,1.883333,-0.013266,0.397041,0.028300,0.917268,-216.381454,92.192749,84.073586
227,1.891667,-0.013196,0.397010,0.028249,0.917285,-216.383011,92.192589,84.073631
228,1.900000,-0.013133,0.397047,0.028264,0.917269,-216.385223,92.193832,84.074249
229,1.908333,-0.013130,0.396993,0.028264,0.917292,-216.384537,92.192444,84.073532
230,1.916667,-0.013094,0.397052,0.028274,0.917267,-216.384125,92.193222,84.073700
231,1.925000,-0.013147,0.397082,0.028338,0.917252,-216.381500,92.192146,84.073906
232,1.933333,-0.013104,0.397093,0.028312,0.917248,-216.378433,92.192146,84.073456
233,1.941667,-0.012996,0.397095,0.028159,0.917253,-216.375656,92.191895,84.073135
234,1.950000,-0.013132,0.397163,0.028081,0.917225,-216.372818,92.191574,84.072540
235,1.958333,-0.013250,0.397175,0.027942,0.917222,-216.370514,92.191261,84.071907
236,1.966667,-0.013363,0.397157,0.027849,0.917231,-216.369324,92.188797,84.072350
237,1.975000,-0.013437,0.397193,0.027933,0.917211,-216.369049,92.189232,84.070740
238,1.983333,-0.013309,0.397210,0.027824,0.917209,-216.369659,92.189354,84.071381
239,1.991667,-0.013275,0.397203,0.028040,0.917206,-216.371536,92.191422,84.071075
240,2.000000,-0.013217,0.397160,0.027978,0.917228,-216.373184,92.191109,84.072151
241,2.008333,-0.013215,0.397110,0.028151,0.917244,-216.375427,92.191528,84.071411
242,2.016667,-0.013327,0.397072,0.028069,0.917261,-216.377213,92.190742,84.072533
243,2.025000,-0.013167,0.397060,0.028147,0.917266,-216.379333,92.191620,84.072380
244,2.033333,-0.013078,0.397050,0.028079,0.917274,-216.381119,92.191338,84.073868
245,2.041667,-0.012917,0.397060,0.028184,0.917269,-216.383286,92.192505,84.073616
246,2.050000,-0.012852,0.397046,0.028278,0.917273,-216.384430,92.193748,84.074249
247,2.058333,-0.013112,0.397051,0.028476,0.917261,-216.384537,92.194405,84.074493
248,2.066667,-0.013318,0.396963,0.028451,0.917297,-216.383026,92.192764,84.075027
249,2.075000,-0.013111,0.396965,0.028422,0.917300,-216.380737,92.192368,84.074936
250,2.083333,-0.013205,0.397038,0.028367,0.917269,-216.378265,92.191299,84.074387
251,2.091667,-0.013325,0.397045,0.028296,0.917266,-216.375946,92.191254,84.073227
252,2.100000,-0.013153,0.397115,0.028199,0.917241,-216.373734,92.191895,84.073257
253,2.108333,-0.013149,0.397175,0.028006,0.917221,-216.371063,92.190208,84.072716
254,2.116667,-0.013212,0.397186,0.027929,0.917218,-216.369980,92.190262,84.072418
255,2.125000,-0.013318,0.397176,0.027857,0.917223,-216.369324,92.189629,84.071091
256,2.133333,-0.013402,0.397177,0.027892,0.917220,-216.369370,92.189720,84.071259
257,2.141667,-0.013319,0.397178,0.027964,0.917219,-216.370773,92.190994,84.071053
258,2.150000,-0.013217,0.397142,0.028023,0.917234,-216.372467,92.192085,84.071091
259,2.158333,-0.013077,0.397092,0.027999,0.917259,-216.374634,92.191818,84.071426
260,2.166667,-0.013092,0.397052,0.028086,0.917273,-216.377777,92.192497,84.071564
261,2.175000,-0.013212,0.397088,0.028271,0.917250,-216.380569,92.192314,84.072800
262,2.183333,-0.013002,0.397052,0.028265,0.917268,-216.382294,92.193329,84.073540
263,2.191667,-0.013074,0.397052,0.028262,0.917268,-216.383820,92.194176,84.073517
264,2.200000,-0.012988,0.397027,0.028268,0.917280,-216.383499,92.193794,84.074226
265,2.208333,-0.013064,0.396987,0.028442,0.917291,-216.382950,92.193703,84.074295
266,2.216667,-0.012953,0.396994,0.028353,0.917292,-216.382019,92.192993,84.074799
267,2.225000,-0.013025,0.397046,0.028405,0.917267,-216.380600,92.192680,84.074570
268,2.233333,-0.013093,0.397027,0.028125,0.917283,-216.378403,92.191673,84.073776
269,2.241667,-0.012915,0.397148,0.028185,0.917231,-216.376419,92.191338,84.073082
270,2.250000,-0.012956,0.397207,0.028101,0.917207,-216.374069,92.190407,84.073273
271,2.258333,-0.013149,0.397184,0.028072,0.917215,-216.372391,92.190079,84.071709
272,2.266667,-0.013362,0.397176,0.027996,0.917218,-216.370361,92.189583,84.071579
273,2.275000,-0.013407,0.397181,0.027927,0.917217,-216.369080,92.189636,84.071365
274,2.283333,-0.013553,0.397197,0.027968,0.917207,-216.368958,92.190308,84.070274
275,2.291667,-0.013498,0.397171,0.027980,0.917219,-216.369965,92.190506,84.071022
276,2.300000,-0.013492,0.397171,0.027942,0.917220,-216.371735,92.191216,84.071564
277,2.308333,-0.013114,0.397164,0.028027,0.917226,-216.374130,92.191734,84.071396
278,2.316667,-0.013152,0.397130,0.028140,0.917236,-216.376999,92.192856,84.071335
279,2.325000,-0.013033,0.397100,0.028310,0.917246,-216.379135,92.194160,84.072258
280,2.333333,-0.013081,0.396998,0.028250,0.917291,-216.380936,92.193291,84.073486
281,2.341667,-0.013170,0.397017,0.028299,0.917280,-216.382141,92.193329,84.073738
282,2.350000,-0.013020,0.396992,0.028342,0.917292,-216.383179,92.193642,84.074120
283,2.358333,-0.013169,0.396991,0.028259,0.917293,-216.382462,92.191574,84.074562
284,2.366667,-0.013144,0.397020,0.028271,0.917280,-216.381119,92.192154,84.074249
285,2.375000,-0.013034,0.397051,0.028200,0.917270,-216.379333,92.192421,84.074059
286,2.383333,-0.013132,0.397090,0.028308,0.917249,-216.376953,92.192314,84.073074
287,2.391667,-0.013085,0.397101,0.028152,0.917250,-216.374802,92.191628,84.073708
288,2.400000,-0.013124,0.397132,0.028170,0.917235,-216.373260,92.191154,84.072266
289,2.408333,-0.013220,0.397145,0.028093,0.917230,-216.371246,92.190331,84.071884
290,2.416667,-0.013315,0.397180,0.028160,0.917212,-216.370636,92.190483,84.071960
291,2.425000,-0.013370,0.397169,0.028043,0.917220,-216.369492,92.189697,84.071526
292,2.433333,-0.013224,0.397218,0.028059,0.917200,-216.369812,92.189949,84.071083
293,2.441667,-0.013150,0.397193,0.028078,0.917211,-216.371323,92.191605,84.070099
294,2.450000,-0.012991,0.397144,0.027910,0.917240,-216.372269,92.190079,84.072136
295,2.458333,-0.013123,0.397146,0.027951,0.917236,-216.374619,92.190613,84.073128
296,2.466667,-0.013061,0.397114,0.028019,0.917248,-216.376953,92.191254,84.073303
297,2.475000,-0.013095,0.397112,0.028111,0.917246,-216.378738,92.190758,84.072968
298,2.483333,-0.012961,0.397099,0.028250,0.917249,-216.380356,92.191887,84.071739
299,2.491667,-0.013056,0.397096,0.028252,0.917249,-216.380737,92.192627,84.070297
300,2.500000,-0.013168,0.397105,0.028048,0.917250,-216.379471,92.191589,84.073112
301,2.508333,-0.013015,0.397204,0.027857,0.917215,-216.377090,92.189392,84.078323
302,2.516667,-0.012961,0.397384,0.027909,0.917136,-216.374634,92.188477,84.083992
303,2.525000,-0.012728,0.397511,0.027794,0.917088,-216.371536,92.188324,84.093269
304,2.533333,-0.012571,0.397660,0.027738,0.917027,-216.366318,92.187149,84.103798
305,2.541667,-0.012037,0.397687,0.027545,0.917029,-216.362137,92.189392,84.115829
306,2.550000,-0.011686,0.397774,0.027396,0.917000,-216.356628,92.189354,84.130417
307,2.558333,-0.010994,0.397955,0.027436,0.916929,-216.353989,92.190529,84.150085
308,2.566667,-0.010011,0.397862,0.027709,0.916972,-216.349503,92.191711,84.169106
309,2.575000,-0.009421,0.397805,0.027902,0.916997,-216.348145,92.193832,84.189499
310,2.583333,-0.008886,0.397822,0.028445,0.916978,-216.342194,92.191147,84.211243
311,2.591667,-0.007397,0.397809,0.027752,0.917019,-216.336319,92.182503,84.239525
312,2.600000,-0.006235,0.398040,0.027113,0.916946,-216.336105,92.176529,84.260155
313,2.608333,-0.005294,0.397957,0.026739,0.916999,-216.333420,92.173134,84.281006
314,2.616667,-0.004356,0.397806,0.026518,0.917076,-216.326187,92.170540,84.303772
315,2.625000,-0.003666,0.397671,0.026247,0.917145,-216.315811,92.170044,84.330147
316,2.633333,-0.002718,0.397782,0.026237,0.917101,-216.301208,92.170151,84.356354
317,2.641667,-0.002298,0.397862,0.026339,0.917064,-216.282104,92.169228,84.378525
318,2.650000,-0.001706,0.397942,0.026231,0.917034,-216.267059,92.170563,84.394852
319,2.658333,-0.001212,0.397980,0.025986,0.917025,-216.253784,92.170540,84.406921
320,2.666667,-0.001277,0.398046,0.026219,0.916990,-216.245148,92.172226,84.415787
321,2.675000,-0.001551,0.397999,0.026173,0.917011,-216.240005,92.171486,84.422997
322,2.683333,-0.001700,0.397935,0.026456,0.917031,-216.239243,92.173149,84.428780
323,2.691667,-0.001519,0.397702,0.027030,0.917115,-216.250229,92.165375,84.432915
324,2.700000,-0.001662,0.397384,0.027206,0.917248,-216.252319,92.166321,84.438690
325,2.708333,-0.001471,0.397584,0.027008,0.917167,-216.248734,92.166161,84.439041
326,2.716667,-0.001047,0.397830,0.026898,0.917064,-216.246552,92.166107,84.440002
327,2.725000,-0.000835,0.397915,0.026771,0.917031,-216.243408,92.164024,84.447845
328,2.733333,-0.000628,0.397528,0.027606,0.917175,-216.242310,92.168091,84.467079
329,2.741667,-0.000674,0.397290,0.028213,0.917259,-216.240021,92.169968,84.482742
330,2.750000,-0.000579,0.397288,0.028145,0.917262,-216.228912,92.176277,84.493042
331,2.758333,-0.000534,0.397421,0.027809,0.917215,-216.224426,92.182945,84.503822
332,2.766667,-0.000544,0.397510,0.027740,0.917178,-216.224380,92.185059,84.510498
333,2.775000,-0.000576,0.397566,0.027938,0.917148,-216.228943,92.185913,84.511169
334,2.783333,-0.000712,0.397376,0.028174,0.917223,-216.237335,92.185440,84.508324
335,2.791667,-0.000857,0.397395,0.028455,0.917206,-216.249054,92.186348,84.498169
336,2.800000,-0.001188,0.397409,0.028516,0.917198,-216.260071,92.185997,84.482414
337,2.808333,-0.001751,0.397323,0.028333,0.917240,-216.271927,92.187218,84.459335
338,2.816667,-0.002492,0.397193,0.028127,0.917301,-216.284393,92.187744,84.432617
339,2.825000,-0.002743,0.397283,0.028034,0.917264,-216.300064,92.190353,84.401711
340,2.833333,-0.002720,0.397524,0.027603,0.917173,-216.313797,92.186287,84.370178
341,2.841667,-0.002923,0.397934,0.027342,0.917002,-216.327637,92.179169,84.347305
342,2.850000,-0.003261,0.397963,0.027813,0.916974,-216.338013,92.178612,84.357712
343,2.858333,-0.002771,0.397688,0.028435,0.917076,-216.345459,92.192680,84.395477
344,2.866667,-0.001260,0.397609,0.029223,0.917089,-216.344757,92.218712,84.431679
345,2.875000,-0.000973,0.397575,0.029639,0.917091,-216.339157,92.260902,84.446449
346,2.883333,0.001492,0.397477,0.032358,0.917040,-216.343231,92.330727,84.457985
347,2.891667,0.001751,0.397287,0.031819,0.917141,-216.320038,92.409279,84.469513
348,2.900000,0.001511,0.397045,0.031325,0.917263,-216.305725,92.477989,84.486336
349,2.908333,0.001083,0.396730,0.030956,0.917413,-216.302063,92.537346,84.504738
350,2.916667,0.000955,0.396585,0.030781,0.917482,-216.306000,92.584160,84.519691
351,2.925000,0.000761,0.396628,0.030251,0.917480,-216.311005,92.624374,84.528755
352,2.933333,0.000436,0.396710,0.029263,0.917477,-216.317749,92.663628,84.530739
353,2.941667,-0.000295,0.396975,0.028285,0.917393,-216.322845,92.701477,84.529182
354,2.950000,-0.001297,0.397090,0.028538,0.917335,-216.336655,92.741165,84.534988
355,2.958333,-0.002254,0.397441,0.028368,0.917186,-216.329697,92.797394,84.544846
356,2.966667,-0.002762,0.397670,0.028235,0.917090,-216.319275,92.850510,84.555122
357,2.975000,-0.003167,0.397856,0.028485,0.917000,-216.311981,92.905174,84.566795
358,2.983333,-0.001247,0.398016,0.030345,0.916876,-216.309448,92.981918,84.579033
359,2.991667,-0.000506,0.397582,0.031207,0.917036,-216.298752,93.051605,84.585915
360,3.000000,-0.001990,0.397112,0.030580,0.917259,-216.287811,93.110931,84.591331
361,3.008333,-0.002455,0.396849,0.029469,0.917408,-216.278976,93.172958,84.588669
362,3.016667,-0.002871,0.397156,0.027871,0.917323,-216.276245,93.232582,84.585823
363,3.025000,-0.003718,0.397765,0.026701,0.917091,-216.278748,93.285690,84.582397
364,3.033333,-0.004421,0.398348,0.026224,0.916849,-216.286087,93.339775,84.577202
365,3.041667,-0.005826,0.398605,0.026292,0.916727,-216.291092,93.389496,84.573959
366,3.050000,-0.006487,0.398718,0.026535,0.916667,-216.292542,93.437073,84.574532
367,3.058333,-0.007153,0.398653,0.027919,0.916649,-216.295029,93.491104,84.579720
368,3.066667,-0.007145,0.398299,0.028300,0.916791,-216.294998,93.543900,84.584869
369,3.075000,-0.007267,0.397851,0.028053,0.916992,-216.295883,93.597122,84.587997
370,3.083333,-0.007592,0.397643,0.027302,0.917102,-216.296844,93.644112,84.591568
371,3.091667,-0.007385,0.397733,0.026410,0.917091,-216.294128,93.690323,84.597961
372,3.100000,-0.007460,0.398028,0.025641,0.916984,-216.293365,93.738220,84.604630
373,3.108333,-0.007970,0.398153,0.025508,0.916930,-216.294907,93.793076,84.611198
374,3.116667,-0.008378,0.398319,0.025361,0.916858,-216.294769,93.844803,84.613327
375,3.125000,-0.008714,0.398407,0.025373,0.916816,-216.292526,93.895576,84.612099
376,3.133333,-0.008785,0.398345,0.025317,0.916844,-216.288971,93.947502,84.612648
377,3.141667,-0.008617,0.398389,0.024978,0.916836,-216.284363,94.008804,84.613762
378,3.150000,-0.009878,0.398284,0.025404,0.916857,-216.282074,94.080887,84.612923
379,3.158333,-0.010733,0.398143,0.025600,0.916903,-216.273712,94.142319,84.612541
380,3.166667,-0.011546,0.398192,0.025420,0.916877,-216.266129,94.197189,84.610107
381,3.175000,-0.012089,0.398384,0.025335,0.916789,-216.261368,94.246445,84.602669
382,3.183333,-0.013013,0.398525,0.024731,0.916732,-216.259842,94.295715,84.591644
383,3.191667,-0.013991,0.398629,0.023972,0.916692,-216.262299,94.344727,84.580185
384,3.200000,-0.014731,0.398784,0.023234,0.916632,-216.266281,94.397652,84.571449
385,3.208333,-0.015123,0.398804,0.022483,0.916636,-216.267532,94.448891,84.563049
386,3.216667,-0.015175,0.398561,0.022935,0.916729,-216.281982,94.493896,84.560730
387,3.225000,-0.015214,0.398578,0.022888,0.916723,-216.276627,94.542496,84.555504
388,3.233333,-0.016905,0.398337,0.024058,0.916768,-216.273666,94.602333,84.556122
389,3.241667,-0.017538,0.397901,0.024501,0.916933,-216.266159,94.650749,84.563408
390,3.250000,-0.017579,0.397615,0.024841,0.917048,-216.263123,94.695076,84.567413
391,3.258333,-0.017629,0.397488,0.024854,0.917101,-216.265564,94.733528,84.566238
392,3.266667,-0.017685,0.397603,0.024712,0.917054,-216.268372,94.770081,84.559616
393,3.275000,-0.017767,0.397804,0.024056,0.916983,-216.267853,94.805756,84.553886
394,3.283333,-0.018491,0.397997,0.022989,0.916912,-216.264633,94.845512,84.545006
395,3.291667,-0.019479,0.398228,0.022195,0.916811,-216.260986,94.884933,84.531410
396,3.300000,-0.020407,0.398253,0.021516,0.916796,-216.255920,94.919083,84.523407
397,3.308333,-0.020710,0.398241,0.021957,0.916784,-216.260239,94.949295,84.521301
398,3.316667,-0.021078,0.398528,0.021891,0.916652,-216.247986,94.984001,84.513626
399,3.325000,-0.021563,0.398701,0.021464,0.916576,-216.237457,95.021133,84.505409
400,3.333333,-0.022237,0.398718,0.021085,0.916561,-216.233032,95.054474,84.501877
401,3.341667,-0.023546,0.398782,0.022532,0.916467,-216.234558,95.098457,84.502655
402,3.350000,-0.023928,0.398483,0.023054,0.916574,-216.231949,95.134605,84.507317
403,3.358333,-0.024276,0.398392,0.022974,0.916606,-216.232605,95.164421,84.510818
404,3.366667,-0.024252,0.398391,0.022582,0.916617,-216.233688,95.189819,84.513893
405,3.375000,-0.023836,0.398514,0.022240,0.916583,-216.233871,95.209862,84.516113
406,3.383333,-0.023577,0.398558,0.022298,0.916569,-216.234406,95.227257,84.517776
407,3.391667,-0.023150,0.398576,0.022260,0.916573,-216.232437,95.245155,84.521042
408,3.400000,-0.022992,0.398497,0.022365,0.916609,-216.231201,95.263550,84.526321
409,3.408333,-0.021147,0.398872,0.022564,0.916485,-216.233643,95.294350,84.534203
410,3.416667,-0.020615,0.398649,0.022363,0.916599,-216.228699,95.324860,84.533264
411,3.425000,-0.021086,0.398619,0.021761,0.916616,-216.222382,95.353050,84.526756
412,3.433333,-0.022028,0.398960,0.021148,0.916460,-216.217255,95.381111,84.521324
413,3.441667,-0.023054,0.399234,0.020333,0.916334,-216.214294,95.406982,84.516106
414,3.450000,-0.023822,0.399551,0.020029,0.916183,-216.212326,95.430923,84.511551
415,3.458333,-0.023926,0.399624,0.019900,0.916151,-216.209549,95.452179,84.509499
416,3.466667,-0.023976,0.399579,0.019928,0.916168,-216.206406,95.469536,84.507492
417,3.475000,-0.024081,0.399681,0.019885,0.916122,-216.203522,95.485565,84.505806
418,3.483333,-0.024002,0.399678,0.019847,0.916126,-216.199905,95.500954,84.504128
419,3.491667,-0.023867,0.399781,0.019906,0.916084,-216.196442,95.519897,84.501686
420,3.500000,-0.020037,0.400233,0.021015,0.915954,-216.198013,95.558784,84.504822
421,3.508333,-0.018447,0.399870,0.021214,0.916141,-216.189362,95.588470,84.505676
422,3.516667,-0.018172,0.399421,0.021234,0.916342,-216.178802,95.615097,84.502220
423,3.525000,-0.019475,0.399010,0.020801,0.916504,-216.168884,95.634666,84.505196
424,3.533333,-0.021475,0.398728,0.021728,0.916560,-216.166656,95.668694,84.505020
425,3.541667,-0.021068,0.398969,0.022529,0.916445,-216.168716,95.705292,84.503922
426,3.550000,-0.021650,0.399066,0.022895,0.916381,-216.165634,95.727661,84.507935
427,3.558333,-0.022098,0.399003,0.022867,0.916398,-216.160767,95.744194,84.510780
428,3.566667,-0.022590,0.399071,0.022655,0.916362,-216.159195,95.761406,84.511429
429,3.575000,-0.022550,0.399245,0.022323,0.916295,-216.157364,95.778297,84.509926
430,3.583333,-0.022672,0.399334,0.021856,0.916265,-216.154861,95.792267,84.506866
431,3.591667,-0.022580,0.399517,0.021368,0.916198,-216.153198,95.808121,84.503387
432,3.600000,-0.022743,0.399589,0.021080,0.916170,-216.153137,95.825500,84.500435
433,3.608333,-0.022917,0.399597,0.020851,0.916167,-216.153427,95.843079,84.496597
434,3.616667,-0.023059,0.399616,0.020915,0.916154,-216.151505,95.855156,84.493500
435,3.625000,-0.023976,0.399610,0.020870,0.916134,-216.145950,95.859283,84.490234
436,3.633333,-0.023696,0.400182,0.021191,0.915884,-216.142349,95.876465,84.488411
437,3.641667,-0.025017,0.400445,0.020674,0.915746,-216.128662,95.895485,84.478439
438,3.650000,-0.026439,0.400737,0.019857,0.915596,-216.109772,95.929596,84.465096
439,3.658333,-0.026280,0.401240,0.018348,0.915412,-216.081116,95.990112,84.441963
440,3.666667,-0.026676,0.401738,0.017199,0.915204,-216.054398,96.061310,84.425240
441,3.675000,-0.027884,0.402349,0.017169,0.914900,-216.026276,96.128235,84.416443
442,3.683333,-0.029913,0.402714,0.018159,0.914657,-216.000122,96.200142,84.409561
443,3.691667,-0.031857,0.402680,0.017903,0.914611,-215.969604,96.260620,84.404198
444,3.700000,-0.032982,0.402810,0.017666,0.914519,-215.948364,96.308456,84.398064
445,3.708333,-0.033664,0.402948,0.017409,0.914438,-215.938049,96.346161,84.392448
446,3.716667,-0.033796,0.403084,0.017131,0.914378,-215.940506,96.381607,84.387764
447,3.725000,-0.033872,0.403093,0.016405,0.914385,-215.955353,96.419281,84.377853
448,3.733333,-0.034175,0.403069,0.016108,0.914389,-215.972107,96.450706,84.366951
449,3.741667,-0.034314,0.402955,0.015687,0.914442,-215.981934,96.474304,84.359535
450,3.750000,-0.034192,0.402984,0.015458,0.914438,-215.984039,96.495590,84.351143
451,3.758333,-0.034214,0.403065,0.015252,0.914405,-215.981537,96.515305,84.344604
452,3.766667,-0.034528,0.403156,0.015105,0.914355,-215.979385,96.533882,84.337288
453,3.775000,-0.034843,0.403157,0.014923,0.914345,-215.979721,96.548668,84.332596
454,3.783333,-0.034781,0.403229,0.014796,0.914318,-215.982086,96.560638,84.329300
455,3.791667,-0.034650,0.403243,0.014361,0.914324,-215.987259,96.569046,84.322456
456,3.800000,-0.034748,0.403306,0.014423,0.914291,-215.993805,96.575256,84.318718
457,3.808333,-0.034749,0.403215,0.014311,0.914333,-215.995972,96.579155,84.317413
458,3.816667,-0.034871,0.403227,0.014240,0.914324,-215.996689,96.580742,84.317085
459,3.825000,-0.034834,0.403375,0.014281,0.914260,-215.994003,96.577194,84.319344
460,3.833333,-0.034450,0.403352,0.014401,0.914283,-215.991455,96.572899,84.325829
461,3.841667,-0.034313,0.403253,0.014541,0.914329,-215.989685,96.569458,84.331291
462,3.850000,-0.034504,0.403146,0.014601,0.914368,-215.988998,96.568039,84.332634
463,3.858333,-0.034512,0.403184,0.014699,0.914350,-215.989136,96.572395,84.332016
464,3.866667,-0.034636,0.403219,0.014535,0.914332,-215.986801,96.574654,84.330795
465,3.875000,-0.034832,0.403271,0.014483,0.914303,-215.984253,96.578049,84.330597
466,3.883333,-0.034635,0.403299,0.014387,0.914300,-215.980499,96.577194,84.331635
467,3.891667,-0.034598,0.403410,0.014503,0.914250,-215.978928,96.576233,84.332939
468,3.900000,-0.034876,0.403237,0.014469,0.914316,-215.978455,96.571609,84.334610
469,3.908333,-0.034791,0.403200,0.014612,0.914334,-215.981049,96.572617,84.331474
470,3.916667,-0.034726,0.403131,0.014627,0.914366,-215.986008,96.575714,84.327408
471,3.925000,-0.034756,0.403205,0.014541,0.914334,-215.988953,96.577621,84.322937
472,3.933333,-0.034840,0.403269,0.014409,0.914305,-215.990631,96.576965,84.319801
473,3.941667,-0.034858,0.403267,0.014360,0.914305,-215.991852,96.577507,84.318199
474,3.950000,-0.034721,0.403286,0.014372,0.914302,-215.992554,96.574348,84.319748
475,3.958333,-0.034637,0.403208,0.014340,0.914340,-215.993195,96.571411,84.322174
476,3.966667,-0.034324,0.403217,0.014515,0.914345,-215.994690,96.572723,84.321884
477,3.975000,-0.034497,0.403201,0.014338,0.914349,-215.994125,96.572914,84.321747
478,3.983333,-0.034726,0.403220,0.014383,0.914331,-215.993973,96.574814,84.323418
479,3.991667,-0.034889,0.403230,0.014311,0.914321,-215.991089,96.575348,84.325012
480,4.000000,-0.034978,0.403193,0.014258,0.914335,-215.988419,96.573715,84.329468
481,4.008333,-0.034520,0.403253,0.014543,0.914322,-215.985916,96.574127,84.332886
482,4.016667,-0.034540,0.403155,0.014673,0.914362,-215.983170,96.572861,84.335686
483,4.025000,-0.034583,0.403167,0.014773,0.914353,-215.982178,96.574188,84.336052
484,4.033333,-0.034869,0.403175,0.014598,0.914342,-215.981079,96.574448,84.333794
485,4.041667,-0.034728,0.403281,0.014490,0.914302,-215.981201,96.575760,84.331856
486,4.050000,-0.034568,0.403333,0.014285,0.914288,-215.981369,96.576256,84.329376
487,4.058333,-0.034641,0.403295,0.014253,0.914303,-215.982391,96.575226,84.327797
488,4.066667,-0.034771,0.403276,0.014365,0.914305,-215.984344,96.574791,84.326591
489,4.075000,-0.034722,0.403281,0.014460,0.914303,-215.986877,96.574051,84.324806
490,4.083333,-0.034665,0.403225,0.014435,0.914330,-215.990204,96.575218,84.322762
491,4.091667,-0.034520,0.403224,0.014311,0.914338,-215.993469,96.576080,84.320961
492,4.100000,-0.034565,0.403251,0.014364,0.914323,-215.995407,96.576508,84.318695
493,4.108333,-0.034634,0.403208,0.014417,0.914339,-215.995056,96.575844,84.319046
494,4.116667,-0.034756,0.403214,0.014478,0.914331,-215.994354,96.574951,84.321556
495,4.125000,-0.034610,0.403203,0.014472,0.914341,-215.992767,96.573898,84.323380
496,4.133333,-0.034463,0.403299,0.014650,0.914302,-215.991257,96.574242,84.325012
497,4.141667,-0.034429,0.403285,0.014559,0.914310,-215.989166,96.573723,84.327354
498,4.150000,-0.034664,0.403235,0.014504,0.914325,-215.987366,96.574081,84.329399
499,4.158333,-0.034772,0.403237,0.014538,0.914319,-215.985565,96.574966,84.330605
500,4.166667,-0.034529,0.403259,0.014405,0.914321,-215.984268,96.574661,84.332619
501,4.175000,-0.034399,0.403298,0.014392,0.914309,-215.982895,96.573082,84.333351
502,4.183333,-0.034624,0.403238,0.014526,0.914325,-215.982788,96.573639,84.334404
503,4.191667,-0.034627,0.403252,0.014576,0.914318,-215.982132,96.573555,84.332985
504,4.200000,-0.034590,0.403269,0.014454,0.914313,-215.983398,96.573997,84.330177
505,4.208333,-0.034662,0.403229,0.014445,0.914328,-215.984848,96.575768,84.328606
506,4.216667,-0.034550,0.403271,0.014381,0.914315,-215.985535,96.576111,84.325928
507,4.225000,-0.034622,0.403309,0.014332,0.914296,-215.987213,96.575966,84.323051
508,4.233333,-0.034623,0.403248,0.014430,0.914322,-215.988892,96.575752,84.322647
509,4.241667,-0.034559,0.403249,0.014366,0.914325,-215.990479,96.575401,84.321220
510,4.250000,-0.034540,0.403295,0.014294,0.914306,-215.992493,96.575363,84.319298
511,4.258333,-0.034593,0.403272,0.014260,0.914315,-215.993546,96.575066,84.319183
512,4.266667,-0.034538,0.403266,0.014214,0.914320,-215.994080,96.574936,84.318878
513,4.275000,-0.034630,0.403270,0.014321,0.914313,-215.993362,96.573563,84.320511
514,4.283333,-0.034555,0.403306,0.014274,0.914301,-215.991562,96.571640,84.323486
515,4.291667,-0.034625,0.403221,0.014451,0.914333,-215.989380,96.572441,84.326866
516,4.300000,-0.034657,0.403246,0.014481,0.914320,-215.986923,96.572510,84.329254
517,4.308333,-0.034727,0.403200,0.014514,0.914338,-215.984940,96.573395,84.331215
518,4.316667,-0.034811,0.403193,0.014410,0.914339,-215.983505,96.574524,84.332474
519,4.325000,-0.034774,0.403233,0.014533,0.914321,-215.982910,96.574242,84.333542
520,4.333333,-0.034844,0.403174,0.014324,0.914348,-215.982178,96.574402,84.333733
521,4.341667,-0.034798,0.403159,0.014503,0.914353,-215.982681,96.575287,84.333000
522,4.350000,-0.034806,0.403178,0.014575,0.914343,-215.982529,96.574913,84.331955
523,4.358333,-0.034741,0.403236,0.014452,0.914322,-215.984207,96.575294,84.329636
524,4.366667,-0.034489,0.403352,0.014389,0.914282,-215.986298,96.576134,84.326096
525,4.375000,-0.034497,0.403365,0.014376,0.914276,-215.988586,96.576622,84.323875
526,4.383333,-0.034711,0.403281,0.014213,0.914307,-215.989044,96.575737,84.320778
527,4.391667,-0.034855,0.403273,0.014319,0.914304,-215.989975,96.575500,84.319618
528,4.400000,-0.034796,0.403271,0.014405,0.914306,-215.990524,96.575752,84.320221
529,4.408333,-0.034634,0.403294,0.014362,0.914302,-215.990997,96.574844,84.319557
530,4.416667,-0.034681,0.403243,0.014300,0.914324,-215.993042,96.574875,84.320923
531,4.425000,-0.034851,0.403214,0.014387,0.914328,-215.993362,96.574852,84.322235
532,4.433333,-0.034718,0.403181,0.014526,0.914346,-215.991516,96.574333,84.325203
533,4.441667,-0.034788,0.403170,0.014634,0.914346,-215.988495,96.575043,84.327255
534,4.450000,-0.034722,0.403199,0.014478,0.914339,-215.985443,96.574493,84.329681
535,4.458333,-0.034613,0.403244,0.014334,0.914325,-215.983231,96.573204,84.331299
536,4.466667,-0.034663,0.403271,0.014427,0.914310,-215.982010,96.573982,84.333206
537,4.475000,-0.034791,0.403236,0.014322,0.914322,-215.981339,96.574219,84.333908
538,4.483333,-0.034731,0.403237,0.014411,0.914323,-215.981842,96.574585,84.334572
539,4.491667,-0.034707,0.403222,0.014501,0.914329,-215.982010,96.575638,84.332817
540,4.500000,-0.034641,0.403242,0.014408,0.914324,-215.982635,96.574333,84.331810
541,4.508333,-0.034588,0.403259,0.014452,0.914318,-215.984161,96.575462,84.330109
542,4.516667,-0.034608,0.403307,0.014373,0.914297,-215.986389,96.576942,84.327316
543,4.525000,-0.034579,0.403259,0.014280,0.914321,-215.988403,96.576477,84.325340
544,4.533333,-0.034743,0.403260,0.014219,0.914315,-215.991333,96.578308,84.323196
545,4.541667,-0.034993,0.403243,0.014203,0.914313,-215.993240,96.581146,84.322449
546,4.550000,-0.035030,0.403181,0.014172,0.914340,-215.994263,96.585068,84.323029
547,4.558333,-0.035095,0.403200,0.014086,0.914330,-215.994690,96.590706,84.323822
548,4.566667,-0.035293,0.403169,0.014144,0.914335,-215.995834,96.599129,84.327675
549,4.575000,-0.035376,0.403053,0.014227,0.914382,-215.994995,96.605690,84.333946
550,4.583333,-0.035542,0.403100,0.014298,0.914354,-215.992874,96.611176,84.340874
551,4.591667,-0.035715,0.403027,0.014371,0.914378,-215.989655,96.615883,84.350891
552,4.600000,-0.035920,0.403036,0.014304,0.914367,-215.986084,96.619453,84.364998
553,4.608333,-0.035944,0.403028,0.014588,0.914365,-215.981430,96.626137,84.377739
554,4.616667,-0.036256,0.402790,0.014720,0.914456,-215.977142,96.634743,84.393837
555,4.625000,-0.034853,0.402921,0.015206,0.914445,-215.975143,96.654045,84.414986
556,4.633333,-0.034612,0.402571,0.015577,0.914602,-215.970322,96.669426,84.435181
557,4.641667,-0.034724,0.402234,0.015589,0.914746,-215.965363,96.681885,84.453926
558,4.650000,-0.034500,0.402096,0.015645,0.914814,-215.960999,96.688896,84.472672
559,4.658333,-0.034424,0.401976,0.015570,0.914871,-215.958786,96.692886,84.491814
560,4.666667,-0.034541,0.402037,0.015637,0.914838,-215.961044,96.697083,84.509171
561,4.675000,-0.034791,0.402145,0.015529,0.914783,-215.964752,96.701660,84.523506
562,4.683333,-0.035521,0.402216,0.015340,0.914727,-215.969879,96.708580,84.537498
563,4.691667,-0.036297,0.402299,0.014988,0.914666,-215.972092,96.712265,84.549637
564,4.700000,-0.037056,0.402477,0.014732,0.914561,-215.973160,96.716545,84.566139
565,4.708333,-0.037397,0.402590,0.014198,0.914506,-215.973328,96.718033,84.591827
566,4.716667,-0.037466,0.402724,0.013827,0.914450,-215.973022,96.714905,84.619690
567,4.725000,-0.037408,0.402748,0.013564,0.914446,-215.973083,96.704910,84.649330
568,4.733333,-0.037044,0.402921,0.013456,0.914386,-215.972015,96.688805,84.683090
569,4.741667,-0.036543,0.402967,0.013564,0.914384,-215.966934,96.670494,84.721237
570,4.750000,-0.035935,0.402970,0.013959,0.914401,-215.959579,96.651962,84.761742
571,4.758333,-0.037345,0.403041,0.013816,0.914315,-215.950638,96.622429,84.808105
572,4.766667,-0.037745,0.403186,0.013869,0.914234,-215.945221,96.593628,84.854958
573,4.775000,-0.037625,0.402978,0.013937,0.914330,-215.942963,96.564308,84.903488
574,4.783333,-0.036831,0.403219,0.014782,0.914243,-215.940063,96.531502,84.957474
575,4.791667,-0.036543,0.403357,0.015862,0.914175,-215.936966,96.491913,85.017570
576,4.800000,-0.035696,0.402746,0.015675,0.914481,-215.930176,96.441605,85.095558
577,4.808333,-0.034343,0.402799,0.016073,0.914503,-215.928955,96.397049,85.167343
578,4.816667,-0.032502,0.402282,0.015804,0.914802,-215.931625,96.349266,85.235367
579,4.825000,-0.030672,0.402236,0.016856,0.914867,-215.929291,96.286217,85.302536
580,4.833333,-0.029309,0.402251,0.018561,0.914872,-215.926147,96.222374,85.374138
581,4.841667,-0.028378,0.401965,0.019505,0.915007,-215.923141,96.164314,85.446686
582,4.850000,-0.028024,0.401470,0.018350,0.915259,-215.916199,96.086693,85.529640
583,4.858333,-0.027388,0.402113,0.018219,0.914999,-215.910202,96.006943,85.610947
584,4.866667,-0.027689,0.402624,0.017898,0.914771,-215.911270,95.924980,85.692406
585,4.875000,-0.027692,0.402443,0.017678,0.914855,-215.914963,95.861900,85.764900
586,4.883333,-0.027063,0.402019,0.018989,0.915034,-215.911530,95.805786,85.851784
587,4.891667,-0.023895,0.402085,0.020899,0.915052,-215.907532,95.769913,85.936203
588,4.900000,-0.021314,0.401531,0.020640,0.915365,-215.893509,95.725647,86.014847
589,4.908333,-0.021882,0.401519,0.020475,0.915360,-215.882874,95.679474,86.086052
590,4.916667,-0.022329,0.401949,0.019949,0.915173,-215.876526,95.649010,86.152679
591,4.925000,-0.022706,0.402640,0.018690,0.914886,-215.874908,95.627899,86.221649
592,4.933333,-0.024207,0.402948,0.018013,0.914725,-215.875916,95.615013,86.286743
593,4.941667,-0.024935,0.402626,0.017773,0.914852,-215.876648,95.621292,86.353561
594,4.950000,-0.025707,0.402309,0.018046,0.914965,-215.875626,95.622200,86.419937
595,4.958333,-0.026287,0.401748,0.019075,0.915174,-215.874695,95.626053,86.496361
596,4.966667,-0.025473,0.402237,0.019881,0.914965,-215.876465,95.644035,86.574890
597,4.975000,-0.026120,0.402256,0.019250,0.914952,-215.873672,95.668312,86.645279
598,4.983333,-0.027319,0.401941,0.018077,0.915080,-215.869064,95.694008,86.706070
599,4.991667,-0.028463,0.401854,0.017362,0.915097,-215.864639,95.714630,86.764183
600,5.000000,-0.029947,0.402228,0.016665,0.914898,-215.860565,95.736679,86.824570
601,5.008333,-0.032419,0.402752,0.015747,0.914599,-215.858368,95.762024,86.888054
602,5.016667,-0.033980,0.403260,0.014967,0.914332,-215.859055,95.803200,86.957756
603,5.025000,-0.035147,0.403295,0.014347,0.914282,-215.855545,95.853165,87.030914
604,5.033333,-0.036507,0.402384,0.014615,0.914626,-215.848114,95.912209,87.101143
605,5.041667,-0.035496,0.402482,0.014627,0.914622,-215.844971,95.983597,87.173904
606,5.050000,-0.035887,0.402434,0.014267,0.914634,-215.835220,96.038704,87.239517
607,5.058333,-0.036836,0.402511,0.013065,0.914580,-215.828293,96.093025,87.304283
608,5.066667,-0.038152,0.402771,0.012551,0.914419,-215.820190,96.137405,87.360176
609,5.075000,-0.040068,0.403046,0.012541,0.914216,-215.813232,96.171280,87.410301
610,5.083333,-0.043509,0.403455,0.011380,0.913894,-215.807846,96.197578,87.469925
611,5.091667,-0.045425,0.403493,0.010847,0.913790,-215.803619,96.228004,87.531952
612,5.100000,-0.046673,0.403296,0.009962,0.913824,-215.805695,96.272682,87.600014
613,5.108333,-0.047898,0.402726,0.009890,0.914013,-215.806656,96.309685,87.656265
614,5.116667,-0.048877,0.402317,0.010101,0.914139,-215.807800,96.338066,87.705872
615,5.125000,-0.046909,0.402470,0.010749,0.914168,-215.815521,96.372215,87.759651
616,5.133333,-0.046439,0.402533,0.010604,0.914165,-215.816833,96.396812,87.814262
617,5.141667,-0.046497,0.402704,0.010470,0.914089,-215.815781,96.415237,87.868340
618,5.150000,-0.047131,0.402815,0.010427,0.914007,-215.809036,96.421379,87.917877
619,5.158333,-0.047798,0.402885,0.009794,0.913949,-215.799805,96.423607,87.972679
620,5.166667,-0.048138,0.402805,0.009146,0.913973,-215.794342,96.427277,88.024612
621,5.175000,-0.050564,0.402529,0.008479,0.913970,-215.790436,96.419456,88.073769
622,5.183333,-0.051745,0.402343,0.008228,0.913989,-215.788681,96.414940,88.115074
623,5.191667,-0.052470,0.402520,0.008036,0.913871,-215.789719,96.408974,88.166412
624,5.200000,-0.052598,0.402594,0.008220,0.913829,-215.788086,96.402512,88.229721
625,5.208333,-0.052507,0.402764,0.008272,0.913759,-215.785553,96.396393,88.288536
626,5.216667,-0.052545,0.402921,0.007780,0.913692,-215.783020,96.386681,88.340279
627,5.225000,-0.052826,0.402966,0.007594,0.913658,-215.780228,96.373627,88.388367
628,5.233333,-0.052966,0.402649,0.007937,0.913786,-215.776794,96.354591,88.435898
629,5.241667,-0.052865,0.402445,0.008674,0.913875,-215.775467,96.333405,88.482864
630,5.250000,-0.052261,0.402691,0.009779,0.913791,-215.773361,96.310089,88.526840
631,5.258333,-0.051550,0.402980,0.010601,0.913694,-215.764542,96.281830,88.568810
632,5.266667,-0.050863,0.403046,0.010882,0.913700,-215.755585,96.251854,88.614136
633,5.275000,-0.049346,0.402785,0.009908,0.913910,-215.748123,96.217094,88.663429
634,5.283333,-0.048068,0.402832,0.008768,0.913969,-215.748840,96.178848,88.708725
635,5.291667,-0.049081,0.402990,0.008126,0.913851,-215.753128,96.129608,88.758575
636,5.300000,-0.049643,0.403233,0.008142,0.913714,-215.761353,96.091614,88.798340
637,5.308333,-0.049991,0.403395,0.008912,0.913616,-215.767624,96.056458,88.847939
638,5.316667,-0.049769,0.403037,0.009699,0.913778,-215.770081,96.031227,88.906029
639,5.325000,-0.049314,0.402370,0.010120,0.914092,-215.765594,96.010406,88.957436
640,5.333333,-0.049226,0.401813,0.010631,0.914336,-215.760681,95.992554,89.002396
641,5.341667,-0.049068,0.401515,0.011201,0.914469,-215.753387,95.974564,89.046379
642,5.350000,-0.049098,0.401650,0.012142,0.914396,-215.744354,95.950012,89.093834
643,5.358333,-0.048308,0.402189,0.012940,0.914190,-215.739868,95.929375,89.147690
644,5.366667,-0.048009,0.402410,0.013581,0.914099,-215.734360,95.910973,89.194885
645,5.375000,-0.046610,0.402208,0.012591,0.914274,-215.725449,95.885445,89.241859
646,5.383333,-0.045811,0.402381,0.011391,0.914255,-215.723419,95.862923,89.284447
647,5.391667,-0.045278,0.402470,0.010030,0.914258,-215.726562,95.842705,89.330673
648,5.400000,-0.044816,0.402811,0.009342,0.914138,-215.729858,95.827934,89.373520
649,5.408333,-0.044759,0.403180,0.009186,0.913980,-215.731262,95.813194,89.415672
650,5.416667,-0.046704,0.403500,0.009330,0.913739,-215.726089,95.785728,89.460388
651,5.425000,-0.047451,0.403462,0.009267,0.913718,-215.718582,95.761665,89.506248
652,5.433333,-0.047888,0.402690,0.010003,0.914028,-215.717911,95.747940,89.557091
653,5.441667,-0.047871,0.402048,0.010614,0.914305,-215.715652,95.739906,89.601494
654,5.450000,-0.047775,0.401699,0.011405,0.914454,-215.712051,95.729393,89.644730
655,5.458333,-0.047775,0.401697,0.012150,0.914445,-215.705795,95.714134,89.692970
656,5.466667,-0.048275,0.401888,0.012489,0.914330,-215.698822,95.699127,89.741898
657,5.475000,-0.049082,0.402426,0.012673,0.914048,-215.691589,95.681435,89.792358
658,5.483333,-0.049689,0.402718,0.012673,0.913886,-215.689209,95.669685,89.833618
659,5.491667,-0.049422,0.402738,0.012296,0.913897,-215.686340,95.654366,89.873604
660,5.500000,-0.048208,0.402661,0.011778,0.914003,-215.687042,95.640808,89.922081
661,5.508333,-0.046259,0.402215,0.010627,0.914314,-215.683792,95.616493,89.970741
662,5.516667,-0.045220,0.402336,0.010204,0.914318,-215.686981,95.601402,90.008347
663,5.525000,-0.044744,0.402822,0.010207,0.914127,-215.685898,95.583084,90.046921
664,5.533333,-0.044776,0.403135,0.010179,0.913988,-215.681931,95.565506,90.089912
665,5.541667,-0.046831,0.403152,0.009382,0.913886,-215.677338,95.538788,90.137497
666,5.550000,-0.047452,0.403088,0.009238,0.913884,-215.676498,95.522102,90.182076
667,5.558333,-0.047845,0.402498,0.010207,0.914113,-215.679413,95.519753,90.228889
668,5.566667,-0.047869,0.402070,0.010957,0.914291,-215.676117,95.509727,90.274414
669,5.575000,-0.048092,0.401818,0.011305,0.914386,-215.671249,95.498238,90.321968
670,5.583333,-0.047978,0.401987,0.011764,0.914312,-215.667206,95.487457,90.374550
671,5.591667,-0.048343,0.402338,0.011809,0.914138,-215.664581,95.475410,90.420486
672,5.600000,-0.048743,0.402614,0.011834,0.913994,-215.666245,95.462982,90.461678
673,5.608333,-0.048864,0.402565,0.011673,0.914012,-215.668701,95.449181,90.498405
674,5.616667,-0.048568,0.402261,0.011632,0.914162,-215.668411,95.434097,90.537216
675,5.625000,-0.047838,0.401857,0.011896,0.914374,-215.663116,95.417824,90.581650
676,5.633333,-0.047572,0.401661,0.012368,0.914468,-215.659714,95.401733,90.626488
677,5.641667,-0.046947,0.401945,0.012813,0.914370,-215.658646,95.390282,90.670013
678,5.650000,-0.045733,0.402043,0.012082,0.914398,-215.654755,95.373116,90.716583
679,5.658333,-0.045082,0.402645,0.011263,0.914176,-215.653641,95.351639,90.764763
680,5.666667,-0.045979,0.403000,0.010078,0.913989,-215.655869,95.328957,90.806046
681,5.675000,-0.046971,0.402841,0.009463,0.914015,-215.659088,95.315971,90.845589
682,5.683333,-0.047705,0.402339,0.009566,0.914197,-215.660187,95.308914,90.890434
683,5.691667,-0.047711,0.401950,0.010060,0.914363,-215.653961,95.295692,90.942505
684,5.700000,-0.047709,0.401825,0.010709,0.914410,-215.645782,95.279457,90.993134
685,5.708333,-0.047639,0.401881,0.011371,0.914381,-215.640778,95.262924,91.038872
686,5.716667,-0.047698,0.402165,0.011650,0.914250,-215.639313,95.246849,91.073853
687,5.725000,-0.047444,0.402383,0.011392,0.914170,-215.640472,95.233376,91.108681
688,5.733333,-0.047236,0.402433,0.011012,0.914164,-215.638733,95.217209,91.149330
689,5.741667,-0.046942,0.402344,0.011041,0.914218,-215.637497,95.206993,91.191566
690,5.750000,-0.047645,0.401969,0.012920,0.914322,-215.639328,95.207413,91.240082
691,5.758333,-0.048372,0.401972,0.014616,0.914257,-215.641708,95.207504,91.279884
692,5.766667,-0.049828,0.401899,0.013967,0.914220,-215.651459,95.212418,91.316681
693,5.775000,-0.051248,0.401827,0.012132,0.914200,-215.656021,95.210449,91.342178
694,5.783333,-0.050844,0.401956,0.011323,0.914176,-215.658783,95.190910,91.377060
695,5.791667,-0.049707,0.401710,0.010813,0.914353,-215.658142,95.160164,91.419685
696,5.800000,-0.049156,0.401624,0.010016,0.914430,-215.654587,95.131874,91.462524
697,5.808333,-0.048348,0.401706,0.009604,0.914441,-215.646439,95.110718,91.507004
698,5.816667,-0.048205,0.401337,0.007452,0.914631,-215.646576,95.110214,91.556198
699,5.825000,-0.048423,0.400877,0.006375,0.914829,-215.642670,95.109032,91.590370
700,5.833333,-0.048677,0.401240,0.006390,0.914656,-215.630585,95.100311,91.624512
701,5.841667,-0.049031,0.401436,0.005862,0.914555,-215.624542,95.091927,91.659187
702,5.850000,-0.048810,0.401395,0.005245,0.914588,-215.625687,95.079323,91.699844
703,5.858333,-0.048674,0.401456,0.005210,0.914569,-215.631989,95.065201,91.742996
704,5.866667,-0.045697,0.401752,0.006310,0.914586,-215.644653,95.072220,91.791611
705,5.875000,-0.046408,0.401224,0.006607,0.914780,-215.645172,95.061523,91.836380
706,5.883333,-0.048292,0.400796,0.006345,0.914872,-215.643997,95.047775,91.868820
707,5.891667,-0.049910,0.400845,0.005984,0.914766,-215.645004,95.035240,91.903633
708,5.900000,-0.050693,0.400874,0.005445,0.914714,-215.643173,95.028130,91.936455
709,5.908333,-0.050835,0.401141,0.006302,0.914583,-215.665955,95.009163,91.983727
710,5.916667,-0.050851,0.401385,0.005480,0.914480,-215.654297,95.005341,92.012421
711,5.925000,-0.050069,0.401732,0.004974,0.914374,-215.637115,94.992081,92.052246
712,5.933333,-0.049593,0.401604,0.005465,0.914454,-215.634369,94.988708,92.103340
713,5.941667,-0.048954,0.402882,0.008828,0.913899,-215.616272,94.961098,92.173462
714,5.950000,-0.048288,0.402210,0.008497,0.914234,-215.609146,94.948097,92.223068
715,5.958333,-0.048178,0.401210,0.006247,0.914697,-215.611893,94.943604,92.254051
716,5.966667,-0.048401,0.401099,0.005536,0.914738,-215.610245,94.934097,92.291748
717,5.975000,-0.048410,0.401196,0.005233,0.914697,-215.608841,94.922279,92.329582
718,5.983333,-0.048452,0.401092,0.004930,0.914742,-215.609116,94.914093,92.366608
719,5.991667,-0.048483,0.400906,0.004518,0.914824,-215.610596,94.905579,92.400764
720,6.000000,-0.048908,0.400873,0.004036,0.914818,-215.611557,94.897476,92.438034
721,6.008333,-0.046527,0.401186,0.004437,0.914804,-215.614014,94.902252,92.484818
722,6.016667,-0.045604,0.400937,0.004755,0.914958,-215.610046,94.902023,92.525360
723,6.025000,-0.045339,0.400453,0.004791,0.915182,-215.607407,94.898407,92.560669
724,6.033333,-0.045185,0.400421,0.005242,0.915202,-215.604355,94.887688,92.601273
725,6.041667,-0.044966,0.400492,0.005598,0.915179,-215.605499,94.876984,92.640137
726,6.050000,-0.046814,0.400474,0.005508,0.915095,-215.604477,94.853516,92.682930
727,6.058333,-0.047995,0.400642,0.006045,0.914957,-215.606308,94.825073,92.717323
728,6.066667,-0.049134,0.401135,0.007080,0.914673,-215.614960,94.800117,92.754189
729,6.075000,-0.049129,0.401206,0.007997,0.914634,-215.619415,94.784225,92.799370
730,6.083333,-0.048293,0.400798,0.008517,0.914853,-215.619278,94.768028,92.854294
731,6.091667,-0.047843,0.400633,0.008982,0.914944,-215.614746,94.756958,92.899117
732,6.100000,-0.047661,0.400836,0.009425,0.914861,-215.609268,94.750381,92.935028
733,6.108333,-0.047780,0.400923,0.009201,0.914819,-215.606689,94.746376,92.970299
734,6.116667,-0.048565,0.400989,0.008678,0.914753,-215.605621,94.737228,93.001518
735,6.125000,-0.048314,0.400883,0.007234,0.914826,-215.606064,94.719307,93.039932
736,6.133333,-0.048151,0.400803,0.006016,0.914878,-215.607712,94.703300,93.077240
737,6.141667,-0.048000,0.400722,0.005568,0.914925,-215.609909,94.693024,93.111298
738,6.150000,-0.046784,0.400814,0.005824,0.914946,-215.614914,94.689568,93.156746
739,6.158333,-0.046211,0.400584,0.005570,0.915077,-215.611893,94.680359,93.201881
740,6.166667,-0.045384,0.400616,0.005702,0.915104,-215.604156,94.664291,93.247353
741,6.175000,-0.044794,0.400664,0.005734,0.915112,-215.602829,94.655678,93.283043
742,6.183333,-0.044208,0.402205,0.009661,0.914431,-215.592316,94.619667,93.341614
743,6.191667,-0.044844,0.401407,0.007827,0.914768,-215.603943,94.626167,93.363838
744,6.200000,-0.047389,0.401168,0.006216,0.914757,-215.608002,94.617584,93.399040
745,6.208333,-0.048410,0.401059,0.005238,0.914757,-215.610886,94.605408,93.437561
746,6.216667,-0.048285,0.401611,0.007704,0.914504,-215.609482,94.572525,93.481705
747,6.225000,-0.048184,0.401505,0.008431,0.914550,-215.615326,94.557739,93.521507
748,6.233333,-0.048142,0.401455,0.009081,0.914568,-215.619492,94.542656,93.565903
749,6.241667,-0.047691,0.401478,0.010315,0.914568,-215.619247,94.524368,93.612770
750,6.250000,-0.047115,0.401783,0.011672,0.914448,-215.615433,94.502472,93.660477
751,6.258333,-0.046409,0.402167,0.012524,0.914304,-215.612488,94.483360,93.703651
752,6.266667,-0.046546,0.402401,0.012498,0.914194,-215.616394,94.472061,93.737518
753,6.275000,-0.046488,0.402118,0.013109,0.914313,-215.631195,94.455299,93.777802
754,6.283333,-0.046528,0.401687,0.013431,0.914496,-215.631531,94.446747,93.820992
755,6.291667,-0.046539,0.401131,0.013295,0.914741,-215.618423,94.441559,93.860542
756,6.300000,-0.045645,0.401054,0.011457,0.914845,-215.598969,94.429016,93.897316
757,6.308333,-0.044915,0.401360,0.010759,0.914755,-215.589432,94.422768,93.936600
758,6.316667,-0.043931,0.401642,0.010562,0.914681,-215.583618,94.411583,93.981232
759,6.325000,-0.043523,0.401688,0.010886,0.914677,-215.582947,94.408890,94.017853
760,6.333333,-0.043451,0.401542,0.011069,0.914742,-215.583664,94.404785,94.049454
761,6.341667,-0.043124,0.401435,0.011037,0.914805,-215.585831,94.398605,94.082069
762,6.350000,-0.044126,0.401046,0.010732,0.914932,-215.590576,94.384300,94.121399
763,6.358333,-0.044931,0.400919,0.010627,0.914949,-215.597183,94.367928,94.159500
764,6.366667,-0.045311,0.400761,0.010504,0.915001,-215.603043,94.353851,94.191078
765,6.375000,-0.045510,0.400714,0.010568,0.915011,-215.606216,94.341026,94.223656
766,6.383333,-0.045579,0.400692,0.010744,0.915015,-215.603287,94.328621,94.262466
767,6.391667,-0.045626,0.400720,0.011040,0.914997,-215.595917,94.318764,94.306030
768,6.400000,-0.045562,0.400967,0.011310,0.914889,-215.588898,94.313263,94.347366
769,6.408333,-0.045511,0.401199,0.011650,0.914785,-215.583588,94.308815,94.382584
770,6.416667,-0.045439,0.401349,0.012072,0.914718,-215.578796,94.299713,94.416801
771,6.425000,-0.045481,0.401391,0.012071,0.914697,-215.578583,94.290367,94.450981
772,6.433333,-0.045263,0.401341,0.012064,0.914730,-215.581970,94.279549,94.487633
773,6.441667,-0.045249,0.401242,0.011836,0.914777,-215.589478,94.273407,94.521858
774,6.450000,-0.045421,0.401037,0.011601,0.914862,-215.595078,94.266571,94.554672
775,6.458333,-0.045500,0.400888,0.011605,0.914923,-215.595673,94.257812,94.592674
776,6.466667,-0.045088,0.400816,0.011966,0.914970,-215.590210,94.249710,94.635635
777,6.475000,-0.044016,0.400618,0.011490,0.915115,-215.581299,94.236389,94.678261
778,6.483333,-0.043299,0.400806,0.011080,0.915072,-215.577271,94.229340,94.711205
779,6.491667,-0.042886,0.400696,0.010568,0.915146,-215.576859,94.223900,94.741943
780,6.500000,-0.043044,0.400699,0.010595,0.915137,-215.575485,94.215652,94.773499
781,6.508333,-0.042743,0.400982,0.010586,0.915027,-215.574905,94.205429,94.808067
782,6.516667,-0.042578,0.401079,0.010740,0.914990,-215.572906,94.195099,94.844261
783,6.525000,-0.042298,0.401198,0.010791,0.914951,-215.570145,94.187752,94.879059
784,6.533333,-0.043039,0.401186,0.010410,0.914926,-215.565659,94.177765,94.916283
785,6.541667,-0.042993,0.401202,0.009904,0.914927,-215.558807,94.167419,94.958588
786,6.550000,-0.042976,0.401298,0.009708,0.914887,-215.550827,94.159721,94.998444
787,6.558333,-0.043046,0.401255,0.010157,0.914898,-215.555099,94.148201,95.035713
788,6.566667,-0.043282,0.401219,0.010283,0.914901,-215.556915,94.142105,95.069351
789,6.575000,-0.043330,0.401235,0.010496,0.914890,-215.561722,94.132690,95.104568
790,6.583333,-0.040274,0.401542,0.011256,0.914885,-215.568588,94.136086,95.145836
791,6.591667,-0.039271,0.401323,0.011431,0.915023,-215.565628,94.135506,95.179474
792,6.600000,-0.038963,0.401044,0.011487,0.915158,-215.559311,94.130554,95.211685
793,6.608333,-0.038822,0.401184,0.011884,0.915097,-215.542862,94.124931,95.245461
794,6.616667,-0.039085,0.401549,0.012128,0.914923,-215.529007,94.121384,95.291428
795,6.625000,-0.041217,0.401419,0.012650,0.914879,-215.517426,94.114456,95.336571
796,6.633333,-0.042682,0.401060,0.012988,0.914965,-215.504700,94.108360,95.368965
797,6.641667,-0.043637,0.400839,0.012944,0.915017,-215.500504,94.096169,95.396881
798,6.650000,-0.044899,0.400831,0.013358,0.914954,-215.510635,94.083893,95.424721
799,6.658333,-0.045862,0.400737,0.011794,0.914968,-215.535645,94.077179,95.439911
800,6.666667,-0.045901,0.400746,0.009799,0.914986,-215.548965,94.062668,95.449356
801,6.675000,-0.045932,0.400871,0.005947,0.914963,-215.561035,94.065796,95.474716
802,6.683333,-0.045456,0.400244,0.005959,0.915261,-215.560333,94.043587,95.495270
803,6.691667,-0.045019,0.399619,0.005361,0.915560,-215.556473,94.034668,95.521904
804,6.700000,-0.045006,0.398988,0.004248,0.915841,-215.552811,94.030945,95.547310
805,6.708333,-0.044862,0.398746,0.003482,0.915957,-215.552734,94.029060,95.569031
806,6.716667,-0.044733,0.398725,0.003380,0.915973,-215.553757,94.023415,95.589027
807,6.725000,-0.044745,0.398736,0.003539,0.915967,-215.556717,94.017395,95.609352
808,6.733333,-0.043906,0.400529,0.007270,0.915203,-215.544724,93.980209,95.658730
809,6.741667,-0.043709,0.399942,0.006048,0.915478,-215.554260,93.984299,95.671799
810,6.750000,-0.043967,0.399432,0.005414,0.915692,-215.560562,93.983345,95.682480
811,6.758333,-0.044091,0.399528,0.005604,0.915643,-215.562027,93.979057,95.695290
812,6.766667,-0.045051,0.399598,0.005609,0.915566,-215.561584,93.970825,95.708565
813,6.775000,-0.045388,0.399657,0.005782,0.915522,-215.562683,93.966934,95.719711
814,6.783333,-0.045641,0.399844,0.006148,0.915426,-215.563919,93.960983,95.729523
815,6.791667,-0.045743,0.399873,0.006532,0.915405,-215.565826,93.956062,95.737862
816,6.800000,-0.045890,0.399987,0.006722,0.915347,-215.568329,93.950890,95.747826
817,6.808333,-0.045972,0.400036,0.006841,0.915320,-215.570419,93.944977,95.755623
818,6.816667,-0.046164,0.399987,0.006874,0.915332,-215.572220,93.936150,95.761002
819,6.825000,-0.046560,0.400023,0.006715,0.915297,-215.572403,93.927460,95.766846
820,6.833333,-0.044314,0.400385,0.007369,0.915245,-215.575928,93.929688,95.781067
821,6.841667,-0.043317,0.400327,0.007711,0.915316,-215.573837,93.924286,95.791656
822,6.850000,-0.042629,0.400181,0.008062,0.915409,-215.570862,93.910103,95.801231
823,6.858333,-0.042299,0.400122,0.008409,0.915446,-215.568726,93.891861,95.808960
824,6.866667,-0.042290,0.400227,0.008482,0.915401,-215.567368,93.870285,95.816467
825,6.875000,-0.041811,0.400333,0.008836,0.915373,-215.564941,93.844864,95.823547
826,6.883333,-0.043434,0.400177,0.008414,0.915369,-215.561264,93.810532,95.832458
827,6.891667,-0.044740,0.400081,0.007932,0.915353,-215.561203,93.776169,95.831436
828,6.900000,-0.046299,0.400158,0.007107,0.915248,-215.564514,93.740189,95.828133
829,6.908333,-0.046220,0.399686,0.006048,0.915466,-215.565735,93.709923,95.832840
830,6.916667,-0.046049,0.399066,0.005886,0.915746,-215.564209,93.679916,95.840240
831,6.925000,-0.046112,0.397896,0.005546,0.916254,-215.561920,93.666054,95.850121
832,6.933333,-0.044444,0.397768,0.002627,0.916405,-215.546417,93.634552,95.858528
833,6.941667,-0.042498,0.399593,0.008342,0.915669,-215.528778,93.547234,95.878914
834,6.950000,-0.041182,0.399975,0.008750,0.915559,-215.533203,93.501312,95.885666
835,6.958333,-0.039794,0.400084,0.009047,0.915569,-215.544083,93.460449,95.890335
836,6.966667,-0.038999,0.400117,0.009381,0.915586,-215.552567,93.422844,95.893471
837,6.975000,-0.038170,0.400322,0.010559,0.915518,-215.555618,93.374840,95.901207
838,6.983333,-0.036409,0.400459,0.012279,0.915509,-215.573471,93.327629,95.919067
839,6.991667,-0.035336,0.400483,0.013166,0.915528,-215.577057,93.286118,95.939255
840,7.000000,-0.034161,0.400387,0.014080,0.915601,-215.565063,93.239334,95.953400
841,7.008333,-0.032692,0.400489,0.013687,0.915616,-215.553284,93.192116,95.976601
842,7.016667,-0.030272,0.401112,0.014064,0.915421,-215.543549,93.136635,95.998306
843,7.025000,-0.028508,0.401506,0.014152,0.915303,-215.541336,93.092087,96.012238
844,7.033333,-0.029164,0.401235,0.013827,0.915406,-215.539841,93.044647,96.030899
845,7.041667,-0.030021,0.400951,0.014097,0.915499,-215.540726,93.003555,96.045677
846,7.050000,-0.031050,0.400892,0.014656,0.915482,-215.543030,92.962662,96.063217
847,7.058333,-0.030938,0.400830,0.015415,0.915500,-215.545273,92.929878,96.083633
848,7.066667,-0.030682,0.400652,0.015823,0.915580,-215.545578,92.905830,96.101608
849,7.075000,-0.030167,0.400482,0.015860,0.915671,-215.547562,92.894669,96.116547
850,7.083333,-0.029991,0.400441,0.015836,0.915695,-215.548462,92.887268,96.130127
851,7.091667,-0.030336,0.400128,0.016522,0.915808,-215.550781,92.888992,96.150040
852,7.100000,-0.030787,0.399879,0.016760,0.915898,-215.545410,92.887497,96.170464
853,7.108333,-0.031014,0.399681,0.017053,0.915971,-215.541245,92.890800,96.191963
854,7.116667,-0.031182,0.399340,0.017347,0.916108,-215.538544,92.894363,96.217789
855,7.125000,-0.030975,0.399335,0.017640,0.916112,-215.535065,92.897606,96.238693
856,7.133333,-0.031007,0.399462,0.017826,0.916052,-215.532394,92.903542,96.258797
857,7.141667,-0.031030,0.399678,0.017806,0.915957,-215.532379,92.912582,96.277412
858,7.150000,-0.030925,0.399801,0.017582,0.915912,-215.534134,92.926865,96.297798
859,7.158333,-0.031021,0.400008,0.017173,0.915826,-215.537811,92.947075,96.318428
860,7.166667,-0.031375,0.400220,0.016353,0.915736,-215.540558,92.964325,96.341591
861,7.175000,-0.031579,0.400339,0.015525,0.915691,-215.543030,92.989960,96.362953
862,7.183333,-0.031662,0.400236,0.015588,0.915732,-215.551620,93.008995,96.384201
863,7.191667,-0.031974,0.400271,0.015320,0.915711,-215.548569,93.034103,96.401878
864,7.200000,-0.032614,0.400231,0.014976,0.915711,-215.546539,93.058479,96.417488
865,7.208333,-0.033623,0.400520,0.013803,0.915567,-215.537308,93.091293,96.431290
866,7.216667,-0.034232,0.400853,0.012916,0.915412,-215.529922,93.118996,96.450539
867,7.225000,-0.034842,0.400988,0.012527,0.915335,-215.525604,93.142708,96.468857
868,7.233333,-0.035078,0.401110,0.012420,0.915274,-215.521881,93.158760,96.488174
869,7.241667,-0.035481,0.401091,0.012859,0.915260,-215.522858,93.170380,96.504433
870,7.250000,-0.035582,0.400906,0.013022,0.915336,-215.522766,93.172470,96.522423
871,7.258333,-0.035513,0.400741,0.013255,0.915407,-215.524796,93.176674,96.538223
872,7.266667,-0.035429,0.400599,0.013378,0.915471,-215.527313,93.181267,96.551895
873,7.275000,-0.035502,0.400579,0.013283,0.915478,-215.530579,93.187607,96.567398
874,7.283333,-0.035633,0.400512,0.013101,0.915505,-215.531952,93.191162,96.585831
875,7.291667,-0.035554,0.400455,0.012818,0.915537,-215.531677,93.192879,96.605339
876,7.300000,-0.035687,0.400367,0.012593,0.915573,-215.532806,93.196030,96.625427
877,7.308333,-0.035907,0.400255,0.012455,0.915615,-215.535156,93.198235,96.642014
878,7.316667,-0.036175,0.400257,0.012390,0.915605,-215.538239,93.196411,96.658012
879,7.325000,-0.036315,0.400290,0.012212,0.915587,-215.541534,93.191360,96.673584
880,7.333333,-0.036532,0.400230,0.012511,0.915601,-215.546890,93.190132,96.689705
881,7.341667,-0.036739,0.400163,0.012687,0.915619,-215.548950,93.185730,96.707619
882,7.350000,-0.036961,0.399954,0.013102,0.915696,-215.550659,93.180153,96.727791
883,7.358333,-0.036905,0.399898,0.013368,0.915719,-215.549896,93.172905,96.744781
884,7.366667,-0.035960,0.400202,0.013932,0.915615,-215.551834,93.170059,96.761772
885,7.375000,-0.034666,0.400514,0.014449,0.915521,-215.552277,93.168343,96.779381
886,7.383333,-0.033953,0.400579,0.014892,0.915512,-215.551468,93.164673,96.794479
887,7.391667,-0.033974,0.400511,0.015325,0.915534,-215.550064,93.158577,96.807098
888,7.400000,-0.034104,0.400380,0.015651,0.915581,-215.548126,93.152336,96.817329
889,7.408333,-0.034245,0.400224,0.015817,0.915641,-215.546127,93.144577,96.825737
890,7.416667,-0.034519,0.400187,0.015813,0.915647,-215.546158,93.134422,96.835190
891,7.425000,-0.034692,0.400148,0.015842,0.915657,-215.547256,93.124443,96.844223
892,7.433333,-0.035030,0.399775,0.014632,0.915827,-215.553238,93.119736,96.850121
893,7.441667,-0.035276,0.399348,0.013284,0.916024,-215.560791,93.117943,96.852943
894,7.450000,-0.035239,0.399233,0.013171,0.916077,-215.560272,93.104950,96.859070
895,7.458333,-0.035131,0.399191,0.013142,0.916100,-215.559906,93.090027,96.867661
896,7.466667,-0.034937,0.399144,0.013010,0.916130,-215.559769,93.071259,96.874657
897,7.475000,-0.034706,0.399130,0.012974,0.916145,-215.560333,93.050056,96.883133
898,7.483333,-0.033749,0.398941,0.012362,0.916272,-215.561249,93.024750,96.892632
899,7.491667,-0.033363,0.398945,0.012858,0.916277,-215.565033,93.004639,96.894241
900,7.500000,-0.032721,0.399520,0.014592,0.916024,-215.560287,92.977402,96.908859
901,7.508333,-0.031886,0.399840,0.014746,0.915911,-215.554947,92.955521,96.916634
902,7.516667,-0.031673,0.399972,0.014253,0.915869,-215.558411,92.942528,96.923813
903,7.525000,-0.031831,0.400049,0.013888,0.915835,-215.564865,92.921623,96.934845
904,7.533333,-0.031814,0.400052,0.013688,0.915838,-215.571426,92.893875,96.944191
905,7.541667,-0.031600,0.399886,0.013712,0.915917,-215.582367,92.857834,96.952751
906,7.550000,-0.031061,0.399671,0.014091,0.916024,-215.594315,92.820427,96.957169
907,7.558333,-0.030301,0.399549,0.014507,0.916096,-215.605408,92.779846,96.961121
908,7.566667,-0.031309,0.399204,0.014553,0.916212,-215.611023,92.725807,96.961800
909,7.575000,-0.031313,0.398870,0.015042,0.916349,-215.615921,92.670837,96.968071
910,7.583333,-0.030496,0.398714,0.016229,0.916425,-215.616989,92.616211,96.975861
911,7.591667,-0.029758,0.398756,0.017547,0.916406,-215.612976,92.561363,96.984734
912,7.600000,-0.029286,0.398815,0.018292,0.916381,-215.605209,92.505280,96.990448
913,7.608333,-0.029418,0.398749,0.017762,0.916416,-215.595718,92.450043,96.999947
914,7.616667,-0.029147,0.398615,0.017581,0.916486,-215.603333,92.401001,97.000923
915,7.625000,-0.028644,0.398805,0.017298,0.916425,-215.609360,92.372772,96.994308
916,7.633333,-0.028231,0.398909,0.016825,0.916402,-215.616608,92.351334,96.986725
917,7.641667,-0.027997,0.398977,0.016565,0.916384,-215.622131,92.335739,96.983025
918,7.650000,-0.029539,0.398528,0.017108,0.916521,-215.636917,92.343971,96.980232
919,7.658333,-0.030590,0.398810,0.013390,0.916425,-215.655106,92.376633,96.985374
920,7.666667,-0.030559,0.398617,0.012942,0.916517,-215.651291,92.378143,96.974197
921,7.675000,-0.030736,0.398584,0.012525,0.916531,-215.646866,92.384331,96.970062
922,7.683333,-0.030719,0.398667,0.012389,0.916497,-215.645523,92.395905,96.966621
923,7.691667,-0.030793,0.398670,0.012550,0.916492,-215.643829,92.405777,96.964302
924,7.700000,-0.031120,0.398651,0.012471,0.916490,-215.646118,92.411896,96.963120
925,7.708333,-0.031298,0.398637,0.012561,0.916488,-215.648010,92.409531,96.962372
926,7.716667,-0.029220,0.398876,0.013293,0.916443,-215.652283,92.410507,96.967308
927,7.725000,-0.027435,0.399209,0.013763,0.916346,-215.656311,92.405769,96.973633
928,7.733333,-0.027248,0.399241,0.013386,0.916343,-215.651886,92.396858,96.978218
929,7.741667,-0.027146,0.399207,0.012920,0.916368,-215.646271,92.395767,96.977631
930,7.750000,-0.026772,0.399323,0.013146,0.916325,-215.648178,92.405380,96.976776
931,7.758333,-0.025947,0.399331,0.013737,0.916337,-215.651749,92.418022,96.977356
932,7.766667,-0.028626,0.398568,0.012944,0.916600,-215.639786,92.412804,96.976074
933,7.775000,-0.030122,0.398508,0.012186,0.916589,-215.629227,92.406929,96.969452
934,7.783333,-0.030738,0.398506,0.011584,0.916577,-215.625031,92.400642,96.968170
935,7.791667,-0.030284,0.398563,0.011547,0.916568,-215.620422,92.393059,96.969627
936,7.800000,-0.030058,0.398549,0.011475,0.916582,-215.618256,92.383354,96.975098
937,7.808333,-0.029813,0.398541,0.011199,0.916598,-215.614075,92.382118,96.977089
938,7.816667,-0.029649,0.398433,0.011031,0.916652,-215.607834,92.380836,96.974297
939,7.825000,-0.029788,0.398439,0.010690,0.916649,-215.599197,92.384285,96.967133
940,7.833333,-0.030270,0.398387,0.009543,0.916668,-215.578705,92.390739,96.952591
941,7.841667,-0.030504,0.398591,0.008314,0.916584,-215.559860,92.395561,96.934654
942,7.850000,-0.028584,0.399203,0.007150,0.916389,-215.544815,92.402168,96.914284
943,7.858333,-0.027541,0.399536,0.006353,0.916282,-215.522980,92.384323,96.894203
944,7.866667,-0.027805,0.398796,0.005331,0.916603,-215.496063,92.326248,96.882195
945,7.875000,-0.029871,0.399019,0.005077,0.916442,-215.476959,92.223450,96.870323
946,7.883333,-0.031581,0.400248,0.002391,0.915860,-215.498825,92.200294,96.895172
947,7.891667,-0.031469,0.400798,0.000306,0.915626,-215.490967,92.214951,96.916504
948,7.900000,-0.031084,0.400654,0.000018,0.915702,-215.482300,92.228264,96.933334
949,7.908333,-0.030612,0.400488,0.000652,0.915790,-215.472992,92.237259,96.951248
950,7.916667,-0.029313,0.398698,0.008013,0.916579,-215.444305,92.188789,96.949081
951,7.925000,-0.028824,0.398125,0.009978,0.916824,-215.445282,92.186279,96.987839
952,7.933333,-0.027404,0.397986,0.011763,0.916907,-215.449478,92.175255,97.053169
953,7.941667,-0.025927,0.397697,0.013229,0.917055,-215.462067,92.165802,97.118713
954,7.950000,-0.023303,0.397871,0.013964,0.917039,-215.482422,92.139046,97.184494
955,7.958333,-0.020713,0.399007,0.014327,0.916602,-215.491272,92.112335,97.245163
956,7.966667,-0.017997,0.400610,0.012298,0.915989,-215.479492,92.105034,97.315285
957,7.975000,-0.014929,0.402987,0.011894,0.915007,-215.454269,92.093864,97.407425
958,7.983333,-0.012436,0.403929,0.012024,0.914627,-215.430115,92.094345,97.497681
959,7.991667,-0.008973,0.404939,0.012847,0.914209,-215.405441,92.101738,97.604973
960,8.000000,-0.005818,0.405166,0.015614,0.914091,-215.400726,92.098694,97.709923
961,8.008333,-0.004822,0.404678,0.016888,0.914291,-215.396667,92.120911,97.790543
962,8.016667,-0.003513,0.404881,0.018442,0.914177,-215.392593,92.133301,97.862137
963,8.025000,-0.002308,0.405648,0.019844,0.913811,-215.395935,92.142036,97.926811
964,8.033333,-0.001331,0.406470,0.020940,0.913423,-215.407700,92.144501,97.974007
965,8.041667,0.000206,0.406635,0.023207,0.913296,-215.447205,92.133789,98.011826
966,8.050000,0.001054,0.407206,0.023670,0.913029,-215.467117,92.133522,98.033363
967,8.058333,0.001715,0.407694,0.023428,0.912817,-215.477676,92.133888,98.045822
968,8.066667,0.001999,0.408290,0.022830,0.912565,-215.482712,92.130829,98.044937
969,8.075000,0.001849,0.408855,0.022089,0.912330,-215.481949,92.128983,98.033211
970,8.083333,0.000818,0.409338,0.021131,0.912138,-215.474350,92.126968,98.011116
971,8.091667,-0.000483,0.409372,0.021178,0.912122,-215.447998,92.116364,97.964722
972,8.100000,-0.002255,0.409517,0.019429,0.912093,-215.421707,92.118446,97.910591
973,8.108333,-0.004175,0.410190,0.017739,0.911818,-215.400909,92.121414,97.846695
974,8.116667,-0.005760,0.410636,0.016633,0.911630,-215.389084,92.118599,97.774712
975,8.125000,-0.007316,0.410729,0.016772,0.911574,-215.401794,92.104477,97.695503
976,8.133333,-0.009817,0.411044,0.015044,0.911439,-215.407150,92.102417,97.614006
977,8.141667,-0.012308,0.410883,0.013037,0.911512,-215.402344,92.104668,97.517464
978,8.150000,-0.014224,0.411040,0.011594,0.911433,-215.399551,92.110443,97.439316
979,8.158333,-0.015969,0.411175,0.011169,0.911348,-215.394775,92.112778,97.379570
980,8.166667,-0.017675,0.411329,0.010868,0.911251,-215.391541,92.116837,97.334114
981,8.175000,-0.018819,0.411529,0.010681,0.911140,-215.392120,92.121941,97.293976
982,8.183333,-0.019957,0.411429,0.010514,0.911162,-215.402298,92.128021,97.266693
983,8.191667,-0.020817,0.411410,0.010583,0.911151,-215.418213,92.131851,97.250053
984,8.200000,-0.021320,0.411263,0.010956,0.911202,-215.434738,92.132530,97.245140
985,8.208333,-0.021144,0.410950,0.011426,0.911341,-215.442657,92.125481,97.255859
986,8.216667,-0.021161,0.410317,0.012764,0.911608,-215.446396,92.123833,97.281151
987,8.225000,-0.019933,0.410040,0.013478,0.911750,-215.437607,92.119919,97.314690
988,8.233333,-0.018176,0.410120,0.013183,0.911755,-215.423340,92.111374,97.358528
989,8.241667,-0.016090,0.410278,0.012631,0.911731,-215.420029,92.107971,97.407463
990,8.250000,-0.013982,0.410227,0.011795,0.911800,-215.419769,92.106079,97.466728
991,8.258333,-0.011281,0.410803,0.012450,0.911570,-215.415100,92.096123,97.544655
992,8.266667,-0.009038,0.410646,0.014714,0.911631,-215.417648,92.079025,97.637047
993,8.275000,-0.007066,0.410035,0.015959,0.911903,-215.411591,92.083298,97.709305
994,8.283333,-0.005948,0.410044,0.016134,0.911904,-215.406982,92.102806,97.782875
995,8.291667,-0.005196,0.409984,0.017607,0.911908,-215.410965,92.118248,97.846802
996,8.300000,-0.004102,0.409400,0.018893,0.912150,-215.412186,92.122765,97.903557
997,8.308333,-0.003097,0.408938,0.019954,0.912339,-215.410828,92.120308,97.944176
998,8.316667,-0.002463,0.408606,0.020889,0.912468,-215.406281,92.115852,97.968605
999,8.325000,-0.002336,0.408314,0.021250,0.912591,-215.400833,92.116158,97.981918
1000,8.333333,-0.002400,0.408266,0.021451,0.912608,-215.399460,92.116600,97.987770
1001,8.341667,-0.002571,0.408352,0.021374,0.912571,-215.401123,92.119583,97.981812
1002,8.350000,-0.002952,0.408295,0.020862,0.912607,-215.400558,92.120308,97.962318
1003,8.358333,-0.003392,0.408185,0.020300,0.912667,-215.401672,92.123123,97.932587
1004,8.366667,-0.004146,0.408209,0.019871,0.912663,-215.406082,92.127907,97.891060
1005,8.375000,-0.004383,0.408461,0.019122,0.912565,-215.405441,92.129913,97.836288
1006,8.383333,-0.004589,0.408295,0.018074,0.912660,-215.405792,92.121849,97.771469
1007,8.391667,-0.005498,0.408472,0.016767,0.912600,-215.393997,92.115608,97.704453
1008,8.400000,-0.006981,0.408354,0.015439,0.912666,-215.371872,92.111519,97.619453
1009,8.408333,-0.008692,0.408531,0.012945,0.912611,-215.362671,92.122688,97.540810
1010,8.416667,-0.011060,0.408837,0.011356,0.912470,-215.359634,92.124786,97.471046
1011,8.425000,-0.013669,0.409303,0.010447,0.912236,-215.358566,92.120468,97.412338
1012,8.433333,-0.016100,0.409709,0.009861,0.912021,-215.360931,92.117378,97.370552
1013,8.441667,-0.017417,0.409592,0.010702,0.912040,-215.376114,92.110489,97.348122
1014,8.450000,-0.018028,0.409501,0.011029,0.912065,-215.383575,92.111794,97.335670
1015,8.458333,-0.018480,0.409727,0.011299,0.911951,-215.385681,92.113373,97.330231
1016,8.466667,-0.018582,0.410057,0.011160,0.911802,-215.397003,92.117599,97.339317
1017,8.475000,-0.018326,0.410323,0.011427,0.911685,-215.414719,92.118820,97.358543
1018,8.483333,-0.017477,0.410413,0.011861,0.911655,-215.436768,92.118027,97.392059
1019,8.491667,-0.016331,0.410101,0.012316,0.911811,-215.451263,92.112503,97.431725
1020,8.500000,-0.014378,0.409596,0.012954,0.912062,-215.459534,92.105324,97.483856
1021,8.508333,-0.012140,0.409410,0.013575,0.912169,-215.458771,92.095726,97.543350
1022,8.516667,-0.009843,0.409369,0.015107,0.912191,-215.448898,92.080727,97.621384
1023,8.525000,-0.007739,0.408862,0.015863,0.912426,-215.424179,92.080299,97.692078
1024,8.533333,-0.006144,0.408197,0.016329,0.912727,-215.402313,92.090340,97.748550
1025,8.541667,-0.005210,0.408065,0.016162,0.912795,-215.382309,92.108421,97.801926
1026,8.550000,-0.004765,0.408024,0.017059,0.912799,-215.372681,92.122345,97.846016
1027,8.558333,-0.004169,0.407794,0.017964,0.912888,-215.374069,92.133522,97.883469
1028,8.566667,-0.003752,0.407780,0.018870,0.912877,-215.383743,92.142471,97.906998
1029,8.575000,-0.003466,0.407596,0.019277,0.912952,-215.399643,92.149422,97.911636
1030,8.583333,-0.003303,0.407483,0.019527,0.912998,-215.413910,92.150414,97.906151
1031,8.591667,-0.003440,0.407408,0.019773,0.913026,-215.429214,92.147339,97.888031
1032,8.600000,-0.003527,0.407313,0.020228,0.913058,-215.441086,92.134964,97.856682
1033,8.608333,-0.004192,0.407388,0.020031,0.913026,-215.442444,92.122635,97.812492
1034,8.616667,-0.005222,0.407599,0.018375,0.912961,-215.427277,92.112053,97.761154
1035,8.625000,-0.006690,0.407837,0.016915,0.912873,-215.414185,92.096977,97.702316
1036,8.633333,-0.009116,0.408225,0.014332,0.912724,-215.392120,92.091164,97.635628
1037,8.641667,-0.011175,0.408237,0.012348,0.912724,-215.358566,92.092857,97.572289
1038,8.650000,-0.012871,0.408091,0.010332,0.912792,-215.327271,92.100876,97.520416
1039,8.658333,-0.013828,0.407893,0.009202,0.912879,-215.300507,92.109207,97.485313
1040,8.666667,-0.014654,0.407700,0.008267,0.912961,-215.280746,92.116211,97.460487
1041,8.675000,-0.014875,0.407292,0.008679,0.913136,-215.278839,92.111099,97.450485
1042,8.683333,-0.014548,0.407296,0.008757,0.913138,-215.269928,92.108414,97.453857
1043,8.691667,-0.013928,0.407263,0.008988,0.913161,-215.261337,92.106674,97.465431
1044,8.700000,-0.013075,0.407580,0.008839,0.913033,-215.245346,92.110062,97.496483
1045,8.708333,-0.011825,0.407919,0.009019,0.912897,-215.235016,92.111900,97.533104
1046,8.716667,-0.010459,0.408092,0.009327,0.912833,-215.232376,92.111694,97.582474
1047,8.725000,-0.008911,0.408307,0.010154,0.912745,-215.243698,92.116150,97.633156
1048,8.733333,-0.007228,0.408548,0.011158,0.912640,-215.265945,92.120689,97.672340
1049,8.741667,-0.005554,0.407761,0.014376,0.912959,-215.324875,92.113518,97.701881
1050,8.750000,-0.005294,0.407547,0.016160,0.913026,-215.370468,92.115921,97.723648
1051,8.758333,-0.005476,0.407165,0.017391,0.913173,-215.421875,92.117203,97.734886
1052,8.766667,-0.005889,0.406800,0.019283,0.913295,-215.458344,92.114220,97.727295
1053,8.775000,-0.006995,0.406653,0.019479,0.913348,-215.493195,92.117966,97.714355
1054,8.783333,-0.007965,0.406900,0.019650,0.913227,-215.526718,92.121490,97.688782
1055,8.791667,-0.009015,0.407221,0.019466,0.913078,-215.555527,92.116013,97.657875
1056,8.800000,-0.010531,0.407498,0.019115,0.912945,-215.579651,92.105049,97.630203
1057,8.808333,-0.012287,0.407840,0.018682,0.912780,-215.592377,92.090820,97.612106
1058,8.816667,-0.012941,0.407846,0.018162,0.912778,-215.583588,92.082748,97.609062
1059,8.825000,-0.012692,0.407692,0.017635,0.912861,-215.563492,92.082336,97.618782
1060,8.833333,-0.011882,0.407480,0.017175,0.912975,-215.531586,92.081139,97.637154
1061,8.841667,-0.010456,0.406987,0.016662,0.913222,-215.487122,92.084732,97.664505
1062,8.850000,-0.008959,0.406703,0.016655,0.913365,-215.444733,92.085419,97.689178
1063,8.858333,-0.007827,0.406500,0.015737,0.913482,-215.390259,92.090599,97.699944
1064,8.866667,-0.007203,0.406257,0.014646,0.913613,-215.342712,92.099167,97.700981
1065,8.875000,-0.006663,0.406185,0.013855,0.913662,-215.292572,92.108643,97.684273
1066,8.883333,-0.006471,0.406142,0.012866,0.913697,-215.257858,92.119713,97.665749
1067,8.891667,-0.006948,0.405953,0.011766,0.913792,-215.239090,92.128700,97.635994
1068,8.900000,-0.007851,0.405835,0.010805,0.913849,-215.235474,92.136002,97.601906
1069,8.908333,-0.009031,0.405869,0.009994,0.913832,-215.239304,92.135612,97.574692
1070,8.916667,-0.010311,0.406011,0.009296,0.913763,-215.249557,92.129646,97.555283
1071,8.925000,-0.011777,0.406419,0.008991,0.913567,-215.269211,92.117599,97.553665
1072,8.933333,-0.012200,0.406649,0.009381,0.913455,-215.287277,92.109016,97.568611
1073,8.941667,-0.011499,0.406744,0.010514,0.913409,-215.304855,92.104897,97.595856
1074,8.950000,-0.010309,0.406553,0.012085,0.913489,-215.324829,92.098930,97.634056
1075,8.958333,-0.008518,0.406143,0.015425,0.913640,-215.374161,92.087402,97.680199
1076,8.966667,-0.007689,0.405744,0.017055,0.913795,-215.405273,92.089119,97.712448
1077,8.975000,-0.007421,0.405390,0.018321,0.913930,-215.434006,92.090675,97.736427
1078,8.983333,-0.007669,0.404901,0.019337,0.914124,-215.456802,92.092949,97.756180
1079,8.991667,-0.008365,0.405119,0.019127,0.914025,-215.462753,92.100464,97.764755
1080,9.000000,-0.008907,0.405229,0.019068,0.913973,-215.462738,92.103073,97.764458
1081,9.008333,-0.009079,0.405026,0.019351,0.914055,-215.469879,92.099724,97.758133
1082,9.016667,-0.009287,0.405249,0.018647,0.913969,-215.461517,92.101326,97.741463
1083,9.025000,-0.009405,0.405489,0.017360,0.913887,-215.445969,92.101967,97.716400
1084,9.033333,-0.009695,0.405942,0.015577,0.913715,-215.424210,92.103630,97.679886
1085,9.041667,-0.010080,0.405998,0.014414,0.913705,-215.384293,92.095009,97.628471
1086,9.050000,-0.010880,0.406448,0.012321,0.913526,-215.349075,92.095787,97.596832
1087,9.058333,-0.011081,0.406596,0.011075,0.913474,-215.315552,92.097458,97.583138
1088,9.066667,-0.011031,0.406538,0.010613,0.913506,-215.288589,92.099579,97.581528
1089,9.075000,-0.010580,0.406397,0.010531,0.913575,-215.265656,92.099937,97.592476
1090,9.083333,-0.009731,0.406465,0.010671,0.913552,-215.247589,92.101768,97.613182
1091,9.091667,-0.008795,0.406691,0.010745,0.913460,-215.236969,92.104721,97.634232
1092,9.100000,-0.008114,0.406875,0.011088,0.913381,-215.236496,92.111687,97.648376
1093,9.108333,-0.007652,0.407031,0.011566,0.913309,-215.247345,92.116005,97.654083
1094,9.116667,-0.007530,0.407202,0.012186,0.913226,-215.269989,92.121483,97.649681
1095,9.125000,-0.007760,0.407280,0.012676,0.913183,-215.302780,92.125633,97.639374
1096,9.133333,-0.008275,0.406597,0.014847,0.913450,-215.369797,92.111229,97.638847
1097,9.141667,-0.009039,0.406534,0.015815,0.913454,-215.418381,92.104919,97.643547
1098,9.150000,-0.009899,0.406870,0.016424,0.913285,-215.450531,92.097786,97.654549
1099,9.158333,-0.010818,0.406971,0.016435,0.913229,-215.472748,92.090820,97.677086
1100,9.166667,-0.010505,0.406799,0.017094,0.913297,-215.488739,92.090057,97.694221
1101,9.175000,-0.010661,0.406327,0.018051,0.913487,-215.499237,92.092186,97.706810
1102,9.183333,-0.010903,0.405996,0.018615,0.913620,-215.500519,92.092682,97.709930
1103,9.191667,-0.010855,0.405800,0.018764,0.913705,-215.492172,92.092552,97.701607
1104,9.200000,-0.010762,0.405789,0.017955,0.913727,-215.474075,92.092575,97.683693
1105,9.208333,-0.010765,0.406199,0.016842,0.913566,-215.449234,92.093735,97.660049
1106,9.216667,-0.010308,0.406481,0.015789,0.913465,-215.425110,92.087296,97.643387
1107,9.225000,-0.009898,0.407048,0.014051,0.913245,-215.379669,92.087265,97.634079
1108,9.233333,-0.009229,0.407385,0.012669,0.913122,-215.331055,92.092506,97.640198
1109,9.241667,-0.008512,0.407323,0.011979,0.913166,-215.292618,92.099571,97.650627
1110,9.250000,-0.008028,0.407144,0.011612,0.913255,-215.262253,92.105156,97.650658
1111,9.258333,-0.007879,0.407032,0.011519,0.913307,-215.247635,92.113197,97.641434
1112,9.266667,-0.008162,0.406993,0.011282,0.913325,-215.246506,92.120399,97.627541
1113,9.275000,-0.008532,0.406969,0.011089,0.913335,-215.254944,92.122658,97.615005
1114,9.283333,-0.009253,0.407259,0.010908,0.913201,-215.270279,92.118820,97.610062
1115,9.291667,-0.010188,0.407693,0.010986,0.912996,-215.292267,92.108711,97.617851
1116,9.300000,-0.009980,0.407957,0.012046,0.912867,-215.317673,92.103691,97.641922
1117,9.308333,-0.008786,0.407385,0.014771,0.913095,-215.367096,92.087433,97.672165
1118,9.316667,-0.008244,0.407100,0.015986,0.913207,-215.396973,92.087837,97.692093
1119,9.325000,-0.008463,0.406875,0.016828,0.913289,-215.422653,92.088425,97.705376
1120,9.333333,-0.008783,0.406763,0.017268,0.913328,-215.443161,92.088280,97.710258
1121,9.341667,-0.009274,0.406740,0.017592,0.913327,-215.457443,92.089912,97.707214
1122,9.350000,-0.009830,0.406669,0.017529,0.913354,-215.453384,92.087486,97.693291
1123,9.358333,-0.010543,0.406714,0.016567,0.913345,-215.445084,92.091698,97.670059
1124,9.366667,-0.010611,0.406766,0.016453,0.913323,-215.444229,92.087624,97.656364
1125,9.375000,-0.010594,0.406911,0.015482,0.913275,-215.424637,92.085556,97.648827
1126,9.383333,-0.009889,0.407151,0.014541,0.913191,-215.393570,92.082611,97.652245
1127,9.391667,-0.009084,0.407241,0.013819,0.913171,-215.349411,92.084633,97.660675
1128,9.400000,-0.008402,0.407279,0.013021,0.913172,-215.313690,92.095390,97.668037
1129,9.408333,-0.007891,0.407367,0.012534,0.913144,-215.287735,92.107735,97.666451
1130,9.416667,-0.007706,0.407379,0.012341,0.913143,-215.275055,92.120110,97.655258
1131,9.425000,-0.007692,0.407358,0.012300,0.913153,-215.274002,92.125038,97.642685
1132,9.433333,-0.007928,0.407548,0.012037,0.913070,-215.283630,92.122231,97.637535
1133,9.441667,-0.008782,0.407839,0.012082,0.912932,-215.301651,92.111076,97.641479
1134,9.450000,-0.009211,0.408180,0.012576,0.912768,-215.325745,92.099434,97.658432
1135,9.458333,-0.008927,0.407835,0.014771,0.912893,-215.371918,92.085114,97.675308
1136,9.466667,-0.008822,0.407681,0.015543,0.912949,-215.392853,92.084381,97.682869
1137,9.475000,-0.008962,0.407575,0.015785,0.912991,-215.404007,92.085075,97.685333
1138,9.483333,-0.009126,0.407490,0.015826,0.913027,-215.409271,92.086617,97.679588
1139,9.491667,-0.009597,0.407624,0.015395,0.912970,-215.405731,92.088860,97.666374
1140,9.500000,-0.009973,0.407878,0.014709,0.912864,-215.395660,92.087524,97.656845
1141,9.508333,-0.009867,0.407981,0.014049,0.912829,-215.378830,92.086487,97.653694
1142,9.516667,-0.009123,0.407942,0.013723,0.912859,-215.342621,92.084297,97.656471
1143,9.525000,-0.008675,0.408058,0.012961,0.912823,-215.314560,92.092506,97.661278
1144,9.533333,-0.008429,0.408285,0.012728,0.912727,-215.298386,92.102966,97.656929
1145,9.541667,-0.008456,0.408389,0.012539,0.912683,-215.292023,92.108902,97.653633
1146,9.550000,-0.008572,0.408560,0.012365,0.912607,-215.292740,92.107094,97.657234
1147,9.558333,-0.008607,0.408685,0.012366,0.912551,-215.302994,92.105072,97.661774
1148,9.566667,-0.008517,0.408175,0.014458,0.912750,-215.351700,92.091385,97.665154
1149,9.575000,-0.008812,0.408264,0.014922,0.912700,-215.375870,92.087303,97.667488
1150,9.583333,-0.009245,0.408254,0.015279,0.912694,-215.391663,92.083809,97.667030
1151,9.591667,-0.009290,0.408342,0.015493,0.912650,-215.399216,92.083572,97.665497
1152,9.600000,-0.009497,0.408277,0.015552,0.912676,-215.398666,92.082962,97.666161
1153,9.608333,-0.009461,0.408303,0.015437,0.912667,-215.389877,92.082954,97.664413
1154,9.616667,-0.009369,0.408222,0.014821,0.912714,-215.371796,92.082062,97.662704
1155,9.625000,-0.009033,0.408323,0.014099,0.912684,-215.338211,92.084251,97.659370
1156,9.633333,-0.008887,0.408411,0.013162,0.912660,-215.312073,92.092514,97.655357
1157,9.641667,-0.008799,0.408539,0.012452,0.912614,-215.292786,92.100044,97.654968
1158,9.650000,-0.008770,0.408624,0.012048,0.912581,-215.281708,92.104378,97.654221
1159,9.658333,-0.008712,0.408657,0.011866,0.912570,-215.279694,92.106476,97.656677
1160,9.666667,-0.008779,0.408778,0.012053,0.912512,-215.286728,92.108521,97.660263
1161,9.675000,-0.008799,0.408751,0.012589,0.912517,-215.304916,92.108368,97.666054
1162,9.683333,-0.008899,0.408203,0.014707,0.912729,-215.353012,92.094467,97.673058
1163,9.691667,-0.008827,0.408222,0.015249,0.912713,-215.380768,92.089554,97.675568
1164,9.700000,-0.009408,0.408344,0.015469,0.912649,-215.399750,92.087120,97.674904
1165,9.708333,-0.009558,0.408380,0.015688,0.912627,-215.409088,92.085159,97.675690
1166,9.716667,-0.009440,0.408347,0.015543,0.912646,-215.409821,92.084526,97.673676
1167,9.725000,-0.009467,0.408394,0.015382,0.912627,-215.403275,92.084610,97.671013
1168,9.733333,-0.009305,0.408375,0.015020,0.912643,-215.389389,92.084442,97.667984
1169,9.741667,-0.009118,0.408378,0.014285,0.912656,-215.369034,92.084801,97.663811
1170,9.750000,-0.008772,0.408370,0.013758,0.912671,-215.333389,92.084717,97.655128
1171,9.758333,-0.008751,0.408474,0.012843,0.912638,-215.305634,92.092697,97.649147
1172,9.766667,-0.009010,0.408510,0.012303,0.912626,-215.287750,92.098267,97.649086
1173,9.775000,-0.009227,0.408470,0.012026,0.912646,-215.278625,92.101219,97.646561
1174,9.783333,-0.009402,0.408653,0.011932,0.912563,-215.281433,92.101265,97.651176
1175,9.791667,-0.009197,0.408740,0.012327,0.912521,-215.292221,92.103790,97.655037
1176,9.800000,-0.008979,0.408746,0.012821,0.912514,-215.307755,92.102951,97.660378
1177,9.808333,-0.008885,0.408256,0.014844,0.912704,-215.350800,92.091354,97.667870
1178,9.816667,-0.008916,0.408130,0.015547,0.912748,-215.375473,92.087219,97.672401
1179,9.825000,-0.009377,0.408228,0.015740,0.912696,-215.392639,92.084930,97.672340
1180,9.833333,-0.009370,0.408311,0.015809,0.912658,-215.401215,92.082809,97.673767
1181,9.841667,-0.009456,0.408314,0.015675,0.912658,-215.402100,92.081985,97.672363
1182,9.850000,-0.009358,0.408332,0.015430,0.912655,-215.395569,92.081894,97.671089
1183,9.858333,-0.009220,0.408254,0.014866,0.912701,-215.380264,92.083290,97.668564
1184,9.866667,-0.008898,0.408259,0.014193,0.912712,-215.358261,92.084709,97.665665
1185,9.875000,-0.008634,0.408338,0.013814,0.912686,-215.327209,92.087593,97.656052
1186,9.883333,-0.008675,0.408487,0.012882,0.912632,-215.304733,92.094109,97.653763
1187,9.891667,-0.008707,0.408653,0.012269,0.912566,-215.291840,92.101341,97.651169
1188,9.900000,-0.008962,0.408812,0.011942,0.912496,-215.288467,92.103508,97.652252
1189,9.908333,-0.008915,0.408856,0.012022,0.912476,-215.293594,92.104187,97.653893
1190,9.916667,-0.009171,0.408832,0.012445,0.912479,-215.306168,92.102821,97.657089
1191,9.925000,-0.009370,0.408886,0.013326,0.912440,-215.326828,92.101303,97.662117
1192,9.933333,-0.009338,0.408242,0.015245,0.912699,-215.368011,92.087959,97.665688
1193,9.941667,-0.009238,0.408216,0.015546,0.912706,-215.380188,92.084061,97.665909
1194,9.950000,-0.009239,0.408164,0.015530,0.912730,-215.382385,92.079697,97.667107
1195,9.958333,-0.009046,0.408193,0.015011,0.912727,-215.371780,92.078796,97.664619
1196,9.966667,-0.008571,0.408183,0.014641,0.912742,-215.356155,92.079590,97.664604
1197,9.975000,-0.008569,0.408367,0.013856,0.912672,-215.331192,92.085930,97.660568
1198,9.983333,-0.008755,0.408445,0.013003,0.912648,-215.312119,92.093979,97.659500
1199,9.991667,-0.008827,0.408621,0.012681,0.912573,-215.303589,92.100014,97.660294
1200,10.000000,-0.008834,0.408743,0.012523,0.912521,-215.305298,92.103073,97.661682
1201,10.008333,-0.008865,0.408812,0.012831,0.912485,-215.315750,92.103729,97.664276
1202,10.016667,-0.008657,0.408236,0.014802,0.912715,-215.360382,92.090073,97.667969
1203,10.025000,-0.009004,0.408192,0.015183,0.912726,-215.377808,92.084801,97.668831
1204,10.033333,-0.009138,0.408220,0.015450,0.912707,-215.386246,92.081795,97.666946
1205,10.041667,-0.008996,0.408256,0.015232,0.912696,-215.381195,92.080978,97.665771
1206,10.050000,-0.009086,0.408172,0.014866,0.912739,-215.369461,92.080627,97.661842
1207,10.058333,-0.008784,0.408365,0.014222,0.912666,-215.342545,92.083427,97.658577
1208,10.066667,-0.008763,0.408526,0.013431,0.912606,-215.320618,92.090904,97.655563
1209,10.075000,-0.008642,0.408543,0.012852,0.912608,-215.304703,92.096672,97.655762
1210,10.083333,-0.008557,0.408576,0.012636,0.912597,-215.298630,92.100342,97.656364
1211,10.091667,-0.008682,0.408612,0.012686,0.912579,-215.300797,92.100403,97.659134
1212,10.100000,-0.008793,0.408603,0.013120,0.912576,-215.311523,92.100372,97.660400
1213,10.108333,-0.008822,0.408155,0.014714,0.912751,-215.346405,92.087669,97.665695
1214,10.116667,-0.008764,0.408135,0.015278,0.912752,-215.365295,92.085236,97.669853
1215,10.125000,-0.008960,0.408088,0.015248,0.912771,-215.374588,92.082695,97.669312
1216,10.133333,-0.008971,0.408180,0.015258,0.912730,-215.376968,92.081795,97.668976
1217,10.141667,-0.008865,0.408131,0.014815,0.912760,-215.366669,92.080978,97.669624
1218,10.150000,-0.008761,0.408150,0.014324,0.912760,-215.352753,92.081863,97.668098
1219,10.158333,-0.008510,0.408286,0.013674,0.912712,-215.330292,92.087631,97.660507
1220,10.166667,-0.008695,0.408574,0.012941,0.912592,-215.318008,92.093880,97.661682
1221,10.175000,-0.008746,0.408728,0.012628,0.912527,-215.315170,92.099541,97.662491
1222,10.183333,-0.008621,0.408205,0.014434,0.912736,-215.349274,92.088760,97.668419
1223,10.191667,-0.008909,0.408184,0.014829,0.912736,-215.364716,92.087692,97.670639
1224,10.200000,-0.009014,0.408198,0.014893,0.912728,-215.373581,92.086876,97.668884
1225,10.208333,-0.009085,0.408237,0.014809,0.912711,-215.375168,92.083832,97.668823
1226,10.216667,-0.009050,0.408250,0.014554,0.912709,-215.366577,92.084572,97.667801
1227,10.225000,-0.008852,0.408316,0.014214,0.912687,-215.341827,92.084389,97.661293
1228,10.233333,-0.008814,0.408473,0.013273,0.912631,-215.323288,92.089058,97.655487
1229,10.241667,-0.008911,0.408577,0.012849,0.912590,-215.314346,92.094963,97.657478
1230,10.250000,-0.008726,0.408716,0.012717,0.912531,-215.313248,92.098892,97.657921
1231,10.258333,-0.008869,0.408775,0.013001,0.912499,-215.320755,92.099670,97.662582
1232,10.266667,-0.008942,0.408237,0.014598,0.912716,-215.355164,92.089348,97.668221
1233,10.275000,-0.008675,0.408278,0.014879,0.912695,-215.369934,92.087242,97.670624
1234,10.283333,-0.008884,0.408239,0.014844,0.912711,-215.376404,92.085617,97.669876
1235,10.291667,-0.009137,0.408252,0.014530,0.912708,-215.372330,92.082474,97.670822
1236,10.300000,-0.008925,0.408221,0.014132,0.912730,-215.361267,92.083473,97.669090
1237,10.308333,-0.008876,0.408244,0.013995,0.912722,-215.340637,92.086205,97.659760
1238,10.316667,-0.008955,0.408467,0.013371,0.912631,-215.329056,92.092888,97.660500
1239,10.325000,-0.008905,0.408187,0.014430,0.912741,-215.351898,92.086884,97.665741
1240,10.333333,-0.008931,0.408161,0.014810,0.912746,-215.364151,92.084557,97.670464
1241,10.341667,-0.008930,0.408073,0.015003,0.912782,-215.372223,92.083420,97.671249
1242,10.350000,-0.009162,0.408096,0.014843,0.912772,-215.373901,92.081398,97.667084
1243,10.358333,-0.008909,0.408137,0.014680,0.912759,-215.367157,92.080582,97.665771
1244,10.366667,-0.008877,0.408250,0.014118,0.912718,-215.348007,92.082237,97.660767
1245,10.375000,-0.008901,0.408457,0.013493,0.912635,-215.337540,92.087944,97.659157
1246,10.383333,-0.008917,0.408181,0.014432,0.912744,-215.352814,92.082329,97.664299
1247,10.391667,-0.008964,0.408125,0.014830,0.912762,-215.362640,92.083893,97.666183
1248,10.400000,-0.008845,0.408098,0.014924,0.912773,-215.367310,92.082123,97.668701
1249,10.408333,-0.008784,0.408000,0.014871,0.912819,-215.366714,92.081299,97.667892
1250,10.416667,-0.008706,0.408031,0.014559,0.912810,-215.360123,92.080811,97.665863
1251,10.425000,-0.008672,0.408038,0.014423,0.912810,-215.356735,92.082008,97.663940
1252,10.433333,-0.008858,0.408108,0.014564,0.912774,-215.359253,92.081108,97.666824
1253,10.441667,-0.008756,0.408149,0.014929,0.912751,-215.366074,92.083046,97.667923
1254,10.450000,-0.008685,0.408129,0.014961,0.912760,-215.368622,92.081985,97.668289
1255,10.458333,-0.008913,0.408086,0.014795,0.912780,-215.365143,92.081131,97.667625
1256,10.466667,-0.008823,0.408057,0.014671,0.912796,-215.360397,92.082642,97.666214
1257,10.475000,-0.008957,0.408086,0.014621,0.912782,-215.360077,92.081764,97.666794
1258,10.483333,-0.008799,0.408191,0.014812,0.912734,-215.364578,92.082611,97.666985
1259,10.491667,-0.008911,0.408097,0.014835,0.912775,-215.366577,92.082680,97.666832
1260,10.500000,-0.008907,0.408050,0.014653,0.912798,-215.362930,92.081299,97.666351
1261,10.508333,-0.008936,0.408123,0.014526,0.912768,-215.360779,92.082573,97.663269
1262,10.516667,-0.008930,0.408174,0.014658,0.912743,-215.363068,92.082550,97.664795
1263,10.525000,-0.008805,0.408175,0.014803,0.912741,-215.365555,92.083138,97.666306
1264,10.533333,-0.008813,0.408101,0.014682,0.912776,-215.363998,92.082489,97.666061
1265,10.541667,-0.009008,0.408075,0.014336,0.912792,-215.361664,92.081238,97.663185
1266,10.550000,-0.009046,0.408161,0.014597,0.912749,-215.365265,92.082390,97.665634
1267,10.558333,-0.008840,0.408179,0.014726,0.912740,-215.367035,92.083153,97.667877
1268,10.566667,-0.008960,0.408135,0.014620,0.912761,-215.364700,92.082260,97.667130
1269,10.575000,-0.008985,0.408176,0.014560,0.912743,-215.364380,92.082672,97.666206
1270,10.583333,-0.008840,0.408131,0.014757,0.912761,-215.366196,92.083878,97.667099
1271,10.591667,-0.008890,0.408078,0.014747,0.912785,-215.365677,92.083542,97.667648
1272,10.600000,-0.008901,0.408095,0.014570,0.912780,-215.364746,92.081902,97.666344
1273,10.608333,-0.008998,0.408160,0.014687,0.912748,-215.365982,92.083130,97.666092
1274,10.616667,-0.008856,0.408131,0.014687,0.912762,-215.365738,92.082718,97.667053
1275,10.625000,-0.008847,0.408140,0.014610,0.912760,-215.365082,92.082687,97.666153
1276,10.633333,-0.008752,0.408181,0.014559,0.912743,-215.365173,92.082626,97.665695
1277,10.641667,-0.008901,0.408177,0.014635,0.912742,-215.365555,92.082542,97.665390
1278,10.650000,-0.008887,0.408160,0.014599,0.912750,-215.364761,92.083839,97.664467
1279,10.658333,-0.009001,0.408128,0.014581,0.912764,-215.364197,92.082649,97.664085
1280,10.666667,-0.009059,0.408116,0.014612,0.912768,-215.364410,92.082329,97.664558
1281,10.675000,-0.008993,0.408153,0.014587,0.912753,-215.364029,92.082794,97.663727
1282,10.683333,-0.008927,0.408129,0.014596,0.912764,-215.363785,92.082283,97.664139
1283,10.691667,-0.008852,0.408154,0.014495,0.912755,-215.364365,92.081879,97.663994
1284,10.700000,-0.008907,0.408144,0.014469,0.912760,-215.365021,92.081276,97.664299
1285,10.708333,-0.009048,0.408134,0.014477,0.912762,-215.364624,92.080826,97.664864
1286,10.716667,-0.008993,0.408104,0.014513,0.912776,-215.364426,92.080978,97.665497
1287,10.725000,-0.008943,0.408068,0.014817,0.912788,-215.365189,92.083244,97.666702
1288,10.733333,-0.008923,0.408059,0.014798,0.912792,-215.364487,92.083618,97.666893
1289,10.741667,-0.009047,0.408091,0.014741,0.912778,-215.364044,92.082214,97.666374
1290,10.750000,-0.008770,0.408139,0.014656,0.912760,-215.364792,92.082062,97.666374
1291,10.758333,-0.008770,0.408103,0.014681,0.912776,-215.365509,92.082855,97.665993
1292,10.766667,-0.008865,0.408096,0.014713,0.912778,-215.364975,92.082527,97.666779
1293,10.775000,-0.008883,0.408058,0.014657,0.912795,-215.364761,92.082443,97.666954
1294,10.783333,-0.009063,0.408039,0.014751,0.912800,-215.364243,92.083549,97.666893
1295,10.791667,-0.008863,0.408048,0.014694,0.912799,-215.364075,92.083710,97.667465
1296,10.800000,-0.008887,0.408098,0.014556,0.912779,-215.363861,92.083221,97.667137
1297,10.808333,-0.008985,0.408147,0.014483,0.912757,-215.363525,92.082520,97.666702
1298,10.816667,-0.008971,0.408129,0.014399,0.912767,-215.363693,92.082420,97.665848
1299,10.825000,-0.008786,0.408253,0.014403,0.912713,-215.363571,92.082924,97.665558
1300,10.833333,-0.008782,0.408198,0.014383,0.912738,-215.363495,92.082817,97.665710
1301,10.841667,-0.008845,0.408169,0.014387,0.912750,-215.362686,92.082573,97.666237
1302,10.850000,-0.008949,0.408162,0.014475,0.912751,-215.363022,92.082993,97.666435
1303,10.858333,-0.008992,0.408146,0.014505,0.912757,-215.362137,92.083389,97.665817
1304,10.866667,-0.008947,0.408114,0.014638,0.912770,-215.361832,92.083878,97.665871
1305,10.875000,-0.008942,0.408080,0.014620,0.912785,-215.361237,92.083580,97.666260
1306,10.883333,-0.008975,0.408067,0.014710,0.912789,-215.361404,92.083702,97.666115
1307,10.891667,-0.009061,0.408113,0.014657,0.912769,-215.360687,92.083054,97.666000
1308,10.900000,-0.008996,0.408067,0.014625,0.912790,-215.360596,92.082878,97.665817
1309,10.908333,-0.008937,0.408073,0.014664,0.912788,-215.360077,92.082664,97.666397
1310,10.916667,-0.008792,0.408043,0.014635,0.912803,-215.359253,92.082542,97.666992
1311,10.925000,-0.008806,0.408101,0.014645,0.912777,-215.359116,92.081398,97.666573
1312,10.933333,-0.008912,0.408078,0.014649,0.912786,-215.359528,92.081429,97.665825
1313,10.941667,-0.008787,0.408028,0.014664,0.912809,-215.359833,92.081779,97.665695
1314,10.950000,-0.008806,0.408083,0.014695,0.912784,-215.359909,92.080971,97.665565
1315,10.958333,-0.008951,0.408110,0.014667,0.912771,-215.360641,92.080269,97.665222
1316,10.966667,-0.008930,0.408099,0.014601,0.912777,-215.361282,92.080833,97.664871
1317,10.975000,-0.008984,0.408126,0.014574,0.912765,-215.362030,92.081078,97.663895
1318,10.983333,-0.009031,0.408133,0.014546,0.912762,-215.361954,92.080551,97.664490
1319,10.991667,-0.008912,0.408094,0.014556,0.912780,-215.362259,92.081726,97.665253
1320,11.000000,-0.009055,0.408064,0.014593,0.912792,-215.362000,92.082390,97.665039
1321,11.008333,-0.008834,0.408065,0.014441,0.912796,-215.361694,92.082504,97.665421
1322,11.016667,-0.008833,0.408144,0.014498,0.912760,-215.362259,92.083267,97.664726
1323,11.025000,-0.008943,0.408118,0.014470,0.912771,-215.362411,92.082924,97.665016
1324,11.033333,-0.008864,0.408116,0.014434,0.912773,-215.362503,92.082802,97.665146
1325,11.041667,-0.008816,0.408157,0.014427,0.912755,-215.362030,92.082855,97.664856
1326,11.050000,-0.008807,0.408151,0.014534,0.912756,-215.362335,92.082870,97.665176
1327,11.058333,-0.008850,0.408125,0.014496,0.912768,-215.361053,92.083054,97.664040
1328,11.066667,-0.008872,0.408102,0.014511,0.912778,-215.360138,92.083092,97.663879
1329,11.075000,-0.008836,0.408116,0.014563,0.912771,-215.360886,92.083206,97.664742
1330,11.083333,-0.008726,0.408078,0.014553,0.912790,-215.360840,92.082817,97.664139
1331,11.091667,-0.008835,0.408029,0.014479,0.912811,-215.361069,92.081650,97.663437
1332,11.100000,-0.009002,0.408081,0.014468,0.912787,-215.361435,92.080376,97.663101
1333,11.108333,-0.008753,0.408123,0.014525,0.912770,-215.362305,92.081764,97.662560
1334,11.116667,-0.008932,0.408109,0.014536,0.912774,-215.361816,92.080765,97.662376
1335,11.125000,-0.009080,0.408121,0.014456,0.912768,-215.361435,92.081085,97.661850
1336,11.133333,-0.008920,0.408133,0.014407,0.912765,-215.361572,92.080452,97.661850
1337,11.141667,-0.008865,0.408144,0.014378,0.912761,-215.361435,92.080162,97.663498
1338,11.150000,-0.009024,0.408070,0.014496,0.912791,-215.362091,92.080887,97.662964
1339,11.158333,-0.009022,0.408110,0.014515,0.912773,-215.361816,92.081009,97.664131
