Format Version,1.25,Take Name,Take 2025-11-27 04.54.31 PM,Take Notes,,Capture Frame Rate,120.000000,Export Frame Rate,120.000000,Capture Start Time,2025-11-27 04.54.32.270 PM,Capture Start Frame,2527215,Total Frames in Take,1393,Total Exported Frames,1393,Rotation Type,Quaternion,Length Units,Centimeters,Coordinate Space,Global

,Type,Rigid Body,Rigid Body,Rigid Body,Rigid Body,Rigid Body,Rigid Body,Rigid Body
,Name,SEE_large,SEE_large,SEE_large,SEE_large,SEE_large,SEE_large,SEE_large
,ID,B4680608301811F031C44B617C10C291,B4680608301811F031C44B617C10C291,B4680608301811F031C44B617C10C291,B4680608301811F031C44B617C10C291,B4680608301811F031C44B617C10C291,B4680608301811F031C44B617C10C291,B4680608301811F031C44B617C10C291
,Parent,,,,,,,
,,Rotation,Rotation,Rotation,Rotation,Position,Position,Position
Frame,Time (Seconds),X,Y,Z,W,X,Y,Z
0,0.000000,-0.004809,0.397196,0.013736,0.917619,-215.883209,92.187347,84.024544
1,0.008333,-0.004848,0.397239,0.013749,0.917600,-215.882919,92.187218,84.025421
2,0.016667,-0.004793,0.397232,0.013557,0.917606,-215.881653,92.186066,84.026947
3,0.025000,-0.004751,0.397242,0.013533,0.917602,-215.880997,92.185593,84.028366
4,0.033333,-0.004729,0.397222,0.013655,0.917609,-215.881226,92.186539,84.030769
5,0.041667,-0.004564,0.397156,0.013611,0.917639,-215.880371,92.187729,84.031670
6,0.050000,-0.004563,0.397170,0.013536,0.917634,-215.880234,92.187271,84.031654
7,0.058333,-0.004551,0.397188,0.013500,0.917627,-215.880936,92.186028,84.030571
8,0.066667,-0.004595,0.397261,0.013584,0.917594,-215.882523,92.186943,84.028313
9,0.075000,-0.004531,0.397279,0.013554,0.917587,-215.882996,92.185524,84.026978
10,0.083333,-0.004565,0.397246,0.013566,0.917601,-215.883713,92.184677,84.025177
11,0.091667,-0.004664,0.397292,0.013479,0.917581,-215.885086,92.184296,84.024277
12,0.100000,-0.004797,0.397265,0.013546,0.917591,-215.885513,92.184158,84.023781
13,0.108333,-0.004850,0.397212,0.013575,0.917614,-215.885239,92.183777,84.022995
14,0.116667,-0.004939,0.397254,0.013660,0.917594,-215.884995,92.183167,84.022377
15,0.125000,-0.005103,0.397245,0.013511,0.917599,-215.884644,92.182938,84.022156
16,0.133333,-0.005241,0.397239,0.013473,0.917601,-215.885086,92.182884,84.022224
17,0.141667,-0.005457,0.397241,0.013545,0.917598,-215.884659,92.183014,84.021820
18,0.150000,-0.005856,0.397221,0.013428,0.917606,-215.883133,92.180550,84.020897
19,0.158333,-0.006916,0.397113,0.012958,0.917652,-215.881012,92.174362,84.019020
20,0.166667,-0.008490,0.396922,0.012618,0.917726,-215.878265,92.166977,84.016121
21,0.175000,-0.009083,0.396849,0.012339,0.917756,-215.876419,92.163933,84.016968
22,0.183333,-0.009386,0.396768,0.012263,0.917789,-215.875153,92.162193,84.017395
23,0.191667,-0.009167,0.396593,0.012067,0.917869,-215.872192,92.162971,84.020004
24,0.200000,-0.008655,0.396607,0.012373,0.917864,-215.871979,92.165871,84.019485
25,0.208333,-0.008508,0.396578,0.012416,0.917878,-215.871735,92.166756,84.018967
26,0.216667,-0.008421,0.396553,0.012556,0.917887,-215.871613,92.166557,84.017273
27,0.225000,-0.008639,0.396574,0.012565,0.917876,-215.872498,92.166367,84.016953
28,0.233333,-0.008875,0.396566,0.012543,0.917877,-215.872879,92.164993,84.015663
29,0.241667,-0.008927,0.396564,0.012489,0.917879,-215.873169,92.164711,84.014534
30,0.250000,-0.008968,0.396562,0.012513,0.917879,-215.873795,92.164619,84.013351
31,0.258333,-0.008988,0.396548,0.012486,0.917885,-215.874191,92.165833,84.014351
32,0.266667,-0.009031,0.396520,0.012575,0.917896,-215.873413,92.165016,84.014961
33,0.275000,-0.008987,0.396583,0.012613,0.917868,-215.872986,92.164192,84.014427
34,0.283333,-0.008862,0.396577,0.012599,0.917872,-215.872833,92.164970,84.015778
35,0.291667,-0.008795,0.396612,0.012586,0.917858,-215.872711,92.166847,84.017395
36,0.300000,-0.008786,0.396556,0.012597,0.917882,-215.872009,92.166328,84.019981
37,0.308333,-0.008826,0.396578,0.012395,0.917875,-215.871124,92.165161,84.021721
38,0.316667,-0.008754,0.396621,0.012352,0.917858,-215.871185,92.163589,84.021599
39,0.325000,-0.008882,0.396608,0.012263,0.917863,-215.871262,92.163773,84.019836
40,0.333333,-0.008750,0.396664,0.012413,0.917838,-215.872437,92.165207,84.019211
41,0.341667,-0.008851,0.396585,0.012447,0.917871,-215.872986,92.165749,84.018593
42,0.350000,-0.008954,0.396593,0.012448,0.917867,-215.873306,92.165451,84.016380
43,0.358333,-0.008996,0.396573,0.012498,0.917874,-215.873337,92.164497,84.014549
44,0.366667,-0.009118,0.396569,0.012480,0.917875,-215.874176,92.163834,84.013245
45,0.375000,-0.009117,0.396543,0.012640,0.917884,-215.874313,92.164696,84.012627
46,0.383333,-0.009176,0.396500,0.012677,0.917901,-215.873169,92.164268,84.010971
47,0.391667,-0.009103,0.396566,0.012694,0.917873,-215.872925,92.164803,84.010223
48,0.400000,-0.009038,0.396560,0.012708,0.917876,-215.873413,92.166656,84.011452
49,0.408333,-0.008956,0.396556,0.012760,0.917878,-215.872986,92.167007,84.012573
50,0.416667,-0.009004,0.396528,0.012693,0.917891,-215.871719,92.166023,84.012375
51,0.425000,-0.008840,0.396522,0.012660,0.917896,-215.871399,92.165565,84.012932
52,0.433333,-0.008839,0.396566,0.012531,0.917878,-215.871429,92.164520,84.013901
53,0.441667,-0.008825,0.396623,0.012522,0.917854,-215.871246,92.165062,84.014977
54,0.450000,-0.008669,0.396573,0.012459,0.917878,-215.869644,92.165932,84.016151
55,0.458333,-0.008744,0.396576,0.012495,0.917875,-215.867493,92.165848,84.017937
56,0.466667,-0.008757,0.396645,0.012385,0.917847,-215.866516,92.165703,84.019875
57,0.475000,-0.008531,0.396615,0.012344,0.917862,-215.864700,92.165993,84.020111
58,0.483333,-0.008748,0.396565,0.012523,0.917879,-215.864395,92.167114,84.018799
59,0.491667,-0.008848,0.396534,0.012542,0.917892,-215.864304,92.168083,84.017990
60,0.500000,-0.008753,0.396535,0.012600,0.917892,-215.864517,92.168900,84.015747
61,0.508333,-0.008788,0.396555,0.012545,0.917883,-215.865082,92.167778,84.014236
62,0.516667,-0.008641,0.396589,0.012689,0.917868,-215.865875,92.168701,84.013153
63,0.525000,-0.008980,0.396523,0.012801,0.917892,-215.865845,92.167526,84.011971
64,0.533333,-0.009139,0.396509,0.012891,0.917895,-215.865356,92.166725,84.010551
65,0.541667,-0.009042,0.396502,0.012755,0.917901,-215.863892,92.166733,84.011223
66,0.550000,-0.008976,0.396582,0.012705,0.917868,-215.863663,92.168518,84.011215
67,0.558333,-0.008967,0.396547,0.012653,0.917884,-215.863174,92.168678,84.012329
68,0.566667,-0.008937,0.396529,0.012590,0.917892,-215.862625,92.168388,84.013657
69,0.575000,-0.008825,0.396582,0.012646,0.917870,-215.862900,92.168839,84.014938
70,0.583333,-0.008761,0.396558,0.012379,0.917884,-215.863174,92.167923,84.017601
71,0.591667,-0.008730,0.396667,0.012318,0.917838,-215.863968,92.166313,84.020576
72,0.600000,-0.008512,0.396661,0.012363,0.917843,-215.865250,92.168175,84.023010
73,0.608333,-0.008568,0.396603,0.012442,0.917866,-215.866776,92.170120,84.025955
74,0.616667,-0.008578,0.396554,0.012543,0.917886,-215.867584,92.170074,84.026970
75,0.625000,-0.008608,0.396546,0.012611,0.917888,-215.868210,92.169479,84.024857
76,0.633333,-0.008721,0.396573,0.012566,0.917876,-215.869690,92.169868,84.021935
77,0.641667,-0.009020,0.396537,0.012795,0.917885,-215.871475,92.169693,84.016876
78,0.650000,-0.008833,0.396570,0.012934,0.917871,-215.873932,92.171051,84.012451
79,0.658333,-0.009155,0.396607,0.013017,0.917851,-215.877457,92.170700,84.005699
80,0.666667,-0.009111,0.396527,0.013035,0.917885,-215.879608,92.168739,84.000275
81,0.675000,-0.009236,0.396604,0.013075,0.917850,-215.881561,92.166748,83.999489
82,0.683333,-0.008842,0.396692,0.013077,0.917816,-215.885071,92.168556,84.001694
83,0.691667,-0.008949,0.396736,0.013218,0.917794,-215.889069,92.169601,84.001534
84,0.700000,-0.009105,0.396799,0.013193,0.917765,-215.894989,92.168747,84.002533
85,0.708333,-0.009488,0.396918,0.013242,0.917710,-215.906143,92.168831,84.006454
86,0.716667,-0.009443,0.397026,0.013497,0.917660,-215.920944,92.169731,84.013901
87,0.725000,-0.009706,0.396632,0.014301,0.917815,-215.939240,92.172607,84.026268
88,0.733333,-0.009875,0.396502,0.015073,0.917857,-215.958542,92.177513,84.036949
89,0.741667,-0.010108,0.396274,0.016117,0.917935,-215.977173,92.180733,84.044647
90,0.750000,-0.009619,0.396031,0.017213,0.918025,-215.995651,92.184563,84.053070
91,0.758333,-0.009744,0.395868,0.018231,0.918075,-216.012161,92.184784,84.058640
92,0.766667,-0.009563,0.395794,0.018878,0.918096,-216.025833,92.183327,84.060844
93,0.775000,-0.009532,0.395813,0.019072,0.918084,-216.036179,92.181816,84.062263
94,0.783333,-0.009639,0.396079,0.018872,0.917972,-216.043015,92.178009,84.056725
95,0.791667,-0.009786,0.396270,0.018396,0.917898,-216.044830,92.174324,84.052414
96,0.800000,-0.009708,0.396484,0.018061,0.917813,-216.043213,92.173027,84.048363
97,0.808333,-0.009296,0.396597,0.017900,0.917771,-216.042084,92.174461,84.045860
98,0.816667,-0.009124,0.396443,0.018777,0.917822,-216.058609,92.168671,84.047424
99,0.825000,-0.008999,0.396447,0.019244,0.917812,-216.066223,92.169060,84.049965
100,0.833333,-0.008689,0.396265,0.019660,0.917885,-216.075806,92.173347,84.052208
101,0.841667,-0.008338,0.396367,0.020217,0.917832,-216.088058,92.175758,84.056076
102,0.850000,-0.007900,0.396350,0.020426,0.917838,-216.104645,92.176933,84.058937
103,0.858333,-0.007468,0.396642,0.020558,0.917713,-216.112183,92.180092,84.060028
104,0.866667,-0.007239,0.396924,0.020233,0.917600,-216.122894,92.184891,84.062607
105,0.875000,-0.007376,0.397170,0.020269,0.917491,-216.136932,92.189392,84.065910
106,0.883333,-0.007579,0.397273,0.020902,0.917431,-216.152069,92.191299,84.069916
107,0.891667,-0.007596,0.397270,0.021294,0.917423,-216.167801,92.192551,84.074440
108,0.900000,-0.007449,0.397334,0.021821,0.917384,-216.183762,92.192169,84.079025
109,0.908333,-0.007470,0.397471,0.022329,0.917313,-216.200516,92.190361,84.082451
110,0.916667,-0.007546,0.397687,0.022691,0.917209,-216.215393,92.189598,84.084274
111,0.925000,-0.007623,0.397759,0.023215,0.917165,-216.228394,92.188995,84.086922
112,0.933333,-0.007614,0.397749,0.023497,0.917162,-216.236069,92.186913,84.087997
113,0.941667,-0.007712,0.397710,0.023914,0.917167,-216.242126,92.186073,84.087517
114,0.950000,-0.007779,0.397646,0.024260,0.917185,-216.244217,92.186920,84.086586
115,0.958333,-0.007861,0.397595,0.024531,0.917199,-216.244537,92.187622,84.084068
116,0.966667,-0.007786,0.397572,0.024670,0.917206,-216.244720,92.189445,84.083679
117,0.975000,-0.007962,0.397652,0.024668,0.917170,-216.249084,92.192291,84.081154
118,0.983333,-0.008125,0.397725,0.024886,0.917131,-216.257507,92.193771,84.079239
119,0.991667,-0.008270,0.397782,0.025308,0.917094,-216.270111,92.196495,84.079353
120,1.000000,-0.008392,0.397741,0.025796,0.917097,-216.284515,92.197098,84.081116
121,1.008333,-0.008500,0.397662,0.026361,0.917114,-216.301682,92.196579,84.081390
122,1.016667,-0.009359,0.397498,0.027790,0.917134,-216.321228,92.203316,84.085197
123,1.025000,-0.009785,0.397233,0.028522,0.917222,-216.333862,92.206810,84.090492
124,1.033333,-0.010055,0.397148,0.028848,0.917246,-216.344070,92.207855,84.095993
125,1.041667,-0.010167,0.397151,0.028937,0.917241,-216.356537,92.209656,84.098228
126,1.050000,-0.010158,0.397134,0.028773,0.917253,-216.369446,92.210747,84.099785
127,1.058333,-0.009931,0.397192,0.028864,0.917228,-216.382095,92.210281,84.100883
128,1.066667,-0.009711,0.397265,0.028852,0.917199,-216.393250,92.210503,84.100983
129,1.075000,-0.009647,0.397338,0.029144,0.917159,-216.398315,92.208275,84.098663
130,1.083333,-0.009635,0.397441,0.029115,0.917115,-216.397064,92.206490,84.098389
131,1.091667,-0.009794,0.397640,0.029237,0.917023,-216.390015,92.206718,84.096596
132,1.100000,-0.009643,0.397907,0.029199,0.916910,-216.376190,92.207146,84.095665
133,1.108333,-0.009510,0.398041,0.029090,0.916857,-216.364914,92.209007,84.092224
134,1.116667,-0.009641,0.398143,0.028940,0.916816,-216.358856,92.211678,84.090546
135,1.125000,-0.009908,0.398133,0.028995,0.916816,-216.357330,92.212746,84.088654
136,1.133333,-0.009994,0.398134,0.029045,0.916813,-216.358902,92.214081,84.087845
137,1.141667,-0.009992,0.398081,0.029094,0.916834,-216.361404,92.214355,84.086853
138,1.150000,-0.009806,0.398153,0.029191,0.916802,-216.362686,92.213211,84.087807
139,1.158333,-0.009834,0.398079,0.029167,0.916835,-216.365265,92.212082,84.086899
140,1.166667,-0.009767,0.398104,0.029089,0.916827,-216.366623,92.210449,84.089584
141,1.175000,-0.009816,0.398086,0.028987,0.916838,-216.370102,92.211517,84.090599
142,1.183333,-0.009797,0.398104,0.028958,0.916831,-216.372818,92.211945,84.093262
143,1.191667,-0.009864,0.398129,0.028898,0.916821,-216.376877,92.210793,84.096161
144,1.200000,-0.009865,0.398120,0.029089,0.916819,-216.381668,92.210106,84.097862
145,1.208333,-0.009753,0.398137,0.028978,0.916816,-216.385727,92.209114,84.101181
146,1.216667,-0.009603,0.398174,0.028970,0.916802,-216.389893,92.210594,84.102486
147,1.225000,-0.009626,0.398207,0.029146,0.916782,-216.393906,92.212166,84.101479
148,1.233333,-0.009729,0.398199,0.029161,0.916784,-216.395279,92.211998,84.101280
149,1.241667,-0.009891,0.398199,0.029446,0.916773,-216.393372,92.211494,84.100166
150,1.250000,-0.009865,0.398154,0.029408,0.916794,-216.388840,92.211182,84.099403
151,1.258333,-0.009801,0.398202,0.029470,0.916772,-216.382599,92.211166,84.096703
152,1.266667,-0.009768,0.398270,0.029389,0.916745,-216.376877,92.211578,84.094254
153,1.275000,-0.009783,0.398301,0.029362,0.916733,-216.373184,92.212769,84.090881
154,1.283333,-0.009776,0.398382,0.029291,0.916700,-216.372101,92.214401,84.090294
155,1.291667,-0.009853,0.398335,0.029335,0.916718,-216.372162,92.214439,84.089264
156,1.300000,-0.009911,0.398363,0.029357,0.916704,-216.373413,92.214088,84.089211
157,1.308333,-0.010011,0.398342,0.029377,0.916712,-216.377350,92.214043,84.089622
158,1.316667,-0.009804,0.398276,0.029337,0.916744,-216.381210,92.214523,84.091881
159,1.325000,-0.009679,0.398248,0.029449,0.916754,-216.385696,92.214134,84.093407
160,1.333333,-0.009773,0.398212,0.029386,0.916771,-216.390854,92.214172,84.094376
161,1.341667,-0.009813,0.398253,0.029405,0.916752,-216.394562,92.213692,84.097244
162,1.350000,-0.009843,0.398261,0.029294,0.916751,-216.398544,92.213043,84.098663
163,1.358333,-0.009905,0.398340,0.029279,0.916717,-216.402222,92.212631,84.100777
164,1.366667,-0.009989,0.398335,0.029326,0.916717,-216.404541,92.212875,84.100754
165,1.375000,-0.009998,0.398349,0.029372,0.916709,-216.405151,92.212204,84.102005
166,1.383333,-0.009829,0.398430,0.029361,0.916676,-216.403549,92.212479,84.101974
167,1.391667,-0.009820,0.398448,0.029327,0.916669,-216.400986,92.211891,84.100739
168,1.400000,-0.009725,0.398472,0.029283,0.916661,-216.397141,92.211571,84.099113
169,1.408333,-0.009823,0.398472,0.029447,0.916655,-216.395157,92.212997,84.096512
170,1.416667,-0.009887,0.398430,0.029437,0.916673,-216.393143,92.212921,84.094635
171,1.425000,-0.009966,0.398410,0.029484,0.916679,-216.392273,92.213898,84.093338
172,1.433333,-0.010021,0.398409,0.029516,0.916678,-216.391113,92.213646,84.092110
173,1.441667,-0.009992,0.398382,0.029503,0.916691,-216.389038,92.211098,84.090515
174,1.450000,-0.010053,0.398395,0.029511,0.916684,-216.389221,92.212517,84.090553
175,1.458333,-0.010020,0.398395,0.029472,0.916685,-216.389374,92.212746,84.090630
176,1.466667,-0.010131,0.398414,0.029385,0.916679,-216.392395,92.213852,84.091331
177,1.475000,-0.010047,0.398435,0.029370,0.916671,-216.396027,92.214493,84.093407
178,1.483333,-0.010045,0.398437,0.029378,0.916670,-216.400726,92.214813,84.095093
179,1.491667,-0.009931,0.398403,0.029496,0.916682,-216.404846,92.214363,84.097466
180,1.500000,-0.010091,0.398391,0.029611,0.916682,-216.408783,92.215660,84.099113
181,1.508333,-0.009993,0.398372,0.029716,0.916688,-216.408539,92.214653,84.100639
182,1.516667,-0.009785,0.398384,0.029665,0.916687,-216.406250,92.213303,84.101799
183,1.525000,-0.009795,0.398428,0.029527,0.916672,-216.404465,92.213264,84.102119
184,1.533333,-0.009766,0.398471,0.029522,0.916654,-216.401596,92.213196,84.101555
185,1.541667,-0.009804,0.398473,0.029419,0.916656,-216.398880,92.213264,84.100365
186,1.550000,-0.009811,0.398487,0.029418,0.916650,-216.395111,92.212418,84.098671
187,1.558333,-0.009890,0.398497,0.029410,0.916645,-216.392441,92.212051,84.097076
188,1.566667,-0.010060,0.398483,0.029371,0.916650,-216.391068,92.212387,84.094879
189,1.575000,-0.010096,0.398458,0.029325,0.916662,-216.390396,92.211441,84.093330
190,1.583333,-0.010144,0.398465,0.029402,0.916656,-216.390610,92.212593,84.091347
191,1.591667,-0.010032,0.398419,0.029346,0.916679,-216.391327,92.212212,84.091118
192,1.600000,-0.009919,0.398455,0.029378,0.916664,-216.393311,92.212349,84.091011
193,1.608333,-0.009993,0.398428,0.029381,0.916675,-216.395691,92.212715,84.090897
194,1.616667,-0.010002,0.398419,0.029368,0.916679,-216.398376,92.212524,84.092506
195,1.625000,-0.010078,0.398427,0.029278,0.916677,-216.401260,92.213127,84.094200
196,1.633333,-0.009844,0.398398,0.029334,0.916691,-216.403931,92.212967,84.095390
197,1.641667,-0.009878,0.398209,0.029046,0.916782,-216.409805,92.217155,84.093056
198,1.650000,-0.009855,0.398166,0.029117,0.916798,-216.412659,92.217514,84.094292
199,1.658333,-0.009981,0.398053,0.029017,0.916849,-216.415054,92.219452,84.095222
200,1.666667,-0.009924,0.397967,0.028900,0.916891,-216.415070,92.219528,84.094910
201,1.675000,-0.010068,0.397963,0.028712,0.916897,-216.414337,92.222496,84.095123
202,1.683333,-0.010119,0.397914,0.028250,0.916932,-216.411591,92.224625,84.094772
203,1.691667,-0.010191,0.397807,0.027871,0.916989,-216.409424,92.226402,84.090553
204,1.700000,-0.010286,0.397763,0.027474,0.917019,-216.407135,92.229439,84.086121
205,1.708333,-0.010447,0.397662,0.027210,0.917069,-216.404083,92.232109,84.081657
206,1.716667,-0.010589,0.397600,0.027044,0.917099,-216.400665,92.234215,84.077003
207,1.725000,-0.010707,0.397527,0.026757,0.917138,-216.398544,92.236908,84.075119
208,1.733333,-0.010623,0.397521,0.026649,0.917144,-216.396622,92.238197,84.072914
209,1.741667,-0.010683,0.397648,0.026480,0.917094,-216.397476,92.240486,84.071922
210,1.750000,-0.010736,0.397647,0.026503,0.917093,-216.399567,92.238373,84.071884
211,1.758333,-0.010765,0.397673,0.026555,0.917080,-216.403290,92.237846,84.072533
212,1.766667,-0.010555,0.397655,0.026646,0.917087,-216.405670,92.235306,84.073662
213,1.775000,-0.010498,0.397686,0.026923,0.917067,-216.409134,92.233223,84.076378
214,1.783333,-0.010440,0.397759,0.027175,0.917028,-216.412048,92.231903,84.079544
215,1.791667,-0.010378,0.397739,0.027282,0.917034,-216.413879,92.230728,84.082603
216,1.800000,-0.010354,0.397742,0.027351,0.917031,-216.415756,92.230721,84.085526
217,1.808333,-0.010390,0.397727,0.027454,0.917034,-216.416855,92.231628,84.087143
218,1.816667,-0.010386,0.397752,0.027463,0.917023,-216.416412,92.231712,84.087982
219,1.825000,-0.010315,0.397712,0.027443,0.917042,-216.414886,92.230843,84.087860
220,1.833333,-0.010313,0.397722,0.027367,0.917040,-216.412521,92.230835,84.087456
221,1.841667,-0.010462,0.397723,0.027207,0.917042,-216.410370,92.231659,84.086624
222,1.850000,-0.010457,0.397733,0.027037,0.917043,-216.406754,92.231209,84.084290
223,1.858333,-0.010420,0.397728,0.026961,0.917048,-216.402725,92.230782,84.081596
224,1.866667,-0.010358,0.397766,0.026992,0.917031,-216.400070,92.232803,84.079773
225,1.875000,-0.010421,0.397725,0.027024,0.917047,-216.397186,92.233078,84.077133
226,1.883333,-0.010405,0.397696,0.026965,0.917062,-216.395538,92.233131,84.075577
227,1.891667,-0.010368,0.397687,0.026942,0.917067,-216.395325,92.234077,84.074776
228,1.900000,-0.010454,0.397647,0.027043,0.917080,-216.396622,92.235008,84.074036
229,1.908333,-0.010583,0.397687,0.027041,0.917062,-216.399246,92.235504,84.073608
230,1.916667,-0.010484,0.397696,0.026954,0.917061,-216.403290,92.234848,84.076080
231,1.925000,-0.010393,0.397685,0.027111,0.917063,-216.408081,92.234283,84.077820
232,1.933333,-0.010484,0.397716,0.027267,0.917043,-216.411453,92.233856,84.079376
233,1.941667,-0.010339,0.397728,0.027347,0.917038,-216.413116,92.233681,84.082588
234,1.950000,-0.010333,0.397720,0.027476,0.917037,-216.413452,92.232094,84.083961
235,1.958333,-0.010315,0.397723,0.027309,0.917041,-216.413666,92.231079,84.086052
236,1.966667,-0.010274,0.397741,0.027308,0.917034,-216.413467,92.230888,84.086899
237,1.975000,-0.010374,0.397769,0.027298,0.917021,-216.412689,92.230461,84.087227
238,1.983333,-0.010344,0.397804,0.027160,0.917010,-216.411011,92.230499,84.087173
239,1.991667,-0.010268,0.397786,0.027075,0.917021,-216.409225,92.230675,84.086273
240,2.000000,-0.010234,0.397779,0.026933,0.917029,-216.407150,92.229691,84.084297
241,2.008333,-0.010198,0.397804,0.026932,0.917018,-216.405319,92.230072,84.082596
242,2.016667,-0.010279,0.397827,0.026905,0.917008,-216.403168,92.231026,84.080086
243,2.025000,-0.010255,0.397785,0.026899,0.917027,-216.401154,92.231354,84.078773
244,2.033333,-0.010396,0.397745,0.027082,0.917037,-216.399689,92.230911,84.076965
245,2.041667,-0.010475,0.397715,0.027079,0.917050,-216.398834,92.232498,84.075890
246,2.050000,-0.010516,0.397725,0.027088,0.917044,-216.398697,92.233101,84.075623
247,2.058333,-0.010487,0.397702,0.027106,0.917054,-216.401047,92.234406,84.076096
248,2.066667,-0.010409,0.397724,0.027000,0.917049,-216.403336,92.234352,84.076653
249,2.075000,-0.010230,0.397754,0.027155,0.917033,-216.406006,92.234032,84.077057
250,2.083333,-0.010289,0.397757,0.027191,0.917030,-216.409515,92.234291,84.079124
251,2.091667,-0.010322,0.397735,0.027238,0.917038,-216.411545,92.234360,84.081009
252,2.100000,-0.010450,0.397687,0.027471,0.917050,-216.413742,92.234077,84.082619
253,2.108333,-0.010513,0.397723,0.027461,0.917034,-216.413193,92.234406,84.085770
254,2.116667,-0.010498,0.397773,0.027470,0.917012,-216.413116,92.234261,84.088142
255,2.125000,-0.010471,0.397714,0.027441,0.917039,-216.413757,92.232620,84.088600
256,2.133333,-0.010475,0.397711,0.027359,0.917043,-216.414474,92.232735,84.088661
257,2.141667,-0.010274,0.397746,0.027409,0.917029,-216.413239,92.231850,84.088150
258,2.150000,-0.010304,0.397834,0.027524,0.916986,-216.413528,92.232826,84.087082
259,2.158333,-0.010058,0.397853,0.027253,0.916989,-216.411072,92.231888,84.086319
260,2.166667,-0.010219,0.397861,0.027204,0.916986,-216.409729,92.231491,84.083344
261,2.175000,-0.010305,0.397853,0.027180,0.916988,-216.409271,92.230652,84.080978
262,2.183333,-0.010353,0.397872,0.027096,0.916982,-216.408707,92.230682,84.079704
263,2.191667,-0.010355,0.397817,0.027114,0.917006,-216.408371,92.231102,84.078362
264,2.200000,-0.010396,0.397842,0.027106,0.916995,-216.408569,92.231674,84.077881
265,2.208333,-0.010390,0.397832,0.027071,0.917000,-216.408371,92.230812,84.077148
266,2.216667,-0.010472,0.397800,0.027103,0.917012,-216.410278,92.231438,84.077759
267,2.225000,-0.010417,0.397858,0.027251,0.916983,-216.413025,92.232635,84.079346
268,2.233333,-0.010309,0.397828,0.027341,0.916995,-216.414520,92.232445,84.080879
269,2.241667,-0.010165,0.397849,0.027476,0.916983,-216.416046,92.233643,84.082428
270,2.250000,-0.010001,0.397870,0.027400,0.916978,-216.417267,92.234955,84.085258
271,2.258333,-0.010090,0.397858,0.027449,0.916981,-216.417603,92.235329,84.086700
272,2.266667,-0.010233,0.397863,0.027499,0.916976,-216.415863,92.233948,84.087761
273,2.275000,-0.010188,0.397921,0.027341,0.916956,-216.413834,92.234444,84.088882
274,2.283333,-0.010102,0.397867,0.027372,0.916979,-216.411758,92.233765,84.087662
275,2.291667,-0.010052,0.397863,0.027279,0.916984,-216.409729,92.233444,84.087059
276,2.300000,-0.010127,0.397875,0.027279,0.916978,-216.407257,92.232857,84.084610
277,2.308333,-0.010343,0.397914,0.027323,0.916957,-216.405609,92.232910,84.083565
278,2.316667,-0.010369,0.397839,0.027192,0.916993,-216.404465,92.232178,84.082237
279,2.325000,-0.010382,0.397872,0.027112,0.916981,-216.404541,92.232384,84.081284
280,2.333333,-0.010341,0.397871,0.027140,0.916982,-216.406006,92.232407,84.078888
281,2.341667,-0.010186,0.397865,0.027142,0.916986,-216.407532,92.232811,84.078690
282,2.350000,-0.010260,0.397886,0.027277,0.916972,-216.409424,92.233681,84.077492
283,2.358333,-0.010273,0.397867,0.027208,0.916982,-216.410538,92.231857,84.078278
284,2.366667,-0.010311,0.397866,0.027184,0.916983,-216.412643,92.231461,84.078636
285,2.375000,-0.010303,0.397890,0.027219,0.916971,-216.414398,92.231125,84.079689
286,2.383333,-0.010185,0.397854,0.027198,0.916989,-216.415924,92.231277,84.081238
287,2.391667,-0.010030,0.397880,0.027265,0.916977,-216.416641,92.231888,84.082909
288,2.400000,-0.010028,0.397852,0.027355,0.916987,-216.416855,92.231430,84.084267
289,2.408333,-0.010090,0.397919,0.027420,0.916955,-216.415909,92.231071,84.086349
290,2.416667,-0.010182,0.397926,0.027556,0.916947,-216.416290,92.231720,84.087402
291,2.425000,-0.010203,0.397913,0.027450,0.916956,-216.415054,92.232185,84.088043
292,2.433333,-0.010193,0.397908,0.027464,0.916957,-216.413544,92.232933,84.088074
293,2.441667,-0.010166,0.397867,0.027473,0.916975,-216.411240,92.233017,84.087845
294,2.450000,-0.010280,0.397884,0.027400,0.916969,-216.408630,92.232925,84.086929
295,2.458333,-0.010316,0.397895,0.027308,0.916967,-216.405945,92.232811,84.085068
296,2.466667,-0.010270,0.397857,0.027244,0.916985,-216.403610,92.232323,84.082863
297,2.475000,-0.010293,0.397874,0.027225,0.916978,-216.403381,92.232864,84.081192
298,2.483333,-0.010370,0.397829,0.027221,0.916997,-216.403625,92.233948,84.079399
299,2.491667,-0.010400,0.397821,0.027298,0.916998,-216.403793,92.233292,84.079079
300,2.500000,-0.010437,0.397825,0.027317,0.916995,-216.406082,92.234413,84.078217
301,2.508333,-0.010371,0.397845,0.027288,0.916988,-216.408279,92.234718,84.078064
302,2.516667,-0.010362,0.397818,0.027266,0.917001,-216.410019,92.234467,84.078476
303,2.525000,-0.010330,0.397800,0.027330,0.917007,-216.411682,92.232666,84.078613
304,2.533333,-0.010187,0.397823,0.027407,0.916996,-216.413589,92.232292,84.080742
305,2.541667,-0.010178,0.397851,0.027385,0.916985,-216.414719,92.232445,84.082275
306,2.550000,-0.010060,0.397885,0.027232,0.916976,-216.414948,92.231750,84.084610
307,2.558333,-0.009918,0.397961,0.027243,0.916944,-216.416214,92.232712,84.086189
308,2.566667,-0.009990,0.397975,0.027208,0.916938,-216.416092,92.232079,84.086639
309,2.575000,-0.010088,0.397928,0.027249,0.916956,-216.414169,92.231361,84.087196
310,2.583333,-0.010233,0.397883,0.027162,0.916977,-216.412262,92.231941,84.087463
311,2.591667,-0.010294,0.397879,0.027257,0.916975,-216.410583,92.232201,84.086899
312,2.600000,-0.010368,0.397909,0.027234,0.916962,-216.408676,92.233467,84.086250
313,2.608333,-0.010334,0.397873,0.027286,0.916977,-216.406464,92.232468,84.084969
314,2.616667,-0.010308,0.397810,0.027384,0.917001,-216.405197,92.230972,84.082863
315,2.625000,-0.010461,0.397820,0.027260,0.916999,-216.405014,92.232018,84.081085
316,2.633333,-0.010400,0.397840,0.027204,0.916992,-216.404434,92.230736,84.079735
317,2.641667,-0.010361,0.397865,0.027182,0.916983,-216.404770,92.230789,84.078621
318,2.650000,-0.010328,0.397841,0.027127,0.916995,-216.406158,92.232971,84.078163
319,2.658333,-0.010281,0.397838,0.027183,0.916995,-216.408081,92.234207,84.077614
320,2.666667,-0.010270,0.397890,0.027189,0.916973,-216.409271,92.234413,84.078880
321,2.675000,-0.010226,0.397831,0.027315,0.916995,-216.411621,92.235931,84.079842
322,2.683333,-0.010094,0.397768,0.027453,0.917020,-216.411942,92.235497,84.080757
323,2.691667,-0.010227,0.397809,0.027484,0.916999,-216.413193,92.235718,84.082489
324,2.700000,-0.010225,0.397858,0.027442,0.916980,-216.413422,92.234749,84.084328
325,2.708333,-0.010294,0.397884,0.027425,0.916968,-216.412979,92.233604,84.085480
326,2.716667,-0.010252,0.397868,0.027265,0.916980,-216.412216,92.234184,84.086243
327,2.725000,-0.010153,0.397869,0.027299,0.916980,-216.410736,92.233070,84.086243
328,2.733333,-0.010125,0.397924,0.027257,0.916958,-216.410065,92.233696,84.086754
329,2.741667,-0.010149,0.397911,0.027235,0.916964,-216.408890,92.232864,84.086098
330,2.750000,-0.010185,0.397899,0.027210,0.916969,-216.408127,92.232285,84.085320
331,2.758333,-0.010281,0.397893,0.027202,0.916971,-216.407471,92.233276,84.084557
332,2.766667,-0.010198,0.397857,0.027221,0.916987,-216.406586,92.231842,84.083405
333,2.775000,-0.010215,0.397859,0.027304,0.916983,-216.406555,92.231865,84.081909
334,2.783333,-0.010298,0.397855,0.027289,0.916984,-216.407089,92.231354,84.080109
335,2.791667,-0.010395,0.397892,0.027261,0.916968,-216.408295,92.232582,84.080505
336,2.800000,-0.010403,0.397875,0.027341,0.916973,-216.409180,92.232460,84.078987
337,2.808333,-0.010358,0.397856,0.027253,0.916984,-216.409592,92.231789,84.078651
338,2.816667,-0.010441,0.397878,0.027231,0.916975,-216.410751,92.233055,84.078590
339,2.825000,-0.010334,0.397834,0.027395,0.916990,-216.411682,92.234077,84.079132
340,2.833333,-0.010193,0.397813,0.027418,0.917000,-216.412567,92.233948,84.081093
341,2.841667,-0.010029,0.397849,0.027521,0.916983,-216.413116,92.235191,84.082726
342,2.850000,-0.009933,0.397833,0.027495,0.916992,-216.413467,92.235855,84.083733
343,2.858333,-0.009984,0.397847,0.027429,0.916987,-216.413086,92.235634,84.084862
344,2.866667,-0.010091,0.397853,0.027547,0.916980,-216.412048,92.234436,84.085678
345,2.875000,-0.010255,0.397856,0.027488,0.916979,-216.410904,92.234779,84.086349
346,2.883333,-0.010289,0.397865,0.027403,0.916977,-216.409470,92.234367,84.087631
347,2.891667,-0.010221,0.397847,0.027359,0.916987,-216.408447,92.234207,84.087425
348,2.900000,-0.010262,0.397843,0.027258,0.916991,-216.407272,92.232658,84.085312
349,2.908333,-0.010337,0.397872,0.027169,0.916980,-216.406830,92.233498,84.083435
350,2.916667,-0.010352,0.397842,0.027163,0.916993,-216.405518,92.232201,84.082390
351,2.925000,-0.010350,0.397841,0.027174,0.916993,-216.405319,92.232803,84.081772
352,2.933333,-0.010314,0.397885,0.027280,0.916972,-216.405518,92.233032,84.079918
353,2.941667,-0.010213,0.397901,0.027312,0.916965,-216.405029,92.232872,84.080856
354,2.950000,-0.010328,0.397915,0.027284,0.916958,-216.404678,92.232544,84.080605
355,2.958333,-0.010324,0.397940,0.027241,0.916949,-216.404434,92.231178,84.080986
356,2.966667,-0.010298,0.397870,0.027191,0.916981,-216.404205,92.231079,84.079277
357,2.975000,-0.010326,0.397894,0.027150,0.916971,-216.403610,92.231331,84.078804
358,2.983333,-0.010342,0.397890,0.027104,0.916974,-216.402512,92.231850,84.079399
359,2.991667,-0.010305,0.397940,0.026958,0.916957,-216.401794,92.232048,84.083679
360,3.000000,-0.010077,0.398056,0.026810,0.916914,-216.400787,92.232323,84.088829
361,3.008333,-0.009836,0.398122,0.026662,0.916892,-216.398926,92.233421,84.094360
362,3.016667,-0.009934,0.398240,0.026433,0.916847,-216.397049,92.233711,84.104607
363,3.025000,-0.009891,0.398294,0.026307,0.916827,-216.392731,92.233208,84.116547
364,3.033333,-0.009669,0.398300,0.026126,0.916832,-216.388458,92.233253,84.131050
365,3.041667,-0.009220,0.398239,0.026042,0.916865,-216.383789,92.232758,84.145470
366,3.050000,-0.008888,0.398218,0.026023,0.916879,-216.379471,92.232819,84.163071
367,3.058333,-0.008100,0.398182,0.026188,0.916897,-216.373306,92.235329,84.181892
368,3.066667,-0.007516,0.398081,0.026304,0.916942,-216.366364,92.239143,84.201599
369,3.075000,-0.007044,0.398018,0.026111,0.916979,-216.358276,92.242744,84.220871
370,3.083333,-0.006373,0.397933,0.026036,0.917023,-216.350433,92.246696,84.242714
371,3.091667,-0.004619,0.397780,0.024674,0.917138,-216.339630,92.240196,84.273926
372,3.100000,-0.003384,0.397794,0.023765,0.917161,-216.329865,92.235199,84.294289
373,3.108333,-0.001866,0.397913,0.022858,0.917136,-216.311646,92.230743,84.318504
374,3.116667,-0.000736,0.398008,0.022138,0.917114,-216.288757,92.231819,84.339020
375,3.125000,0.000208,0.398119,0.021840,0.917074,-216.265610,92.232635,84.358246
376,3.133333,0.000965,0.398108,0.021606,0.917083,-216.247040,92.235863,84.374580
377,3.141667,0.001754,0.398199,0.023745,0.916990,-216.260742,92.218140,84.408752
378,3.150000,0.002168,0.398350,0.024184,0.916912,-216.250320,92.212463,84.426376
379,3.158333,0.002328,0.398721,0.024745,0.916735,-216.243881,92.212555,84.445122
380,3.166667,0.002677,0.398950,0.025139,0.916624,-216.242294,92.212639,84.458733
381,3.175000,0.002915,0.398826,0.025558,0.916666,-216.241882,92.213814,84.466949
382,3.183333,0.003041,0.398774,0.025742,0.916683,-216.242554,92.215752,84.472969
383,3.191667,0.003296,0.398753,0.025814,0.916689,-216.242310,92.215149,84.477486
384,3.200000,0.003300,0.398385,0.026422,0.916832,-216.243286,92.218529,84.488029
385,3.208333,0.003370,0.398190,0.026754,0.916907,-216.240997,92.221375,84.497818
386,3.216667,0.003425,0.398073,0.026651,0.916960,-216.228149,92.224838,84.500107
387,3.225000,0.003492,0.397967,0.026335,0.917015,-216.219360,92.230782,84.509293
388,3.233333,0.003806,0.397820,0.025662,0.917097,-216.212509,92.237305,84.521027
389,3.241667,0.003891,0.397742,0.025601,0.917132,-216.210434,92.242302,84.532310
390,3.250000,0.004123,0.397696,0.025776,0.917146,-216.209320,92.242836,84.541229
391,3.258333,0.004265,0.397693,0.026139,0.917136,-216.210129,92.240616,84.547623
392,3.266667,0.004236,0.397708,0.026738,0.917112,-216.215973,92.237984,84.550049
393,3.275000,0.004297,0.397781,0.027079,0.917071,-216.222794,92.235565,84.546791
394,3.283333,0.004169,0.397928,0.027338,0.917000,-216.230515,92.233002,84.538841
395,3.291667,0.003741,0.398031,0.027579,0.916950,-216.239502,92.232162,84.524040
396,3.300000,0.003103,0.398071,0.027700,0.916931,-216.250519,92.229942,84.498322
397,3.308333,0.002380,0.398114,0.027456,0.916922,-216.263870,92.228378,84.469170
398,3.316667,0.001814,0.398068,0.027038,0.916956,-216.279221,92.227402,84.441338
399,3.325000,0.001859,0.398402,0.025896,0.916844,-216.289978,92.224640,84.415863
400,3.333333,0.001943,0.398437,0.025150,0.916849,-216.296844,92.229286,84.406044
401,3.341667,0.002416,0.398186,0.024870,0.916964,-216.297150,92.238083,84.427017
402,3.350000,0.003525,0.398161,0.025669,0.916950,-216.292709,92.254738,84.475121
403,3.358333,0.004564,0.398251,0.026746,0.916875,-216.287140,92.283096,84.509880
404,3.366667,0.005019,0.398556,0.027967,0.916704,-216.278915,92.316620,84.528160
405,3.375000,0.006294,0.398601,0.028777,0.916651,-216.271927,92.369698,84.536720
406,3.383333,0.005785,0.398251,0.029490,0.916784,-216.272949,92.433479,84.545975
407,3.391667,0.004673,0.398162,0.030153,0.916808,-216.279388,92.496872,84.557632
408,3.400000,0.004301,0.397996,0.030850,0.916858,-216.282990,92.551262,84.571716
409,3.408333,0.004510,0.397921,0.031138,0.916880,-216.281982,92.599762,84.588020
410,3.416667,0.005214,0.398030,0.030953,0.916835,-216.275208,92.644012,84.600563
411,3.425000,0.005645,0.398127,0.029891,0.916826,-216.283798,92.692825,84.609787
412,3.433333,0.005788,0.398454,0.028746,0.916720,-216.277283,92.739830,84.612747
413,3.441667,0.005701,0.399058,0.028517,0.916464,-216.267532,92.782402,84.623611
414,3.450000,0.004899,0.399422,0.027933,0.916328,-216.262314,92.831268,84.638237
415,3.458333,0.003948,0.399571,0.028130,0.916262,-216.259079,92.883171,84.649185
416,3.466667,0.003751,0.399530,0.028835,0.916259,-216.255539,92.931847,84.654167
417,3.475000,0.002851,0.399318,0.029331,0.916339,-216.255814,92.990356,84.653816
418,3.483333,0.001659,0.398605,0.030889,0.916601,-216.267517,93.058937,84.652306
419,3.491667,0.001285,0.398806,0.029849,0.916549,-216.256882,93.143806,84.659279
420,3.500000,0.001386,0.398989,0.028936,0.916498,-216.246979,93.217918,84.662117
421,3.508333,0.001563,0.399232,0.028051,0.916420,-216.241196,93.281242,84.664291
422,3.516667,0.001816,0.399599,0.027542,0.916275,-216.238785,93.334999,84.663528
423,3.525000,0.001637,0.399805,0.027455,0.916188,-216.237930,93.386902,84.659119
424,3.533333,0.001402,0.399754,0.027612,0.916205,-216.235870,93.436501,84.660332
425,3.541667,0.000911,0.399529,0.027851,0.916297,-216.233582,93.482269,84.664932
426,3.550000,0.000462,0.399215,0.027988,0.916430,-216.232849,93.528320,84.670647
427,3.558333,-0.000678,0.398971,0.028858,0.916509,-216.235779,93.584862,84.676537
428,3.566667,-0.001233,0.398886,0.029039,0.916540,-216.234680,93.640411,84.681717
429,3.575000,-0.001398,0.399099,0.028717,0.916457,-216.231674,93.693886,84.687973
430,3.583333,-0.001014,0.399577,0.028122,0.916268,-216.230728,93.744209,84.699524
431,3.591667,-0.000519,0.399902,0.027600,0.916142,-216.232437,93.791519,84.704704
432,3.600000,-0.000031,0.399978,0.027271,0.916119,-216.233093,93.835190,84.705025
433,3.608333,-0.000454,0.399972,0.027051,0.916128,-216.235107,93.885475,84.706215
434,3.616667,-0.000994,0.399650,0.027206,0.916263,-216.244858,93.932976,84.705048
435,3.625000,-0.001745,0.399856,0.025621,0.916218,-216.235901,94.003975,84.702995
436,3.633333,-0.002313,0.399803,0.024709,0.916265,-216.226913,94.068405,84.699890
437,3.641667,-0.002874,0.399802,0.024091,0.916280,-216.217987,94.129074,84.694054
438,3.650000,-0.004254,0.399858,0.025142,0.916222,-216.211578,94.190536,84.686279
439,3.658333,-0.005440,0.399902,0.025603,0.916184,-216.203232,94.244942,84.678993
440,3.666667,-0.006432,0.399898,0.025493,0.916183,-216.200836,94.296684,84.674088
441,3.675000,-0.007191,0.399908,0.025350,0.916177,-216.202408,94.345207,84.667946
442,3.683333,-0.007844,0.399692,0.025710,0.916256,-216.211731,94.391685,84.660843
443,3.691667,-0.008106,0.399736,0.024806,0.916259,-216.202255,94.449493,84.652176
444,3.700000,-0.008030,0.400009,0.023745,0.916168,-216.196106,94.508545,84.652199
445,3.708333,-0.007945,0.400237,0.023807,0.916068,-216.195557,94.562164,84.652588
446,3.716667,-0.007809,0.400182,0.024088,0.916086,-216.196854,94.609741,84.654556
447,3.725000,-0.008991,0.399987,0.025987,0.916108,-216.201157,94.662926,84.653847
448,3.733333,-0.009468,0.399821,0.026731,0.916154,-216.197281,94.703491,84.656158
449,3.741667,-0.009940,0.399853,0.027061,0.916126,-216.192245,94.743759,84.651985
450,3.750000,-0.010307,0.399678,0.026739,0.916207,-216.186386,94.779640,84.650146
451,3.758333,-0.010871,0.399537,0.026727,0.916263,-216.191528,94.811691,84.643684
452,3.766667,-0.011508,0.399653,0.025912,0.916228,-216.187149,94.848007,84.637131
453,3.775000,-0.012300,0.400266,0.024244,0.915996,-216.177200,94.892586,84.624847
454,3.783333,-0.012136,0.400269,0.023085,0.916026,-216.173386,94.941910,84.616821
455,3.791667,-0.013151,0.400454,0.022246,0.915952,-216.171646,94.976753,84.612213
456,3.800000,-0.013933,0.400419,0.021606,0.915972,-216.171738,95.008377,84.606117
457,3.808333,-0.014390,0.400384,0.021502,0.915982,-216.173645,95.039276,84.595230
458,3.816667,-0.014538,0.400389,0.021607,0.915975,-216.174133,95.069885,84.586372
459,3.825000,-0.014304,0.400373,0.021869,0.915979,-216.169556,95.100090,84.583694
460,3.833333,-0.014045,0.400639,0.021777,0.915869,-216.162079,95.129082,84.578659
461,3.841667,-0.014101,0.400835,0.021687,0.915785,-216.154892,95.158936,84.573746
462,3.850000,-0.015634,0.400524,0.023137,0.915861,-216.153259,95.199326,84.580299
463,3.858333,-0.016062,0.400423,0.023720,0.915883,-216.144180,95.230057,84.588203
464,3.866667,-0.016309,0.400320,0.023879,0.915919,-216.137512,95.256683,84.593475
465,3.875000,-0.016419,0.400355,0.023690,0.915907,-216.135574,95.277252,84.597870
466,3.883333,-0.016187,0.400391,0.023355,0.915904,-216.136307,95.295593,84.605453
467,3.891667,-0.016104,0.400420,0.022797,0.915906,-216.138290,95.315727,84.611664
468,3.900000,-0.016005,0.400448,0.022377,0.915906,-216.140030,95.340057,84.613335
469,3.908333,-0.015915,0.400575,0.021814,0.915866,-216.139984,95.367233,84.613358
470,3.916667,-0.016017,0.400790,0.021602,0.915775,-216.136932,95.393547,84.609833
471,3.925000,-0.016172,0.400966,0.021762,0.915692,-216.130875,95.419930,84.607452
472,3.933333,-0.016251,0.401053,0.021938,0.915648,-216.124863,95.447777,84.604485
473,3.941667,-0.016347,0.401137,0.022169,0.915604,-216.118362,95.472603,84.600334
474,3.950000,-0.016205,0.401196,0.022289,0.915578,-216.114807,95.492149,84.597794
475,3.958333,-0.015883,0.401226,0.022328,0.915569,-216.113419,95.508850,84.594994
476,3.966667,-0.015759,0.401259,0.022384,0.915555,-216.112869,95.523285,84.592506
477,3.975000,-0.015677,0.401263,0.022174,0.915560,-216.111710,95.537796,84.590126
478,3.983333,-0.015028,0.401172,0.022133,0.915612,-216.110062,95.559044,84.586166
479,3.991667,-0.014874,0.401135,0.021840,0.915638,-216.106323,95.582535,84.583969
480,4.000000,-0.015086,0.401310,0.021288,0.915571,-216.099884,95.607918,84.580650
481,4.008333,-0.015384,0.401490,0.020781,0.915498,-216.092987,95.632683,84.578140
482,4.016667,-0.015960,0.401726,0.020410,0.915393,-216.088150,95.659279,84.579536
483,4.025000,-0.016456,0.401887,0.020201,0.915318,-216.085526,95.686592,84.579597
484,4.033333,-0.016667,0.402025,0.020020,0.915258,-216.085266,95.707748,84.578690
485,4.041667,-0.017429,0.401854,0.020858,0.915300,-216.088608,95.731422,84.582382
486,4.050000,-0.017998,0.401603,0.021265,0.915390,-216.089294,95.749908,84.590111
487,4.058333,-0.019036,0.401651,0.022189,0.915326,-216.092438,95.774117,84.589127
488,4.066667,-0.019618,0.401523,0.022263,0.915368,-216.095383,95.792976,84.586182
489,4.075000,-0.019816,0.401611,0.022264,0.915325,-216.096588,95.806541,84.583000
490,4.083333,-0.019786,0.401631,0.022044,0.915322,-216.096283,95.819550,84.581955
491,4.091667,-0.019860,0.401663,0.021962,0.915309,-216.094620,95.834435,84.578995
492,4.100000,-0.019847,0.401732,0.022033,0.915277,-216.090439,95.846581,84.575203
493,4.108333,-0.019781,0.401811,0.022052,0.915243,-216.083771,95.857964,84.574020
494,4.116667,-0.019854,0.401903,0.021905,0.915205,-216.072708,95.875305,84.572289
495,4.125000,-0.019973,0.401935,0.021623,0.915195,-216.060211,95.911041,84.564835
496,4.133333,-0.020113,0.402138,0.020891,0.915120,-216.042465,95.964195,84.549797
497,4.141667,-0.020413,0.402589,0.019806,0.914939,-216.024109,96.033211,84.531006
498,4.150000,-0.020694,0.402999,0.019085,0.914767,-216.004272,96.105934,84.517006
499,4.158333,-0.021225,0.403862,0.018574,0.914385,-215.978500,96.169197,84.499054
500,4.166667,-0.020763,0.404400,0.018036,0.914169,-215.953903,96.233162,84.481224
501,4.175000,-0.022369,0.404551,0.018376,0.914057,-215.935471,96.296715,84.475159
502,4.183333,-0.024258,0.404561,0.018054,0.914011,-215.921158,96.348000,84.476845
503,4.191667,-0.025883,0.404342,0.017698,0.914070,-215.915680,96.392189,84.473267
504,4.200000,-0.026419,0.403978,0.017345,0.914223,-215.919464,96.433327,84.466957
505,4.208333,-0.027188,0.403744,0.017153,0.914307,-215.929001,96.467300,84.460762
506,4.216667,-0.027514,0.403672,0.017172,0.914329,-215.937286,96.492043,84.453735
507,4.225000,-0.027694,0.403660,0.017155,0.914329,-215.941147,96.510597,84.446083
508,4.233333,-0.027898,0.403664,0.017014,0.914323,-215.942566,96.528870,84.438675
509,4.241667,-0.028153,0.403664,0.016662,0.914322,-215.941528,96.548477,84.432236
510,4.250000,-0.028518,0.403676,0.016411,0.914310,-215.941330,96.566978,84.427437
511,4.258333,-0.028887,0.403659,0.016122,0.914312,-215.943268,96.583221,84.422462
512,4.266667,-0.028963,0.403674,0.016049,0.914303,-215.946960,96.594048,84.419502
513,4.275000,-0.028916,0.403652,0.016016,0.914315,-215.951126,96.601906,84.416321
514,4.283333,-0.028796,0.403610,0.015978,0.914338,-215.953064,96.606354,84.413513
515,4.291667,-0.028892,0.403615,0.015876,0.914335,-215.952560,96.609650,84.410980
516,4.300000,-0.029073,0.403633,0.015945,0.914320,-215.951324,96.612396,84.409325
517,4.308333,-0.029157,0.403678,0.015923,0.914298,-215.948456,96.609505,84.412231
518,4.316667,-0.028822,0.403664,0.015827,0.914316,-215.946625,96.603920,84.417007
519,4.325000,-0.028710,0.403674,0.015869,0.914315,-215.946152,96.599464,84.420692
520,4.333333,-0.028806,0.403635,0.015868,0.914329,-215.946167,96.599472,84.421013
521,4.341667,-0.028871,0.403618,0.015776,0.914336,-215.944809,96.601204,84.421692
522,4.350000,-0.028955,0.403603,0.015868,0.914338,-215.942307,96.606857,84.422836
523,4.358333,-0.029047,0.403573,0.015749,0.914351,-215.939072,96.609390,84.424248
524,4.366667,-0.028904,0.403760,0.015894,0.914270,-215.938354,96.609703,84.426895
525,4.375000,-0.028905,0.403630,0.015795,0.914329,-215.937119,96.605721,84.427391
526,4.383333,-0.028986,0.403611,0.015968,0.914332,-215.939301,96.603081,84.426308
527,4.391667,-0.028974,0.403562,0.015990,0.914354,-215.943283,96.603027,84.424789
528,4.400000,-0.028840,0.403576,0.015929,0.914353,-215.946671,96.604233,84.422096
529,4.408333,-0.028894,0.403603,0.015810,0.914341,-215.948349,96.606064,84.417877
530,4.416667,-0.028939,0.403621,0.015758,0.914333,-215.948181,96.606918,84.415092
531,4.425000,-0.029083,0.403618,0.015846,0.914328,-215.948242,96.607651,84.415154
532,4.433333,-0.029018,0.403610,0.015828,0.914334,-215.947754,96.605484,84.415802
533,4.441667,-0.028884,0.403637,0.015818,0.914326,-215.948578,96.604958,84.415848
534,4.450000,-0.028798,0.403647,0.015840,0.914324,-215.948563,96.604492,84.415001
535,4.458333,-0.028880,0.403587,0.015817,0.914348,-215.947556,96.606682,84.414764
536,4.466667,-0.028920,0.403578,0.015893,0.914350,-215.945312,96.608604,84.416122
537,4.475000,-0.028996,0.403566,0.015915,0.914353,-215.941971,96.610291,84.418457
538,4.483333,-0.028999,0.403521,0.015928,0.914372,-215.938873,96.609222,84.422279
539,4.491667,-0.029170,0.403483,0.015978,0.914382,-215.937561,96.606956,84.424225
540,4.500000,-0.029154,0.403519,0.015995,0.914367,-215.936966,96.606407,84.426285
541,4.508333,-0.029042,0.403490,0.015965,0.914384,-215.936310,96.607033,84.426781
542,4.516667,-0.029005,0.403522,0.015987,0.914370,-215.936859,96.608002,84.426308
543,4.525000,-0.028981,0.403519,0.015761,0.914376,-215.937592,96.608185,84.425858
544,4.533333,-0.029011,0.403564,0.015837,0.914354,-215.938492,96.607597,84.424896
545,4.541667,-0.028968,0.403565,0.015783,0.914356,-215.941193,96.606506,84.423462
546,4.550000,-0.028812,0.403613,0.015758,0.914340,-215.943817,96.604462,84.422127
547,4.558333,-0.028850,0.403585,0.015767,0.914351,-215.946884,96.603760,84.419968
548,4.566667,-0.028969,0.403556,0.015880,0.914358,-215.949371,96.604118,84.417671
549,4.575000,-0.029108,0.403528,0.015901,0.914366,-215.949875,96.604897,84.416466
550,4.583333,-0.029062,0.403561,0.015865,0.914354,-215.949371,96.606674,84.414894
551,4.591667,-0.028933,0.403590,0.015804,0.914346,-215.947510,96.606163,84.414948
552,4.600000,-0.028868,0.403572,0.015817,0.914356,-215.946274,96.606651,84.415092
553,4.608333,-0.028899,0.403569,0.015773,0.914357,-215.944550,96.605972,84.416893
554,4.616667,-0.028979,0.403565,0.015709,0.914357,-215.941833,96.605888,84.417953
555,4.625000,-0.029092,0.403563,0.015822,0.914352,-215.939758,96.606827,84.419426
556,4.633333,-0.029203,0.403537,0.015837,0.914360,-215.938156,96.608078,84.422112
557,4.641667,-0.029188,0.403485,0.015856,0.914383,-215.936203,96.609024,84.424576
558,4.650000,-0.029220,0.403471,0.015831,0.914389,-215.935226,96.608437,84.426422
559,4.658333,-0.029147,0.403493,0.015887,0.914381,-215.935226,96.608421,84.426880
560,4.666667,-0.029031,0.403506,0.015923,0.914378,-215.935898,96.607491,84.428032
561,4.675000,-0.029066,0.403453,0.015908,0.914400,-215.936905,96.608040,84.427711
562,4.683333,-0.028960,0.403426,0.015958,0.914415,-215.938538,96.609215,84.426132
563,4.691667,-0.028999,0.403491,0.015978,0.914384,-215.940826,96.609116,84.424309
564,4.700000,-0.028961,0.403515,0.015943,0.914376,-215.942459,96.608360,84.422592
565,4.708333,-0.028985,0.403522,0.015787,0.914375,-215.944702,96.606613,84.420448
566,4.716667,-0.028978,0.403542,0.015753,0.914367,-215.946625,96.604782,84.418350
567,4.725000,-0.029014,0.403547,0.015886,0.914361,-215.947800,96.604691,84.416183
568,4.733333,-0.028935,0.403573,0.015874,0.914352,-215.949036,96.605644,84.415321
569,4.741667,-0.028969,0.403598,0.015795,0.914341,-215.949493,96.604973,84.415298
570,4.750000,-0.029043,0.403619,0.015767,0.914330,-215.948654,96.605278,84.414948
571,4.758333,-0.028979,0.403610,0.015726,0.914337,-215.946335,96.604935,84.415802
572,4.766667,-0.029027,0.403605,0.015726,0.914337,-215.944290,96.604347,84.417603
573,4.775000,-0.028934,0.403573,0.015745,0.914354,-215.942123,96.604401,84.418861
574,4.783333,-0.028958,0.403561,0.015768,0.914358,-215.940643,96.605003,84.421417
575,4.791667,-0.028955,0.403545,0.015761,0.914366,-215.939240,96.605087,84.423302
576,4.800000,-0.029067,0.403557,0.015768,0.914357,-215.937973,96.606178,84.423813
577,4.808333,-0.029130,0.403540,0.015762,0.914362,-215.937210,96.606796,84.425346
578,4.816667,-0.029055,0.403494,0.015757,0.914385,-215.937454,96.606567,84.426300
579,4.825000,-0.029036,0.403541,0.015750,0.914365,-215.938217,96.606720,84.425720
580,4.833333,-0.028961,0.403535,0.015782,0.914370,-215.939789,96.607216,84.425026
581,4.841667,-0.029021,0.403532,0.015815,0.914368,-215.941193,96.607002,84.423447
582,4.850000,-0.029035,0.403532,0.015825,0.914368,-215.943100,96.607246,84.421806
583,4.858333,-0.028965,0.403533,0.015933,0.914368,-215.944595,96.608315,84.419670
584,4.866667,-0.029009,0.403512,0.015885,0.914376,-215.945358,96.608475,84.418045
585,4.875000,-0.028986,0.403532,0.015926,0.914368,-215.945953,96.608017,84.417206
586,4.883333,-0.028964,0.403555,0.016013,0.914356,-215.945862,96.608017,84.416290
587,4.891667,-0.029006,0.403555,0.015832,0.914358,-215.945053,96.607368,84.415421
588,4.900000,-0.029034,0.403610,0.015753,0.914335,-215.944336,96.606735,84.415352
589,4.908333,-0.028973,0.403617,0.015766,0.914333,-215.943665,96.607239,84.415909
590,4.916667,-0.028927,0.403602,0.015679,0.914343,-215.942352,96.607437,84.417297
591,4.925000,-0.028929,0.403606,0.015748,0.914340,-215.940598,96.606873,84.419373
592,4.933333,-0.028988,0.403609,0.015785,0.914336,-215.939026,96.606285,84.420670
593,4.941667,-0.028924,0.403548,0.015763,0.914365,-215.937805,96.605782,84.422699
594,4.950000,-0.028833,0.403578,0.015638,0.914357,-215.937637,96.605492,84.423378
595,4.958333,-0.028798,0.403611,0.015610,0.914344,-215.937897,96.604523,84.424362
596,4.966667,-0.029010,0.403603,0.015793,0.914338,-215.939407,96.605949,84.425293
597,4.975000,-0.028976,0.403529,0.015692,0.914373,-215.940445,96.606186,84.425766
598,4.983333,-0.028834,0.403563,0.015802,0.914361,-215.941574,96.605011,84.424309
599,4.991667,-0.028880,0.403602,0.015782,0.914343,-215.944153,96.605598,84.423080
600,5.000000,-0.028903,0.403611,0.015785,0.914338,-215.944931,96.605286,84.420792
601,5.008333,-0.028913,0.403603,0.015731,0.914342,-215.945602,96.604546,84.419601
602,5.016667,-0.028924,0.403626,0.015792,0.914330,-215.945984,96.605278,84.417839
603,5.025000,-0.028811,0.403590,0.015759,0.914351,-215.945602,96.606361,84.416359
604,5.033333,-0.028911,0.403584,0.015738,0.914350,-215.944885,96.606812,84.415802
605,5.041667,-0.028826,0.403580,0.015739,0.914355,-215.943222,96.607681,84.415909
606,5.050000,-0.028849,0.403617,0.015757,0.914337,-215.941666,96.607681,84.416016
607,5.058333,-0.028952,0.403602,0.015773,0.914340,-215.940063,96.607277,84.416557
608,5.066667,-0.029009,0.403626,0.015631,0.914330,-215.938477,96.606949,84.418236
609,5.075000,-0.029139,0.403640,0.015584,0.914321,-215.937546,96.608879,84.419090
610,5.083333,-0.029084,0.403641,0.015472,0.914324,-215.936829,96.611320,84.420654
611,5.091667,-0.029157,0.403626,0.015378,0.914330,-215.937225,96.615921,84.422867
612,5.100000,-0.029284,0.403580,0.015337,0.914347,-215.937134,96.623253,84.425629
613,5.108333,-0.029321,0.403712,0.015409,0.914286,-215.939423,96.632233,84.431030
614,5.116667,-0.029516,0.403690,0.015355,0.914291,-215.940186,96.639175,84.434242
615,5.125000,-0.029786,0.403741,0.015278,0.914261,-215.941788,96.644989,84.438416
616,5.133333,-0.030141,0.403656,0.015380,0.914285,-215.943329,96.654335,84.445152
617,5.141667,-0.030351,0.403496,0.015525,0.914346,-215.943176,96.662926,84.452507
618,5.150000,-0.030479,0.403356,0.015560,0.914403,-215.941437,96.669838,84.458633
619,5.158333,-0.030785,0.403358,0.015526,0.914392,-215.942505,96.677109,84.471024
620,5.166667,-0.030711,0.403374,0.015332,0.914391,-215.941956,96.685898,84.483269
621,5.175000,-0.030721,0.403418,0.015299,0.914372,-215.940567,96.695915,84.492638
622,5.183333,-0.030932,0.403353,0.015155,0.914396,-215.940262,96.704247,84.504761
623,5.191667,-0.031084,0.403350,0.015009,0.914395,-215.938751,96.709015,84.518745
624,5.200000,-0.031058,0.403362,0.015047,0.914389,-215.937088,96.712654,84.536026
625,5.208333,-0.030890,0.403437,0.014979,0.914363,-215.934845,96.713165,84.555870
626,5.216667,-0.030825,0.403548,0.014700,0.914321,-215.934448,96.715179,84.575699
627,5.225000,-0.030888,0.403712,0.014398,0.914251,-215.935440,96.725014,84.595146
628,5.233333,-0.030866,0.403899,0.013962,0.914176,-215.933853,96.735786,84.614586
629,5.241667,-0.030796,0.404060,0.013596,0.914113,-215.931824,96.743683,84.635437
630,5.250000,-0.030811,0.404302,0.013402,0.914008,-215.929535,96.747574,84.658897
631,5.258333,-0.030584,0.404311,0.013660,0.914008,-215.929199,96.750008,84.689194
632,5.266667,-0.030397,0.404250,0.014025,0.914036,-215.926743,96.742706,84.720840
633,5.275000,-0.030305,0.404201,0.014146,0.914059,-215.925598,96.729073,84.753403
634,5.283333,-0.030170,0.404215,0.014240,0.914055,-215.925858,96.712448,84.785683
635,5.291667,-0.030341,0.404427,0.014647,0.913949,-215.927170,96.693275,84.823830
636,5.300000,-0.030483,0.404460,0.015082,0.913923,-215.927750,96.673897,84.860161
637,5.308333,-0.030533,0.404331,0.014912,0.913981,-215.928238,96.650032,84.899796
638,5.316667,-0.030703,0.404417,0.015128,0.913934,-215.926544,96.621605,84.949684
639,5.325000,-0.030173,0.404533,0.015624,0.913892,-215.921646,96.589989,85.005592
640,5.333333,-0.029846,0.404573,0.016405,0.913871,-215.912415,96.552612,85.063049
641,5.341667,-0.028865,0.403773,0.015776,0.914268,-215.900009,96.504578,85.136002
642,5.350000,-0.028048,0.403575,0.016132,0.914374,-215.894943,96.459213,85.199844
643,5.358333,-0.027084,0.403452,0.016303,0.914455,-215.894653,96.405334,85.265289
644,5.366667,-0.025885,0.403652,0.017333,0.914382,-215.893311,96.336487,85.333717
645,5.375000,-0.025272,0.403337,0.018297,0.914519,-215.889526,96.274269,85.403229
646,5.383333,-0.024714,0.402948,0.019529,0.914680,-215.882370,96.212029,85.474930
647,5.391667,-0.023419,0.402930,0.019377,0.914726,-215.874603,96.135391,85.558289
648,5.400000,-0.021703,0.403389,0.019078,0.914572,-215.867325,96.056519,85.640404
649,5.408333,-0.020519,0.403780,0.018360,0.914442,-215.867447,95.983849,85.719475
650,5.416667,-0.020072,0.404320,0.018829,0.914204,-215.869827,95.911926,85.799141
651,5.425000,-0.019906,0.404027,0.020088,0.914310,-215.871857,95.853394,85.884087
652,5.433333,-0.019465,0.402874,0.020698,0.914814,-215.870926,95.805130,85.965126
653,5.441667,-0.017859,0.402277,0.020650,0.915111,-215.862778,95.748749,86.041451
654,5.450000,-0.016241,0.402620,0.021000,0.914982,-215.858368,95.700851,86.110855
655,5.458333,-0.016039,0.403525,0.020164,0.914606,-215.861923,95.660851,86.180077
656,5.466667,-0.016542,0.403845,0.019690,0.914466,-215.860397,95.631050,86.246391
657,5.475000,-0.017677,0.403659,0.019262,0.914536,-215.856003,95.615723,86.309074
658,5.483333,-0.018817,0.403541,0.018918,0.914573,-215.850418,95.606407,86.380737
659,5.491667,-0.019410,0.403502,0.019300,0.914569,-215.846466,95.605957,86.451553
660,5.500000,-0.019978,0.403146,0.021231,0.914671,-215.854187,95.605583,86.522110
661,5.508333,-0.020744,0.402829,0.020750,0.914805,-215.841858,95.624634,86.595154
662,5.516667,-0.022190,0.402786,0.019921,0.914808,-215.828918,95.646561,86.669151
663,5.525000,-0.023632,0.402715,0.019498,0.914812,-215.820267,95.668068,86.740074
664,5.533333,-0.024467,0.402633,0.019771,0.914821,-215.815491,95.679550,86.807091
665,5.541667,-0.025511,0.402946,0.019303,0.914664,-215.813629,95.693192,86.871185
666,5.550000,-0.027879,0.403395,0.017762,0.914429,-215.810440,95.712570,86.934448
667,5.558333,-0.028910,0.403556,0.016354,0.914352,-215.806931,95.750999,86.997681
668,5.566667,-0.030193,0.403415,0.015046,0.914395,-215.806549,95.804581,87.069771
669,5.575000,-0.031734,0.402724,0.015220,0.914645,-215.808365,95.855423,87.141167
670,5.583333,-0.031286,0.402768,0.015543,0.914636,-215.809280,95.917282,87.210953
671,5.591667,-0.031795,0.402791,0.015047,0.914616,-215.801453,95.970551,87.274673
672,5.600000,-0.032368,0.403179,0.013773,0.914445,-215.796631,96.026695,87.338753
673,5.608333,-0.033448,0.403570,0.012579,0.914251,-215.790695,96.072479,87.396202
674,5.616667,-0.035351,0.403745,0.012042,0.914109,-215.785309,96.114525,87.446861
675,5.625000,-0.039029,0.403630,0.011319,0.914019,-215.777176,96.151619,87.503197
676,5.633333,-0.040767,0.403369,0.010901,0.914064,-215.771576,96.191559,87.562210
677,5.641667,-0.042413,0.403301,0.010481,0.914024,-215.771011,96.238518,87.630096
678,5.650000,-0.043126,0.403085,0.010419,0.914087,-215.771744,96.282280,87.694321
679,5.658333,-0.041772,0.403361,0.011320,0.914017,-215.772964,96.324127,87.750748
680,5.666667,-0.041428,0.403374,0.011372,0.914026,-215.768784,96.349724,87.802528
681,5.675000,-0.041408,0.403503,0.010597,0.913979,-215.762665,96.370110,87.863335
682,5.683333,-0.041825,0.403482,0.010300,0.913973,-215.757126,96.385551,87.918892
683,5.691667,-0.043053,0.403294,0.010035,0.914002,-215.753937,96.404556,87.972740
684,5.700000,-0.044270,0.403131,0.009380,0.914023,-215.750641,96.420609,88.025742
685,5.708333,-0.046608,0.402942,0.008768,0.913996,-215.746475,96.420006,88.076111
686,5.716667,-0.047767,0.403005,0.008563,0.913910,-215.744858,96.414673,88.122765
687,5.725000,-0.048619,0.403308,0.008385,0.913733,-215.745667,96.411407,88.172081
688,5.733333,-0.049072,0.403347,0.008472,0.913691,-215.746353,96.413818,88.227257
689,5.741667,-0.049342,0.403494,0.008258,0.913613,-215.745239,96.416321,88.282631
690,5.750000,-0.049215,0.403332,0.007457,0.913699,-215.743774,96.417747,88.339584
691,5.758333,-0.049179,0.403161,0.007270,0.913778,-215.743637,96.414772,88.389275
692,5.766667,-0.049537,0.402938,0.007430,0.913856,-215.743759,96.405212,88.433067
693,5.775000,-0.050108,0.403014,0.008111,0.913785,-215.744598,96.386902,88.478760
694,5.783333,-0.049887,0.403295,0.008864,0.913666,-215.743210,96.363556,88.524063
695,5.791667,-0.049631,0.403753,0.009559,0.913471,-215.739395,96.337845,88.572327
696,5.800000,-0.049423,0.403595,0.009721,0.913550,-215.729828,96.316208,88.619812
697,5.808333,-0.048676,0.403237,0.009775,0.913748,-215.718079,96.298340,88.665634
698,5.816667,-0.047460,0.402893,0.009119,0.913970,-215.706116,96.271210,88.715355
699,5.825000,-0.047232,0.403048,0.008243,0.913922,-215.699310,96.232407,88.765541
700,5.833333,-0.046831,0.403731,0.007754,0.913645,-215.697174,96.181885,88.814949
701,5.841667,-0.046896,0.404140,0.007500,0.913463,-215.701050,96.138741,88.857964
702,5.850000,-0.047106,0.403814,0.008468,0.913588,-215.706512,96.107933,88.910400
703,5.858333,-0.047055,0.403006,0.009291,0.913940,-215.706284,96.077522,88.967911
704,5.866667,-0.046818,0.402335,0.010209,0.914238,-215.707901,96.053940,89.018921
705,5.875000,-0.046426,0.402036,0.011180,0.914378,-215.709183,96.029541,89.063499
706,5.883333,-0.046277,0.402133,0.011858,0.914334,-215.708633,96.005539,89.105026
707,5.891667,-0.046391,0.402327,0.012274,0.914237,-215.703156,95.979218,89.148621
708,5.900000,-0.046471,0.402676,0.012431,0.914078,-215.698059,95.956215,89.194733
709,5.908333,-0.045904,0.402666,0.011386,0.914124,-215.691025,95.927254,89.241661
710,5.916667,-0.044287,0.402945,0.010589,0.914091,-215.692184,95.908913,89.283195
711,5.925000,-0.043335,0.402993,0.009772,0.914124,-215.693497,95.889130,89.325760
712,5.933333,-0.042647,0.403284,0.009309,0.914033,-215.692566,95.865974,89.372047
713,5.941667,-0.042207,0.403730,0.009262,0.913857,-215.692139,95.843010,89.419762
714,5.950000,-0.044107,0.404122,0.009040,0.913596,-215.692169,95.814606,89.463409
715,5.958333,-0.045242,0.403964,0.009176,0.913609,-215.689972,95.795250,89.504303
716,5.966667,-0.045571,0.403468,0.009255,0.913811,-215.683533,95.782516,89.549408
717,5.975000,-0.045438,0.402539,0.010026,0.914219,-215.675980,95.775253,89.605347
718,5.983333,-0.044919,0.402200,0.011092,0.914382,-215.666779,95.764694,89.661781
719,5.991667,-0.044668,0.402280,0.011973,0.914348,-215.660095,95.752747,89.710419
720,6.000000,-0.044638,0.402351,0.012209,0.914315,-215.653809,95.739410,89.753632
721,6.008333,-0.045204,0.402644,0.012417,0.914155,-215.648956,95.721115,89.798027
722,6.016667,-0.045582,0.402980,0.012551,0.913987,-215.647552,95.700890,89.841560
723,6.025000,-0.045439,0.402950,0.012358,0.914010,-215.648941,95.683678,89.883987
724,6.033333,-0.045572,0.402682,0.011891,0.914128,-215.652298,95.668968,89.922119
725,6.041667,-0.044901,0.402458,0.010624,0.914275,-215.651733,95.644119,89.968597
726,6.050000,-0.043467,0.402948,0.010096,0.914134,-215.657227,95.624832,90.016098
727,6.058333,-0.042337,0.403417,0.009871,0.913983,-215.659286,95.606789,90.057465
728,6.066667,-0.041809,0.403760,0.009591,0.913859,-215.658447,95.590736,90.095291
729,6.075000,-0.043376,0.403672,0.009052,0.913830,-215.654633,95.570740,90.131203
730,6.083333,-0.043846,0.403004,0.009820,0.914095,-215.663483,95.548836,90.175797
731,6.091667,-0.044302,0.402496,0.010103,0.914293,-215.650146,95.545166,90.229065
732,6.100000,-0.044644,0.402185,0.010763,0.914406,-215.636658,95.541481,90.282669
733,6.108333,-0.044501,0.402236,0.010779,0.914390,-215.627594,95.536270,90.331841
734,6.116667,-0.044678,0.402553,0.011138,0.914238,-215.622894,95.525948,90.378395
735,6.125000,-0.044935,0.402912,0.011390,0.914064,-215.622849,95.511398,90.428070
736,6.133333,-0.045090,0.403032,0.011585,0.914001,-215.625626,95.498116,90.472641
737,6.141667,-0.045182,0.402758,0.011532,0.914118,-215.626053,95.483711,90.511276
738,6.150000,-0.045291,0.402480,0.011712,0.914233,-215.626236,95.468353,90.549896
739,6.158333,-0.045348,0.402267,0.011794,0.914322,-215.625717,95.452202,90.592987
740,6.166667,-0.045039,0.402395,0.012304,0.914275,-215.622574,95.431587,90.639877
741,6.175000,-0.043964,0.402541,0.011778,0.914270,-215.616791,95.408791,90.687996
742,6.183333,-0.042952,0.402901,0.010707,0.914172,-215.616318,95.391449,90.725021
743,6.191667,-0.042302,0.403416,0.009924,0.913984,-215.622406,95.377853,90.760994
744,6.200000,-0.041899,0.403636,0.009310,0.913912,-215.627502,95.363632,90.801254
745,6.208333,-0.042541,0.403609,0.008720,0.913900,-215.631195,95.346695,90.846680
746,6.216667,-0.043113,0.403106,0.009021,0.914093,-215.631073,95.338531,90.895226
747,6.225000,-0.043488,0.402379,0.009861,0.914386,-215.626938,95.333389,90.942902
748,6.233333,-0.044127,0.402205,0.010672,0.914423,-215.618256,95.319168,90.989838
749,6.241667,-0.044432,0.402340,0.011264,0.914342,-215.610092,95.299881,91.039482
750,6.250000,-0.044400,0.402594,0.011368,0.914231,-215.607330,95.280746,91.084656
751,6.258333,-0.044483,0.402730,0.011181,0.914169,-215.608429,95.265671,91.118881
752,6.266667,-0.040961,0.403238,0.011776,0.914102,-215.613724,95.273117,91.158829
753,6.275000,-0.041208,0.402879,0.011694,0.914250,-215.601654,95.261688,91.206131
754,6.283333,-0.042280,0.402519,0.011898,0.914357,-215.585785,95.243988,91.252785
755,6.291667,-0.043546,0.402661,0.012360,0.914229,-215.577530,95.229019,91.298676
756,6.300000,-0.044321,0.402699,0.012538,0.914173,-215.573761,95.214935,91.340683
757,6.308333,-0.044461,0.402778,0.012778,0.914128,-215.577057,95.204109,91.380859
758,6.316667,-0.043997,0.402822,0.013039,0.914127,-215.581421,95.187965,91.422638
759,6.325000,-0.043059,0.402508,0.011965,0.914325,-215.586945,95.166489,91.465942
760,6.333333,-0.042213,0.402663,0.010699,0.914312,-215.597198,95.145401,91.501633
761,6.341667,-0.041461,0.402688,0.010142,0.914341,-215.603256,95.129906,91.538147
762,6.350000,-0.042136,0.402661,0.010034,0.914324,-215.597992,95.112366,91.580612
763,6.358333,-0.042803,0.402751,0.010117,0.914252,-215.590836,95.098366,91.630730
764,6.366667,-0.042983,0.403080,0.010569,0.914094,-215.581970,95.083565,91.677269
765,6.375000,-0.042937,0.403243,0.010368,0.914026,-215.576813,95.074486,91.716423
766,6.383333,-0.043271,0.403233,0.009889,0.914020,-215.575577,95.062241,91.752373
767,6.391667,-0.043297,0.403200,0.009532,0.914037,-215.577408,95.051285,91.792015
768,6.400000,-0.039599,0.403304,0.011357,0.914138,-215.599701,95.047699,91.844063
769,6.408333,-0.038103,0.403030,0.011691,0.914319,-215.590256,95.044167,91.890701
770,6.416667,-0.037319,0.402641,0.011759,0.914521,-215.579865,95.042763,91.935692
771,6.425000,-0.038375,0.402332,0.012044,0.914610,-215.571014,95.029572,91.983025
772,6.433333,-0.039121,0.402237,0.012681,0.914611,-215.567200,95.016373,92.024002
773,6.441667,-0.040161,0.402374,0.012738,0.914506,-215.566971,95.005295,92.062149
774,6.450000,-0.041562,0.402596,0.012279,0.914351,-215.568893,94.995308,92.095123
775,6.458333,-0.043175,0.402791,0.011550,0.914200,-215.570099,94.984039,92.127426
776,6.466667,-0.043918,0.402693,0.010992,0.914215,-215.566833,94.972702,92.165825
777,6.475000,-0.043121,0.402516,0.010122,0.914341,-215.561584,94.954361,92.215080
778,6.483333,-0.042654,0.402328,0.011092,0.914434,-215.563705,94.946823,92.268066
779,6.491667,-0.041882,0.402405,0.011086,0.914436,-215.559341,94.934357,92.311874
780,6.500000,-0.041558,0.402583,0.010746,0.914377,-215.557739,94.926117,92.345482
781,6.508333,-0.041279,0.402754,0.010164,0.914320,-215.558487,94.913971,92.379562
782,6.516667,-0.041271,0.402866,0.009732,0.914276,-215.562180,94.894394,92.418877
783,6.525000,-0.042092,0.402909,0.009420,0.914223,-215.569550,94.875320,92.455063
784,6.533333,-0.042226,0.402741,0.009273,0.914292,-215.574432,94.862259,92.486305
785,6.541667,-0.039996,0.402939,0.009544,0.914303,-215.577271,94.862976,92.527275
786,6.550000,-0.039329,0.402773,0.010365,0.914396,-215.569122,94.854340,92.572624
787,6.558333,-0.038873,0.402889,0.010720,0.914360,-215.560410,94.848022,92.619278
788,6.566667,-0.038994,0.402892,0.010935,0.914351,-215.556976,94.845589,92.661285
789,6.575000,-0.039426,0.402919,0.010924,0.914321,-215.556503,94.841583,92.701462
790,6.583333,-0.039685,0.402999,0.010846,0.914275,-215.560150,94.834610,92.742096
791,6.591667,-0.040215,0.402943,0.010659,0.914279,-215.566681,94.821968,92.780029
792,6.600000,-0.043390,0.402495,0.010862,0.914329,-215.571503,94.799164,92.822037
793,6.608333,-0.044344,0.401840,0.011372,0.914565,-215.569824,94.786568,92.867485
794,6.616667,-0.044491,0.401556,0.012283,0.914671,-215.565735,94.774750,92.910980
795,6.625000,-0.043797,0.401468,0.013234,0.914729,-215.560059,94.764816,92.957573
796,6.633333,-0.043342,0.401630,0.013969,0.914669,-215.552734,94.752563,93.000153
797,6.641667,-0.043088,0.401849,0.014139,0.914582,-215.547806,94.742546,93.035629
798,6.650000,-0.042425,0.401836,0.013320,0.914631,-215.542938,94.731857,93.071381
799,6.658333,-0.042231,0.402080,0.012329,0.914547,-215.542526,94.722435,93.103699
800,6.666667,-0.042137,0.402188,0.011161,0.914519,-215.547256,94.708427,93.137985
801,6.675000,-0.041889,0.402380,0.010151,0.914458,-215.557404,94.692215,93.174141
802,6.683333,-0.041732,0.402440,0.009759,0.914443,-215.561646,94.674469,93.211784
803,6.691667,-0.041536,0.402454,0.009774,0.914445,-215.563889,94.661041,93.250183
804,6.700000,-0.041624,0.402541,0.010371,0.914396,-215.564911,94.648735,93.296791
805,6.708333,-0.040930,0.402628,0.010871,0.914384,-215.564133,94.640907,93.342613
806,6.716667,-0.040204,0.402308,0.011727,0.914546,-215.574142,94.624580,93.384865
807,6.725000,-0.039956,0.402205,0.012060,0.914598,-215.580292,94.620804,93.419235
808,6.733333,-0.041536,0.401974,0.012152,0.914628,-215.576523,94.609314,93.452972
809,6.741667,-0.042667,0.401878,0.011645,0.914625,-215.572617,94.598244,93.498566
810,6.750000,-0.043103,0.401684,0.011552,0.914691,-215.568115,94.589394,93.541641
811,6.758333,-0.043419,0.401482,0.012141,0.914756,-215.560150,94.576134,93.585426
812,6.766667,-0.043633,0.401093,0.013387,0.914899,-215.570755,94.558884,93.628616
813,6.775000,-0.043472,0.401127,0.013843,0.914886,-215.574188,94.548080,93.668739
814,6.783333,-0.043362,0.401165,0.013946,0.914872,-215.576416,94.534531,93.707031
815,6.791667,-0.043119,0.401155,0.013931,0.914889,-215.580933,94.521957,93.742767
816,6.800000,-0.043186,0.401119,0.013589,0.914906,-215.587311,94.511505,93.772850
817,6.808333,-0.043684,0.401262,0.013421,0.914822,-215.594772,94.499985,93.800751
818,6.816667,-0.043936,0.401409,0.013305,0.914748,-215.597107,94.487366,93.834312
819,6.825000,-0.043490,0.401445,0.012295,0.914767,-215.581970,94.474106,93.874870
820,6.833333,-0.042931,0.401638,0.011543,0.914719,-215.571930,94.467598,93.914703
821,6.841667,-0.042800,0.401781,0.011623,0.914661,-215.566208,94.465500,93.950867
822,6.850000,-0.042529,0.401967,0.012195,0.914585,-215.559143,94.460564,93.990501
823,6.858333,-0.042294,0.402011,0.012892,0.914567,-215.553070,94.456085,94.033173
824,6.866667,-0.041870,0.401827,0.013442,0.914659,-215.547531,94.450111,94.072571
825,6.875000,-0.042086,0.401673,0.013603,0.914714,-215.547852,94.449524,94.106674
826,6.883333,-0.043435,0.401912,0.015113,0.914523,-215.556580,94.458382,94.133659
827,6.891667,-0.043750,0.401381,0.013841,0.914761,-215.553741,94.440552,94.172501
828,6.900000,-0.044839,0.401448,0.014839,0.914663,-215.560776,94.433182,94.209114
829,6.908333,-0.044093,0.401178,0.014290,0.914827,-215.556885,94.410896,94.255882
830,6.916667,-0.044050,0.401322,0.014568,0.914761,-215.557983,94.398773,94.292595
831,6.925000,-0.044316,0.401622,0.015300,0.914605,-215.555908,94.388596,94.325684
832,6.933333,-0.044914,0.401986,0.015671,0.914409,-215.553925,94.379227,94.357834
833,6.941667,-0.045426,0.402317,0.015976,0.914233,-215.551682,94.368492,94.391205
834,6.950000,-0.046813,0.402446,0.017841,0.914072,-215.559860,94.371552,94.420654
835,6.958333,-0.047397,0.402677,0.018248,0.913932,-215.563919,94.368881,94.447403
836,6.966667,-0.044254,0.403512,0.018965,0.913707,-215.568451,94.376381,94.482544
837,6.975000,-0.045631,0.403290,0.018839,0.913740,-215.563156,94.363556,94.518349
838,6.983333,-0.047135,0.403243,0.019043,0.913680,-215.562302,94.353867,94.548759
839,6.991667,-0.048098,0.403397,0.019658,0.913549,-215.562408,94.346413,94.587471
840,7.000000,-0.048423,0.403270,0.020272,0.913574,-215.561981,94.342857,94.623184
841,7.008333,-0.044073,0.400094,0.015519,0.915282,-215.543365,94.298271,94.709045
842,7.016667,-0.042570,0.399611,0.014738,0.915577,-215.541534,94.287506,94.751991
843,7.025000,-0.041766,0.399433,0.014411,0.915697,-215.543198,94.277916,94.786385
844,7.033333,-0.041325,0.399642,0.014145,0.915630,-215.547150,94.271332,94.814911
845,7.041667,-0.041162,0.399850,0.013804,0.915552,-215.548325,94.264412,94.843369
846,7.050000,-0.041249,0.400194,0.013580,0.915401,-215.547211,94.254250,94.880417
847,7.058333,-0.040963,0.400250,0.013447,0.915391,-215.540527,94.240906,94.928017
848,7.066667,-0.040636,0.400260,0.013992,0.915393,-215.536041,94.234856,94.970261
849,7.075000,-0.040686,0.400087,0.014199,0.915464,-215.531952,94.232895,95.005623
850,7.083333,-0.040766,0.399724,0.014974,0.915606,-215.538651,94.226372,95.039917
851,7.091667,-0.040950,0.399852,0.014932,0.915543,-215.529541,94.222893,95.078827
852,7.100000,-0.041684,0.399862,0.014438,0.915513,-215.523361,94.215805,95.115456
853,7.108333,-0.042120,0.399784,0.014389,0.915528,-215.521927,94.210434,95.144882
854,7.116667,-0.040858,0.400166,0.015034,0.915408,-215.528137,94.208115,95.178711
855,7.125000,-0.040144,0.400051,0.015090,0.915489,-215.526871,94.197327,95.217392
856,7.133333,-0.039590,0.400011,0.015074,0.915531,-215.521912,94.184311,95.259384
857,7.141667,-0.039041,0.400093,0.014870,0.915522,-215.514618,94.172218,95.299133
858,7.150000,-0.038598,0.400168,0.014828,0.915509,-215.508987,94.165672,95.331017
859,7.158333,-0.037853,0.400258,0.014728,0.915502,-215.501663,94.157501,95.364311
860,7.166667,-0.037353,0.400097,0.014592,0.915595,-215.493698,94.148567,95.400398
861,7.175000,-0.036966,0.399930,0.014751,0.915681,-215.489578,94.143570,95.433060
862,7.183333,-0.038366,0.399783,0.014408,0.915693,-215.485718,94.127945,95.465630
863,7.191667,-0.039040,0.399628,0.014260,0.915735,-215.482925,94.115631,95.495628
864,7.200000,-0.040451,0.399517,0.013766,0.915729,-215.487976,94.104866,95.531036
865,7.208333,-0.041207,0.399669,0.013514,0.915633,-215.493530,94.084915,95.564995
866,7.216667,-0.041175,0.400050,0.013743,0.915465,-215.496017,94.056786,95.593300
867,7.225000,-0.042143,0.399910,0.013130,0.915491,-215.503113,94.041519,95.621048
868,7.233333,-0.042249,0.399826,0.013386,0.915519,-215.506195,94.027100,95.656036
869,7.241667,-0.041175,0.399939,0.014304,0.915505,-215.504715,94.005867,95.689545
870,7.250000,-0.040940,0.399776,0.014424,0.915585,-215.507965,93.994133,95.716942
871,7.258333,-0.040609,0.399693,0.014422,0.915635,-215.511871,93.986549,95.738174
872,7.266667,-0.040654,0.399597,0.014141,0.915680,-215.514343,93.981270,95.754753
873,7.275000,-0.040934,0.399567,0.013637,0.915688,-215.515274,93.974510,95.771446
874,7.283333,-0.041083,0.399632,0.013343,0.915657,-215.515823,93.969376,95.789963
875,7.291667,-0.041452,0.399731,0.013112,0.915601,-215.516495,93.965630,95.804596
876,7.300000,-0.041502,0.399751,0.013057,0.915591,-215.516312,93.964371,95.817535
877,7.308333,-0.041776,0.399732,0.013179,0.915585,-215.516525,93.964027,95.831871
878,7.316667,-0.042434,0.399735,0.012868,0.915558,-215.518921,93.968033,95.844528
879,7.325000,-0.041869,0.399912,0.013333,0.915500,-215.513992,93.960625,95.858353
880,7.333333,-0.041816,0.399954,0.013476,0.915482,-215.511673,93.958900,95.866699
881,7.341667,-0.042142,0.400031,0.013479,0.915433,-215.509323,93.955681,95.875992
882,7.350000,-0.041502,0.400349,0.013601,0.915322,-215.509277,93.954575,95.888405
883,7.358333,-0.041314,0.400313,0.013752,0.915343,-215.508514,93.951904,95.899765
884,7.366667,-0.041099,0.400312,0.013939,0.915351,-215.508224,93.942459,95.907913
885,7.375000,-0.041006,0.400317,0.014026,0.915351,-215.509491,93.930344,95.917557
886,7.383333,-0.040756,0.400295,0.014089,0.915371,-215.509888,93.914833,95.928040
887,7.391667,-0.040168,0.400240,0.014037,0.915422,-215.509491,93.899185,95.936859
888,7.400000,-0.039721,0.400069,0.013931,0.915518,-215.508347,93.881538,95.943222
889,7.408333,-0.038818,0.399923,0.015335,0.915598,-215.503113,93.852013,95.946404
890,7.416667,-0.037935,0.399802,0.015772,0.915681,-215.499573,93.828514,95.955612
891,7.425000,-0.036921,0.399850,0.016392,0.915690,-215.495514,93.805939,95.964256
892,7.433333,-0.035757,0.399832,0.016851,0.915736,-215.491394,93.777168,95.972641
893,7.441667,-0.036902,0.399799,0.016766,0.915706,-215.487595,93.737373,95.984528
894,7.450000,-0.037078,0.399829,0.016530,0.915691,-215.487091,93.699654,95.989105
895,7.458333,-0.037264,0.399931,0.014963,0.915665,-215.492966,93.671646,95.993462
896,7.466667,-0.037056,0.399773,0.016339,0.915719,-215.494949,93.617126,95.992783
897,7.475000,-0.037589,0.399638,0.016698,0.915750,-215.501068,93.574806,95.992599
898,7.483333,-0.037632,0.399583,0.016627,0.915773,-215.505905,93.539970,95.993820
899,7.491667,-0.037789,0.399548,0.016617,0.915783,-215.508316,93.506645,95.996613
900,7.500000,-0.037396,0.399561,0.016836,0.915789,-215.508682,93.475967,96.002869
901,7.508333,-0.036896,0.399724,0.017056,0.915734,-215.509460,93.446663,96.010353
902,7.516667,-0.036247,0.399884,0.017380,0.915684,-215.508514,93.412628,96.018578
903,7.525000,-0.035714,0.399906,0.017645,0.915690,-215.506012,93.373146,96.026527
904,7.533333,-0.035105,0.399948,0.017917,0.915690,-215.502808,93.323921,96.036751
905,7.541667,-0.033463,0.400259,0.018846,0.915597,-215.503693,93.270424,96.053009
906,7.550000,-0.031819,0.400175,0.019355,0.915681,-215.503784,93.218704,96.069733
907,7.558333,-0.027822,0.397385,0.030988,0.916706,-215.488678,93.067673,96.036308
908,7.566667,-0.025563,0.396788,0.033054,0.916959,-215.488739,93.016029,96.047630
909,7.575000,-0.023921,0.396854,0.033528,0.916957,-215.490295,92.981186,96.070290
910,7.583333,-0.024690,0.396911,0.033708,0.916906,-215.489883,92.940872,96.096931
911,7.591667,-0.024797,0.396798,0.034289,0.916930,-215.491531,92.902588,96.111435
912,7.600000,-0.025167,0.396880,0.034823,0.916864,-215.496155,92.863251,96.123314
913,7.608333,-0.025654,0.396852,0.034899,0.916860,-215.498383,92.823967,96.137268
914,7.616667,-0.025560,0.396690,0.034894,0.916933,-215.498352,92.798523,96.153496
915,7.625000,-0.025457,0.396706,0.034719,0.916936,-215.497406,92.783783,96.169350
916,7.633333,-0.025225,0.396809,0.034534,0.916904,-215.497757,92.775795,96.186104
917,7.641667,-0.025047,0.396751,0.034467,0.916937,-215.495438,92.770309,96.203232
918,7.650000,-0.024919,0.397011,0.034378,0.916831,-215.493942,92.769157,96.228386
919,7.658333,-0.024736,0.397036,0.034400,0.916825,-215.490814,92.768929,96.249138
920,7.666667,-0.024699,0.397111,0.034363,0.916794,-215.489578,92.771599,96.271225
921,7.675000,-0.024690,0.397130,0.034039,0.916798,-215.487366,92.774773,96.291367
922,7.683333,-0.024851,0.396957,0.034012,0.916870,-215.486694,92.783829,96.309067
923,7.691667,-0.025361,0.396872,0.033746,0.916903,-215.488525,92.799316,96.330116
924,7.700000,-0.026205,0.397221,0.032515,0.916772,-215.491837,92.835976,96.361115
925,7.708333,-0.026750,0.396619,0.032571,0.917015,-215.493683,92.858795,96.374290
926,7.716667,-0.027304,0.396588,0.032619,0.917011,-215.492157,92.880737,96.393082
927,7.725000,-0.027680,0.396729,0.032670,0.916937,-215.489883,92.902122,96.409866
928,7.733333,-0.028376,0.396792,0.032826,0.916883,-215.489166,92.923637,96.429260
929,7.741667,-0.029143,0.396839,0.032995,0.916832,-215.488693,92.948540,96.447388
930,7.750000,-0.029611,0.396937,0.032935,0.916777,-215.486191,92.973969,96.463356
931,7.758333,-0.029907,0.396816,0.032961,0.916818,-215.481476,92.995033,96.477089
932,7.766667,-0.030180,0.396799,0.032868,0.916821,-215.478058,93.014030,96.494148
933,7.775000,-0.030247,0.396551,0.033071,0.916918,-215.476151,93.032661,96.514648
934,7.783333,-0.030275,0.396519,0.033305,0.916923,-215.476685,93.045898,96.532593
935,7.791667,-0.030515,0.396508,0.033244,0.916921,-215.478485,93.052704,96.550835
936,7.800000,-0.030439,0.396498,0.033282,0.916927,-215.478760,93.056915,96.567863
937,7.808333,-0.030620,0.396653,0.033264,0.916855,-215.479782,93.062660,96.586769
938,7.816667,-0.030925,0.396668,0.033293,0.916837,-215.481216,93.068436,96.603165
939,7.825000,-0.031692,0.396520,0.033240,0.916877,-215.483170,93.071785,96.622093
940,7.833333,-0.031935,0.396362,0.033300,0.916934,-215.485214,93.076309,96.645531
941,7.841667,-0.031997,0.396340,0.033236,0.916944,-215.484406,93.078545,96.664986
942,7.850000,-0.032253,0.396230,0.033089,0.916988,-215.482574,93.080452,96.682549
943,7.858333,-0.032441,0.396250,0.032681,0.916987,-215.482239,93.079880,96.698914
944,7.866667,-0.032489,0.396202,0.032469,0.917014,-215.482254,93.078545,96.714775
945,7.875000,-0.032193,0.396145,0.032244,0.917057,-215.481705,93.075958,96.731209
946,7.883333,-0.032031,0.396184,0.032083,0.917051,-215.482086,93.072762,96.746719
947,7.891667,-0.031819,0.396252,0.031854,0.917037,-215.481155,93.067566,96.762711
948,7.900000,-0.031676,0.396229,0.031714,0.917057,-215.479401,93.060997,96.777145
949,7.908333,-0.031022,0.396475,0.031657,0.916975,-215.480591,93.055702,96.797272
950,7.916667,-0.030309,0.396492,0.031622,0.916993,-215.480087,93.048668,96.815323
951,7.925000,-0.029776,0.396436,0.031719,0.917031,-215.479706,93.038506,96.829842
952,7.933333,-0.029535,0.396490,0.031709,0.917016,-215.480423,93.029305,96.843742
953,7.941667,-0.029683,0.396533,0.031869,0.916987,-215.483063,93.021103,96.856323
954,7.950000,-0.029554,0.396595,0.032046,0.916958,-215.485977,93.013268,96.865112
955,7.958333,-0.029631,0.396539,0.031966,0.916983,-215.486435,93.002541,96.872948
956,7.966667,-0.029688,0.396529,0.031977,0.916985,-215.489029,92.994179,96.882401
957,7.975000,-0.030983,0.397091,0.030324,0.916755,-215.489990,92.991829,96.900467
958,7.983333,-0.031585,0.397084,0.029157,0.916775,-215.493103,92.987808,96.906631
959,7.991667,-0.031566,0.396782,0.028303,0.916933,-215.498062,92.982864,96.910614
960,8.000000,-0.031532,0.396748,0.027491,0.916974,-215.501526,92.974785,96.917747
961,8.008333,-0.031424,0.396737,0.027025,0.916996,-215.504318,92.960068,96.927345
962,8.016667,-0.031118,0.396810,0.026748,0.916983,-215.506271,92.940964,96.938293
963,8.025000,-0.030550,0.396816,0.026763,0.916999,-215.506927,92.917435,96.947754
964,8.033333,-0.030196,0.396759,0.026441,0.917045,-215.508606,92.901672,96.955200
965,8.041667,-0.030071,0.396724,0.025909,0.917080,-215.510849,92.893120,96.959602
966,8.050000,-0.030202,0.396863,0.024769,0.917047,-215.511292,92.890587,96.967049
967,8.058333,-0.030655,0.397325,0.022595,0.916887,-215.515091,92.900642,96.984390
968,8.066667,-0.031604,0.398254,0.019528,0.916522,-215.519638,92.915977,97.010384
969,8.075000,-0.031976,0.398788,0.018355,0.916302,-215.519073,92.907402,97.028664
970,8.083333,-0.032186,0.399090,0.017725,0.916175,-215.519623,92.888023,97.041924
971,8.091667,-0.032187,0.399287,0.017272,0.916098,-215.526321,92.856239,97.051666
972,8.100000,-0.031803,0.399451,0.017264,0.916040,-215.537552,92.816032,97.057365
973,8.108333,-0.030990,0.399444,0.017275,0.916071,-215.549210,92.765968,97.062584
974,8.116667,-0.030112,0.399184,0.017450,0.916210,-215.557861,92.708549,97.062721
975,8.125000,-0.028899,0.398886,0.018462,0.916359,-215.563889,92.646751,97.068512
976,8.133333,-0.027780,0.398549,0.019585,0.916517,-215.567520,92.587952,97.078918
977,8.141667,-0.026632,0.398253,0.020006,0.916671,-215.568192,92.529091,97.082611
978,8.150000,-0.025995,0.397990,0.020446,0.916793,-215.565460,92.473854,97.082932
979,8.158333,-0.025373,0.397807,0.020751,0.916883,-215.563065,92.426140,97.083382
980,8.166667,-0.025193,0.397774,0.021192,0.916892,-215.564316,92.392090,97.080605
981,8.175000,-0.025370,0.397717,0.021475,0.916906,-215.567856,92.371864,97.076263
982,8.183333,-0.025607,0.397677,0.021288,0.916921,-215.570648,92.360619,97.073273
983,8.191667,-0.025663,0.397830,0.021017,0.916860,-215.570862,92.351669,97.072868
984,8.200000,-0.025778,0.397807,0.020825,0.916871,-215.570450,92.344643,97.076805
985,8.208333,-0.025514,0.397840,0.020771,0.916865,-215.568542,92.341911,97.080292
986,8.216667,-0.025390,0.397877,0.020745,0.916853,-215.567780,92.344841,97.080856
987,8.225000,-0.025365,0.397923,0.020711,0.916834,-215.566391,92.353302,97.077705
988,8.233333,-0.025383,0.397999,0.020543,0.916805,-215.564697,92.365822,97.075424
989,8.241667,-0.025765,0.398039,0.020237,0.916783,-215.560959,92.376198,97.077469
990,8.250000,-0.025829,0.398077,0.020036,0.916769,-215.554810,92.380226,97.079086
991,8.258333,-0.025788,0.398360,0.019608,0.916657,-215.549973,92.378998,97.080887
992,8.266667,-0.025643,0.398470,0.019398,0.916618,-215.546295,92.371643,97.084602
993,8.275000,-0.025438,0.398511,0.019032,0.916613,-215.544922,92.362572,97.089310
994,8.283333,-0.025448,0.398326,0.018731,0.916700,-215.546494,92.358215,97.091766
995,8.291667,-0.025219,0.398192,0.018436,0.916770,-215.548157,92.357101,97.089142
996,8.300000,-0.025104,0.397960,0.018201,0.916879,-215.547089,92.360153,97.081543
997,8.308333,-0.024998,0.397878,0.017832,0.916924,-215.542053,92.362885,97.074112
998,8.316667,-0.025125,0.397879,0.017245,0.916932,-215.531662,92.364594,97.065224
999,8.325000,-0.025359,0.398294,0.016637,0.916756,-215.517731,92.361160,97.052826
1000,8.333333,-0.025878,0.398668,0.015780,0.916594,-215.500015,92.344307,97.038116
1001,8.341667,-0.026166,0.398876,0.014948,0.916510,-215.472412,92.291748,97.018890
1002,8.350000,-0.025755,0.398502,0.014415,0.916693,-215.446396,92.203728,96.997887
1003,8.358333,-0.025182,0.397314,0.014072,0.917229,-215.448334,92.176048,96.983871
1004,8.366667,-0.025924,0.396961,0.013148,0.917375,-215.437943,92.135750,96.982941
1005,8.375000,-0.026727,0.397343,0.011926,0.917204,-215.428802,92.124298,96.994469
1006,8.383333,-0.026792,0.397641,0.010516,0.917090,-215.421921,92.130066,97.016922
1007,8.391667,-0.026004,0.398097,0.010279,0.916917,-215.415314,92.134491,97.051682
1008,8.400000,-0.024837,0.398265,0.011705,0.916860,-215.407303,92.131538,97.094246
1009,8.408333,-0.023256,0.398168,0.013774,0.916914,-215.413239,92.143044,97.150024
1010,8.416667,-0.022276,0.397999,0.015273,0.916988,-215.430954,92.151306,97.204704
1011,8.425000,-0.018888,0.395400,0.027730,0.917896,-215.448853,92.045128,97.220284
1012,8.433333,-0.016887,0.395168,0.030168,0.917958,-215.468048,92.012581,97.278160
1013,8.441667,-0.014674,0.396673,0.032530,0.917266,-215.473175,91.990326,97.354584
1014,8.450000,-0.011653,0.398296,0.034582,0.916531,-215.470154,91.976776,97.450241
1015,8.458333,-0.008474,0.398824,0.035692,0.916294,-215.459793,91.971146,97.547981
1016,8.466667,-0.005686,0.399799,0.036620,0.915853,-215.441711,91.963165,97.638008
1017,8.475000,-0.003567,0.401163,0.037143,0.915247,-215.420456,91.968140,97.717033
1018,8.483333,-0.002174,0.401873,0.037384,0.914929,-215.409805,91.980980,97.782646
1019,8.491667,-0.001120,0.402427,0.038182,0.914655,-215.408371,91.989868,97.831688
1020,8.500000,-0.000187,0.403378,0.039023,0.914201,-215.417831,91.994354,97.870384
1021,8.508333,0.000935,0.404040,0.039944,0.913868,-215.427536,91.992287,97.897758
1022,8.516667,0.001699,0.404760,0.040373,0.913530,-215.435715,91.990021,97.915482
1023,8.525000,0.002231,0.405349,0.040648,0.913255,-215.437790,91.990074,97.922173
1024,8.533333,0.002241,0.406018,0.040501,0.912964,-215.435547,91.991287,97.915726
1025,8.541667,0.001934,0.406521,0.039822,0.912771,-215.428116,91.994354,97.899452
1026,8.550000,0.001629,0.406919,0.038609,0.912647,-215.417786,91.997887,97.869041
1027,8.558333,0.000713,0.407308,0.037550,0.912519,-215.411133,92.002991,97.827209
1028,8.566667,-0.000235,0.407628,0.037124,0.912393,-215.411514,92.004921,97.776718
1029,8.575000,-0.001116,0.407529,0.037804,0.912409,-215.406158,91.994171,97.702019
1030,8.583333,-0.002779,0.407873,0.036632,0.912299,-215.399002,91.988770,97.632103
1031,8.591667,-0.005667,0.408158,0.035928,0.912187,-215.402557,91.991768,97.549423
1032,8.600000,-0.008182,0.408212,0.034709,0.912190,-215.405624,91.992149,97.468475
1033,8.608333,-0.011332,0.408625,0.033290,0.912025,-215.401917,91.987480,97.390961
1034,8.616667,-0.013836,0.408915,0.031602,0.911920,-215.386490,91.976799,97.325394
1035,8.625000,-0.015469,0.409058,0.030617,0.911863,-215.375778,91.978477,97.283951
1036,8.633333,-0.016017,0.409253,0.030202,0.911780,-215.371109,91.985008,97.257584
1037,8.641667,-0.016786,0.409250,0.030322,0.911764,-215.374207,91.988823,97.242393
1038,8.650000,-0.017210,0.409616,0.029408,0.911621,-215.383362,92.000381,97.243408
1039,8.658333,-0.016776,0.409219,0.030663,0.911766,-215.392334,91.989883,97.241333
1040,8.666667,-0.016592,0.409427,0.031415,0.911651,-215.412872,91.982918,97.261505
1041,8.675000,-0.016285,0.409496,0.032313,0.911594,-215.435165,91.975800,97.292313
1042,8.683333,-0.015122,0.409391,0.033393,0.911623,-215.455276,91.977798,97.342018
1043,8.691667,-0.013968,0.408980,0.034235,0.911794,-215.463882,91.979645,97.393692
1044,8.700000,-0.011865,0.408999,0.034151,0.911818,-215.457153,91.979523,97.457344
1045,8.708333,-0.009820,0.409599,0.034286,0.911568,-215.437897,91.975594,97.528786
1046,8.716667,-0.007354,0.409319,0.034243,0.911719,-215.407852,91.966179,97.602097
1047,8.725000,-0.005390,0.408966,0.034716,0.911873,-215.385513,91.967926,97.663704
1048,8.733333,-0.004120,0.408937,0.034619,0.911896,-215.374680,91.983597,97.723679
1049,8.741667,-0.003267,0.408711,0.035226,0.911978,-215.372040,91.996056,97.767334
1050,8.750000,-0.002299,0.408964,0.035883,0.911842,-215.380478,92.001976,97.799286
1051,8.758333,-0.001350,0.409183,0.036937,0.911703,-215.405106,92.004822,97.823479
1052,8.766667,-0.000628,0.409265,0.038014,0.911623,-215.435150,92.003914,97.836983
1053,8.775000,-0.000091,0.409149,0.038766,0.911644,-215.465042,92.003494,97.834145
1054,8.783333,-0.000038,0.408979,0.038678,0.911724,-215.485641,92.001984,97.824188
1055,8.791667,-0.000569,0.408989,0.038361,0.911733,-215.498428,92.004059,97.803513
1056,8.800000,-0.001796,0.409210,0.037571,0.911665,-215.503403,92.009178,97.772285
1057,8.808333,-0.003750,0.409784,0.035974,0.911465,-215.499878,92.020157,97.733978
1058,8.816667,-0.005554,0.410734,0.032660,0.911153,-215.493362,92.036667,97.684898
1059,8.825000,-0.007107,0.410924,0.031401,0.911101,-215.482208,92.034088,97.614029
1060,8.833333,-0.009529,0.410862,0.028868,0.911191,-215.466019,92.042717,97.546906
1061,8.841667,-0.012112,0.411041,0.025904,0.911168,-215.445679,92.057831,97.485153
1062,8.850000,-0.013926,0.411495,0.022962,0.911016,-215.417618,92.061630,97.428490
1063,8.858333,-0.015746,0.412091,0.018721,0.910814,-215.384155,92.079773,97.389008
1064,8.866667,-0.016294,0.412582,0.016588,0.910624,-215.348190,92.095200,97.367722
1065,8.875000,-0.016345,0.412057,0.016987,0.910853,-215.325592,92.093948,97.345016
1066,8.883333,-0.016626,0.411907,0.016601,0.910923,-215.305450,92.098732,97.341537
1067,8.891667,-0.016342,0.412030,0.016309,0.910878,-215.290024,92.102318,97.349991
1068,8.900000,-0.015552,0.412184,0.016181,0.910824,-215.277740,92.104950,97.373650
1069,8.908333,-0.014535,0.412434,0.015978,0.910731,-215.268021,92.105614,97.406151
1070,8.916667,-0.013575,0.413238,0.015075,0.910397,-215.255981,92.111534,97.459152
1071,8.925000,-0.012128,0.413559,0.014691,0.910278,-215.248398,92.112373,97.522202
1072,8.933333,-0.010725,0.413763,0.015481,0.910190,-215.256638,92.121185,97.586792
1073,8.941667,-0.009471,0.413996,0.016300,0.910084,-215.274475,92.128838,97.643539
1074,8.950000,-0.008285,0.414347,0.016720,0.909928,-215.301331,92.135483,97.689423
1075,8.958333,-0.007396,0.412896,0.021056,0.910505,-215.358856,92.109764,97.700340
1076,8.966667,-0.007150,0.413381,0.022208,0.910259,-215.405701,92.111748,97.722260
1077,8.975000,-0.007740,0.414016,0.022857,0.909950,-215.457153,92.123566,97.737663
1078,8.983333,-0.008139,0.414616,0.024062,0.909642,-215.505386,92.131355,97.739998
1079,8.991667,-0.008799,0.414894,0.024790,0.909489,-215.550995,92.137459,97.724762
1080,9.000000,-0.009641,0.414863,0.025029,0.909488,-215.585159,92.134171,97.699532
1081,9.008333,-0.010553,0.414660,0.025076,0.909570,-215.612381,92.126610,97.660110
1082,9.016667,-0.011898,0.414181,0.025040,0.909772,-215.636200,92.119743,97.614555
1083,9.025000,-0.014186,0.414165,0.024996,0.909748,-215.654373,92.104813,97.574219
1084,9.033333,-0.016075,0.414273,0.024203,0.909689,-215.656570,92.096016,97.548981
1085,9.041667,-0.016220,0.414129,0.023338,0.909774,-215.639374,92.094856,97.537933
1086,9.050000,-0.015890,0.414181,0.022557,0.909776,-215.615204,92.097443,97.537178
1087,9.058333,-0.015736,0.414067,0.021524,0.909856,-215.580231,92.099030,97.541359
1088,9.066667,-0.015015,0.413808,0.020506,0.910009,-215.533325,92.100327,97.552864
1089,9.075000,-0.013519,0.413327,0.020014,0.910262,-215.475845,92.093124,97.575066
1090,9.083333,-0.011878,0.413008,0.018921,0.910453,-215.413528,92.092529,97.599800
1091,9.091667,-0.010101,0.412695,0.017606,0.910643,-215.346115,92.097748,97.621521
1092,9.100000,-0.009445,0.412649,0.016198,0.910697,-215.290878,92.115356,97.633209
1093,9.108333,-0.008933,0.412859,0.015261,0.910623,-215.244644,92.130074,97.636292
1094,9.116667,-0.008523,0.412953,0.014503,0.910597,-215.207794,92.143127,97.628387
1095,9.125000,-0.007983,0.413065,0.013860,0.910561,-215.183563,92.155701,97.609749
1096,9.133333,-0.007897,0.413153,0.013423,0.910529,-215.178925,92.161644,97.580048
1097,9.141667,-0.008229,0.412950,0.013649,0.910614,-215.189545,92.159470,97.546646
1098,9.150000,-0.009635,0.412676,0.013681,0.910724,-215.214508,92.157150,97.512093
1099,9.158333,-0.011186,0.412404,0.014041,0.910824,-215.248459,92.152748,97.481277
1100,9.166667,-0.013298,0.412285,0.014535,0.910842,-215.291687,92.142395,97.463043
1101,9.175000,-0.015109,0.412105,0.015592,0.910878,-215.333420,92.129585,97.459122
1102,9.183333,-0.015957,0.411714,0.017340,0.911008,-215.377670,92.122047,97.474419
1103,9.191667,-0.015598,0.411641,0.018811,0.911018,-215.421432,92.118622,97.503433
1104,9.200000,-0.014317,0.410849,0.021052,0.911348,-215.465195,92.100456,97.535072
1105,9.208333,-0.013774,0.411369,0.020670,0.911131,-215.493744,92.103317,97.587242
1106,9.216667,-0.012689,0.411413,0.021285,0.911112,-215.517136,92.102715,97.639000
1107,9.225000,-0.011658,0.411016,0.023215,0.911258,-215.536041,92.098518,97.686592
1108,9.233333,-0.011191,0.410437,0.023667,0.911513,-215.551300,92.101295,97.725700
1109,9.241667,-0.010221,0.410023,0.023835,0.911707,-215.556046,92.100060,97.752243
1110,9.250000,-0.009711,0.409719,0.023912,0.911847,-215.554428,92.100731,97.767906
1111,9.258333,-0.009600,0.409602,0.023573,0.911909,-215.544708,92.098534,97.770966
1112,9.266667,-0.009554,0.409510,0.022858,0.911969,-215.525436,92.097382,97.760895
1113,9.275000,-0.009872,0.409428,0.022006,0.912023,-215.499283,92.096245,97.742752
1114,9.283333,-0.009917,0.408651,0.022558,0.912358,-215.469360,92.082222,97.701698
1115,9.291667,-0.009670,0.408618,0.020432,0.912426,-215.430664,92.085693,97.665863
1116,9.300000,-0.009651,0.408012,0.019711,0.912713,-215.389755,92.088470,97.616737
1117,9.308333,-0.010954,0.408290,0.017562,0.912618,-215.353439,92.108612,97.569496
1118,9.316667,-0.012754,0.408413,0.016462,0.912560,-215.326614,92.119041,97.523415
1119,9.325000,-0.014501,0.408447,0.015337,0.912538,-215.307541,92.121750,97.484673
1120,9.333333,-0.015462,0.408334,0.014638,0.912584,-215.294769,92.123726,97.457298
1121,9.341667,-0.015753,0.408201,0.014345,0.912644,-215.284973,92.122101,97.442009
1122,9.350000,-0.015623,0.407948,0.014299,0.912759,-215.281540,92.120834,97.444031
1123,9.358333,-0.015146,0.407882,0.014539,0.912793,-215.282318,92.117882,97.458511
1124,9.366667,-0.014052,0.407909,0.014897,0.912793,-215.286636,92.115883,97.487221
1125,9.375000,-0.013100,0.407867,0.015438,0.912817,-215.293198,92.111710,97.523232
1126,9.383333,-0.011870,0.407994,0.016153,0.912764,-215.304596,92.108574,97.570763
1127,9.391667,-0.010420,0.408314,0.017287,0.912619,-215.326340,92.117256,97.619232
1128,9.400000,-0.009358,0.407728,0.019229,0.912853,-215.365784,92.110794,97.645073
1129,9.408333,-0.008943,0.407525,0.020965,0.912909,-215.404968,92.110786,97.665306
1130,9.416667,-0.008949,0.407186,0.022839,0.913016,-215.454483,92.112961,97.673996
1131,9.425000,-0.009610,0.407411,0.023402,0.912895,-215.492981,92.122467,97.682053
1132,9.433333,-0.010298,0.407692,0.023984,0.912746,-215.530533,92.130211,97.679924
1133,9.441667,-0.010763,0.407910,0.024394,0.912633,-215.562256,92.129562,97.667908
1134,9.450000,-0.011379,0.407938,0.024775,0.912603,-215.588120,92.124344,97.642899
1135,9.458333,-0.012486,0.407768,0.024826,0.912662,-215.606171,92.113846,97.617050
1136,9.466667,-0.013942,0.407807,0.024245,0.912639,-215.610931,92.102875,97.599960
1137,9.475000,-0.014785,0.407748,0.023527,0.912672,-215.601273,92.095390,97.591728
1138,9.483333,-0.014213,0.407749,0.022606,0.912703,-215.577103,92.096535,97.599670
1139,9.491667,-0.013324,0.407779,0.021493,0.912731,-215.541718,92.096603,97.612694
1140,9.500000,-0.012086,0.407612,0.020253,0.912851,-215.497803,92.098831,97.628281
1141,9.508333,-0.010559,0.406914,0.019852,0.913190,-215.448593,92.090530,97.629204
1142,9.516667,-0.009461,0.406542,0.019413,0.913377,-215.394165,92.090057,97.623672
1143,9.525000,-0.009358,0.406945,0.017746,0.913232,-215.343719,92.109596,97.618134
1144,9.533333,-0.009953,0.407146,0.016782,0.913155,-215.306091,92.123482,97.601669
1145,9.541667,-0.010489,0.407304,0.015493,0.913101,-215.279221,92.132942,97.569672
1146,9.550000,-0.011504,0.407299,0.014575,0.913106,-215.265015,92.138931,97.539375
1147,9.558333,-0.012778,0.407228,0.014029,0.913130,-215.261459,92.137787,97.516594
1148,9.566667,-0.013954,0.407291,0.013702,0.913089,-215.267105,92.131706,97.503899
1149,9.575000,-0.014607,0.407207,0.014112,0.913110,-215.276932,92.121544,97.501610
1150,9.583333,-0.014186,0.406721,0.014784,0.913323,-215.291428,92.112755,97.513519
1151,9.591667,-0.013137,0.406570,0.015902,0.913387,-215.306717,92.107353,97.539581
1152,9.600000,-0.012193,0.406670,0.016829,0.913339,-215.321396,92.106178,97.579803
1153,9.608333,-0.010901,0.407084,0.017532,0.913157,-215.343048,92.111877,97.619942
1154,9.616667,-0.009508,0.406332,0.020583,0.913444,-215.382004,92.101295,97.634781
1155,9.625000,-0.009647,0.406400,0.021532,0.913391,-215.427826,92.111282,97.656570
1156,9.633333,-0.010161,0.406625,0.021962,0.913275,-215.465256,92.121529,97.666580
1157,9.641667,-0.010510,0.406959,0.022576,0.913107,-215.500504,92.128754,97.666588
1158,9.650000,-0.010702,0.407218,0.023669,0.912961,-215.531891,92.130318,97.657608
1159,9.658333,-0.011251,0.407281,0.024134,0.912915,-215.560120,92.130157,97.640594
1160,9.666667,-0.011718,0.407351,0.024577,0.912866,-215.582245,92.123055,97.621315
1161,9.675000,-0.012843,0.407299,0.024698,0.912871,-215.595169,92.110435,97.605530
1162,9.683333,-0.013959,0.407400,0.024040,0.912827,-215.595886,92.100327,97.598976
1163,9.691667,-0.014353,0.407420,0.023126,0.912835,-215.578644,92.095596,97.606514
1164,9.700000,-0.013779,0.407578,0.021983,0.912802,-215.549179,92.094521,97.624275
1165,9.708333,-0.012631,0.407592,0.021010,0.912835,-215.511627,92.095818,97.637817
1166,9.716667,-0.011149,0.407022,0.020697,0.913116,-215.468216,92.087479,97.638405
1167,9.725000,-0.009820,0.406569,0.020055,0.913347,-215.412827,92.082977,97.631493
1168,9.733333,-0.009448,0.407020,0.018189,0.913189,-215.361206,92.100815,97.628059
1169,9.741667,-0.010017,0.407288,0.016986,0.913087,-215.319534,92.118690,97.611465
1170,9.750000,-0.010371,0.407451,0.015708,0.913033,-215.289139,92.129433,97.579193
1171,9.758333,-0.011586,0.407502,0.014709,0.913013,-215.272018,92.133881,97.548508
1172,9.766667,-0.013010,0.407607,0.014087,0.912956,-215.266342,92.130531,97.524506
1173,9.775000,-0.014040,0.407627,0.013739,0.912937,-215.268127,92.125336,97.510574
1174,9.783333,-0.014208,0.407410,0.014089,0.913026,-215.274338,92.118927,97.510849
1175,9.791667,-0.013677,0.407099,0.014825,0.913161,-215.282532,92.111580,97.522087
1176,9.800000,-0.012829,0.406955,0.015513,0.913226,-215.292816,92.108040,97.548668
1177,9.808333,-0.011932,0.407080,0.016487,0.913166,-215.307236,92.109688,97.581551
1178,9.816667,-0.010787,0.407447,0.017373,0.913000,-215.331451,92.117371,97.612892
1179,9.825000,-0.010225,0.407667,0.018064,0.912895,-215.359787,92.122276,97.625114
1180,9.833333,-0.009993,0.406418,0.021562,0.913378,-215.418198,92.107590,97.610245
1181,9.841667,-0.010711,0.406801,0.021546,0.913200,-215.462250,92.119751,97.610542
1182,9.850000,-0.011409,0.407024,0.022063,0.913080,-215.498901,92.124573,97.612068
1183,9.858333,-0.011910,0.407123,0.022753,0.913012,-215.531281,92.121941,97.616707
1184,9.866667,-0.013407,0.407139,0.023418,0.912967,-215.557892,92.111244,97.625237
1185,9.875000,-0.013932,0.407159,0.023738,0.912943,-215.571289,92.099937,97.639122
1186,9.883333,-0.013849,0.407003,0.023721,0.913014,-215.571472,92.094208,97.650681
1187,9.891667,-0.013196,0.407007,0.023553,0.913026,-215.563675,92.095161,97.658302
1188,9.900000,-0.012923,0.406937,0.022857,0.913079,-215.546127,92.094498,97.656509
1189,9.908333,-0.012482,0.406985,0.021653,0.913093,-215.518188,92.093430,97.644516
1190,9.916667,-0.011950,0.407050,0.020266,0.913103,-215.482635,92.094131,97.625526
1191,9.925000,-0.011340,0.406366,0.020271,0.913415,-215.443130,92.080177,97.592781
1192,9.933333,-0.011360,0.406877,0.018322,0.913229,-215.389511,92.092033,97.581902
1193,9.941667,-0.011662,0.407170,0.016925,0.913121,-215.340561,92.099174,97.577408
1194,9.950000,-0.011929,0.407522,0.016097,0.912975,-215.301270,92.105011,97.573364
1195,9.958333,-0.012328,0.407685,0.015690,0.912905,-215.273407,92.110184,97.563339
1196,9.966667,-0.012567,0.407807,0.015505,0.912850,-215.260437,92.112083,97.548309
1197,9.975000,-0.012820,0.407658,0.015651,0.912911,-215.261078,92.110985,97.533516
1198,9.983333,-0.012970,0.407365,0.015967,0.913034,-215.266708,92.104057,97.530342
1199,9.991667,-0.012585,0.407264,0.016434,0.913076,-215.276688,92.098915,97.541931
1200,10.000000,-0.012080,0.407225,0.017261,0.913085,-215.289658,92.095871,97.560249
1201,10.008333,-0.011626,0.407270,0.018296,0.913051,-215.310287,92.096756,97.575073
1202,10.016667,-0.011061,0.407451,0.019482,0.912952,-215.342163,92.098061,97.585373
1203,10.025000,-0.011183,0.407236,0.020930,0.913015,-215.380768,92.094055,97.591949
1204,10.033333,-0.010785,0.406534,0.024716,0.913238,-215.425201,92.063202,97.593826
1205,10.041667,-0.011478,0.406597,0.025757,0.913172,-215.465073,92.059837,97.613838
1206,10.050000,-0.012033,0.406323,0.026874,0.913255,-215.498520,92.055397,97.624199
1207,10.058333,-0.012081,0.405946,0.028265,0.913380,-215.524246,92.050453,97.624725
1208,10.066667,-0.012223,0.405671,0.029203,0.913471,-215.538956,92.046524,97.618301
1209,10.075000,-0.012438,0.405540,0.029663,0.913511,-215.544037,92.042801,97.602859
1210,10.083333,-0.012693,0.405508,0.029633,0.913523,-215.539902,92.038902,97.590706
1211,10.091667,-0.012715,0.405512,0.029334,0.913531,-215.526703,92.034897,97.589119
1212,10.100000,-0.012040,0.405416,0.028673,0.913603,-215.503830,92.032852,97.593292
1213,10.108333,-0.010741,0.405316,0.028011,0.913684,-215.471771,92.030540,97.594025
1214,10.116667,-0.009687,0.405182,0.027522,0.913771,-215.431732,92.022552,97.583923
1215,10.125000,-0.009599,0.405510,0.025728,0.913678,-215.386871,92.028595,97.577736
1216,10.133333,-0.009951,0.405462,0.025018,0.913715,-215.348312,92.031876,97.558693
1217,10.141667,-0.010737,0.405416,0.024631,0.913737,-215.316360,92.032906,97.546890
1218,10.150000,-0.010864,0.405510,0.024436,0.913699,-215.290405,92.030006,97.540237
1219,10.158333,-0.010758,0.405630,0.024603,0.913643,-215.275574,92.031609,97.534920
1220,10.166667,-0.010609,0.405583,0.024807,0.913660,-215.270737,92.031319,97.528015
1221,10.175000,-0.010602,0.405471,0.025114,0.913701,-215.273239,92.026299,97.529510
1222,10.183333,-0.010455,0.405350,0.025693,0.913741,-215.282623,92.022621,97.537025
1223,10.191667,-0.010265,0.405159,0.027325,0.913780,-215.300964,92.015633,97.541336
1224,10.200000,-0.009697,0.405021,0.029083,0.913793,-215.326691,92.004555,97.551117
1225,10.208333,-0.009017,0.404824,0.031365,0.913812,-215.361053,91.989120,97.559837
1226,10.216667,-0.008640,0.404843,0.033091,0.913746,-215.401459,91.985664,97.573280
1227,10.225000,-0.009046,0.404558,0.034588,0.913813,-215.440033,91.980087,97.583542
1228,10.233333,-0.009657,0.404281,0.036052,0.913873,-215.474289,91.974037,97.586479
1229,10.241667,-0.009965,0.404265,0.036995,0.913839,-215.499573,91.972473,97.585434
1230,10.250000,-0.010351,0.404387,0.037340,0.913767,-215.515015,91.971329,97.576759
1231,10.258333,-0.010694,0.404300,0.037457,0.913797,-215.520340,91.970947,97.570335
1232,10.266667,-0.010874,0.404122,0.037089,0.913888,-215.514847,91.971115,97.574112
1233,10.275000,-0.010263,0.403954,0.036616,0.913988,-215.499451,91.968819,97.578087
1234,10.283333,-0.009508,0.403983,0.035765,0.914018,-215.476181,91.967300,97.576836
1235,10.291667,-0.008574,0.404107,0.034746,0.914011,-215.444977,91.966240,97.569748
1236,10.300000,-0.008368,0.404389,0.033431,0.913938,-215.405701,91.964081,97.561661
1237,10.308333,-0.008147,0.404505,0.032518,0.913921,-215.366959,91.967674,97.557297
1238,10.316667,-0.008593,0.404403,0.031998,0.913980,-215.332840,91.972084,97.542198
1239,10.325000,-0.009207,0.404222,0.031682,0.914066,-215.303802,91.970520,97.527153
1240,10.333333,-0.009624,0.404304,0.031244,0.914040,-215.285370,91.972351,97.521881
1241,10.341667,-0.009701,0.404295,0.031013,0.914051,-215.276459,91.974709,97.515244
1242,10.350000,-0.009833,0.404194,0.030895,0.914099,-215.275162,91.974976,97.515228
1243,10.358333,-0.009658,0.404162,0.031244,0.914102,-215.284912,91.974930,97.519615
1244,10.366667,-0.009413,0.404195,0.031646,0.914077,-215.301987,91.974861,97.529015
1245,10.375000,-0.009126,0.404114,0.032431,0.914088,-215.325241,91.974632,97.540947
1246,10.383333,-0.008603,0.404341,0.033303,0.913961,-215.356186,91.973732,97.552544
1247,10.391667,-0.008444,0.404236,0.034237,0.913975,-215.390396,91.973061,97.569664
1248,10.400000,-0.008633,0.404042,0.035344,0.914017,-215.425278,91.971092,97.583733
1249,10.408333,-0.008755,0.403658,0.036506,0.914139,-215.454605,91.968063,97.590813
1250,10.416667,-0.009094,0.403702,0.037280,0.914085,-215.477127,91.966713,97.592346
1251,10.425000,-0.009583,0.403780,0.037513,0.914036,-215.488892,91.964561,97.584938
1252,10.433333,-0.009878,0.403916,0.037503,0.913974,-215.491959,91.961487,97.567886
1253,10.441667,-0.009754,0.403983,0.037251,0.913956,-215.486603,91.962479,97.559418
1254,10.450000,-0.009576,0.403878,0.036504,0.914034,-215.471436,91.963264,97.557838
1255,10.458333,-0.009125,0.403728,0.035395,0.914149,-215.445297,91.962212,97.562729
1256,10.466667,-0.008307,0.403753,0.034537,0.914178,-215.412827,91.964600,97.573029
1257,10.475000,-0.007577,0.403861,0.033403,0.914179,-215.376236,91.968498,97.577911
1258,10.483333,-0.007611,0.404013,0.033104,0.914123,-215.348740,91.969696,97.568893
1259,10.491667,-0.008090,0.403809,0.033364,0.914199,-215.330048,91.972153,97.545471
1260,10.500000,-0.009512,0.403860,0.032862,0.914181,-215.319580,91.969551,97.530098
1261,10.508333,-0.010165,0.403683,0.032442,0.914267,-215.314316,91.968742,97.524895
1262,10.516667,-0.009877,0.403747,0.032248,0.914249,-215.313629,91.970398,97.534157
1263,10.525000,-0.009157,0.403828,0.032354,0.914217,-215.316315,91.972488,97.549072
1264,10.533333,-0.008629,0.404314,0.032928,0.913987,-215.330292,91.974335,97.560486
1265,10.541667,-0.008221,0.404512,0.033704,0.913875,-215.352753,91.973892,97.560432
1266,10.550000,-0.008395,0.404683,0.034423,0.913770,-215.381500,91.973030,97.562149
1267,10.558333,-0.008803,0.404400,0.035166,0.913864,-215.405304,91.968765,97.565971
1268,10.566667,-0.009153,0.404193,0.035364,0.913944,-215.422516,91.964928,97.579292
1269,10.575000,-0.008742,0.403965,0.035708,0.914036,-215.432709,91.964653,97.587662
1270,10.583333,-0.008544,0.404008,0.035708,0.914018,-215.434143,91.964584,97.589020
1271,10.591667,-0.008397,0.404105,0.035479,0.913986,-215.428665,91.965363,97.586060
1272,10.600000,-0.008145,0.404183,0.034934,0.913974,-215.414520,91.964615,97.574638
1273,10.608333,-0.008149,0.404352,0.034223,0.913926,-215.392853,91.965660,97.570053
1274,10.616667,-0.008176,0.404281,0.033488,0.913985,-215.364624,91.963997,97.567253
1275,10.625000,-0.007984,0.404388,0.033048,0.913956,-215.342331,91.969093,97.568336
1276,10.633333,-0.008321,0.404270,0.033089,0.914003,-215.327805,91.970650,97.553841
1277,10.641667,-0.009105,0.404155,0.032867,0.914055,-215.321213,91.970444,97.545174
1278,10.650000,-0.009227,0.404101,0.032893,0.914076,-215.320587,91.970284,97.547279
1279,10.658333,-0.008730,0.404389,0.033100,0.913946,-215.329056,91.974503,97.561523
1280,10.666667,-0.008458,0.404579,0.033460,0.913852,-215.343643,91.975136,97.564331
1281,10.675000,-0.008382,0.404511,0.033959,0.913864,-215.362244,91.974472,97.569405
1282,10.683333,-0.008466,0.404325,0.034524,0.913924,-215.378433,91.969696,97.580147
1283,10.691667,-0.008267,0.404081,0.034878,0.914021,-215.387375,91.966980,97.588707
1284,10.700000,-0.008304,0.404018,0.035000,0.914044,-215.390533,91.965225,97.592117
1285,10.708333,-0.008131,0.403991,0.034726,0.914068,-215.387863,91.962746,97.587715
1286,10.716667,-0.008066,0.404142,0.034416,0.914013,-215.378708,91.963112,97.577576
1287,10.725000,-0.007983,0.404153,0.033809,0.914031,-215.362030,91.961243,97.567680
1288,10.733333,-0.008304,0.404343,0.033366,0.913961,-215.346695,91.963921,97.560974
1289,10.741667,-0.008713,0.404032,0.033193,0.914101,-215.332336,91.966721,97.556625
1290,10.750000,-0.009110,0.403921,0.033378,0.914139,-215.326447,91.968140,97.551987
1291,10.758333,-0.008555,0.404139,0.033528,0.914043,-215.331528,91.971893,97.558823
1292,10.766667,-0.008490,0.404085,0.033810,0.914057,-215.342117,91.972298,97.562393
1293,10.775000,-0.008519,0.403948,0.034096,0.914106,-215.358765,91.971382,97.572090
1294,10.783333,-0.008286,0.403883,0.034404,0.914126,-215.369965,91.970078,97.585640
1295,10.791667,-0.008005,0.403651,0.034652,0.914222,-215.373947,91.967598,97.593094
1296,10.800000,-0.007852,0.403643,0.034626,0.914227,-215.373062,91.967979,97.594482
1297,10.808333,-0.007580,0.403736,0.034456,0.914195,-215.365555,91.966988,97.586700
1298,10.816667,-0.007840,0.403828,0.034303,0.914158,-215.359116,91.966949,97.571877
1299,10.825000,-0.008483,0.403652,0.033883,0.914246,-215.348190,91.964691,97.556297
1300,10.833333,-0.008695,0.403784,0.033474,0.914200,-215.341446,91.966942,97.562393
1301,10.841667,-0.008588,0.403817,0.033572,0.914183,-215.341522,91.970459,97.565216
1302,10.850000,-0.008549,0.403710,0.033895,0.914219,-215.350204,91.975113,97.563957
1303,10.858333,-0.008451,0.403509,0.033919,0.914308,-215.355759,91.971542,97.569954
1304,10.866667,-0.008256,0.403495,0.034212,0.914305,-215.360718,91.970505,97.577354
1305,10.875000,-0.008400,0.403609,0.034464,0.914244,-215.365906,91.969078,97.577621
1306,10.883333,-0.008220,0.403681,0.034470,0.914213,-215.366074,91.967178,97.577080
1307,10.891667,-0.008167,0.403674,0.034390,0.914220,-215.361877,91.965805,97.578476
1308,10.900000,-0.008321,0.403697,0.034439,0.914207,-215.358566,91.966019,97.572014
1309,10.908333,-0.008536,0.403759,0.034205,0.914186,-215.353394,91.966721,97.570396
1310,10.916667,-0.008503,0.403671,0.034224,0.914225,-215.351151,91.968468,97.567841
1311,10.925000,-0.008451,0.403673,0.034062,0.914230,-215.349319,91.969193,97.567108
1312,10.933333,-0.008899,0.403448,0.034029,0.914326,-215.348846,91.967545,97.563286
1313,10.941667,-0.008859,0.403498,0.034155,0.914300,-215.352539,91.967674,97.566910
1314,10.950000,-0.008621,0.403503,0.034303,0.914294,-215.354538,91.967072,97.569702
1315,10.958333,-0.008508,0.403557,0.034347,0.914270,-215.357895,91.967529,97.575569
1316,10.966667,-0.008255,0.403608,0.034519,0.914243,-215.361496,91.969131,97.581139
1317,10.975000,-0.008049,0.403650,0.034527,0.914226,-215.361862,91.968185,97.579643
1318,10.983333,-0.008231,0.403692,0.034343,0.914213,-215.359634,91.966377,97.576813
1319,10.991667,-0.008269,0.403715,0.034333,0.914203,-215.358261,91.967270,97.575661
1320,11.000000,-0.008216,0.403752,0.034290,0.914189,-215.355972,91.968391,97.572456
1321,11.008333,-0.008275,0.403778,0.034259,0.914178,-215.354111,91.969147,97.570702
1322,11.016667,-0.008514,0.403655,0.034144,0.914234,-215.352722,91.968796,97.568825
1323,11.025000,-0.008755,0.403652,0.034132,0.914234,-215.351990,91.968163,97.566895
1324,11.033333,-0.008632,0.403676,0.034007,0.914229,-215.351486,91.969025,97.567162
1325,11.041667,-0.008637,0.403651,0.034037,0.914239,-215.352325,91.969215,97.568413
1326,11.050000,-0.008441,0.403725,0.034072,0.914207,-215.353104,91.970894,97.570244
1327,11.058333,-0.008573,0.403642,0.034054,0.914243,-215.352722,91.969078,97.569534
1328,11.066667,-0.008604,0.403648,0.034139,0.914237,-215.353745,91.968277,97.569939
1329,11.075000,-0.008432,0.403590,0.034250,0.914260,-215.353867,91.967316,97.570732
1330,11.083333,-0.008499,0.403622,0.034281,0.914244,-215.355087,91.968094,97.574532
1331,11.091667,-0.008340,0.403546,0.034432,0.914273,-215.356628,91.967415,97.576050
1332,11.100000,-0.008387,0.403576,0.034528,0.914256,-215.358612,91.967438,97.578415
1333,11.108333,-0.008270,0.403660,0.034543,0.914219,-215.360077,91.968086,97.579613
1334,11.116667,-0.008490,0.403625,0.034494,0.914235,-215.359467,91.964996,97.576942
1335,11.125000,-0.008376,0.403672,0.034419,0.914218,-215.359589,91.965637,97.576736
1336,11.133333,-0.008496,0.403661,0.034426,0.914221,-215.359955,91.966370,97.576248
1337,11.141667,-0.008477,0.403633,0.034350,0.914237,-215.358856,91.965691,97.575401
1338,11.150000,-0.008435,0.403542,0.034362,0.914277,-215.357941,91.966019,97.574249
1339,11.158333,-0.008449,0.403545,0.034261,0.914279,-215.357559,91.967407,97.574898
1340,11.166667,-0.008335,0.403629,0.034225,0.914245,-215.358353,91.967865,97.575951
1341,11.175000,-0.008488,0.403679,0.034171,0.914223,-215.358826,91.968185,97.576645
1342,11.183333,-0.008682,0.403596,0.034153,0.914259,-215.358704,91.967201,97.577408
1343,11.191667,-0.008449,0.403635,0.034205,0.914242,-215.358612,91.967651,97.576752
1344,11.200000,-0.008364,0.403687,0.034140,0.914222,-215.358765,91.969612,97.578224
1345,11.208333,-0.008219,0.403704,0.034254,0.914211,-215.358109,91.968376,97.577568
1346,11.216667,-0.008365,0.403657,0.034171,0.914234,-215.358093,91.969589,97.578201
1347,11.225000,-0.008387,0.403578,0.034164,0.914269,-215.357468,91.968994,97.578133
1348,11.233333,-0.008369,0.403632,0.034106,0.914247,-215.357895,91.969482,97.578613
1349,11.241667,-0.008249,0.403621,0.034179,0.914250,-215.357941,91.969376,97.578560
1350,11.250000,-0.008272,0.403621,0.034090,0.914254,-215.358154,91.969818,97.579399
1351,11.258333,-0.008287,0.403617,0.034029,0.914258,-215.357727,91.969269,97.579254
1352,11.266667,-0.008209,0.403620,0.034145,0.914252,-215.358688,91.969559,97.578552
1353,11.275000,-0.008420,0.403595,0.034190,0.914260,-215.358948,91.968781,97.578033
1354,11.283333,-0.008452,0.403560,0.034140,0.914277,-215.358612,91.968117,97.576958
1355,11.291667,-0.008381,0.403609,0.034204,0.914254,-215.359207,91.967873,97.576927
1356,11.300000,-0.008311,0.403632,0.034258,0.914242,-215.359665,91.968246,97.575592
1357,11.308333,-0.008521,0.403602,0.034382,0.914249,-215.359909,91.967300,97.575089
1358,11.316667,-0.008494,0.403610,0.034267,0.914250,-215.359756,91.967262,97.576149
1359,11.325000,-0.008429,0.403639,0.034338,0.914235,-215.360382,91.967278,97.575821
1360,11.333333,-0.008434,0.403572,0.034290,0.914266,-215.359634,91.966995,97.575478
1361,11.341667,-0.008285,0.403675,0.034295,0.914222,-215.360214,91.967522,97.576958
1362,11.350000,-0.008350,0.403695,0.034233,0.914215,-215.361023,91.969696,97.578796
1363,11.358333,-0.008393,0.403631,0.034229,0.914243,-215.360687,91.968994,97.577896
1364,11.366667,-0.008343,0.403630,0.034127,0.914247,-215.359756,91.968307,97.578011
1365,11.375000,-0.008343,0.403640,0.034170,0.914241,-215.359619,91.969307,97.578415
1366,11.383333,-0.008322,0.403673,0.034086,0.914230,-215.359634,91.970856,97.579834
1367,11.391667,-0.008295,0.403709,0.033942,0.914220,-215.358994,91.971298,97.579887
1368,11.400000,-0.008457,0.403651,0.033877,0.914247,-215.359024,91.971657,97.580482
1369,11.408333,-0.008348,0.403694,0.033805,0.914231,-215.359283,91.972115,97.580627
1370,11.416667,-0.008321,0.403741,0.033782,0.914212,-215.360229,91.972961,97.581070
1371,11.425000,-0.008276,0.403768,0.033552,0.914208,-215.360611,91.975113,97.581413
1372,11.433333,-0.008446,0.403791,0.033468,0.914200,-215.360977,91.976669,97.581345
1373,11.441667,-0.008567,0.403800,0.033285,0.914202,-215.360764,91.977356,97.580429
1374,11.450000,-0.008401,0.403771,0.033228,0.914218,-215.360504,91.978401,97.580376
1375,11.458333,-0.008501,0.403862,0.032896,0.914189,-215.360474,91.979691,97.581352
1376,11.466667,-0.008604,0.403810,0.032843,0.914213,-215.360443,91.981163,97.582588
1377,11.475000,-0.008536,0.403805,0.032696,0.914221,-215.360901,91.982376,97.581711
1378,11.483333,-0.008707,0.403799,0.032595,0.914226,-215.360931,91.982353,97.580544
1379,11.491667,-0.008791,0.403817,0.032574,0.914218,-215.361435,91.981949,97.581070
1380,11.500000,-0.008803,0.403826,0.032589,0.914213,-215.361816,91.982796,97.582100
1381,11.508333,-0.008828,0.403861,0.032360,0.914205,-215.362076,91.983124,97.583298
1382,11.516667,-0.008885,0.403875,0.032228,0.914203,-215.362549,91.984459,97.583763
1383,11.525000,-0.008798,0.403891,0.032205,0.914198,-215.362640,91.985634,97.585045
1384,11.533333,-0.009031,0.403821,0.032094,0.914231,-215.362762,91.986397,97.584137
1385,11.541667,-0.008987,0.403845,0.031957,0.914225,-215.362549,91.986618,97.584892
1386,11.550000,-0.008806,0.403923,0.031972,0.914192,-215.363342,91.988678,97.586182
1387,11.558333,-0.008905,0.403887,0.031852,0.914211,-215.363861,91.989120,97.586151
1388,11.566667,-0.008913,0.403917,0.031774,0.914200,-215.364243,91.989220,97.585548
1389,11.575000,-0.009152,0.404249,0.030884,0.914082,-215.363647,91.997581,97.591026
1390,11.583333,-0.009133,0.404283,0.030428,0.914082,-215.363495,92.003006,97.590874
1391,11.591667,-0.009346,0.404154,0.030188,0.914145,-215.363129,92.004463,97.589806
1392,11.600000,-0.009226,0.404189,0.030048,0.914135,-215.363052,92.006241,97.589043
