Format Version,1.25,Take Name,Take 2025-11-27 04.53.01 PM,Take Notes,,Capture Frame Rate,120.000000,Export Frame Rate,120.000000,Capture Start Time,2025-11-27 04.53.02.051 PM,Capture Start Frame,2516390,Total Frames in Take,1365,Total Exported Frames,1365,Rotation Type,Quaternion,Length Units,Centimeters,Coordinate Space,Global

,Type,Rigid Body,Rigid Body,Rigid Body,Rigid Body,Rigid Body,Rigid Body,Rigid Body
,Name,SEE_large,SEE_large,SEE_large,SEE_large,SEE_large,SEE_large,SEE_large
,ID,B4680608301811F031C44B617C10C291,B4680608301811F031C44B617C10C291,B4680608301811F031C44B617C10C291,B4680608301811F031C44B617C10C291,B4680608301811F031C44B617C10C291,B4680608301811F031C44B617C10C291,B4680608301811F031C44B617C10C291
,Parent,,,,,,,
,,Rotation,Rotation,Rotation,Rotation,Position,Position,Position
Frame,Time (Seconds),X,Y,Z,W,X,Y,Z
0,0.000000,-0.007521,0.402045,0.008196,0.915552,-215.854675,92.238121,83.939728
1,0.008333,-0.007455,0.402042,0.008119,0.915555,-215.853195,92.237564,83.939644
2,0.016667,-0.007490,0.402072,0.008100,0.915542,-215.852570,92.238167,83.940002
3,0.025000,-0.007515,0.402017,0.008225,0.915565,-215.852859,92.237885,83.941498
4,0.033333,-0.007689,0.402060,0.008257,0.915544,-215.854355,92.239052,83.942787
5,0.041667,-0.007611,0.402069,0.008075,0.915542,-215.856750,92.237694,83.943985
6,0.050000,-0.007539,0.402107,0.008212,0.915525,-215.859039,92.237152,83.945091
7,0.058333,-0.007506,0.402042,0.008152,0.915554,-215.861893,92.237564,83.946831
8,0.066667,-0.007634,0.401984,0.008419,0.915576,-215.865540,92.237526,83.949593
9,0.075000,-0.007546,0.401980,0.008449,0.915578,-215.868515,92.236305,83.951607
10,0.083333,-0.007472,0.402021,0.008480,0.915561,-215.871857,92.235481,83.952538
11,0.091667,-0.007402,0.402055,0.008367,0.915547,-215.873932,92.235718,83.952911
12,0.100000,-0.007432,0.402090,0.008473,0.915531,-215.874603,92.235977,83.952629
13,0.108333,-0.007672,0.402027,0.008557,0.915556,-215.874649,92.237495,83.952339
14,0.116667,-0.007677,0.401950,0.008420,0.915591,-215.872833,92.237572,83.951324
15,0.125000,-0.007572,0.401989,0.008350,0.915575,-215.870575,92.236687,83.950348
16,0.133333,-0.007610,0.402008,0.008378,0.915567,-215.868805,92.236076,83.949089
17,0.141667,-0.007594,0.402040,0.008319,0.915553,-215.865829,92.235725,83.947975
18,0.150000,-0.007602,0.402007,0.008332,0.915567,-215.864349,92.236801,83.947044
19,0.158333,-0.007631,0.402028,0.008419,0.915557,-215.862488,92.237106,83.946823
20,0.166667,-0.007565,0.402000,0.008268,0.915571,-215.861298,92.237106,83.944679
21,0.175000,-0.007520,0.402038,0.008181,0.915556,-215.860931,92.236809,83.944458
22,0.183333,-0.007517,0.402075,0.008116,0.915540,-215.861481,92.236984,83.944359
23,0.191667,-0.007557,0.402028,0.008306,0.915559,-215.862823,92.236237,83.944885
24,0.200000,-0.007551,0.402037,0.008263,0.915555,-215.864044,92.236862,83.945961
25,0.208333,-0.007493,0.401994,0.008213,0.915575,-215.866013,92.237053,83.946045
26,0.216667,-0.007423,0.402036,0.008305,0.915556,-215.867325,92.237427,83.947510
27,0.225000,-0.007444,0.402059,0.008281,0.915546,-215.869736,92.236862,83.948387
28,0.233333,-0.007492,0.402098,0.008397,0.915528,-215.871338,92.234955,83.949059
29,0.241667,-0.007570,0.402078,0.008413,0.915536,-215.872482,92.235764,83.949295
30,0.250000,-0.007521,0.402024,0.008459,0.915559,-215.871674,92.237106,83.948906
31,0.258333,-0.007441,0.401996,0.008437,0.915572,-215.870148,92.238182,83.949081
32,0.266667,-0.007433,0.402018,0.008314,0.915564,-215.868958,92.237022,83.948898
33,0.275000,-0.007476,0.402026,0.008301,0.915560,-215.866852,92.237228,83.948158
34,0.283333,-0.007482,0.401998,0.008276,0.915573,-215.863770,92.235664,83.947083
35,0.291667,-0.007581,0.402079,0.008231,0.915537,-215.862015,92.235062,83.946541
36,0.300000,-0.007491,0.402110,0.008201,0.915524,-215.860443,92.236504,83.946053
37,0.308333,-0.007417,0.402124,0.008213,0.915518,-215.859177,92.236748,83.945625
38,0.316667,-0.007317,0.402069,0.008278,0.915543,-215.859009,92.236359,83.945259
39,0.325000,-0.007390,0.402054,0.008183,0.915550,-215.859436,92.236023,83.946487
40,0.333333,-0.007539,0.401993,0.008308,0.915574,-215.860611,92.237007,83.946663
41,0.341667,-0.007510,0.402011,0.008407,0.915565,-215.861252,92.237206,83.946426
42,0.350000,-0.007661,0.401997,0.008309,0.915571,-215.863663,92.238846,83.946831
43,0.358333,-0.007599,0.401995,0.008294,0.915573,-215.865494,92.238708,83.948334
44,0.366667,-0.007505,0.402018,0.008296,0.915563,-215.866425,92.237495,83.949287
45,0.375000,-0.007400,0.402065,0.008271,0.915544,-215.866226,92.235641,83.949280
46,0.383333,-0.007459,0.402065,0.008304,0.915543,-215.868088,92.235634,83.950104
47,0.391667,-0.007551,0.402055,0.008384,0.915546,-215.868423,92.235840,83.949982
48,0.400000,-0.007596,0.402035,0.008506,0.915553,-215.867325,92.235985,83.949409
49,0.408333,-0.007629,0.402045,0.008435,0.915549,-215.866928,92.236214,83.949837
50,0.416667,-0.007618,0.402042,0.008336,0.915552,-215.866547,92.236801,83.949516
51,0.425000,-0.007514,0.401992,0.008267,0.915575,-215.864975,92.237160,83.948914
52,0.433333,-0.007412,0.402061,0.008274,0.915545,-215.862900,92.236366,83.948936
53,0.441667,-0.007463,0.402101,0.008230,0.915528,-215.861923,92.237572,83.948013
54,0.450000,-0.007520,0.402034,0.008357,0.915556,-215.861435,92.237717,83.947952
55,0.458333,-0.007652,0.402017,0.008349,0.915562,-215.860672,92.239418,83.948357
56,0.466667,-0.007495,0.402000,0.008385,0.915571,-215.859741,92.240105,83.947632
57,0.475000,-0.007485,0.402032,0.008427,0.915556,-215.859848,92.239319,83.946808
58,0.483333,-0.007524,0.401951,0.008600,0.915590,-215.860397,92.238564,83.947098
59,0.491667,-0.007563,0.401988,0.008565,0.915573,-215.861160,92.237541,83.946716
60,0.500000,-0.007635,0.402013,0.008332,0.915564,-215.862732,92.236855,83.947021
61,0.508333,-0.007602,0.402063,0.008336,0.915543,-215.866089,92.237335,83.946388
62,0.516667,-0.007637,0.401962,0.008383,0.915586,-215.870911,92.237137,83.946877
63,0.525000,-0.007554,0.401921,0.008566,0.915603,-215.878723,92.237053,83.948639
64,0.533333,-0.007650,0.401777,0.008764,0.915664,-215.890472,92.240250,83.949280
65,0.541667,-0.007887,0.401660,0.009125,0.915709,-215.908310,92.244896,83.948845
66,0.550000,-0.008013,0.401499,0.009612,0.915774,-215.927002,92.246147,83.952179
67,0.558333,-0.008248,0.401471,0.010221,0.915778,-215.944366,92.244431,83.956062
68,0.566667,-0.008609,0.401539,0.010749,0.915738,-215.962509,92.240669,83.961998
69,0.575000,-0.008736,0.401618,0.011450,0.915694,-215.974854,92.237488,83.964630
70,0.583333,-0.008796,0.401673,0.012020,0.915662,-215.986053,92.237305,83.968582
71,0.591667,-0.008386,0.401632,0.012541,0.915677,-215.993790,92.236694,83.969070
72,0.600000,-0.008136,0.401614,0.012710,0.915685,-215.998932,92.235832,83.970947
73,0.608333,-0.008133,0.401634,0.012852,0.915674,-216.002869,92.235886,83.971107
74,0.616667,-0.008094,0.401679,0.012854,0.915655,-216.006348,92.236015,83.970612
75,0.625000,-0.008148,0.401594,0.012972,0.915690,-216.012619,92.237099,83.972778
76,0.633333,-0.008291,0.401601,0.013196,0.915682,-216.019394,92.237427,83.975067
77,0.641667,-0.008300,0.401540,0.013339,0.915707,-216.030853,92.238388,83.978996
78,0.650000,-0.008450,0.401548,0.013637,0.915697,-216.045425,92.238426,83.983055
79,0.658333,-0.008432,0.401524,0.014157,0.915700,-216.061188,92.237961,83.987282
80,0.666667,-0.008518,0.401550,0.014435,0.915684,-216.076447,92.237633,83.992882
81,0.675000,-0.008689,0.401365,0.014968,0.915754,-216.095383,92.239471,83.999565
82,0.683333,-0.008634,0.401303,0.015626,0.915771,-216.111176,92.239243,84.006134
83,0.691667,-0.008411,0.401254,0.018073,0.915750,-216.147018,92.222305,84.019455
84,0.700000,-0.008460,0.401222,0.018454,0.915756,-216.160461,92.219803,84.023056
85,0.708333,-0.008550,0.401364,0.018763,0.915686,-216.170639,92.220100,84.029716
86,0.716667,-0.008699,0.401537,0.019051,0.915603,-216.176010,92.220772,84.033493
87,0.725000,-0.008743,0.401646,0.019136,0.915553,-216.182587,92.220688,84.036186
88,0.733333,-0.008733,0.401668,0.019333,0.915540,-216.189194,92.220512,84.035614
89,0.741667,-0.008920,0.401606,0.019119,0.915569,-216.185791,92.226501,84.031509
90,0.750000,-0.009269,0.401540,0.018548,0.915607,-216.190521,92.236328,84.026047
91,0.758333,-0.009640,0.401377,0.018081,0.915684,-216.199203,92.242470,84.020599
92,0.766667,-0.010025,0.401296,0.017878,0.915719,-216.210312,92.245285,84.018936
93,0.775000,-0.010225,0.401235,0.018162,0.915738,-216.222290,92.246620,84.018318
94,0.783333,-0.010503,0.401090,0.018454,0.915792,-216.233322,92.248291,84.018776
95,0.791667,-0.010650,0.401035,0.018832,0.915807,-216.244415,92.249054,84.019791
96,0.800000,-0.010728,0.401003,0.019178,0.915813,-216.253998,92.248993,84.019890
97,0.808333,-0.011343,0.401080,0.020274,0.915749,-216.264008,92.253540,84.020714
98,0.816667,-0.011578,0.401010,0.020855,0.915763,-216.272949,92.255249,84.021469
99,0.825000,-0.011763,0.400965,0.020974,0.915778,-216.281311,92.256050,84.023796
100,0.833333,-0.011765,0.400938,0.021112,0.915787,-216.288834,92.256317,84.023598
101,0.841667,-0.012049,0.400860,0.021227,0.915814,-216.300552,92.259232,84.023514
102,0.850000,-0.012049,0.400753,0.021465,0.915855,-216.311172,92.259789,84.024513
103,0.858333,-0.012173,0.400677,0.021905,0.915877,-216.323349,92.261574,84.024834
104,0.866667,-0.012212,0.400509,0.022336,0.915939,-216.335770,92.262611,84.025482
105,0.875000,-0.012418,0.400418,0.022833,0.915964,-216.348526,92.263458,84.026543
106,0.883333,-0.012539,0.400410,0.023177,0.915957,-216.359879,92.262238,84.028778
107,0.891667,-0.012750,0.400417,0.023784,0.915936,-216.370941,92.260330,84.029922
108,0.900000,-0.012886,0.400393,0.024137,0.915935,-216.381317,92.259430,84.031662
109,0.908333,-0.012811,0.400391,0.024455,0.915928,-216.389206,92.257935,84.031586
110,0.916667,-0.012708,0.400399,0.024675,0.915921,-216.395691,92.260109,84.031281
111,0.925000,-0.012751,0.400357,0.024929,0.915931,-216.401367,92.260948,84.030182
112,0.933333,-0.012839,0.400337,0.025009,0.915937,-216.407364,92.260643,84.030739
113,0.941667,-0.012883,0.400374,0.025209,0.915914,-216.417145,92.261047,84.030472
114,0.950000,-0.012843,0.400313,0.025428,0.915936,-216.427658,92.260170,84.029915
115,0.958333,-0.013181,0.400278,0.025396,0.915947,-216.438339,92.258186,84.030991
116,0.966667,-0.013383,0.400241,0.025782,0.915949,-216.445877,92.253540,84.031143
117,0.975000,-0.013358,0.400143,0.025822,0.915992,-216.448624,92.251221,84.033653
118,0.983333,-0.013336,0.400141,0.025889,0.915991,-216.444809,92.249451,84.033859
119,0.991667,-0.013307,0.400167,0.025942,0.915979,-216.437607,92.250237,84.034218
120,1.000000,-0.013402,0.400226,0.025930,0.915952,-216.429688,92.250481,84.033768
121,1.008333,-0.013191,0.400115,0.025674,0.916010,-216.423004,92.255173,84.031433
122,1.016667,-0.013028,0.400033,0.025423,0.916056,-216.423157,92.258148,84.029533
123,1.025000,-0.012817,0.400010,0.025377,0.916070,-216.426682,92.259666,84.030151
124,1.033333,-0.013091,0.400068,0.025264,0.916044,-216.430023,92.258209,84.031593
125,1.041667,-0.012973,0.399986,0.025464,0.916076,-216.429321,92.257156,84.029526
126,1.050000,-0.012954,0.400101,0.025583,0.916022,-216.425674,92.256973,84.028587
127,1.058333,-0.012843,0.400108,0.025793,0.916015,-216.420563,92.255981,84.026695
128,1.066667,-0.012819,0.400104,0.025610,0.916022,-216.418335,92.258003,84.025696
129,1.075000,-0.012959,0.400031,0.025575,0.916053,-216.418030,92.257370,84.024513
130,1.083333,-0.013185,0.400073,0.025526,0.916033,-216.418869,92.257233,84.023506
131,1.091667,-0.013115,0.400073,0.025532,0.916034,-216.423416,92.257668,84.022690
132,1.100000,-0.012892,0.400065,0.025566,0.916039,-216.427277,92.258255,84.023109
133,1.108333,-0.012760,0.400184,0.025741,0.915985,-216.431046,92.257965,84.023415
134,1.116667,-0.013058,0.400220,0.025842,0.915962,-216.434387,92.255287,84.025826
135,1.125000,-0.013041,0.400218,0.025725,0.915966,-216.435883,92.256485,84.025688
136,1.133333,-0.012923,0.400191,0.025953,0.915973,-216.440063,92.256302,84.025391
137,1.141667,-0.013277,0.400322,0.026033,0.915908,-216.443344,92.253845,84.027649
138,1.150000,-0.013616,0.400324,0.026020,0.915903,-216.444748,92.252747,84.028526
139,1.158333,-0.013718,0.400360,0.026069,0.915884,-216.445206,92.251251,84.029022
140,1.166667,-0.013640,0.400298,0.026064,0.915913,-216.446014,92.251213,84.030243
141,1.175000,-0.013566,0.400290,0.025876,0.915922,-216.446823,92.252426,84.031334
142,1.183333,-0.013449,0.400327,0.025958,0.915906,-216.445877,92.252609,84.031715
143,1.191667,-0.013512,0.400295,0.025968,0.915919,-216.447372,92.253105,84.032265
144,1.200000,-0.013401,0.400237,0.025964,0.915946,-216.448456,92.252670,84.031242
145,1.208333,-0.013438,0.400343,0.025902,0.915901,-216.450455,92.252304,84.032722
146,1.216667,-0.013488,0.400422,0.025927,0.915865,-216.451859,92.252563,84.032974
147,1.225000,-0.013573,0.400401,0.025972,0.915871,-216.451599,92.252037,84.033302
148,1.233333,-0.013547,0.400311,0.025941,0.915912,-216.450150,92.251434,84.033791
149,1.241667,-0.013413,0.400354,0.026061,0.915892,-216.449112,92.250946,84.033218
150,1.250000,-0.013346,0.400394,0.026094,0.915874,-216.448212,92.250031,84.034912
151,1.258333,-0.013360,0.400383,0.026112,0.915878,-216.448212,92.250481,84.035248
152,1.266667,-0.013473,0.400372,0.026218,0.915878,-216.448288,92.249886,84.035057
153,1.275000,-0.013469,0.400394,0.026305,0.915866,-216.448669,92.251266,84.034805
154,1.283333,-0.013323,0.400416,0.026155,0.915863,-216.448380,92.251549,84.035095
155,1.291667,-0.012951,0.400338,0.026237,0.915900,-216.448074,92.253822,84.033844
156,1.300000,-0.013034,0.400467,0.026196,0.915844,-216.448090,92.252129,84.035294
157,1.308333,-0.013276,0.400456,0.026063,0.915849,-216.447571,92.251381,84.035835
158,1.316667,-0.013354,0.400396,0.026163,0.915871,-216.446945,92.249924,84.035721
159,1.325000,-0.013412,0.400343,0.026165,0.915893,-216.447037,92.251305,84.034988
160,1.333333,-0.013373,0.400402,0.026049,0.915872,-216.446548,92.251709,84.034767
161,1.341667,-0.013366,0.400379,0.025996,0.915884,-216.447739,92.251793,84.034363
162,1.350000,-0.013523,0.400319,0.025921,0.915909,-216.448074,92.253372,84.032036
163,1.358333,-0.013509,0.400345,0.025856,0.915900,-216.448349,92.253769,84.032372
164,1.366667,-0.013516,0.400333,0.025867,0.915905,-216.450363,92.253479,84.032455
165,1.375000,-0.013414,0.400310,0.025800,0.915919,-216.450668,92.253563,84.032654
166,1.383333,-0.013460,0.400360,0.025839,0.915895,-216.450577,92.254036,84.031807
167,1.391667,-0.013497,0.400355,0.025900,0.915895,-216.450027,92.253166,84.032066
168,1.400000,-0.013385,0.400291,0.025806,0.915927,-216.449005,92.252296,84.032974
169,1.408333,-0.013402,0.400276,0.025723,0.915936,-216.447876,92.252235,84.032478
170,1.416667,-0.013443,0.400286,0.025647,0.915933,-216.447357,92.252876,84.032555
171,1.425000,-0.013509,0.400316,0.025610,0.915920,-216.447327,92.252808,84.031845
172,1.433333,-0.013451,0.400275,0.025640,0.915937,-216.446945,92.253326,84.032066
173,1.441667,-0.013432,0.400294,0.025768,0.915926,-216.446259,92.254173,84.032593
174,1.450000,-0.013419,0.400323,0.025765,0.915913,-216.446426,92.253014,84.033211
175,1.458333,-0.013363,0.400352,0.025817,0.915900,-216.446350,92.252014,84.033409
176,1.466667,-0.013393,0.400326,0.025760,0.915913,-216.446823,92.252060,84.033745
177,1.475000,-0.013402,0.400303,0.025672,0.915925,-216.447418,92.252480,84.033669
178,1.483333,-0.013378,0.400322,0.025784,0.915914,-216.447266,92.252258,84.033218
179,1.491667,-0.013294,0.400279,0.025781,0.915934,-216.447098,92.250801,84.034340
180,1.500000,-0.013234,0.400306,0.025833,0.915922,-216.447311,92.250237,84.034439
181,1.508333,-0.013243,0.400309,0.025799,0.915921,-216.448883,92.252190,84.034744
182,1.516667,-0.013255,0.400350,0.025721,0.915905,-216.449005,92.252495,84.034966
183,1.525000,-0.013353,0.400339,0.025765,0.915908,-216.449142,92.252197,84.034058
184,1.533333,-0.013453,0.400283,0.025732,0.915931,-216.450714,92.252708,84.033653
185,1.541667,-0.013464,0.400334,0.025695,0.915910,-216.450470,92.251114,84.033119
186,1.550000,-0.013398,0.400314,0.025805,0.915917,-216.449905,92.251221,84.033424
187,1.558333,-0.013411,0.400308,0.025683,0.915923,-216.449402,92.252541,84.033409
188,1.566667,-0.013506,0.400258,0.025681,0.915943,-216.447571,92.253113,84.033348
189,1.575000,-0.013566,0.400282,0.025707,0.915931,-216.446060,92.253403,84.034172
190,1.583333,-0.013395,0.400240,0.025658,0.915953,-216.445160,92.253273,84.033539
191,1.591667,-0.013367,0.400301,0.025435,0.915933,-216.445160,92.253319,84.032593
192,1.600000,-0.013416,0.400308,0.025378,0.915931,-216.445038,92.253723,84.033142
193,1.608333,-0.013341,0.400236,0.025358,0.915964,-216.445465,92.253372,84.033142
194,1.616667,-0.013317,0.400257,0.025483,0.915952,-216.446213,92.252663,84.033775
195,1.625000,-0.013427,0.400275,0.025504,0.915941,-216.446976,92.252571,84.032845
196,1.633333,-0.013473,0.400256,0.025545,0.915948,-216.447098,92.252556,84.032822
197,1.641667,-0.013464,0.400262,0.025625,0.915943,-216.447662,92.253052,84.033409
198,1.650000,-0.013363,0.400235,0.025637,0.915956,-216.447784,92.252945,84.033028
199,1.658333,-0.013341,0.400301,0.025650,0.915927,-216.448135,92.253334,84.032997
200,1.666667,-0.013321,0.400313,0.025624,0.915923,-216.447952,92.253372,84.033974
201,1.675000,-0.013258,0.400276,0.025529,0.915943,-216.447662,92.253571,84.034882
202,1.683333,-0.013195,0.400299,0.025629,0.915931,-216.447189,92.252815,84.034119
203,1.691667,-0.013256,0.400339,0.025482,0.915917,-216.448166,92.253204,84.034538
204,1.700000,-0.013442,0.400309,0.025578,0.915925,-216.448074,92.254066,84.033928
205,1.708333,-0.013419,0.400286,0.025618,0.915934,-216.448029,92.252983,84.033859
206,1.716667,-0.013449,0.400254,0.025472,0.915952,-216.447586,92.254669,84.033371
207,1.725000,-0.013524,0.400356,0.025502,0.915905,-216.447952,92.253403,84.033211
208,1.733333,-0.013555,0.400349,0.025584,0.915905,-216.448624,92.252991,84.032776
209,1.741667,-0.013427,0.400330,0.025631,0.915914,-216.447952,92.252174,84.033173
210,1.750000,-0.013413,0.400317,0.025559,0.915922,-216.447830,92.252899,84.033607
211,1.758333,-0.013332,0.400281,0.025624,0.915937,-216.447632,92.252602,84.033234
212,1.766667,-0.013398,0.400306,0.025592,0.915926,-216.447586,92.252281,84.033600
213,1.775000,-0.013464,0.400320,0.025568,0.915920,-216.447708,92.252991,84.034309
214,1.783333,-0.013406,0.400255,0.025491,0.915951,-216.448624,92.252724,84.034798
215,1.791667,-0.013340,0.400378,0.025502,0.915898,-216.449493,92.253082,84.033813
216,1.800000,-0.013399,0.400370,0.025499,0.915901,-216.450668,92.253227,84.033630
217,1.808333,-0.013398,0.400286,0.025332,0.915942,-216.450577,92.252869,84.033676
218,1.816667,-0.013357,0.400218,0.025389,0.915971,-216.450378,92.252884,84.033051
219,1.825000,-0.013328,0.400302,0.025504,0.915931,-216.449448,92.252258,84.033279
220,1.833333,-0.013356,0.400323,0.025554,0.915920,-216.449280,92.251930,84.033508
221,1.841667,-0.013344,0.400323,0.025573,0.915920,-216.449326,92.252609,84.033607
222,1.850000,-0.013048,0.400272,0.025735,0.915942,-216.448090,92.254974,84.032341
223,1.858333,-0.013188,0.400332,0.025797,0.915912,-216.448349,92.254997,84.033661
224,1.866667,-0.013393,0.400357,0.025669,0.915902,-216.448502,92.253807,84.034058
225,1.875000,-0.013489,0.400350,0.025519,0.915907,-216.448090,92.252884,84.033745
226,1.883333,-0.013422,0.400288,0.025485,0.915937,-216.448166,92.252678,84.033447
227,1.891667,-0.013323,0.400320,0.025612,0.915920,-216.447281,92.253220,84.033928
228,1.900000,-0.013324,0.400345,0.025520,0.915912,-216.446655,92.253387,84.033432
229,1.908333,-0.013354,0.400317,0.025492,0.915925,-216.446274,92.253502,84.032883
230,1.916667,-0.013086,0.400327,0.025588,0.915922,-216.445587,92.253685,84.031914
231,1.925000,-0.012776,0.400305,0.025591,0.915935,-216.445969,92.256516,84.032547
232,1.933333,-0.012850,0.400375,0.025512,0.915906,-216.446869,92.254677,84.034470
233,1.941667,-0.012708,0.400294,0.025615,0.915940,-216.446945,92.254051,84.032478
234,1.950000,-0.012635,0.400335,0.025645,0.915923,-216.447739,92.253784,84.033203
235,1.958333,-0.013041,0.400306,0.025550,0.915932,-216.450027,92.254471,84.035408
236,1.966667,-0.013274,0.400377,0.025611,0.915896,-216.450073,92.252121,84.034416
237,1.975000,-0.013419,0.400345,0.025464,0.915912,-216.449661,92.251884,84.033409
238,1.983333,-0.013333,0.400327,0.025559,0.915919,-216.448929,92.251968,84.033241
239,1.991667,-0.013313,0.400348,0.025540,0.915910,-216.448563,92.253044,84.032944
240,2.000000,-0.013155,0.400314,0.025551,0.915927,-216.447479,92.252090,84.033760
241,2.008333,-0.012856,0.400306,0.025497,0.915937,-216.447037,92.255753,84.032196
242,2.016667,-0.012553,0.400318,0.025546,0.915934,-216.446014,92.257011,84.031670
243,2.025000,-0.012902,0.400384,0.025489,0.915902,-216.445465,92.256516,84.031715
244,2.033333,-0.013189,0.400343,0.025432,0.915917,-216.444977,92.254784,84.032425
245,2.041667,-0.013453,0.400333,0.025370,0.915920,-216.444870,92.254211,84.031914
246,2.050000,-0.013420,0.400329,0.025310,0.915924,-216.445038,92.253128,84.032402
247,2.058333,-0.013408,0.400288,0.025520,0.915936,-216.445465,92.252617,84.033142
248,2.066667,-0.013331,0.400336,0.025678,0.915912,-216.446564,92.251945,84.033844
249,2.075000,-0.013278,0.400363,0.025574,0.915903,-216.446381,92.252197,84.033470
250,2.083333,-0.013258,0.400384,0.025471,0.915897,-216.446335,92.253235,84.034058
251,2.091667,-0.013216,0.400332,0.025429,0.915922,-216.445618,92.254562,84.033134
252,2.100000,-0.013229,0.400291,0.025664,0.915933,-216.445465,92.254211,84.032631
253,2.108333,-0.013273,0.400335,0.025616,0.915915,-216.446381,92.254189,84.033104
254,2.116667,-0.013291,0.400308,0.025662,0.915925,-216.447495,92.254013,84.034004
255,2.125000,-0.013313,0.400357,0.025595,0.915905,-216.448074,92.252144,84.033180
256,2.133333,-0.012866,0.400321,0.025760,0.915923,-216.447617,92.252678,84.032654
257,2.141667,-0.012991,0.400364,0.025691,0.915904,-216.448242,92.253197,84.034111
258,2.150000,-0.013219,0.400364,0.025640,0.915902,-216.446655,92.254715,84.033844
259,2.158333,-0.013410,0.400334,0.025559,0.915915,-216.446899,92.252983,84.032913
260,2.166667,-0.013428,0.400304,0.025589,0.915927,-216.445587,92.253075,84.032288
261,2.175000,-0.013442,0.400331,0.025565,0.915915,-216.445465,92.253693,84.033569
262,2.183333,-0.013451,0.400340,0.025512,0.915913,-216.444092,92.254082,84.033195
263,2.191667,-0.013381,0.400261,0.025486,0.915949,-216.444702,92.254532,84.032951
264,2.200000,-0.013242,0.400346,0.025410,0.915916,-216.444092,92.254509,84.032631
265,2.208333,-0.013335,0.400340,0.025419,0.915917,-216.444397,92.254524,84.033173
266,2.216667,-0.013375,0.400297,0.025441,0.915935,-216.445633,92.254562,84.033211
267,2.225000,-0.013305,0.400307,0.025457,0.915931,-216.445587,92.253029,84.033134
268,2.233333,-0.013285,0.400344,0.025308,0.915919,-216.445969,92.253265,84.033432
269,2.241667,-0.013387,0.400317,0.025502,0.915924,-216.446503,92.252510,84.033279
270,2.250000,-0.013318,0.400319,0.025584,0.915922,-216.446228,92.252556,84.033226
271,2.258333,-0.013305,0.400343,0.025600,0.915911,-216.446228,92.254028,84.033157
272,2.266667,-0.013246,0.400351,0.025558,0.915910,-216.447525,92.253075,84.033546
273,2.275000,-0.013189,0.400354,0.025506,0.915910,-216.447586,92.252823,84.033295
274,2.283333,-0.013155,0.400365,0.025466,0.915907,-216.447571,92.253288,84.033447
275,2.291667,-0.013275,0.400385,0.025398,0.915899,-216.447403,92.252693,84.033379
276,2.300000,-0.013289,0.400370,0.025439,0.915904,-216.447235,92.253166,84.033768
277,2.308333,-0.013178,0.400345,0.025467,0.915916,-216.447189,92.253555,84.033859
278,2.316667,-0.013227,0.400315,0.025364,0.915931,-216.445999,92.253433,84.033325
279,2.325000,-0.013411,0.400384,0.025418,0.915897,-216.445755,92.253380,84.032906
280,2.333333,-0.013522,0.400358,0.025478,0.915905,-216.444473,92.253998,84.032074
281,2.341667,-0.013501,0.400332,0.025420,0.915918,-216.444275,92.254601,84.032784
282,2.350000,-0.013378,0.400297,0.025500,0.915933,-216.444519,92.254524,84.032967
283,2.358333,-0.013293,0.400343,0.025578,0.915912,-216.444366,92.254509,84.032303
284,2.366667,-0.013312,0.400347,0.025562,0.915910,-216.445450,92.254105,84.033295
285,2.375000,-0.013249,0.400333,0.025535,0.915918,-216.445663,92.253174,84.033180
286,2.383333,-0.013299,0.400350,0.025607,0.915908,-216.446564,92.252769,84.033119
287,2.391667,-0.013381,0.400379,0.025638,0.915893,-216.447113,92.251579,84.033211
288,2.400000,-0.013400,0.400352,0.025709,0.915903,-216.446899,92.251305,84.034172
289,2.408333,-0.013295,0.400325,0.025582,0.915919,-216.447418,92.251419,84.033974
290,2.416667,-0.013274,0.400354,0.025562,0.915908,-216.447540,92.252090,84.033981
291,2.425000,-0.013253,0.400347,0.025500,0.915913,-216.446976,92.252960,84.033066
292,2.433333,-0.013335,0.400350,0.025424,0.915912,-216.446381,92.253212,84.032288
293,2.441667,-0.013389,0.400310,0.025368,0.915931,-216.446091,92.253723,84.032402
294,2.450000,-0.013396,0.400312,0.025328,0.915931,-216.446350,92.253029,84.033440
295,2.458333,-0.013341,0.400325,0.025359,0.915925,-216.446045,92.253288,84.033112
296,2.466667,-0.013378,0.400338,0.025389,0.915918,-216.445297,92.253387,84.032730
297,2.475000,-0.013365,0.400306,0.025271,0.915936,-216.445374,92.253723,84.033432
298,2.483333,-0.013391,0.400316,0.025349,0.915929,-216.445023,92.254333,84.033142
299,2.491667,-0.013259,0.400288,0.025434,0.915940,-216.444565,92.253441,84.033035
300,2.500000,-0.013323,0.400338,0.025469,0.915917,-216.444534,92.254730,84.033302
301,2.508333,-0.013285,0.400364,0.025424,0.915907,-216.443848,92.254547,84.032867
302,2.516667,-0.013292,0.400376,0.025515,0.915899,-216.444229,92.254272,84.032928
303,2.525000,-0.013338,0.400376,0.025386,0.915902,-216.445587,92.255104,84.032974
304,2.533333,-0.013291,0.400328,0.025465,0.915922,-216.446060,92.253807,84.033394
305,2.541667,-0.013290,0.400333,0.025505,0.915918,-216.446350,92.253586,84.033104
306,2.550000,-0.013279,0.400350,0.025464,0.915912,-216.446564,92.253853,84.032234
307,2.558333,-0.013276,0.400389,0.025373,0.915897,-216.447403,92.252701,84.032387
308,2.566667,-0.013267,0.400330,0.025492,0.915920,-216.447357,92.252823,84.032982
309,2.575000,-0.013281,0.400303,0.025469,0.915933,-216.448090,92.252396,84.034164
310,2.583333,-0.013262,0.400331,0.025496,0.915920,-216.446426,92.253006,84.033478
311,2.591667,-0.013305,0.400383,0.025485,0.915897,-216.445404,92.253014,84.033638
312,2.600000,-0.013294,0.400359,0.025638,0.915903,-216.445297,92.252556,84.034210
313,2.608333,-0.013255,0.400359,0.025620,0.915904,-216.444656,92.252518,84.034019
314,2.616667,-0.013349,0.400373,0.025455,0.915901,-216.445496,92.253983,84.033318
315,2.625000,-0.013305,0.400338,0.025425,0.915918,-216.445923,92.254333,84.033485
316,2.633333,-0.013304,0.400337,0.025482,0.915917,-216.444824,92.253799,84.034004
317,2.641667,-0.013334,0.400314,0.025545,0.915925,-216.444702,92.253555,84.033516
318,2.650000,-0.013354,0.400334,0.025612,0.915914,-216.444427,92.253479,84.032982
319,2.658333,-0.013337,0.400361,0.025500,0.915905,-216.444107,92.253906,84.032448
320,2.666667,-0.013343,0.400366,0.025538,0.915902,-216.444397,92.254341,84.032318
321,2.675000,-0.013329,0.400268,0.025407,0.915949,-216.445892,92.253891,84.033394
322,2.683333,-0.013229,0.400364,0.025432,0.915908,-216.444916,92.252853,84.033539
323,2.691667,-0.013215,0.400372,0.025464,0.915904,-216.444992,92.254135,84.033859
324,2.700000,-0.013237,0.400314,0.025425,0.915930,-216.446335,92.254295,84.033516
325,2.708333,-0.013269,0.400322,0.025480,0.915924,-216.447235,92.253128,84.032944
326,2.716667,-0.013287,0.400352,0.025386,0.915913,-216.446350,92.253777,84.033760
327,2.725000,-0.013181,0.400325,0.025446,0.915925,-216.446304,92.252869,84.034554
328,2.733333,-0.013174,0.400358,0.025492,0.915909,-216.446655,92.253380,84.034637
329,2.741667,-0.013336,0.400414,0.025538,0.915881,-216.445663,92.252708,84.034172
330,2.750000,-0.013393,0.400358,0.025413,0.915908,-216.444946,92.252769,84.033821
331,2.758333,-0.013330,0.400337,0.025481,0.915917,-216.444489,92.253426,84.033134
332,2.766667,-0.013365,0.400353,0.025471,0.915909,-216.444107,92.254463,84.033066
333,2.775000,-0.013298,0.400324,0.025439,0.915924,-216.444473,92.254486,84.033569
334,2.783333,-0.013374,0.400334,0.025484,0.915918,-216.444473,92.254967,84.033020
335,2.791667,-0.013435,0.400303,0.025487,0.915930,-216.444321,92.254272,84.033257
336,2.800000,-0.013432,0.400384,0.025460,0.915895,-216.443802,92.253021,84.033524
337,2.808333,-0.013454,0.400349,0.025494,0.915909,-216.444351,92.254135,84.033211
338,2.816667,-0.013441,0.400285,0.025440,0.915939,-216.444733,92.253342,84.033463
339,2.825000,-0.013432,0.400325,0.025546,0.915919,-216.444733,92.253731,84.033432
340,2.833333,-0.013586,0.400379,0.025435,0.915896,-216.445084,92.255325,84.033554
341,2.841667,-0.013501,0.400395,0.025377,0.915892,-216.443970,92.254524,84.032745
342,2.850000,-0.013322,0.400354,0.025468,0.915910,-216.444641,92.254372,84.033356
343,2.858333,-0.013165,0.400346,0.025434,0.915916,-216.444916,92.253647,84.034264
344,2.866667,-0.013193,0.400374,0.025523,0.915901,-216.444321,92.254303,84.033279
345,2.875000,-0.013336,0.400393,0.025445,0.915893,-216.443115,92.254990,84.033409
346,2.883333,-0.013279,0.400391,0.025379,0.915896,-216.442200,92.254738,84.033310
347,2.891667,-0.013218,0.400410,0.025241,0.915893,-216.438553,92.255539,84.035248
348,2.900000,-0.013192,0.400344,0.025209,0.915923,-216.432861,92.255852,84.038010
349,2.908333,-0.013276,0.400356,0.025074,0.915920,-216.428757,92.259521,84.042847
350,2.916667,-0.013184,0.400348,0.024849,0.915932,-216.423584,92.260811,84.050743
351,2.925000,-0.012735,0.400416,0.024756,0.915911,-216.418640,92.259972,84.061432
352,2.933333,-0.012359,0.400470,0.024846,0.915890,-216.414810,92.258713,84.074356
353,2.941667,-0.011986,0.400511,0.024775,0.915879,-216.412979,92.259575,84.086540
354,2.950000,-0.011625,0.400604,0.024760,0.915843,-216.412903,92.257843,84.101952
355,2.958333,-0.011213,0.400515,0.024770,0.915887,-216.410736,92.257431,84.118576
356,2.966667,-0.010597,0.401497,0.027069,0.915399,-216.400024,92.239426,84.150520
357,2.975000,-0.010206,0.400927,0.025762,0.915691,-216.400406,92.250893,84.169907
358,2.983333,-0.009365,0.400379,0.024386,0.915977,-216.396957,92.263916,84.188332
359,2.991667,-0.008138,0.400452,0.023952,0.915968,-216.379044,92.266068,84.213837
360,3.000000,-0.006232,0.400225,0.022867,0.916110,-216.353989,92.258820,84.247345
361,3.008333,-0.004450,0.399964,0.021820,0.916260,-216.327698,92.254257,84.278908
362,3.016667,-0.002695,0.401179,0.024448,0.915670,-216.290451,92.226730,84.323845
363,3.025000,-0.001868,0.401183,0.024495,0.915668,-216.268799,92.228027,84.344193
364,3.033333,-0.000876,0.400665,0.025409,0.915872,-216.270584,92.217751,84.362518
365,3.041667,-0.000542,0.400939,0.025342,0.915754,-216.257553,92.219475,84.380180
366,3.050000,-0.000587,0.400803,0.023459,0.915864,-216.259796,92.232826,84.390427
367,3.058333,-0.000779,0.400534,0.023144,0.915989,-216.262848,92.235054,84.389992
368,3.066667,-0.000970,0.400334,0.023281,0.916073,-216.267822,92.233559,84.388115
369,3.075000,-0.001080,0.400998,0.023785,0.915769,-216.267105,92.229561,84.397385
370,3.083333,-0.001133,0.400981,0.023717,0.915779,-216.269211,92.226395,84.397141
371,3.091667,-0.001144,0.400926,0.023803,0.915801,-216.268967,92.226479,84.399788
372,3.100000,-0.000914,0.400217,0.023527,0.916118,-216.272278,92.230675,84.396698
373,3.108333,-0.000848,0.399938,0.023456,0.916242,-216.274185,92.234840,84.400009
374,3.116667,-0.000564,0.399945,0.023490,0.916238,-216.271378,92.237358,84.414963
375,3.125000,-0.000221,0.400014,0.023703,0.916202,-216.269974,92.240318,84.429146
376,3.133333,0.000205,0.400047,0.023849,0.916184,-216.269501,92.243195,84.441055
377,3.141667,0.000493,0.400033,0.024118,0.916183,-216.270096,92.243614,84.446518
378,3.150000,0.000478,0.400035,0.024124,0.916182,-216.272995,92.244270,84.448135
379,3.158333,0.000401,0.400030,0.024011,0.916187,-216.276764,92.244316,84.445992
380,3.166667,0.000120,0.400069,0.023938,0.916172,-216.280273,92.243225,84.440605
381,3.175000,-0.000120,0.400022,0.023883,0.916194,-216.284805,92.240440,84.429398
382,3.183333,-0.000505,0.399895,0.023812,0.916252,-216.290359,92.237183,84.413857
383,3.191667,-0.001153,0.400659,0.024248,0.915906,-216.292191,92.229866,84.401878
384,3.200000,-0.001823,0.400186,0.025917,0.916066,-216.287659,92.212448,84.357903
385,3.208333,-0.003274,0.399897,0.023965,0.916241,-216.302917,92.226776,84.322891
386,3.216667,-0.004403,0.399452,0.022815,0.916460,-216.322083,92.237297,84.288200
387,3.225000,-0.005154,0.399143,0.022129,0.916607,-216.335037,92.247620,84.268509
388,3.233333,-0.004739,0.398949,0.021872,0.916700,-216.342957,92.258453,84.277603
389,3.241667,-0.003509,0.398532,0.021714,0.916891,-216.349701,92.282494,84.315781
390,3.250000,-0.001989,0.398418,0.022815,0.916918,-216.349075,92.311462,84.361237
391,3.258333,-0.001689,0.398443,0.024863,0.916854,-216.349869,92.352165,84.384369
392,3.266667,-0.001116,0.398603,0.026405,0.916743,-216.342331,92.406174,84.390572
393,3.275000,-0.001462,0.398791,0.026814,0.916649,-216.332535,92.458000,84.398827
394,3.283333,-0.001980,0.398864,0.026548,0.916623,-216.329285,92.511894,84.407341
395,3.291667,-0.002080,0.398705,0.026150,0.916704,-216.335983,92.561707,84.419609
396,3.300000,-0.002307,0.398679,0.025907,0.916722,-216.344635,92.608978,84.432526
397,3.308333,-0.001890,0.399453,0.027133,0.916350,-216.338348,92.639801,84.456810
398,3.316667,-0.001229,0.399148,0.024876,0.916548,-216.334229,92.707787,84.470856
399,3.325000,-0.000928,0.399022,0.024394,0.916616,-216.347076,92.770851,84.485313
400,3.333333,-0.001232,0.399060,0.024063,0.916608,-216.335983,92.834663,84.487129
401,3.341667,-0.002469,0.398926,0.023503,0.916679,-216.324799,92.901291,84.487892
402,3.350000,-0.004112,0.398733,0.022507,0.916782,-216.315170,92.966347,84.482643
403,3.358333,-0.004756,0.398764,0.022387,0.916768,-216.303726,93.015930,84.483360
404,3.366667,-0.003793,0.398846,0.023643,0.916705,-216.298813,93.075905,84.485031
405,3.375000,-0.003477,0.398929,0.024373,0.916651,-216.297699,93.124619,84.490166
406,3.383333,-0.003990,0.399011,0.023891,0.916626,-216.301086,93.177101,84.495499
407,3.391667,-0.004691,0.399137,0.023061,0.916589,-216.301910,93.235367,84.499496
408,3.400000,-0.005209,0.399295,0.022173,0.916540,-216.300385,93.300163,84.502258
409,3.408333,-0.005074,0.399637,0.021845,0.916399,-216.298859,93.364540,84.507355
410,3.416667,-0.004897,0.399811,0.022190,0.916316,-216.301346,93.422333,84.512146
411,3.425000,-0.005434,0.399896,0.022799,0.916261,-216.305725,93.475815,84.515556
412,3.433333,-0.006081,0.399854,0.022943,0.916271,-216.309738,93.524567,84.517357
413,3.441667,-0.006915,0.399876,0.023766,0.916235,-216.308884,93.577316,84.520874
414,3.450000,-0.006971,0.400557,0.025969,0.915877,-216.297318,93.610886,84.534683
415,3.458333,-0.006923,0.400532,0.026085,0.915885,-216.291733,93.654312,84.540192
416,3.466667,-0.006384,0.400370,0.025793,0.915968,-216.290695,93.696770,84.546539
417,3.475000,-0.006006,0.400406,0.025881,0.915952,-216.289139,93.738235,84.554047
418,3.483333,-0.006322,0.400111,0.023755,0.916137,-216.295578,93.800148,84.560242
419,3.491667,-0.007124,0.399790,0.021767,0.916321,-216.299774,93.865944,84.560654
420,3.500000,-0.007685,0.399690,0.020841,0.916381,-216.296600,93.926231,84.558777
421,3.508333,-0.008188,0.399453,0.020151,0.916496,-216.293304,93.988297,84.553162
422,3.516667,-0.008658,0.399245,0.019605,0.916594,-216.288300,94.050339,84.546371
423,3.525000,-0.009059,0.399134,0.019557,0.916639,-216.281754,94.112007,84.542397
424,3.533333,-0.010004,0.399460,0.020975,0.916456,-216.278625,94.168716,84.539932
425,3.541667,-0.010958,0.399762,0.021736,0.916296,-216.275711,94.222710,84.538979
426,3.550000,-0.011143,0.399905,0.021745,0.916231,-216.272980,94.269478,84.534508
427,3.558333,-0.011277,0.400118,0.021249,0.916148,-216.275436,94.319786,84.529915
428,3.566667,-0.011698,0.400231,0.020525,0.916110,-216.280655,94.373566,84.527710
429,3.575000,-0.012569,0.400313,0.019642,0.916082,-216.285568,94.430389,84.522484
430,3.583333,-0.013518,0.400527,0.018879,0.915991,-216.287872,94.485130,84.514267
431,3.591667,-0.014411,0.400505,0.018638,0.915992,-216.287415,94.537872,84.508438
432,3.600000,-0.014867,0.400239,0.018442,0.916105,-216.285843,94.589371,84.505913
433,3.608333,-0.015918,0.400235,0.019749,0.916062,-216.283661,94.648674,84.499840
434,3.616667,-0.016316,0.400163,0.020461,0.916070,-216.282745,94.699501,84.498123
435,3.625000,-0.016102,0.399946,0.020557,0.916166,-216.278580,94.741745,84.498131
436,3.633333,-0.015257,0.400525,0.022287,0.915888,-216.269424,94.764664,84.506699
437,3.641667,-0.014909,0.400667,0.022091,0.915836,-216.266846,94.799576,84.507820
438,3.650000,-0.015299,0.400352,0.020192,0.916011,-216.272064,94.844040,84.499329
439,3.658333,-0.015794,0.400195,0.018958,0.916098,-216.270233,94.886581,84.488220
440,3.666667,-0.016324,0.400107,0.018981,0.916127,-216.279907,94.923523,84.487305
441,3.675000,-0.017533,0.400431,0.017514,0.915992,-216.263367,94.972054,84.476021
442,3.683333,-0.018838,0.400560,0.016568,0.915927,-216.249496,95.017044,84.463326
443,3.691667,-0.020129,0.400463,0.014916,0.915971,-216.241547,95.069618,84.451561
444,3.700000,-0.021201,0.400048,0.013498,0.916150,-216.241425,95.120895,84.435379
445,3.708333,-0.022017,0.399867,0.012866,0.916219,-216.244247,95.160652,84.420242
446,3.716667,-0.022400,0.400001,0.013106,0.916147,-216.242264,95.189850,84.416016
447,3.725000,-0.023181,0.400328,0.014222,0.915968,-216.243271,95.220528,84.414276
448,3.733333,-0.023406,0.400543,0.015050,0.915855,-216.243774,95.245407,84.415924
449,3.741667,-0.023458,0.400802,0.015484,0.915733,-216.244080,95.267082,84.418182
450,3.750000,-0.023343,0.400838,0.016037,0.915711,-216.243057,95.287712,84.421432
451,3.758333,-0.022987,0.400803,0.016486,0.915728,-216.241333,95.306000,84.426918
452,3.766667,-0.022606,0.400868,0.016956,0.915700,-216.238495,95.322182,84.430618
453,3.775000,-0.022374,0.400907,0.017243,0.915683,-216.234756,95.335976,84.434906
454,3.783333,-0.022314,0.401010,0.017402,0.915636,-216.228989,95.350639,84.442474
455,3.791667,-0.022266,0.401177,0.017552,0.915562,-216.223526,95.369461,84.446930
456,3.800000,-0.022517,0.401279,0.017539,0.915511,-216.219925,95.389816,84.448059
457,3.808333,-0.022653,0.401493,0.017356,0.915417,-216.217377,95.418465,84.450546
458,3.816667,-0.022551,0.401583,0.017220,0.915383,-216.217590,95.450829,84.451118
459,3.825000,-0.022475,0.401670,0.016969,0.915351,-216.217880,95.486565,84.449234
460,3.833333,-0.022409,0.401732,0.016754,0.915330,-216.216232,95.516983,84.445602
461,3.841667,-0.022593,0.401858,0.016645,0.915272,-216.213257,95.543846,84.440857
462,3.850000,-0.022785,0.401885,0.016442,0.915259,-216.208527,95.565575,84.437485
463,3.858333,-0.022810,0.401898,0.016179,0.915257,-216.202713,95.582108,84.434097
464,3.866667,-0.021663,0.401968,0.016095,0.915256,-216.196869,95.603050,84.429932
465,3.875000,-0.021743,0.402035,0.015876,0.915229,-216.192719,95.619110,84.431465
466,3.883333,-0.022119,0.402033,0.015361,0.915229,-216.189529,95.637268,84.431511
467,3.891667,-0.022246,0.401958,0.015116,0.915263,-216.185715,95.657463,84.430779
468,3.900000,-0.022209,0.401989,0.015140,0.915250,-216.183762,95.680626,84.428253
469,3.908333,-0.022171,0.401981,0.015057,0.915256,-216.180893,95.707558,84.427635
470,3.916667,-0.023296,0.402078,0.016435,0.915162,-216.179306,95.748886,84.428459
471,3.925000,-0.023552,0.402196,0.016450,0.915103,-216.173935,95.773018,84.424469
472,3.933333,-0.023655,0.402284,0.015958,0.915070,-216.168427,95.790955,84.421829
473,3.941667,-0.023824,0.402323,0.015684,0.915053,-216.163132,95.806618,84.423058
474,3.950000,-0.024247,0.402233,0.015436,0.915086,-216.160370,95.823654,84.425980
475,3.958333,-0.024709,0.402185,0.015555,0.915093,-216.158844,95.839607,84.425774
476,3.966667,-0.025117,0.402054,0.015483,0.915140,-216.159302,95.855507,84.423775
477,3.975000,-0.025471,0.402004,0.015323,0.915155,-216.159180,95.873009,84.421852
478,3.983333,-0.025693,0.401946,0.015368,0.915174,-216.157455,95.888725,84.417412
479,3.991667,-0.026074,0.401980,0.015283,0.915149,-216.156082,95.906532,84.413681
480,4.000000,-0.026150,0.401978,0.015266,0.915149,-216.151718,95.920090,84.409805
481,4.008333,-0.025798,0.403009,0.016963,0.914675,-216.136597,95.918587,84.418739
482,4.016667,-0.025773,0.403149,0.016814,0.914617,-216.123581,95.934883,84.418037
483,4.025000,-0.025859,0.403300,0.016699,0.914550,-216.109818,95.958351,84.412086
484,4.033333,-0.025826,0.403230,0.016643,0.914583,-216.093567,95.995567,84.404305
485,4.041667,-0.025964,0.403401,0.016650,0.914504,-216.071701,96.048721,84.397163
486,4.050000,-0.026611,0.403365,0.015461,0.914521,-216.051270,96.129379,84.381363
487,4.058333,-0.027228,0.404505,0.016565,0.913980,-216.018677,96.188622,84.379944
488,4.066667,-0.029017,0.404861,0.015605,0.913784,-215.998337,96.271744,84.362984
489,4.075000,-0.030339,0.404965,0.014263,0.913718,-215.980453,96.344925,84.345947
490,4.083333,-0.031219,0.404798,0.012062,0.913793,-215.967484,96.408722,84.327919
491,4.091667,-0.032309,0.404333,0.009944,0.913987,-215.963486,96.465073,84.307442
492,4.100000,-0.032840,0.404202,0.009516,0.914031,-215.964157,96.500809,84.298515
493,4.108333,-0.032974,0.404287,0.009686,0.913986,-215.970825,96.527946,84.295914
494,4.116667,-0.033100,0.404489,0.010143,0.913888,-215.979294,96.552650,84.293678
495,4.125000,-0.033302,0.404574,0.010553,0.913838,-215.984467,96.574272,84.288742
496,4.133333,-0.033468,0.404743,0.010936,0.913752,-215.984055,96.597046,84.282478
497,4.141667,-0.033581,0.404860,0.011117,0.913694,-215.981552,96.616714,84.274551
498,4.150000,-0.033559,0.404915,0.011289,0.913669,-215.981125,96.632591,84.269135
499,4.158333,-0.033628,0.404845,0.011306,0.913697,-215.984970,96.645248,84.265427
500,4.166667,-0.033800,0.404818,0.011166,0.913704,-215.990753,96.655746,84.260643
501,4.175000,-0.034285,0.404670,0.011041,0.913753,-215.996292,96.665596,84.256813
502,4.183333,-0.034556,0.404576,0.010873,0.913787,-215.999786,96.672897,84.255013
503,4.191667,-0.034690,0.404594,0.010870,0.913774,-216.001129,96.679329,84.254524
504,4.200000,-0.034766,0.404587,0.010847,0.913774,-215.999786,96.681824,84.253296
505,4.208333,-0.034907,0.404626,0.010779,0.913752,-215.998001,96.681145,84.254486
506,4.216667,-0.034649,0.404590,0.010885,0.913777,-215.995331,96.676445,84.259918
507,4.225000,-0.034390,0.404581,0.010859,0.913791,-215.994308,96.670372,84.265404
508,4.233333,-0.034266,0.404635,0.011066,0.913769,-215.992233,96.665672,84.268295
509,4.241667,-0.034479,0.404642,0.011189,0.913757,-215.991089,96.668900,84.268692
510,4.250000,-0.034742,0.404675,0.011202,0.913732,-215.989227,96.674995,84.267281
511,4.258333,-0.034863,0.404614,0.011082,0.913755,-215.986221,96.678741,84.265068
512,4.266667,-0.034911,0.404634,0.010929,0.913747,-215.983292,96.679497,84.263168
513,4.275000,-0.034922,0.404660,0.010761,0.913737,-215.982727,96.677567,84.263023
514,4.283333,-0.034582,0.404641,0.010668,0.913759,-215.982956,96.673462,84.263046
515,4.291667,-0.034296,0.404625,0.010642,0.913777,-215.985901,96.671745,84.262077
516,4.300000,-0.034432,0.404606,0.010808,0.913779,-215.989380,96.673607,84.259399
517,4.308333,-0.034597,0.404589,0.010835,0.913780,-215.992386,96.676270,84.257492
518,4.316667,-0.034681,0.404587,0.010908,0.913777,-215.994995,96.677689,84.254768
519,4.325000,-0.034671,0.404591,0.010786,0.913777,-215.996719,96.677292,84.254089
520,4.333333,-0.034678,0.404555,0.010894,0.913791,-215.997482,96.675941,84.254654
521,4.341667,-0.034351,0.404559,0.010825,0.913802,-215.998215,96.673271,84.256538
522,4.350000,-0.034238,0.404520,0.010743,0.913825,-215.999313,96.671852,84.258598
523,4.358333,-0.034298,0.404606,0.010876,0.913783,-215.998810,96.672043,84.259117
524,4.366667,-0.034585,0.404693,0.010841,0.913734,-215.998489,96.676544,84.260468
525,4.375000,-0.034714,0.404608,0.010936,0.913766,-215.995163,96.678040,84.261879
526,4.383333,-0.034621,0.404606,0.011015,0.913769,-215.991806,96.676865,84.264145
527,4.391667,-0.034612,0.404579,0.010911,0.913783,-215.989014,96.674370,84.266525
528,4.400000,-0.034631,0.404569,0.010871,0.913787,-215.986115,96.672615,84.266075
529,4.408333,-0.034650,0.404649,0.010792,0.913752,-215.984970,96.671661,84.266876
530,4.416667,-0.034726,0.404693,0.010891,0.913728,-215.984604,96.672455,84.265015
531,4.425000,-0.034898,0.404682,0.010998,0.913725,-215.984650,96.675636,84.263260
532,4.433333,-0.034890,0.404696,0.010996,0.913719,-215.984772,96.677452,84.261215
533,4.441667,-0.034682,0.404602,0.010931,0.913770,-215.986816,96.675926,84.260612
534,4.450000,-0.034600,0.404584,0.010681,0.913784,-215.989822,96.675751,84.259613
535,4.458333,-0.034498,0.404621,0.010660,0.913771,-215.992111,96.674652,84.257645
536,4.466667,-0.034398,0.404604,0.010680,0.913782,-215.994934,96.673660,84.255814
537,4.475000,-0.034552,0.404582,0.010841,0.913784,-215.997940,96.674614,84.254745
538,4.483333,-0.034758,0.404493,0.010876,0.913816,-215.999084,96.675751,84.255264
539,4.491667,-0.034820,0.404488,0.010865,0.913816,-215.998871,96.675041,84.254761
540,4.500000,-0.034722,0.404547,0.010914,0.913793,-215.997726,96.673592,84.255844
541,4.508333,-0.034526,0.404612,0.010883,0.913772,-215.996735,96.673172,84.259186
542,4.516667,-0.034389,0.404583,0.010862,0.913790,-215.994720,96.673027,84.261612
543,4.525000,-0.034511,0.404595,0.010997,0.913778,-215.992645,96.673111,84.262665
544,4.533333,-0.034662,0.404667,0.010997,0.913741,-215.990707,96.674744,84.263329
545,4.541667,-0.034788,0.404643,0.010939,0.913747,-215.988327,96.674873,84.264229
546,4.550000,-0.034888,0.404625,0.010899,0.913752,-215.986633,96.675713,84.264740
547,4.558333,-0.034844,0.404561,0.010768,0.913784,-215.984924,96.675667,84.265343
548,4.566667,-0.034682,0.404630,0.010700,0.913760,-215.984344,96.674606,84.265831
549,4.575000,-0.034583,0.404647,0.010636,0.913757,-215.985184,96.673126,84.264412
550,4.583333,-0.034679,0.404599,0.010673,0.913774,-215.986511,96.673882,84.262535
551,4.591667,-0.034712,0.404586,0.010708,0.913778,-215.988495,96.673981,84.261009
552,4.600000,-0.034770,0.404607,0.010676,0.913767,-215.990753,96.674927,84.258232
553,4.608333,-0.034837,0.404574,0.010574,0.913780,-215.992828,96.676537,84.256073
554,4.616667,-0.034740,0.404664,0.010822,0.913741,-215.993576,96.674767,84.254898
555,4.625000,-0.034631,0.404595,0.010815,0.913776,-215.995499,96.674103,84.255043
556,4.633333,-0.034544,0.404626,0.010796,0.913766,-215.997482,96.673500,84.255066
557,4.641667,-0.034616,0.404601,0.010800,0.913774,-215.998535,96.674294,84.254707
558,4.650000,-0.034650,0.404623,0.010830,0.913763,-215.998322,96.674164,84.256325
559,4.658333,-0.034609,0.404623,0.010950,0.913763,-215.997345,96.674683,84.257690
560,4.666667,-0.034595,0.404616,0.010993,0.913766,-215.995285,96.675735,84.260262
561,4.675000,-0.034524,0.404607,0.010974,0.913773,-215.992523,96.675148,84.262245
562,4.683333,-0.034543,0.404584,0.010891,0.913783,-215.990280,96.672699,84.263702
563,4.691667,-0.034719,0.404656,0.010905,0.913745,-215.987976,96.673355,84.265434
564,4.700000,-0.034712,0.404662,0.010961,0.913742,-215.986298,96.674820,84.266373
565,4.708333,-0.034643,0.404626,0.010834,0.913761,-215.985626,96.675758,84.265724
566,4.716667,-0.034605,0.404648,0.010867,0.913753,-215.985580,96.675926,84.265045
567,4.725000,-0.034627,0.404695,0.010719,0.913733,-215.985611,96.675972,84.263245
568,4.733333,-0.034700,0.404623,0.010590,0.913763,-215.986633,96.675560,84.261749
569,4.741667,-0.034706,0.404601,0.010605,0.913773,-215.988327,96.675171,84.260536
570,4.750000,-0.034649,0.404549,0.010684,0.913797,-215.990494,96.674744,84.258904
571,4.758333,-0.034574,0.404600,0.010771,0.913776,-215.992569,96.673996,84.257622
572,4.766667,-0.034572,0.404632,0.010749,0.913763,-215.995285,96.675797,84.256813
573,4.775000,-0.034583,0.404636,0.010839,0.913759,-215.996796,96.676048,84.255432
574,4.783333,-0.034548,0.404515,0.010778,0.913815,-215.997131,96.675346,84.254539
575,4.791667,-0.034461,0.404611,0.010823,0.913775,-215.997345,96.674248,84.254539
576,4.800000,-0.034638,0.404605,0.010779,0.913772,-215.997482,96.675056,84.256638
577,4.808333,-0.034663,0.404611,0.010900,0.913767,-215.996124,96.675163,84.258125
578,4.816667,-0.034607,0.404570,0.010890,0.913787,-215.993927,96.674850,84.260086
579,4.825000,-0.034581,0.404591,0.010823,0.913780,-215.991348,96.674957,84.261787
580,4.833333,-0.034668,0.404648,0.010892,0.913750,-215.989609,96.674248,84.263885
581,4.841667,-0.034661,0.404620,0.010846,0.913763,-215.987228,96.674423,84.264198
582,4.850000,-0.034689,0.404594,0.010699,0.913776,-215.985413,96.674553,84.264633
583,4.858333,-0.034755,0.404631,0.010573,0.913758,-215.984634,96.674576,84.264969
584,4.866667,-0.034749,0.404636,0.010719,0.913755,-215.984756,96.673843,84.265160
585,4.875000,-0.034673,0.404669,0.010743,0.913742,-215.985535,96.675148,84.264778
586,4.883333,-0.034632,0.404614,0.010746,0.913769,-215.987015,96.675735,84.263702
587,4.891667,-0.034632,0.404627,0.010668,0.913764,-215.988373,96.675972,84.261269
588,4.900000,-0.034739,0.404616,0.010692,0.913764,-215.990952,96.675354,84.258476
589,4.908333,-0.034821,0.404581,0.010804,0.913775,-215.992920,96.675743,84.257736
590,4.916667,-0.034852,0.404622,0.010802,0.913756,-215.995712,96.678047,84.256828
591,4.925000,-0.034816,0.404578,0.010692,0.913778,-215.997101,96.681412,84.256760
592,4.933333,-0.034882,0.404561,0.010657,0.913784,-215.998215,96.685158,84.258446
593,4.941667,-0.035136,0.404547,0.010723,0.913779,-215.998383,96.688339,84.261932
594,4.950000,-0.035278,0.404559,0.010717,0.913769,-215.999481,96.693916,84.267235
595,4.958333,-0.035268,0.404491,0.010707,0.913799,-215.999863,96.699440,84.272964
596,4.966667,-0.035523,0.404474,0.010763,0.913796,-215.998291,96.705795,84.280563
597,4.975000,-0.035872,0.404429,0.010555,0.913804,-215.997620,96.712631,84.290184
598,4.983333,-0.036096,0.404456,0.010464,0.913785,-215.994141,96.719063,84.302315
599,4.991667,-0.036297,0.404394,0.010317,0.913806,-215.990234,96.726547,84.315788
600,5.000000,-0.036637,0.404389,0.010059,0.913797,-215.985016,96.734695,84.330276
601,5.008333,-0.036876,0.404331,0.009781,0.913817,-215.980606,96.741959,84.342476
602,5.016667,-0.037190,0.404378,0.009427,0.913787,-215.979126,96.753586,84.356888
603,5.025000,-0.037439,0.404247,0.008992,0.913839,-215.978287,96.764938,84.369446
604,5.033333,-0.038073,0.403988,0.008070,0.913936,-215.977356,96.780289,84.380981
605,5.041667,-0.038556,0.403786,0.007425,0.914011,-215.977478,96.788834,84.393852
606,5.050000,-0.038735,0.403455,0.007132,0.914152,-215.978409,96.793839,84.411827
607,5.058333,-0.038926,0.403385,0.006941,0.914176,-215.979721,96.800133,84.430489
608,5.066667,-0.039122,0.403418,0.007016,0.914152,-215.980667,96.809891,84.448799
609,5.075000,-0.039394,0.403411,0.007045,0.914143,-215.980560,96.819443,84.465286
610,5.083333,-0.039662,0.403416,0.006857,0.914131,-215.980713,96.827141,84.483429
611,5.091667,-0.039787,0.403486,0.006598,0.914097,-215.980072,96.832802,84.507141
612,5.100000,-0.039733,0.403567,0.006402,0.914065,-215.980194,96.831741,84.537537
613,5.108333,-0.039956,0.403547,0.006052,0.914066,-215.979950,96.826141,84.566002
614,5.116667,-0.039495,0.403643,0.006221,0.914043,-215.976212,96.808640,84.601784
615,5.125000,-0.039196,0.403575,0.006166,0.914086,-215.973068,96.791702,84.640808
616,5.133333,-0.037635,0.405109,0.010190,0.913436,-215.951492,96.739937,84.707573
617,5.141667,-0.036788,0.405208,0.010798,0.913420,-215.943909,96.709534,84.755386
618,5.150000,-0.037396,0.404653,0.008745,0.913663,-215.951630,96.694275,84.794899
619,5.158333,-0.037669,0.404536,0.008312,0.913708,-215.948395,96.665283,84.838737
620,5.166667,-0.036895,0.404626,0.008691,0.913697,-215.946274,96.633400,84.890236
621,5.175000,-0.036432,0.404517,0.009141,0.913759,-215.946793,96.602715,84.943321
622,5.183333,-0.036312,0.404414,0.008869,0.913812,-215.945724,96.568634,85.000076
623,5.191667,-0.034839,0.403923,0.008342,0.914091,-215.941193,96.513519,85.072090
624,5.200000,-0.033300,0.405215,0.011625,0.913541,-215.926361,96.421234,85.167854
625,5.208333,-0.032318,0.404385,0.010867,0.913953,-215.940231,96.363708,85.227753
626,5.216667,-0.031480,0.404105,0.011153,0.914103,-215.944977,96.310081,85.291656
627,5.225000,-0.030780,0.403368,0.011586,0.914447,-215.937332,96.262619,85.359627
628,5.233333,-0.029940,0.402927,0.010375,0.914683,-215.932968,96.203865,85.435425
629,5.241667,-0.028021,0.403516,0.010402,0.914484,-215.928101,96.120285,85.518524
630,5.250000,-0.026388,0.405243,0.013448,0.913729,-215.911148,96.014763,85.622391
631,5.258333,-0.026104,0.404451,0.012791,0.914098,-215.906570,95.956512,85.696342
632,5.266667,-0.026073,0.404094,0.012761,0.914257,-215.906860,95.912491,85.767509
633,5.275000,-0.025734,0.403246,0.012735,0.914641,-215.911026,95.874069,85.841911
634,5.283333,-0.023755,0.402897,0.013003,0.914845,-215.900513,95.817047,85.926102
635,5.291667,-0.022840,0.403238,0.013095,0.914716,-215.895981,95.772911,86.007416
636,5.300000,-0.022355,0.405121,0.016096,0.913848,-215.881592,95.716766,86.099586
637,5.308333,-0.022847,0.404727,0.014058,0.914044,-215.884781,95.714828,86.157104
638,5.316667,-0.023577,0.404264,0.012775,0.914249,-215.882370,95.715919,86.214897
639,5.325000,-0.024983,0.403938,0.012472,0.914360,-215.878113,95.721207,86.279335
640,5.333333,-0.026255,0.403492,0.013022,0.914514,-215.878891,95.722160,86.345413
641,5.341667,-0.026872,0.403350,0.013316,0.914554,-215.879150,95.725624,86.407951
642,5.350000,-0.027384,0.403414,0.013010,0.914515,-215.881485,95.736748,86.476692
643,5.358333,-0.027802,0.403090,0.012682,0.914650,-215.880493,95.752014,86.549118
644,5.366667,-0.028539,0.402982,0.012428,0.914679,-215.876007,95.769638,86.619728
645,5.375000,-0.028528,0.404370,0.015125,0.914025,-215.860870,95.768730,86.709061
646,5.383333,-0.028715,0.404607,0.014974,0.913917,-215.857285,95.795235,86.780472
647,5.391667,-0.029546,0.404789,0.012894,0.913842,-215.864700,95.838440,86.843269
648,5.400000,-0.031300,0.404873,0.011628,0.913763,-215.865952,95.886024,86.903748
649,5.408333,-0.033886,0.404685,0.010854,0.913764,-215.858917,95.938049,86.968407
650,5.416667,-0.035941,0.404143,0.010292,0.913931,-215.853546,95.989204,87.032097
651,5.425000,-0.037007,0.403743,0.009781,0.914071,-215.850830,96.047386,87.101952
652,5.433333,-0.038318,0.403829,0.008384,0.913993,-215.845901,96.107880,87.166283
653,5.441667,-0.039372,0.404119,0.007753,0.913826,-215.838745,96.163918,87.228172
654,5.450000,-0.040113,0.404349,0.007932,0.913691,-215.828659,96.214027,87.289383
655,5.458333,-0.040982,0.404360,0.008492,0.913642,-215.824295,96.253822,87.346428
656,5.466667,-0.042047,0.404388,0.007972,0.913586,-215.821152,96.294044,87.401588
657,5.475000,-0.044106,0.404472,0.006297,0.913464,-215.821701,96.340096,87.460800
658,5.483333,-0.046647,0.404194,0.003867,0.913475,-215.820053,96.388298,87.515533
659,5.491667,-0.049151,0.403817,0.002289,0.913516,-215.817810,96.425079,87.559875
660,5.500000,-0.051669,0.403047,0.003094,0.913714,-215.818817,96.455505,87.610664
661,5.508333,-0.050473,0.402703,0.003275,0.913932,-215.820602,96.470955,87.672211
662,5.516667,-0.049531,0.402971,0.003486,0.913865,-215.824081,96.486626,87.732109
663,5.525000,-0.049180,0.404777,0.007695,0.913060,-215.816589,96.484795,87.803146
664,5.533333,-0.048572,0.405048,0.008598,0.912964,-215.808578,96.484146,87.860519
665,5.541667,-0.048294,0.404567,0.007157,0.913204,-215.809662,96.494438,87.913116
666,5.550000,-0.048572,0.404093,0.005656,0.913410,-215.806290,96.505341,87.965240
667,5.558333,-0.048750,0.403835,0.004730,0.913520,-215.800003,96.515259,88.014061
668,5.566667,-0.049778,0.404120,0.003824,0.913342,-215.797424,96.525566,88.061623
669,5.575000,-0.050799,0.404185,0.002690,0.913262,-215.793518,96.534767,88.106773
670,5.583333,-0.051918,0.404225,0.001272,0.913184,-215.790100,96.540276,88.152122
671,5.591667,-0.052671,0.403998,0.000166,0.913242,-215.789505,96.536102,88.203133
672,5.600000,-0.053086,0.403910,-0.000278,0.913257,-215.790741,96.523834,88.251045
673,5.608333,-0.053668,0.403830,-0.000483,0.913259,-215.790268,96.505913,88.296989
674,5.616667,-0.053727,0.403673,-0.000160,0.913324,-215.784698,96.479767,88.347420
675,5.625000,-0.053048,0.404725,0.003406,0.912892,-215.770340,96.434349,88.416367
676,5.633333,-0.052226,0.405048,0.005188,0.912788,-215.763428,96.401192,88.472488
677,5.641667,-0.052067,0.404602,0.004808,0.912997,-215.768356,96.385262,88.509270
678,5.650000,-0.052021,0.404361,0.004347,0.913109,-215.767975,96.366516,88.544586
679,5.658333,-0.051704,0.404184,0.004095,0.913206,-215.763550,96.340508,88.584534
680,5.666667,-0.051203,0.403899,0.003638,0.913362,-215.759232,96.308762,88.629021
681,5.675000,-0.050295,0.403536,0.001885,0.913579,-215.757828,96.269203,88.672066
682,5.683333,-0.050767,0.403871,0.000080,0.913406,-215.767578,96.230110,88.715019
683,5.691667,-0.051127,0.403807,-0.000361,0.913414,-215.773361,96.193710,88.755493
684,5.700000,-0.050331,0.403597,0.000687,0.913551,-215.769455,96.152824,88.814011
685,5.708333,-0.049175,0.404747,0.006342,0.913084,-215.757568,96.095917,88.901283
686,5.716667,-0.048687,0.404070,0.007253,0.913403,-215.749191,96.070374,88.955292
687,5.725000,-0.048917,0.402777,0.006488,0.913967,-215.749023,96.060493,88.992599
688,5.733333,-0.049181,0.402537,0.006500,0.914059,-215.744156,96.045776,89.035545
689,5.741667,-0.049393,0.402586,0.006324,0.914027,-215.739136,96.028229,89.078812
690,5.750000,-0.050012,0.402718,0.005919,0.913938,-215.734146,96.010551,89.121323
691,5.758333,-0.050489,0.402652,0.005308,0.913944,-215.729813,95.995537,89.159576
692,5.766667,-0.049864,0.402494,0.003506,0.914057,-215.723679,95.974197,89.196190
693,5.775000,-0.048884,0.402667,0.002170,0.914038,-215.722198,95.948509,89.238495
694,5.783333,-0.047734,0.402665,0.001725,0.914101,-215.725418,95.930656,89.287338
695,5.791667,-0.046884,0.402871,0.002113,0.914053,-215.726471,95.917656,89.330444
696,5.800000,-0.046295,0.403183,0.002601,0.913944,-215.724304,95.900589,89.371956
697,5.808333,-0.046015,0.403999,0.003653,0.913594,-215.719955,95.874939,89.429840
698,5.816667,-0.045662,0.404199,0.004800,0.913518,-215.718338,95.849579,89.484108
699,5.825000,-0.045662,0.404007,0.005701,0.913598,-215.717987,95.827690,89.533195
700,5.833333,-0.046290,0.403284,0.007042,0.913876,-215.720245,95.814308,89.584938
701,5.841667,-0.046430,0.402935,0.007967,0.914015,-215.716370,95.799484,89.631485
702,5.850000,-0.046639,0.402869,0.008336,0.914030,-215.711334,95.782768,89.681129
703,5.858333,-0.047017,0.402946,0.008120,0.913979,-215.708450,95.768776,89.723068
704,5.866667,-0.047420,0.403111,0.007738,0.913889,-215.707642,95.759132,89.759811
705,5.875000,-0.047607,0.402990,0.007221,0.913937,-215.703934,95.748543,89.793121
706,5.883333,-0.047756,0.402906,0.006747,0.913970,-215.697067,95.732712,89.835304
707,5.891667,-0.046633,0.404081,0.007721,0.913501,-215.676376,95.691681,89.904610
708,5.900000,-0.045561,0.404411,0.007960,0.913407,-215.668945,95.664619,89.959732
709,5.908333,-0.044874,0.404003,0.006973,0.913630,-215.675827,95.653229,89.995804
710,5.916667,-0.044458,0.403915,0.006287,0.913694,-215.676208,95.646065,90.035851
711,5.925000,-0.043793,0.404014,0.007300,0.913675,-215.690613,95.623825,90.090187
712,5.933333,-0.044062,0.404379,0.006124,0.913509,-215.681870,95.614998,90.129288
713,5.941667,-0.045103,0.404174,0.004981,0.913556,-215.679459,95.611549,90.165382
714,5.950000,-0.046364,0.403735,0.003801,0.913692,-215.680008,95.612144,90.198578
715,5.958333,-0.047902,0.402873,0.003660,0.913994,-215.681549,95.611458,90.241051
716,5.966667,-0.048551,0.403853,0.006061,0.913515,-215.666321,95.578011,90.301620
717,5.975000,-0.049784,0.403375,0.005281,0.913664,-215.667053,95.571175,90.337807
718,5.983333,-0.049901,0.402912,0.004662,0.913866,-215.667206,95.564468,90.375153
719,5.991667,-0.048845,0.402897,0.004800,0.913929,-215.661102,95.551147,90.424332
720,6.000000,-0.047600,0.404471,0.008410,0.913273,-215.652466,95.511246,90.492416
721,6.008333,-0.047188,0.403323,0.006893,0.913814,-215.655060,95.506905,90.530914
722,6.016667,-0.047271,0.402789,0.006156,0.914051,-215.651321,95.498505,90.569778
723,6.025000,-0.047468,0.402735,0.005916,0.914066,-215.647247,95.487694,90.608528
724,6.033333,-0.047644,0.402853,0.005692,0.914006,-215.647369,95.479866,90.645805
725,6.041667,-0.046876,0.402821,0.004167,0.914068,-215.644531,95.464363,90.686668
726,6.050000,-0.046495,0.403271,0.003121,0.913893,-215.646393,95.449509,90.723625
727,6.058333,-0.046660,0.403533,0.002318,0.913772,-215.651947,95.433144,90.766251
728,6.066667,-0.046818,0.403533,0.001735,0.913765,-215.656235,95.423149,90.804031
729,6.075000,-0.047101,0.403111,0.001592,0.913937,-215.658524,95.415726,90.847023
730,6.083333,-0.047562,0.402368,0.001716,0.914240,-215.656631,95.408951,90.899590
731,6.091667,-0.047302,0.401990,0.002409,0.914418,-215.651825,95.393425,90.948509
732,6.100000,-0.046763,0.401940,0.002936,0.914466,-215.648407,95.382759,90.991051
733,6.108333,-0.046174,0.402333,0.003599,0.914321,-215.646103,95.367935,91.032318
734,6.116667,-0.045560,0.402924,0.004365,0.914088,-215.645187,95.346718,91.079208
735,6.125000,-0.045158,0.403115,0.004756,0.914022,-215.644043,95.328430,91.122528
736,6.133333,-0.045488,0.403141,0.005500,0.913990,-215.642929,95.311256,91.162781
737,6.141667,-0.045897,0.403122,0.006274,0.913973,-215.640945,95.297920,91.202042
738,6.150000,-0.046152,0.403186,0.006753,0.913929,-215.637711,95.287933,91.245529
739,6.158333,-0.046543,0.402986,0.007130,0.913994,-215.635269,95.278847,91.287498
740,6.166667,-0.046954,0.402665,0.006618,0.914118,-215.637726,95.268005,91.328606
741,6.175000,-0.047932,0.402394,0.005391,0.914195,-215.644028,95.265442,91.358917
742,6.183333,-0.047868,0.402011,0.003095,0.914378,-215.643005,95.253937,91.392639
743,6.191667,-0.047658,0.402030,0.000794,0.914385,-215.640305,95.238884,91.429192
744,6.200000,-0.047815,0.402114,-0.000306,0.914340,-215.635040,95.222870,91.471138
745,6.208333,-0.047498,0.403548,0.003474,0.913718,-215.615341,95.180405,91.542854
746,6.216667,-0.044529,0.405193,0.008724,0.913105,-215.584732,95.116760,91.639900
747,6.225000,-0.044320,0.404505,0.008591,0.913421,-215.588959,95.110497,91.677490
748,6.233333,-0.043929,0.404092,0.008411,0.913624,-215.594055,95.100807,91.718330
749,6.241667,-0.043355,0.404021,0.008545,0.913682,-215.598648,95.085938,91.759148
750,6.250000,-0.043230,0.404062,0.008435,0.913671,-215.606766,95.070679,91.795830
751,6.258333,-0.042770,0.404087,0.008213,0.913683,-215.616196,95.061211,91.833473
752,6.266667,-0.043275,0.404115,0.007915,0.913650,-215.622849,95.048782,91.873970
753,6.275000,-0.043924,0.403997,0.007755,0.913672,-215.620392,95.037132,91.914024
754,6.283333,-0.044751,0.403809,0.007720,0.913715,-215.615463,95.024597,91.954765
755,6.291667,-0.045532,0.403673,0.007566,0.913738,-215.611557,95.015381,91.992851
756,6.300000,-0.045671,0.403767,0.007203,0.913693,-215.609619,95.009819,92.029991
757,6.308333,-0.045006,0.403928,0.006838,0.913657,-215.608215,95.009041,92.068756
758,6.316667,-0.044508,0.403853,0.006537,0.913717,-215.605194,95.005760,92.110153
759,6.325000,-0.044575,0.403584,0.007440,0.913826,-215.601135,95.003845,92.154327
760,6.333333,-0.044056,0.403446,0.006886,0.913916,-215.587830,94.984985,92.202171
761,6.341667,-0.044299,0.403492,0.006969,0.913884,-215.581863,94.968384,92.245132
762,6.350000,-0.043988,0.403573,0.007158,0.913862,-215.577286,94.951332,92.292343
763,6.358333,-0.043433,0.403760,0.007426,0.913803,-215.577362,94.934525,92.337021
764,6.366667,-0.042948,0.403937,0.007572,0.913747,-215.583282,94.924583,92.375336
765,6.375000,-0.042390,0.403988,0.007446,0.913751,-215.588852,94.916626,92.411133
766,6.383333,-0.042152,0.403992,0.007346,0.913761,-215.594406,94.906395,92.450562
767,6.391667,-0.042179,0.404034,0.007105,0.913743,-215.596802,94.891899,92.491776
768,6.400000,-0.042086,0.404006,0.007180,0.913759,-215.595871,94.880035,92.526649
769,6.408333,-0.041941,0.404017,0.007232,0.913761,-215.592651,94.869408,92.560226
770,6.416667,-0.041990,0.403939,0.007246,0.913793,-215.585876,94.862541,92.596695
771,6.425000,-0.042175,0.403809,0.006812,0.913845,-215.578217,94.858131,92.636650
772,6.433333,-0.042942,0.403913,0.006255,0.913768,-215.575760,94.850990,92.680328
773,6.441667,-0.043708,0.403819,0.006344,0.913772,-215.576431,94.842964,92.715927
774,6.450000,-0.043947,0.403863,0.006824,0.913738,-215.577820,94.829514,92.754112
775,6.458333,-0.043720,0.403992,0.007636,0.913685,-215.583847,94.814102,92.799095
776,6.466667,-0.043925,0.403580,0.009177,0.913843,-215.588043,94.804001,92.848434
777,6.475000,-0.043858,0.402988,0.010052,0.914099,-215.582535,94.787613,92.898666
778,6.483333,-0.044166,0.402770,0.010942,0.914170,-215.577606,94.775024,92.942276
779,6.491667,-0.044461,0.402672,0.011385,0.914193,-215.572784,94.764481,92.980820
780,6.500000,-0.044293,0.402679,0.010749,0.914206,-215.568375,94.748970,93.020195
781,6.508333,-0.044078,0.402985,0.010294,0.914087,-215.567398,94.734589,93.058975
782,6.516667,-0.043738,0.403222,0.009158,0.914010,-215.567917,94.718330,93.094376
783,6.525000,-0.044037,0.403500,0.008408,0.913881,-215.574692,94.706436,93.123436
784,6.533333,-0.043865,0.403666,0.007366,0.913824,-215.583984,94.692436,93.159218
785,6.541667,-0.043357,0.403704,0.006657,0.913837,-215.585617,94.680511,93.194618
786,6.550000,-0.043215,0.403523,0.006083,0.913928,-215.580154,94.672638,93.235512
787,6.558333,-0.043608,0.403225,0.005436,0.914045,-215.574127,94.671890,93.272362
788,6.566667,-0.043830,0.402964,0.005035,0.914152,-215.571457,94.669899,93.303398
789,6.575000,-0.043664,0.402905,0.005223,0.914185,-215.569946,94.661484,93.340004
790,6.583333,-0.042678,0.403193,0.008279,0.914082,-215.602295,94.625206,93.401947
791,6.591667,-0.043207,0.403211,0.007690,0.914054,-215.596771,94.612900,93.433235
792,6.600000,-0.043803,0.403073,0.007669,0.914087,-215.591812,94.604912,93.466171
793,6.608333,-0.044602,0.402643,0.007151,0.914242,-215.590088,94.601151,93.506042
794,6.616667,-0.044994,0.402653,0.006706,0.914222,-215.583206,94.591301,93.544159
795,6.625000,-0.045064,0.402569,0.006649,0.914255,-215.576355,94.582855,93.586830
796,6.633333,-0.045375,0.402432,0.006765,0.914299,-215.572998,94.579193,93.627708
797,6.641667,-0.046077,0.402254,0.007182,0.914340,-215.574295,94.576797,93.666290
798,6.650000,-0.046180,0.402116,0.007519,0.914393,-215.578156,94.572922,93.702293
799,6.658333,-0.045379,0.402023,0.007277,0.914475,-215.582321,94.567139,93.740829
800,6.666667,-0.044521,0.402041,0.006982,0.914512,-215.588638,94.559929,93.773422
801,6.675000,-0.044159,0.402115,0.006585,0.914500,-215.595795,94.553429,93.801270
802,6.683333,-0.043683,0.402232,0.005334,0.914479,-215.598892,94.542191,93.831230
803,6.691667,-0.043507,0.402290,0.004737,0.914466,-215.598709,94.530647,93.868309
804,6.700000,-0.043007,0.402228,0.004947,0.914515,-215.587662,94.513824,93.911133
805,6.708333,-0.042936,0.402245,0.005471,0.914508,-215.579315,94.503166,93.949875
806,6.716667,-0.043088,0.402183,0.005988,0.914525,-215.576172,94.500465,93.981903
807,6.725000,-0.043340,0.401969,0.006253,0.914606,-215.575073,94.496414,94.014275
808,6.733333,-0.043184,0.401797,0.006091,0.914690,-215.573502,94.491806,94.050407
809,6.741667,-0.043329,0.401697,0.005538,0.914730,-215.577728,94.484695,94.089760
810,6.750000,-0.043965,0.401598,0.005258,0.914745,-215.585754,94.475533,94.122833
811,6.758333,-0.044895,0.401367,0.004687,0.914804,-215.593384,94.466644,94.153847
812,6.766667,-0.045644,0.401144,0.004260,0.914867,-215.598633,94.457390,94.189789
813,6.775000,-0.046304,0.400637,0.003843,0.915058,-215.596725,94.452705,94.225533
814,6.783333,-0.046895,0.400225,0.003914,0.915208,-215.590714,94.449150,94.260231
815,6.791667,-0.047477,0.400090,0.004017,0.915236,-215.584534,94.444153,94.294563
816,6.800000,-0.047938,0.400211,0.004627,0.915157,-215.583679,94.438484,94.325935
817,6.808333,-0.047912,0.400089,0.004562,0.915212,-215.580933,94.435349,94.355247
818,6.816667,-0.047630,0.399979,0.004334,0.915276,-215.583038,94.428932,94.387589
819,6.825000,-0.049285,0.399857,0.006368,0.915229,-215.599823,94.440140,94.421310
820,6.833333,-0.049994,0.399916,0.006819,0.915162,-215.603714,94.443504,94.449409
821,6.841667,-0.050584,0.399981,0.006457,0.915104,-215.605209,94.442223,94.478958
822,6.850000,-0.048379,0.404085,0.015333,0.913312,-215.568512,94.357262,94.581322
823,6.858333,-0.048239,0.404536,0.017124,0.913089,-215.561798,94.340958,94.631073
824,6.866667,-0.048460,0.404273,0.017917,0.913178,-215.564056,94.333176,94.665192
825,6.875000,-0.048506,0.403999,0.018380,0.913288,-215.565994,94.323036,94.693474
826,6.883333,-0.048720,0.403952,0.018730,0.913290,-215.567474,94.314484,94.722389
827,6.891667,-0.049222,0.404446,0.019222,0.913034,-215.569382,94.307381,94.758438
828,6.900000,-0.049873,0.404346,0.020311,0.913020,-215.575073,94.309845,94.794395
829,6.908333,-0.050011,0.404902,0.020526,0.912761,-215.573853,94.309380,94.822815
830,6.916667,-0.050180,0.405551,0.021029,0.912452,-215.571350,94.307724,94.855392
831,6.925000,-0.045039,0.403116,0.014994,0.913917,-215.543442,94.257065,94.938553
832,6.933333,-0.043808,0.402494,0.014114,0.914265,-215.535522,94.243164,94.989464
833,6.941667,-0.043420,0.402232,0.013921,0.914402,-215.535477,94.234398,95.028320
834,6.950000,-0.043372,0.402127,0.013721,0.914453,-215.537216,94.224213,95.060677
835,6.958333,-0.043580,0.401951,0.013905,0.914518,-215.541550,94.213402,95.097801
836,6.966667,-0.043279,0.401799,0.014263,0.914594,-215.545685,94.200310,95.135429
837,6.975000,-0.042777,0.401669,0.014689,0.914667,-215.550613,94.195084,95.170677
838,6.983333,-0.042406,0.401611,0.014689,0.914710,-215.552567,94.189392,95.201241
839,6.991667,-0.042159,0.401732,0.014740,0.914667,-215.550278,94.180092,95.235161
840,7.000000,-0.041852,0.401913,0.014551,0.914605,-215.542419,94.166595,95.276329
841,7.008333,-0.042043,0.402187,0.014249,0.914481,-215.534805,94.151192,95.317307
842,7.016667,-0.042228,0.402173,0.013963,0.914483,-215.526459,94.139008,95.347038
843,7.025000,-0.042340,0.402191,0.013642,0.914475,-215.519974,94.127121,95.374825
844,7.033333,-0.042422,0.402332,0.013425,0.914412,-215.514801,94.114487,95.406471
845,7.041667,-0.042875,0.402317,0.013431,0.914397,-215.514282,94.105461,95.438606
846,7.050000,-0.043018,0.402334,0.013474,0.914383,-215.515091,94.094452,95.466164
847,7.058333,-0.043110,0.402526,0.013644,0.914291,-215.516571,94.078545,95.492661
848,7.066667,-0.043951,0.402396,0.013169,0.914315,-215.522125,94.070831,95.524498
849,7.075000,-0.043908,0.402230,0.013237,0.914389,-215.523438,94.056053,95.558075
850,7.083333,-0.043143,0.401925,0.013097,0.914562,-215.522186,94.037743,95.591888
851,7.091667,-0.043000,0.401732,0.013148,0.914653,-215.525742,94.025703,95.618660
852,7.100000,-0.043185,0.401491,0.013356,0.914747,-215.530869,94.017372,95.642876
853,7.108333,-0.043433,0.401115,0.012803,0.914908,-215.538910,94.019112,95.663094
854,7.116667,-0.043475,0.401259,0.013596,0.914831,-215.539841,94.010719,95.686844
855,7.125000,-0.043538,0.401240,0.013498,0.914838,-215.540527,94.008392,95.705254
856,7.133333,-0.043602,0.401277,0.013401,0.914820,-215.541046,94.006409,95.721260
857,7.141667,-0.043777,0.401352,0.013309,0.914780,-215.541794,94.007332,95.735138
858,7.150000,-0.043894,0.401411,0.013214,0.914750,-215.541672,94.006386,95.747147
859,7.158333,-0.043852,0.401455,0.012962,0.914736,-215.540573,94.005608,95.757156
860,7.166667,-0.044104,0.401523,0.012725,0.914698,-215.540131,94.004669,95.764938
861,7.175000,-0.044333,0.401574,0.012595,0.914666,-215.539078,94.002159,95.771133
862,7.183333,-0.044556,0.401623,0.012333,0.914637,-215.538742,93.999329,95.778679
863,7.191667,-0.044648,0.401604,0.012084,0.914645,-215.538239,93.994888,95.786514
864,7.200000,-0.044618,0.401673,0.011995,0.914617,-215.539307,93.989998,95.794128
865,7.208333,-0.044595,0.401674,0.011943,0.914618,-215.539551,93.981361,95.800072
866,7.216667,-0.043785,0.401891,0.012656,0.914553,-215.535736,93.959587,95.809158
867,7.225000,-0.043539,0.401911,0.012923,0.914552,-215.536835,93.947456,95.817200
868,7.233333,-0.043507,0.401884,0.012928,0.914565,-215.538437,93.932701,95.824104
869,7.241667,-0.043457,0.401911,0.013181,0.914552,-215.537903,93.916168,95.830650
870,7.250000,-0.043173,0.402025,0.013475,0.914511,-215.536285,93.895584,95.839005
871,7.258333,-0.042883,0.402267,0.013825,0.914413,-215.534729,93.871078,95.848541
872,7.266667,-0.042433,0.402335,0.015771,0.914373,-215.530212,93.828629,95.852951
873,7.275000,-0.041796,0.402304,0.016239,0.914407,-215.530228,93.795815,95.856018
874,7.283333,-0.041543,0.402197,0.015986,0.914470,-215.530853,93.756500,95.865990
875,7.291667,-0.041181,0.402037,0.016163,0.914554,-215.530731,93.715393,95.872253
876,7.300000,-0.040722,0.401973,0.016262,0.914601,-215.533112,93.676987,95.880859
877,7.308333,-0.040151,0.401868,0.016540,0.914668,-215.534973,93.638519,95.888916
878,7.316667,-0.039447,0.401761,0.016517,0.914745,-215.537048,93.604591,95.896530
879,7.325000,-0.039059,0.401572,0.016334,0.914849,-215.537674,93.572166,95.900734
880,7.333333,-0.038779,0.401497,0.016275,0.914894,-215.536407,93.538414,95.904663
881,7.341667,-0.038392,0.401409,0.016372,0.914947,-215.536209,93.507317,95.910995
882,7.350000,-0.037924,0.401261,0.016492,0.915030,-215.535873,93.474815,95.917229
883,7.358333,-0.037521,0.401177,0.016655,0.915080,-215.534592,93.439728,95.923279
884,7.366667,-0.037106,0.401232,0.017336,0.915061,-215.531448,93.393875,95.929375
885,7.375000,-0.036888,0.401507,0.018084,0.914934,-215.531754,93.339493,95.939980
886,7.383333,-0.034497,0.398919,0.028770,0.915885,-215.520187,93.189255,95.907631
887,7.391667,-0.033537,0.398546,0.030167,0.916039,-215.522003,93.128044,95.919762
888,7.400000,-0.032832,0.399196,0.029637,0.915798,-215.524811,93.093750,95.948608
889,7.408333,-0.032358,0.399483,0.029157,0.915705,-215.525635,93.061676,95.966866
890,7.416667,-0.032626,0.399742,0.028451,0.915605,-215.526230,93.025673,95.985321
891,7.425000,-0.032156,0.399784,0.028040,0.915616,-215.527222,92.994461,96.003510
892,7.433333,-0.031226,0.399904,0.027515,0.915612,-215.528275,92.963181,96.024422
893,7.441667,-0.030607,0.399843,0.026434,0.915691,-215.529968,92.935097,96.049728
894,7.450000,-0.030203,0.399757,0.025816,0.915760,-215.532990,92.910019,96.071907
895,7.458333,-0.030078,0.399695,0.025613,0.915797,-215.536972,92.891663,96.086449
896,7.466667,-0.030065,0.399631,0.025376,0.915831,-215.541550,92.881111,96.099693
897,7.475000,-0.029872,0.399574,0.025062,0.915871,-215.542343,92.873177,96.116096
898,7.483333,-0.029842,0.399527,0.024738,0.915901,-215.541763,92.869934,96.134232
899,7.491667,-0.029992,0.399580,0.024347,0.915884,-215.540222,92.869293,96.153999
900,7.500000,-0.030109,0.399619,0.024199,0.915867,-215.538574,92.871857,96.173676
901,7.508333,-0.030131,0.399687,0.024127,0.915839,-215.535950,92.877052,96.194565
902,7.516667,-0.030293,0.399861,0.024002,0.915760,-215.533020,92.884529,96.216141
903,7.525000,-0.030187,0.400197,0.023637,0.915627,-215.531021,92.900864,96.240913
904,7.533333,-0.030435,0.400416,0.023522,0.915526,-215.529968,92.915504,96.260887
905,7.541667,-0.030529,0.400518,0.023480,0.915479,-215.528198,92.933685,96.280716
906,7.550000,-0.030861,0.400885,0.022891,0.915322,-215.529892,92.962982,96.306915
907,7.558333,-0.031199,0.400115,0.023766,0.915625,-215.535355,92.985710,96.329498
908,7.566667,-0.031277,0.399909,0.023850,0.915711,-215.535767,93.015198,96.351723
909,7.575000,-0.031524,0.400421,0.023041,0.915499,-215.531784,93.052536,96.376411
910,7.583333,-0.031800,0.400662,0.022453,0.915398,-215.526169,93.082909,96.394508
911,7.591667,-0.032545,0.400680,0.022286,0.915369,-215.524170,93.112358,96.411072
912,7.600000,-0.033336,0.400519,0.022670,0.915401,-215.520523,93.132622,96.426941
913,7.608333,-0.033610,0.400421,0.022622,0.915435,-215.516693,93.148735,96.446487
914,7.616667,-0.033956,0.400426,0.022572,0.915422,-215.514069,93.161110,96.464157
915,7.625000,-0.034187,0.400369,0.022448,0.915441,-215.512711,93.169632,96.481506
916,7.633333,-0.034363,0.400321,0.022340,0.915458,-215.511673,93.175560,96.500031
917,7.641667,-0.034457,0.400233,0.022010,0.915501,-215.509705,93.182861,96.517105
918,7.650000,-0.034568,0.400151,0.022073,0.915531,-215.509323,93.188736,96.529449
919,7.658333,-0.034779,0.400033,0.022121,0.915574,-215.510056,93.192932,96.542862
920,7.666667,-0.034910,0.399929,0.022267,0.915610,-215.511185,93.195618,96.559151
921,7.675000,-0.034843,0.399788,0.022229,0.915675,-215.510681,93.193832,96.576591
922,7.683333,-0.034879,0.399749,0.022099,0.915694,-215.511185,93.192642,96.594017
923,7.691667,-0.035208,0.399754,0.021917,0.915684,-215.513321,93.191383,96.610146
924,7.700000,-0.035657,0.399779,0.021706,0.915661,-215.516403,93.189735,96.626999
925,7.708333,-0.035960,0.399739,0.021548,0.915670,-215.519211,93.189606,96.643303
926,7.716667,-0.036243,0.399746,0.021434,0.915658,-215.521500,93.188072,96.660744
927,7.725000,-0.036367,0.399765,0.021460,0.915644,-215.524109,93.186066,96.675842
928,7.733333,-0.036422,0.399739,0.021564,0.915651,-215.526337,93.183807,96.692955
929,7.741667,-0.036161,0.399761,0.021544,0.915652,-215.526535,93.177216,96.709900
930,7.750000,-0.036179,0.399928,0.021323,0.915584,-215.527481,93.172966,96.727463
931,7.758333,-0.036175,0.400159,0.021166,0.915487,-215.527466,93.166473,96.744904
932,7.766667,-0.035905,0.400206,0.021029,0.915480,-215.527420,93.158844,96.759689
933,7.775000,-0.035978,0.400306,0.020892,0.915437,-215.529053,93.152054,96.772156
934,7.783333,-0.035841,0.400300,0.020799,0.915447,-215.529373,93.144897,96.781303
935,7.791667,-0.035598,0.400324,0.020681,0.915449,-215.528900,93.137375,96.789734
936,7.800000,-0.035537,0.400291,0.020583,0.915468,-215.527649,93.127106,96.798752
937,7.808333,-0.035490,0.400590,0.020018,0.915351,-215.528900,93.122711,96.813080
938,7.816667,-0.035644,0.400498,0.019813,0.915390,-215.527802,93.110237,96.827888
939,7.825000,-0.035586,0.400624,0.019764,0.915338,-215.528793,93.098412,96.839409
940,7.833333,-0.035317,0.400617,0.019407,0.915359,-215.527344,93.083168,96.847481
941,7.841667,-0.035110,0.400560,0.019238,0.915396,-215.526718,93.065742,96.855965
942,7.850000,-0.034899,0.400552,0.019018,0.915411,-215.527390,93.046288,96.865562
943,7.858333,-0.034603,0.400429,0.018937,0.915479,-215.528870,93.025124,96.874306
944,7.866667,-0.034155,0.400328,0.018758,0.915543,-215.531570,93.003967,96.881630
945,7.875000,-0.034015,0.400177,0.018785,0.915614,-215.535431,92.989189,96.884422
946,7.883333,-0.033882,0.400068,0.018554,0.915671,-215.537399,92.979462,96.886040
947,7.891667,-0.033784,0.400101,0.018615,0.915659,-215.539093,92.969650,96.891106
948,7.900000,-0.033729,0.400127,0.018761,0.915647,-215.543823,92.960251,96.899750
949,7.908333,-0.033686,0.400210,0.019033,0.915607,-215.548660,92.943176,96.911613
950,7.916667,-0.033742,0.400159,0.018992,0.915627,-215.552475,92.920235,96.920303
951,7.925000,-0.033825,0.399916,0.018501,0.915740,-215.561920,92.892006,96.926895
952,7.933333,-0.033640,0.399776,0.018427,0.915810,-215.573807,92.856369,96.932014
953,7.941667,-0.033070,0.399552,0.018486,0.915927,-215.588974,92.814873,96.937492
954,7.950000,-0.031996,0.398748,0.020153,0.916281,-215.603226,92.759644,96.934120
955,7.958333,-0.031146,0.399014,0.020115,0.916195,-215.609909,92.716507,96.941940
956,7.966667,-0.030047,0.399450,0.020003,0.916044,-215.612656,92.665031,96.954254
957,7.975000,-0.028984,0.399500,0.019965,0.916058,-215.610794,92.605667,96.963821
958,7.983333,-0.028332,0.399681,0.020317,0.915991,-215.606873,92.542740,96.967712
959,7.991667,-0.028282,0.399775,0.020564,0.915946,-215.602234,92.484100,96.970955
960,8.000000,-0.028254,0.399761,0.020265,0.915960,-215.595825,92.443138,96.972626
961,8.008333,-0.028546,0.399787,0.019941,0.915946,-215.593964,92.420502,96.972351
962,8.016667,-0.028852,0.399708,0.019604,0.915979,-215.593933,92.410820,96.967468
963,8.025000,-0.029025,0.399822,0.019295,0.915930,-215.595337,92.404976,96.967140
964,8.033333,-0.029301,0.399936,0.018956,0.915879,-215.596436,92.399681,96.968063
965,8.041667,-0.029240,0.399895,0.018498,0.915908,-215.595840,92.392967,96.972755
966,8.050000,-0.029171,0.399824,0.018132,0.915948,-215.596909,92.392548,96.975456
967,8.058333,-0.029053,0.399813,0.017845,0.915962,-215.598389,92.399918,96.973808
968,8.066667,-0.029164,0.399795,0.017327,0.915977,-215.599472,92.410782,96.970062
969,8.075000,-0.029146,0.399712,0.016848,0.916022,-215.598465,92.424057,96.967529
970,8.083333,-0.029223,0.399804,0.016619,0.915984,-215.598892,92.436203,96.965363
971,8.091667,-0.029376,0.399882,0.016482,0.915948,-215.598328,92.440132,96.964806
972,8.100000,-0.029536,0.399898,0.016440,0.915936,-215.596390,92.434074,96.966324
973,8.108333,-0.029446,0.399956,0.016533,0.915912,-215.596359,92.423889,96.971855
974,8.116667,-0.029351,0.399909,0.016646,0.915933,-215.598419,92.413628,96.976486
975,8.125000,-0.029731,0.399642,0.016457,0.916041,-215.607071,92.414955,96.973396
976,8.133333,-0.029748,0.399538,0.016176,0.916091,-215.611786,92.419357,96.971848
977,8.141667,-0.029530,0.399532,0.015924,0.916105,-215.613144,92.425453,96.968819
978,8.150000,-0.029790,0.399501,0.015050,0.916125,-215.616318,92.439255,96.968025
979,8.158333,-0.030092,0.399348,0.014519,0.916191,-215.616531,92.449257,96.962898
980,8.166667,-0.030743,0.399310,0.013876,0.916195,-215.614624,92.456245,96.955116
981,8.175000,-0.031590,0.399257,0.012884,0.916204,-215.609604,92.461899,96.941780
982,8.183333,-0.032138,0.399231,0.012364,0.916203,-215.606644,92.462769,96.935020
983,8.191667,-0.031889,0.399180,0.012183,0.916237,-215.602203,92.455803,96.938530
984,8.200000,-0.031492,0.399195,0.012246,0.916243,-215.598343,92.452606,96.942863
985,8.208333,-0.031235,0.399188,0.012166,0.916256,-215.592651,92.449684,96.942337
986,8.216667,-0.031275,0.399167,0.011922,0.916267,-215.585999,92.452499,96.938751
987,8.225000,-0.031218,0.399081,0.011506,0.916312,-215.576202,92.455414,96.932831
988,8.233333,-0.031211,0.399178,0.011052,0.916275,-215.565918,92.457939,96.929337
989,8.241667,-0.031226,0.399022,0.010549,0.916349,-215.553619,92.451981,96.925537
990,8.250000,-0.030420,0.399044,0.010270,0.916370,-215.541336,92.445183,96.916565
991,8.258333,-0.029986,0.399106,0.009647,0.916364,-215.529816,92.418732,96.902695
992,8.266667,-0.030248,0.399249,0.008902,0.916300,-215.521820,92.363190,96.885101
993,8.275000,-0.030582,0.398916,0.008987,0.916433,-215.514114,92.265823,96.859207
994,8.283333,-0.030947,0.398202,0.008649,0.916735,-215.519409,92.228325,96.877136
995,8.291667,-0.030433,0.397432,0.007713,0.917094,-215.500931,92.188301,96.881668
996,8.300000,-0.030285,0.396922,0.006453,0.917330,-215.478989,92.182617,96.902718
997,8.308333,-0.029912,0.396578,0.005291,0.917498,-215.466690,92.197716,96.925423
998,8.316667,-0.030132,0.396630,0.004814,0.917471,-215.466599,92.207893,96.941284
999,8.325000,-0.030237,0.396638,0.004813,0.917464,-215.460556,92.217842,96.951599
1000,8.333333,-0.029791,0.396235,0.004823,0.917653,-215.459015,92.227539,96.977089
1001,8.341667,-0.029009,0.395986,0.004789,0.917786,-215.465591,92.239944,97.013840
1002,8.350000,-0.027862,0.396054,0.005562,0.917788,-215.483307,92.246826,97.078011
1003,8.358333,-0.024264,0.397244,0.009878,0.917339,-215.514725,92.211761,97.188148
1004,8.366667,-0.020978,0.398150,0.010668,0.917019,-215.499496,92.201790,97.261520
1005,8.375000,-0.017923,0.399437,0.011133,0.916518,-215.471176,92.193970,97.349838
1006,8.383333,-0.015502,0.400396,0.010873,0.916147,-215.448883,92.196480,97.439407
1007,8.391667,-0.013395,0.400500,0.010480,0.916139,-215.429352,92.200172,97.529358
1008,8.400000,-0.011342,0.400542,0.013780,0.916105,-215.439651,92.181290,97.635475
1009,8.408333,-0.009415,0.400666,0.014956,0.916054,-215.431137,92.177925,97.727089
1010,8.416667,-0.006880,0.402081,0.019589,0.915369,-215.404510,92.150024,97.822403
1011,8.425000,-0.004908,0.402977,0.018735,0.915005,-215.415405,92.172218,97.894943
1012,8.433333,-0.003759,0.403520,0.018163,0.914783,-215.442062,92.194656,97.942543
1013,8.441667,-0.003134,0.404174,0.019925,0.914460,-215.489929,92.194656,97.988106
1014,8.450000,-0.002942,0.404806,0.020258,0.914173,-215.514343,92.195168,98.013306
1015,8.458333,-0.002759,0.405438,0.020059,0.913898,-215.528244,92.197479,98.033806
1016,8.466667,-0.002462,0.406016,0.019710,0.913650,-215.533417,92.196404,98.045097
1017,8.475000,-0.002397,0.406403,0.019508,0.913482,-215.529449,92.197105,98.044518
1018,8.483333,-0.002454,0.406742,0.018947,0.913343,-215.517456,92.198921,98.032341
1019,8.491667,-0.002744,0.406966,0.018306,0.913256,-215.497238,92.197678,98.005463
1020,8.500000,-0.003342,0.407077,0.016943,0.913231,-215.464310,92.200966,97.967590
1021,8.508333,-0.004720,0.407110,0.015934,0.913228,-215.438629,92.207588,97.917496
1022,8.516667,-0.006933,0.407552,0.014662,0.913038,-215.431259,92.222961,97.852402
1023,8.525000,-0.008607,0.408370,0.014395,0.912663,-215.427399,92.210594,97.783928
1024,8.533333,-0.007730,0.406771,0.029589,0.913018,-215.414688,92.056786,97.665108
1025,8.541667,-0.008394,0.407190,0.032228,0.912736,-215.399170,92.001816,97.587654
1026,8.550000,-0.009376,0.408388,0.034384,0.912113,-215.406296,91.984879,97.521820
1027,8.558333,-0.010546,0.408182,0.034258,0.912197,-215.406754,91.989250,97.439507
1028,8.566667,-0.011919,0.408526,0.032924,0.912075,-215.400940,92.000381,97.368301
1029,8.575000,-0.013263,0.408818,0.030914,0.911996,-215.386871,92.007622,97.303604
1030,8.583333,-0.015101,0.408661,0.029563,0.912082,-215.379517,92.016998,97.247787
1031,8.591667,-0.017281,0.408304,0.028719,0.912231,-215.381500,92.024109,97.203636
1032,8.600000,-0.019835,0.409094,0.025735,0.911914,-215.399689,92.055069,97.190857
1033,8.608333,-0.023120,0.410927,0.016615,0.911224,-215.435959,92.145103,97.206413
1034,8.616667,-0.024540,0.411125,0.011527,0.911176,-215.457657,92.188614,97.211929
1035,8.625000,-0.024452,0.411107,0.010162,0.911203,-215.459702,92.198692,97.212715
1036,8.633333,-0.023490,0.411140,0.009247,0.911223,-215.451599,92.201859,97.226509
1037,8.641667,-0.021628,0.410996,0.008419,0.911342,-215.432831,92.202042,97.259628
1038,8.650000,-0.020055,0.410907,0.008275,0.911419,-215.420746,92.207344,97.299675
1039,8.658333,-0.018753,0.410705,0.008655,0.911535,-215.416245,92.214371,97.352531
1040,8.666667,-0.017750,0.410327,0.009675,0.911714,-215.415985,92.217865,97.417694
1041,8.675000,-0.016781,0.410067,0.010119,0.911845,-215.418549,92.215332,97.491493
1042,8.683333,-0.014121,0.409968,0.013243,0.911895,-215.438507,92.177116,97.585403
1043,8.691667,-0.011260,0.411223,0.015237,0.911338,-215.420837,92.156837,97.697105
1044,8.700000,-0.008694,0.410676,0.015846,0.911602,-215.414307,92.162888,97.777092
1045,8.708333,-0.006780,0.410503,0.016491,0.911685,-215.420990,92.173653,97.836456
1046,8.716667,-0.005215,0.410324,0.017441,0.911758,-215.432114,92.184830,97.888496
1047,8.725000,-0.004277,0.410147,0.018185,0.911828,-215.441162,92.193520,97.930595
1048,8.733333,-0.004005,0.409967,0.017958,0.911915,-215.446228,92.199677,97.956772
1049,8.741667,-0.004448,0.409798,0.016672,0.912013,-215.446396,92.208572,97.966858
1050,8.750000,-0.005069,0.409269,0.015575,0.912267,-215.446289,92.218384,97.963783
1051,8.758333,-0.006075,0.408673,0.014467,0.912546,-215.445572,92.230431,97.953514
1052,8.766667,-0.002629,0.410202,0.017897,0.911815,-215.406921,92.176888,97.991112
1053,8.775000,-0.002600,0.410613,0.019554,0.911596,-215.403717,92.165665,97.975815
1054,8.783333,-0.003014,0.410832,0.020653,0.911472,-215.414246,92.162102,97.944702
1055,8.791667,-0.003708,0.410673,0.020346,0.911548,-215.422852,92.158447,97.900352
1056,8.800000,-0.005271,0.410394,0.019148,0.911692,-215.425400,92.152443,97.842308
1057,8.808333,-0.007060,0.410085,0.017964,0.911843,-215.425400,92.140976,97.774796
1058,8.816667,-0.008648,0.410175,0.016458,0.911818,-215.413422,92.130623,97.692368
1059,8.825000,-0.010621,0.410325,0.014813,0.911757,-215.385742,92.136551,97.609398
1060,8.833333,-0.011945,0.410459,0.013769,0.911697,-215.363831,92.151321,97.536285
1061,8.841667,-0.013443,0.410438,0.012913,0.911698,-215.349869,92.166061,97.470741
1062,8.850000,-0.014634,0.410637,0.011683,0.911606,-215.335007,92.172157,97.415474
1063,8.858333,-0.015653,0.410818,0.011422,0.911511,-215.333267,92.171257,97.378677
1064,8.866667,-0.016566,0.410786,0.011078,0.911514,-215.328476,92.171127,97.352234
1065,8.875000,-0.017012,0.410870,0.010868,0.911471,-215.328674,92.171143,97.339172
1066,8.883333,-0.017236,0.410979,0.010816,0.911418,-215.333771,92.171127,97.336708
1067,8.891667,-0.017000,0.410994,0.011073,0.911412,-215.342896,92.170357,97.343765
1068,8.900000,-0.016728,0.411048,0.011701,0.911385,-215.361374,92.169884,97.369545
1069,8.908333,-0.016260,0.411360,0.012354,0.911244,-215.370758,92.173721,97.402222
1070,8.916667,-0.015647,0.411611,0.013888,0.911119,-215.383621,92.173210,97.451225
1071,8.925000,-0.014585,0.412376,0.016029,0.910756,-215.395020,92.160522,97.518219
1072,8.933333,-0.013459,0.412864,0.017686,0.910522,-215.412445,92.144249,97.586227
1073,8.941667,-0.009113,0.409533,0.033239,0.911644,-215.413025,91.996910,97.597290
1074,8.950000,-0.006984,0.408230,0.036795,0.912110,-215.426727,91.972038,97.665039
1075,8.958333,-0.005273,0.408359,0.036627,0.912071,-215.439728,91.984962,97.743019
1076,8.966667,-0.003171,0.408530,0.036992,0.911990,-215.438675,91.991135,97.800522
1077,8.975000,-0.000933,0.408604,0.037865,0.911926,-215.428894,91.993469,97.851311
1078,8.983333,0.000717,0.408515,0.038459,0.911941,-215.410873,91.994125,97.889221
1079,8.991667,0.001802,0.408427,0.038244,0.911988,-215.385193,91.994362,97.915657
1080,9.000000,0.002093,0.408333,0.038181,0.912032,-215.365646,91.998283,97.928429
1081,9.008333,0.001786,0.408491,0.038528,0.911947,-215.358185,92.001083,97.927200
1082,9.016667,0.000833,0.408585,0.038957,0.911888,-215.364624,92.000488,97.909943
1083,9.025000,-0.000273,0.408335,0.038786,0.912008,-215.372986,91.999451,97.886711
1084,9.033333,-0.001300,0.407912,0.037732,0.912240,-215.377625,92.000786,97.849854
1085,9.041667,-0.002679,0.407376,0.036266,0.912536,-215.373138,91.996658,97.799599
1086,9.050000,-0.004297,0.406563,0.035680,0.912916,-215.359375,91.982704,97.730919
1087,9.058333,-0.005733,0.406890,0.034093,0.912823,-215.345673,91.978928,97.668442
1088,9.066667,-0.007391,0.407294,0.033032,0.912670,-215.331558,91.982933,97.599388
1089,9.075000,-0.008374,0.407311,0.031512,0.912707,-215.316467,91.992302,97.536491
1090,9.083333,-0.009519,0.407385,0.030241,0.912706,-215.302460,92.005119,97.484383
1091,9.091667,-0.010711,0.407185,0.029077,0.912820,-215.288086,92.018112,97.441109
1092,9.100000,-0.012182,0.407868,0.026874,0.912564,-215.280365,92.042618,97.417450
1093,9.108333,-0.012827,0.407649,0.026682,0.912659,-215.273697,92.042435,97.390823
1094,9.116667,-0.013146,0.407735,0.026425,0.912623,-215.273621,92.043320,97.385605
1095,9.125000,-0.013533,0.408174,0.025769,0.912440,-215.280075,92.050896,97.397133
1096,9.133333,-0.013243,0.408169,0.025721,0.912448,-215.290573,92.053482,97.416977
1097,9.141667,-0.012414,0.408256,0.026237,0.912406,-215.306885,92.050400,97.456764
1098,9.150000,-0.011133,0.408454,0.027107,0.912308,-215.324158,92.044998,97.499207
1099,9.158333,-0.010128,0.408470,0.027858,0.912291,-215.346054,92.039040,97.554596
1100,9.166667,-0.008902,0.408224,0.029275,0.912369,-215.362595,92.023468,97.609779
1101,9.175000,-0.007845,0.407997,0.029648,0.912468,-215.376877,92.027084,97.679123
1102,9.183333,-0.006883,0.407668,0.029855,0.912616,-215.387558,92.036835,97.740646
1103,9.191667,-0.005936,0.408511,0.027516,0.912319,-215.393417,92.067429,97.810898
1104,9.200000,-0.004571,0.408897,0.026089,0.912196,-215.386719,92.086937,97.863106
1105,9.208333,-0.002970,0.409014,0.025960,0.912154,-215.373749,92.094772,97.900093
1106,9.216667,-0.002228,0.408975,0.026180,0.912167,-215.367004,92.101028,97.924583
1107,9.225000,-0.002333,0.409022,0.026378,0.912140,-215.369385,92.108086,97.931183
1108,9.233333,-0.002596,0.409122,0.026071,0.912104,-215.373367,92.111275,97.928490
1109,9.241667,-0.003240,0.409142,0.023702,0.912157,-215.373962,92.125267,97.913673
1110,9.250000,-0.004133,0.409177,0.022452,0.912170,-215.371399,92.128029,97.881683
1111,9.258333,-0.005954,0.409298,0.021613,0.912125,-215.374344,92.128738,97.843369
1112,9.266667,-0.007348,0.408449,0.022619,0.912471,-215.382553,92.108681,97.784630
1113,9.275000,-0.008421,0.408346,0.021979,0.912524,-215.378525,92.097862,97.724411
1114,9.283333,-0.009593,0.408758,0.019956,0.912374,-215.370865,92.101654,97.666618
1115,9.291667,-0.010718,0.409153,0.018287,0.912219,-215.347412,92.112625,97.606773
1116,9.300000,-0.011421,0.409597,0.016839,0.912040,-215.325348,92.123383,97.557365
1117,9.308333,-0.012181,0.409757,0.015703,0.911978,-215.305115,92.134964,97.519127
1118,9.316667,-0.013078,0.409826,0.015068,0.911946,-215.289093,92.145119,97.490089
1119,9.325000,-0.013882,0.409987,0.014453,0.911871,-215.277390,92.152901,97.471062
1120,9.333333,-0.014386,0.410121,0.014010,0.911810,-215.269897,92.156822,97.464355
1121,9.341667,-0.014499,0.410211,0.012691,0.911787,-215.269882,92.168457,97.472229
1122,9.350000,-0.014045,0.410649,0.012726,0.911596,-215.271622,92.167892,97.498459
1123,9.358333,-0.013039,0.411011,0.013846,0.911432,-215.278046,92.158165,97.533844
1124,9.366667,-0.012189,0.410983,0.014242,0.911450,-215.293167,92.156052,97.571823
1125,9.375000,-0.011305,0.410967,0.014948,0.911458,-215.309357,92.148247,97.624336
1126,9.383333,-0.010178,0.409797,0.017341,0.911955,-215.346573,92.131332,97.674057
1127,9.391667,-0.009158,0.409629,0.017880,0.912031,-215.369919,92.131645,97.734764
1128,9.400000,-0.008375,0.409976,0.017207,0.911895,-215.385727,92.150887,97.798248
1129,9.408333,-0.007122,0.410019,0.017063,0.911889,-215.393524,92.159904,97.841034
1130,9.416667,-0.005625,0.410004,0.017002,0.911908,-215.394043,92.167587,97.871246
1131,9.425000,-0.004552,0.409983,0.016725,0.911928,-215.386230,92.170593,97.891243
1132,9.433333,-0.004185,0.409815,0.016265,0.912014,-215.374176,92.176003,97.898430
1133,9.441667,-0.004699,0.409543,0.015283,0.912151,-215.369888,92.189148,97.891434
1134,9.450000,-0.005837,0.409305,0.014340,0.912266,-215.375641,92.206070,97.871872
1135,9.458333,-0.006979,0.409183,0.013502,0.912326,-215.378708,92.210075,97.843307
1136,9.466667,-0.007731,0.409746,0.014811,0.912047,-215.370514,92.184311,97.813446
1137,9.475000,-0.008348,0.409377,0.016389,0.912180,-215.380386,92.155693,97.769676
1138,9.483333,-0.008668,0.409286,0.017899,0.912190,-215.363785,92.121574,97.705132
1139,9.491667,-0.010095,0.409792,0.017096,0.911963,-215.344971,92.121727,97.651627
1140,9.500000,-0.011269,0.410240,0.015539,0.911776,-215.327332,92.132935,97.596931
1141,9.508333,-0.012136,0.410773,0.014590,0.911540,-215.309937,92.146111,97.555771
1142,9.516667,-0.012932,0.411003,0.013695,0.911439,-215.300369,92.160789,97.523376
1143,9.525000,-0.013660,0.411008,0.013229,0.911433,-215.295578,92.171677,97.497070
1144,9.533333,-0.014160,0.411435,0.014294,0.911217,-215.294174,92.166618,97.490952
1145,9.541667,-0.014256,0.411541,0.014924,0.911158,-215.299606,92.163155,97.492203
1146,9.550000,-0.013981,0.411636,0.015663,0.911106,-215.313644,92.156448,97.510315
1147,9.558333,-0.013467,0.411680,0.015943,0.911090,-215.331894,92.154274,97.536484
1148,9.566667,-0.012870,0.411543,0.016717,0.911146,-215.353226,92.147301,97.569725
1149,9.575000,-0.012135,0.411414,0.017717,0.911196,-215.370255,92.133263,97.613388
1150,9.583333,-0.010453,0.410273,0.019789,0.911688,-215.390854,92.110054,97.656242
1151,9.591667,-0.009165,0.409830,0.020668,0.911882,-215.396149,92.106064,97.705009
1152,9.600000,-0.007908,0.409323,0.020715,0.912120,-215.393066,92.108932,97.756920
1153,9.608333,-0.006726,0.409178,0.020607,0.912197,-215.382385,92.113846,97.795868
1154,9.616667,-0.005773,0.409779,0.019710,0.911953,-215.361816,92.127197,97.832138
1155,9.625000,-0.005604,0.410445,0.019131,0.911668,-215.348129,92.141907,97.854195
1156,9.633333,-0.005988,0.411115,0.019885,0.911347,-215.347931,92.149406,97.866676
1157,9.641667,-0.006359,0.411248,0.020404,0.911273,-215.356262,92.150116,97.864052
1158,9.650000,-0.007044,0.411275,0.020820,0.911246,-215.366104,92.144638,97.847977
1159,9.658333,-0.007549,0.410939,0.020823,0.911394,-215.372757,92.138283,97.819008
1160,9.666667,-0.007813,0.409649,0.022263,0.911938,-215.385941,92.113914,97.770599
1161,9.675000,-0.008082,0.409471,0.021506,0.912034,-215.377548,92.102066,97.723679
1162,9.683333,-0.009192,0.410119,0.019672,0.911774,-215.355301,92.104652,97.680405
1163,9.691667,-0.010771,0.411216,0.019297,0.911270,-215.324951,92.119759,97.616211
1164,9.700000,-0.011873,0.412158,0.019336,0.910830,-215.284912,92.132362,97.567238
1165,9.708333,-0.011203,0.412281,0.016975,0.910830,-215.249939,92.129852,97.544281
1166,9.716667,-0.010623,0.412473,0.014848,0.910787,-215.227432,92.125603,97.533119
1167,9.725000,-0.010077,0.412630,0.013307,0.910746,-215.215652,92.123306,97.529472
1168,9.733333,-0.009547,0.412687,0.012515,0.910737,-215.209625,92.119736,97.535973
1169,9.741667,-0.009131,0.412699,0.012307,0.910739,-215.204758,92.114761,97.552322
1170,9.750000,-0.008539,0.412562,0.012717,0.910801,-215.200943,92.108086,97.579521
1171,9.758333,-0.008048,0.412495,0.013530,0.910824,-215.207077,92.103249,97.619537
1172,9.766667,-0.007381,0.412638,0.014569,0.910749,-215.222092,92.099403,97.651665
1173,9.775000,-0.007132,0.412771,0.015773,0.910670,-215.250641,92.096581,97.672211
1174,9.783333,-0.006988,0.413216,0.018097,0.910426,-215.290756,92.080597,97.681259
1175,9.791667,-0.007224,0.413313,0.020584,0.910328,-215.340210,92.058273,97.672333
1176,9.800000,-0.006951,0.412663,0.026176,0.910481,-215.390060,92.008415,97.639511
1177,9.808333,-0.007488,0.412979,0.027779,0.910286,-215.435120,91.998444,97.624504
1178,9.816667,-0.007425,0.413081,0.029610,0.910183,-215.468689,91.989098,97.614410
1179,9.825000,-0.007094,0.413277,0.030710,0.910060,-215.491364,91.984116,97.614197
1180,9.833333,-0.006724,0.413431,0.031389,0.909969,-215.501999,91.979057,97.623848
1181,9.841667,-0.006259,0.413261,0.031663,0.910041,-215.502960,91.973396,97.638535
1182,9.850000,-0.006000,0.412894,0.031984,0.910198,-215.493607,91.970619,97.650230
1183,9.858333,-0.005829,0.412661,0.031817,0.910310,-215.473221,91.970985,97.656250
1184,9.866667,-0.005462,0.411918,0.033249,0.910598,-215.442154,91.953552,97.638741
1185,9.875000,-0.005503,0.411832,0.032605,0.910660,-215.408447,91.951477,97.628426
1186,9.883333,-0.005244,0.411460,0.031889,0.910855,-215.368561,91.950150,97.608299
1187,9.891667,-0.004861,0.411350,0.030869,0.910942,-215.328384,91.951477,97.595100
1188,9.900000,-0.004293,0.411275,0.029807,0.911014,-215.284683,91.952881,97.586563
1189,9.908333,-0.004277,0.411347,0.028687,0.911017,-215.240997,91.962227,97.583923
1190,9.916667,-0.004540,0.411365,0.028158,0.911024,-215.204834,91.969757,97.579094
1191,9.925000,-0.005095,0.411119,0.028389,0.911125,-215.179626,91.974487,97.565216
1192,9.933333,-0.005903,0.410715,0.028759,0.911291,-215.165421,91.975647,97.546776
1193,9.941667,-0.006545,0.410458,0.029026,0.911394,-215.161819,91.974869,97.536224
1194,9.950000,-0.006697,0.410411,0.028941,0.911417,-215.167816,91.975136,97.537003
1195,9.958333,-0.006447,0.410497,0.028797,0.911385,-215.178467,91.974167,97.548325
1196,9.966667,-0.005817,0.410849,0.028898,0.911227,-215.198761,91.974434,97.571350
1197,9.975000,-0.005218,0.411187,0.029422,0.911061,-215.227844,91.971252,97.590569
1198,9.983333,-0.004763,0.411453,0.030380,0.910912,-215.269852,91.961655,97.603615
1199,9.991667,-0.004654,0.411783,0.031683,0.910719,-215.323303,91.950539,97.607864
1200,10.000000,-0.004962,0.412039,0.032832,0.910561,-215.368698,91.939903,97.613014
1201,10.008333,-0.005522,0.412511,0.033399,0.910323,-215.411301,91.943237,97.623001
1202,10.016667,-0.005652,0.412471,0.034425,0.910303,-215.443161,91.941406,97.618469
1203,10.025000,-0.006015,0.412864,0.033759,0.910147,-215.471817,91.954842,97.629417
1204,10.033333,-0.005703,0.412625,0.033723,0.910259,-215.486328,91.956558,97.633553
1205,10.041667,-0.005696,0.412707,0.033950,0.910213,-215.491699,91.954124,97.632225
1206,10.050000,-0.005702,0.412806,0.034086,0.910163,-215.487335,91.951607,97.631088
1207,10.058333,-0.005381,0.412323,0.034964,0.910351,-215.467117,91.941032,97.625237
1208,10.066667,-0.005409,0.412420,0.034801,0.910313,-215.441208,91.938835,97.621376
1209,10.075000,-0.005419,0.412395,0.034209,0.910347,-215.410187,91.935860,97.619370
1210,10.083333,-0.005023,0.412093,0.033489,0.910512,-215.372513,91.933914,97.614891
1211,10.091667,-0.004168,0.412035,0.032317,0.910585,-215.333771,91.940338,97.614136
1212,10.100000,-0.003730,0.412105,0.031156,0.910596,-215.292984,91.945938,97.610085
1213,10.108333,-0.003885,0.412105,0.030350,0.910622,-215.254379,91.953354,97.597389
1214,10.116667,-0.004599,0.412037,0.029716,0.910671,-215.224213,91.959831,97.581772
1215,10.125000,-0.005485,0.411729,0.029727,0.910805,-215.203903,91.964676,97.560791
1216,10.133333,-0.005783,0.411126,0.029521,0.911082,-215.187210,91.964775,97.549225
1217,10.141667,-0.005899,0.410866,0.029315,0.911205,-215.180283,91.967186,97.549202
1218,10.150000,-0.005730,0.410887,0.029270,0.911198,-215.183014,91.970512,97.560280
1219,10.158333,-0.005709,0.411040,0.029563,0.911120,-215.196533,91.970894,97.570175
1220,10.166667,-0.005809,0.411067,0.030515,0.911076,-215.221313,91.962997,97.571770
1221,10.175000,-0.005351,0.411162,0.031385,0.911006,-215.259796,91.954132,97.578636
1222,10.183333,-0.004727,0.411532,0.031670,0.910833,-215.303879,91.943291,97.594749
1223,10.191667,-0.004106,0.411832,0.032241,0.910680,-215.342758,91.936127,97.614769
1224,10.200000,-0.004026,0.411931,0.033290,0.910598,-215.369293,91.933075,97.633888
1225,10.208333,-0.004048,0.411840,0.034331,0.910600,-215.388321,91.932526,97.650467
1226,10.216667,-0.004498,0.412193,0.033542,0.910468,-215.406174,91.947197,97.667770
1227,10.225000,-0.004835,0.411887,0.033313,0.910613,-215.412766,91.952744,97.664978
1228,10.233333,-0.005006,0.411042,0.034741,0.910941,-215.405533,91.938492,97.638252
1229,10.241667,-0.005167,0.410816,0.034815,0.911039,-215.396255,91.933731,97.620583
1230,10.250000,-0.005498,0.411092,0.034282,0.910933,-215.383743,91.933716,97.602997
1231,10.258333,-0.005438,0.411249,0.033662,0.910885,-215.364761,91.933014,97.589355
1232,10.266667,-0.004901,0.411131,0.033087,0.910962,-215.339630,91.933342,97.582977
1233,10.275000,-0.004146,0.411006,0.032258,0.911052,-215.309479,91.934135,97.585114
1234,10.283333,-0.003660,0.410988,0.031232,0.911098,-215.277527,91.939415,97.594482
1235,10.291667,-0.003552,0.411038,0.030442,0.911103,-215.252396,91.948334,97.608414
1236,10.300000,-0.003707,0.411046,0.030368,0.911101,-215.235046,91.955765,97.611687
1237,10.308333,-0.004289,0.411066,0.030768,0.911076,-215.231018,91.959396,97.605476
1238,10.316667,-0.004848,0.410859,0.031484,0.911142,-215.240356,91.955261,97.591095
1239,10.325000,-0.005388,0.410829,0.032227,0.911127,-215.264084,91.949615,97.576454
1240,10.333333,-0.005550,0.410870,0.032442,0.911100,-215.299103,91.944038,97.571342
1241,10.341667,-0.005186,0.411202,0.032406,0.910953,-215.333893,91.941330,97.575661
1242,10.350000,-0.004986,0.411344,0.032317,0.910894,-215.359589,91.939804,97.589264
1243,10.358333,-0.004765,0.411312,0.032326,0.910909,-215.375549,91.938377,97.610870
1244,10.366667,-0.004369,0.411039,0.033016,0.911009,-215.383270,91.936806,97.634087
1245,10.375000,-0.004100,0.410950,0.033680,0.911026,-215.385361,91.937172,97.649521
1246,10.383333,-0.004000,0.410824,0.034084,0.911069,-215.380234,91.937134,97.657974
1247,10.391667,-0.003787,0.410623,0.034119,0.911159,-215.366745,91.936432,97.659851
1248,10.400000,-0.003846,0.410443,0.033663,0.911256,-215.347534,91.936943,97.651741
1249,10.408333,-0.003641,0.410230,0.032962,0.911379,-215.323776,91.936653,97.637260
1250,10.416667,-0.003863,0.410237,0.032204,0.911402,-215.301849,91.939133,97.616730
1251,10.425000,-0.004269,0.410137,0.031568,0.911467,-215.284271,91.941658,97.587723
1252,10.433333,-0.004571,0.410003,0.030665,0.911557,-215.270660,91.947021,97.571732
1253,10.441667,-0.004937,0.409772,0.030006,0.911681,-215.261963,91.952606,97.567566
1254,10.450000,-0.005055,0.409512,0.029530,0.911813,-215.254349,91.955421,97.574677
1255,10.458333,-0.004664,0.409425,0.029553,0.911853,-215.254944,91.956863,97.590942
1256,10.466667,-0.004239,0.409465,0.029955,0.911824,-215.266632,91.955605,97.603104
1257,10.475000,-0.004296,0.409734,0.030921,0.911671,-215.292328,91.950676,97.606239
1258,10.483333,-0.004686,0.410277,0.031778,0.911395,-215.323563,91.946793,97.605049
1259,10.491667,-0.004764,0.410507,0.032472,0.911267,-215.351059,91.941605,97.607376
1260,10.500000,-0.004745,0.410675,0.032847,0.911178,-215.370255,91.939560,97.618935
1261,10.508333,-0.004697,0.410587,0.033246,0.911203,-215.383560,91.941109,97.627968
1262,10.516667,-0.004850,0.410465,0.033388,0.911252,-215.388062,91.940117,97.629501
1263,10.525000,-0.005147,0.410334,0.033577,0.911302,-215.387253,91.940781,97.623390
1264,10.533333,-0.005189,0.410281,0.033351,0.911335,-215.376541,91.941475,97.617531
1265,10.541667,-0.004844,0.410373,0.032678,0.911319,-215.361145,91.942787,97.618965
1266,10.550000,-0.004329,0.410264,0.031914,0.911398,-215.341309,91.943970,97.622734
1267,10.558333,-0.003901,0.410148,0.031285,0.911474,-215.317398,91.946045,97.623840
1268,10.566667,-0.003741,0.410142,0.030813,0.911494,-215.294647,91.947968,97.617615
1269,10.575000,-0.004021,0.410135,0.030803,0.911496,-215.279358,91.948166,97.600227
1270,10.583333,-0.004492,0.410008,0.030689,0.911554,-215.271973,91.948997,97.586830
1271,10.591667,-0.004662,0.409864,0.030234,0.911633,-215.269852,91.949158,97.585136
1272,10.600000,-0.004455,0.409763,0.029968,0.911689,-215.273209,91.950157,97.593506
1273,10.608333,-0.004280,0.409767,0.030046,0.911685,-215.285828,91.951561,97.603188
1274,10.616667,-0.004284,0.409943,0.030721,0.911583,-215.306427,91.949532,97.605309
1275,10.625000,-0.004557,0.410216,0.031463,0.911434,-215.331726,91.948494,97.609261
1276,10.633333,-0.004451,0.410239,0.032087,0.911403,-215.348602,91.946754,97.617302
1277,10.641667,-0.004593,0.410238,0.032469,0.911389,-215.358261,91.942993,97.619888
1278,10.650000,-0.004555,0.410341,0.032587,0.911338,-215.360947,91.941269,97.617020
1279,10.658333,-0.004571,0.410452,0.032473,0.911293,-215.359207,91.940926,97.615463
1280,10.666667,-0.004365,0.410283,0.032382,0.911373,-215.349030,91.943825,97.618752
1281,10.675000,-0.004175,0.410199,0.031899,0.911428,-215.333252,91.944763,97.620811
1282,10.683333,-0.003970,0.410179,0.031463,0.911453,-215.313080,91.945061,97.617104
1283,10.691667,-0.004002,0.410202,0.030922,0.911462,-215.293839,91.945175,97.607399
1284,10.700000,-0.004036,0.410177,0.030456,0.911488,-215.280792,91.946716,97.602150
1285,10.708333,-0.004327,0.410124,0.030283,0.911517,-215.275284,91.948082,97.599289
1286,10.716667,-0.004350,0.410078,0.030252,0.911538,-215.279007,91.949631,97.599358
1287,10.725000,-0.004270,0.410046,0.030341,0.911550,-215.290787,91.949631,97.603088
1288,10.733333,-0.004155,0.410110,0.030765,0.911508,-215.309280,91.948181,97.608253
1289,10.741667,-0.004181,0.410125,0.031268,0.911483,-215.328842,91.948273,97.617737
1290,10.750000,-0.004226,0.410145,0.031944,0.911451,-215.340973,91.945908,97.622002
1291,10.758333,-0.004350,0.410100,0.032409,0.911454,-215.345505,91.943130,97.620483
1292,10.766667,-0.004387,0.410123,0.032769,0.911431,-215.344055,91.942070,97.613144
1293,10.775000,-0.004260,0.410224,0.032519,0.911395,-215.337021,91.941040,97.612503
1294,10.783333,-0.003949,0.410225,0.032084,0.911411,-215.324814,91.940430,97.614998
1295,10.791667,-0.003729,0.410050,0.031775,0.911502,-215.306564,91.937737,97.612015
1296,10.800000,-0.003696,0.410072,0.031638,0.911497,-215.295288,91.937500,97.604645
1297,10.808333,-0.003888,0.410065,0.031930,0.911489,-215.293335,91.937653,97.594719
1298,10.816667,-0.007635,0.411604,0.015837,0.911193,-215.316650,92.079208,97.645126
1299,10.825000,-0.007896,0.411951,0.013868,0.911066,-215.322952,92.096481,97.660980
1300,10.833333,-0.007888,0.412328,0.013790,0.910897,-215.329788,92.098961,97.673889
1301,10.841667,-0.007907,0.412601,0.013824,0.910773,-215.338562,92.100471,97.680923
1302,10.850000,-0.007954,0.412288,0.014820,0.910899,-215.362473,92.096161,97.683403
1303,10.858333,-0.008020,0.412216,0.014702,0.910932,-215.367813,92.097855,97.679398
1304,10.866667,-0.007955,0.412187,0.014662,0.910947,-215.355011,92.096138,97.672737
1305,10.875000,-0.007671,0.412242,0.014049,0.910934,-215.337509,92.098000,97.675636
1306,10.883333,-0.007572,0.412147,0.013485,0.910986,-215.321106,92.100548,97.673164
1307,10.891667,-0.007963,0.412238,0.013374,0.910943,-215.312149,92.103172,97.663010
1308,10.900000,-0.008249,0.412327,0.013149,0.910904,-215.309769,92.104218,97.656578
1309,10.908333,-0.008393,0.412387,0.013224,0.910874,-215.314697,92.103271,97.658043
1310,10.916667,-0.008008,0.412433,0.013243,0.910856,-215.320587,92.101303,97.671371
1311,10.925000,-0.007725,0.412311,0.013665,0.910908,-215.327866,92.101028,97.678047
1312,10.933333,-0.007621,0.412183,0.013988,0.910962,-215.331787,92.099434,97.679657
1313,10.941667,-0.007714,0.412036,0.014214,0.911024,-215.330368,92.099915,97.674469
1314,10.950000,-0.007873,0.412001,0.014000,0.911042,-215.324860,92.098557,97.665024
1315,10.958333,-0.007948,0.412112,0.013691,0.910996,-215.319275,92.097786,97.657654
1316,10.966667,-0.007915,0.412225,0.013316,0.910950,-215.315720,92.100319,97.661491
1317,10.975000,-0.007908,0.412401,0.013289,0.910871,-215.318420,92.100960,97.668266
1318,10.983333,-0.008079,0.412483,0.013504,0.910830,-215.326508,92.103271,97.671791
1319,10.991667,-0.008017,0.412491,0.013913,0.910820,-215.332840,92.101761,97.676376
1320,11.000000,-0.007849,0.412299,0.013986,0.910907,-215.335342,92.101044,97.676872
1321,11.008333,-0.007992,0.412183,0.014004,0.910958,-215.332062,92.099167,97.672714
1322,11.016667,-0.007949,0.412123,0.013821,0.910989,-215.323975,92.096428,97.668839
1323,11.025000,-0.008008,0.412151,0.013615,0.910979,-215.319366,92.098770,97.663506
1324,11.033333,-0.008087,0.412276,0.013487,0.910923,-215.318680,92.100243,97.665993
1325,11.041667,-0.007987,0.412424,0.013448,0.910858,-215.324265,92.102165,97.670937
1326,11.050000,-0.007900,0.412376,0.013692,0.910877,-215.328979,92.100998,97.672714
1327,11.058333,-0.007877,0.412300,0.013840,0.910909,-215.329651,92.098747,97.670326
1328,11.066667,-0.007765,0.412125,0.013762,0.910990,-215.324234,92.097603,97.666664
1329,11.075000,-0.008015,0.412208,0.013667,0.910952,-215.321106,92.097824,97.660515
1330,11.083333,-0.008055,0.412279,0.013395,0.910924,-215.320206,92.098442,97.662804
1331,11.091667,-0.007898,0.412441,0.013360,0.910852,-215.324921,92.099022,97.667961
1332,11.100000,-0.007830,0.412431,0.013601,0.910854,-215.330261,92.099876,97.670944
1333,11.108333,-0.007799,0.412315,0.013913,0.910902,-215.331726,92.100098,97.670883
1334,11.116667,-0.007881,0.412205,0.013836,0.910952,-215.328674,92.098976,97.669029
1335,11.125000,-0.007996,0.412211,0.013699,0.910950,-215.325928,92.097740,97.665550
1336,11.133333,-0.007957,0.412257,0.013593,0.910931,-215.325745,92.097618,97.668037
1337,11.141667,-0.007904,0.412368,0.013489,0.910883,-215.328552,92.098389,97.671440
1338,11.150000,-0.007877,0.412368,0.013653,0.910881,-215.331345,92.099335,97.674957
1339,11.158333,-0.007835,0.412285,0.013688,0.910918,-215.330963,92.098358,97.675140
1340,11.166667,-0.008038,0.412252,0.013709,0.910931,-215.328400,92.097946,97.671654
1341,11.175000,-0.008114,0.412207,0.013640,0.910952,-215.325714,92.098083,97.669083
1342,11.183333,-0.008143,0.412186,0.013713,0.910960,-215.325211,92.098930,97.669731
1343,11.191667,-0.008015,0.412266,0.013678,0.910926,-215.326111,92.098648,97.671715
1344,11.200000,-0.007993,0.412320,0.013664,0.910902,-215.328735,92.098221,97.672775
1345,11.208333,-0.008032,0.412315,0.013682,0.910903,-215.329163,92.097862,97.672195
1346,11.216667,-0.007974,0.412227,0.013669,0.910944,-215.327530,92.097549,97.668716
1347,11.225000,-0.007954,0.412185,0.013655,0.910963,-215.326096,92.096390,97.666962
1348,11.233333,-0.007972,0.412234,0.013616,0.910941,-215.326340,92.096313,97.667610
1349,11.241667,-0.007934,0.412299,0.013606,0.910912,-215.327744,92.097054,97.668800
1350,11.250000,-0.007936,0.412358,0.013644,0.910885,-215.330841,92.097496,97.672455
1351,11.258333,-0.007914,0.412299,0.013692,0.910911,-215.332657,92.097198,97.673714
1352,11.266667,-0.007917,0.412274,0.013643,0.910923,-215.331985,92.096069,97.673119
1353,11.275000,-0.008016,0.412270,0.013734,0.910923,-215.330750,92.095940,97.671120
1354,11.283333,-0.007977,0.412248,0.013806,0.910932,-215.329330,92.096397,97.671471
1355,11.291667,-0.007832,0.412280,0.013686,0.910921,-215.329193,92.097359,97.672745
1356,11.300000,-0.007926,0.412280,0.013616,0.910921,-215.330750,92.096771,97.674149
1357,11.308333,-0.007924,0.412272,0.013733,0.910923,-215.330200,92.096863,97.673683
1358,11.316667,-0.007890,0.412270,0.013771,0.910923,-215.328568,92.095413,97.672264
1359,11.325000,-0.007883,0.412237,0.013683,0.910940,-215.327118,92.095573,97.670517
1360,11.333333,-0.007914,0.412271,0.013671,0.910924,-215.326401,92.096962,97.669540
1361,11.341667,-0.007973,0.412255,0.013768,0.910930,-215.325928,92.096176,97.669044
1362,11.350000,-0.008074,0.412245,0.013724,0.910934,-215.326065,92.096352,97.669518
1363,11.358333,-0.008070,0.412232,0.013761,0.910939,-215.327576,92.096367,97.670242
1364,11.366667,-0.007946,0.412269,0.013694,0.910925,-215.328400,92.094711,97.670921
