Format Version,1.25,Take Name,Take 2025-11-27 04.47.08 PM,Take Notes,,Capture Frame Rate,120.000000,Export Frame Rate,120.000000,Capture Start Time,2025-11-27 04.47.09.124 PM,Capture Start Frame,2474040,Total Frames in Take,1390,Total Exported Frames,1390,Rotation Type,Quaternion,Length Units,Centimeters,Coordinate Space,Global

,Type,Rigid Body,Rigid Body,Rigid Body,Rigid Body,Rigid Body,Rigid Body,Rigid Body
,Name,SEE_large,SEE_large,SEE_large,SEE_large,SEE_large,SEE_large,SEE_large
,ID,B4680608301811F031C44B617C10C291,B4680608301811F031C44B617C10C291,B4680608301811F031C44B617C10C291,B4680608301811F031C44B617C10C291,B4680608301811F031C44B617C10C291,B4680608301811F031C44B617C10C291,B4680608301811F031C44B617C10C291
,Parent,,,,,,,
,,Rotation,Rotation,Rotation,Rotation,Position,Position,Position
Frame,Time (Seconds),X,Y,Z,W,X,Y,Z
0,0.000000,-0.006732,0.397189,0.009023,0.917668,-215.882278,92.239799,83.989601
1,0.008333,-0.006676,0.397221,0.009052,0.917654,-215.881805,92.238876,83.990494
2,0.016667,-0.006696,0.397189,0.009056,0.917668,-215.881165,92.238579,83.990280
3,0.025000,-0.006689,0.397314,0.009148,0.917613,-215.880722,92.239166,83.990471
4,0.033333,-0.006753,0.397247,0.009043,0.917642,-215.881042,92.239838,83.991241
5,0.041667,-0.006801,0.397214,0.008998,0.917657,-215.880463,92.240532,83.991112
6,0.050000,-0.006837,0.397168,0.009040,0.917676,-215.879700,92.240997,83.992043
7,0.058333,-0.006756,0.397221,0.008977,0.917654,-215.880844,92.240448,83.992073
8,0.066667,-0.006731,0.397275,0.008978,0.917631,-215.882492,92.239723,83.993469
9,0.075000,-0.006811,0.397243,0.009000,0.917644,-215.883224,92.240128,83.993187
10,0.083333,-0.006683,0.397289,0.008955,0.917626,-215.882904,92.239662,83.993050
11,0.091667,-0.006583,0.397268,0.008948,0.917635,-215.883820,92.239784,83.993286
12,0.100000,-0.006625,0.397319,0.008909,0.917613,-215.883774,92.239937,83.992577
13,0.108333,-0.006729,0.397395,0.008919,0.917580,-215.884476,92.238495,83.991501
14,0.116667,-0.006674,0.397396,0.008846,0.917580,-215.885208,92.237457,83.990791
15,0.125000,-0.006609,0.397345,0.008824,0.917603,-215.884949,92.237564,83.990265
16,0.133333,-0.006549,0.397317,0.008742,0.917616,-215.884781,92.236450,83.989998
17,0.141667,-0.006580,0.397366,0.008705,0.917595,-215.883881,92.236938,83.989174
18,0.150000,-0.006528,0.397370,0.008730,0.917594,-215.883163,92.236984,83.988861
19,0.158333,-0.006506,0.397389,0.008474,0.917588,-215.882874,92.236481,83.986717
20,0.166667,-0.006378,0.397476,0.008316,0.917553,-215.881531,92.236771,83.986061
21,0.175000,-0.006229,0.397545,0.008214,0.917525,-215.880402,92.235031,83.986244
22,0.183333,-0.005952,0.397557,0.008009,0.917523,-215.879013,92.233017,83.987213
23,0.191667,-0.005968,0.397424,0.007816,0.917583,-215.876556,92.234161,83.988106
24,0.200000,-0.005972,0.397420,0.007828,0.917584,-215.875076,92.232872,83.988342
25,0.208333,-0.006105,0.397295,0.007627,0.917639,-215.874527,92.232552,83.989143
26,0.216667,-0.006316,0.396887,0.007771,0.917813,-215.872223,92.236282,83.992813
27,0.225000,-0.006516,0.396731,0.007795,0.917879,-215.871078,92.240341,83.992645
28,0.233333,-0.006968,0.396572,0.007428,0.917947,-215.873383,92.249313,83.988686
29,0.241667,-0.007507,0.396397,0.006579,0.918025,-215.875366,92.258743,83.982506
30,0.250000,-0.005421,0.397612,0.009090,0.917492,-215.861389,92.225906,84.011696
31,0.258333,-0.005010,0.397808,0.009355,0.917408,-215.860168,92.220215,84.014954
32,0.266667,-0.004784,0.397803,0.009713,0.917407,-215.863770,92.215652,84.015213
33,0.275000,-0.004659,0.397751,0.010087,0.917426,-215.867783,92.211555,84.016472
34,0.283333,-0.004605,0.397787,0.010517,0.917406,-215.870316,92.207703,84.018097
35,0.291667,-0.004588,0.397838,0.010859,0.917380,-215.871902,92.205589,84.019249
36,0.300000,-0.004438,0.397827,0.011152,0.917382,-215.872055,92.203117,84.021149
37,0.308333,-0.004341,0.397860,0.011348,0.917366,-215.871521,92.200439,84.022545
38,0.316667,-0.004272,0.397913,0.011487,0.917341,-215.870743,92.199768,84.022720
39,0.325000,-0.004338,0.397917,0.011376,0.917341,-215.869995,92.200455,84.023987
40,0.333333,-0.004427,0.397899,0.011377,0.917348,-215.869171,92.200478,84.024292
41,0.341667,-0.004471,0.397910,0.011401,0.917343,-215.868454,92.200989,84.024391
42,0.350000,-0.004528,0.397926,0.011387,0.917336,-215.867905,92.201874,84.024345
43,0.358333,-0.004510,0.397864,0.011379,0.917363,-215.867325,92.201065,84.024597
44,0.366667,-0.004421,0.397911,0.011308,0.917344,-215.867950,92.202065,84.024559
45,0.375000,-0.004327,0.397948,0.011503,0.917326,-215.868347,92.200462,84.023926
46,0.383333,-0.004355,0.398075,0.011781,0.917267,-215.868118,92.198929,84.027634
47,0.391667,-0.004298,0.398193,0.012186,0.917211,-215.866898,92.194679,84.029678
48,0.400000,-0.004241,0.398237,0.012559,0.917187,-215.866928,92.191277,84.029305
49,0.408333,-0.004133,0.398301,0.012679,0.917158,-215.866669,92.189873,84.028885
50,0.416667,-0.003981,0.398560,0.013123,0.917040,-215.864182,92.185478,84.031021
51,0.425000,-0.003817,0.398665,0.013084,0.916995,-215.862778,92.186020,84.031525
52,0.433333,-0.003831,0.398677,0.013020,0.916991,-215.862946,92.185799,84.030876
53,0.441667,-0.003922,0.398683,0.012987,0.916988,-215.862869,92.184753,84.030792
54,0.450000,-0.004073,0.398705,0.012886,0.916980,-215.863068,92.183495,84.031197
55,0.458333,-0.004069,0.398688,0.012991,0.916986,-215.862961,92.184029,84.032036
56,0.466667,-0.004072,0.398634,0.012987,0.917009,-215.862411,92.185226,84.033356
57,0.475000,-0.003928,0.398653,0.013147,0.916999,-215.861160,92.185867,84.033791
58,0.483333,-0.003910,0.398629,0.013111,0.917010,-215.860626,92.186142,84.034119
59,0.491667,-0.003935,0.398600,0.013032,0.917024,-215.859528,92.185623,84.035851
60,0.500000,-0.004055,0.398597,0.013064,0.917024,-215.859558,92.186264,84.036072
61,0.508333,-0.004098,0.398598,0.013012,0.917024,-215.859131,92.184868,84.037224
62,0.516667,-0.004112,0.398635,0.013119,0.917007,-215.860199,92.186424,84.037064
63,0.525000,-0.004176,0.398589,0.013071,0.917027,-215.861221,92.186996,84.037743
64,0.533333,-0.004128,0.398596,0.013100,0.917024,-215.862015,92.186386,84.038063
65,0.541667,-0.004090,0.398581,0.013146,0.917030,-215.863037,92.186501,84.036346
66,0.550000,-0.004068,0.398582,0.013091,0.917030,-215.863800,92.186722,84.034470
67,0.558333,-0.004029,0.398609,0.013108,0.917018,-215.864609,92.186928,84.033737
68,0.566667,-0.004036,0.398643,0.013164,0.917003,-215.865112,92.187035,84.032608
69,0.575000,-0.004145,0.398622,0.013158,0.917012,-215.865402,92.186340,84.030060
70,0.583333,-0.004243,0.398615,0.013102,0.917015,-215.865112,92.186356,84.027771
71,0.591667,-0.004299,0.398641,0.013052,0.917004,-215.864899,92.184921,84.026291
72,0.600000,-0.004377,0.398676,0.013030,0.916989,-215.865921,92.185883,84.026131
73,0.608333,-0.004361,0.398678,0.013098,0.916987,-215.867096,92.185280,84.027580
74,0.616667,-0.004352,0.398643,0.013054,0.917003,-215.868195,92.185333,84.027985
75,0.625000,-0.004538,0.398658,0.013115,0.916995,-215.869446,92.185257,84.028152
76,0.633333,-0.004460,0.398645,0.013077,0.917002,-215.871460,92.185051,84.030952
77,0.641667,-0.004552,0.398649,0.013172,0.916998,-215.875031,92.186737,84.032669
78,0.650000,-0.004653,0.398629,0.013188,0.917006,-215.877884,92.187279,84.033463
79,0.658333,-0.004821,0.398632,0.013334,0.917001,-215.882233,92.188057,84.030899
80,0.666667,-0.004854,0.398690,0.013355,0.916976,-215.887527,92.188271,84.027260
81,0.675000,-0.005023,0.398659,0.013167,0.916991,-215.895081,92.188194,84.021255
82,0.683333,-0.005012,0.398750,0.013212,0.916951,-215.904449,92.186592,84.019310
83,0.691667,-0.005041,0.398732,0.013509,0.916954,-215.915939,92.186203,84.019470
84,0.700000,-0.005070,0.398688,0.013838,0.916968,-215.925934,92.185661,84.019249
85,0.708333,-0.005089,0.398600,0.014513,0.916996,-215.935547,92.185112,84.021446
86,0.716667,-0.005038,0.398518,0.014687,0.917029,-215.943604,92.185905,84.022980
87,0.725000,-0.005147,0.398528,0.014995,0.917019,-215.952560,92.186546,84.024094
88,0.733333,-0.005152,0.398562,0.015344,0.916998,-215.962128,92.187096,84.027847
89,0.741667,-0.005484,0.398168,0.015962,0.917157,-215.973282,92.190323,84.036888
90,0.750000,-0.005687,0.398018,0.016483,0.917212,-215.980988,92.191406,84.041664
91,0.758333,-0.005916,0.398003,0.016945,0.917208,-215.990356,92.192879,84.046837
92,0.766667,-0.006195,0.398035,0.017357,0.917185,-215.999725,92.191734,84.052071
93,0.775000,-0.006326,0.397982,0.017779,0.917199,-216.009705,92.191513,84.057930
94,0.783333,-0.006474,0.397912,0.018218,0.917220,-216.019684,92.189964,84.062653
95,0.791667,-0.006467,0.397997,0.018378,0.917180,-216.029282,92.188004,84.066376
96,0.800000,-0.006266,0.398015,0.018461,0.917172,-216.038757,92.186363,84.068794
97,0.808333,-0.006156,0.398039,0.018804,0.917155,-216.049927,92.184380,84.069572
98,0.816667,-0.006041,0.398128,0.018934,0.917115,-216.060898,92.181862,84.070213
99,0.825000,-0.005800,0.397831,0.019905,0.917224,-216.084335,92.175331,84.071213
100,0.833333,-0.005893,0.397800,0.020265,0.917229,-216.097214,92.176010,84.075150
101,0.841667,-0.006024,0.397876,0.020367,0.917193,-216.109131,92.178017,84.076279
102,0.850000,-0.006046,0.397932,0.020357,0.917169,-216.120331,92.179039,84.077797
103,0.858333,-0.006131,0.398116,0.020681,0.917081,-216.121674,92.179337,84.072998
104,0.866667,-0.006466,0.398333,0.020453,0.916990,-216.126205,92.184273,84.074089
105,0.875000,-0.006523,0.398399,0.020402,0.916962,-216.132950,92.185608,84.073837
106,0.883333,-0.006685,0.398440,0.020837,0.916933,-216.142532,92.186943,84.076202
107,0.891667,-0.006616,0.398474,0.021207,0.916911,-216.152527,92.187172,84.076607
108,0.900000,-0.006757,0.398485,0.021761,0.916892,-216.164368,92.187386,84.080376
109,0.908333,-0.006868,0.398549,0.021996,0.916857,-216.175247,92.186478,84.083549
110,0.916667,-0.006943,0.398730,0.022314,0.916771,-216.186310,92.185944,84.085449
111,0.925000,-0.007088,0.398797,0.022682,0.916731,-216.197021,92.185715,84.089073
112,0.933333,-0.007151,0.398833,0.022893,0.916710,-216.206497,92.184982,84.091057
113,0.941667,-0.007096,0.398878,0.022929,0.916690,-216.215302,92.184082,84.092934
114,0.950000,-0.007218,0.399022,0.023132,0.916621,-216.223724,92.183075,84.093216
115,0.958333,-0.007308,0.399015,0.023468,0.916615,-216.233032,92.184326,84.094009
116,0.966667,-0.007375,0.399093,0.023805,0.916572,-216.242355,92.185814,84.094635
117,0.975000,-0.007331,0.399137,0.024028,0.916547,-216.252945,92.186340,84.093925
118,0.983333,-0.007565,0.399177,0.024242,0.916522,-216.266891,92.186600,84.092171
119,0.991667,-0.007991,0.399160,0.024949,0.916507,-216.283340,92.185799,84.089020
120,1.000000,-0.008323,0.399065,0.025588,0.916528,-216.300079,92.187851,84.088425
121,1.008333,-0.009410,0.398746,0.027436,0.916603,-216.318863,92.196182,84.090317
122,1.016667,-0.009771,0.398425,0.028570,0.916704,-216.329697,92.200676,84.091171
123,1.025000,-0.010051,0.398248,0.029006,0.916764,-216.338318,92.204460,84.093300
124,1.033333,-0.010066,0.398192,0.029199,0.916782,-216.344971,92.205978,84.093742
125,1.041667,-0.009954,0.398238,0.029162,0.916764,-216.349655,92.205826,84.093994
126,1.050000,-0.009761,0.398359,0.028970,0.916720,-216.352600,92.204544,84.093163
127,1.058333,-0.009735,0.398473,0.028743,0.916678,-216.357254,92.204643,84.093719
128,1.066667,-0.009794,0.398514,0.028587,0.916664,-216.363831,92.205276,84.094833
129,1.075000,-0.009695,0.398551,0.028581,0.916650,-216.372269,92.206238,84.098175
130,1.083333,-0.009700,0.398510,0.028741,0.916662,-216.381714,92.206642,84.100197
131,1.091667,-0.009770,0.398389,0.028906,0.916709,-216.388458,92.206032,84.100830
132,1.100000,-0.009883,0.398301,0.029134,0.916739,-216.392136,92.206169,84.101593
133,1.108333,-0.009725,0.398387,0.029259,0.916699,-216.389343,92.204903,84.101959
134,1.116667,-0.009625,0.398508,0.029185,0.916650,-216.382004,92.203323,84.102112
135,1.125000,-0.009619,0.398672,0.028957,0.916586,-216.376038,92.206024,84.100357
136,1.133333,-0.009654,0.398754,0.028797,0.916555,-216.372940,92.207733,84.099586
137,1.141667,-0.009688,0.398677,0.028679,0.916592,-216.373444,92.208328,84.097336
138,1.150000,-0.009706,0.398659,0.028745,0.916597,-216.376450,92.208237,84.096130
139,1.158333,-0.009857,0.398648,0.028997,0.916593,-216.382004,92.209099,84.094032
140,1.166667,-0.009869,0.398600,0.029219,0.916606,-216.382889,92.206070,84.093033
141,1.175000,-0.009877,0.398612,0.029274,0.916599,-216.381577,92.205276,84.092789
142,1.183333,-0.009904,0.398591,0.029209,0.916610,-216.377609,92.205116,84.092239
143,1.191667,-0.009963,0.398696,0.029114,0.916567,-216.374344,92.205978,84.092621
144,1.200000,-0.009845,0.398752,0.028976,0.916548,-216.371674,92.206619,84.092590
145,1.208333,-0.009834,0.398870,0.028969,0.916497,-216.370560,92.208221,84.094528
146,1.216667,-0.009928,0.398897,0.028997,0.916483,-216.372650,92.208481,84.096176
147,1.225000,-0.009916,0.398916,0.028963,0.916476,-216.376419,92.207611,84.099869
148,1.233333,-0.009949,0.398922,0.029126,0.916468,-216.380219,92.206810,84.101089
149,1.241667,-0.009927,0.398942,0.029089,0.916461,-216.384048,92.206779,84.102722
150,1.250000,-0.009691,0.398981,0.029115,0.916446,-216.386337,92.205406,84.103516
151,1.258333,-0.009676,0.398941,0.029094,0.916464,-216.387466,92.205009,84.102913
152,1.266667,-0.009657,0.398950,0.029044,0.916462,-216.387177,92.204384,84.102783
153,1.275000,-0.009715,0.398977,0.029113,0.916447,-216.387009,92.205467,84.101723
154,1.283333,-0.009779,0.399013,0.029203,0.916428,-216.387344,92.207512,84.100700
155,1.291667,-0.009771,0.398975,0.029255,0.916443,-216.387009,92.207939,84.099136
156,1.300000,-0.009893,0.398970,0.029272,0.916443,-216.386658,92.207878,84.098076
157,1.308333,-0.009975,0.398923,0.029262,0.916463,-216.387054,92.207291,84.096306
158,1.316667,-0.010098,0.398933,0.029202,0.916460,-216.389923,92.208267,84.095802
159,1.325000,-0.010027,0.398898,0.029320,0.916472,-216.393311,92.208191,84.094688
160,1.333333,-0.009975,0.398895,0.029332,0.916473,-216.396332,92.208115,84.094131
161,1.341667,-0.010052,0.398865,0.029273,0.916487,-216.397888,92.207886,84.093658
162,1.350000,-0.010029,0.398920,0.029431,0.916459,-216.396591,92.206070,84.095291
163,1.358333,-0.010067,0.398955,0.029460,0.916442,-216.393539,92.205910,84.096970
164,1.366667,-0.010095,0.399035,0.029343,0.916410,-216.391205,92.207130,84.098907
165,1.375000,-0.010120,0.399044,0.029290,0.916408,-216.391998,92.209366,84.100929
166,1.383333,-0.010161,0.399094,0.029235,0.916388,-216.393234,92.207825,84.102646
167,1.391667,-0.010346,0.399121,0.029260,0.916373,-216.395142,92.207489,84.102890
168,1.400000,-0.010226,0.399090,0.029178,0.916390,-216.397003,92.206871,84.103722
169,1.408333,-0.010062,0.399110,0.029250,0.916381,-216.398697,92.207893,84.104149
170,1.416667,-0.010265,0.399170,0.029199,0.916354,-216.400940,92.206741,84.104767
171,1.425000,-0.010190,0.399099,0.029295,0.916383,-216.401535,92.207268,84.101982
172,1.433333,-0.010099,0.399049,0.029396,0.916402,-216.402008,92.207718,84.101616
173,1.441667,-0.010111,0.399027,0.029463,0.916410,-216.402191,92.209106,84.100273
174,1.450000,-0.010087,0.399048,0.029394,0.916403,-216.402100,92.208656,84.099121
175,1.458333,-0.010131,0.399032,0.029388,0.916410,-216.402100,92.208267,84.097687
176,1.466667,-0.010169,0.399047,0.029347,0.916404,-216.401672,92.208466,84.096481
177,1.475000,-0.010140,0.399049,0.029363,0.916403,-216.401321,92.208649,84.095467
178,1.483333,-0.010114,0.399091,0.029388,0.916384,-216.401962,92.208298,84.095589
179,1.491667,-0.010020,0.399085,0.029290,0.916391,-216.402481,92.208885,84.095856
180,1.500000,-0.009963,0.399110,0.029356,0.916379,-216.402313,92.208801,84.096565
181,1.508333,-0.010023,0.399106,0.029458,0.916377,-216.401672,92.208870,84.097031
182,1.516667,-0.010050,0.399142,0.029526,0.916359,-216.401154,92.209152,84.098923
183,1.525000,-0.010173,0.399090,0.029458,0.916382,-216.400833,92.209114,84.101265
184,1.533333,-0.010193,0.399095,0.029466,0.916379,-216.400696,92.209618,84.102753
185,1.541667,-0.010167,0.399103,0.029400,0.916378,-216.400665,92.209007,84.103447
186,1.550000,-0.010064,0.399145,0.029355,0.916362,-216.401627,92.208313,84.104088
187,1.558333,-0.010002,0.399205,0.029356,0.916337,-216.401840,92.208519,84.104195
188,1.566667,-0.010035,0.399203,0.029291,0.916340,-216.402252,92.208954,84.103432
189,1.575000,-0.010079,0.399144,0.029256,0.916366,-216.404083,92.208176,84.102478
190,1.583333,-0.010081,0.399148,0.029313,0.916362,-216.406219,92.207108,84.101723
191,1.591667,-0.010068,0.399128,0.029294,0.916372,-216.407684,92.206779,84.100067
192,1.600000,-0.009969,0.399097,0.029249,0.916388,-216.407944,92.206741,84.098152
193,1.608333,-0.009883,0.399113,0.029333,0.916379,-216.408295,92.207787,84.096504
194,1.616667,-0.009915,0.399137,0.029386,0.916367,-216.407394,92.207550,84.096382
195,1.625000,-0.010065,0.399100,0.029265,0.916385,-216.404984,92.207954,84.095749
196,1.633333,-0.010148,0.399102,0.029217,0.916385,-216.402939,92.208244,84.095383
197,1.641667,-0.010181,0.399091,0.029256,0.916388,-216.400620,92.207489,84.095345
198,1.650000,-0.010308,0.399139,0.029337,0.916363,-216.400833,92.208359,84.096260
199,1.658333,-0.010240,0.399129,0.029254,0.916371,-216.400574,92.207458,84.098366
200,1.666667,-0.010220,0.399140,0.029275,0.916366,-216.400620,92.206345,84.099289
201,1.675000,-0.010147,0.399133,0.029175,0.916373,-216.401505,92.206558,84.099976
202,1.683333,-0.009937,0.399155,0.029250,0.916363,-216.402466,92.206703,84.101944
203,1.691667,-0.009958,0.399164,0.029266,0.916358,-216.402863,92.208252,84.102554
204,1.700000,-0.009960,0.399160,0.029316,0.916358,-216.402512,92.208298,84.103607
205,1.708333,-0.009984,0.399168,0.029404,0.916352,-216.402527,92.208549,84.104630
206,1.716667,-0.010018,0.399147,0.029376,0.916361,-216.403366,92.208908,84.104691
207,1.725000,-0.010030,0.399134,0.029270,0.916370,-216.403656,92.208511,84.103699
208,1.733333,-0.010046,0.399170,0.029352,0.916352,-216.404388,92.208054,84.101151
209,1.741667,-0.010012,0.399109,0.029166,0.916385,-216.406128,92.208000,84.101257
210,1.750000,-0.009995,0.399140,0.029163,0.916372,-216.407425,92.206650,84.099205
211,1.758333,-0.009921,0.399113,0.029203,0.916383,-216.408249,92.206917,84.097351
212,1.766667,-0.009872,0.399122,0.029312,0.916376,-216.407745,92.207130,84.096184
213,1.775000,-0.009953,0.399117,0.029265,0.916379,-216.406769,92.207375,84.095673
214,1.783333,-0.009932,0.399080,0.029198,0.916398,-216.404816,92.207458,84.096443
215,1.791667,-0.009980,0.399102,0.029275,0.916385,-216.402985,92.207230,84.096085
216,1.800000,-0.010046,0.399134,0.029311,0.916369,-216.401199,92.207535,84.096519
217,1.808333,-0.010010,0.399147,0.029206,0.916367,-216.399338,92.208015,84.097572
218,1.816667,-0.010089,0.399182,0.029234,0.916350,-216.399719,92.209503,84.099068
219,1.825000,-0.010090,0.399167,0.029369,0.916352,-216.400024,92.209206,84.100502
220,1.833333,-0.010186,0.399153,0.029336,0.916358,-216.401413,92.209106,84.102852
221,1.841667,-0.010159,0.399131,0.029356,0.916368,-216.402740,92.208084,84.103333
222,1.850000,-0.010103,0.399114,0.029301,0.916377,-216.404083,92.208252,84.103951
223,1.858333,-0.010148,0.399168,0.029243,0.916355,-216.404648,92.206398,84.103516
224,1.866667,-0.010160,0.399187,0.029296,0.916345,-216.405304,92.206726,84.102669
225,1.875000,-0.009927,0.399145,0.029116,0.916372,-216.405243,92.205528,84.103096
226,1.883333,-0.009971,0.399175,0.029150,0.916357,-216.406387,92.206879,84.101501
227,1.891667,-0.009979,0.399192,0.029222,0.916347,-216.406433,92.207481,84.100266
228,1.900000,-0.010052,0.399165,0.029300,0.916356,-216.406128,92.207565,84.099625
229,1.908333,-0.010067,0.399159,0.029344,0.916357,-216.405579,92.207863,84.097900
230,1.916667,-0.010067,0.399141,0.029239,0.916368,-216.405823,92.207642,84.097313
231,1.925000,-0.010109,0.399152,0.029283,0.916361,-216.405838,92.207047,84.096329
232,1.933333,-0.010080,0.399116,0.029256,0.916378,-216.405151,92.207184,84.096359
233,1.941667,-0.009976,0.399130,0.029280,0.916372,-216.403778,92.206528,84.096489
234,1.950000,-0.009963,0.399168,0.029313,0.916355,-216.403442,92.207268,84.097252
235,1.958333,-0.009997,0.399139,0.029262,0.916369,-216.402130,92.207932,84.097397
236,1.966667,-0.010010,0.399162,0.029333,0.916357,-216.400726,92.206940,84.099136
237,1.975000,-0.010076,0.399174,0.029337,0.916350,-216.399796,92.208046,84.100304
238,1.983333,-0.010199,0.399158,0.029349,0.916356,-216.399933,92.208504,84.101509
239,1.991667,-0.010543,0.399228,0.029325,0.916322,-216.401169,92.207047,84.104271
240,2.000000,-0.010761,0.399215,0.029312,0.916326,-216.401810,92.205933,84.105095
241,2.008333,-0.010535,0.399087,0.029339,0.916383,-216.403061,92.206963,84.104279
242,2.016667,-0.010199,0.399070,0.029327,0.916395,-216.404587,92.207649,84.103775
243,2.025000,-0.009962,0.399207,0.029291,0.916339,-216.406326,92.207436,84.102478
244,2.033333,-0.010359,0.399289,0.029283,0.916299,-216.408585,92.205223,84.102219
245,2.041667,-0.010191,0.399120,0.029189,0.916377,-216.407272,92.205780,84.100449
246,2.050000,-0.010102,0.399098,0.029215,0.916387,-216.406830,92.206177,84.099403
247,2.058333,-0.010083,0.399133,0.029247,0.916371,-216.406555,92.207161,84.098000
248,2.066667,-0.010023,0.399103,0.029206,0.916386,-216.405823,92.207596,84.098396
249,2.075000,-0.010103,0.399142,0.029315,0.916365,-216.404800,92.207092,84.096870
250,2.083333,-0.010014,0.399167,0.029264,0.916357,-216.403671,92.207756,84.096024
251,2.091667,-0.010022,0.399158,0.029258,0.916360,-216.403275,92.207924,84.096230
252,2.100000,-0.009991,0.399160,0.029316,0.916358,-216.402908,92.207825,84.097137
253,2.108333,-0.010165,0.399160,0.029389,0.916354,-216.402359,92.207893,84.098793
254,2.116667,-0.010159,0.399179,0.029284,0.916349,-216.400879,92.208328,84.099701
255,2.125000,-0.010147,0.399153,0.029244,0.916362,-216.400116,92.207962,84.099869
256,2.133333,-0.010196,0.399139,0.029332,0.916365,-216.400024,92.208572,84.101608
257,2.141667,-0.010176,0.399146,0.029241,0.916364,-216.400391,92.208794,84.102531
258,2.150000,-0.010265,0.399181,0.029369,0.916344,-216.400360,92.208519,84.102859
259,2.158333,-0.010255,0.399178,0.029425,0.916344,-216.401047,92.209053,84.103828
260,2.166667,-0.010139,0.399190,0.029368,0.916342,-216.402435,92.208519,84.103859
261,2.175000,-0.010082,0.399184,0.029303,0.916347,-216.404861,92.207855,84.102890
262,2.183333,-0.009990,0.399175,0.029361,0.916350,-216.407150,92.208305,84.102264
263,2.191667,-0.009870,0.399161,0.029332,0.916359,-216.408035,92.208260,84.100632
264,2.200000,-0.009918,0.399168,0.029464,0.916351,-216.407516,92.207451,84.099640
265,2.208333,-0.010081,0.399167,0.029418,0.916351,-216.406281,92.208359,84.099342
266,2.216667,-0.010439,0.399180,0.029352,0.916343,-216.404434,92.205940,84.098938
267,2.225000,-0.010502,0.399125,0.029280,0.916369,-216.403275,92.206779,84.097221
268,2.233333,-0.010390,0.399108,0.029317,0.916376,-216.401962,92.206123,84.096611
269,2.241667,-0.010377,0.399161,0.029302,0.916354,-216.401550,92.207428,84.096466
270,2.250000,-0.010188,0.399160,0.029347,0.916355,-216.401291,92.207443,84.097656
271,2.258333,-0.010103,0.399207,0.029319,0.916336,-216.400818,92.207779,84.098419
272,2.266667,-0.010117,0.399202,0.029346,0.916337,-216.401367,92.207581,84.099274
273,2.275000,-0.010080,0.399213,0.029290,0.916335,-216.401169,92.207268,84.099869
274,2.283333,-0.010001,0.399238,0.029315,0.916324,-216.401703,92.208054,84.101311
275,2.291667,-0.010103,0.399230,0.029316,0.916326,-216.402023,92.207817,84.102455
276,2.300000,-0.010178,0.399211,0.029259,0.916336,-216.402481,92.207626,84.102669
277,2.308333,-0.010567,0.399219,0.029226,0.916329,-216.403290,92.206093,84.103889
278,2.316667,-0.010822,0.399205,0.029352,0.916328,-216.403885,92.205505,84.104294
279,2.325000,-0.010887,0.399178,0.029318,0.916340,-216.404221,92.205620,84.104042
280,2.333333,-0.010446,0.399103,0.029242,0.916380,-216.404800,92.206245,84.102371
281,2.341667,-0.010164,0.399150,0.029301,0.916361,-216.405792,92.207039,84.100471
282,2.350000,-0.010063,0.399182,0.029330,0.916347,-216.406799,92.207985,84.099739
283,2.358333,-0.009974,0.399181,0.029403,0.916346,-216.407181,92.208160,84.099670
284,2.366667,-0.009902,0.399159,0.029342,0.916359,-216.406006,92.207237,84.098274
285,2.375000,-0.010003,0.399159,0.029291,0.916359,-216.404968,92.207115,84.096390
286,2.383333,-0.009998,0.399169,0.029201,0.916358,-216.403839,92.206940,84.096458
287,2.391667,-0.010128,0.399175,0.029258,0.916352,-216.402313,92.207253,84.095833
288,2.400000,-0.010125,0.399192,0.029316,0.916343,-216.400528,92.207054,84.096481
289,2.408333,-0.010227,0.399205,0.029268,0.916337,-216.400391,92.207954,84.097679
290,2.416667,-0.010259,0.399163,0.029339,0.916353,-216.399551,92.207741,84.098907
291,2.425000,-0.010116,0.399179,0.029493,0.916342,-216.400116,92.208740,84.100365
292,2.433333,-0.009991,0.399226,0.029448,0.916325,-216.400940,92.209396,84.101562
293,2.441667,-0.010088,0.399187,0.029422,0.916342,-216.402344,92.209648,84.102325
294,2.450000,-0.010413,0.399244,0.029339,0.916316,-216.403671,92.206093,84.103897
295,2.458333,-0.010323,0.399198,0.029148,0.916343,-216.403992,92.205963,84.103088
296,2.466667,-0.010302,0.399168,0.029214,0.916354,-216.404938,92.206703,84.102455
297,2.475000,-0.010505,0.399221,0.029161,0.916331,-216.405792,92.205002,84.103081
298,2.483333,-0.010724,0.399248,0.029133,0.916317,-216.406158,92.203888,84.103050
299,2.491667,-0.010434,0.399173,0.029134,0.916353,-216.405533,92.204933,84.100983
300,2.500000,-0.010045,0.399181,0.029242,0.916351,-216.405792,92.207253,84.099129
301,2.508333,-0.009839,0.399209,0.029295,0.916339,-216.405487,92.207703,84.098572
302,2.516667,-0.009908,0.399174,0.029398,0.916350,-216.405350,92.208221,84.097954
303,2.525000,-0.009959,0.399158,0.029400,0.916357,-216.404510,92.208168,84.098137
304,2.533333,-0.010029,0.399121,0.029211,0.916378,-216.403488,92.207977,84.098076
305,2.541667,-0.010073,0.399149,0.029258,0.916364,-216.402008,92.207184,84.097443
306,2.550000,-0.010223,0.399203,0.029374,0.916335,-216.400696,92.207626,84.097794
307,2.558333,-0.010254,0.399167,0.029383,0.916350,-216.398758,92.208031,84.097664
308,2.566667,-0.010228,0.399187,0.029361,0.916342,-216.398575,92.207817,84.099579
309,2.575000,-0.010164,0.399218,0.029364,0.916330,-216.399139,92.208725,84.100029
310,2.583333,-0.010229,0.399183,0.029369,0.916344,-216.400269,92.208740,84.101273
311,2.591667,-0.010145,0.399178,0.029439,0.916345,-216.401123,92.209465,84.102470
312,2.600000,-0.010164,0.399155,0.029442,0.916354,-216.403030,92.210098,84.103104
313,2.608333,-0.010112,0.399149,0.029379,0.916360,-216.403580,92.209045,84.103073
314,2.616667,-0.010058,0.399207,0.029380,0.916335,-216.404861,92.208267,84.102432
315,2.625000,-0.009974,0.399165,0.029307,0.916356,-216.405457,92.207649,84.102882
316,2.633333,-0.010047,0.399170,0.029200,0.916357,-216.406418,92.207306,84.102180
317,2.641667,-0.010144,0.399202,0.029360,0.916337,-216.406708,92.208061,84.100113
318,2.650000,-0.010148,0.399170,0.029478,0.916347,-216.405869,92.207970,84.100327
319,2.658333,-0.010060,0.399113,0.029390,0.916375,-216.404602,92.208435,84.099182
320,2.666667,-0.010117,0.399113,0.029367,0.916375,-216.404434,92.208168,84.098503
321,2.675000,-0.010242,0.399112,0.029290,0.916377,-216.404388,92.208542,84.098671
322,2.683333,-0.010255,0.399130,0.029354,0.916367,-216.403442,92.207893,84.097916
323,2.691667,-0.010269,0.399134,0.029359,0.916365,-216.402557,92.207657,84.097832
324,2.700000,-0.010550,0.399216,0.029324,0.916327,-216.401703,92.205879,84.098846
325,2.708333,-0.010352,0.399203,0.029347,0.916334,-216.400742,92.207390,84.097794
326,2.716667,-0.010163,0.399176,0.029401,0.916346,-216.399979,92.208366,84.098854
327,2.725000,-0.010150,0.399179,0.029439,0.916344,-216.400055,92.209061,84.100243
328,2.733333,-0.010154,0.399163,0.029449,0.916351,-216.399796,92.209274,84.101059
329,2.741667,-0.010091,0.399173,0.029461,0.916346,-216.400009,92.208923,84.101799
330,2.750000,-0.010116,0.399172,0.029441,0.916347,-216.401382,92.209419,84.102837
331,2.758333,-0.010063,0.399197,0.029387,0.916339,-216.403061,92.209221,84.103058
332,2.766667,-0.010083,0.399205,0.029419,0.916334,-216.404633,92.208115,84.102684
333,2.775000,-0.010477,0.399254,0.029283,0.916313,-216.406281,92.206558,84.103210
334,2.783333,-0.010466,0.399163,0.029404,0.916349,-216.406464,92.206497,84.101883
335,2.791667,-0.010650,0.399187,0.029297,0.916339,-216.406967,92.206238,84.101860
336,2.800000,-0.010252,0.399129,0.029268,0.916370,-216.405869,92.206764,84.100220
337,2.808333,-0.010078,0.399145,0.029351,0.916363,-216.405869,92.208496,84.099022
338,2.816667,-0.009990,0.399182,0.029308,0.916349,-216.404861,92.208771,84.098465
339,2.825000,-0.010062,0.399213,0.029271,0.916336,-216.403793,92.209206,84.097878
340,2.833333,-0.010080,0.399201,0.029384,0.916337,-216.402695,92.208641,84.097824
341,2.841667,-0.010064,0.399188,0.029335,0.916344,-216.401703,92.208633,84.097633
342,2.850000,-0.010090,0.399176,0.029276,0.916351,-216.401169,92.208473,84.098007
343,2.858333,-0.010131,0.399209,0.029356,0.916334,-216.400864,92.208488,84.098228
344,2.866667,-0.010218,0.399192,0.029411,0.916338,-216.401047,92.208878,84.098747
345,2.875000,-0.010569,0.399214,0.029441,0.916324,-216.401382,92.207909,84.100571
346,2.883333,-0.010403,0.399138,0.029344,0.916362,-216.400772,92.208679,84.100983
347,2.891667,-0.010270,0.399168,0.029440,0.916348,-216.401199,92.209503,84.100739
348,2.900000,-0.010277,0.399229,0.029554,0.916317,-216.401932,92.209801,84.101974
349,2.908333,-0.010194,0.399156,0.029528,0.916351,-216.402435,92.210266,84.102844
350,2.916667,-0.010164,0.399157,0.029426,0.916354,-216.403870,92.209923,84.103333
351,2.925000,-0.010140,0.399187,0.029532,0.916338,-216.405060,92.209724,84.102890
352,2.933333,-0.010519,0.399220,0.029295,0.916327,-216.406464,92.207352,84.103195
353,2.941667,-0.010349,0.399130,0.029331,0.916367,-216.406174,92.206612,84.101723
354,2.950000,-0.010162,0.399152,0.029325,0.916360,-216.406204,92.206924,84.099785
355,2.958333,-0.010123,0.399177,0.029302,0.916350,-216.405899,92.207443,84.098373
356,2.966667,-0.010413,0.399244,0.029250,0.916319,-216.405197,92.206169,84.099937
357,2.975000,-0.010328,0.399209,0.029296,0.916334,-216.403748,92.207497,84.097519
358,2.983333,-0.010157,0.399199,0.029249,0.916341,-216.402313,92.207733,84.097847
359,2.991667,-0.010209,0.399194,0.029331,0.916341,-216.401886,92.208290,84.097084
360,3.000000,-0.010240,0.399204,0.029302,0.916336,-216.400452,92.208275,84.098122
361,3.008333,-0.010214,0.399179,0.029492,0.916342,-216.399902,92.209068,84.098824
362,3.016667,-0.010240,0.399178,0.029480,0.916342,-216.398972,92.209831,84.099991
363,3.025000,-0.010031,0.399245,0.029330,0.916320,-216.398285,92.208832,84.100906
364,3.033333,-0.009837,0.399266,0.029211,0.916317,-216.398041,92.208504,84.102074
365,3.041667,-0.009765,0.399296,0.029155,0.916306,-216.397690,92.208656,84.102676
366,3.050000,-0.009922,0.399338,0.029210,0.916285,-216.397308,92.208656,84.102112
367,3.058333,-0.009946,0.399309,0.029241,0.916296,-216.395737,92.207893,84.102058
368,3.066667,-0.009973,0.399268,0.029211,0.916315,-216.394348,92.207268,84.103447
369,3.075000,-0.009805,0.399309,0.029087,0.916302,-216.392273,92.206940,84.106194
370,3.083333,-0.009654,0.399406,0.029040,0.916263,-216.390472,92.206123,84.110435
371,3.091667,-0.009750,0.399559,0.028807,0.916203,-216.388870,92.203880,84.118065
372,3.100000,-0.009700,0.399643,0.028622,0.916173,-216.387100,92.202690,84.126205
373,3.108333,-0.009432,0.399695,0.028513,0.916156,-216.385574,92.203308,84.135681
374,3.116667,-0.008977,0.399756,0.028442,0.916136,-216.383362,92.201553,84.147209
375,3.125000,-0.008621,0.399771,0.028342,0.916136,-216.381927,92.200150,84.159775
376,3.133333,-0.008161,0.399824,0.028500,0.916112,-216.379074,92.199532,84.176056
377,3.141667,-0.007647,0.399779,0.028802,0.916127,-216.374039,92.198631,84.194199
378,3.150000,-0.006752,0.399741,0.029103,0.916141,-216.365891,92.196579,84.216095
379,3.158333,-0.006189,0.399742,0.029487,0.916133,-216.356445,92.198486,84.242256
380,3.166667,-0.004663,0.399521,0.028563,0.916267,-216.343613,92.192085,84.270859
381,3.175000,-0.003234,0.399625,0.027496,0.916261,-216.331070,92.187431,84.292976
382,3.183333,-0.001658,0.399726,0.026954,0.916237,-216.310791,92.182632,84.322540
383,3.191667,-0.000237,0.399910,0.026614,0.916168,-216.283508,92.180122,84.352112
384,3.200000,0.000683,0.399991,0.026368,0.916140,-216.256378,92.181244,84.373871
385,3.208333,0.001778,0.399887,0.026480,0.916180,-216.241425,92.176453,84.395012
386,3.216667,0.002363,0.399997,0.026161,0.916140,-216.222305,92.179192,84.412003
387,3.225000,0.002583,0.400184,0.026166,0.916058,-216.196411,92.181717,84.422440
388,3.233333,0.002622,0.400299,0.025888,0.916015,-216.182022,92.189758,84.430000
389,3.241667,0.002638,0.400340,0.025341,0.916012,-216.178299,92.195381,84.433830
390,3.250000,0.002621,0.400433,0.025390,0.915971,-216.182251,92.194298,84.435211
391,3.258333,0.002583,0.400463,0.025564,0.915953,-216.188217,92.191780,84.435600
392,3.266667,0.002671,0.400412,0.025991,0.915962,-216.194366,92.187477,84.434639
393,3.275000,0.002906,0.400329,0.026390,0.915987,-216.198425,92.183990,84.435776
394,3.283333,0.003244,0.400258,0.026664,0.916009,-216.199371,92.182755,84.439972
395,3.291667,0.003407,0.400156,0.026791,0.916049,-216.198730,92.184395,84.447845
396,3.300000,0.003457,0.400069,0.027035,0.916080,-216.198257,92.185890,84.458641
397,3.308333,0.003737,0.400018,0.027258,0.916094,-216.198547,92.188164,84.470604
398,3.316667,0.004067,0.400038,0.027411,0.916080,-216.198944,92.191292,84.485374
399,3.325000,0.004476,0.400037,0.027671,0.916070,-216.199188,92.193314,84.497368
400,3.333333,0.004610,0.400059,0.027608,0.916062,-216.200073,92.194183,84.505463
401,3.341667,0.004193,0.399742,0.028082,0.916188,-216.204315,92.197983,84.515793
402,3.350000,0.003817,0.399562,0.028328,0.916261,-216.206879,92.199631,84.520004
403,3.358333,0.003709,0.399678,0.028489,0.916205,-216.210098,92.200623,84.514648
404,3.366667,0.003496,0.399597,0.028755,0.916233,-216.218140,92.201637,84.506325
405,3.375000,0.003377,0.399451,0.029105,0.916286,-216.238586,92.196381,84.488235
406,3.383333,0.002870,0.399544,0.028424,0.916269,-216.256195,92.195816,84.460968
407,3.391667,0.002143,0.399629,0.027964,0.916248,-216.266006,92.192108,84.420418
408,3.400000,0.001322,0.399936,0.026885,0.916148,-216.277832,92.191139,84.384705
409,3.408333,0.000388,0.400131,0.026593,0.916072,-216.289093,92.190956,84.362717
410,3.416667,0.000013,0.400126,0.026993,0.916063,-216.298676,92.191017,84.359154
411,3.425000,0.000693,0.399955,0.027471,0.916123,-216.306122,92.196327,84.382957
412,3.433333,0.001762,0.399493,0.028604,0.916288,-216.310745,92.220009,84.422073
413,3.441667,0.002505,0.399511,0.029618,0.916246,-216.307419,92.261978,84.450066
414,3.450000,0.002393,0.399507,0.029494,0.916252,-216.297272,92.313461,84.461105
415,3.458333,0.002261,0.399418,0.030807,0.916248,-216.288177,92.383530,84.467232
416,3.466667,0.001700,0.399175,0.030642,0.916361,-216.279694,92.453400,84.479080
417,3.475000,0.001100,0.399075,0.030227,0.916419,-216.278168,92.511711,84.495293
418,3.483333,0.000623,0.398993,0.029840,0.916468,-216.279953,92.562401,84.507820
419,3.491667,0.000760,0.398918,0.029512,0.916511,-216.280945,92.612389,84.521980
420,3.500000,0.001568,0.398841,0.028998,0.916560,-216.279022,92.661491,84.534775
421,3.508333,0.002621,0.399003,0.028460,0.916504,-216.278168,92.710724,84.541168
422,3.516667,0.002994,0.399373,0.027957,0.916358,-216.280289,92.763260,84.546745
423,3.525000,0.002547,0.399607,0.027941,0.916257,-216.279770,92.811935,84.554741
424,3.533333,0.001607,0.399638,0.028483,0.916229,-216.276764,92.862762,84.564964
425,3.541667,0.000508,0.399474,0.028453,0.916303,-216.274048,92.917152,84.571609
426,3.550000,-0.000166,0.399325,0.028091,0.916379,-216.269821,92.969078,84.575722
427,3.558333,0.000011,0.399169,0.029777,0.916394,-216.267273,93.039017,84.578773
428,3.566667,-0.001163,0.399231,0.029330,0.916380,-216.263672,93.102432,84.586761
429,3.575000,-0.001971,0.399277,0.028058,0.916399,-216.260818,93.168167,84.586678
430,3.583333,-0.001960,0.399635,0.027129,0.916271,-216.260284,93.232109,84.585114
431,3.591667,-0.001300,0.400249,0.026408,0.916025,-216.261749,93.295761,84.586983
432,3.600000,-0.000820,0.400508,0.026105,0.915921,-216.263245,93.354080,84.585281
433,3.608333,-0.001316,0.400539,0.026171,0.915905,-216.264633,93.414764,84.582672
434,3.616667,-0.002089,0.400540,0.026009,0.915908,-216.262680,93.470612,84.584602
435,3.625000,-0.002338,0.400432,0.026156,0.915950,-216.256958,93.517776,84.589699
436,3.633333,-0.003394,0.400273,0.027181,0.915987,-216.256470,93.576668,84.594116
437,3.641667,-0.003953,0.399966,0.027490,0.916109,-216.252090,93.629166,84.599152
438,3.650000,-0.004272,0.399765,0.027316,0.916201,-216.248505,93.678200,84.604630
439,3.658333,-0.003892,0.399794,0.026832,0.916204,-216.247894,93.723038,84.610573
440,3.666667,-0.003665,0.400092,0.026169,0.916094,-216.248627,93.768173,84.617821
441,3.675000,-0.003840,0.400442,0.025747,0.915952,-216.250748,93.816498,84.623489
442,3.683333,-0.003760,0.400548,0.025548,0.915912,-216.252853,93.864067,84.622040
443,3.691667,-0.003736,0.400484,0.025039,0.915954,-216.253998,93.916595,84.620689
444,3.700000,-0.004233,0.400263,0.024408,0.916066,-216.252930,93.978760,84.621048
445,3.708333,-0.004779,0.400064,0.023913,0.916163,-216.250916,94.040062,84.620140
446,3.716667,-0.006023,0.399940,0.024632,0.916191,-216.249878,94.108749,84.619728
447,3.725000,-0.007108,0.399800,0.024888,0.916237,-216.245026,94.171684,84.618889
448,3.733333,-0.007645,0.399846,0.025477,0.916196,-216.237549,94.224670,84.611885
449,3.741667,-0.008180,0.400089,0.025392,0.916088,-216.233353,94.272285,84.605370
450,3.750000,-0.008950,0.400322,0.024637,0.916000,-216.233017,94.320473,84.597549
451,3.758333,-0.010061,0.400467,0.023406,0.915957,-216.234406,94.376328,84.590141
452,3.766667,-0.010706,0.400390,0.023351,0.915985,-216.242737,94.424942,84.584793
453,3.775000,-0.011171,0.400651,0.022213,0.915893,-216.233307,94.479057,84.574905
454,3.783333,-0.011639,0.400919,0.021665,0.915784,-216.225174,94.534927,84.570862
455,3.791667,-0.011715,0.400884,0.021488,0.915802,-216.220688,94.589302,84.569366
456,3.800000,-0.012327,0.400790,0.022826,0.915803,-216.220352,94.645088,84.569183
457,3.808333,-0.012271,0.400561,0.023960,0.915875,-216.218658,94.693192,84.571526
458,3.816667,-0.012310,0.400406,0.024360,0.915931,-216.219421,94.732323,84.572037
459,3.825000,-0.012181,0.400417,0.023944,0.915939,-216.220901,94.772583,84.567192
460,3.833333,-0.012422,0.400596,0.023058,0.915880,-216.221878,94.808807,84.558754
461,3.841667,-0.012805,0.400833,0.021974,0.915798,-216.220718,94.843285,84.548775
462,3.850000,-0.013598,0.400552,0.021862,0.915912,-216.228531,94.876259,84.541130
463,3.858333,-0.014779,0.400641,0.021108,0.915873,-216.218872,94.920326,84.532890
464,3.866667,-0.015828,0.400842,0.020371,0.915784,-216.209290,94.962807,84.524498
465,3.875000,-0.016384,0.400986,0.020474,0.915709,-216.201965,95.000305,84.520332
466,3.883333,-0.016642,0.401096,0.021100,0.915642,-216.195816,95.035980,84.516975
467,3.891667,-0.016850,0.401027,0.021318,0.915663,-216.192932,95.068489,84.510757
468,3.900000,-0.017235,0.401033,0.021070,0.915659,-216.190521,95.099625,84.505638
469,3.908333,-0.018535,0.401175,0.021847,0.915553,-216.189285,95.140648,84.503387
470,3.916667,-0.019152,0.401125,0.021790,0.915564,-216.182846,95.174049,84.505028
471,3.925000,-0.019491,0.401108,0.021975,0.915560,-216.176682,95.204506,84.504936
472,3.933333,-0.019488,0.401160,0.022209,0.915531,-216.171341,95.232323,84.506210
473,3.941667,-0.019341,0.401265,0.022203,0.915488,-216.165710,95.256378,84.509995
474,3.950000,-0.019252,0.401358,0.021965,0.915456,-216.160233,95.273911,84.512619
475,3.958333,-0.019141,0.401161,0.022498,0.915531,-216.169922,95.284737,84.516312
476,3.966667,-0.018917,0.401379,0.021879,0.915455,-216.162567,95.302788,84.520630
477,3.975000,-0.019123,0.401558,0.021523,0.915381,-216.159485,95.328316,84.527145
478,3.983333,-0.018950,0.401846,0.020747,0.915276,-216.155746,95.353683,84.527931
479,3.991667,-0.018858,0.402120,0.020494,0.915163,-216.155930,95.384834,84.525124
480,4.000000,-0.018754,0.402204,0.020300,0.915133,-216.156479,95.416153,84.521263
481,4.008333,-0.018882,0.402226,0.020231,0.915122,-216.155975,95.448441,84.518326
482,4.016667,-0.018898,0.402140,0.019969,0.915165,-216.152786,95.478012,84.514709
483,4.025000,-0.018931,0.402192,0.019801,0.915145,-216.149490,95.501343,84.509399
484,4.033333,-0.018859,0.402319,0.019660,0.915094,-216.145462,95.518806,84.505707
485,4.041667,-0.018521,0.402417,0.019593,0.915059,-216.139511,95.533112,84.502342
486,4.050000,-0.018574,0.402087,0.020064,0.915193,-216.136200,95.552307,84.505241
487,4.058333,-0.018634,0.402032,0.020374,0.915209,-216.131210,95.569542,84.506317
488,4.066667,-0.018649,0.401996,0.020412,0.915224,-216.127899,95.587715,84.507057
489,4.075000,-0.018596,0.401996,0.020300,0.915228,-216.126663,95.611832,84.505051
490,4.083333,-0.018361,0.402151,0.019928,0.915172,-216.125961,95.636444,84.499672
491,4.091667,-0.018250,0.402487,0.019396,0.915038,-216.124435,95.661743,84.494629
492,4.100000,-0.018421,0.402692,0.018873,0.914955,-216.123886,95.690086,84.492287
493,4.108333,-0.020204,0.402133,0.020412,0.915131,-216.125778,95.727310,84.500076
494,4.116667,-0.021343,0.402058,0.021203,0.915120,-216.118240,95.754341,84.502068
495,4.125000,-0.021804,0.401901,0.021342,0.915175,-216.108917,95.772621,84.509590
496,4.133333,-0.022143,0.402106,0.021494,0.915073,-216.103073,95.789528,84.509651
497,4.141667,-0.022350,0.402133,0.021062,0.915066,-216.101593,95.806870,84.510674
498,4.150000,-0.022414,0.402260,0.020605,0.915019,-216.101486,95.821892,84.506645
499,4.158333,-0.022457,0.402353,0.020316,0.914984,-216.101486,95.834145,84.503380
500,4.166667,-0.022457,0.402385,0.020094,0.914974,-216.102859,95.845932,84.499710
501,4.175000,-0.022639,0.402572,0.020144,0.914886,-216.104385,95.859230,84.493172
502,4.183333,-0.022776,0.402400,0.020173,0.914958,-216.102676,95.868607,84.491364
503,4.191667,-0.022411,0.402743,0.019821,0.914824,-216.096024,95.880424,84.487610
504,4.200000,-0.022269,0.403045,0.019051,0.914711,-216.084198,95.903229,84.477448
505,4.208333,-0.022524,0.403177,0.018140,0.914665,-216.068344,95.945511,84.463463
506,4.216667,-0.022862,0.403239,0.017317,0.914645,-216.047119,96.006119,84.448387
507,4.225000,-0.023542,0.403524,0.017000,0.914508,-216.024750,96.079010,84.434959
508,4.233333,-0.024351,0.403979,0.016823,0.914289,-216.001175,96.152618,84.426208
509,4.241667,-0.026031,0.404366,0.017683,0.914056,-215.976166,96.228073,84.414963
510,4.250000,-0.027065,0.404604,0.017683,0.913920,-215.947556,96.291481,84.408798
511,4.258333,-0.027688,0.404884,0.017652,0.913778,-215.923996,96.346214,84.405769
512,4.266667,-0.028135,0.404990,0.017281,0.913725,-215.912979,96.390785,84.401741
513,4.275000,-0.028621,0.405060,0.016623,0.913691,-215.914459,96.431335,84.398148
514,4.283333,-0.029225,0.405126,0.015847,0.913656,-215.927841,96.467262,84.389687
515,4.291667,-0.029817,0.405133,0.015383,0.913642,-215.943222,96.497139,84.380318
516,4.300000,-0.030000,0.404967,0.014791,0.913719,-215.954407,96.521606,84.369354
517,4.308333,-0.030228,0.404865,0.014695,0.913758,-215.957611,96.546280,84.362305
518,4.316667,-0.030236,0.404885,0.014772,0.913748,-215.954208,96.568604,84.354286
519,4.325000,-0.030327,0.405034,0.014558,0.913683,-215.952225,96.588097,84.346107
520,4.333333,-0.030584,0.405144,0.014132,0.913632,-215.952332,96.605011,84.338348
521,4.341667,-0.030821,0.405228,0.013919,0.913590,-215.957062,96.619041,84.332985
522,4.350000,-0.031175,0.405161,0.013689,0.913611,-215.963562,96.630577,84.327827
523,4.358333,-0.031194,0.405248,0.013570,0.913574,-215.969635,96.635925,84.323921
524,4.366667,-0.031261,0.405190,0.013472,0.913599,-215.972931,96.637955,84.320465
525,4.375000,-0.031391,0.405151,0.013461,0.913612,-215.972000,96.638748,84.319672
526,4.383333,-0.031416,0.405136,0.013540,0.913616,-215.969757,96.637466,84.321114
527,4.391667,-0.031409,0.405075,0.013587,0.913643,-215.967651,96.634270,84.326736
528,4.400000,-0.031328,0.405107,0.013767,0.913629,-215.965088,96.629326,84.332489
529,4.408333,-0.031340,0.405102,0.013824,0.913630,-215.963318,96.628914,84.335640
530,4.416667,-0.031289,0.405061,0.013808,0.913650,-215.960876,96.629402,84.336617
531,4.425000,-0.031305,0.405060,0.013753,0.913651,-215.958694,96.633163,84.336708
532,4.433333,-0.031479,0.405023,0.013759,0.913661,-215.956161,96.636398,84.336975
533,4.441667,-0.031637,0.404996,0.013681,0.913669,-215.954254,96.637192,84.337769
534,4.450000,-0.031665,0.405018,0.013636,0.913659,-215.953400,96.633110,84.339607
535,4.458333,-0.031443,0.405067,0.013766,0.913643,-215.954620,96.630890,84.340828
536,4.466667,-0.031291,0.405018,0.013834,0.913669,-215.958450,96.631264,84.337830
537,4.475000,-0.031339,0.405073,0.013816,0.913643,-215.963318,96.633598,84.333214
538,4.483333,-0.031588,0.405011,0.013754,0.913663,-215.966980,96.635925,84.328476
539,4.491667,-0.031547,0.405051,0.013613,0.913648,-215.968140,96.636871,84.324684
540,4.500000,-0.031444,0.405066,0.013578,0.913646,-215.968613,96.635956,84.322723
541,4.508333,-0.031384,0.405087,0.013623,0.913638,-215.970581,96.634407,84.323486
542,4.516667,-0.031263,0.405060,0.013746,0.913652,-215.971344,96.633301,84.324577
543,4.525000,-0.031318,0.405086,0.013778,0.913638,-215.971298,96.632515,84.323135
544,4.533333,-0.031327,0.405008,0.013745,0.913673,-215.970566,96.634140,84.324982
545,4.541667,-0.031529,0.404993,0.013630,0.913675,-215.968033,96.634422,84.325981
546,4.550000,-0.031484,0.405087,0.013639,0.913634,-215.965454,96.635414,84.328117
547,4.558333,-0.031470,0.405062,0.013808,0.913643,-215.962402,96.635307,84.331413
548,4.566667,-0.031381,0.404994,0.013806,0.913676,-215.959000,96.633255,84.335526
549,4.575000,-0.031322,0.404966,0.013885,0.913690,-215.956192,96.631615,84.339600
550,4.583333,-0.031478,0.404958,0.013957,0.913687,-215.953964,96.631607,84.341782
551,4.591667,-0.031557,0.404984,0.014022,0.913671,-215.953781,96.633713,84.341095
552,4.600000,-0.031507,0.404998,0.013873,0.913669,-215.953735,96.635437,84.338631
553,4.608333,-0.031518,0.405047,0.013734,0.913649,-215.954712,96.635994,84.336075
554,4.616667,-0.031509,0.405083,0.013596,0.913636,-215.957809,96.635208,84.333618
555,4.625000,-0.031390,0.405045,0.013700,0.913655,-215.961166,96.634109,84.333611
556,4.633333,-0.031412,0.405050,0.013745,0.913652,-215.965317,96.633202,84.331535
557,4.641667,-0.031415,0.405048,0.013767,0.913652,-215.968369,96.632851,84.326950
558,4.650000,-0.031448,0.405015,0.013777,0.913665,-215.971542,96.633965,84.324745
559,4.658333,-0.031389,0.405023,0.013679,0.913665,-215.972519,96.634460,84.322632
560,4.666667,-0.031414,0.405030,0.013651,0.913662,-215.972610,96.635017,84.322212
561,4.675000,-0.031447,0.405059,0.013777,0.913646,-215.970612,96.634445,84.323257
562,4.683333,-0.031409,0.405010,0.013793,0.913669,-215.967697,96.632935,84.326370
563,4.691667,-0.031429,0.405008,0.013814,0.913668,-215.965347,96.632996,84.329048
564,4.700000,-0.031396,0.404989,0.013817,0.913678,-215.962860,96.633430,84.331085
565,4.708333,-0.031383,0.405013,0.013767,0.913668,-215.960190,96.635086,84.333328
566,4.716667,-0.031422,0.405053,0.013796,0.913649,-215.957809,96.635033,84.334579
567,4.725000,-0.031442,0.405082,0.013742,0.913636,-215.956497,96.634460,84.336945
568,4.733333,-0.031422,0.405053,0.013803,0.913649,-215.954941,96.632469,84.339912
569,4.741667,-0.031446,0.405044,0.013868,0.913651,-215.954681,96.632927,84.340843
570,4.750000,-0.031451,0.405025,0.013811,0.913660,-215.954834,96.632545,84.339752
571,4.758333,-0.031425,0.405041,0.013716,0.913655,-215.956421,96.632889,84.337982
572,4.766667,-0.031505,0.405004,0.013679,0.913670,-215.959763,96.634468,84.335068
573,4.775000,-0.031448,0.405062,0.013718,0.913645,-215.962051,96.635147,84.332748
574,4.783333,-0.031432,0.405096,0.013806,0.913630,-215.964752,96.635132,84.329346
575,4.791667,-0.031413,0.405071,0.013724,0.913642,-215.967224,96.633896,84.326904
576,4.800000,-0.031437,0.405098,0.013706,0.913630,-215.969223,96.632858,84.325272
577,4.808333,-0.031290,0.405085,0.013609,0.913642,-215.969299,96.632004,84.322845
578,4.816667,-0.031353,0.405122,0.013563,0.913624,-215.970612,96.632423,84.321800
579,4.825000,-0.031376,0.405054,0.013592,0.913653,-215.970306,96.633728,84.322701
580,4.833333,-0.031434,0.405065,0.013597,0.913646,-215.967728,96.632919,84.324631
581,4.841667,-0.031530,0.405096,0.013647,0.913628,-215.965317,96.631851,84.325584
582,4.850000,-0.031456,0.405053,0.013629,0.913650,-215.961792,96.631554,84.330025
583,4.858333,-0.031301,0.405118,0.013754,0.913625,-215.959351,96.632248,84.332314
584,4.866667,-0.031260,0.405038,0.013809,0.913661,-215.956970,96.633057,84.335289
585,4.875000,-0.031431,0.405058,0.013822,0.913646,-215.954971,96.633621,84.337189
586,4.883333,-0.031430,0.405091,0.013756,0.913632,-215.954239,96.634247,84.338120
587,4.891667,-0.031334,0.405114,0.013688,0.913627,-215.954163,96.632469,84.338272
588,4.900000,-0.031415,0.405100,0.013629,0.913631,-215.955521,96.632484,84.338463
589,4.908333,-0.031355,0.405080,0.013618,0.913642,-215.957092,96.631508,84.338226
590,4.916667,-0.031347,0.405028,0.013597,0.913666,-215.959518,96.632179,84.336021
591,4.925000,-0.031449,0.405058,0.013667,0.913648,-215.962570,96.633018,84.332504
592,4.933333,-0.031603,0.405048,0.013644,0.913647,-215.964722,96.633476,84.329124
593,4.941667,-0.031509,0.405121,0.013609,0.913619,-215.966888,96.633362,84.326347
594,4.950000,-0.031335,0.405149,0.013503,0.913614,-215.968277,96.633842,84.324150
595,4.958333,-0.031252,0.405135,0.013474,0.913623,-215.969498,96.633110,84.322708
596,4.966667,-0.031284,0.405151,0.013534,0.913614,-215.970062,96.632660,84.322540
597,4.975000,-0.031346,0.405100,0.013547,0.913634,-215.969162,96.632721,84.323616
598,4.983333,-0.031307,0.405061,0.013671,0.913651,-215.967819,96.634384,84.324852
599,4.991667,-0.031409,0.405049,0.013728,0.913652,-215.965607,96.634651,84.327141
600,5.000000,-0.031356,0.405072,0.013545,0.913647,-215.961578,96.632362,84.328552
601,5.008333,-0.031311,0.405128,0.013544,0.913623,-215.958450,96.631844,84.332016
602,5.016667,-0.031354,0.405126,0.013712,0.913620,-215.955933,96.632469,84.334740
603,5.025000,-0.031314,0.405080,0.013655,0.913643,-215.953583,96.632454,84.337051
604,5.033333,-0.031299,0.405085,0.013649,0.913641,-215.953110,96.631874,84.338341
605,5.041667,-0.031295,0.405071,0.013676,0.913647,-215.954163,96.632729,84.339180
606,5.050000,-0.031394,0.405099,0.013690,0.913631,-215.955597,96.632431,84.338203
607,5.058333,-0.031617,0.405036,0.013776,0.913650,-215.957764,96.632645,84.336113
608,5.066667,-0.031529,0.404986,0.013748,0.913676,-215.959961,96.632675,84.335197
609,5.075000,-0.031393,0.405030,0.013644,0.913663,-215.963364,96.632736,84.332138
610,5.083333,-0.031394,0.405070,0.013755,0.913643,-215.965912,96.634430,84.330528
611,5.091667,-0.031362,0.405065,0.013733,0.913647,-215.967209,96.635857,84.328476
612,5.100000,-0.031449,0.405029,0.013632,0.913661,-215.968658,96.638908,84.327141
613,5.108333,-0.031679,0.405094,0.013531,0.913626,-215.969681,96.641693,84.326126
614,5.116667,-0.031907,0.405046,0.013383,0.913642,-215.970276,96.646957,84.327766
615,5.125000,-0.032048,0.404979,0.013334,0.913667,-215.970612,96.652763,84.330078
616,5.133333,-0.032112,0.404977,0.013312,0.913666,-215.970200,96.659599,84.334305
617,5.141667,-0.032216,0.404975,0.013361,0.913662,-215.968674,96.666565,84.339859
618,5.150000,-0.032401,0.404818,0.013314,0.913726,-215.966293,96.672173,84.349510
619,5.158333,-0.032652,0.404796,0.013435,0.913725,-215.962936,96.674393,84.360649
620,5.166667,-0.032864,0.404732,0.013450,0.913746,-215.957382,96.677788,84.373695
621,5.175000,-0.033053,0.404878,0.013636,0.913672,-215.952972,96.683922,84.391930
622,5.183333,-0.033258,0.404814,0.013684,0.913692,-215.947754,96.692650,84.406593
623,5.191667,-0.033718,0.404560,0.013893,0.913784,-215.944794,96.705536,84.422203
624,5.200000,-0.033883,0.404499,0.013943,0.913804,-215.941879,96.716301,84.437347
625,5.208333,-0.034134,0.404407,0.014075,0.913833,-215.941071,96.723709,84.453308
626,5.216667,-0.034192,0.404121,0.014152,0.913957,-215.942642,96.728622,84.473549
627,5.225000,-0.034336,0.403967,0.014223,0.914018,-215.944092,96.733833,84.490601
628,5.233333,-0.034506,0.403918,0.014107,0.914035,-215.945816,96.738419,84.508743
629,5.241667,-0.034626,0.403805,0.014140,0.914080,-215.947845,96.749130,84.526352
630,5.250000,-0.034811,0.403858,0.013912,0.914053,-215.948532,96.759354,84.540871
631,5.258333,-0.035149,0.403902,0.013322,0.914030,-215.949158,96.770409,84.558075
632,5.266667,-0.035285,0.404132,0.012648,0.913932,-215.947983,96.777481,84.578423
633,5.275000,-0.035250,0.404305,0.012443,0.913860,-215.947037,96.781227,84.606194
634,5.283333,-0.034843,0.404409,0.012404,0.913830,-215.943604,96.775864,84.636307
635,5.291667,-0.034537,0.404578,0.012534,0.913765,-215.940399,96.760719,84.668877
636,5.300000,-0.034189,0.404731,0.012655,0.913709,-215.938232,96.738884,84.705681
637,5.308333,-0.033644,0.404671,0.012819,0.913753,-215.935776,96.715210,84.748283
638,5.316667,-0.033392,0.404659,0.013260,0.913762,-215.930344,96.693871,84.790237
639,5.325000,-0.033546,0.404955,0.013693,0.913618,-215.927094,96.666008,84.837959
640,5.333333,-0.033470,0.405009,0.013959,0.913593,-215.924667,96.637970,84.887276
641,5.341667,-0.033095,0.404976,0.014266,0.913617,-215.921432,96.606186,84.942482
642,5.350000,-0.032699,0.405110,0.015000,0.913560,-215.917374,96.571785,85.000282
643,5.358333,-0.032035,0.405145,0.015588,0.913558,-215.908691,96.531021,85.066353
644,5.366667,-0.031237,0.404451,0.015217,0.913899,-215.901443,96.481667,85.141457
645,5.375000,-0.030802,0.404181,0.015153,0.914035,-215.899139,96.429825,85.208633
646,5.383333,-0.030123,0.404017,0.015459,0.914124,-215.901733,96.369209,85.274269
647,5.391667,-0.028763,0.404214,0.016742,0.914059,-215.904160,96.300385,85.342171
648,5.400000,-0.027580,0.403657,0.018080,0.914316,-215.900665,96.234627,85.417030
649,5.408333,-0.026338,0.403192,0.019087,0.914537,-215.898178,96.176552,85.486130
650,5.416667,-0.024471,0.403412,0.018557,0.914503,-215.893463,96.092003,85.578278
651,5.425000,-0.023228,0.404147,0.017972,0.914222,-215.889908,96.011009,85.657372
652,5.433333,-0.022827,0.404490,0.017478,0.914090,-215.889053,95.940399,85.732529
653,5.441667,-0.022574,0.404778,0.018242,0.913954,-215.886642,95.874962,85.809700
654,5.450000,-0.022118,0.404096,0.019705,0.914237,-215.881699,95.828377,85.898712
655,5.458333,-0.021680,0.403209,0.019579,0.914642,-215.874435,95.789207,85.978226
656,5.466667,-0.020518,0.403107,0.019211,0.914721,-215.864975,95.748093,86.049942
657,5.475000,-0.020208,0.403929,0.019067,0.914368,-215.863968,95.712181,86.121948
658,5.483333,-0.020162,0.404638,0.018820,0.914061,-215.862900,95.683037,86.185631
659,5.491667,-0.020458,0.404595,0.018356,0.914083,-215.856857,95.664299,86.257378
660,5.500000,-0.021615,0.404288,0.017277,0.914213,-215.854889,95.664787,86.328140
661,5.508333,-0.022830,0.404093,0.017639,0.914263,-215.853958,95.666435,86.396011
662,5.516667,-0.023138,0.404091,0.018351,0.914242,-215.850357,95.668808,86.459564
663,5.525000,-0.023464,0.403929,0.018797,0.914296,-215.852051,95.682602,86.537590
664,5.533333,-0.024002,0.403939,0.018465,0.914285,-215.850037,95.702194,86.612740
665,5.541667,-0.025544,0.403578,0.017393,0.914423,-215.847809,95.727737,86.681923
666,5.550000,-0.026482,0.403289,0.017138,0.914529,-215.846252,95.749969,86.741814
667,5.558333,-0.027033,0.403373,0.016579,0.914486,-215.842392,95.774391,86.802567
668,5.566667,-0.027544,0.403951,0.016135,0.914223,-215.834991,95.802483,86.865456
669,5.575000,-0.029265,0.404957,0.014821,0.913747,-215.831207,95.840576,86.933884
670,5.583333,-0.031932,0.404992,0.013609,0.913661,-215.826492,95.887901,87.003792
671,5.591667,-0.034633,0.403915,0.013957,0.914034,-215.820648,95.937279,87.074005
672,5.600000,-0.036493,0.403390,0.013730,0.914197,-215.814468,95.990112,87.139442
673,5.608333,-0.036380,0.403614,0.013298,0.914109,-215.810318,96.048309,87.202614
674,5.616667,-0.037577,0.404001,0.011978,0.913908,-215.806442,96.103378,87.268188
675,5.625000,-0.039073,0.404251,0.011314,0.913743,-215.798264,96.148125,87.328720
676,5.633333,-0.041192,0.404441,0.010992,0.913570,-215.790817,96.186211,87.383171
677,5.641667,-0.042539,0.404561,0.010497,0.913461,-215.782806,96.223892,87.437126
678,5.650000,-0.044428,0.404587,0.009673,0.913369,-215.777771,96.260895,87.498871
679,5.658333,-0.046167,0.404440,0.008892,0.913355,-215.775818,96.303886,87.567749
680,5.666667,-0.047455,0.404152,0.008499,0.913420,-215.774841,96.346420,87.628105
681,5.675000,-0.049044,0.403276,0.009305,0.913716,-215.777878,96.383698,87.685059
682,5.683333,-0.048050,0.403073,0.010467,0.913845,-215.784790,96.422958,87.746353
683,5.691667,-0.047522,0.402926,0.010591,0.913936,-215.785934,96.446724,87.802689
684,5.700000,-0.047265,0.402959,0.010169,0.913940,-215.784500,96.459053,87.851486
685,5.708333,-0.048597,0.403451,0.010999,0.913644,-215.783279,96.474442,87.896133
686,5.716667,-0.048931,0.403624,0.009028,0.913571,-215.771515,96.477745,87.954727
687,5.725000,-0.049187,0.403790,0.007874,0.913495,-215.764969,96.478615,88.004166
688,5.733333,-0.051161,0.403591,0.006876,0.913482,-215.758942,96.467667,88.051949
689,5.741667,-0.052063,0.403491,0.006440,0.913478,-215.756516,96.464172,88.094604
690,5.750000,-0.052609,0.403624,0.006308,0.913389,-215.756317,96.463135,88.141098
691,5.758333,-0.052744,0.403960,0.006440,0.913232,-215.752960,96.460922,88.199066
692,5.766667,-0.053048,0.404170,0.006289,0.913123,-215.748734,96.456474,88.265984
693,5.775000,-0.052963,0.404252,0.006088,0.913092,-215.744354,96.452354,88.318565
694,5.783333,-0.053254,0.403985,0.005800,0.913196,-215.741104,96.445580,88.363457
695,5.791667,-0.053569,0.403785,0.005530,0.913268,-215.739532,96.430511,88.410004
696,5.800000,-0.053819,0.403712,0.005868,0.913283,-215.739182,96.407845,88.461250
697,5.808333,-0.053515,0.403823,0.006831,0.913245,-215.737961,96.381790,88.507133
698,5.816667,-0.053337,0.404013,0.007631,0.913165,-215.736267,96.352730,88.549355
699,5.825000,-0.052241,0.404415,0.008596,0.913042,-215.733414,96.326614,88.592896
700,5.833333,-0.051484,0.404076,0.008732,0.913234,-215.728088,96.301117,88.639992
701,5.841667,-0.050399,0.403659,0.008924,0.913476,-215.723251,96.273758,88.689552
702,5.850000,-0.050215,0.403364,0.007521,0.913630,-215.718719,96.228500,88.742867
703,5.858333,-0.050306,0.403595,0.006808,0.913528,-215.720535,96.184341,88.784622
704,5.866667,-0.050065,0.404283,0.006247,0.913241,-215.726929,96.138100,88.826019
705,5.875000,-0.050349,0.404608,0.007046,0.913076,-215.733810,96.099136,88.878159
706,5.883333,-0.050080,0.404101,0.007888,0.913309,-215.735931,96.070396,88.932556
707,5.891667,-0.049440,0.403276,0.008652,0.913701,-215.731522,96.046669,88.981644
708,5.900000,-0.049410,0.402594,0.009423,0.913996,-215.724823,96.029182,89.025864
709,5.908333,-0.049517,0.402439,0.009974,0.914052,-215.715622,96.009193,89.070824
710,5.916667,-0.049759,0.402810,0.010681,0.913867,-215.706879,95.985596,89.121651
711,5.925000,-0.048873,0.403327,0.011331,0.913679,-215.701294,95.966751,89.173721
712,5.933333,-0.048529,0.403441,0.011344,0.913648,-215.696259,95.950462,89.219185
713,5.941667,-0.047373,0.403311,0.010097,0.913780,-215.689346,95.928619,89.263412
714,5.950000,-0.046770,0.403538,0.008867,0.913724,-215.687088,95.901573,89.309242
715,5.958333,-0.046002,0.403843,0.007798,0.913638,-215.692383,95.878899,89.354385
716,5.966667,-0.045412,0.404243,0.008010,0.913489,-215.696381,95.858269,89.395592
717,5.975000,-0.045276,0.404573,0.008339,0.913346,-215.697510,95.840660,89.435776
718,5.983333,-0.047121,0.404672,0.008107,0.913211,-215.693909,95.814049,89.478371
719,5.991667,-0.047942,0.404252,0.007901,0.913356,-215.688736,95.793327,89.527222
720,6.000000,-0.048207,0.403272,0.008581,0.913769,-215.687347,95.786644,89.578384
721,6.008333,-0.048339,0.402643,0.009094,0.914034,-215.683792,95.781624,89.626022
722,6.016667,-0.048375,0.402491,0.009664,0.914094,-215.679428,95.772186,89.670250
723,6.025000,-0.048238,0.402620,0.010229,0.914038,-215.673798,95.754143,89.718811
724,6.033333,-0.048458,0.402926,0.010707,0.913886,-215.668671,95.730759,89.768394
725,6.041667,-0.049074,0.403243,0.011365,0.913705,-215.667755,95.712318,89.810776
726,6.050000,-0.049387,0.403254,0.011563,0.913681,-215.664490,95.692841,89.849533
727,6.058333,-0.049262,0.403296,0.011176,0.913674,-215.662125,95.675919,89.892647
728,6.066667,-0.048411,0.403331,0.010795,0.913709,-215.659668,95.666916,89.942917
729,6.075000,-0.046831,0.403136,0.009623,0.913890,-215.651016,95.647308,89.995857
730,6.083333,-0.046302,0.403442,0.009282,0.913786,-215.651199,95.635323,90.033569
731,6.091667,-0.045821,0.403984,0.008752,0.913576,-215.650528,95.616119,90.070129
732,6.100000,-0.045431,0.404119,0.009176,0.913531,-215.661438,95.589645,90.112129
733,6.108333,-0.047096,0.403852,0.008132,0.913575,-215.650131,95.568176,90.155540
734,6.116667,-0.047794,0.403639,0.007491,0.913638,-215.646057,95.562653,90.200447
735,6.125000,-0.048167,0.403408,0.008041,0.913716,-215.645020,95.558319,90.248222
736,6.133333,-0.048423,0.403081,0.008790,0.913840,-215.642883,95.550133,90.300842
737,6.141667,-0.048400,0.403082,0.009158,0.913837,-215.639160,95.534195,90.353622
738,6.150000,-0.048468,0.403309,0.009870,0.913726,-215.637833,95.521317,90.402374
739,6.158333,-0.048773,0.403495,0.010202,0.913624,-215.637466,95.507210,90.443634
740,6.166667,-0.048974,0.403476,0.010217,0.913621,-215.639069,95.494041,90.480057
741,6.175000,-0.049108,0.403322,0.010163,0.913683,-215.641922,95.478889,90.516739
742,6.183333,-0.048926,0.403058,0.010310,0.913808,-215.639832,95.462158,90.557915
743,6.191667,-0.048428,0.402751,0.010480,0.913968,-215.634827,95.447525,90.603714
744,6.200000,-0.048037,0.402808,0.011005,0.913957,-215.629959,95.434517,90.646873
745,6.208333,-0.047655,0.403093,0.011190,0.913849,-215.627045,95.422424,90.690384
746,6.216667,-0.046163,0.403407,0.009927,0.913802,-215.620468,95.403641,90.739479
747,6.225000,-0.045277,0.403994,0.008860,0.913597,-215.620972,95.386612,90.782776
748,6.233333,-0.046055,0.404128,0.007476,0.913512,-215.625214,95.368820,90.824356
749,6.241667,-0.046868,0.404070,0.007290,0.913498,-215.628998,95.354729,90.863647
750,6.250000,-0.047318,0.403788,0.007680,0.913596,-215.627380,95.339851,90.908264
751,6.258333,-0.047720,0.403097,0.008805,0.913870,-215.621231,95.321968,90.967934
752,6.266667,-0.047854,0.403011,0.009874,0.913890,-215.614670,95.303307,91.018135
753,6.275000,-0.047922,0.402991,0.010231,0.913891,-215.611984,95.291023,91.058556
754,6.283333,-0.048017,0.403210,0.010041,0.913792,-215.612885,95.279045,91.092422
755,6.291667,-0.047679,0.403409,0.009630,0.913726,-215.614532,95.264931,91.128059
756,6.300000,-0.047312,0.403287,0.009089,0.913804,-215.613083,95.254761,91.169502
757,6.308333,-0.047340,0.403206,0.009152,0.913838,-215.608734,95.245743,91.212807
758,6.316667,-0.047420,0.403198,0.009696,0.913832,-215.603668,95.237442,91.256020
759,6.325000,-0.047163,0.403266,0.010749,0.913803,-215.596588,95.226562,91.299126
760,6.333333,-0.046723,0.403243,0.011337,0.913829,-215.591736,95.214119,91.346756
761,6.341667,-0.046713,0.403179,0.011689,0.913853,-215.590958,95.197433,91.394684
762,6.350000,-0.047126,0.403197,0.011943,0.913821,-215.595428,95.180115,91.436264
763,6.358333,-0.046748,0.402860,0.010649,0.914005,-215.596298,95.159012,91.475578
764,6.366667,-0.046800,0.403080,0.009357,0.913919,-215.599182,95.136818,91.510239
765,6.375000,-0.046398,0.403277,0.008676,0.913860,-215.595978,95.117607,91.553024
766,6.383333,-0.046688,0.403209,0.008964,0.913872,-215.588333,95.103859,91.606262
767,6.391667,-0.046863,0.403286,0.009172,0.913827,-215.581680,95.096985,91.651939
768,6.400000,-0.046898,0.403532,0.009407,0.913714,-215.576309,95.089378,91.692421
769,6.408333,-0.046650,0.403673,0.009202,0.913667,-215.573044,95.078606,91.733994
770,6.416667,-0.046447,0.403622,0.008683,0.913705,-215.572449,95.065826,91.774956
771,6.425000,-0.043331,0.404083,0.009079,0.913651,-215.582611,95.071136,91.818764
772,6.433333,-0.042172,0.403837,0.009396,0.913810,-215.586090,95.066193,91.861244
773,6.441667,-0.041439,0.403401,0.010054,0.914029,-215.585159,95.058502,91.902046
774,6.450000,-0.042483,0.402852,0.010171,0.914222,-215.579727,95.040459,91.946869
775,6.458333,-0.043522,0.402609,0.010628,0.914275,-215.574432,95.021400,91.988564
776,6.466667,-0.044791,0.402764,0.011015,0.914141,-215.575485,95.004768,92.024628
777,6.475000,-0.046382,0.403240,0.010645,0.913856,-215.581039,94.989052,92.059189
778,6.483333,-0.047223,0.403569,0.010094,0.913674,-215.583618,94.979027,92.094490
779,6.491667,-0.047205,0.403591,0.009726,0.913669,-215.580322,94.968689,92.135872
780,6.500000,-0.047067,0.403258,0.010457,0.913815,-215.578171,94.965958,92.184158
781,6.508333,-0.046921,0.403004,0.011123,0.913927,-215.569382,94.965019,92.228676
782,6.516667,-0.046343,0.402574,0.010810,0.914150,-215.557953,94.953331,92.278946
783,6.525000,-0.046296,0.402724,0.010022,0.914095,-215.547638,94.936562,92.324921
784,6.533333,-0.045906,0.403001,0.009608,0.913997,-215.545654,94.919777,92.363663
785,6.541667,-0.045697,0.403363,0.008983,0.913854,-215.551636,94.904510,92.398254
786,6.550000,-0.045454,0.403476,0.008430,0.913822,-215.557724,94.893608,92.427155
787,6.558333,-0.045630,0.403424,0.008059,0.913839,-215.562271,94.876671,92.461876
788,6.566667,-0.043414,0.403682,0.008640,0.913828,-215.568130,94.873344,92.506233
789,6.575000,-0.042240,0.403484,0.009064,0.913966,-215.563614,94.866455,92.551109
790,6.583333,-0.041773,0.403439,0.009698,0.914001,-215.557816,94.858322,92.589897
791,6.591667,-0.041833,0.403512,0.010022,0.913962,-215.553101,94.851715,92.629890
792,6.600000,-0.041970,0.403664,0.009979,0.913890,-215.549988,94.843369,92.674377
793,6.608333,-0.041977,0.403709,0.009969,0.913870,-215.550232,94.835571,92.715942
794,6.616667,-0.044300,0.403543,0.009173,0.913841,-215.550858,94.815643,92.752441
795,6.625000,-0.046008,0.403530,0.008712,0.913767,-215.557571,94.799767,92.781464
796,6.633333,-0.047346,0.403225,0.009410,0.913827,-215.563629,94.788292,92.820778
797,6.641667,-0.047389,0.402449,0.010352,0.914156,-215.559845,94.775024,92.875328
798,6.650000,-0.046640,0.402237,0.011383,0.914276,-215.550949,94.767181,92.923866
799,6.658333,-0.046057,0.402102,0.012276,0.914353,-215.542419,94.760414,92.965630
800,6.666667,-0.045954,0.402153,0.012766,0.914329,-215.537231,94.753387,93.003937
801,6.675000,-0.046082,0.402364,0.012893,0.914228,-215.533569,94.741562,93.041931
802,6.683333,-0.045940,0.402373,0.012106,0.914242,-215.530655,94.723633,93.083038
803,6.691667,-0.045881,0.402590,0.010948,0.914164,-215.531738,94.707245,93.120644
804,6.700000,-0.045780,0.402691,0.010034,0.914135,-215.538376,94.693161,93.153549
805,6.708333,-0.045798,0.402954,0.009218,0.914027,-215.548889,94.676262,93.184021
806,6.716667,-0.044231,0.403506,0.009031,0.913863,-215.558151,94.664612,93.224678
807,6.725000,-0.043475,0.403317,0.009654,0.913976,-215.568237,94.644341,93.274376
808,6.733333,-0.043475,0.403188,0.009614,0.914034,-215.567490,94.636986,93.316010
809,6.741667,-0.043350,0.403173,0.009678,0.914045,-215.567490,94.631645,93.349350
810,6.750000,-0.043236,0.403125,0.009900,0.914070,-215.570663,94.624954,93.384537
811,6.758333,-0.043299,0.403066,0.010300,0.914088,-215.565033,94.611320,93.417656
812,6.766667,-0.045476,0.402876,0.009881,0.914071,-215.564468,94.596893,93.459663
813,6.775000,-0.046237,0.402437,0.009780,0.914227,-215.563416,94.584229,93.501564
814,6.783333,-0.046780,0.402324,0.009878,0.914248,-215.563507,94.574181,93.540070
815,6.791667,-0.046600,0.402272,0.010611,0.914272,-215.560226,94.561577,93.583298
816,6.800000,-0.046354,0.402251,0.011394,0.914284,-215.553665,94.550606,93.627846
817,6.808333,-0.046466,0.402097,0.011806,0.914341,-215.548569,94.543869,93.672302
818,6.816667,-0.046638,0.402125,0.011955,0.914318,-215.551727,94.539764,93.708275
819,6.825000,-0.047076,0.402104,0.011903,0.914306,-215.559525,94.529961,93.741920
820,6.833333,-0.047201,0.402079,0.011625,0.914314,-215.567200,94.513763,93.773788
821,6.841667,-0.046864,0.402217,0.011246,0.914275,-215.572144,94.496979,93.807251
822,6.850000,-0.046700,0.402299,0.010853,0.914252,-215.574829,94.484276,93.841949
823,6.858333,-0.045807,0.402284,0.009858,0.914315,-215.576172,94.471764,93.879402
824,6.866667,-0.045063,0.402405,0.009121,0.914307,-215.573837,94.458977,93.914551
825,6.875000,-0.044259,0.402544,0.008960,0.914286,-215.567047,94.448059,93.955254
826,6.883333,-0.043599,0.402655,0.009259,0.914266,-215.559906,94.439896,93.994728
827,6.891667,-0.043427,0.402704,0.009631,0.914249,-215.557724,94.437393,94.028152
828,6.900000,-0.043683,0.402565,0.009887,0.914295,-215.558701,94.433990,94.062271
829,6.908333,-0.044435,0.402403,0.009733,0.914332,-215.559647,94.421028,94.100273
830,6.916667,-0.044763,0.402003,0.009422,0.914495,-215.564636,94.410545,94.140846
831,6.925000,-0.045246,0.401779,0.009310,0.914571,-215.570312,94.396408,94.175095
832,6.933333,-0.045572,0.401637,0.009155,0.914619,-215.576080,94.382927,94.207878
833,6.941667,-0.045531,0.401753,0.009299,0.914568,-215.575500,94.371353,94.246429
834,6.950000,-0.045666,0.401833,0.009543,0.914524,-215.567734,94.357147,94.288940
835,6.958333,-0.045927,0.401994,0.009973,0.914436,-215.560699,94.348511,94.329613
836,6.966667,-0.045939,0.402050,0.010219,0.914408,-215.554993,94.343140,94.365288
837,6.975000,-0.046086,0.402199,0.010273,0.914334,-215.550522,94.335518,94.397179
838,6.983333,-0.046059,0.402351,0.010201,0.914269,-215.549820,94.328621,94.428001
839,6.991667,-0.045883,0.402501,0.009981,0.914215,-215.553665,94.321548,94.464806
840,7.000000,-0.045856,0.402561,0.009986,0.914190,-215.558502,94.311966,94.503273
841,7.008333,-0.045689,0.402370,0.009880,0.914283,-215.564102,94.305405,94.539192
842,7.016667,-0.045907,0.402188,0.010070,0.914350,-215.566986,94.300766,94.574066
843,7.025000,-0.045584,0.401977,0.010452,0.914455,-215.561462,94.290154,94.613503
844,7.033333,-0.044887,0.401866,0.010837,0.914534,-215.557388,94.283577,94.656555
845,7.041667,-0.043635,0.401707,0.010134,0.914672,-215.552139,94.270744,94.695824
846,7.050000,-0.042929,0.401748,0.009740,0.914692,-215.552856,94.264946,94.723335
847,7.058333,-0.043428,0.401206,0.010313,0.914900,-215.556305,94.266251,94.759789
848,7.066667,-0.043132,0.401349,0.009717,0.914858,-215.551514,94.252922,94.797523
849,7.075000,-0.043075,0.401735,0.009303,0.914695,-215.550186,94.244667,94.830589
850,7.083333,-0.042890,0.401978,0.008811,0.914602,-215.549881,94.237206,94.863678
851,7.091667,-0.042798,0.402297,0.008887,0.914465,-215.548035,94.229614,94.896927
852,7.100000,-0.043641,0.402204,0.008919,0.914466,-215.540176,94.214577,94.937080
853,7.108333,-0.043591,0.402267,0.008698,0.914443,-215.532471,94.205734,94.978775
854,7.116667,-0.043498,0.402371,0.008352,0.914405,-215.526108,94.199570,95.017067
855,7.125000,-0.043662,0.402397,0.008131,0.914387,-215.521027,94.194069,95.049141
856,7.133333,-0.043785,0.402367,0.008213,0.914394,-215.520172,94.186714,95.081535
857,7.141667,-0.043782,0.402429,0.008422,0.914365,-215.522583,94.174942,95.116463
858,7.150000,-0.040955,0.402899,0.009461,0.914279,-215.530365,94.172684,95.158157
859,7.158333,-0.040096,0.402685,0.009923,0.914406,-215.530396,94.170677,95.190964
860,7.166667,-0.039861,0.402490,0.010118,0.914500,-215.524582,94.166367,95.225647
861,7.175000,-0.039895,0.402535,0.010600,0.914473,-215.516418,94.156799,95.267189
862,7.183333,-0.039895,0.402500,0.011056,0.914483,-215.508240,94.148499,95.309769
863,7.191667,-0.041771,0.402139,0.011813,0.914549,-215.500687,94.138977,95.349007
864,7.200000,-0.043168,0.401694,0.012191,0.914675,-215.490479,94.130173,95.377945
865,7.208333,-0.044306,0.401491,0.012202,0.914709,-215.485474,94.120262,95.408348
866,7.216667,-0.044692,0.401321,0.011796,0.914770,-215.486832,94.106689,95.444717
867,7.225000,-0.044266,0.401223,0.010978,0.914844,-215.488464,94.091377,95.476189
868,7.233333,-0.044248,0.401452,0.010777,0.914747,-215.492279,94.075523,95.502266
869,7.241667,-0.043929,0.401729,0.010751,0.914641,-215.497375,94.058006,95.529953
870,7.250000,-0.043022,0.401947,0.009848,0.914599,-215.498184,94.032951,95.559822
871,7.258333,-0.042056,0.402096,0.009188,0.914585,-215.501266,94.007965,95.589447
872,7.266667,-0.041565,0.402126,0.009094,0.914595,-215.504593,93.989922,95.615860
873,7.275000,-0.041430,0.402058,0.009284,0.914629,-215.509659,93.979370,95.639435
874,7.283333,-0.041675,0.401880,0.009382,0.914695,-215.512558,93.973076,95.660843
875,7.291667,-0.041730,0.401797,0.009185,0.914731,-215.514664,93.966827,95.680733
876,7.300000,-0.041669,0.401884,0.009136,0.914696,-215.517639,93.962860,95.700714
877,7.308333,-0.041774,0.401885,0.009208,0.914690,-215.520004,93.962067,95.718513
878,7.316667,-0.041930,0.401888,0.009190,0.914682,-215.520401,93.961800,95.732735
879,7.325000,-0.042205,0.401861,0.009087,0.914683,-215.520767,93.961433,95.744904
880,7.333333,-0.042395,0.401925,0.008912,0.914647,-215.521027,93.960312,95.756592
881,7.341667,-0.042372,0.402030,0.008558,0.914606,-215.520447,93.960304,95.764053
882,7.350000,-0.043506,0.401983,0.008160,0.914577,-215.518875,93.956055,95.770775
883,7.358333,-0.044034,0.401921,0.008062,0.914580,-215.517899,93.952820,95.776947
884,7.366667,-0.044241,0.401947,0.007947,0.914559,-215.518997,93.950363,95.784912
885,7.375000,-0.042378,0.402326,0.008248,0.914478,-215.524246,93.957230,95.796295
886,7.383333,-0.041424,0.402262,0.008547,0.914547,-215.523911,93.954536,95.804474
887,7.391667,-0.041004,0.402046,0.008574,0.914661,-215.522339,93.946754,95.813110
888,7.400000,-0.040792,0.401982,0.008704,0.914697,-215.521698,93.934937,95.822083
889,7.408333,-0.040668,0.402073,0.008989,0.914660,-215.521545,93.918434,95.829163
890,7.416667,-0.040650,0.402236,0.009175,0.914587,-215.521210,93.900833,95.834007
891,7.425000,-0.040524,0.402446,0.009410,0.914498,-215.520828,93.879868,95.841789
892,7.433333,-0.040151,0.402574,0.009945,0.914452,-215.519165,93.856369,95.852890
893,7.441667,-0.039748,0.402593,0.010598,0.914455,-215.516830,93.832497,95.864601
894,7.450000,-0.039505,0.402331,0.011122,0.914574,-215.513321,93.808952,95.874901
895,7.458333,-0.038805,0.402034,0.011888,0.914725,-215.507431,93.785431,95.884911
896,7.466667,-0.039981,0.401753,0.012601,0.914788,-215.499588,93.750137,95.899788
897,7.475000,-0.040293,0.401376,0.013416,0.914928,-215.492981,93.708977,95.907402
898,7.483333,-0.039719,0.400910,0.012650,0.915169,-215.490936,93.661018,95.917313
899,7.491667,-0.039942,0.400980,0.012175,0.915135,-215.496323,93.614929,95.916191
900,7.500000,-0.040405,0.401374,0.011174,0.914954,-215.505630,93.567291,95.911583
901,7.508333,-0.039756,0.401612,0.010301,0.914889,-215.515442,93.526321,95.908279
902,7.516667,-0.038764,0.401794,0.009637,0.914858,-215.522354,93.490112,95.909294
903,7.525000,-0.037720,0.401828,0.009671,0.914887,-215.524109,93.458344,95.912132
904,7.533333,-0.037215,0.401684,0.009962,0.914968,-215.523438,93.427719,95.916962
905,7.541667,-0.036850,0.401688,0.010544,0.914974,-215.520645,93.390022,95.926155
906,7.550000,-0.035590,0.402081,0.011873,0.914835,-215.522079,93.347229,95.941612
907,7.558333,-0.034443,0.402220,0.013001,0.914802,-215.522293,93.301270,95.956650
908,7.566667,-0.033278,0.401798,0.014388,0.915010,-215.535141,93.249481,95.973137
909,7.575000,-0.032335,0.401847,0.015028,0.915012,-215.536880,93.205353,95.994606
910,7.583333,-0.030391,0.401866,0.014088,0.915085,-215.534943,93.157112,96.017662
911,7.591667,-0.028718,0.402199,0.013684,0.915000,-215.527725,93.112114,96.024269
912,7.600000,-0.029448,0.402304,0.012742,0.914944,-215.519287,93.070107,96.039803
913,7.608333,-0.030374,0.402287,0.012200,0.914928,-215.514297,93.030876,96.052589
914,7.616667,-0.031338,0.402046,0.012488,0.914998,-215.512222,92.995461,96.071411
915,7.625000,-0.031194,0.401819,0.013104,0.915094,-215.513092,92.967651,96.091476
916,7.633333,-0.030795,0.401555,0.013836,0.915213,-215.516800,92.947266,96.109749
917,7.641667,-0.030266,0.401362,0.014274,0.915308,-215.520569,92.931862,96.123909
918,7.650000,-0.030087,0.401264,0.014476,0.915354,-215.523697,92.921684,96.138275
919,7.658333,-0.029838,0.401265,0.014525,0.915361,-215.523743,92.915520,96.154800
920,7.666667,-0.029828,0.401218,0.014674,0.915379,-215.523315,92.916946,96.175156
921,7.675000,-0.030219,0.400909,0.015302,0.915492,-215.521866,92.920288,96.198425
922,7.683333,-0.030227,0.400915,0.015730,0.915481,-215.518738,92.924896,96.220520
923,7.691667,-0.030098,0.400880,0.016091,0.915495,-215.514404,92.930664,96.242119
924,7.700000,-0.030420,0.400859,0.016245,0.915491,-215.513031,92.941917,96.266785
925,7.708333,-0.030469,0.400983,0.016165,0.915436,-215.510986,92.958519,96.289688
926,7.716667,-0.030905,0.401051,0.015762,0.915398,-215.509659,92.976440,96.311203
927,7.725000,-0.031356,0.401043,0.015307,0.915395,-215.510208,92.996643,96.334213
928,7.733333,-0.031642,0.400892,0.015321,0.915451,-215.522934,93.011467,96.355972
929,7.741667,-0.031699,0.400947,0.014879,0.915432,-215.523621,93.032013,96.373505
930,7.750000,-0.032310,0.401119,0.013616,0.915355,-215.515442,93.058609,96.391838
931,7.758333,-0.033024,0.401325,0.012822,0.915250,-215.510483,93.088982,96.407684
932,7.766667,-0.033579,0.401480,0.011934,0.915174,-215.506653,93.117538,96.423027
933,7.775000,-0.034423,0.401640,0.011422,0.915079,-215.505264,93.144974,96.440704
934,7.783333,-0.035174,0.401766,0.011085,0.915000,-215.501755,93.165405,96.457581
935,7.791667,-0.035238,0.401677,0.011288,0.915034,-215.500381,93.184647,96.478012
936,7.800000,-0.035452,0.401551,0.011559,0.915077,-215.499847,93.200760,96.495399
937,7.808333,-0.035686,0.401468,0.011791,0.915102,-215.497559,93.207611,96.512871
938,7.816667,-0.035707,0.401347,0.011735,0.915155,-215.496704,93.215492,96.529808
939,7.825000,-0.035766,0.401340,0.011621,0.915157,-215.497131,93.223946,96.546249
940,7.833333,-0.035725,0.401360,0.011351,0.915153,-215.497543,93.232330,96.561615
941,7.841667,-0.035811,0.401345,0.011078,0.915159,-215.498169,93.237816,96.577774
942,7.850000,-0.035915,0.401365,0.011091,0.915147,-215.498566,93.239906,96.595886
943,7.858333,-0.035906,0.401341,0.010917,0.915160,-215.497925,93.239601,96.614944
944,7.866667,-0.036094,0.401190,0.011564,0.915210,-215.510437,93.232994,96.635139
945,7.875000,-0.036128,0.401245,0.011386,0.915187,-215.514786,93.228775,96.649933
946,7.883333,-0.036139,0.401385,0.011154,0.915128,-215.519928,93.224037,96.665009
947,7.891667,-0.036132,0.401353,0.011061,0.915144,-215.523621,93.218925,96.681389
948,7.900000,-0.036187,0.401354,0.010983,0.915142,-215.525177,93.215065,96.696693
949,7.908333,-0.036468,0.401202,0.011395,0.915192,-215.527969,93.214745,96.717010
950,7.916667,-0.036623,0.401175,0.011762,0.915193,-215.528915,93.211861,96.738083
951,7.925000,-0.036563,0.401221,0.012027,0.915172,-215.529419,93.207390,96.756134
952,7.933333,-0.036648,0.401219,0.012171,0.915168,-215.528152,93.200516,96.774391
953,7.941667,-0.036468,0.401001,0.012382,0.915268,-215.527435,93.194077,96.796074
954,7.950000,-0.036431,0.400968,0.012588,0.915281,-215.527344,93.188492,96.810951
955,7.958333,-0.036604,0.400834,0.012728,0.915331,-215.525787,93.182854,96.822578
956,7.966667,-0.036725,0.400799,0.012860,0.915340,-215.524933,93.176338,96.833008
957,7.975000,-0.036419,0.400667,0.013723,0.915397,-215.513092,93.164009,96.832100
958,7.983333,-0.035968,0.400749,0.013527,0.915382,-215.506226,93.161324,96.843513
959,7.991667,-0.035983,0.400671,0.013843,0.915411,-215.502960,93.155632,96.854370
960,8.000000,-0.036674,0.400374,0.013730,0.915515,-215.498779,93.140617,96.864059
961,8.008333,-0.037150,0.400256,0.013736,0.915547,-215.498871,93.123642,96.870003
962,8.016667,-0.037243,0.400203,0.013871,0.915564,-215.501282,93.104347,96.875725
963,8.025000,-0.037056,0.400112,0.013913,0.915611,-215.502289,93.084969,96.883659
964,8.033333,-0.036855,0.400028,0.013979,0.915655,-215.503998,93.062935,96.892052
965,8.041667,-0.036516,0.400030,0.014104,0.915666,-215.505402,93.037888,96.903519
966,8.050000,-0.035603,0.399728,0.013439,0.915843,-215.504379,93.007561,96.918800
967,8.058333,-0.035022,0.399743,0.013479,0.915859,-215.509552,92.983955,96.931801
968,8.066667,-0.034389,0.399878,0.012743,0.915835,-215.516037,92.956993,96.942169
969,8.075000,-0.034039,0.400140,0.012265,0.915740,-215.527420,92.931213,96.943756
970,8.083333,-0.033930,0.400230,0.011605,0.915713,-215.539383,92.898750,96.944794
971,8.091667,-0.033621,0.400275,0.011099,0.915711,-215.554291,92.857735,96.949783
972,8.100000,-0.033607,0.400192,0.010915,0.915750,-215.572052,92.814468,96.954239
973,8.108333,-0.032805,0.399997,0.011637,0.915855,-215.585632,92.770821,96.955421
974,8.116667,-0.032026,0.399748,0.013052,0.915972,-215.604919,92.718819,96.967278
975,8.125000,-0.030866,0.399760,0.014272,0.915989,-215.595169,92.663727,96.974510
976,8.133333,-0.030167,0.399764,0.015023,0.915999,-215.587616,92.619774,96.985275
977,8.141667,-0.029608,0.399883,0.015968,0.915949,-215.577606,92.572495,96.994141
978,8.150000,-0.029610,0.399935,0.016631,0.915914,-215.567993,92.523499,96.998100
979,8.158333,-0.029550,0.399715,0.015952,0.916024,-215.559845,92.473312,97.003349
980,8.166667,-0.028723,0.399946,0.015200,0.915963,-215.558533,92.438377,97.002007
981,8.175000,-0.028296,0.400253,0.014630,0.915851,-215.564636,92.415451,96.994934
982,8.183333,-0.028068,0.400382,0.014050,0.915810,-215.570648,92.399628,96.990082
983,8.191667,-0.028178,0.400441,0.013844,0.915785,-215.573639,92.384026,96.990005
984,8.200000,-0.028039,0.400393,0.013886,0.915809,-215.575409,92.373131,96.993378
985,8.208333,-0.027691,0.400306,0.013998,0.915856,-215.576202,92.370361,96.996712
986,8.216667,-0.027798,0.400252,0.014139,0.915874,-215.576462,92.374702,96.994415
987,8.225000,-0.028111,0.400184,0.014249,0.915893,-215.574173,92.384544,96.990929
988,8.233333,-0.028350,0.400204,0.014191,0.915878,-215.570694,92.396141,96.989639
989,8.241667,-0.028489,0.400281,0.014088,0.915841,-215.567307,92.404846,96.989212
990,8.250000,-0.028283,0.400335,0.014142,0.915823,-215.565308,92.408714,96.990616
991,8.258333,-0.028352,0.400353,0.014065,0.915815,-215.565155,92.403320,96.992760
992,8.266667,-0.028362,0.400331,0.014087,0.915823,-215.566635,92.391388,96.996674
993,8.275000,-0.028186,0.400329,0.014085,0.915830,-215.570618,92.381905,96.998352
994,8.283333,-0.028108,0.400335,0.013977,0.915831,-215.576096,92.376976,96.997421
995,8.291667,-0.027985,0.400279,0.014034,0.915859,-215.580490,92.379692,96.994759
996,8.300000,-0.028188,0.400260,0.014114,0.915859,-215.581131,92.388161,96.992699
997,8.308333,-0.028220,0.400238,0.014149,0.915867,-215.576035,92.395882,96.990799
998,8.316667,-0.028053,0.400352,0.013971,0.915826,-215.570023,92.402420,96.990791
999,8.325000,-0.028111,0.400360,0.013769,0.915823,-215.564560,92.403046,96.991943
1000,8.333333,-0.028069,0.400423,0.013553,0.915800,-215.558884,92.395767,96.995415
1001,8.341667,-0.027618,0.400305,0.013301,0.915869,-215.553757,92.387375,96.998665
1002,8.350000,-0.027398,0.400216,0.012829,0.915921,-215.547470,92.377632,96.998741
1003,8.358333,-0.027255,0.400196,0.012579,0.915938,-215.545944,92.376198,96.995468
1004,8.366667,-0.027403,0.400156,0.012474,0.915952,-215.541962,92.377464,96.989235
1005,8.375000,-0.027697,0.400062,0.012295,0.915987,-215.536316,92.381493,96.983162
1006,8.383333,-0.027930,0.400154,0.011934,0.915945,-215.525482,92.380493,96.974304
1007,8.391667,-0.028400,0.400398,0.011485,0.915829,-215.513733,92.372910,96.959763
1008,8.400000,-0.029176,0.400286,0.010868,0.915861,-215.493774,92.337547,96.943787
1009,8.408333,-0.029960,0.400059,0.010447,0.915940,-215.473053,92.273483,96.925339
1010,8.416667,-0.030534,0.399531,0.009936,0.916157,-215.478424,92.171295,96.921036
1011,8.425000,-0.030365,0.399180,0.007584,0.916338,-215.463165,92.142387,96.897018
1012,8.433333,-0.030096,0.399032,0.006653,0.916419,-215.440338,92.117363,96.895584
1013,8.441667,-0.028591,0.398755,0.007336,0.916582,-215.423843,92.112465,96.909279
1014,8.450000,-0.027759,0.399312,0.006239,0.916373,-215.410995,92.151123,96.959869
1015,8.458333,-0.025774,0.398656,0.006524,0.916715,-215.395218,92.158768,97.003815
1016,8.466667,-0.024143,0.398234,0.006900,0.916940,-215.390137,92.163254,97.052643
1017,8.475000,-0.022972,0.398017,0.008475,0.917051,-215.398453,92.168167,97.115425
1018,8.483333,-0.021294,0.397619,0.009024,0.917259,-215.410690,92.160339,97.183151
1019,8.491667,-0.019531,0.397758,0.011790,0.917207,-215.456558,92.127243,97.253883
1020,8.500000,-0.018365,0.398499,0.012302,0.916902,-215.482712,92.105469,97.317299
1021,8.508333,-0.016023,0.400921,0.011914,0.915895,-215.475677,92.089531,97.402687
1022,8.516667,-0.012820,0.402975,0.012701,0.915033,-215.460495,92.081284,97.500488
1023,8.525000,-0.009657,0.404043,0.012977,0.914597,-215.445358,92.093018,97.606049
1024,8.533333,-0.006762,0.405152,0.015140,0.914099,-215.431137,92.091026,97.716537
1025,8.541667,-0.005649,0.405179,0.016412,0.914073,-215.406555,92.108360,97.793350
1026,8.550000,-0.004215,0.405624,0.017054,0.913871,-215.396255,92.129150,97.871803
1027,8.558333,-0.003193,0.406636,0.018471,0.913398,-215.394012,92.139221,97.934258
1028,8.566667,-0.002006,0.407800,0.020106,0.912848,-215.404037,92.141121,97.986443
1029,8.575000,-0.000672,0.408071,0.022667,0.912668,-215.444733,92.127808,98.026810
1030,8.583333,0.000229,0.408594,0.023129,0.912423,-215.466141,92.126114,98.048767
1031,8.591667,0.000642,0.408823,0.022460,0.912337,-215.478424,92.124344,98.057251
1032,8.600000,0.000211,0.408844,0.021427,0.912353,-215.483597,92.117775,98.056252
1033,8.608333,-0.000391,0.408770,0.020327,0.912411,-215.480591,92.113228,98.044075
1034,8.616667,-0.001362,0.408486,0.019350,0.912558,-215.466049,92.113426,98.020821
1035,8.625000,-0.002002,0.407517,0.019761,0.912982,-215.433258,92.106552,97.975792
1036,8.633333,-0.003057,0.407051,0.018832,0.913206,-215.413696,92.119240,97.934120
1037,8.641667,-0.004325,0.406845,0.018235,0.913305,-215.404800,92.131889,97.884422
1038,8.650000,-0.005159,0.406813,0.018057,0.913318,-215.405457,92.137230,97.824547
1039,8.658333,-0.005575,0.406330,0.019184,0.913508,-215.432053,92.125557,97.751205
1040,8.666667,-0.007201,0.405981,0.018339,0.913669,-215.434616,92.124947,97.663406
1041,8.675000,-0.009548,0.406152,0.015899,0.913618,-215.439301,92.131683,97.565178
1042,8.683333,-0.011441,0.406766,0.014584,0.913344,-215.444321,92.124657,97.481087
1043,8.691667,-0.014289,0.407542,0.013042,0.912982,-215.443344,92.112381,97.404633
1044,8.700000,-0.017067,0.407676,0.011171,0.912899,-215.427902,92.103371,97.337158
1045,8.708333,-0.018609,0.407599,0.009833,0.912919,-215.410187,92.108360,97.289177
1046,8.716667,-0.019681,0.407598,0.008810,0.912907,-215.391251,92.117020,97.255066
1047,8.725000,-0.020424,0.407831,0.008058,0.912794,-215.375992,92.125221,97.229073
1048,8.733333,-0.020573,0.407960,0.007414,0.912738,-215.365570,92.128777,97.218010
1049,8.741667,-0.020466,0.407970,0.007160,0.912738,-215.364029,92.130295,97.223846
1050,8.750000,-0.020002,0.407978,0.007284,0.912744,-215.366837,92.130302,97.240280
1051,8.758333,-0.019445,0.407588,0.008279,0.912921,-215.375473,92.128822,97.273376
1052,8.766667,-0.018354,0.407437,0.009367,0.913001,-215.385818,92.121712,97.312874
1053,8.775000,-0.017280,0.407487,0.010311,0.912989,-215.403839,92.114006,97.361557
1054,8.783333,-0.015721,0.407312,0.011403,0.913083,-215.429062,92.106239,97.424133
1055,8.791667,-0.013535,0.406882,0.012186,0.913299,-215.449951,92.102180,97.488083
1056,8.800000,-0.011215,0.406634,0.013425,0.913424,-215.463806,92.097130,97.572884
1057,8.808333,-0.008879,0.406368,0.015594,0.913533,-215.465363,92.090927,97.666695
1058,8.816667,-0.007324,0.405837,0.017673,0.913745,-215.461777,92.094215,97.751389
1059,8.825000,-0.005933,0.404865,0.018460,0.914171,-215.450500,92.101906,97.823898
1060,8.833333,-0.004781,0.404312,0.018809,0.914415,-215.440552,92.112358,97.883911
1061,8.841667,-0.003649,0.404098,0.019373,0.914503,-215.435501,92.122200,97.932396
1062,8.850000,-0.002636,0.404160,0.020682,0.914451,-215.436386,92.127541,97.966438
1063,8.858333,-0.002192,0.404226,0.021335,0.914408,-215.437225,92.122963,97.989487
1064,8.866667,-0.001774,0.404346,0.021527,0.914351,-215.435669,92.118912,98.000130
1065,8.875000,-0.001793,0.404413,0.021086,0.914332,-215.431808,92.115593,98.000336
1066,8.883333,-0.002112,0.404489,0.020731,0.914306,-215.434296,92.116936,97.988960
1067,8.891667,-0.002628,0.404436,0.020253,0.914339,-215.440277,92.119850,97.970490
1068,8.900000,-0.003356,0.404246,0.019543,0.914436,-215.444046,92.121391,97.939819
1069,8.908333,-0.003932,0.404094,0.019360,0.914504,-215.443878,92.120255,97.901108
1070,8.916667,-0.004831,0.404196,0.019499,0.914452,-215.441513,92.116417,97.851555
1071,8.925000,-0.005801,0.404512,0.019064,0.914316,-215.438538,92.115883,97.789673
1072,8.933333,-0.006764,0.404617,0.017915,0.914286,-215.428741,92.112541,97.708366
1073,8.941667,-0.008425,0.404416,0.015923,0.914398,-215.420944,92.115585,97.619644
1074,8.950000,-0.010127,0.404628,0.013634,0.914324,-215.410873,92.112717,97.532043
1075,8.958333,-0.012573,0.405210,0.011913,0.914060,-215.400009,92.104027,97.454895
1076,8.966667,-0.014985,0.405796,0.010315,0.913782,-215.386078,92.098816,97.392876
1077,8.975000,-0.016737,0.406039,0.009115,0.913657,-215.370255,92.105721,97.346809
1078,8.983333,-0.017620,0.406267,0.008588,0.913544,-215.355728,92.114738,97.315689
1079,8.991667,-0.018343,0.406223,0.008315,0.913552,-215.347458,92.122864,97.294167
1080,9.000000,-0.018590,0.406284,0.008077,0.913522,-215.344757,92.127403,97.284958
1081,9.008333,-0.018681,0.406371,0.008271,0.913480,-215.350128,92.128983,97.286713
1082,9.016667,-0.018538,0.406381,0.008522,0.913476,-215.360504,92.125549,97.300354
1083,9.025000,-0.018089,0.406476,0.008870,0.913439,-215.375473,92.119438,97.323532
1084,9.033333,-0.017314,0.406609,0.009658,0.913387,-215.394012,92.112183,97.361580
1085,9.041667,-0.016020,0.406704,0.010850,0.913355,-215.419525,92.105377,97.414673
1086,9.050000,-0.014179,0.406485,0.011754,0.913472,-215.442276,92.099991,97.469139
1087,9.058333,-0.012179,0.406203,0.012496,0.913616,-215.460083,92.096054,97.534225
1088,9.066667,-0.011022,0.405590,0.015627,0.913855,-215.470123,92.101402,97.628525
1089,9.075000,-0.009536,0.405199,0.018061,0.914000,-215.463928,92.100945,97.714470
1090,9.083333,-0.007266,0.405126,0.018601,0.914043,-215.458801,92.101959,97.782089
1091,9.091667,-0.005655,0.404531,0.018539,0.914319,-215.450455,92.108025,97.837883
1092,9.100000,-0.004059,0.404363,0.018697,0.914398,-215.446655,92.115471,97.882645
1093,9.108333,-0.003149,0.404483,0.018855,0.914346,-215.450531,92.119446,97.916267
1094,9.116667,-0.002721,0.404548,0.019451,0.914306,-215.456635,92.120461,97.938522
1095,9.125000,-0.002754,0.404647,0.019755,0.914255,-215.459473,92.116173,97.947899
1096,9.133333,-0.002691,0.404703,0.019779,0.914230,-215.456818,92.112587,97.947113
1097,9.141667,-0.002908,0.404670,0.019395,0.914252,-215.448929,92.112610,97.937645
1098,9.150000,-0.003178,0.404552,0.018808,0.914316,-215.447144,92.115700,97.919937
1099,9.158333,-0.003556,0.404240,0.018490,0.914459,-215.444702,92.115349,97.897911
1100,9.166667,-0.004699,0.404096,0.019165,0.914504,-215.441940,92.116493,97.857719
1101,9.175000,-0.005698,0.404233,0.019225,0.914437,-215.432098,92.116455,97.808479
1102,9.183333,-0.006892,0.404013,0.019091,0.914528,-215.429214,92.110008,97.741989
1103,9.191667,-0.008084,0.403769,0.017356,0.914661,-215.422440,92.111557,97.664139
1104,9.200000,-0.009589,0.403949,0.014802,0.914611,-215.404724,92.115173,97.579338
1105,9.208333,-0.011654,0.404554,0.012216,0.914359,-215.388840,92.110649,97.501480
1106,9.216667,-0.013925,0.405509,0.010495,0.913925,-215.375565,92.099922,97.438774
1107,9.225000,-0.010670,0.407190,0.010535,0.913220,-215.376709,92.127914,97.419052
1108,9.233333,-0.010912,0.407207,0.010392,0.913212,-215.374237,92.132622,97.389755
1109,9.241667,-0.011088,0.407424,0.009494,0.913123,-215.368103,92.134094,97.364349
1110,9.250000,-0.011236,0.407558,0.009538,0.913060,-215.357880,92.137589,97.350983
1111,9.258333,-0.011139,0.406957,0.011162,0.913311,-215.367218,92.136002,97.356133
1112,9.266667,-0.010776,0.406977,0.011191,0.913306,-215.369080,92.144104,97.379128
1113,9.275000,-0.009860,0.407091,0.011491,0.913262,-215.374405,92.147186,97.411690
1114,9.283333,-0.008784,0.407057,0.011967,0.913282,-215.386322,92.150429,97.451141
1115,9.291667,-0.007233,0.407095,0.012482,0.913272,-215.405777,92.154137,97.500412
1116,9.300000,-0.004968,0.407220,0.013648,0.913215,-215.425278,92.155151,97.562317
1117,9.308333,-0.003755,0.407224,0.015562,0.913188,-215.437912,92.144966,97.633415
1118,9.316667,-0.002392,0.406593,0.018442,0.913420,-215.464859,92.123787,97.712822
1119,9.325000,-0.001498,0.406507,0.019260,0.913443,-215.465210,92.129425,97.782761
1120,9.333333,-0.000376,0.406197,0.019603,0.913575,-215.460114,92.135628,97.836838
1121,9.341667,0.000696,0.405776,0.019721,0.913759,-215.454788,92.139755,97.876648
1122,9.350000,0.001511,0.405273,0.020066,0.913974,-215.453079,92.143044,97.905045
1123,9.358333,0.002073,0.404891,0.020160,0.914140,-215.451126,92.142418,97.919418
1124,9.366667,0.002324,0.404749,0.020287,0.914200,-215.448547,92.143082,97.925209
1125,9.375000,0.002187,0.404702,0.020309,0.914221,-215.448303,92.143738,97.922562
1126,9.383333,0.001695,0.404761,0.020350,0.914195,-215.449783,92.143700,97.906425
1127,9.391667,0.001024,0.404706,0.020233,0.914222,-215.451767,92.139923,97.881836
1128,9.400000,0.001133,0.405457,0.018492,0.913926,-215.452332,92.126450,97.837326
1129,9.408333,0.000199,0.405908,0.017203,0.913752,-215.455627,92.112900,97.782486
1130,9.416667,-0.001215,0.406681,0.015260,0.913442,-215.446503,92.104942,97.718430
1131,9.425000,-0.002786,0.406757,0.013976,0.913425,-215.441086,92.117218,97.656174
1132,9.433333,-0.003695,0.406973,0.013059,0.913339,-215.419647,92.121216,97.582367
1133,9.441667,-0.005685,0.406962,0.011273,0.913358,-215.395218,92.124985,97.521370
1134,9.450000,-0.007438,0.406882,0.010463,0.913391,-215.370102,92.125145,97.474709
1135,9.458333,-0.008375,0.407017,0.009557,0.913332,-215.351028,92.131264,97.441582
1136,9.466667,-0.008905,0.406825,0.009383,0.913414,-215.346771,92.133179,97.423431
1137,9.475000,-0.009049,0.406935,0.008786,0.913370,-215.340668,92.137756,97.415207
1138,9.483333,-0.008975,0.407121,0.008364,0.913292,-215.337585,92.138710,97.419212
1139,9.491667,-0.008857,0.407174,0.008370,0.913269,-215.339844,92.140724,97.433548
1140,9.500000,-0.008121,0.407442,0.009050,0.913150,-215.335922,92.134186,97.455475
1141,9.508333,-0.006660,0.407906,0.009535,0.912950,-215.338730,92.132568,97.497696
1142,9.516667,-0.004543,0.408363,0.010153,0.912752,-215.346878,92.132721,97.549927
1143,9.525000,-0.003033,0.408346,0.011653,0.912748,-215.357620,92.125572,97.620544
1144,9.533333,-0.001731,0.407488,0.014937,0.913087,-215.394730,92.112785,97.677193
1145,9.541667,-0.000760,0.406994,0.016600,0.913280,-215.430115,92.116615,97.726181
1146,9.550000,-0.000324,0.406574,0.018392,0.913433,-215.462845,92.125008,97.772804
1147,9.558333,-0.000043,0.406681,0.019599,0.913360,-215.491943,92.125328,97.803925
1148,9.566667,-0.000043,0.406627,0.020335,0.913368,-215.516571,92.121590,97.824814
1149,9.575000,-0.000453,0.406588,0.020585,0.913380,-215.531784,92.115799,97.833092
1150,9.583333,-0.000411,0.406470,0.020515,0.913434,-215.538574,92.115387,97.829643
1151,9.591667,-0.000759,0.406356,0.020245,0.913490,-215.538025,92.117157,97.818817
1152,9.600000,-0.001235,0.406123,0.020004,0.913599,-215.529251,92.117233,97.795578
1153,9.608333,-0.002369,0.405742,0.018922,0.913789,-215.514206,92.115387,97.758156
1154,9.616667,-0.002820,0.405822,0.017726,0.913776,-215.491486,92.112587,97.712479
1155,9.625000,-0.003597,0.405888,0.016038,0.913775,-215.463547,92.112556,97.659477
1156,9.633333,-0.003483,0.406647,0.013445,0.913480,-215.422699,92.116226,97.600952
1157,9.641667,-0.004486,0.406953,0.011858,0.913361,-215.381958,92.119331,97.561607
1158,9.650000,-0.006277,0.406905,0.010868,0.913384,-215.334656,92.124687,97.531715
1159,9.658333,-0.007187,0.406529,0.009976,0.913555,-215.291595,92.131493,97.517105
1160,9.666667,-0.007541,0.405845,0.009439,0.913862,-215.256500,92.139160,97.514229
1161,9.675000,-0.006767,0.405095,0.010099,0.914194,-215.238190,92.135910,97.526672
1162,9.683333,-0.005481,0.405098,0.010679,0.914195,-215.221664,92.134491,97.552002
1163,9.691667,-0.004057,0.405342,0.010762,0.914093,-215.205170,92.141304,97.580582
1164,9.700000,-0.003265,0.405515,0.010321,0.914024,-215.203064,92.150383,97.603745
1165,9.708333,-0.003246,0.405881,0.010566,0.913859,-215.221405,92.153984,97.619888
1166,9.716667,-0.003365,0.406306,0.011166,0.913663,-215.253204,92.152016,97.631088
1167,9.725000,-0.003906,0.406677,0.012278,0.913481,-215.301163,92.149040,97.630814
1168,9.733333,-0.003926,0.406616,0.013402,0.913492,-215.358948,92.153557,97.620483
1169,9.741667,-0.004273,0.406401,0.014903,0.913563,-215.412277,92.155670,97.615181
1170,9.750000,-0.004933,0.406188,0.016583,0.913626,-215.460129,92.151657,97.623474
1171,9.758333,-0.005062,0.406126,0.018514,0.913616,-215.500061,92.142860,97.641541
1172,9.766667,-0.005047,0.406167,0.020094,0.913564,-215.532639,92.132538,97.669777
1173,9.775000,-0.005321,0.406074,0.020363,0.913598,-215.559006,92.126320,97.693871
1174,9.783333,-0.005166,0.406236,0.020217,0.913530,-215.574509,92.120285,97.708603
1175,9.791667,-0.004861,0.406124,0.020221,0.913581,-215.575287,92.116394,97.716164
1176,9.800000,-0.004650,0.405906,0.020002,0.913684,-215.561218,92.115440,97.715668
1177,9.808333,-0.004496,0.405634,0.019624,0.913814,-215.532516,92.115967,97.703110
1178,9.816667,-0.004634,0.405608,0.019024,0.913837,-215.499451,92.120934,97.683357
1179,9.825000,-0.004799,0.405480,0.017950,0.913915,-215.464493,92.125786,97.658989
1180,9.833333,-0.004736,0.405689,0.016394,0.913852,-215.423920,92.129166,97.633453
1181,9.841667,-0.004770,0.406050,0.014305,0.913727,-215.377396,92.127480,97.617340
1182,9.850000,-0.005115,0.406276,0.012664,0.913648,-215.326721,92.125687,97.608475
1183,9.858333,-0.005121,0.406067,0.011400,0.913758,-215.284012,92.128944,97.598701
1184,9.866667,-0.005286,0.405699,0.010605,0.913930,-215.253494,92.135918,97.581978
1185,9.875000,-0.005282,0.405332,0.010243,0.914097,-215.231018,92.138374,97.571709
1186,9.883333,-0.004837,0.405712,0.011552,0.913915,-215.207199,92.128830,97.574623
1187,9.891667,-0.004465,0.405986,0.011071,0.913801,-215.195465,92.134491,97.583534
1188,9.900000,-0.004517,0.405817,0.010626,0.913881,-215.201645,92.139664,97.585907
1189,9.908333,-0.004640,0.405669,0.010342,0.913950,-215.221954,92.142601,97.587433
1190,9.916667,-0.004583,0.405547,0.010485,0.914003,-215.249680,92.144325,97.595390
1191,9.925000,-0.004212,0.405695,0.011231,0.913930,-215.285797,92.144569,97.608147
1192,9.933333,-0.003886,0.405700,0.012672,0.913910,-215.334366,92.145935,97.622818
1193,9.941667,-0.003907,0.405437,0.014253,0.914004,-215.381714,92.146393,97.642151
1194,9.950000,-0.004215,0.405023,0.015635,0.914163,-215.427582,92.148300,97.665199
1195,9.958333,-0.004497,0.404551,0.016740,0.914351,-215.468292,92.147148,97.684845
1196,9.966667,-0.004755,0.403946,0.017823,0.914597,-215.508026,92.146576,97.700821
1197,9.975000,-0.005099,0.403747,0.018573,0.914668,-215.536713,92.144859,97.704247
1198,9.983333,-0.005400,0.403683,0.018911,0.914688,-215.556000,92.141190,97.698898
1199,9.991667,-0.005852,0.403662,0.018854,0.914695,-215.566208,92.139107,97.686485
1200,10.000000,-0.006136,0.403799,0.018703,0.914636,-215.566208,92.135872,97.668045
1201,10.008333,-0.006372,0.404099,0.018067,0.914515,-215.549805,92.139366,97.651276
1202,10.016667,-0.006102,0.404198,0.017153,0.914490,-215.523483,92.140884,97.642311
1203,10.025000,-0.005710,0.404201,0.016108,0.914511,-215.490311,92.142395,97.641869
1204,10.033333,-0.005285,0.404277,0.014887,0.914500,-215.447189,92.139816,97.649834
1205,10.041667,-0.004812,0.404359,0.013542,0.914487,-215.393875,92.139153,97.655640
1206,10.050000,-0.004575,0.404290,0.012278,0.914537,-215.351440,92.141853,97.649261
1207,10.058333,-0.004413,0.404194,0.011331,0.914593,-215.319870,92.147301,97.628975
1208,10.066667,-0.004739,0.403765,0.010372,0.914792,-215.301987,92.149803,97.594551
1209,10.075000,-0.005522,0.403400,0.009458,0.914958,-215.294785,92.154091,97.561913
1210,10.083333,-0.006022,0.403191,0.009039,0.915051,-215.298035,92.158096,97.539444
1211,10.091667,-0.006320,0.403165,0.008934,0.915062,-215.303329,92.159485,97.533905
1212,10.100000,-0.006258,0.403263,0.008950,0.915019,-215.312286,92.159233,97.541389
1213,10.108333,-0.005711,0.403464,0.009460,0.914929,-215.327789,92.159325,97.565681
1214,10.116667,-0.005055,0.403563,0.010029,0.914883,-215.345978,92.160110,97.597351
1215,10.125000,-0.004445,0.403563,0.011102,0.914874,-215.368683,92.162109,97.628883
1216,10.133333,-0.004113,0.402872,0.014687,0.915129,-215.426941,92.146957,97.660416
1217,10.141667,-0.004160,0.402932,0.015605,0.915087,-215.451019,92.152458,97.671967
1218,10.150000,-0.004253,0.402972,0.016319,0.915057,-215.474228,92.156555,97.679695
1219,10.158333,-0.004631,0.402982,0.016845,0.915041,-215.494400,92.156944,97.680771
1220,10.166667,-0.004799,0.403015,0.017377,0.915016,-215.512802,92.153870,97.673218
1221,10.175000,-0.005174,0.403122,0.017741,0.914960,-215.525894,92.149010,97.663666
1222,10.183333,-0.005523,0.403418,0.017839,0.914825,-215.532379,92.145744,97.650116
1223,10.191667,-0.005991,0.403788,0.017355,0.914668,-215.525787,92.142693,97.640320
1224,10.200000,-0.005813,0.403959,0.016581,0.914608,-215.506012,92.142502,97.638741
1225,10.208333,-0.005640,0.403916,0.015662,0.914645,-215.476440,92.141632,97.647728
1226,10.216667,-0.005087,0.403863,0.015195,0.914679,-215.445587,92.135567,97.660706
1227,10.225000,-0.004830,0.404108,0.013613,0.914597,-215.396759,92.139290,97.660263
1228,10.233333,-0.004643,0.404149,0.012369,0.914598,-215.355774,92.146103,97.645744
1229,10.241667,-0.004547,0.403996,0.011162,0.914682,-215.331314,92.149315,97.621918
1230,10.250000,-0.005004,0.403615,0.010673,0.914853,-215.325302,92.154991,97.585800
1231,10.258333,-0.005404,0.403380,0.010393,0.914958,-215.329025,92.156616,97.560036
1232,10.266667,-0.005781,0.403243,0.010192,0.915018,-215.337250,92.156937,97.544769
1233,10.275000,-0.005786,0.403238,0.010346,0.915018,-215.348694,92.155609,97.544823
1234,10.283333,-0.005510,0.403323,0.011172,0.914973,-215.364334,92.156067,97.558281
1235,10.291667,-0.004960,0.403321,0.012300,0.914963,-215.383118,92.156181,97.585144
1236,10.300000,-0.004835,0.403276,0.012995,0.914973,-215.397903,92.150826,97.621521
1237,10.308333,-0.004523,0.403138,0.014636,0.915011,-215.418213,92.140457,97.664391
1238,10.316667,-0.004654,0.402985,0.015865,0.915057,-215.431793,92.139313,97.697472
1239,10.325000,-0.004442,0.402963,0.016608,0.915055,-215.441055,92.138252,97.722054
1240,10.333333,-0.004278,0.403021,0.016748,0.915027,-215.443802,92.136162,97.736565
1241,10.341667,-0.004101,0.403042,0.016751,0.915019,-215.440887,92.135010,97.741196
1242,10.350000,-0.004031,0.402979,0.016736,0.915047,-215.440109,92.136230,97.734871
1243,10.358333,-0.004150,0.402930,0.016734,0.915068,-215.439133,92.137405,97.719414
1244,10.366667,-0.004364,0.403106,0.015961,0.915004,-215.432877,92.136017,97.694870
1245,10.375000,-0.004629,0.403315,0.014901,0.914928,-215.423447,92.136261,97.662888
1246,10.383333,-0.005137,0.403682,0.013421,0.914787,-215.405869,92.142418,97.620132
1247,10.391667,-0.005907,0.403837,0.012041,0.914733,-215.388031,92.146034,97.587914
1248,10.400000,-0.006452,0.403965,0.010825,0.914688,-215.368912,92.148254,97.569153
1249,10.408333,-0.006540,0.404032,0.010386,0.914663,-215.351898,92.149345,97.564964
1250,10.416667,-0.006318,0.403909,0.010151,0.914721,-215.340118,92.149788,97.572861
1251,10.425000,-0.005364,0.403857,0.010458,0.914747,-215.334030,92.150810,97.594444
1252,10.433333,-0.004738,0.403938,0.010816,0.914710,-215.334290,92.152664,97.621902
1253,10.441667,-0.004352,0.403932,0.011719,0.914704,-215.344070,92.152687,97.639046
1254,10.450000,-0.003922,0.404125,0.013037,0.914602,-215.368774,92.150993,97.643051
1255,10.458333,-0.003966,0.404477,0.014414,0.914426,-215.398834,92.150024,97.639534
1256,10.466667,-0.004341,0.404727,0.015546,0.914295,-215.422745,92.143646,97.645782
1257,10.475000,-0.004899,0.405003,0.016430,0.914154,-215.440887,92.140182,97.659294
1258,10.483333,-0.005063,0.405302,0.017049,0.914010,-215.452271,92.135330,97.673279
1259,10.491667,-0.005268,0.405350,0.017457,0.913980,-215.457672,92.130028,97.681641
1260,10.500000,-0.005257,0.405483,0.017951,0.913911,-215.452072,92.125153,97.684021
1261,10.508333,-0.005499,0.404598,0.016233,0.914334,-215.449554,92.138451,97.664406
1262,10.516667,-0.005181,0.404460,0.015877,0.914403,-215.435196,92.133179,97.650894
1263,10.525000,-0.004697,0.404401,0.015614,0.914436,-215.415604,92.127365,97.642860
1264,10.533333,-0.004705,0.404554,0.014941,0.914380,-215.382935,92.123482,97.647041
1265,10.541667,-0.004695,0.404639,0.014106,0.914356,-215.355652,92.126289,97.640251
1266,10.550000,-0.004862,0.404541,0.013300,0.914410,-215.338593,92.133995,97.618462
1267,10.558333,-0.004954,0.404414,0.012777,0.914473,-215.331238,92.138290,97.601654
1268,10.566667,-0.004852,0.404348,0.012600,0.914506,-215.330154,92.139725,97.596092
1269,10.575000,-0.004621,0.404307,0.012833,0.914522,-215.336792,92.139015,97.607262
1270,10.583333,-0.004434,0.404458,0.013487,0.914446,-215.347122,92.135971,97.627342
1271,10.591667,-0.004187,0.404447,0.014358,0.914439,-215.364151,92.135101,97.642456
1272,10.600000,-0.004112,0.404253,0.015335,0.914509,-215.387558,92.136292,97.650269
1273,10.608333,-0.004273,0.404031,0.015970,0.914596,-215.411163,92.135155,97.656776
1274,10.616667,-0.004709,0.403791,0.016598,0.914689,-215.428131,92.129555,97.657867
1275,10.625000,-0.004830,0.403730,0.016755,0.914712,-215.437958,92.128189,97.653267
1276,10.633333,-0.004899,0.403829,0.016542,0.914672,-215.436295,92.125542,97.650833
1277,10.641667,-0.005025,0.404030,0.016155,0.914589,-215.422180,92.123711,97.655457
1278,10.650000,-0.004752,0.404145,0.015748,0.914547,-215.399979,92.122780,97.659355
1279,10.658333,-0.004688,0.404180,0.015051,0.914544,-215.378662,92.126099,97.652504
1280,10.666667,-0.004700,0.403930,0.014249,0.914667,-215.363953,92.134155,97.634941
1281,10.675000,-0.004992,0.403622,0.013995,0.914805,-215.350937,92.138657,97.623718
1282,10.683333,-0.005202,0.403282,0.014333,0.914949,-215.341660,92.141655,97.621498
1283,10.691667,-0.004978,0.403110,0.014857,0.915017,-215.339752,92.144341,97.632828
1284,10.700000,-0.005063,0.402929,0.015423,0.915087,-215.341644,92.143044,97.649368
1285,10.708333,-0.005057,0.402617,0.016065,0.915214,-215.348846,92.145523,97.662506
1286,10.716667,-0.004989,0.402316,0.016611,0.915336,-215.357254,92.146179,97.673286
1287,10.725000,-0.005021,0.402109,0.017037,0.915420,-215.364670,92.142868,97.680038
1288,10.733333,-0.004958,0.402049,0.017023,0.915447,-215.366882,92.138847,97.679657
1289,10.741667,-0.004921,0.402130,0.016710,0.915417,-215.363693,92.135468,97.673485
1290,10.750000,-0.004895,0.402233,0.016050,0.915384,-215.355606,92.135162,97.661034
1291,10.758333,-0.005058,0.402497,0.015471,0.915277,-215.346268,92.135567,97.650909
1292,10.766667,-0.005322,0.402722,0.014784,0.915188,-215.338989,92.137962,97.638466
1293,10.775000,-0.005292,0.402934,0.014605,0.915097,-215.335205,92.139893,97.631966
1294,10.783333,-0.005300,0.402880,0.013349,0.915140,-215.343567,92.149269,97.631599
1295,10.791667,-0.005068,0.402972,0.013576,0.915098,-215.356827,92.146713,97.634613
1296,10.800000,-0.004716,0.403027,0.013990,0.915069,-215.373962,92.143036,97.634216
1297,10.808333,-0.004472,0.403450,0.015136,0.914866,-215.380692,92.130127,97.644653
1298,10.816667,-0.004553,0.403598,0.015284,0.914797,-215.389755,92.129715,97.653374
1299,10.825000,-0.004625,0.403619,0.015481,0.914785,-215.400116,92.131279,97.656082
1300,10.833333,-0.004823,0.403539,0.015648,0.914816,-215.406616,92.129036,97.654388
1301,10.841667,-0.004864,0.403595,0.015698,0.914790,-215.405243,92.126175,97.653862
1302,10.850000,-0.004885,0.403764,0.015422,0.914720,-215.396149,92.124863,97.651787
1303,10.858333,-0.004857,0.403745,0.015080,0.914734,-215.387207,92.127121,97.644455
1304,10.866667,-0.004998,0.403770,0.014772,0.914728,-215.377853,92.129295,97.639229
1305,10.875000,-0.005040,0.403754,0.014453,0.914739,-215.369385,92.130928,97.632774
1306,10.883333,-0.005201,0.404419,0.013987,0.914452,-215.357803,92.133949,97.637230
1307,10.891667,-0.005120,0.404291,0.013075,0.914522,-215.352127,92.139252,97.630402
1308,10.900000,-0.005269,0.403891,0.012007,0.914713,-215.354874,92.147568,97.625038
1309,10.908333,-0.005404,0.403381,0.011663,0.914942,-215.363449,92.152908,97.623268
1310,10.916667,-0.005184,0.402997,0.012184,0.915106,-215.374283,92.152527,97.626183
1311,10.925000,-0.005027,0.402821,0.012803,0.915176,-215.384033,92.148346,97.629860
1312,10.933333,-0.004718,0.402891,0.013337,0.915139,-215.391159,92.144211,97.633980
1313,10.941667,-0.004816,0.402924,0.013750,0.915118,-215.396149,92.141098,97.639687
1314,10.950000,-0.004822,0.402965,0.014243,0.915092,-215.401718,92.139847,97.644463
1315,10.958333,-0.004863,0.403027,0.014384,0.915062,-215.404343,92.139526,97.646957
1316,10.966667,-0.005100,0.403024,0.014245,0.915064,-215.403870,92.137215,97.644135
1317,10.975000,-0.005130,0.403048,0.013996,0.915057,-215.401169,92.136833,97.642319
1318,10.983333,-0.004955,0.403076,0.013895,0.915048,-215.397552,92.138008,97.638527
1319,10.991667,-0.004903,0.403108,0.013800,0.915035,-215.393372,92.138931,97.635475
1320,11.000000,-0.005023,0.403037,0.013775,0.915066,-215.388947,92.138611,97.632195
1321,11.008333,-0.004928,0.402984,0.013524,0.915094,-215.385986,92.138504,97.629189
1322,11.016667,-0.004967,0.403008,0.013512,0.915083,-215.382050,92.138451,97.626732
1323,11.025000,-0.005018,0.403021,0.013441,0.915078,-215.379257,92.138237,97.624214
1324,11.033333,-0.004974,0.403056,0.013444,0.915063,-215.377594,92.137924,97.623497
1325,11.041667,-0.005016,0.403072,0.013509,0.915055,-215.376663,92.137390,97.623360
1326,11.050000,-0.004932,0.403043,0.013616,0.915066,-215.377808,92.137657,97.625130
1327,11.058333,-0.004880,0.403052,0.013706,0.915061,-215.379669,92.137947,97.625923
1328,11.066667,-0.004899,0.403019,0.013917,0.915073,-215.381744,92.137718,97.627205
1329,11.075000,-0.004838,0.402993,0.014113,0.915082,-215.384628,92.137100,97.629944
1330,11.083333,-0.004860,0.403005,0.014195,0.915075,-215.386124,92.135170,97.631836
1331,11.091667,-0.004847,0.403179,0.013815,0.915004,-215.387543,92.138084,97.637291
1332,11.100000,-0.005090,0.403262,0.013910,0.914965,-215.388794,92.140007,97.639473
1333,11.108333,-0.005136,0.403348,0.013989,0.914925,-215.389297,92.141548,97.641823
1334,11.116667,-0.004838,0.403893,0.015197,0.914667,-215.380051,92.129929,97.642227
1335,11.125000,-0.004453,0.404418,0.014555,0.914447,-215.373657,92.128128,97.636459
1336,11.133333,-0.004438,0.404552,0.014405,0.914391,-215.371704,92.127838,97.636246
1337,11.141667,-0.004517,0.404549,0.014400,0.914392,-215.372162,92.128494,97.636642
1338,11.150000,-0.004607,0.404412,0.014697,0.914447,-215.373047,92.128792,97.638443
1339,11.158333,-0.004860,0.404006,0.015101,0.914619,-215.377228,92.131210,97.642471
1340,11.166667,-0.004908,0.403750,0.015336,0.914728,-215.379883,92.132034,97.644119
1341,11.175000,-0.004964,0.403635,0.015390,0.914777,-215.380066,92.131844,97.643318
1342,11.183333,-0.004836,0.403648,0.015303,0.914774,-215.378906,92.130409,97.641907
1343,11.191667,-0.004933,0.403595,0.014992,0.914802,-215.377808,92.129707,97.640343
1344,11.200000,-0.004724,0.403667,0.014824,0.914774,-215.376694,92.130836,97.637924
1345,11.208333,-0.004899,0.403701,0.014679,0.914760,-215.374176,92.129524,97.635780
1346,11.216667,-0.004857,0.403741,0.014548,0.914745,-215.372437,92.130020,97.634087
1347,11.225000,-0.004863,0.403746,0.014346,0.914746,-215.370819,92.129631,97.633240
1348,11.233333,-0.004773,0.403742,0.014434,0.914746,-215.370651,92.129852,97.632256
1349,11.241667,-0.004834,0.403705,0.014441,0.914762,-215.371460,92.130653,97.633789
1350,11.250000,-0.004771,0.403658,0.014575,0.914781,-215.372986,92.130493,97.636063
1351,11.258333,-0.004709,0.403605,0.014590,0.914805,-215.376282,92.131165,97.638748
1352,11.266667,-0.004711,0.403588,0.014797,0.914809,-215.379150,92.130157,97.640839
1353,11.275000,-0.004643,0.403604,0.014949,0.914800,-215.381668,92.128708,97.643463
1354,11.283333,-0.004602,0.403659,0.015073,0.914774,-215.384094,92.129196,97.645477
1355,11.291667,-0.004650,0.403586,0.015101,0.914805,-215.386658,92.128235,97.647820
1356,11.300000,-0.004599,0.403597,0.015072,0.914801,-215.388657,92.127899,97.649231
1357,11.308333,-0.004558,0.403637,0.015206,0.914782,-215.390060,92.128357,97.650986
1358,11.316667,-0.004459,0.403677,0.015201,0.914764,-215.390701,92.127701,97.651176
1359,11.325000,-0.004698,0.403681,0.015263,0.914760,-215.389755,92.127243,97.649559
1360,11.333333,-0.004843,0.403367,0.014865,0.914905,-215.393021,92.131958,97.642677
1361,11.341667,-0.004821,0.403135,0.014455,0.915014,-215.392395,92.131592,97.639557
1362,11.350000,-0.007874,0.402649,0.013076,0.915227,-215.383408,92.119415,97.638428
1363,11.358333,-0.011057,0.402063,0.011692,0.915471,-215.374039,92.109581,97.629234
1364,11.366667,-0.012876,0.402325,0.011027,0.915340,-215.375107,92.100952,97.613876
1365,11.375000,-0.013521,0.402916,0.012032,0.915058,-215.367004,92.084320,97.607422
1366,11.383333,-0.013445,0.403141,0.011994,0.914960,-215.362518,92.084564,97.604546
1367,11.391667,-0.012874,0.403162,0.012053,0.914959,-215.361206,92.088196,97.605019
1368,11.400000,-0.012581,0.403112,0.012210,0.914983,-215.362244,92.090240,97.607010
1369,11.408333,-0.012133,0.403159,0.012459,0.914965,-215.365692,92.091507,97.609657
1370,11.416667,-0.011892,0.403109,0.012688,0.914987,-215.369934,92.093422,97.613197
1371,11.425000,-0.011538,0.403043,0.012983,0.915016,-215.373398,92.094788,97.617363
1372,11.433333,-0.011309,0.403064,0.013196,0.915007,-215.375763,92.094788,97.619514
1373,11.441667,-0.011271,0.403060,0.013261,0.915008,-215.378983,92.094200,97.622795
1374,11.450000,-0.011101,0.403041,0.013300,0.915018,-215.381744,92.093376,97.624458
1375,11.458333,-0.010915,0.403353,0.013333,0.914882,-215.379669,92.092041,97.623840
1376,11.466667,-0.010296,0.403898,0.012350,0.914663,-215.379120,92.084137,97.614227
1377,11.475000,-0.009883,0.403950,0.011761,0.914652,-215.380478,92.081703,97.611488
1378,11.483333,-0.009949,0.403602,0.011779,0.914805,-215.380646,92.083069,97.614044
1379,11.491667,-0.010096,0.403570,0.011813,0.914817,-215.377670,92.084335,97.611816
1380,11.500000,-0.010304,0.403536,0.011540,0.914833,-215.374710,92.083832,97.607979
1381,11.508333,-0.010818,0.403231,0.011730,0.914959,-215.372498,92.085793,97.608498
1382,11.516667,-0.011467,0.402999,0.011969,0.915050,-215.370102,92.086990,97.607430
1383,11.525000,-0.012420,0.402826,0.012014,0.915114,-215.367599,92.086700,97.607491
1384,11.533333,-0.012882,0.402754,0.012035,0.915138,-215.365097,92.085320,97.606606
1385,11.541667,-0.013199,0.402971,0.011916,0.915040,-215.363739,92.083717,97.605980
1386,11.550000,-0.013316,0.403006,0.011883,0.915023,-215.365555,92.083389,97.607819
1387,11.558333,-0.013332,0.402984,0.012114,0.915030,-215.369293,92.084106,97.611412
1388,11.566667,-0.013370,0.402971,0.012481,0.915030,-215.372177,92.083099,97.614655
1389,11.575000,-0.013581,0.403002,0.012570,0.915012,-215.375870,92.081589,97.617012
