Format Version,1.25,Take Name,Take 2025-11-27 04.50.26 PM,Take Notes,,Capture Frame Rate,120.000000,Export Frame Rate,120.000000,Capture Start Time,2025-11-27 04.50.27.315 PM,Capture Start Frame,2497823,Total Frames in Take,1247,Total Exported Frames,1247,Rotation Type,Quaternion,Length Units,Centimeters,Coordinate Space,Global

,Type,Rigid Body,Rigid Body,Rigid Body,Rigid Body,Rigid Body,Rigid Body,Rigid Body
,Name,SEE_large,SEE_large,SEE_large,SEE_large,SEE_large,SEE_large,SEE_large
,ID,B4680608301811F031C44B617C10C291,B4680608301811F031C44B617C10C291,B4680608301811F031C44B617C10C291,B4680608301811F031C44B617C10C291,B4680608301811F031C44B617C10C291,B4680608301811F031C44B617C10C291,B4680608301811F031C44B617C10C291
,Parent,,,,,,,
,,Rotation,Rotation,Rotation,Rotation,Position,Position,Position
Frame,Time (Seconds),X,Y,Z,W,X,Y,Z
0,0.000000,-0.004591,0.392948,0.014735,0.919431,-215.866974,92.182549,84.004745
1,0.008333,-0.004486,0.392986,0.014657,0.919417,-215.866547,92.183128,84.003662
2,0.016667,-0.004519,0.393006,0.014743,0.919407,-215.867157,92.183571,84.003593
3,0.025000,-0.004662,0.392915,0.014684,0.919446,-215.866257,92.183022,84.003571
4,0.033333,-0.004681,0.392994,0.014711,0.919412,-215.866043,92.183510,84.003326
5,0.041667,-0.004583,0.392946,0.014762,0.919432,-215.865356,92.183167,84.004181
6,0.050000,-0.004557,0.392937,0.014609,0.919438,-215.864182,92.183258,84.005341
7,0.058333,-0.004504,0.392947,0.014702,0.919433,-215.863373,92.183044,84.004906
8,0.066667,-0.004523,0.392943,0.014688,0.919434,-215.862366,92.182854,84.005486
9,0.075000,-0.004433,0.392948,0.014623,0.919434,-215.861481,92.183823,84.006241
10,0.083333,-0.004376,0.392962,0.014573,0.919429,-215.861084,92.184059,84.008095
11,0.091667,-0.004346,0.392943,0.014606,0.919437,-215.860535,92.185173,84.009476
12,0.100000,-0.004412,0.392888,0.014499,0.919461,-215.860077,92.184631,84.011337
13,0.108333,-0.004625,0.392625,0.013607,0.919586,-215.865280,92.192902,84.008705
14,0.116667,-0.004588,0.392377,0.012793,0.919704,-215.869278,92.199425,84.003380
15,0.125000,-0.004705,0.392258,0.012306,0.919761,-215.872696,92.205147,84.000206
16,0.133333,-0.004916,0.392209,0.012060,0.919784,-215.872482,92.208221,83.998955
17,0.141667,-0.004930,0.392160,0.011867,0.919807,-215.870636,92.209190,83.998970
18,0.150000,-0.004946,0.392146,0.011949,0.919812,-215.868713,92.208954,83.998657
19,0.158333,-0.004920,0.392212,0.011810,0.919786,-215.868408,92.208778,83.999596
20,0.166667,-0.004827,0.392203,0.011982,0.919788,-215.869064,92.207336,84.000191
21,0.175000,-0.005274,0.391906,0.011545,0.919918,-215.873093,92.214951,83.995338
22,0.183333,-0.005596,0.391774,0.011063,0.919978,-215.874298,92.220894,83.989159
23,0.191667,-0.006235,0.391542,0.010181,0.920083,-215.874557,92.229820,83.977982
24,0.200000,-0.006794,0.391390,0.009388,0.920152,-215.874954,92.237274,83.966652
25,0.208333,-0.006966,0.391252,0.009148,0.920212,-215.872925,92.239464,83.962959
26,0.216667,-0.007059,0.391197,0.008785,0.920238,-215.871185,92.242012,83.961540
27,0.225000,-0.006983,0.391529,0.008792,0.920097,-215.875031,92.242264,83.956566
28,0.233333,-0.006869,0.391775,0.008631,0.919995,-215.879852,92.241203,83.954468
29,0.241667,-0.007002,0.391846,0.008915,0.919961,-215.881866,92.243271,83.954086
30,0.250000,-0.007101,0.391821,0.009222,0.919968,-215.884155,92.244362,83.955727
31,0.258333,-0.007171,0.391779,0.009315,0.919984,-215.885468,92.243286,83.958138
32,0.266667,-0.007144,0.391763,0.009607,0.919988,-215.887360,92.240944,83.960503
33,0.275000,-0.007208,0.391790,0.009585,0.919977,-215.888794,92.240944,83.962593
34,0.283333,-0.007213,0.391769,0.009678,0.919985,-215.889435,92.241959,83.963814
35,0.291667,-0.007232,0.391766,0.009757,0.919985,-215.890335,92.242409,83.964989
36,0.300000,-0.007134,0.391469,0.009623,0.920114,-215.892624,92.243050,83.969376
37,0.308333,-0.007191,0.391702,0.009804,0.920012,-215.891235,92.242340,83.966660
38,0.316667,-0.007353,0.391557,0.009823,0.920072,-215.892166,92.243240,83.969536
39,0.325000,-0.007290,0.391444,0.009851,0.920120,-215.891769,92.241837,83.970467
40,0.333333,-0.007309,0.391658,0.009851,0.920029,-215.888336,92.241043,83.965866
41,0.341667,-0.007260,0.391741,0.009724,0.919996,-215.887207,92.240967,83.964088
42,0.350000,-0.007296,0.391715,0.009607,0.920008,-215.887482,92.242279,83.962372
43,0.358333,-0.007344,0.391714,0.009674,0.920007,-215.886734,92.243195,83.961105
44,0.366667,-0.007293,0.391713,0.009590,0.920008,-215.886047,92.243713,83.959709
45,0.375000,-0.007298,0.391749,0.009575,0.919994,-215.886642,92.242088,83.958832
46,0.383333,-0.007202,0.391731,0.009542,0.920002,-215.886719,92.242142,83.959465
47,0.391667,-0.007112,0.391690,0.009592,0.920020,-215.886429,92.242760,83.959923
48,0.400000,-0.007110,0.391736,0.009713,0.919999,-215.886261,92.242943,83.959991
49,0.408333,-0.007258,0.391760,0.009759,0.919987,-215.887589,92.242218,83.959595
50,0.416667,-0.007243,0.391776,0.009559,0.919983,-215.889008,92.242294,83.959518
51,0.425000,-0.007208,0.391785,0.009521,0.919979,-215.889877,92.242798,83.960548
52,0.433333,-0.007222,0.391725,0.009416,0.920006,-215.890854,92.244743,83.961128
53,0.441667,-0.007271,0.391731,0.009473,0.920002,-215.890457,92.244789,83.962044
54,0.450000,-0.007263,0.391732,0.009444,0.920002,-215.890686,92.244331,83.963379
55,0.458333,-0.007192,0.391703,0.009520,0.920014,-215.890366,92.242828,83.964798
56,0.466667,-0.007193,0.391740,0.009556,0.919998,-215.890213,92.242332,83.965248
57,0.475000,-0.007234,0.391760,0.009498,0.919990,-215.889236,92.243111,83.964569
58,0.483333,-0.007291,0.391730,0.009595,0.920001,-215.888458,92.243340,83.965034
59,0.491667,-0.007150,0.391713,0.009660,0.920009,-215.885925,92.242607,83.966103
60,0.500000,-0.007053,0.391668,0.009866,0.920027,-215.884354,92.242523,83.965492
61,0.508333,-0.007132,0.391697,0.009799,0.920015,-215.884399,92.243919,83.964241
62,0.516667,-0.007298,0.391697,0.009685,0.920014,-215.883820,92.244835,83.962723
63,0.525000,-0.007418,0.391699,0.009497,0.920015,-215.883087,92.245377,83.960266
64,0.533333,-0.007377,0.391700,0.009485,0.920014,-215.882370,92.245193,83.961105
65,0.541667,-0.007284,0.391683,0.009537,0.920022,-215.882416,92.242958,83.960793
66,0.550000,-0.007316,0.391648,0.009507,0.920037,-215.883133,92.243599,83.960564
67,0.558333,-0.007216,0.391783,0.009441,0.919981,-215.884155,92.243668,83.959351
68,0.566667,-0.007320,0.391753,0.009486,0.919993,-215.885452,92.243797,83.958977
69,0.575000,-0.007336,0.391728,0.009509,0.920003,-215.887451,92.243736,83.960091
70,0.583333,-0.007451,0.391712,0.009530,0.920008,-215.888840,92.244125,83.960609
71,0.591667,-0.007495,0.391777,0.009516,0.919980,-215.890366,92.243324,83.961235
72,0.600000,-0.007621,0.391739,0.009527,0.919995,-215.892334,92.243668,83.962364
73,0.608333,-0.007603,0.391739,0.009664,0.919994,-215.893646,92.243614,83.963081
74,0.616667,-0.007567,0.391793,0.009755,0.919971,-215.896423,92.243309,83.963135
75,0.625000,-0.007698,0.391700,0.009862,0.920008,-215.896683,92.242813,83.961571
76,0.633333,-0.007739,0.391767,0.010010,0.919978,-215.898087,92.243042,83.959549
77,0.641667,-0.007819,0.391526,0.010091,0.920079,-215.902573,92.242180,83.959328
78,0.650000,-0.007893,0.391725,0.009940,0.919995,-215.903397,92.242409,83.954994
79,0.658333,-0.007952,0.391750,0.009814,0.919985,-215.903549,92.244057,83.953430
80,0.666667,-0.007940,0.391867,0.009772,0.919936,-215.905243,92.244850,83.952431
81,0.675000,-0.008041,0.391643,0.009859,0.920029,-215.911819,92.246567,83.953690
82,0.683333,-0.008161,0.391976,0.010068,0.919884,-215.919037,92.245590,83.949677
83,0.691667,-0.008134,0.391981,0.010184,0.919881,-215.932678,92.245636,83.952835
84,0.700000,-0.008084,0.391966,0.010575,0.919884,-215.949463,92.244354,83.953011
85,0.708333,-0.008249,0.391966,0.010984,0.919877,-215.967606,92.242958,83.952751
86,0.716667,-0.008417,0.392009,0.011390,0.919852,-215.983505,92.240074,83.954559
87,0.725000,-0.008754,0.391944,0.011506,0.919876,-215.999466,92.240410,83.956375
88,0.733333,-0.008860,0.391886,0.011864,0.919895,-216.012100,92.239822,83.957840
89,0.741667,-0.008877,0.391811,0.012354,0.919920,-216.022110,92.238197,83.962471
90,0.750000,-0.008872,0.391752,0.012462,0.919944,-216.028763,92.237625,83.967186
91,0.758333,-0.008726,0.391873,0.012715,0.919890,-216.032990,92.237183,83.971741
92,0.766667,-0.008384,0.391898,0.014647,0.919854,-216.057404,92.224251,83.985153
93,0.775000,-0.008257,0.391977,0.015348,0.919810,-216.068176,92.220520,83.990532
94,0.783333,-0.008162,0.392125,0.015958,0.919737,-216.078217,92.217659,83.998665
95,0.791667,-0.007939,0.392326,0.016457,0.919645,-216.087097,92.215340,84.004059
96,0.800000,-0.007882,0.392448,0.016716,0.919589,-216.096741,92.214180,84.009384
97,0.808333,-0.007906,0.392409,0.016599,0.919607,-216.094788,92.220551,84.005013
98,0.816667,-0.008033,0.392332,0.015961,0.919650,-216.096970,92.228195,84.002769
99,0.825000,-0.008206,0.392148,0.015185,0.919740,-216.100342,92.235474,83.997749
100,0.833333,-0.008565,0.392162,0.014895,0.919736,-216.103531,92.240456,83.994049
101,0.841667,-0.008779,0.392113,0.014890,0.919755,-216.110016,92.242920,83.993690
102,0.850000,-0.008784,0.392107,0.015050,0.919755,-216.118317,92.243004,83.995987
103,0.858333,-0.008641,0.392251,0.015552,0.919686,-216.129547,92.243866,83.999252
104,0.866667,-0.008630,0.392413,0.016200,0.919606,-216.140884,92.240776,84.005287
105,0.875000,-0.008823,0.392497,0.016776,0.919558,-216.155884,92.240166,84.009117
106,0.883333,-0.009263,0.392622,0.017195,0.919493,-216.171448,92.240273,84.012917
107,0.891667,-0.009564,0.392760,0.017639,0.919422,-216.187424,92.241081,84.013000
108,0.900000,-0.009744,0.392816,0.018030,0.919389,-216.200806,92.242271,84.015533
109,0.908333,-0.009777,0.392880,0.018203,0.919357,-216.213852,92.244843,84.016090
110,0.916667,-0.009828,0.392934,0.018310,0.919332,-216.223816,92.245438,84.016800
111,0.925000,-0.009921,0.393015,0.018613,0.919290,-216.232712,92.244835,84.018181
112,0.933333,-0.010095,0.393039,0.018921,0.919272,-216.238815,92.244804,84.019783
113,0.941667,-0.010040,0.393082,0.019103,0.919250,-216.243393,92.245766,84.019875
114,0.950000,-0.010153,0.393128,0.019163,0.919228,-216.247864,92.245529,84.018044
115,0.958333,-0.010229,0.393187,0.019445,0.919196,-216.255310,92.245651,84.017792
116,0.966667,-0.010312,0.393308,0.019634,0.919139,-216.263611,92.246704,84.016350
117,0.975000,-0.010457,0.393429,0.019971,0.919078,-216.275620,92.246941,84.014023
118,0.983333,-0.010630,0.393424,0.020314,0.919071,-216.288513,92.245674,84.013252
119,0.991667,-0.010706,0.393481,0.020839,0.919034,-216.303711,92.246651,84.013626
120,1.000000,-0.010762,0.393550,0.021379,0.918992,-216.319031,92.247154,84.012306
121,1.008333,-0.010983,0.393617,0.021739,0.918952,-216.333267,92.246605,84.012466
122,1.016667,-0.011819,0.393761,0.023085,0.918847,-216.348785,92.249207,84.010811
123,1.025000,-0.012233,0.393816,0.023713,0.918802,-216.362625,92.250763,84.012589
124,1.033333,-0.012343,0.393826,0.023872,0.918792,-216.374237,92.250038,84.015099
125,1.041667,-0.012337,0.393830,0.024146,0.918783,-216.384766,92.247673,84.014801
126,1.050000,-0.012380,0.393769,0.024363,0.918803,-216.395996,92.247574,84.015503
127,1.058333,-0.012506,0.393714,0.024623,0.918818,-216.406296,92.248062,84.016708
128,1.066667,-0.012340,0.393917,0.024758,0.918730,-216.413910,92.248253,84.016754
129,1.075000,-0.012224,0.394128,0.024947,0.918635,-216.419464,92.249397,84.017937
130,1.083333,-0.012266,0.394541,0.025069,0.918455,-216.420105,92.249535,84.017830
131,1.091667,-0.012321,0.395016,0.025356,0.918242,-216.419678,92.247581,84.017021
132,1.100000,-0.012341,0.395365,0.025393,0.918090,-216.416519,92.246315,84.018501
133,1.108333,-0.012433,0.395617,0.025373,0.917981,-216.412659,92.245773,84.017731
134,1.116667,-0.012499,0.395882,0.025182,0.917871,-216.408539,92.246681,84.016800
135,1.125000,-0.012630,0.396140,0.025109,0.917760,-216.405365,92.247528,84.015190
136,1.133333,-0.012693,0.396313,0.025055,0.917686,-216.402985,92.250130,84.014603
137,1.141667,-0.012643,0.396408,0.024910,0.917649,-216.403381,92.252029,84.013138
138,1.150000,-0.012548,0.396471,0.024811,0.917626,-216.402512,92.252167,84.011284
139,1.158333,-0.012610,0.396500,0.024537,0.917620,-216.402603,92.254028,84.011475
140,1.166667,-0.012617,0.396405,0.024507,0.917662,-216.402893,92.254547,84.011284
141,1.175000,-0.012686,0.396542,0.024619,0.917599,-216.401840,92.254814,84.011559
142,1.183333,-0.012605,0.396509,0.024520,0.917617,-216.402679,92.253098,84.012733
143,1.191667,-0.012613,0.396581,0.024647,0.917582,-216.402954,92.254471,84.014000
144,1.200000,-0.012616,0.396569,0.024680,0.917587,-216.405518,92.254517,84.015320
145,1.208333,-0.012641,0.396590,0.024631,0.917578,-216.408249,92.254112,84.016693
146,1.216667,-0.012670,0.396608,0.024833,0.917564,-216.412170,92.253922,84.019272
147,1.225000,-0.012654,0.396606,0.024938,0.917563,-216.416031,92.252350,84.021309
148,1.233333,-0.012440,0.396679,0.025100,0.917530,-216.419006,92.252098,84.021660
149,1.241667,-0.012332,0.396636,0.025154,0.917548,-216.419342,92.251755,84.022018
150,1.250000,-0.012402,0.396819,0.025303,0.917464,-216.418503,92.253540,84.021477
151,1.258333,-0.012564,0.396805,0.025516,0.917462,-216.419388,92.252693,84.019211
152,1.266667,-0.012582,0.396898,0.025441,0.917424,-216.419174,92.252419,84.017464
153,1.275000,-0.012378,0.396927,0.025346,0.917417,-216.420197,92.252235,84.016914
154,1.283333,-0.012472,0.396887,0.025507,0.917428,-216.423767,92.254234,84.015671
155,1.291667,-0.012555,0.397034,0.025517,0.917363,-216.425964,92.253593,84.014786
156,1.300000,-0.012419,0.397005,0.025484,0.917378,-216.427948,92.253006,84.015862
157,1.308333,-0.012430,0.397093,0.025582,0.917338,-216.429108,92.252983,84.015465
158,1.316667,-0.012458,0.397078,0.025556,0.917344,-216.430328,92.253365,84.014923
159,1.325000,-0.012475,0.397116,0.025456,0.917331,-216.432098,92.253685,84.016800
160,1.333333,-0.012431,0.397098,0.025530,0.917337,-216.433792,92.253899,84.017944
161,1.341667,-0.012390,0.397111,0.025579,0.917331,-216.434814,92.253426,84.019859
162,1.350000,-0.012336,0.397093,0.025558,0.917340,-216.435959,92.252037,84.021393
163,1.358333,-0.012311,0.397065,0.025571,0.917351,-216.436081,92.250954,84.021721
164,1.366667,-0.012441,0.397065,0.025584,0.917350,-216.435928,92.252296,84.022125
165,1.375000,-0.012580,0.397102,0.025535,0.917333,-216.435425,92.253899,84.022842
166,1.383333,-0.012511,0.397086,0.025384,0.917345,-216.433929,92.253204,84.022369
167,1.391667,-0.012419,0.397106,0.025499,0.917335,-216.432480,92.252411,84.021530
168,1.400000,-0.012374,0.397101,0.025494,0.917337,-216.431213,92.253883,84.021103
169,1.408333,-0.012374,0.397159,0.025358,0.917316,-216.431381,92.254837,84.020485
170,1.416667,-0.012508,0.397149,0.025370,0.917318,-216.432373,92.254356,84.018501
171,1.425000,-0.012563,0.397173,0.025396,0.917306,-216.430786,92.254402,84.016533
172,1.433333,-0.012530,0.397170,0.025551,0.917304,-216.431015,92.254639,84.015602
173,1.441667,-0.012448,0.397162,0.025503,0.917309,-216.431168,92.252739,84.016113
174,1.450000,-0.012409,0.397212,0.025533,0.917288,-216.431519,92.252090,84.015549
175,1.458333,-0.012307,0.397181,0.025503,0.917303,-216.432571,92.251991,84.015450
176,1.466667,-0.012238,0.397143,0.025490,0.917321,-216.433716,92.250572,84.015617
177,1.475000,-0.012261,0.397153,0.025488,0.917316,-216.435837,92.250732,84.016312
178,1.483333,-0.012330,0.397207,0.025303,0.917297,-216.437271,92.251007,84.017776
179,1.491667,-0.012328,0.397215,0.025310,0.917294,-216.436935,92.250336,84.017761
180,1.500000,-0.012377,0.397225,0.025324,0.917288,-216.437393,92.251602,84.018845
181,1.508333,-0.012247,0.397233,0.025245,0.917289,-216.437286,92.251137,84.020103
182,1.516667,-0.012219,0.397205,0.025309,0.917300,-216.437347,92.250793,84.020065
183,1.525000,-0.012300,0.397192,0.025285,0.917305,-216.437073,92.250488,84.021362
184,1.533333,-0.012211,0.397219,0.025238,0.917295,-216.436584,92.250015,84.021988
185,1.541667,-0.012312,0.397224,0.025285,0.917291,-216.435455,92.250977,84.020424
186,1.550000,-0.012325,0.397242,0.025281,0.917283,-216.434891,92.251228,84.020081
187,1.558333,-0.012417,0.397244,0.025276,0.917281,-216.433472,92.252060,84.018669
188,1.566667,-0.012352,0.397194,0.025213,0.917305,-216.432022,92.252762,84.018456
189,1.575000,-0.012293,0.397222,0.025181,0.917295,-216.430878,92.252419,84.016762
190,1.583333,-0.012321,0.397228,0.025311,0.917288,-216.431244,92.252495,84.016083
191,1.591667,-0.012349,0.397148,0.025227,0.917325,-216.431458,92.251846,84.015633
192,1.600000,-0.012262,0.397145,0.025300,0.917325,-216.431396,92.251274,84.016151
193,1.608333,-0.012269,0.397233,0.025404,0.917284,-216.431763,92.250351,84.014854
194,1.616667,-0.012287,0.397265,0.025397,0.917270,-216.433289,92.250130,84.014977
195,1.625000,-0.012338,0.397240,0.025406,0.917280,-216.434998,92.250206,84.014992
196,1.633333,-0.012281,0.397231,0.025433,0.917284,-216.436081,92.250717,84.015549
197,1.641667,-0.012225,0.397304,0.025266,0.917258,-216.437393,92.251816,84.017502
198,1.650000,-0.012187,0.397255,0.025298,0.917279,-216.438477,92.250931,84.018066
199,1.658333,-0.012238,0.397296,0.025164,0.917264,-216.439056,92.251282,84.019936
200,1.666667,-0.012222,0.397254,0.025345,0.917277,-216.438370,92.250572,84.019669
201,1.675000,-0.012243,0.397272,0.025347,0.917269,-216.437103,92.249924,84.021011
202,1.683333,-0.012215,0.397207,0.025243,0.917300,-216.436737,92.249947,84.021019
203,1.691667,-0.012258,0.397231,0.025304,0.917288,-216.435379,92.249992,84.021118
204,1.700000,-0.012288,0.397230,0.025383,0.917286,-216.433365,92.250023,84.020325
205,1.708333,-0.012298,0.397199,0.025325,0.917300,-216.432495,92.250404,84.019547
206,1.716667,-0.012237,0.397252,0.025249,0.917280,-216.432358,92.250458,84.018166
207,1.725000,-0.012202,0.397201,0.025384,0.917300,-216.431931,92.249519,84.017548
208,1.733333,-0.012304,0.397185,0.025451,0.917303,-216.431519,92.249649,84.017647
209,1.741667,-0.012374,0.397224,0.025415,0.917286,-216.432053,92.250259,84.016357
210,1.750000,-0.012325,0.397167,0.025347,0.917313,-216.433212,92.250633,84.014557
211,1.758333,-0.012349,0.397144,0.025350,0.917323,-216.433853,92.252251,84.014153
212,1.766667,-0.012244,0.397185,0.025386,0.917306,-216.434006,92.252098,84.014664
213,1.775000,-0.012196,0.397221,0.025462,0.917288,-216.434952,92.251022,84.015709
214,1.783333,-0.012194,0.397249,0.025454,0.917277,-216.435272,92.251831,84.016716
215,1.791667,-0.012266,0.397236,0.025480,0.917281,-216.436386,92.251816,84.017227
216,1.800000,-0.012266,0.397224,0.025459,0.917287,-216.437057,92.252663,84.017929
217,1.808333,-0.012239,0.397259,0.025572,0.917268,-216.437180,92.251740,84.019432
218,1.816667,-0.012347,0.397235,0.025501,0.917280,-216.437714,92.252502,84.020523
219,1.825000,-0.012327,0.397208,0.025502,0.917292,-216.437027,92.252037,84.021217
220,1.833333,-0.012301,0.397207,0.025460,0.917293,-216.436310,92.251083,84.021545
221,1.841667,-0.012248,0.397211,0.025488,0.917292,-216.435379,92.250679,84.022888
222,1.850000,-0.012349,0.397204,0.025593,0.917290,-216.434052,92.251846,84.020767
223,1.858333,-0.012421,0.397180,0.025554,0.917301,-216.434067,92.251587,84.019836
224,1.866667,-0.012261,0.397218,0.025435,0.917290,-216.432770,92.251366,84.019562
225,1.875000,-0.012256,0.397168,0.025417,0.917312,-216.431946,92.251167,84.018120
226,1.883333,-0.012265,0.397180,0.025452,0.917306,-216.432053,92.251724,84.017273
227,1.891667,-0.012339,0.397220,0.025534,0.917285,-216.431839,92.252472,84.015823
228,1.900000,-0.012301,0.397218,0.025545,0.917286,-216.432770,92.251305,84.015686
229,1.908333,-0.012276,0.397205,0.025526,0.917293,-216.433533,92.250404,84.015312
230,1.916667,-0.012365,0.397189,0.025585,0.917297,-216.434296,92.252144,84.015739
231,1.925000,-0.012370,0.397135,0.025546,0.917321,-216.435333,92.251740,84.016457
232,1.933333,-0.012392,0.397140,0.025538,0.917319,-216.435410,92.252159,84.016563
233,1.941667,-0.012354,0.397159,0.025536,0.917311,-216.436142,92.253922,84.018082
234,1.950000,-0.012304,0.397176,0.025441,0.917307,-216.436676,92.253181,84.018471
235,1.958333,-0.012384,0.397144,0.025517,0.917318,-216.437485,92.253426,84.020370
236,1.966667,-0.012393,0.397193,0.025563,0.917295,-216.437073,92.253616,84.021255
237,1.975000,-0.012255,0.397215,0.025661,0.917285,-216.436798,92.252937,84.022346
238,1.983333,-0.012175,0.397187,0.025687,0.917297,-216.436554,92.251785,84.023445
239,1.991667,-0.012162,0.397166,0.025681,0.917307,-216.435745,92.251785,84.023071
240,2.000000,-0.012216,0.397195,0.025685,0.917293,-216.434616,92.252396,84.022530
241,2.008333,-0.012364,0.397181,0.025764,0.917295,-216.433685,92.252579,84.021042
242,2.016667,-0.012321,0.397173,0.025681,0.917302,-216.432602,92.251488,84.019806
243,2.025000,-0.012459,0.397142,0.025520,0.917318,-216.432220,92.251556,84.018135
244,2.033333,-0.012462,0.397173,0.025571,0.917303,-216.432007,92.252060,84.016701
245,2.041667,-0.012433,0.397171,0.025446,0.917307,-216.432190,92.251656,84.016876
246,2.050000,-0.012325,0.397215,0.025369,0.917292,-216.432220,92.251015,84.015968
247,2.058333,-0.012295,0.397155,0.025428,0.917317,-216.432922,92.252357,84.014816
248,2.066667,-0.012365,0.397158,0.025449,0.917314,-216.433899,92.252579,84.015358
249,2.075000,-0.012504,0.397191,0.025539,0.917295,-216.434601,92.252838,84.015724
250,2.083333,-0.012528,0.397192,0.025548,0.917294,-216.435287,92.252731,84.017197
251,2.091667,-0.012409,0.397138,0.025462,0.917322,-216.435883,92.251572,84.018173
252,2.100000,-0.012426,0.397160,0.025411,0.917314,-216.436310,92.251099,84.019287
253,2.108333,-0.012479,0.397175,0.025490,0.917304,-216.436188,92.251488,84.019661
254,2.116667,-0.012445,0.397208,0.025454,0.917291,-216.435654,92.251694,84.021118
255,2.125000,-0.012502,0.397175,0.025442,0.917305,-216.435577,92.251625,84.022232
256,2.133333,-0.012410,0.397171,0.025495,0.917306,-216.434662,92.251671,84.022377
257,2.141667,-0.012471,0.397148,0.025393,0.917319,-216.434235,92.252174,84.021667
258,2.150000,-0.012494,0.397138,0.025401,0.917323,-216.433685,92.252586,84.020897
259,2.158333,-0.012494,0.397175,0.025404,0.917306,-216.432693,92.253220,84.020653
260,2.166667,-0.012509,0.397170,0.025320,0.917310,-216.432861,92.254356,84.019913
261,2.175000,-0.012565,0.397221,0.025427,0.917285,-216.432358,92.252991,84.017342
262,2.183333,-0.012510,0.397182,0.025407,0.917303,-216.431335,92.252884,84.016785
263,2.191667,-0.012528,0.397206,0.025595,0.917287,-216.428543,92.252899,84.016144
264,2.200000,-0.012493,0.397237,0.025522,0.917276,-216.427963,92.252762,84.014908
265,2.208333,-0.012628,0.397259,0.025445,0.917267,-216.428329,92.253700,84.014503
266,2.216667,-0.012624,0.397204,0.025495,0.917289,-216.430481,92.252747,84.014153
267,2.225000,-0.012626,0.397270,0.025418,0.917263,-216.432785,92.252769,84.014832
268,2.233333,-0.012636,0.397244,0.025426,0.917274,-216.434143,92.252388,84.015953
269,2.241667,-0.012571,0.397293,0.025417,0.917254,-216.433456,92.252861,84.017113
270,2.250000,-0.012523,0.397280,0.025496,0.917258,-216.432693,92.252342,84.018387
271,2.258333,-0.012535,0.397240,0.025455,0.917276,-216.433380,92.252502,84.019264
272,2.266667,-0.012484,0.397207,0.025396,0.917293,-216.433746,92.252281,84.020325
273,2.275000,-0.012519,0.397227,0.025357,0.917284,-216.434052,92.251678,84.020821
274,2.283333,-0.012537,0.397266,0.025370,0.917267,-216.433258,92.251740,84.021339
275,2.291667,-0.012441,0.397255,0.025360,0.917274,-216.431763,92.252663,84.021294
276,2.300000,-0.012425,0.397272,0.025363,0.917266,-216.430542,92.252350,84.020905
277,2.308333,-0.012465,0.397319,0.025359,0.917245,-216.429382,92.252663,84.019371
278,2.316667,-0.012309,0.397253,0.025257,0.917279,-216.429062,92.253525,84.018684
279,2.325000,-0.012428,0.397290,0.025275,0.917261,-216.429871,92.253540,84.017639
280,2.333333,-0.012507,0.397285,0.025341,0.917260,-216.429550,92.251968,84.016106
281,2.341667,-0.012541,0.397302,0.025350,0.917252,-216.429138,92.250687,84.014931
282,2.350000,-0.012610,0.397298,0.025218,0.917256,-216.429382,92.251083,84.015633
283,2.358333,-0.012669,0.397237,0.025407,0.917277,-216.430359,92.251534,84.015175
284,2.366667,-0.012503,0.397219,0.025418,0.917287,-216.431381,92.251434,84.015144
285,2.375000,-0.012319,0.397222,0.025366,0.917289,-216.432648,92.251686,84.015999
286,2.383333,-0.012274,0.397231,0.025365,0.917286,-216.432770,92.251984,84.016243
287,2.391667,-0.012295,0.397270,0.025470,0.917266,-216.433670,92.252121,84.016266
288,2.400000,-0.012285,0.397286,0.025504,0.917258,-216.434067,92.251930,84.018005
289,2.408333,-0.012365,0.397209,0.025602,0.917288,-216.433258,92.249870,84.019493
290,2.416667,-0.012325,0.397259,0.025629,0.917266,-216.432953,92.249962,84.019638
291,2.425000,-0.012358,0.397258,0.025508,0.917269,-216.433762,92.251465,84.021126
292,2.433333,-0.012379,0.397247,0.025415,0.917276,-216.433243,92.251411,84.021370
293,2.441667,-0.012436,0.397309,0.025332,0.917251,-216.432098,92.252907,84.019684
294,2.450000,-0.012376,0.397249,0.025444,0.917275,-216.430801,92.253342,84.018799
295,2.458333,-0.012262,0.397257,0.025433,0.917273,-216.428955,92.252106,84.018532
296,2.466667,-0.012351,0.397238,0.025340,0.917283,-216.428665,92.253304,84.018517
297,2.475000,-0.012296,0.397245,0.025342,0.917280,-216.428757,92.252090,84.017525
298,2.483333,-0.012387,0.397272,0.025375,0.917266,-216.429565,92.252357,84.017365
299,2.491667,-0.012429,0.397330,0.025401,0.917240,-216.430450,92.252655,84.015961
300,2.500000,-0.012354,0.397294,0.025358,0.917258,-216.431610,92.252296,84.015236
301,2.508333,-0.012411,0.397337,0.025492,0.917235,-216.431305,92.252327,84.014923
302,2.516667,-0.012364,0.397264,0.025439,0.917268,-216.432312,92.251160,84.016113
303,2.525000,-0.012340,0.397280,0.025452,0.917262,-216.432404,92.250580,84.016479
304,2.533333,-0.012408,0.397299,0.025449,0.917253,-216.432541,92.251999,84.017090
305,2.541667,-0.012457,0.397283,0.025465,0.917258,-216.433380,92.252220,84.016922
306,2.550000,-0.012331,0.397276,0.025412,0.917265,-216.433456,92.252090,84.018860
307,2.558333,-0.012320,0.397271,0.025453,0.917266,-216.433029,92.252602,84.020302
308,2.566667,-0.012318,0.397279,0.025394,0.917264,-216.432785,92.251450,84.021111
309,2.575000,-0.012393,0.397257,0.025306,0.917275,-216.432602,92.250916,84.020767
310,2.583333,-0.012337,0.397300,0.025380,0.917255,-216.432144,92.251167,84.020523
311,2.591667,-0.012215,0.397353,0.025441,0.917232,-216.431305,92.251526,84.020973
312,2.600000,-0.012181,0.397312,0.025447,0.917250,-216.430908,92.252846,84.021034
313,2.608333,-0.012445,0.397300,0.025532,0.917249,-216.430573,92.251991,84.019653
314,2.616667,-0.012540,0.397267,0.025492,0.917263,-216.430252,92.251717,84.019073
315,2.625000,-0.012590,0.397242,0.025530,0.917273,-216.429352,92.251755,84.017403
316,2.633333,-0.012481,0.397258,0.025607,0.917265,-216.428757,92.250832,84.017311
317,2.641667,-0.012398,0.397253,0.025577,0.917269,-216.430206,92.251465,84.017632
318,2.650000,-0.012303,0.397213,0.025520,0.917289,-216.430923,92.251709,84.017570
319,2.658333,-0.012398,0.397250,0.025456,0.917274,-216.432114,92.251358,84.016624
320,2.666667,-0.012453,0.397268,0.025446,0.917266,-216.432648,92.251778,84.016129
321,2.675000,-0.012495,0.397258,0.025409,0.917270,-216.432770,92.251717,84.016670
322,2.683333,-0.012417,0.397230,0.025270,0.917287,-216.432617,92.252090,84.017075
323,2.691667,-0.012458,0.397254,0.025334,0.917274,-216.433334,92.253578,84.017174
324,2.700000,-0.012299,0.397294,0.025412,0.917257,-216.433243,92.253288,84.017754
325,2.708333,-0.012270,0.397324,0.025369,0.917246,-216.433197,92.252472,84.018524
326,2.716667,-0.012266,0.397328,0.025478,0.917241,-216.432602,92.251854,84.019669
327,2.725000,-0.012293,0.397335,0.025542,0.917236,-216.431885,92.251358,84.020958
328,2.733333,-0.012242,0.397312,0.025427,0.917250,-216.431686,92.250511,84.021172
329,2.741667,-0.012307,0.397332,0.025541,0.917237,-216.431519,92.250862,84.020798
330,2.750000,-0.012364,0.397311,0.025554,0.917245,-216.431519,92.250595,84.021423
331,2.758333,-0.012424,0.397250,0.025433,0.917274,-216.431290,92.248955,84.020752
332,2.766667,-0.012433,0.397231,0.025430,0.917282,-216.430710,92.250252,84.020409
333,2.775000,-0.012466,0.397281,0.025461,0.917259,-216.430084,92.251579,84.018517
334,2.783333,-0.012365,0.397283,0.025494,0.917259,-216.430618,92.250999,84.017166
335,2.791667,-0.012559,0.397311,0.025474,0.917245,-216.431137,92.251762,84.016052
336,2.800000,-0.012588,0.397210,0.025272,0.917293,-216.432007,92.251785,84.016006
337,2.808333,-0.012478,0.397237,0.025209,0.917285,-216.432495,92.251976,84.016022
338,2.816667,-0.012415,0.397236,0.025221,0.917286,-216.432785,92.251999,84.016022
339,2.825000,-0.012353,0.397327,0.025318,0.917245,-216.432693,92.253067,84.015862
340,2.833333,-0.012324,0.397320,0.025694,0.917238,-216.432449,92.251083,84.016518
341,2.841667,-0.012495,0.397288,0.025528,0.917254,-216.433640,92.252838,84.018257
342,2.850000,-0.012563,0.397347,0.025525,0.917228,-216.433380,92.251595,84.018257
343,2.858333,-0.012450,0.397332,0.025474,0.917237,-216.433975,92.250237,84.018288
344,2.866667,-0.012377,0.397311,0.025504,0.917246,-216.433426,92.250999,84.019295
345,2.875000,-0.012353,0.397300,0.025532,0.917250,-216.432541,92.251572,84.020821
346,2.883333,-0.012426,0.397304,0.025457,0.917250,-216.431778,92.250786,84.020752
347,2.891667,-0.012503,0.397305,0.025430,0.917249,-216.431335,92.250481,84.020653
348,2.900000,-0.012503,0.397251,0.025481,0.917271,-216.430481,92.250748,84.020821
349,2.908333,-0.012503,0.397329,0.025420,0.917239,-216.430237,92.252007,84.020500
350,2.916667,-0.012499,0.397318,0.025407,0.917244,-216.430740,92.253242,84.019409
351,2.925000,-0.012545,0.397262,0.025383,0.917268,-216.430374,92.252174,84.017487
352,2.933333,-0.012531,0.397265,0.025361,0.917268,-216.429825,92.251549,84.017769
353,2.941667,-0.012577,0.397296,0.025374,0.917253,-216.429947,92.252251,84.017212
354,2.950000,-0.012540,0.397280,0.025517,0.917257,-216.430450,92.252182,84.015900
355,2.958333,-0.012390,0.397270,0.025565,0.917262,-216.430313,92.252838,84.016510
356,2.966667,-0.012271,0.397302,0.025311,0.917257,-216.430161,92.252724,84.016144
357,2.975000,-0.012230,0.397221,0.025165,0.917297,-216.429230,92.252472,84.017441
358,2.983333,-0.012303,0.397231,0.025428,0.917284,-216.427704,92.251862,84.018471
359,2.991667,-0.012280,0.397279,0.025627,0.917258,-216.425751,92.251274,84.018173
360,3.000000,-0.012329,0.397284,0.025434,0.917260,-216.424850,92.251785,84.019150
361,3.008333,-0.012323,0.397288,0.025453,0.917258,-216.422653,92.250252,84.019310
362,3.016667,-0.012410,0.397297,0.025260,0.917259,-216.421585,92.252495,84.023399
363,3.025000,-0.012273,0.397371,0.024979,0.917236,-216.418762,92.252472,84.028549
364,3.033333,-0.012035,0.397429,0.024822,0.917218,-216.413467,92.252419,84.036873
365,3.041667,-0.011870,0.397446,0.024374,0.917225,-216.409302,92.255005,84.046478
366,3.050000,-0.011405,0.397476,0.024051,0.917227,-216.405579,92.254875,84.057144
367,3.058333,-0.011096,0.397442,0.023925,0.917248,-216.404221,92.258339,84.068359
368,3.066667,-0.011122,0.397567,0.023772,0.917198,-216.403839,92.259064,84.084137
369,3.075000,-0.011028,0.397575,0.023850,0.917194,-216.401978,92.257156,84.098198
370,3.083333,-0.010778,0.397462,0.023784,0.917247,-216.399643,92.254448,84.114197
371,3.091667,-0.010228,0.397413,0.023660,0.917278,-216.394623,92.256012,84.133232
372,3.100000,-0.009241,0.397466,0.023797,0.917262,-216.387863,92.260437,84.156593
373,3.108333,-0.007794,0.397271,0.022850,0.917384,-216.377838,92.263802,84.185799
374,3.116667,-0.006317,0.397405,0.022006,0.917358,-216.356476,92.257751,84.213989
375,3.125000,-0.004858,0.397586,0.021585,0.917298,-216.328644,92.248268,84.244858
376,3.133333,-0.003557,0.397573,0.021028,0.917323,-216.299515,92.245682,84.273720
377,3.141667,-0.002356,0.397712,0.020217,0.917285,-216.272385,92.244125,84.293877
378,3.150000,-0.001038,0.399192,0.023267,0.916572,-216.238373,92.219055,84.330772
379,3.158333,-0.000242,0.398773,0.025514,0.916695,-216.238052,92.199936,84.344833
380,3.166667,0.000190,0.398533,0.025769,0.916792,-216.226837,92.198090,84.355545
381,3.175000,0.000323,0.398336,0.025885,0.916874,-216.224213,92.201683,84.364494
382,3.183333,0.000751,0.398407,0.025973,0.916841,-216.226120,92.205330,84.378113
383,3.191667,0.001065,0.398490,0.025834,0.916808,-216.233139,92.207726,84.389954
384,3.200000,0.000679,0.398523,0.023266,0.916863,-216.248871,92.230965,84.403702
385,3.208333,0.000489,0.398376,0.022716,0.916941,-216.252014,92.234604,84.402832
386,3.216667,0.000432,0.398346,0.022433,0.916961,-216.250946,92.235359,84.402702
387,3.225000,0.000585,0.398382,0.022430,0.916945,-216.246918,92.237297,84.407234
388,3.233333,0.000728,0.398305,0.022644,0.916973,-216.243576,92.237999,84.414612
389,3.241667,0.000848,0.398272,0.022856,0.916982,-216.241791,92.239548,84.422424
390,3.250000,0.001188,0.398283,0.022969,0.916974,-216.242294,92.240349,84.433357
391,3.258333,0.001614,0.398215,0.023193,0.916998,-216.243988,92.241524,84.445358
392,3.266667,0.001856,0.398179,0.023545,0.917004,-216.245102,92.243347,84.455597
393,3.275000,0.001893,0.397865,0.023840,0.917132,-216.249329,92.246643,84.467957
394,3.283333,0.001909,0.397807,0.023883,0.917156,-216.250732,92.247444,84.473831
395,3.291667,0.001787,0.397798,0.023974,0.917158,-216.254135,92.248535,84.477020
396,3.300000,0.001587,0.397881,0.024157,0.917118,-216.257401,92.248024,84.474068
397,3.308333,0.001692,0.398209,0.023769,0.916985,-216.260452,92.245796,84.462952
398,3.316667,0.001302,0.397929,0.023836,0.917106,-216.267914,92.244736,84.451141
399,3.325000,0.000885,0.398124,0.023714,0.917025,-216.277222,92.242661,84.427032
400,3.333333,0.000678,0.398557,0.025715,0.916783,-216.268250,92.217079,84.391571
401,3.341667,-0.000255,0.398817,0.025051,0.916688,-216.272690,92.215202,84.358192
402,3.350000,-0.001401,0.398420,0.022976,0.916914,-216.286087,92.230728,84.322968
403,3.358333,-0.002018,0.397839,0.021270,0.917206,-216.295334,92.247047,84.299606
404,3.366667,-0.001618,0.397754,0.020637,0.917258,-216.298340,92.258141,84.314934
405,3.375000,-0.000246,0.398933,0.024380,0.916656,-216.290039,92.250175,84.375969
406,3.383333,0.001127,0.398854,0.025869,0.916649,-216.291306,92.277412,84.415825
407,3.391667,0.001695,0.398798,0.027074,0.916638,-216.292877,92.318863,84.431404
408,3.400000,0.002425,0.398206,0.026069,0.916923,-216.294724,92.389023,84.432861
409,3.408333,0.000949,0.397602,0.026052,0.917188,-216.293167,92.465195,84.426613
410,3.416667,0.000222,0.397289,0.025135,0.917349,-216.292236,92.532852,84.430420
411,3.425000,0.000257,0.397106,0.024442,0.917447,-216.295120,92.582283,84.444580
412,3.433333,0.000365,0.397081,0.024013,0.917470,-216.298645,92.627022,84.461380
413,3.441667,0.000956,0.397263,0.023263,0.917409,-216.297028,92.677299,84.478912
414,3.450000,0.002036,0.397489,0.023757,0.917297,-216.310593,92.720642,84.503296
415,3.458333,0.001909,0.397799,0.022807,0.917187,-216.296860,92.786156,84.508163
416,3.466667,0.000866,0.397720,0.021291,0.917259,-216.284698,92.853607,84.507835
417,3.475000,-0.000615,0.397462,0.020166,0.917397,-216.272324,92.917252,84.504555
418,3.483333,-0.001756,0.397365,0.020340,0.917433,-216.263107,92.967476,84.507339
419,3.491667,-0.002366,0.397357,0.020823,0.917425,-216.258621,93.011307,84.511909
420,3.500000,-0.001130,0.397373,0.021972,0.917393,-216.259338,93.070496,84.514168
421,3.508333,-0.001419,0.397463,0.023517,0.917316,-216.262726,93.135025,84.519257
422,3.516667,-0.002341,0.397659,0.023272,0.917235,-216.264221,93.199280,84.525146
423,3.525000,-0.003293,0.397877,0.021899,0.917171,-216.265518,93.267120,84.526405
424,3.533333,-0.003324,0.398263,0.020902,0.917027,-216.263229,93.328484,84.528862
425,3.541667,-0.002833,0.398423,0.020349,0.916972,-216.260010,93.385536,84.532761
426,3.550000,-0.002596,0.398602,0.020650,0.916888,-216.259048,93.443436,84.533752
427,3.558333,-0.002775,0.398519,0.021121,0.916913,-216.259506,93.492668,84.538063
428,3.566667,-0.002772,0.398464,0.021402,0.916930,-216.259598,93.537048,84.546104
429,3.575000,-0.003065,0.398357,0.021567,0.916972,-216.260956,93.584221,84.552376
430,3.583333,-0.004333,0.398376,0.022871,0.916927,-216.261963,93.639091,84.553032
431,3.591667,-0.004617,0.399085,0.024955,0.916563,-216.253754,93.672516,84.563240
432,3.600000,-0.004496,0.399225,0.024992,0.916501,-216.250916,93.714508,84.570740
433,3.608333,-0.004247,0.399335,0.024830,0.916459,-216.249664,93.756691,84.580383
434,3.616667,-0.004231,0.399458,0.024706,0.916409,-216.247528,93.801712,84.589256
435,3.625000,-0.004841,0.399263,0.022050,0.916559,-216.257736,93.871811,84.593277
436,3.633333,-0.005289,0.398852,0.020586,0.916769,-216.259186,93.939499,84.585228
437,3.641667,-0.005619,0.398409,0.019565,0.916982,-216.252899,94.007698,84.576927
438,3.650000,-0.006255,0.397975,0.018577,0.917187,-216.244507,94.075066,84.567085
439,3.658333,-0.006734,0.397846,0.018322,0.917244,-216.237976,94.133713,84.563316
440,3.666667,-0.007894,0.398135,0.019803,0.917079,-216.233200,94.191917,84.561028
441,3.675000,-0.008800,0.398438,0.020655,0.916920,-216.227539,94.245789,84.557999
442,3.683333,-0.009550,0.398612,0.020547,0.916840,-216.224426,94.292252,84.552826
443,3.691667,-0.010360,0.398893,0.019780,0.916726,-216.228027,94.341248,84.545753
444,3.700000,-0.011447,0.399050,0.018372,0.916674,-216.234238,94.399330,84.538460
445,3.708333,-0.012245,0.399040,0.018607,0.916663,-216.251785,94.447556,84.543350
446,3.716667,-0.012738,0.398895,0.017900,0.916733,-216.238068,94.503281,84.531662
447,3.725000,-0.013317,0.398843,0.017222,0.916761,-216.229752,94.559860,84.522705
448,3.733333,-0.013385,0.398628,0.016993,0.916858,-216.225952,94.614639,84.519157
449,3.741667,-0.013297,0.398609,0.017299,0.916861,-216.223602,94.663841,84.518936
450,3.750000,-0.013628,0.398882,0.018790,0.916709,-216.219299,94.714455,84.518143
451,3.758333,-0.013699,0.399050,0.019163,0.916627,-216.215271,94.759659,84.519562
452,3.766667,-0.013749,0.399204,0.019119,0.916560,-216.213303,94.795296,84.517990
453,3.775000,-0.013696,0.400174,0.021014,0.916096,-216.204330,94.809830,84.523979
454,3.783333,-0.014012,0.400300,0.020398,0.916050,-216.200043,94.841934,84.521408
455,3.791667,-0.014253,0.400150,0.020921,0.916100,-216.207550,94.870201,84.520653
456,3.800000,-0.015206,0.399831,0.018954,0.916267,-216.208023,94.925735,84.509239
457,3.808333,-0.016277,0.399511,0.017283,0.916421,-216.204880,94.977905,84.496544
458,3.816667,-0.017093,0.399384,0.016120,0.916483,-216.198151,95.026245,84.485039
459,3.825000,-0.018029,0.399342,0.015044,0.916501,-216.187973,95.075943,84.473541
460,3.833333,-0.019246,0.399128,0.013562,0.916593,-216.181519,95.125671,84.456001
461,3.841667,-0.020461,0.398818,0.012052,0.916722,-216.180237,95.168564,84.440300
462,3.850000,-0.020831,0.398885,0.011692,0.916690,-216.178543,95.198807,84.435814
463,3.858333,-0.020715,0.398975,0.012276,0.916646,-216.176315,95.224396,84.437531
464,3.866667,-0.021278,0.399432,0.013863,0.916411,-216.173859,95.252472,84.435593
465,3.875000,-0.021499,0.399677,0.014665,0.916286,-216.171951,95.275185,84.436966
466,3.883333,-0.021332,0.399648,0.015137,0.916296,-216.170166,95.294228,84.442886
467,3.891667,-0.021277,0.399730,0.015585,0.916254,-216.167831,95.309525,84.447823
468,3.900000,-0.021036,0.399923,0.017533,0.916139,-216.183136,95.309044,84.463081
469,3.908333,-0.021073,0.399954,0.017101,0.916133,-216.170639,95.327988,84.467598
470,3.916667,-0.021140,0.399953,0.016401,0.916145,-216.156677,95.352829,84.469917
471,3.925000,-0.021325,0.400095,0.015974,0.916086,-216.147491,95.378654,84.470268
472,3.933333,-0.021170,0.400141,0.015753,0.916074,-216.139954,95.408630,84.468742
473,3.941667,-0.021002,0.400269,0.015583,0.916024,-216.134811,95.441826,84.466461
474,3.950000,-0.020889,0.400323,0.015508,0.916005,-216.132263,95.475502,84.463745
475,3.958333,-0.020750,0.400242,0.015307,0.916047,-216.131775,95.512131,84.462852
476,3.966667,-0.020817,0.400199,0.015131,0.916067,-216.133789,95.541206,84.460358
477,3.975000,-0.020912,0.400209,0.014884,0.916064,-216.134613,95.561615,84.457062
478,3.983333,-0.020925,0.400207,0.014852,0.916066,-216.133469,95.575661,84.455185
479,3.991667,-0.020798,0.400273,0.014894,0.916039,-216.131470,95.590012,84.453651
480,4.000000,-0.020921,0.400385,0.014459,0.915994,-216.130661,95.610809,84.451492
481,4.008333,-0.020721,0.400444,0.014324,0.915975,-216.127151,95.629555,84.450691
482,4.016667,-0.020381,0.400632,0.014443,0.915899,-216.122513,95.650635,84.450653
483,4.025000,-0.020301,0.400832,0.014557,0.915811,-216.118668,95.674400,84.447395
484,4.033333,-0.020525,0.401009,0.014458,0.915730,-216.115753,95.697403,84.446121
485,4.041667,-0.020609,0.401219,0.014307,0.915639,-216.115356,95.722412,84.446526
486,4.050000,-0.021076,0.401277,0.014224,0.915604,-216.116577,95.747772,84.447098
487,4.058333,-0.022168,0.401632,0.015284,0.915405,-216.119171,95.773659,84.443314
488,4.066667,-0.022922,0.401637,0.016110,0.915371,-216.120987,95.794090,84.444962
489,4.075000,-0.023234,0.401500,0.016063,0.915423,-216.120880,95.811043,84.449554
490,4.083333,-0.023506,0.401305,0.016020,0.915503,-216.120743,95.826485,84.451385
491,4.091667,-0.023888,0.401271,0.016135,0.915506,-216.119461,95.842392,84.450806
492,4.100000,-0.024026,0.401030,0.015878,0.915612,-216.119202,95.857407,84.451500
493,4.108333,-0.024411,0.401141,0.016046,0.915550,-216.117050,95.875587,84.447464
494,4.116667,-0.024541,0.400932,0.015827,0.915642,-216.116592,95.893463,84.445198
495,4.125000,-0.024630,0.401086,0.015540,0.915577,-216.112442,95.908440,84.436623
496,4.133333,-0.024615,0.401217,0.015180,0.915527,-216.104721,95.919670,84.431702
497,4.141667,-0.024624,0.401295,0.014991,0.915495,-216.091614,95.934692,84.428772
498,4.150000,-0.024674,0.401437,0.014977,0.915432,-216.076874,95.957291,84.422638
499,4.158333,-0.024511,0.401968,0.016220,0.915182,-216.053192,95.985703,84.421425
500,4.166667,-0.024483,0.402132,0.016253,0.915110,-216.031723,96.039124,84.415070
501,4.175000,-0.024891,0.402651,0.016392,0.914868,-216.012451,96.103073,84.408394
502,4.183333,-0.025607,0.403158,0.016306,0.914627,-215.993744,96.169678,84.400146
503,4.191667,-0.026904,0.403137,0.013862,0.914639,-215.979340,96.254601,84.383156
504,4.200000,-0.028655,0.403168,0.012718,0.914589,-215.962723,96.334572,84.362137
505,4.208333,-0.030063,0.402993,0.011372,0.914639,-215.947266,96.403786,84.338570
506,4.216667,-0.031253,0.402500,0.009756,0.914834,-215.947266,96.458672,84.324387
507,4.225000,-0.031525,0.402489,0.009503,0.914833,-215.949707,96.493179,84.321625
508,4.233333,-0.031702,0.402567,0.009763,0.914789,-215.958115,96.518608,84.320702
509,4.241667,-0.032051,0.402650,0.010262,0.914735,-215.961319,96.542885,84.317886
510,4.250000,-0.032209,0.402802,0.010801,0.914656,-215.962402,96.565819,84.314796
511,4.258333,-0.032372,0.402865,0.011158,0.914619,-215.961212,96.588745,84.311279
512,4.266667,-0.032545,0.402939,0.011335,0.914578,-215.959213,96.608330,84.305595
513,4.275000,-0.032620,0.403033,0.011179,0.914536,-215.962799,96.623909,84.297127
514,4.283333,-0.032812,0.403055,0.010833,0.914523,-215.968353,96.639153,84.292015
515,4.291667,-0.032929,0.403030,0.010784,0.914531,-215.975143,96.652008,84.287056
516,4.300000,-0.033204,0.402925,0.010787,0.914567,-215.979980,96.660950,84.283379
517,4.308333,-0.033441,0.402922,0.010827,0.914559,-215.982605,96.668114,84.280746
518,4.316667,-0.033575,0.402935,0.010759,0.914549,-215.982239,96.672401,84.279289
519,4.325000,-0.033652,0.402964,0.010757,0.914534,-215.979935,96.673271,84.278015
520,4.333333,-0.033730,0.402986,0.010731,0.914521,-215.977982,96.672638,84.280106
521,4.341667,-0.033657,0.402953,0.010758,0.914538,-215.975372,96.667046,84.285126
522,4.350000,-0.033493,0.402941,0.010727,0.914550,-215.973495,96.662155,84.289474
523,4.358333,-0.033355,0.402934,0.010858,0.914557,-215.970779,96.658714,84.293121
524,4.366667,-0.033385,0.402948,0.010990,0.914548,-215.968536,96.660439,84.295364
525,4.375000,-0.033662,0.402940,0.011012,0.914541,-215.965317,96.664337,84.294479
526,4.383333,-0.033859,0.402951,0.010867,0.914531,-215.964203,96.667145,84.293983
527,4.391667,-0.033993,0.402914,0.010742,0.914543,-215.962570,96.667648,84.293381
528,4.400000,-0.033832,0.402872,0.010680,0.914569,-215.962265,96.664566,84.293716
529,4.408333,-0.033571,0.402891,0.010555,0.914571,-215.965027,96.663322,84.293831
530,4.416667,-0.033418,0.402914,0.010683,0.914565,-215.968369,96.663101,84.291893
531,4.425000,-0.033473,0.402967,0.010740,0.914539,-215.972015,96.664413,84.288887
532,4.433333,-0.033634,0.402997,0.010824,0.914519,-215.975159,96.665993,84.284683
533,4.441667,-0.033589,0.402969,0.010705,0.914535,-215.977768,96.668030,84.281532
534,4.450000,-0.033545,0.402954,0.010737,0.914542,-215.979248,96.668388,84.279991
535,4.458333,-0.033509,0.402916,0.010664,0.914561,-215.980011,96.667374,84.280312
536,4.466667,-0.033435,0.402946,0.010723,0.914550,-215.979843,96.665230,84.281906
537,4.475000,-0.033438,0.402903,0.010749,0.914568,-215.979431,96.663635,84.283585
538,4.483333,-0.033494,0.402912,0.010729,0.914563,-215.978119,96.664085,84.283951
539,4.491667,-0.033483,0.402944,0.010827,0.914548,-215.975601,96.665108,84.284523
540,4.500000,-0.033496,0.402962,0.010828,0.914540,-215.972610,96.666183,84.286758
541,4.508333,-0.033415,0.402960,0.010782,0.914544,-215.969040,96.664772,84.289680
542,4.516667,-0.033375,0.402918,0.010876,0.914563,-215.966080,96.663040,84.293739
543,4.525000,-0.033428,0.402867,0.010824,0.914584,-215.964005,96.661903,84.295967
544,4.533333,-0.033442,0.402963,0.010742,0.914542,-215.962769,96.660446,84.296623
545,4.541667,-0.033587,0.402987,0.010817,0.914525,-215.962387,96.663193,84.295860
546,4.550000,-0.033655,0.402936,0.010702,0.914546,-215.963394,96.665405,84.294029
547,4.558333,-0.033770,0.402910,0.010655,0.914554,-215.965302,96.665558,84.290680
548,4.566667,-0.033606,0.402946,0.010630,0.914545,-215.967606,96.664825,84.289642
549,4.575000,-0.033437,0.402947,0.010665,0.914550,-215.971497,96.664650,84.288177
550,4.583333,-0.033384,0.402924,0.010748,0.914561,-215.974899,96.663849,84.286743
551,4.591667,-0.033380,0.402973,0.010800,0.914539,-215.978149,96.664581,84.284584
552,4.600000,-0.033378,0.402926,0.010813,0.914560,-215.980560,96.665314,84.282883
553,4.608333,-0.033387,0.402959,0.010813,0.914545,-215.981506,96.666382,84.280968
554,4.616667,-0.033422,0.402917,0.010893,0.914561,-215.981476,96.666924,84.280815
555,4.625000,-0.033438,0.402889,0.010774,0.914575,-215.979004,96.665520,84.282089
556,4.633333,-0.033509,0.402887,0.010769,0.914573,-215.976303,96.665176,84.283478
557,4.641667,-0.033501,0.402953,0.010749,0.914544,-215.973236,96.663445,84.285164
558,4.650000,-0.033592,0.402949,0.010593,0.914544,-215.970398,96.664322,84.286949
559,4.658333,-0.033611,0.402966,0.010739,0.914535,-215.968155,96.663971,84.288750
560,4.666667,-0.033622,0.402931,0.010683,0.914550,-215.966415,96.664726,84.291321
561,4.675000,-0.033606,0.402940,0.010834,0.914545,-215.965103,96.664764,84.292511
562,4.683333,-0.033502,0.402900,0.010783,0.914567,-215.963989,96.664391,84.294693
563,4.691667,-0.033421,0.402892,0.010869,0.914572,-215.964340,96.663376,84.295898
564,4.700000,-0.033381,0.402879,0.010908,0.914579,-215.965622,96.663933,84.295944
565,4.708333,-0.033562,0.402856,0.010851,0.914584,-215.967651,96.664055,84.293159
566,4.716667,-0.033588,0.402882,0.010798,0.914572,-215.969772,96.664093,84.290939
567,4.725000,-0.033552,0.402963,0.010817,0.914537,-215.971619,96.664192,84.288063
568,4.733333,-0.033421,0.402974,0.010802,0.914537,-215.974609,96.664795,84.286636
569,4.741667,-0.033505,0.402962,0.010741,0.914540,-215.976791,96.664772,84.284531
570,4.750000,-0.033388,0.402936,0.010789,0.914555,-215.978027,96.664986,84.283707
571,4.758333,-0.033348,0.402996,0.010822,0.914530,-215.979309,96.664673,84.281769
572,4.766667,-0.033429,0.402984,0.010774,0.914533,-215.980179,96.665291,84.280815
573,4.775000,-0.033426,0.402947,0.010770,0.914549,-215.978485,96.665001,84.281441
574,4.783333,-0.033467,0.402938,0.010757,0.914552,-215.976807,96.663811,84.283150
575,4.791667,-0.033428,0.402953,0.010718,0.914547,-215.974838,96.664024,84.285324
576,4.800000,-0.033552,0.402964,0.010656,0.914539,-215.971085,96.663849,84.287071
577,4.808333,-0.033633,0.402966,0.010641,0.914535,-215.968414,96.664139,84.289246
578,4.816667,-0.033569,0.402990,0.010641,0.914527,-215.966064,96.664169,84.291023
579,4.825000,-0.033642,0.402976,0.010728,0.914529,-215.964920,96.664864,84.292641
580,4.833333,-0.033645,0.402934,0.010730,0.914548,-215.964172,96.664085,84.293320
581,4.841667,-0.033573,0.402933,0.010608,0.914552,-215.964584,96.663177,84.293762
582,4.850000,-0.033527,0.402903,0.010619,0.914567,-215.966766,96.663437,84.293625
583,4.858333,-0.033571,0.402946,0.010772,0.914545,-215.968140,96.664169,84.291962
584,4.866667,-0.033583,0.402959,0.010680,0.914539,-215.970535,96.664040,84.289932
585,4.875000,-0.033515,0.402979,0.010710,0.914533,-215.973236,96.663361,84.288284
586,4.883333,-0.033529,0.402959,0.010780,0.914540,-215.975647,96.664116,84.285370
587,4.891667,-0.033468,0.402975,0.010782,0.914535,-215.977859,96.665825,84.283707
588,4.900000,-0.033492,0.402970,0.010725,0.914537,-215.978409,96.664986,84.282219
589,4.908333,-0.033529,0.402900,0.010717,0.914567,-215.979645,96.664581,84.281761
590,4.916667,-0.033510,0.402999,0.010747,0.914523,-215.979691,96.663376,84.281624
591,4.925000,-0.033519,0.402992,0.010727,0.914527,-215.979309,96.665558,84.282074
592,4.933333,-0.033456,0.402942,0.010777,0.914551,-215.976929,96.665329,84.282288
593,4.941667,-0.033450,0.402939,0.010702,0.914553,-215.974472,96.663895,84.284470
594,4.950000,-0.033517,0.402978,0.010628,0.914534,-215.970901,96.664391,84.285759
595,4.958333,-0.033563,0.403004,0.010567,0.914522,-215.968155,96.663704,84.288673
596,4.966667,-0.033567,0.403007,0.010707,0.914518,-215.965988,96.661888,84.290092
597,4.975000,-0.033576,0.402996,0.010708,0.914523,-215.964478,96.662399,84.292633
598,4.983333,-0.033586,0.402935,0.010665,0.914550,-215.964203,96.663223,84.293159
599,4.991667,-0.033746,0.402921,0.010682,0.914550,-215.964096,96.663895,84.293777
600,5.000000,-0.033701,0.402925,0.010738,0.914549,-215.965515,96.663643,84.292679
601,5.008333,-0.033684,0.402943,0.010682,0.914543,-215.968582,96.664688,84.291229
602,5.016667,-0.033514,0.402999,0.010709,0.914524,-215.971191,96.664490,84.289673
603,5.025000,-0.033510,0.402969,0.010726,0.914537,-215.973541,96.663605,84.287811
604,5.033333,-0.033501,0.402973,0.010745,0.914536,-215.976242,96.664680,84.286003
605,5.041667,-0.033502,0.402896,0.010680,0.914570,-215.978622,96.667168,84.284904
606,5.050000,-0.033721,0.402912,0.010715,0.914555,-215.979599,96.669350,84.284142
607,5.058333,-0.033985,0.402948,0.010565,0.914531,-215.980988,96.672913,84.282753
608,5.066667,-0.034046,0.402912,0.010450,0.914546,-215.982025,96.679047,84.286133
609,5.075000,-0.034075,0.402878,0.010536,0.914558,-215.981552,96.685913,84.290215
610,5.083333,-0.034177,0.402865,0.010544,0.914560,-215.980194,96.692863,84.296066
611,5.091667,-0.034473,0.402783,0.010570,0.914585,-215.978104,96.699142,84.303879
612,5.100000,-0.034772,0.402710,0.010436,0.914608,-215.976334,96.703926,84.313515
613,5.108333,-0.035068,0.402605,0.010172,0.914645,-215.972427,96.710495,84.325836
614,5.116667,-0.035415,0.402556,0.009794,0.914658,-215.966156,96.717567,84.338600
615,5.125000,-0.035637,0.402513,0.009451,0.914672,-215.961166,96.723686,84.350311
616,5.133333,-0.035700,0.402504,0.008941,0.914678,-215.957062,96.733025,84.363815
617,5.141667,-0.035898,0.402424,0.008724,0.914708,-215.953537,96.744781,84.376999
618,5.150000,-0.036069,0.402262,0.008227,0.914777,-215.952896,96.758041,84.390198
619,5.158333,-0.036718,0.401884,0.007337,0.914925,-215.956375,96.775681,84.403839
620,5.166667,-0.036934,0.401750,0.006662,0.914980,-215.959030,96.783379,84.417839
621,5.175000,-0.037097,0.401675,0.006479,0.915007,-215.961334,96.788376,84.432289
622,5.183333,-0.037188,0.401703,0.006636,0.914990,-215.963287,96.792099,84.450989
623,5.191667,-0.037496,0.401674,0.006632,0.914991,-215.965027,96.801712,84.468460
624,5.200000,-0.037856,0.401695,0.006423,0.914968,-215.965271,96.811958,84.484306
625,5.208333,-0.038086,0.401893,0.006261,0.914873,-215.964386,96.817505,84.502274
626,5.216667,-0.038234,0.401925,0.005992,0.914855,-215.964096,96.820648,84.524261
627,5.225000,-0.038229,0.401956,0.005645,0.914843,-215.962463,96.820190,84.550468
628,5.233333,-0.038169,0.401979,0.005406,0.914837,-215.960785,96.816994,84.578804
629,5.241667,-0.037374,0.402040,0.005804,0.914841,-215.955261,96.798744,84.616951
630,5.250000,-0.036686,0.402081,0.005608,0.914851,-215.949966,96.781326,84.659187
631,5.258333,-0.035502,0.403595,0.009272,0.914202,-215.930649,96.732582,84.722694
632,5.266667,-0.034887,0.403839,0.010556,0.914104,-215.923737,96.701500,84.769104
633,5.275000,-0.035642,0.403326,0.008666,0.914321,-215.936157,96.688812,84.809990
634,5.283333,-0.035875,0.403226,0.008324,0.914359,-215.938217,96.662781,84.855576
635,5.291667,-0.035101,0.403213,0.008810,0.914390,-215.935211,96.630577,84.909515
636,5.300000,-0.034969,0.402982,0.009007,0.914495,-215.931274,96.598396,84.957535
637,5.308333,-0.034468,0.402286,0.007751,0.914832,-215.928558,96.559967,85.016724
638,5.316667,-0.033028,0.401850,0.007612,0.915078,-215.921021,96.505287,85.087708
639,5.325000,-0.031279,0.403411,0.011096,0.914417,-215.910690,96.415550,85.181007
640,5.333333,-0.030270,0.402912,0.010599,0.914676,-215.925766,96.354965,85.245743
641,5.341667,-0.029603,0.402473,0.011193,0.914885,-215.925781,96.303490,85.311409
642,5.350000,-0.029200,0.401710,0.011128,0.915234,-215.919678,96.252991,85.375648
643,5.358333,-0.027995,0.401411,0.009765,0.915418,-215.916580,96.187607,85.450745
644,5.366667,-0.025510,0.401797,0.009876,0.915320,-215.907761,96.102768,85.532928
645,5.375000,-0.024216,0.402437,0.010972,0.915062,-215.896912,96.019928,85.624138
646,5.383333,-0.024376,0.402757,0.011788,0.914907,-215.892059,95.953659,85.706390
647,5.391667,-0.024572,0.402666,0.012351,0.914934,-215.893036,95.901428,85.778618
648,5.400000,-0.023211,0.401724,0.013004,0.915374,-215.889923,95.847015,85.860077
649,5.408333,-0.020975,0.401345,0.013214,0.915591,-215.878296,95.791122,85.946564
650,5.416667,-0.019840,0.402700,0.016276,0.914972,-215.865036,95.728912,86.037582
651,5.425000,-0.020147,0.402743,0.014552,0.914976,-215.868729,95.710571,86.105003
652,5.433333,-0.020732,0.402701,0.013099,0.915003,-215.865326,95.701859,86.165962
653,5.441667,-0.021858,0.402395,0.012161,0.915124,-215.856766,95.702202,86.227959
654,5.450000,-0.023282,0.402118,0.011715,0.915217,-215.855194,95.702309,86.290627
655,5.458333,-0.024348,0.401970,0.011790,0.915253,-215.858597,95.701782,86.358109
656,5.466667,-0.024615,0.401840,0.013454,0.915280,-215.880722,95.690216,86.434502
657,5.475000,-0.024868,0.401389,0.013471,0.915471,-215.873260,95.703331,86.504707
658,5.483333,-0.025392,0.401228,0.012632,0.915539,-215.862961,95.726349,86.572639
659,5.491667,-0.026415,0.401122,0.012537,0.915558,-215.855591,95.747063,86.641678
660,5.500000,-0.026441,0.402318,0.014960,0.914996,-215.841156,95.749931,86.728104
661,5.508333,-0.026519,0.402650,0.014946,0.914848,-215.835831,95.775726,86.797073
662,5.516667,-0.027227,0.402683,0.012740,0.914846,-215.842407,95.825905,86.854424
663,5.525000,-0.028708,0.402701,0.010829,0.914817,-215.840881,95.873077,86.914429
664,5.533333,-0.031027,0.402566,0.009488,0.914816,-215.831757,95.920822,86.977562
665,5.541667,-0.033804,0.401563,0.009558,0.915158,-215.825653,95.973335,87.051575
666,5.550000,-0.035686,0.401273,0.009093,0.915218,-215.820572,96.027061,87.120422
667,5.558333,-0.036634,0.401561,0.009447,0.915051,-215.836578,96.074661,87.195343
668,5.566667,-0.037170,0.401998,0.007947,0.914851,-215.821075,96.131859,87.251694
669,5.575000,-0.037738,0.402444,0.006863,0.914641,-215.804169,96.187004,87.305847
670,5.583333,-0.038253,0.402490,0.006210,0.914604,-215.793747,96.232399,87.359245
671,5.591667,-0.039317,0.402254,0.005708,0.914666,-215.787262,96.275558,87.416672
672,5.600000,-0.040870,0.402205,0.004730,0.914625,-215.785522,96.315071,87.479767
673,5.608333,-0.043613,0.402081,0.003034,0.914560,-215.786148,96.360573,87.540726
674,5.616667,-0.046706,0.401789,0.001499,0.914539,-215.790390,96.400238,87.587334
675,5.625000,-0.048485,0.401244,0.001396,0.914686,-215.792419,96.423492,87.638000
676,5.633333,-0.047976,0.401077,0.001666,0.914786,-215.798065,96.451027,87.694016
677,5.641667,-0.047111,0.401223,0.002217,0.914765,-215.799835,96.470413,87.751404
678,5.650000,-0.046203,0.403117,0.005670,0.913964,-215.789001,96.459045,87.827530
679,5.658333,-0.045879,0.403284,0.007169,0.913896,-215.781372,96.458809,87.885933
680,5.666667,-0.046054,0.402421,0.006023,0.914276,-215.780212,96.473328,87.936638
681,5.675000,-0.046489,0.401970,0.004758,0.914459,-215.777069,96.488937,87.988762
682,5.683333,-0.046574,0.401966,0.004058,0.914460,-215.772629,96.497169,88.035759
683,5.691667,-0.047610,0.402312,0.003069,0.914259,-215.771896,96.507004,88.084030
684,5.700000,-0.048665,0.402367,0.001730,0.914182,-215.768738,96.514000,88.125328
685,5.708333,-0.050074,0.401855,0.000502,0.914333,-215.766174,96.520012,88.174942
686,5.716667,-0.051226,0.401656,-0.000258,0.914357,-215.762878,96.518791,88.225731
687,5.725000,-0.051670,0.401327,-0.000767,0.914476,-215.759949,96.513222,88.274918
688,5.733333,-0.051859,0.401392,-0.000085,0.914437,-215.755966,96.491119,88.326050
689,5.741667,-0.051949,0.401304,0.000420,0.914471,-215.755203,96.470711,88.377594
690,5.750000,-0.051063,0.403042,0.004520,0.913745,-215.742447,96.419403,88.451668
691,5.758333,-0.050868,0.402633,0.004349,0.913937,-215.745514,96.405228,88.497238
692,5.766667,-0.050953,0.402164,0.003824,0.914141,-215.744141,96.387657,88.533821
693,5.775000,-0.050751,0.401839,0.003703,0.914295,-215.738266,96.362427,88.570839
694,5.783333,-0.050395,0.401497,0.003525,0.914466,-215.731979,96.333023,88.615868
695,5.791667,-0.049291,0.401162,0.002179,0.914677,-215.727859,96.296761,88.660118
696,5.800000,-0.048625,0.401405,0.001136,0.914608,-215.734558,96.259155,88.693718
697,5.808333,-0.048807,0.401828,-0.000310,0.914413,-215.744354,96.220772,88.736168
698,5.816667,-0.048556,0.402039,-0.000071,0.914334,-215.747040,96.181381,88.781387
699,5.825000,-0.048164,0.401861,0.000790,0.914433,-215.749023,96.146294,88.834854
700,5.833333,-0.047501,0.402740,0.005505,0.914065,-215.735703,96.090195,88.922188
701,5.841667,-0.047412,0.401577,0.005362,0.914582,-215.734360,96.076057,88.967278
702,5.850000,-0.047640,0.401104,0.005463,0.914777,-215.729660,96.061203,89.005470
703,5.858333,-0.047675,0.401079,0.005608,0.914785,-215.724487,96.042511,89.047371
704,5.866667,-0.047869,0.401199,0.005772,0.914721,-215.719086,96.020470,89.092560
705,5.875000,-0.048429,0.401253,0.005345,0.914671,-215.714951,96.000328,89.136475
706,5.883333,-0.048125,0.401118,0.003429,0.914755,-215.708572,95.976730,89.175179
707,5.891667,-0.047480,0.401057,0.001742,0.914820,-215.706970,95.957443,89.210335
708,5.900000,-0.046378,0.401135,0.000851,0.914844,-215.705490,95.935234,89.254585
709,5.908333,-0.045305,0.401395,0.001140,0.914783,-215.706924,95.918221,89.304352
710,5.916667,-0.044639,0.401675,0.001917,0.914692,-215.708923,95.904335,89.350716
711,5.925000,-0.043745,0.403464,0.005855,0.913930,-215.697525,95.864311,89.417015
712,5.933333,-0.044119,0.403083,0.004862,0.914086,-215.700882,95.850113,89.462486
713,5.941667,-0.044258,0.402396,0.004543,0.914384,-215.701172,95.836060,89.506355
714,5.950000,-0.044715,0.401594,0.005626,0.914708,-215.697891,95.823799,89.559052
715,5.958333,-0.044788,0.401065,0.006665,0.914930,-215.694122,95.809196,89.607468
716,5.966667,-0.044772,0.401007,0.007467,0.914950,-215.690536,95.793297,89.652664
717,5.975000,-0.044763,0.401145,0.007753,0.914887,-215.687271,95.776543,89.697472
718,5.983333,-0.045138,0.401437,0.007778,0.914741,-215.686768,95.765137,89.740318
719,5.991667,-0.045581,0.401408,0.007194,0.914736,-215.683823,95.754150,89.776077
720,6.000000,-0.045535,0.401275,0.006676,0.914801,-215.678070,95.739540,89.812889
721,6.008333,-0.045128,0.400934,0.004574,0.914983,-215.667297,95.713120,89.859413
722,6.016667,-0.044088,0.402763,0.006655,0.914217,-215.649338,95.663818,89.933167
723,6.025000,-0.043724,0.402337,0.005403,0.914431,-215.657349,95.655556,89.969131
724,6.033333,-0.043227,0.402332,0.005153,0.914458,-215.659637,95.644653,90.006989
725,6.041667,-0.042837,0.402572,0.004871,0.914372,-215.658905,95.635010,90.049171
726,6.050000,-0.042670,0.402423,0.004253,0.914449,-215.657074,95.625893,90.093819
727,6.058333,-0.043331,0.402262,0.005503,0.914482,-215.673019,95.605377,90.146606
728,6.066667,-0.044750,0.401768,0.005535,0.914631,-215.677643,95.600037,90.189690
729,6.075000,-0.046090,0.401060,0.005552,0.914875,-215.669937,95.600739,90.225304
730,6.083333,-0.047372,0.400628,0.004106,0.915006,-215.662903,95.606918,90.257210
731,6.091667,-0.048330,0.400495,0.002751,0.915019,-215.658447,95.604691,90.290764
732,6.100000,-0.048578,0.400633,0.002474,0.914947,-215.656158,95.596100,90.332916
733,6.108333,-0.048701,0.400688,0.002534,0.914916,-215.657974,95.585114,90.375031
734,6.116667,-0.048820,0.400463,0.002035,0.915009,-215.661499,95.578743,90.411819
735,6.125000,-0.048246,0.401710,0.004961,0.914482,-215.650482,95.542450,90.474442
736,6.133333,-0.049136,0.400539,0.002633,0.914958,-215.655426,95.545784,90.507225
737,6.141667,-0.045481,0.402001,0.006361,0.914487,-215.626343,95.485359,90.597084
738,6.150000,-0.044213,0.402118,0.005773,0.914502,-215.618866,95.461182,90.644753
739,6.158333,-0.043471,0.402464,0.005050,0.914389,-215.623215,95.438599,90.679970
740,6.166667,-0.042399,0.402783,0.004663,0.914301,-215.626907,95.417282,90.720253
741,6.175000,-0.041902,0.402823,0.004648,0.914306,-215.629166,95.403831,90.764351
742,6.183333,-0.042154,0.402966,0.004373,0.914233,-215.631516,95.391968,90.809860
743,6.191667,-0.042310,0.402927,0.004449,0.914243,-215.630295,95.382256,90.852089
744,6.200000,-0.042683,0.402215,0.005110,0.914535,-215.627960,95.375656,90.906418
745,6.208333,-0.042879,0.401805,0.005710,0.914703,-215.621048,95.365410,90.962914
746,6.216667,-0.042765,0.401535,0.005945,0.914826,-215.616257,95.355537,91.005005
747,6.225000,-0.042657,0.401536,0.006295,0.914827,-215.617874,95.345009,91.044441
748,6.233333,-0.042363,0.401944,0.006726,0.914659,-215.620300,95.329216,91.083298
749,6.241667,-0.042099,0.402267,0.007130,0.914526,-215.619781,95.308388,91.124687
750,6.250000,-0.042001,0.402292,0.007719,0.914515,-215.614410,95.288254,91.171440
751,6.258333,-0.042170,0.402209,0.008517,0.914537,-215.609390,95.272675,91.215637
752,6.266667,-0.042705,0.402202,0.009648,0.914504,-215.606186,95.258087,91.258148
753,6.275000,-0.042689,0.402269,0.010501,0.914466,-215.603287,95.243057,91.303497
754,6.283333,-0.042116,0.402289,0.010779,0.914480,-215.603134,95.226555,91.348854
755,6.291667,-0.041949,0.402361,0.010651,0.914458,-215.607910,95.213165,91.390305
756,6.300000,-0.041247,0.402133,0.009306,0.914604,-215.609833,95.191032,91.432419
757,6.308333,-0.041038,0.402329,0.007654,0.914543,-215.612656,95.169846,91.465340
758,6.316667,-0.041233,0.402486,0.006009,0.914477,-215.610382,95.153755,91.502289
759,6.325000,-0.041958,0.402142,0.005013,0.914602,-215.604996,95.148392,91.547241
760,6.333333,-0.043001,0.401522,0.003878,0.914831,-215.597946,95.152107,91.588631
761,6.341667,-0.043740,0.401096,0.002506,0.914988,-215.594666,95.158455,91.621712
762,6.350000,-0.043924,0.400778,0.001711,0.915120,-215.595535,95.156570,91.653320
763,6.358333,-0.043745,0.400494,0.000608,0.915254,-215.598480,95.150955,91.687965
764,6.366667,-0.043347,0.400412,0.000043,0.915310,-215.602829,95.140015,91.726952
765,6.375000,-0.043152,0.399804,0.001677,0.915583,-215.655167,95.109329,91.772812
766,6.383333,-0.043589,0.399139,-0.002072,0.915851,-215.625031,95.140091,91.788719
767,6.391667,-0.044803,0.398518,-0.004089,0.916056,-215.617752,95.148590,91.816162
768,6.400000,-0.042469,0.403084,0.006849,0.914151,-215.572540,95.044106,91.934250
769,6.408333,-0.042636,0.403595,0.008875,0.913901,-215.565491,95.019608,91.986526
770,6.416667,-0.042631,0.403558,0.010085,0.913905,-215.570923,95.002090,92.025963
771,6.425000,-0.042552,0.403475,0.010933,0.913935,-215.580246,94.989754,92.063835
772,6.433333,-0.042186,0.403199,0.011244,0.914070,-215.584061,94.977242,92.105225
773,6.441667,-0.042470,0.402662,0.011920,0.914285,-215.584274,94.971642,92.152161
774,6.450000,-0.041614,0.402357,0.010648,0.914475,-215.574066,94.957306,92.200417
775,6.458333,-0.041638,0.402490,0.010301,0.914419,-215.566986,94.947380,92.237434
776,6.466667,-0.041858,0.402661,0.009921,0.914338,-215.561371,94.933907,92.279381
777,6.475000,-0.041654,0.403040,0.009824,0.914181,-215.557404,94.917625,92.323166
778,6.483333,-0.041077,0.403214,0.009512,0.914134,-215.555542,94.905937,92.365685
779,6.491667,-0.040518,0.403301,0.009303,0.914123,-215.558365,94.898972,92.402809
780,6.500000,-0.040050,0.403258,0.009086,0.914164,-215.562912,94.891174,92.434586
781,6.508333,-0.039791,0.403249,0.009014,0.914181,-215.566635,94.878395,92.471092
782,6.516667,-0.040027,0.403155,0.009126,0.914210,-215.567322,94.863319,92.512451
783,6.525000,-0.039907,0.402860,0.009455,0.914342,-215.562531,94.852348,92.554161
784,6.533333,-0.039969,0.402848,0.009972,0.914340,-215.557388,94.844666,92.590981
785,6.541667,-0.039989,0.402995,0.010467,0.914268,-215.552597,94.836914,92.630371
786,6.550000,-0.039979,0.403267,0.010516,0.914148,-215.549606,94.829994,92.674446
787,6.558333,-0.040105,0.403495,0.010411,0.914043,-215.549759,94.822189,92.717163
788,6.566667,-0.040926,0.403619,0.009903,0.913958,-215.554214,94.814308,92.755188
789,6.575000,-0.041471,0.403593,0.009812,0.913946,-215.556671,94.805542,92.788879
790,6.583333,-0.042257,0.403026,0.010511,0.914152,-215.558960,94.798317,92.831955
791,6.591667,-0.043193,0.402384,0.011448,0.914380,-215.551376,94.782051,92.880417
792,6.600000,-0.044329,0.401731,0.012058,0.914605,-215.541550,94.764610,92.928993
793,6.608333,-0.044948,0.401527,0.012335,0.914660,-215.532776,94.750854,92.965477
794,6.616667,-0.044889,0.401557,0.012101,0.914653,-215.528275,94.736855,93.003990
795,6.625000,-0.044473,0.401845,0.012015,0.914548,-215.525696,94.722816,93.043221
796,6.633333,-0.044352,0.401792,0.011096,0.914589,-215.520569,94.703239,93.082825
797,6.641667,-0.044091,0.401925,0.010064,0.914555,-215.523911,94.689285,93.116524
798,6.650000,-0.044242,0.402153,0.009050,0.914458,-215.535736,94.675598,93.148766
799,6.658333,-0.044041,0.402339,0.008493,0.914391,-215.543793,94.659859,93.181465
800,6.666667,-0.042750,0.402568,0.008640,0.914350,-215.547318,94.650368,93.229752
801,6.675000,-0.042310,0.402562,0.008954,0.914371,-215.544601,94.637009,93.276398
802,6.683333,-0.042183,0.402596,0.009063,0.914360,-215.542007,94.629059,93.314621
803,6.691667,-0.042083,0.402171,0.009979,0.914542,-215.554886,94.616463,93.350471
804,6.700000,-0.041981,0.402163,0.010253,0.914548,-215.560242,94.607857,93.387909
805,6.708333,-0.041942,0.402181,0.010439,0.914540,-215.568024,94.594315,93.427994
806,6.716667,-0.044124,0.401710,0.010671,0.914641,-215.561295,94.572121,93.464577
807,6.725000,-0.045307,0.401307,0.010522,0.914762,-215.555450,94.560623,93.504745
808,6.733333,-0.045850,0.401170,0.010372,0.914797,-215.549805,94.553764,93.545166
809,6.741667,-0.045717,0.401131,0.011011,0.914813,-215.542175,94.544640,93.588890
810,6.750000,-0.045333,0.401157,0.011902,0.914809,-215.533264,94.535561,93.637184
811,6.758333,-0.045308,0.401201,0.012213,0.914787,-215.530640,94.530060,93.675827
812,6.766667,-0.045202,0.400895,0.012972,0.914916,-215.547272,94.517609,93.710808
813,6.775000,-0.045173,0.400883,0.012947,0.914923,-215.560272,94.505951,93.743874
814,6.783333,-0.045577,0.401144,0.011674,0.914806,-215.560455,94.494308,93.777328
815,6.791667,-0.045063,0.401188,0.010032,0.914831,-215.558701,94.476601,93.811119
816,6.800000,-0.044467,0.401522,0.008777,0.914727,-215.558914,94.461212,93.841591
817,6.808333,-0.043991,0.401699,0.008299,0.914677,-215.559433,94.451073,93.875504
818,6.816667,-0.043756,0.401668,0.008486,0.914700,-215.556793,94.441429,93.915596
819,6.825000,-0.043144,0.401781,0.008815,0.914677,-215.551666,94.431389,93.958252
820,6.833333,-0.042833,0.401884,0.009118,0.914643,-215.547318,94.422562,93.996620
821,6.841667,-0.042533,0.401963,0.009102,0.914622,-215.547516,94.419014,94.026665
822,6.850000,-0.042691,0.401859,0.009454,0.914657,-215.549606,94.414940,94.061279
823,6.858333,-0.042595,0.401571,0.009696,0.914785,-215.550156,94.407745,94.102997
824,6.866667,-0.043657,0.401257,0.009359,0.914877,-215.552429,94.395134,94.142563
825,6.875000,-0.044335,0.400911,0.009022,0.914999,-215.556259,94.382332,94.176254
826,6.883333,-0.044567,0.400691,0.009158,0.915083,-215.559814,94.370483,94.212067
827,6.891667,-0.044489,0.400570,0.009546,0.915136,-215.558151,94.358932,94.252686
828,6.900000,-0.044633,0.400733,0.009967,0.915053,-215.552216,94.346794,94.296097
829,6.908333,-0.044566,0.400921,0.010288,0.914970,-215.545364,94.337555,94.335434
830,6.916667,-0.044894,0.401095,0.010367,0.914877,-215.541199,94.332207,94.368797
831,6.925000,-0.045336,0.401256,0.010397,0.914784,-215.539139,94.324715,94.399689
832,6.933333,-0.045273,0.401465,0.010492,0.914694,-215.538651,94.316055,94.432518
833,6.941667,-0.045311,0.401498,0.010338,0.914680,-215.540359,94.306953,94.467606
834,6.950000,-0.044978,0.401474,0.010479,0.914705,-215.542938,94.298157,94.506210
835,6.958333,-0.045099,0.401298,0.010332,0.914778,-215.545471,94.292770,94.542419
836,6.966667,-0.044817,0.401054,0.010074,0.914902,-215.545609,94.288483,94.579910
837,6.975000,-0.043815,0.400857,0.009546,0.915042,-215.540176,94.272163,94.622269
838,6.983333,-0.043119,0.400966,0.009263,0.915031,-215.540863,94.258575,94.659920
839,6.991667,-0.042257,0.401050,0.009083,0.915036,-215.541916,94.248978,94.693779
840,7.000000,-0.041798,0.400985,0.008832,0.915088,-215.542603,94.243217,94.724342
841,7.008333,-0.041735,0.400933,0.008781,0.915114,-215.541794,94.237289,94.754845
842,7.016667,-0.041440,0.400941,0.008929,0.915123,-215.541367,94.231186,94.794388
843,7.025000,-0.041521,0.400932,0.008886,0.915123,-215.537933,94.225914,94.831123
844,7.033333,-0.041347,0.400982,0.008607,0.915112,-215.530685,94.219109,94.866074
845,7.041667,-0.041328,0.401163,0.008466,0.915035,-215.522720,94.214424,94.904945
846,7.050000,-0.042146,0.401288,0.008247,0.914945,-215.515427,94.202187,94.946167
847,7.058333,-0.042413,0.401412,0.008469,0.914876,-215.512802,94.192154,94.985359
848,7.066667,-0.042423,0.401610,0.008512,0.914788,-215.511139,94.184517,95.020996
849,7.075000,-0.042707,0.401675,0.008242,0.914749,-215.509201,94.176552,95.052116
850,7.083333,-0.042695,0.401645,0.008152,0.914764,-215.507965,94.166962,95.083122
851,7.091667,-0.042842,0.401710,0.008455,0.914725,-215.511246,94.155067,95.121559
852,7.100000,-0.040106,0.402056,0.009405,0.914688,-215.519043,94.157799,95.162369
853,7.108333,-0.039051,0.401789,0.009921,0.914845,-215.519409,94.156212,95.196083
854,7.116667,-0.038695,0.401361,0.010501,0.915042,-215.510681,94.150063,95.232956
855,7.125000,-0.038503,0.401257,0.011291,0.915086,-215.499405,94.142555,95.277161
856,7.133333,-0.038244,0.401235,0.011836,0.915100,-215.489120,94.135323,95.318207
857,7.141667,-0.040413,0.400938,0.012538,0.915128,-215.482712,94.128296,95.358345
858,7.150000,-0.041647,0.400709,0.012992,0.915166,-215.475037,94.122200,95.385551
859,7.158333,-0.042560,0.400588,0.012691,0.915181,-215.471130,94.103989,95.416283
860,7.166667,-0.042275,0.400438,0.010641,0.915286,-215.470856,94.078400,95.448532
861,7.175000,-0.042758,0.400487,0.010661,0.915242,-215.480804,94.065468,95.475403
862,7.183333,-0.042898,0.400754,0.010594,0.915120,-215.487167,94.048706,95.501190
863,7.191667,-0.041973,0.401005,0.009706,0.915062,-215.487671,94.022316,95.529701
864,7.200000,-0.040731,0.401273,0.009144,0.915007,-215.489700,93.997459,95.564217
865,7.208333,-0.040110,0.401313,0.008975,0.915019,-215.491699,93.980255,95.595329
866,7.216667,-0.039854,0.401318,0.009188,0.915025,-215.493683,93.965271,95.621010
867,7.225000,-0.040101,0.401141,0.009262,0.915092,-215.498047,93.955154,95.642975
868,7.233333,-0.040462,0.401001,0.009327,0.915136,-215.502243,93.945946,95.663582
869,7.241667,-0.040396,0.401008,0.009253,0.915137,-215.505554,93.941132,95.683708
870,7.250000,-0.040039,0.401189,0.009179,0.915074,-215.510391,93.938560,95.701187
871,7.258333,-0.040241,0.401299,0.009226,0.915016,-215.513855,93.938011,95.716431
872,7.266667,-0.040279,0.401348,0.009145,0.914994,-215.515762,93.938622,95.730476
873,7.275000,-0.040030,0.401403,0.009114,0.914981,-215.516998,93.940453,95.743027
874,7.283333,-0.040127,0.401528,0.008931,0.914924,-215.517517,93.941284,95.754318
875,7.291667,-0.040193,0.401557,0.008822,0.914909,-215.516373,93.944603,95.762810
876,7.300000,-0.040149,0.401602,0.008890,0.914891,-215.516037,93.947296,95.769196
877,7.308333,-0.040092,0.401666,0.009003,0.914864,-215.515869,93.948318,95.777046
878,7.316667,-0.040031,0.401703,0.008964,0.914851,-215.517395,93.946632,95.785622
879,7.325000,-0.040036,0.401803,0.008919,0.914807,-215.519424,93.941986,95.792023
880,7.333333,-0.040079,0.401825,0.008817,0.914797,-215.521667,93.933388,95.796783
881,7.341667,-0.039767,0.401860,0.008845,0.914795,-215.522934,93.919205,95.805206
882,7.350000,-0.039506,0.401910,0.008995,0.914782,-215.524048,93.904526,95.813858
883,7.358333,-0.039383,0.401987,0.009251,0.914751,-215.523529,93.887558,95.821228
884,7.366667,-0.039477,0.402006,0.009591,0.914736,-215.522141,93.870926,95.829308
885,7.375000,-0.039497,0.402026,0.010069,0.914720,-215.517609,93.850151,95.839729
886,7.383333,-0.039028,0.401980,0.010812,0.914753,-215.513260,93.831291,95.852455
887,7.391667,-0.038814,0.401781,0.011521,0.914841,-215.507370,93.808922,95.864304
888,7.400000,-0.038626,0.401578,0.012348,0.914927,-215.502045,93.782845,95.874092
889,7.408333,-0.038787,0.401577,0.012972,0.914912,-215.501373,93.749962,95.882896
890,7.416667,-0.038233,0.401352,0.012767,0.915037,-215.499237,93.707092,95.892090
891,7.425000,-0.037380,0.401368,0.012459,0.915069,-215.500900,93.660507,95.898682
892,7.433333,-0.036613,0.401451,0.012202,0.915067,-215.506836,93.618896,95.902359
893,7.441667,-0.035750,0.401528,0.011561,0.915076,-215.513779,93.579422,95.905128
894,7.450000,-0.035023,0.401557,0.010827,0.915100,-215.520187,93.540840,95.905457
895,7.458333,-0.034413,0.401356,0.009850,0.915222,-215.526108,93.512497,95.903755
896,7.466667,-0.034061,0.401180,0.009777,0.915313,-215.528732,93.485085,95.907745
897,7.475000,-0.033793,0.401033,0.009904,0.915387,-215.528488,93.455917,95.910980
898,7.483333,-0.033589,0.400986,0.009900,0.915415,-215.528564,93.425240,95.914101
899,7.491667,-0.033466,0.400885,0.010299,0.915459,-215.528580,93.389641,95.920166
900,7.500000,-0.033485,0.400945,0.010929,0.915425,-215.529419,93.343590,95.935944
901,7.508333,-0.033607,0.401397,0.011055,0.915221,-215.547089,93.298088,95.972298
902,7.516667,-0.033670,0.401252,0.011950,0.915271,-215.547562,93.248215,95.988121
903,7.525000,-0.032015,0.401180,0.012004,0.915361,-215.545959,93.201614,96.010834
904,7.533333,-0.030915,0.400916,0.013272,0.915497,-215.530426,93.153122,96.011726
905,7.541667,-0.030943,0.400972,0.013361,0.915470,-215.521698,93.108696,96.022697
906,7.550000,-0.030787,0.400748,0.012808,0.915581,-215.519470,93.076782,96.033630
907,7.558333,-0.030889,0.400299,0.012211,0.915783,-215.519424,93.052933,96.045708
908,7.566667,-0.031025,0.399777,0.011550,0.916014,-215.519333,93.035683,96.060707
909,7.575000,-0.030895,0.399435,0.011038,0.916174,-215.513489,93.021233,96.076958
910,7.583333,-0.030760,0.399327,0.010975,0.916227,-215.509720,93.008842,96.092163
911,7.591667,-0.030702,0.399313,0.011105,0.916233,-215.509705,93.000687,96.106834
912,7.600000,-0.030622,0.399334,0.011446,0.916222,-215.509201,92.992241,96.122910
913,7.608333,-0.030621,0.399290,0.011940,0.916236,-215.508743,92.987152,96.142548
914,7.616667,-0.030654,0.399382,0.012429,0.916187,-215.507889,92.984451,96.162544
915,7.625000,-0.030593,0.399437,0.013080,0.916157,-215.508514,92.983917,96.182755
916,7.633333,-0.030397,0.399441,0.013462,0.916156,-215.509201,92.986458,96.203079
917,7.641667,-0.030429,0.399550,0.013864,0.916102,-215.508743,92.992607,96.221146
918,7.650000,-0.030595,0.399669,0.014073,0.916041,-215.506393,93.001518,96.237717
919,7.658333,-0.030965,0.399805,0.014140,0.915968,-215.505936,93.016159,96.257347
920,7.666667,-0.031309,0.399870,0.014219,0.915927,-215.504105,93.039246,96.280220
921,7.675000,-0.031451,0.399731,0.014075,0.915985,-215.500137,93.062790,96.306122
922,7.683333,-0.031374,0.399657,0.015887,0.915990,-215.522629,93.071625,96.342094
923,7.691667,-0.031699,0.399704,0.015080,0.915972,-215.511398,93.103577,96.360519
924,7.700000,-0.031941,0.399930,0.014355,0.915877,-215.500824,93.135513,96.378860
925,7.708333,-0.032307,0.399950,0.013450,0.915869,-215.494614,93.166946,96.395752
926,7.716667,-0.032972,0.399904,0.012419,0.915880,-215.492157,93.198471,96.412361
927,7.725000,-0.033695,0.400003,0.011596,0.915821,-215.490936,93.227242,96.429947
928,7.733333,-0.034274,0.400087,0.011104,0.915769,-215.491104,93.247269,96.449928
929,7.741667,-0.034692,0.400032,0.011044,0.915778,-215.490509,93.262932,96.466438
930,7.750000,-0.034812,0.399953,0.011021,0.915808,-215.489532,93.272552,96.483719
931,7.758333,-0.035083,0.399825,0.011215,0.915851,-215.488617,93.277893,96.500000
932,7.766667,-0.035222,0.399674,0.011271,0.915911,-215.486496,93.284012,96.516739
933,7.775000,-0.035494,0.399633,0.011392,0.915917,-215.486862,93.290077,96.531204
934,7.783333,-0.035823,0.399660,0.011591,0.915890,-215.488342,93.295273,96.544952
935,7.791667,-0.036840,0.399791,0.013171,0.915771,-215.493057,93.304787,96.562820
936,7.800000,-0.037005,0.399831,0.013463,0.915743,-215.492340,93.303764,96.581390
937,7.808333,-0.037252,0.400013,0.013609,0.915651,-215.492889,93.303879,96.599945
938,7.816667,-0.037376,0.400090,0.014015,0.915606,-215.494247,93.300041,96.619431
939,7.825000,-0.037582,0.400202,0.014611,0.915540,-215.498062,93.292038,96.637520
940,7.833333,-0.037766,0.400256,0.015268,0.915498,-215.505356,93.286209,96.658119
941,7.841667,-0.037732,0.400357,0.016087,0.915441,-215.511398,93.279015,96.677742
942,7.850000,-0.037714,0.400473,0.016516,0.915383,-215.514252,93.273582,96.693817
943,7.858333,-0.037866,0.400493,0.016713,0.915364,-215.515991,93.271477,96.708961
944,7.866667,-0.038113,0.400698,0.017537,0.915249,-215.528061,93.261642,96.729401
945,7.875000,-0.038172,0.400731,0.017419,0.915235,-215.520294,93.254868,96.737823
946,7.883333,-0.038167,0.400641,0.016981,0.915282,-215.513962,93.248070,96.751228
947,7.891667,-0.038356,0.400679,0.017099,0.915256,-215.512680,93.241951,96.761925
948,7.900000,-0.038506,0.400734,0.017019,0.915227,-215.514664,93.234512,96.771255
949,7.908333,-0.038418,0.400662,0.017323,0.915256,-215.515762,93.227303,96.782143
950,7.916667,-0.038484,0.400831,0.017914,0.915168,-215.518326,93.220352,96.789215
951,7.925000,-0.038360,0.400069,0.018188,0.915501,-215.524643,93.210152,96.809631
952,7.933333,-0.038480,0.400077,0.018431,0.915488,-215.528015,93.200874,96.820763
953,7.941667,-0.039146,0.400380,0.018963,0.915316,-215.528687,93.191063,96.827576
954,7.950000,-0.039753,0.400576,0.019020,0.915203,-215.528320,93.178337,96.835632
955,7.958333,-0.040126,0.400675,0.019240,0.915139,-215.528015,93.166641,96.837982
956,7.966667,-0.035887,0.398859,0.013636,0.916208,-215.507324,93.114342,96.873039
957,7.975000,-0.035022,0.398515,0.012720,0.916405,-215.506531,93.091408,96.884201
958,7.983333,-0.034263,0.398444,0.012370,0.916469,-215.510727,93.069214,96.891937
959,7.991667,-0.033640,0.398411,0.012202,0.916509,-215.517899,93.048653,96.898232
960,8.000000,-0.033300,0.398286,0.012085,0.916577,-215.524887,93.030632,96.902954
961,8.008333,-0.032955,0.398212,0.012008,0.916623,-215.530533,93.019554,96.909386
962,8.016667,-0.032687,0.398193,0.012186,0.916638,-215.533539,93.011475,96.915283
963,8.025000,-0.032608,0.398222,0.012251,0.916627,-215.535995,93.003395,96.923088
964,8.033333,-0.032496,0.398173,0.012471,0.916650,-215.538406,92.989555,96.931587
965,8.041667,-0.032519,0.398266,0.012646,0.916606,-215.542358,92.967865,96.941063
966,8.050000,-0.032447,0.398243,0.012834,0.916616,-215.548279,92.939842,96.950493
967,8.058333,-0.032339,0.398360,0.013023,0.916566,-215.560623,92.905540,96.956223
968,8.066667,-0.031992,0.398316,0.013952,0.916584,-215.588135,92.859512,96.967247
969,8.075000,-0.031289,0.398061,0.014218,0.916715,-215.606766,92.808212,96.967522
970,8.083333,-0.030414,0.397660,0.014803,0.916909,-215.617157,92.756943,96.968773
971,8.091667,-0.028982,0.397584,0.014739,0.916990,-215.608246,92.699661,96.973785
972,8.100000,-0.027763,0.397521,0.014222,0.917063,-215.599564,92.644707,96.979561
973,8.108333,-0.026987,0.397413,0.013917,0.917137,-215.588470,92.590935,96.981331
974,8.116667,-0.027153,0.397487,0.013863,0.917101,-215.577271,92.535744,96.983185
975,8.125000,-0.027508,0.397668,0.013738,0.917014,-215.569809,92.492943,96.987709
976,8.133333,-0.027674,0.397733,0.013869,0.916979,-215.567657,92.462532,96.988663
977,8.141667,-0.027863,0.397900,0.014111,0.916897,-215.570190,92.442528,96.989731
978,8.150000,-0.027711,0.397987,0.014598,0.916856,-215.576477,92.428116,96.992371
979,8.158333,-0.027610,0.398007,0.015070,0.916843,-215.581345,92.412888,96.996605
980,8.166667,-0.027378,0.397898,0.015254,0.916894,-215.583557,92.402336,97.001434
981,8.175000,-0.027286,0.397864,0.015312,0.916911,-215.585449,92.399162,97.004166
982,8.183333,-0.027209,0.397834,0.015279,0.916927,-215.586258,92.401611,97.001427
983,8.191667,-0.027223,0.397849,0.015171,0.916922,-215.584152,92.411308,96.996521
984,8.200000,-0.027277,0.397878,0.014984,0.916910,-215.580276,92.423248,96.992348
985,8.208333,-0.027442,0.397891,0.014797,0.916903,-215.575577,92.432472,96.990654
986,8.216667,-0.027624,0.397951,0.014705,0.916873,-215.571472,92.436371,96.988197
987,8.225000,-0.027720,0.397997,0.014495,0.916853,-215.568542,92.433838,96.987541
988,8.233333,-0.027823,0.398009,0.014356,0.916847,-215.567398,92.424553,96.989792
989,8.241667,-0.027781,0.398002,0.014285,0.916853,-215.570923,92.416489,96.996201
990,8.250000,-0.027586,0.397900,0.014572,0.916898,-215.577454,92.410622,96.998581
991,8.258333,-0.027490,0.397970,0.014824,0.916867,-215.584061,92.410942,96.999535
992,8.266667,-0.027188,0.397904,0.014785,0.916905,-215.585510,92.414642,96.999329
993,8.275000,-0.027037,0.397870,0.014665,0.916926,-215.581757,92.419662,96.998795
994,8.283333,-0.027028,0.397872,0.014567,0.916927,-215.575653,92.425598,96.997101
995,8.291667,-0.027065,0.397968,0.014235,0.916889,-215.568420,92.427132,96.993866
996,8.300000,-0.027325,0.398035,0.013967,0.916857,-215.562134,92.423836,96.993080
997,8.308333,-0.027300,0.398077,0.013613,0.916844,-215.556717,92.417542,96.996315
998,8.316667,-0.027112,0.397992,0.013492,0.916889,-215.552856,92.411217,96.998299
999,8.325000,-0.026947,0.397902,0.013387,0.916934,-215.549774,92.407967,96.998352
1000,8.333333,-0.026872,0.397810,0.013193,0.916979,-215.547256,92.407158,96.994659
1001,8.341667,-0.026895,0.397886,0.012994,0.916948,-215.543549,92.410568,96.989067
1002,8.350000,-0.025868,0.397746,0.012699,0.917043,-215.533752,92.416603,96.979195
1003,8.358333,-0.026046,0.398031,0.012112,0.916922,-215.523315,92.412392,96.965042
1004,8.366667,-0.026189,0.398667,0.010611,0.916661,-215.508530,92.388222,96.943573
1005,8.375000,-0.027087,0.399101,0.009159,0.916461,-215.492706,92.336075,96.920555
1006,8.383333,-0.028131,0.399005,0.009398,0.916469,-215.496033,92.241234,96.903816
1007,8.391667,-0.029207,0.397673,0.007821,0.917029,-215.492416,92.215858,96.901886
1008,8.400000,-0.028988,0.396847,0.006102,0.917407,-215.476257,92.189644,96.906288
1009,8.408333,-0.028724,0.396751,0.004507,0.917466,-215.461395,92.194969,96.927605
1010,8.416667,-0.027837,0.397138,0.004907,0.917324,-215.454453,92.198479,96.953659
1011,8.425000,-0.027011,0.397495,0.006056,0.917187,-215.441132,92.195084,96.973053
1012,8.433333,-0.025978,0.397516,0.007160,0.917199,-215.432556,92.194107,97.003288
1013,8.441667,-0.024854,0.397356,0.007760,0.917295,-215.432327,92.194786,97.041885
1014,8.450000,-0.024057,0.397859,0.009152,0.917086,-215.445786,92.196983,97.097374
1015,8.458333,-0.023263,0.398111,0.010283,0.916985,-215.466049,92.198967,97.161743
1016,8.466667,-0.021261,0.399440,0.012430,0.916428,-215.517090,92.189331,97.260910
1017,8.475000,-0.018424,0.400286,0.013329,0.916108,-215.521454,92.178886,97.316483
1018,8.483333,-0.014468,0.402535,0.015336,0.915162,-215.491318,92.153290,97.411636
1019,8.491667,-0.011456,0.404117,0.016105,0.914494,-215.469528,92.141830,97.502991
1020,8.500000,-0.008971,0.405390,0.017069,0.913941,-215.439957,92.125443,97.607079
1021,8.508333,-0.006755,0.406183,0.019052,0.913568,-215.416168,92.115112,97.701820
1022,8.516667,-0.005428,0.406706,0.019658,0.913332,-215.398834,92.125511,97.773041
1023,8.525000,-0.004036,0.407795,0.019777,0.912850,-215.385254,92.143860,97.841393
1024,8.533333,-0.002257,0.409200,0.020744,0.912206,-215.387375,92.157692,97.898933
1025,8.541667,-0.000903,0.410645,0.021963,0.911531,-215.403564,92.161217,97.945541
1026,8.550000,-0.000423,0.412078,0.023045,0.910857,-215.434143,92.160049,97.980232
1027,8.558333,-0.000018,0.412175,0.024874,0.910765,-215.485687,92.146591,98.002930
1028,8.566667,-0.000075,0.412117,0.025074,0.910786,-215.515991,92.144264,98.010704
1029,8.575000,-0.000113,0.411375,0.024707,0.911131,-215.536362,92.145958,98.008224
1030,8.583333,-0.000426,0.410227,0.023856,0.911671,-215.548370,92.150314,97.994576
1031,8.591667,-0.001093,0.408889,0.022418,0.912308,-215.551620,92.154785,97.967789
1032,8.600000,-0.002194,0.407167,0.023164,0.913058,-215.530914,92.140259,97.913033
1033,8.608333,-0.003463,0.406084,0.022937,0.913541,-215.509460,92.134048,97.864883
1034,8.616667,-0.005291,0.404976,0.021829,0.914051,-215.478867,92.126518,97.802467
1035,8.625000,-0.006854,0.403773,0.020115,0.914612,-215.449280,92.114029,97.730865
1036,8.633333,-0.009044,0.403008,0.017757,0.914980,-215.417358,92.120743,97.640846
1037,8.641667,-0.010651,0.402652,0.015359,0.915162,-215.390778,92.133461,97.543701
1038,8.650000,-0.012350,0.402230,0.014595,0.915339,-215.366455,92.140854,97.474258
1039,8.658333,-0.014294,0.402035,0.013700,0.915410,-215.342194,92.147308,97.407135
1040,8.666667,-0.016037,0.401765,0.012941,0.915511,-215.320419,92.152603,97.353821
1041,8.675000,-0.017495,0.401280,0.012054,0.915709,-215.306717,92.162361,97.310852
1042,8.683333,-0.018703,0.400771,0.011065,0.915921,-215.300705,92.170021,97.275734
1043,8.691667,-0.019211,0.400195,0.010595,0.916167,-215.299408,92.173889,97.253929
1044,8.700000,-0.019407,0.399603,0.010501,0.916423,-215.304214,92.173134,97.248177
1045,8.708333,-0.019249,0.399039,0.011040,0.916665,-215.314194,92.173103,97.252121
1046,8.716667,-0.018898,0.398568,0.011368,0.916873,-215.327209,92.171501,97.268280
1047,8.725000,-0.018243,0.398396,0.012075,0.916953,-215.342209,92.164864,97.297600
1048,8.733333,-0.017466,0.398406,0.012956,0.916951,-215.359283,92.158005,97.339066
1049,8.741667,-0.016443,0.398147,0.013692,0.917072,-215.382339,92.152557,97.391769
1050,8.750000,-0.014919,0.397855,0.015117,0.917202,-215.409134,92.146500,97.456375
1051,8.758333,-0.012851,0.397398,0.017234,0.917395,-215.437897,92.137840,97.532753
1052,8.766667,-0.011037,0.396867,0.018664,0.917620,-215.469437,92.136337,97.609917
1053,8.775000,-0.009273,0.395986,0.019917,0.917994,-215.495056,92.133804,97.687943
1054,8.783333,-0.008118,0.394799,0.021364,0.918483,-215.515182,92.131203,97.759361
1055,8.791667,-0.006694,0.393866,0.022135,0.918877,-215.523453,92.129517,97.818893
1056,8.800000,-0.005171,0.393371,0.022683,0.919086,-215.521500,92.126320,97.868690
1057,8.808333,-0.003807,0.393212,0.023539,0.919139,-215.510773,92.127556,97.907082
1058,8.816667,-0.002433,0.392932,0.023923,0.919253,-215.496277,92.130241,97.932518
1059,8.825000,-0.001598,0.392413,0.023599,0.919485,-215.474915,92.132301,97.947258
1060,8.833333,-0.001097,0.391923,0.024749,0.919665,-215.450287,92.124329,97.945236
1061,8.841667,-0.001533,0.391736,0.023248,0.919782,-215.437317,92.139954,97.941086
1062,8.850000,-0.002567,0.391651,0.022862,0.919826,-215.432220,92.145576,97.922188
1063,8.858333,-0.004617,0.391683,0.022015,0.919825,-215.444000,92.151184,97.887367
1064,8.866667,-0.006753,0.391672,0.021312,0.919833,-215.463974,92.147614,97.843559
1065,8.875000,-0.008242,0.391335,0.021090,0.919970,-215.485168,92.137543,97.790031
1066,8.883333,-0.009296,0.390958,0.021926,0.920100,-215.514969,92.126968,97.730232
1067,8.891667,-0.009554,0.391175,0.020787,0.920032,-215.522461,92.124184,97.659744
1068,8.900000,-0.010371,0.391138,0.019689,0.920063,-215.514069,92.123962,97.576973
1069,8.908333,-0.011982,0.390826,0.017843,0.920214,-215.499207,92.130455,97.500282
1070,8.916667,-0.013794,0.390741,0.016322,0.920253,-215.478699,92.138771,97.432289
1071,8.925000,-0.015491,0.390653,0.015665,0.920274,-215.458496,92.139557,97.379524
1072,8.933333,-0.016662,0.390678,0.014545,0.920262,-215.432663,92.139748,97.335686
1073,8.941667,-0.017668,0.390862,0.013886,0.920175,-215.410782,92.143852,97.301926
1074,8.950000,-0.018490,0.391135,0.013122,0.920054,-215.386581,92.153946,97.281265
1075,8.958333,-0.019107,0.391367,0.012449,0.919952,-215.370468,92.162201,97.272835
1076,8.966667,-0.019344,0.391567,0.012093,0.919867,-215.362198,92.167465,97.275314
1077,8.975000,-0.018958,0.391613,0.012191,0.919854,-215.365845,92.168831,97.292778
1078,8.983333,-0.018101,0.390864,0.013981,0.920164,-215.398865,92.155495,97.320213
1079,8.991667,-0.017128,0.390417,0.015010,0.920357,-215.423920,92.148605,97.356895
1080,9.000000,-0.015881,0.390044,0.016318,0.920515,-215.448547,92.141830,97.403755
1081,9.008333,-0.014359,0.390146,0.016826,0.920487,-215.463287,92.139671,97.461853
1082,9.016667,-0.012481,0.390534,0.018148,0.920325,-215.473099,92.136147,97.532547
1083,9.025000,-0.010711,0.390737,0.019060,0.920243,-215.480301,92.128670,97.615288
1084,9.033333,-0.006936,0.387165,0.034811,0.921327,-215.471603,91.998116,97.627037
1085,9.041667,-0.005014,0.385837,0.036900,0.921815,-215.469482,91.978500,97.684563
1086,9.050000,-0.003712,0.385859,0.037312,0.921796,-215.459869,91.977364,97.740303
1087,9.058333,-0.002710,0.385850,0.037967,0.921776,-215.447876,91.983780,97.785332
1088,9.066667,-0.001752,0.385739,0.039057,0.921779,-215.440323,91.988991,97.818741
1089,9.075000,-0.001624,0.386082,0.039543,0.921615,-215.448761,91.997787,97.847191
1090,9.083333,-0.001473,0.386258,0.040268,0.921510,-215.460129,91.995567,97.857300
1091,9.091667,-0.001393,0.386494,0.040773,0.921389,-215.469177,91.989410,97.854492
1092,9.100000,-0.001660,0.386782,0.040804,0.921267,-215.473175,91.982933,97.844955
1093,9.108333,-0.001939,0.386847,0.040860,0.921236,-215.468185,91.968224,97.816536
1094,9.116667,-0.002523,0.387186,0.040441,0.921111,-215.458038,91.958755,97.779030
1095,9.125000,-0.003613,0.387252,0.039390,0.921125,-215.446396,91.953781,97.731895
1096,9.133333,-0.005329,0.387362,0.039532,0.921064,-215.441254,91.953918,97.670242
1097,9.141667,-0.006618,0.387842,0.039297,0.920864,-215.436844,91.953720,97.597214
1098,9.150000,-0.007710,0.387857,0.038932,0.920865,-215.432663,91.955429,97.520958
1099,9.158333,-0.008834,0.387826,0.037522,0.920926,-215.423889,91.958160,97.451889
1100,9.166667,-0.010139,0.387733,0.036078,0.921010,-215.410278,91.960732,97.393227
1101,9.175000,-0.011771,0.387988,0.035104,0.920920,-215.395309,91.962624,97.343918
1102,9.183333,-0.012930,0.388176,0.034607,0.920844,-215.382126,91.964378,97.308167
1103,9.191667,-0.014173,0.388506,0.031427,0.920801,-215.377991,91.991821,97.286263
1104,9.200000,-0.015206,0.387994,0.029701,0.921058,-215.375549,92.008865,97.262314
1105,9.208333,-0.015723,0.387599,0.028616,0.921250,-215.379745,92.020050,97.251656
1106,9.216667,-0.015431,0.387576,0.029145,0.921248,-215.394180,92.019691,97.264305
1107,9.225000,-0.015032,0.387684,0.029975,0.921182,-215.414597,92.016342,97.288933
1108,9.233333,-0.014775,0.387644,0.030963,0.921171,-215.437943,92.012566,97.327080
1109,9.241667,-0.013406,0.386736,0.032894,0.921506,-215.455048,91.996765,97.361275
1110,9.250000,-0.011713,0.386601,0.033443,0.921566,-215.471573,91.991608,97.418037
1111,9.258333,-0.009739,0.386808,0.034918,0.921447,-215.482300,91.984802,97.481850
1112,9.266667,-0.008153,0.386990,0.035644,0.921359,-215.482208,91.979561,97.553864
1113,9.275000,-0.006857,0.386888,0.036543,0.921377,-215.475204,91.979492,97.622093
1114,9.283333,-0.005493,0.386550,0.036854,0.921515,-215.460892,91.976402,97.683624
1115,9.291667,-0.004031,0.386605,0.037355,0.921480,-215.442902,91.974869,97.733063
1116,9.300000,-0.002946,0.387148,0.038350,0.921215,-215.430969,91.977188,97.772057
1117,9.308333,-0.002493,0.387308,0.039370,0.921106,-215.427094,91.978325,97.796692
1118,9.316667,-0.002643,0.387250,0.039899,0.921107,-215.435791,91.978958,97.807091
1119,9.325000,-0.003344,0.387063,0.040611,0.921152,-215.456940,91.976135,97.802910
1120,9.333333,-0.003799,0.387056,0.040631,0.921153,-215.474609,91.970100,97.789536
1121,9.341667,-0.003970,0.387079,0.040300,0.921157,-215.486740,91.966476,97.767632
1122,9.350000,-0.004519,0.387269,0.039599,0.921105,-215.492844,91.966370,97.735535
1123,9.358333,-0.005282,0.387487,0.039120,0.921029,-215.490341,91.966446,97.690987
1124,9.366667,-0.005881,0.387864,0.038325,0.920901,-215.478897,91.964943,97.638885
1125,9.375000,-0.006977,0.389498,0.038002,0.920217,-215.454910,91.971054,97.565674
1126,9.383333,-0.008949,0.390398,0.038477,0.919798,-215.418839,91.986969,97.492836
1127,9.391667,-0.010167,0.390468,0.036863,0.919822,-215.382629,91.995514,97.437378
1128,9.400000,-0.011314,0.390548,0.035396,0.919832,-215.352417,92.003304,97.397682
1129,9.408333,-0.011024,0.390078,0.032612,0.920138,-215.315170,91.990128,97.371994
1130,9.416667,-0.010743,0.390418,0.030957,0.920054,-215.293304,91.981560,97.347488
1131,9.425000,-0.010135,0.390864,0.029708,0.919913,-215.280838,91.974411,97.334091
1132,9.433333,-0.009176,0.391291,0.028429,0.919782,-215.273361,91.970375,97.332977
1133,9.441667,-0.008339,0.391569,0.026846,0.919719,-215.267990,91.972603,97.345558
1134,9.450000,-0.007678,0.391600,0.025481,0.919751,-215.265488,91.980812,97.370506
1135,9.458333,-0.006696,0.391607,0.025153,0.919764,-215.267349,91.984268,97.407387
1136,9.466667,-0.005647,0.391539,0.025993,0.919777,-215.271881,91.980064,97.459564
1137,9.475000,-0.004814,0.391476,0.027869,0.919754,-215.286469,91.978333,97.516479
1138,9.483333,-0.004528,0.391339,0.030025,0.919745,-215.307709,91.979034,97.561684
1139,9.491667,-0.005083,0.391062,0.032120,0.919790,-215.340042,91.981117,97.599144
1140,9.500000,-0.005590,0.391281,0.034274,0.919616,-215.382553,91.978073,97.620857
1141,9.508333,-0.005812,0.391737,0.036012,0.919354,-215.432098,91.972069,97.629997
1142,9.516667,-0.005877,0.392209,0.037462,0.919094,-215.485245,91.964249,97.629585
1143,9.525000,-0.005897,0.392637,0.038237,0.918880,-215.528366,91.955864,97.621216
1144,9.533333,-0.005832,0.393299,0.038448,0.918588,-215.563034,91.950790,97.605789
1145,9.541667,-0.006068,0.393608,0.038540,0.918450,-215.590958,91.947021,97.576675
1146,9.550000,-0.006760,0.393888,0.038636,0.918321,-215.606949,91.948578,97.547218
1147,9.558333,-0.007232,0.393616,0.038769,0.918429,-215.609863,91.950020,97.522339
1148,9.566667,-0.007473,0.393444,0.038456,0.918514,-215.600418,91.953758,97.509712
1149,9.575000,-0.007404,0.393220,0.037808,0.918637,-215.583832,91.956993,97.505089
1150,9.583333,-0.007152,0.393024,0.036792,0.918764,-215.558975,91.959198,97.505661
1151,9.591667,-0.006584,0.392891,0.035425,0.918879,-215.523956,91.959633,97.514229
1152,9.600000,-0.006101,0.392942,0.033744,0.918923,-215.478256,91.962883,97.534019
1153,9.608333,-0.005403,0.392417,0.032299,0.919205,-215.428070,91.965019,97.553848
1154,9.616667,-0.005005,0.392134,0.031202,0.919365,-215.375397,91.970238,97.562149
1155,9.625000,-0.004868,0.391902,0.030458,0.919490,-215.324753,91.974091,97.565498
1156,9.633333,-0.005242,0.391738,0.030424,0.919559,-215.285324,91.978897,97.558815
1157,9.641667,-0.005823,0.391863,0.030639,0.919495,-215.257446,91.980309,97.537735
1158,9.650000,-0.006644,0.392331,0.030251,0.919303,-215.245468,91.981438,97.517288
1159,9.658333,-0.006986,0.392945,0.029999,0.919046,-215.240768,91.979362,97.500748
1160,9.666667,-0.006815,0.393506,0.029103,0.918836,-215.242462,91.976707,97.496559
1161,9.675000,-0.006313,0.393919,0.028234,0.918690,-215.248566,91.973045,97.502243
1162,9.683333,-0.005557,0.394294,0.027579,0.918553,-215.258713,91.969963,97.522308
1163,9.691667,-0.005339,0.394703,0.027962,0.918368,-215.277771,91.968643,97.541611
1164,9.700000,-0.005419,0.395093,0.029059,0.918165,-215.309189,91.967186,97.552063
1165,9.708333,-0.006007,0.395261,0.030622,0.918039,-215.343475,91.964981,97.555107
1166,9.716667,-0.006578,0.395218,0.031933,0.918009,-215.373444,91.964493,97.566185
1167,9.725000,-0.006548,0.394681,0.032964,0.918204,-215.397675,91.964378,97.581985
1168,9.733333,-0.006404,0.394642,0.033728,0.918193,-215.411133,91.962181,97.588936
1169,9.741667,-0.006269,0.394695,0.034239,0.918153,-215.418549,91.960892,97.589165
1170,9.750000,-0.006142,0.394994,0.034607,0.918011,-215.419250,91.957672,97.585228
1171,9.758333,-0.006071,0.395518,0.034731,0.917781,-215.414124,91.953674,97.586845
1172,9.766667,-0.005896,0.395896,0.034703,0.917620,-215.402130,91.949493,97.587791
1173,9.775000,-0.005607,0.396029,0.034514,0.917572,-215.381073,91.946693,97.586975
1174,9.783333,-0.005511,0.396219,0.034080,0.917507,-215.352173,91.946075,97.583923
1175,9.791667,-0.005301,0.396441,0.032881,0.917456,-215.319412,91.948112,97.577187
1176,9.800000,-0.005372,0.396455,0.032057,0.917479,-215.298340,91.949295,97.560127
1177,9.808333,-0.005461,0.396533,0.031232,0.917473,-215.287781,91.949783,97.550400
1178,9.816667,-0.005167,0.396615,0.030186,0.917474,-215.282852,91.949661,97.552231
1179,9.825000,-0.004935,0.396616,0.029852,0.917486,-215.286560,91.952827,97.551689
1180,9.833333,-0.005031,0.396553,0.029811,0.917514,-215.298294,91.954933,97.548088
1181,9.841667,-0.005525,0.396169,0.029989,0.917671,-215.318649,91.958023,97.553619
1182,9.850000,-0.006075,0.395547,0.030880,0.917906,-215.338989,91.965454,97.565475
1183,9.858333,-0.006292,0.395171,0.031562,0.918044,-215.349930,91.969246,97.581413
1184,9.866667,-0.006393,0.394946,0.032320,0.918114,-215.353821,91.970772,97.589767
1185,9.875000,-0.006518,0.394893,0.032777,0.918119,-215.351486,91.969849,97.590157
1186,9.883333,-0.006482,0.395023,0.033068,0.918053,-215.344818,91.966599,97.583588
1187,9.891667,-0.006582,0.395396,0.033155,0.917889,-215.333588,91.962639,97.575203
1188,9.900000,-0.006141,0.395868,0.032613,0.917707,-215.315506,91.955933,97.568626
1189,9.908333,-0.005937,0.396426,0.032314,0.917479,-215.306213,91.951988,97.559761
1190,9.916667,-0.005658,0.396738,0.031653,0.917368,-215.303284,91.948685,97.559502
1191,9.925000,-0.005479,0.396884,0.031350,0.917317,-215.309311,91.948685,97.563232
1192,9.933333,-0.005432,0.396798,0.031333,0.917355,-215.322525,91.947403,97.564934
1193,9.941667,-0.005248,0.396481,0.031484,0.917488,-215.333145,91.947861,97.572273
1194,9.950000,-0.005610,0.395990,0.032324,0.917669,-215.344589,91.954521,97.582642
1195,9.958333,-0.005812,0.395779,0.033000,0.917734,-215.346603,91.956886,97.587135
1196,9.966667,-0.005926,0.395763,0.033511,0.917722,-215.341812,91.959526,97.586365
1197,9.975000,-0.005921,0.395864,0.033383,0.917683,-215.329605,91.956017,97.586357
1198,9.983333,-0.005925,0.396058,0.033191,0.917606,-215.323502,91.953812,97.581940
1199,9.991667,-0.005955,0.396250,0.032857,0.917535,-215.320923,91.953308,97.574615
1200,10.000000,-0.005829,0.396292,0.032175,0.917542,-215.319321,91.951324,97.567955
1201,10.008333,-0.005612,0.396407,0.031418,0.917520,-215.321060,91.950264,97.564095
1202,10.016667,-0.005547,0.396447,0.031039,0.917516,-215.328384,91.951302,97.563667
1203,10.025000,-0.005450,0.396376,0.030912,0.917551,-215.332382,91.953140,97.566330
1204,10.033333,-0.005390,0.396162,0.030926,0.917644,-215.336426,91.955376,97.568481
1205,10.041667,-0.005456,0.395948,0.030982,0.917734,-215.339615,91.958221,97.571259
1206,10.050000,-0.005941,0.395528,0.031532,0.917893,-215.342972,91.963081,97.574547
1207,10.058333,-0.006233,0.395356,0.031757,0.917958,-215.337845,91.965706,97.575233
1208,10.066667,-0.006249,0.395339,0.031586,0.917971,-215.328384,91.964256,97.572617
1209,10.075000,-0.006313,0.395486,0.031393,0.917914,-215.324783,91.963860,97.569580
1210,10.083333,-0.006288,0.395671,0.031126,0.917843,-215.323456,91.962692,97.566986
1211,10.091667,-0.006019,0.395830,0.030918,0.917783,-215.323288,91.961128,97.563240
1212,10.100000,-0.005850,0.395931,0.030755,0.917747,-215.323990,91.959137,97.561226
1213,10.108333,-0.005667,0.396084,0.030520,0.917689,-215.323502,91.957619,97.559601
1214,10.116667,-0.005732,0.396115,0.030467,0.917677,-215.326385,91.957024,97.560936
1215,10.125000,-0.005677,0.396165,0.030618,0.917651,-215.329239,91.958191,97.562370
1216,10.133333,-0.005633,0.396049,0.030877,0.917693,-215.331024,91.957870,97.564980
1217,10.141667,-0.005593,0.395930,0.031070,0.917738,-215.332077,91.957741,97.567635
1218,10.150000,-0.005602,0.395880,0.031175,0.917756,-215.333252,91.958168,97.569733
1219,10.158333,-0.005685,0.395853,0.031264,0.917764,-215.334991,91.958527,97.571594
1220,10.166667,-0.005568,0.395850,0.031303,0.917764,-215.336182,91.957611,97.571609
1221,10.175000,-0.005814,0.395609,0.031817,0.917849,-215.341522,91.960716,97.574165
1222,10.183333,-0.005718,0.395628,0.031787,0.917843,-215.336258,91.959084,97.573402
1223,10.191667,-0.005629,0.395746,0.031686,0.917796,-215.333847,91.956734,97.572189
1224,10.200000,-0.005652,0.395923,0.031522,0.917725,-215.334778,91.954750,97.570984
1225,10.208333,-0.005955,0.395824,0.031790,0.917757,-215.336609,91.955223,97.571602
1226,10.216667,-0.006179,0.395766,0.032049,0.917771,-215.334503,91.956070,97.571983
1227,10.225000,-0.005926,0.395801,0.032059,0.917758,-215.328400,91.953400,97.570984
1228,10.233333,-0.005786,0.395924,0.032157,0.917702,-215.327362,91.952560,97.569809
1229,10.241667,-0.005542,0.395999,0.032094,0.917673,-215.326981,91.951073,97.569672
1230,10.250000,-0.005364,0.396139,0.032105,0.917613,-215.328461,91.949867,97.568558
1231,10.258333,-0.005354,0.396293,0.032071,0.917548,-215.327972,91.946823,97.567703
1232,10.266667,-0.005330,0.396332,0.032264,0.917525,-215.327911,91.945251,97.566376
1233,10.275000,-0.005265,0.396327,0.032504,0.917519,-215.326401,91.942261,97.566429
1234,10.283333,-0.005278,0.396412,0.032653,0.917477,-215.324905,91.940071,97.565994
1235,10.291667,-0.005261,0.396493,0.032885,0.917434,-215.324265,91.938904,97.564400
1236,10.300000,-0.005092,0.396520,0.033259,0.917409,-215.324829,91.938118,97.566193
1237,10.308333,-0.005084,0.396506,0.033446,0.917409,-215.325638,91.937035,97.567909
1238,10.316667,-0.005105,0.396559,0.033451,0.917385,-215.325974,91.936180,97.567924
1239,10.325000,-0.005024,0.396563,0.033498,0.917382,-215.327148,91.935928,97.568787
1240,10.333333,-0.005005,0.396472,0.033543,0.917420,-215.328186,91.935440,97.570053
1241,10.341667,-0.004967,0.396477,0.033654,0.917414,-215.329315,91.935112,97.569984
1242,10.350000,-0.004896,0.396554,0.033738,0.917378,-215.328842,91.935051,97.569778
1243,10.358333,-0.008565,0.397806,0.016660,0.917278,-215.350510,92.086449,97.612091
1244,10.366667,-0.008927,0.398055,0.014474,0.917204,-215.352249,92.105988,97.618835
1245,10.375000,-0.009307,0.398040,0.014282,0.917210,-215.350601,92.114258,97.622108
1246,10.383333,-0.009145,0.398252,0.013962,0.917124,-215.345383,92.114914,97.622757
