Format Version,1.25,Take Name,Take 2025-11-27 05.18.11 PM,Take Notes,,Capture Frame Rate,120.000000,Export Frame Rate,120.000000,Capture Start Time,2025-11-27 05.18.12.137 PM,Capture Start Frame,99120,Total Frames in Take,1249,Total Exported Frames,1249,Rotation Type,Quaternion,Length Units,Centimeters,Coordinate Space,Global

,Type,Rigid Body,Rigid Body,Rigid Body,Rigid Body,Rigid Body,Rigid Body,Rigid Body
,Name,SEE_large,SEE_large,SEE_large,SEE_large,SEE_large,SEE_large,SEE_large
,ID,B4680608301811F031C44B617C10C291,B4680608301811F031C44B617C10C291,B4680608301811F031C44B617C10C291,B4680608301811F031C44B617C10C291,B4680608301811F031C44B617C10C291,B4680608301811F031C44B617C10C291,B4680608301811F031C44B617C10C291
,Parent,,,,,,,
,,Rotation,Rotation,Rotation,Rotation,Position,Position,Position
Frame,Time (Seconds),X,Y,Z,W,X,Y,Z
0,0.000000,0.008101,0.928895,0.022802,0.369552,-215.093781,92.167633,84.282036
1,0.008333,0.008114,0.928887,0.022796,0.369571,-215.093369,92.168045,84.280670
2,0.016667,0.008078,0.928904,0.022882,0.369525,-215.092606,92.169205,84.279022
3,0.025000,0.007928,0.928907,0.022819,0.369524,-215.090775,92.167702,84.276375
4,0.033333,0.008059,0.928930,0.022832,0.369463,-215.090042,92.167175,84.275833
5,0.041667,0.008110,0.928948,0.022761,0.369420,-215.089386,92.167076,84.275620
6,0.050000,0.006371,0.928762,0.022668,0.369928,-215.099121,92.184883,84.284836
7,0.058333,0.006895,0.928862,0.022717,0.369664,-215.093048,92.179008,84.280952
8,0.066667,0.007492,0.928817,0.022794,0.369760,-215.101288,92.173782,84.266899
9,0.075000,0.008285,0.928792,0.023155,0.369784,-215.105911,92.165108,84.259590
10,0.083333,0.008744,0.928732,0.023391,0.369911,-215.110352,92.160370,84.253204
11,0.091667,0.009019,0.928721,0.023476,0.369925,-215.112350,92.157890,84.251511
12,0.100000,0.008945,0.928731,0.023380,0.369909,-215.112335,92.157593,84.251175
13,0.108333,0.008691,0.928753,0.023394,0.369859,-215.108444,92.158958,84.252266
14,0.116667,0.008343,0.928745,0.023181,0.369899,-215.107773,92.163658,84.253952
15,0.125000,0.008232,0.928746,0.023096,0.369904,-215.104980,92.164566,84.253647
16,0.133333,0.008245,0.928742,0.023001,0.369921,-215.102356,92.164650,84.254845
17,0.141667,0.008144,0.928744,0.022827,0.369929,-215.101044,92.166237,84.254929
18,0.150000,0.008342,0.928759,0.022914,0.369880,-215.099121,92.164925,84.253418
19,0.158333,0.008620,0.928752,0.022918,0.369893,-215.098389,92.163788,84.252151
20,0.166667,0.008738,0.928762,0.022932,0.369865,-215.097351,92.162697,84.250549
21,0.175000,0.008793,0.928743,0.022936,0.369911,-215.097672,92.161560,84.250427
22,0.183333,0.008620,0.928709,0.022636,0.370017,-215.098602,92.165710,84.250748
23,0.191667,0.008561,0.928731,0.022637,0.369964,-215.097549,92.166222,84.251389
24,0.200000,0.008616,0.928684,0.022565,0.370086,-215.098816,92.167198,84.253624
25,0.208333,0.008429,0.928715,0.022673,0.370004,-215.097504,92.165298,84.253624
26,0.216667,0.008660,0.928742,0.022826,0.369921,-215.097931,92.163513,84.255165
27,0.225000,0.008754,0.928756,0.022898,0.369880,-215.097763,92.162254,84.255386
28,0.233333,0.008428,0.928750,0.022836,0.369907,-215.100601,92.164299,84.256325
29,0.241667,0.008060,0.928716,0.022743,0.370005,-215.105270,92.166641,84.258308
30,0.250000,0.007787,0.928692,0.022548,0.370083,-215.109436,92.169525,84.259026
31,0.258333,0.008000,0.928713,0.022885,0.370006,-215.110611,92.167488,84.260185
32,0.266667,0.008435,0.928734,0.023201,0.369925,-215.109207,92.162575,84.259964
33,0.275000,0.008338,0.928762,0.023215,0.369854,-215.110779,92.162041,84.261955
34,0.283333,0.008517,0.928736,0.023087,0.369925,-215.109512,92.161453,84.261169
35,0.291667,0.008383,0.928733,0.023097,0.369934,-215.109543,92.163422,84.261642
36,0.300000,0.008415,0.928763,0.023180,0.369852,-215.107773,92.163589,84.262505
37,0.308333,0.008447,0.928734,0.023132,0.369927,-215.105225,92.161797,84.259140
38,0.316667,0.008304,0.928735,0.022939,0.369940,-215.106796,92.164009,84.258957
39,0.325000,0.008042,0.928714,0.022701,0.370013,-215.107544,92.165634,84.258636
40,0.333333,0.007982,0.928663,0.022552,0.370153,-215.107391,92.167404,84.259026
41,0.341667,0.007992,0.928687,0.022587,0.370090,-215.106674,92.169273,84.259613
42,0.350000,0.007967,0.928685,0.022637,0.370093,-215.105560,92.169197,84.258705
43,0.358333,0.007933,0.928704,0.022608,0.370047,-215.105850,92.168961,84.258942
44,0.366667,0.006108,0.928473,0.022538,0.370665,-215.114838,92.185875,84.269341
45,0.375000,0.007128,0.928615,0.022599,0.370287,-215.109039,92.176682,84.262894
46,0.383333,0.007957,0.928686,0.022613,0.370091,-215.108521,92.168785,84.258545
47,0.391667,0.008492,0.928735,0.022861,0.369942,-215.106506,92.162102,84.259270
48,0.400000,0.008727,0.928773,0.023166,0.369822,-215.104752,92.160439,84.260445
49,0.408333,0.008743,0.928776,0.023193,0.369812,-215.104797,92.160934,84.261032
50,0.416667,0.008430,0.928760,0.023008,0.369870,-215.106796,92.164650,84.262108
51,0.425000,0.008373,0.928752,0.023102,0.369886,-215.107605,92.163193,84.261795
52,0.433333,0.008555,0.928765,0.023153,0.369847,-215.106781,92.161247,84.260765
53,0.441667,0.008589,0.928760,0.023199,0.369856,-215.106201,92.160675,84.262131
54,0.450000,0.008321,0.928735,0.023050,0.369934,-215.107590,92.162918,84.261963
55,0.458333,0.008129,0.928698,0.022853,0.370043,-215.110321,92.167007,84.262970
56,0.466667,0.007942,0.928684,0.022629,0.370095,-215.111404,92.168465,84.262634
57,0.475000,0.005869,0.928448,0.022414,0.370739,-215.120865,92.187759,84.272911
58,0.483333,0.006662,0.928542,0.022451,0.370489,-215.116409,92.178276,84.268822
59,0.491667,0.007536,0.928645,0.022521,0.370207,-215.114731,92.170898,84.261436
60,0.500000,0.007899,0.928665,0.022541,0.370151,-215.117432,92.168594,84.263519
61,0.508333,0.008025,0.928688,0.022768,0.370077,-215.117172,92.167259,84.265099
62,0.516667,0.008025,0.928687,0.022965,0.370065,-215.116241,92.166901,84.265984
63,0.525000,0.008181,0.928695,0.022943,0.370044,-215.115952,92.167542,84.267632
64,0.533333,0.008177,0.928750,0.023272,0.369886,-215.113861,92.163208,84.266647
65,0.541667,0.008253,0.928734,0.023173,0.369930,-215.114502,92.162788,84.266846
66,0.550000,0.006122,0.928496,0.023058,0.370576,-215.125061,92.184082,84.277710
67,0.558333,0.006904,0.928577,0.022848,0.370373,-215.120911,92.177376,84.272263
68,0.566667,0.007672,0.928657,0.022846,0.370155,-215.119080,92.170486,84.266487
69,0.575000,0.007823,0.928671,0.022713,0.370127,-215.118271,92.167244,84.263168
70,0.583333,0.007971,0.928682,0.022636,0.370101,-215.117355,92.166801,84.262573
71,0.591667,0.007940,0.928676,0.022607,0.370116,-215.114502,92.167656,84.262558
72,0.600000,0.007974,0.928658,0.022685,0.370158,-215.112228,92.166130,84.263451
73,0.608333,0.006104,0.928444,0.022601,0.370734,-215.118027,92.185150,84.274689
74,0.616667,0.007227,0.928598,0.022626,0.370327,-215.109497,92.175323,84.268097
75,0.625000,0.008212,0.928691,0.022667,0.370069,-215.107681,92.168564,84.263435
76,0.633333,0.008446,0.928709,0.022766,0.370014,-215.107056,92.165794,84.260948
77,0.641667,0.008312,0.928712,0.022775,0.370007,-215.107437,92.164604,84.262726
78,0.650000,0.008173,0.928688,0.022707,0.370077,-215.106277,92.166168,84.262718
79,0.658333,0.008000,0.928687,0.022772,0.370078,-215.107269,92.167542,84.264938
80,0.666667,0.008018,0.928695,0.022783,0.370058,-215.107544,92.168686,84.266678
81,0.675000,0.006009,0.928478,0.022563,0.370653,-215.117355,92.186333,84.277222
82,0.683333,0.007186,0.928608,0.022601,0.370305,-215.113098,92.176491,84.272881
83,0.691667,0.008013,0.928699,0.022675,0.370054,-215.112122,92.168304,84.266159
84,0.700000,0.008237,0.928707,0.022898,0.370016,-215.115326,92.166199,84.266090
85,0.708333,0.008119,0.928713,0.022924,0.370002,-215.114624,92.165482,84.267357
86,0.716667,0.008065,0.928713,0.022922,0.370003,-215.113495,92.166039,84.267311
87,0.725000,0.008038,0.928717,0.023021,0.369987,-215.114349,92.167000,84.268585
88,0.733333,0.007990,0.928711,0.022868,0.370012,-215.115494,92.166382,84.269180
89,0.741667,0.008034,0.928725,0.022969,0.369969,-215.117340,92.168655,84.272041
90,0.750000,0.008193,0.928731,0.023095,0.369944,-215.118912,92.169853,84.276085
91,0.758333,0.008115,0.928762,0.023672,0.369830,-215.120071,92.171875,84.278946
92,0.766667,0.006339,0.928556,0.025229,0.370279,-215.129440,92.201096,84.289886
93,0.775000,0.007161,0.928562,0.024500,0.370298,-215.117996,92.188942,84.277946
94,0.783333,0.007899,0.928681,0.024116,0.370010,-215.117569,92.178146,84.271965
95,0.791667,0.008188,0.928710,0.024183,0.369928,-215.118240,92.174942,84.269470
96,0.800000,0.008242,0.928690,0.024227,0.369972,-215.118698,92.173752,84.269836
97,0.808333,0.008200,0.928701,0.024392,0.369935,-215.119339,92.174713,84.271027
98,0.816667,0.008178,0.928710,0.024346,0.369915,-215.120010,92.174683,84.271217
99,0.825000,0.008155,0.928716,0.024424,0.369897,-215.121323,92.175438,84.272331
100,0.833333,0.008080,0.928721,0.024431,0.369885,-215.121201,92.176041,84.271965
101,0.841667,0.007998,0.928726,0.024451,0.369872,-215.120697,92.175194,84.270828
102,0.850000,0.008155,0.928714,0.024433,0.369901,-215.120911,92.175468,84.270653
103,0.858333,0.008082,0.928734,0.024342,0.369859,-215.118912,92.176315,84.269753
104,0.866667,0.008219,0.928741,0.024382,0.369835,-215.117905,92.176239,84.269188
105,0.875000,0.006284,0.928495,0.024242,0.370499,-215.125610,92.193420,84.277214
106,0.883333,0.007227,0.928599,0.024178,0.370226,-215.119217,92.185280,84.270157
107,0.891667,0.007998,0.928712,0.024043,0.369935,-215.116257,92.177505,84.263664
108,0.900000,0.008302,0.928714,0.024010,0.369927,-215.116150,92.176888,84.262344
109,0.908333,0.008322,0.928722,0.024041,0.369902,-215.113953,92.174950,84.262589
110,0.916667,0.008370,0.928716,0.024121,0.369911,-215.112823,92.174194,84.261482
111,0.925000,0.008484,0.928722,0.024145,0.369891,-215.112976,92.173004,84.261452
112,0.933333,0.008545,0.928704,0.024048,0.369942,-215.113159,92.173470,84.261665
113,0.941667,0.008623,0.928695,0.024063,0.369964,-215.113190,92.175323,84.262909
114,0.950000,0.008319,0.928722,0.023998,0.369906,-215.112976,92.175583,84.264442
115,0.958333,0.008239,0.928707,0.024060,0.369942,-215.113785,92.175713,84.264099
116,0.966667,0.008305,0.928713,0.024073,0.369924,-215.115280,92.175842,84.265556
117,0.975000,0.008153,0.928690,0.024163,0.369978,-215.116043,92.176323,84.268036
118,0.983333,0.008255,0.928702,0.024188,0.369944,-215.116760,92.177040,84.269814
119,0.991667,0.006319,0.928504,0.024235,0.370478,-215.126877,92.194733,84.282623
120,1.000000,0.007144,0.928631,0.024296,0.370139,-215.123505,92.186630,84.277229
121,1.008333,0.005857,0.928498,0.024200,0.370502,-215.134003,92.198280,84.283134
122,1.016667,0.006973,0.928609,0.024262,0.370199,-215.129974,92.187401,84.276543
123,1.025000,0.007907,0.928737,0.024289,0.369859,-215.130310,92.179749,84.271614
124,1.033333,0.008249,0.928744,0.024386,0.369827,-215.131256,92.174667,84.271278
125,1.041667,0.008304,0.928761,0.024459,0.369779,-215.130539,92.173920,84.271347
126,1.050000,0.008358,0.928762,0.024591,0.369766,-215.129059,92.174179,84.273087
127,1.058333,0.008294,0.928761,0.024772,0.369758,-215.128159,92.175079,84.274055
128,1.066667,0.008324,0.928755,0.024688,0.369778,-215.128738,92.176224,84.274521
129,1.075000,0.008294,0.928760,0.024615,0.369771,-215.128754,92.177513,84.273979
130,1.083333,0.008157,0.928753,0.024527,0.369797,-215.128967,92.176971,84.273582
131,1.091667,0.006089,0.928535,0.024429,0.370390,-215.138931,92.195580,84.283173
132,1.100000,0.007130,0.928630,0.024267,0.370144,-215.132996,92.185913,84.275833
133,1.108333,0.008086,0.928705,0.024290,0.369935,-215.132767,92.177818,84.270515
134,1.116667,0.008186,0.928731,0.024326,0.369865,-215.132401,92.175316,84.268982
135,1.125000,0.008180,0.928722,0.024504,0.369875,-215.131348,92.175644,84.269363
136,1.133333,0.008272,0.928766,0.024427,0.369767,-215.130157,92.176277,84.271362
137,1.141667,0.008301,0.928746,0.024693,0.369801,-215.128998,92.177513,84.270279
138,1.150000,0.008315,0.928723,0.024560,0.369867,-215.128799,92.176826,84.270134
139,1.158333,0.008184,0.928757,0.024644,0.369778,-215.130234,92.176750,84.268120
140,1.166667,0.008212,0.928725,0.024415,0.369873,-215.130997,92.177116,84.267319
141,1.175000,0.008085,0.928728,0.024446,0.369867,-215.132385,92.177475,84.265930
142,1.183333,0.008031,0.928704,0.024273,0.369940,-215.131805,92.176544,84.264542
143,1.191667,0.006233,0.928484,0.024251,0.370528,-215.139511,92.195267,84.276077
144,1.200000,0.005761,0.928451,0.024176,0.370622,-215.138657,92.200050,84.277237
145,1.208333,0.006810,0.928625,0.024218,0.370166,-215.129089,92.188744,84.271736
146,1.216667,0.005756,0.928495,0.024043,0.370521,-215.136078,92.199074,84.277206
147,1.225000,0.007020,0.928609,0.024069,0.370213,-215.129822,92.187355,84.272041
148,1.233333,0.005991,0.928488,0.024138,0.370528,-215.138000,92.199890,84.279594
149,1.241667,0.005687,0.928452,0.024104,0.370627,-215.137360,92.200584,84.279045
150,1.250000,0.005459,0.928460,0.024069,0.370610,-215.136795,92.202080,84.279716
151,1.258333,0.006807,0.928615,0.024040,0.370204,-215.130112,92.191986,84.273743
152,1.266667,0.005524,0.928467,0.024077,0.370592,-215.138916,92.202026,84.279938
153,1.275000,0.006771,0.928585,0.024152,0.370271,-215.134735,92.191208,84.274452
154,1.283333,0.007638,0.928723,0.024273,0.369901,-215.132782,92.181252,84.267517
155,1.291667,0.008254,0.928703,0.024344,0.369931,-215.133713,92.176643,84.266106
156,1.300000,0.006315,0.928520,0.024444,0.370424,-215.141876,92.195259,84.276939
157,1.308333,0.007408,0.928627,0.024511,0.370130,-215.134094,92.183380,84.270370
158,1.316667,0.008367,0.928699,0.024365,0.369938,-215.132492,92.175369,84.267029
159,1.325000,0.008365,0.928740,0.024411,0.369832,-215.131332,92.174019,84.265190
160,1.333333,0.008421,0.928736,0.024418,0.369842,-215.130829,92.173546,84.266190
161,1.341667,0.008272,0.928746,0.024434,0.369818,-215.129715,92.174866,84.267860
162,1.350000,0.006339,0.928511,0.024369,0.370449,-215.138428,92.194450,84.278587
163,1.358333,0.005788,0.928464,0.024227,0.370587,-215.140533,92.199249,84.281517
164,1.366667,0.005435,0.928453,0.024035,0.370631,-215.140915,92.201927,84.282135
165,1.375000,0.005154,0.928473,0.023880,0.370597,-215.142303,92.205467,84.284119
166,1.383333,0.006129,0.928605,0.024034,0.370240,-215.137894,92.195618,84.281342
167,1.391667,0.007287,0.928686,0.024125,0.370009,-215.138367,92.185089,84.277260
168,1.400000,0.007701,0.928712,0.024412,0.369917,-215.140076,92.178284,84.275932
169,1.408333,0.005969,0.928499,0.024539,0.370476,-215.148209,92.195221,84.286835
170,1.416667,0.007059,0.928616,0.024635,0.370155,-215.139221,92.185692,84.279015
171,1.425000,0.007990,0.928726,0.024567,0.369867,-215.131409,92.177811,84.272156
172,1.433333,0.008311,0.928730,0.024471,0.369854,-215.129120,92.176346,84.270348
173,1.441667,0.008113,0.928724,0.024385,0.369879,-215.124649,92.175461,84.267982
174,1.450000,0.008039,0.928720,0.024399,0.369890,-215.120117,92.176750,84.265839
175,1.458333,0.008181,0.928726,0.024101,0.369892,-215.116470,92.177444,84.262680
176,1.466667,0.008463,0.928717,0.024019,0.369915,-215.113876,92.176697,84.259598
177,1.475000,0.008523,0.928712,0.023777,0.369940,-215.111038,92.176697,84.256569
178,1.483333,0.008328,0.928695,0.024224,0.369958,-215.105484,92.173393,84.251228
179,1.491667,0.008487,0.928698,0.024511,0.369929,-215.103226,92.170929,84.247932
180,1.500000,0.008990,0.928744,0.024132,0.369826,-215.103836,92.169342,84.249527
181,1.508333,0.008822,0.928699,0.024445,0.369922,-215.106110,92.168503,84.247055
182,1.516667,0.008399,0.928683,0.024205,0.369989,-215.111237,92.170761,84.251450
183,1.525000,0.008051,0.928655,0.024160,0.370070,-215.115814,92.174835,84.255554
184,1.533333,0.008249,0.928690,0.024020,0.369985,-215.121964,92.180130,84.261932
185,1.541667,0.008046,0.928691,0.023996,0.369989,-215.126709,92.181206,84.267685
186,1.550000,0.006010,0.928504,0.024095,0.370490,-215.139740,92.199348,84.282585
187,1.558333,0.006743,0.928623,0.024310,0.370167,-215.138870,92.190315,84.282288
188,1.566667,0.007500,0.928701,0.024489,0.369944,-215.138885,92.183426,84.279045
189,1.575000,0.007660,0.928702,0.024489,0.369939,-215.136795,92.180267,84.275589
190,1.583333,0.007924,0.928720,0.024312,0.369898,-215.131973,92.179077,84.271935
191,1.591667,0.006229,0.928506,0.024116,0.370480,-215.134689,92.197800,84.279427
192,1.600000,0.007427,0.928622,0.024017,0.370175,-215.122467,92.186859,84.270615
193,1.608333,0.008274,0.928712,0.024036,0.369929,-215.117065,92.178001,84.262505
194,1.616667,0.008646,0.928733,0.024086,0.369864,-215.116928,92.174858,84.261169
195,1.625000,0.009031,0.928766,0.024398,0.369753,-215.116638,92.172585,84.260651
196,1.633333,0.006722,0.928551,0.024465,0.370337,-215.131119,92.194214,84.277298
197,1.641667,0.007273,0.928791,0.024699,0.369710,-215.132477,92.186928,84.276146
198,1.650000,0.005363,0.928788,0.024947,0.369732,-215.152481,92.202911,84.289429
199,1.658333,0.004622,0.928928,0.025118,0.369380,-215.161758,92.208389,84.290771
200,1.666667,0.004001,0.929113,0.024959,0.368931,-215.167206,92.213768,84.287010
201,1.675000,0.004424,0.929310,0.024869,0.368436,-215.165085,92.209602,84.276161
202,1.683333,0.005535,0.929382,0.024940,0.368235,-215.167480,92.196915,84.273514
203,1.691667,0.004369,0.929265,0.025113,0.368533,-215.179413,92.208076,84.280708
204,1.700000,0.004434,0.929218,0.025481,0.368625,-215.184448,92.207047,84.282990
205,1.708333,0.004075,0.929354,0.025825,0.368262,-215.186264,92.208321,84.285110
206,1.716667,0.003678,0.929425,0.026161,0.368064,-215.189987,92.209137,84.289543
207,1.725000,0.003617,0.929509,0.026259,0.367846,-215.196747,92.213112,84.294090
208,1.733333,0.004308,0.929705,0.026743,0.367307,-215.198013,92.207184,84.290955
209,1.741667,0.004733,0.929835,0.026986,0.366956,-215.205643,92.203369,84.291176
210,1.750000,0.004859,0.929925,0.027337,0.366700,-215.214874,92.201195,84.292694
211,1.758333,0.003677,0.929818,0.027601,0.366965,-215.231613,92.211319,84.303436
212,1.766667,0.004258,0.930007,0.027839,0.366461,-215.236252,92.204735,84.300285
213,1.775000,0.004319,0.930162,0.027769,0.366073,-215.245300,92.200638,84.298706
214,1.783333,0.004274,0.930243,0.027893,0.365857,-215.254639,92.201195,84.302940
215,1.791667,0.003960,0.930334,0.028009,0.365621,-215.262390,92.202568,84.306465
216,1.800000,0.003602,0.930375,0.028050,0.365518,-215.269287,92.202621,84.309647
217,1.808333,0.003206,0.930448,0.028109,0.365331,-215.277283,92.203674,84.311470
218,1.816667,0.002956,0.930503,0.028149,0.365188,-215.286072,92.203247,84.313255
219,1.825000,0.002836,0.930482,0.028237,0.365237,-215.295868,92.201736,84.324249
220,1.833333,0.002545,0.930565,0.028252,0.365026,-215.302612,92.203232,84.328201
221,1.841667,0.002530,0.930628,0.028182,0.364871,-215.311218,92.203445,84.329735
222,1.850000,0.002212,0.930643,0.028311,0.364824,-215.322037,92.203629,84.328186
223,1.858333,0.001988,0.930665,0.028575,0.364750,-215.332367,92.201904,84.330147
224,1.866667,0.001827,0.930632,0.028749,0.364820,-215.341263,92.199799,84.330414
225,1.875000,0.001531,0.930560,0.029003,0.364986,-215.351562,92.200325,84.331612
226,1.883333,0.001112,0.930494,0.029038,0.365152,-215.361877,92.201706,84.332153
227,1.891667,0.001030,0.930474,0.029173,0.365192,-215.370682,92.201790,84.335159
228,1.900000,0.000734,0.930410,0.029523,0.365329,-215.380508,92.200935,84.340736
229,1.908333,0.000317,0.930359,0.029499,0.365460,-215.393356,92.204193,84.343079
230,1.916667,-0.000614,0.930214,0.029767,0.365807,-215.408951,92.205925,84.349098
231,1.925000,-0.001000,0.930196,0.030025,0.365831,-215.423508,92.207024,84.353783
232,1.933333,-0.002203,0.930209,0.029743,0.365817,-215.442703,92.218964,84.345512
233,1.941667,-0.002740,0.930139,0.030039,0.365967,-215.459702,92.221031,84.343323
234,1.950000,-0.002840,0.930238,0.030282,0.365693,-215.470215,92.220551,84.341423
235,1.958333,-0.003054,0.930151,0.030517,0.365894,-215.483688,92.221603,84.345413
236,1.966667,-0.003811,0.930217,0.030960,0.365683,-215.493912,92.220413,84.350548
237,1.975000,-0.004257,0.930263,0.031153,0.365544,-215.500519,92.220078,84.349403
238,1.983333,-0.005140,0.930114,0.030800,0.365940,-215.515182,92.228043,84.355820
239,1.991667,-0.005156,0.930118,0.031048,0.365909,-215.522583,92.231667,84.357201
240,2.000000,-0.005273,0.930084,0.030982,0.366000,-215.533920,92.235550,84.358231
241,2.008333,-0.005328,0.930131,0.031203,0.365862,-215.543076,92.238144,84.360161
242,2.016667,-0.005477,0.930098,0.031390,0.365926,-215.553024,92.238960,84.361443
243,2.025000,-0.004528,0.930243,0.030770,0.365625,-215.567535,92.246994,84.367805
244,2.033333,-0.004858,0.930199,0.030952,0.365716,-215.580582,92.247963,84.366318
245,2.041667,-0.005157,0.930157,0.031277,0.365791,-215.594315,92.247505,84.366402
246,2.050000,-0.005444,0.930165,0.031526,0.365746,-215.606552,92.247559,84.367889
247,2.058333,-0.005873,0.930187,0.031607,0.365677,-215.616699,92.248276,84.367538
248,2.066667,-0.006092,0.930147,0.031838,0.365754,-215.624863,92.249641,84.367584
249,2.075000,-0.006251,0.930149,0.032050,0.365726,-215.627792,92.251129,84.366837
250,2.083333,-0.006337,0.930147,0.031948,0.365741,-215.629120,92.253250,84.367630
251,2.091667,-0.006528,0.930127,0.031935,0.365789,-215.626450,92.253151,84.368774
252,2.100000,-0.006530,0.930156,0.031979,0.365711,-215.624863,92.254242,84.369194
253,2.108333,-0.007420,0.930275,0.031967,0.365391,-215.623474,92.265053,84.363403
254,2.116667,-0.007933,0.930319,0.031923,0.365273,-215.623062,92.269829,84.359993
255,2.125000,-0.007835,0.930282,0.031958,0.365366,-215.625671,92.270767,84.362457
256,2.133333,-0.008068,0.930259,0.032134,0.365404,-215.626099,92.268463,84.363251
257,2.141667,-0.008004,0.930276,0.032024,0.365373,-215.626175,92.269508,84.364006
258,2.150000,-0.007995,0.930118,0.031919,0.365784,-215.630753,92.267670,84.373314
259,2.158333,-0.007987,0.930042,0.032131,0.365959,-215.637070,92.265945,84.376656
260,2.166667,-0.007881,0.930017,0.032065,0.366031,-215.639496,92.267685,84.378540
261,2.175000,-0.008224,0.930050,0.032033,0.365940,-215.640884,92.267700,84.376541
262,2.183333,-0.008411,0.930043,0.032136,0.365946,-215.644623,92.269333,84.375702
263,2.191667,-0.008495,0.930042,0.032227,0.365938,-215.646500,92.270874,84.375671
264,2.200000,-0.008560,0.930064,0.032203,0.365882,-215.649536,92.272278,84.374847
265,2.208333,-0.008886,0.930076,0.032212,0.365844,-215.651794,92.273560,84.374176
266,2.216667,-0.008887,0.930049,0.032278,0.365906,-215.655762,92.274513,84.373978
267,2.225000,-0.008827,0.930108,0.032446,0.365743,-215.658112,92.272659,84.372993
268,2.233333,-0.008965,0.930128,0.032604,0.365676,-215.659332,92.273590,84.372658
269,2.241667,-0.009276,0.930120,0.032445,0.365703,-215.662506,92.276093,84.372749
270,2.250000,-0.009223,0.930086,0.032577,0.365779,-215.663605,92.275848,84.375168
271,2.258333,-0.007079,0.930219,0.032486,0.365495,-215.651398,92.252579,84.368622
272,2.266667,-0.008079,0.930140,0.032392,0.365684,-215.657257,92.265129,84.372925
273,2.275000,-0.008742,0.930071,0.032480,0.365838,-215.662354,92.272163,84.375778
274,2.283333,-0.008963,0.930062,0.032460,0.365855,-215.661545,92.272575,84.374741
275,2.291667,-0.008852,0.930103,0.032432,0.365757,-215.659714,92.273972,84.374504
276,2.300000,-0.008977,0.930102,0.032567,0.365745,-215.657776,92.273659,84.372803
277,2.308333,-0.008629,0.930112,0.032404,0.365742,-215.656570,92.272285,84.373474
278,2.316667,-0.008412,0.930107,0.032354,0.365764,-215.654938,92.267021,84.371971
279,2.325000,-0.007867,0.930133,0.032459,0.365700,-215.653732,92.262955,84.371796
280,2.333333,-0.008170,0.930066,0.032545,0.365856,-215.656189,92.265221,84.372620
281,2.341667,-0.006455,0.930240,0.032435,0.365459,-215.648819,92.249588,84.365646
282,2.350000,-0.005908,0.930308,0.032385,0.365300,-215.645050,92.244186,84.362350
283,2.358333,-0.005537,0.930334,0.032442,0.365233,-215.644333,92.242882,84.361176
284,2.366667,-0.005476,0.930326,0.032629,0.365237,-215.642883,92.240028,84.361229
285,2.375000,-0.005281,0.930372,0.032576,0.365129,-215.641647,92.239044,84.359863
286,2.383333,-0.005142,0.930388,0.032606,0.365088,-215.641861,92.238731,84.357574
287,2.391667,-0.005266,0.930389,0.032564,0.365087,-215.643066,92.238792,84.358635
288,2.400000,-0.005246,0.930420,0.032664,0.364998,-215.642258,92.237656,84.358475
289,2.408333,-0.005066,0.930418,0.032584,0.365013,-215.642303,92.237724,84.359673
290,2.416667,-0.005115,0.930426,0.032572,0.364994,-215.644150,92.238228,84.358864
291,2.425000,-0.005382,0.930411,0.032753,0.365013,-215.647339,92.237709,84.358963
292,2.433333,-0.005176,0.930409,0.032830,0.365012,-215.646149,92.237450,84.360092
293,2.441667,-0.005084,0.930418,0.032777,0.364995,-215.645782,92.238365,84.361816
294,2.450000,-0.005186,0.930411,0.032658,0.365024,-215.645676,92.237030,84.362946
295,2.458333,-0.005245,0.930425,0.032523,0.364998,-215.644791,92.237869,84.360954
296,2.466667,-0.005134,0.930417,0.032652,0.365008,-215.646500,92.238060,84.361115
297,2.475000,-0.005266,0.930409,0.032877,0.365007,-215.648361,92.238121,84.361351
298,2.483333,-0.005327,0.930437,0.032844,0.364937,-215.649551,92.238258,84.359894
299,2.491667,-0.005268,0.930437,0.032830,0.364940,-215.650818,92.238014,84.359779
300,2.500000,-0.005361,0.930429,0.032770,0.364964,-215.650757,92.238251,84.358162
301,2.508333,-0.005238,0.930462,0.032760,0.364883,-215.650131,92.238396,84.358391
302,2.516667,-0.005164,0.930428,0.032761,0.364972,-215.649323,92.237511,84.358910
303,2.525000,-0.005206,0.930440,0.032745,0.364940,-215.648483,92.237595,84.358223
304,2.533333,-0.005140,0.930432,0.032778,0.364959,-215.648895,92.238518,84.359886
305,2.541667,-0.005390,0.930406,0.032974,0.365006,-215.647858,92.237259,84.358566
306,2.550000,-0.005388,0.930455,0.032841,0.364892,-215.647415,92.238373,84.357109
307,2.558333,-0.005346,0.930432,0.032877,0.364947,-215.647812,92.237839,84.356567
308,2.566667,-0.005296,0.930416,0.032942,0.364982,-215.647247,92.237045,84.357254
309,2.575000,-0.005169,0.930434,0.032657,0.364966,-215.646484,92.237129,84.358047
310,2.583333,-0.005292,0.930451,0.032596,0.364925,-215.645172,92.237137,84.356186
311,2.591667,-0.005270,0.930450,0.032690,0.364919,-215.645386,92.237495,84.355797
312,2.600000,-0.005186,0.930448,0.032749,0.364921,-215.645462,92.237976,84.355042
313,2.608333,-0.005227,0.930416,0.032752,0.365002,-215.645599,92.237495,84.354805
314,2.616667,-0.005090,0.930457,0.032893,0.364887,-215.645477,92.237679,84.355515
315,2.625000,-0.005089,0.930456,0.032897,0.364888,-215.645020,92.236664,84.355354
316,2.633333,-0.005312,0.930455,0.032759,0.364900,-215.645721,92.237717,84.354424
317,2.641667,-0.005401,0.930449,0.032621,0.364926,-215.645264,92.236885,84.353256
318,2.650000,-0.005303,0.930446,0.032664,0.364932,-215.646698,92.238312,84.351982
319,2.658333,-0.005326,0.930429,0.032737,0.364969,-215.646622,92.237816,84.350868
320,2.666667,-0.005407,0.930450,0.032764,0.364911,-215.645355,92.236534,84.350830
321,2.675000,-0.005217,0.930421,0.032632,0.364998,-215.644913,92.237816,84.351349
322,2.683333,-0.005312,0.930418,0.032697,0.365000,-215.643387,92.236038,84.349564
323,2.691667,-0.005299,0.930437,0.032829,0.364940,-215.643570,92.236931,84.351219
324,2.700000,-0.005279,0.930491,0.033015,0.364787,-215.646988,92.238159,84.358368
325,2.708333,-0.005227,0.930471,0.032484,0.364885,-215.644501,92.233643,84.361305
326,2.716667,-0.005626,0.930410,0.031105,0.365155,-215.639801,92.226418,84.358070
327,2.725000,-0.005608,0.930390,0.030673,0.365243,-215.637375,92.222343,84.357346
328,2.733333,-0.005490,0.930402,0.030588,0.365222,-215.637634,92.222816,84.357628
329,2.741667,-0.005610,0.930400,0.030596,0.365224,-215.637177,92.222610,84.356079
330,2.750000,-0.005538,0.930394,0.030703,0.365230,-215.636795,92.223549,84.355286
331,2.758333,-0.005698,0.930388,0.030626,0.365250,-215.637085,92.223068,84.355095
332,2.766667,-0.005715,0.930397,0.030606,0.365229,-215.636627,92.224213,84.354202
333,2.775000,-0.005506,0.930401,0.030540,0.365228,-215.636566,92.224167,84.356537
334,2.783333,-0.005684,0.930415,0.030497,0.365192,-215.636856,92.224663,84.354553
335,2.791667,-0.005661,0.930412,0.030512,0.365200,-215.637375,92.224640,84.352875
336,2.800000,-0.005575,0.930399,0.030526,0.365232,-215.637070,92.224106,84.354462
337,2.808333,-0.005693,0.930399,0.030511,0.365232,-215.637299,92.224449,84.352646
338,2.816667,-0.005646,0.930358,0.030550,0.365333,-215.637619,92.223221,84.355270
339,2.825000,-0.005678,0.930419,0.030493,0.365182,-215.635422,92.223480,84.353195
340,2.833333,-0.005614,0.930407,0.030453,0.365218,-215.636032,92.223816,84.353073
341,2.841667,-0.005551,0.930400,0.030437,0.365239,-215.635712,92.223808,84.352997
342,2.850000,-0.005669,0.930416,0.030513,0.365188,-215.635635,92.224731,84.351776
343,2.858333,-0.005767,0.930386,0.030638,0.365252,-215.634567,92.224350,84.350327
344,2.866667,-0.005636,0.930401,0.030575,0.365223,-215.634460,92.224197,84.351028
345,2.875000,-0.005643,0.930380,0.030508,0.365281,-215.634186,92.222534,84.353752
346,2.883333,-0.005719,0.930357,0.030679,0.365325,-215.632462,92.223862,84.351006
347,2.891667,-0.005699,0.930402,0.030650,0.365213,-215.632660,92.223816,84.352127
348,2.900000,-0.005514,0.930399,0.030531,0.365234,-215.633560,92.223404,84.355629
349,2.908333,-0.005690,0.930364,0.030561,0.365317,-215.632751,92.222649,84.353409
350,2.916667,-0.005579,0.930370,0.030530,0.365305,-215.632629,92.223305,84.354523
351,2.925000,-0.005639,0.930388,0.030551,0.365258,-215.633102,92.224190,84.354713
352,2.933333,-0.005598,0.930373,0.030594,0.365292,-215.633484,92.223640,84.354172
353,2.941667,-0.005471,0.930366,0.030502,0.365320,-215.633423,92.224045,84.353210
354,2.950000,-0.005567,0.930377,0.030488,0.365293,-215.633560,92.223045,84.352409
355,2.958333,-0.005597,0.930393,0.030423,0.365257,-215.634705,92.224442,84.352440
356,2.966667,-0.005620,0.930329,0.030559,0.365407,-215.633392,92.223495,84.353546
357,2.975000,-0.005758,0.930418,0.030567,0.365178,-215.633484,92.224396,84.352951
358,2.983333,-0.005770,0.930393,0.030475,0.365250,-215.633865,92.224213,84.352783
359,2.991667,-0.005719,0.930365,0.030592,0.365311,-215.632721,92.224678,84.353401
360,3.000000,-0.005701,0.930374,0.030590,0.365288,-215.632599,92.224464,84.355545
361,3.008333,-0.005702,0.930379,0.030551,0.365280,-215.631821,92.223389,84.354889
362,3.016667,-0.005727,0.930373,0.030565,0.365292,-215.631912,92.224037,84.354385
363,3.025000,-0.005751,0.930378,0.030640,0.365273,-215.632080,92.225418,84.352051
364,3.033333,-0.005546,0.930396,0.030529,0.365239,-215.632126,92.223885,84.353966
365,3.041667,-0.005534,0.930392,0.030501,0.365253,-215.631958,92.223770,84.355255
366,3.050000,-0.005527,0.930370,0.030497,0.365309,-215.631561,92.224174,84.354553
367,3.058333,-0.005634,0.930381,0.030602,0.365270,-215.632278,92.224854,84.356239
368,3.066667,-0.005746,0.930367,0.030747,0.365294,-215.631653,92.225739,84.351860
369,3.075000,-0.005690,0.930406,0.030657,0.365201,-215.633270,92.225456,84.351456
370,3.083333,-0.005561,0.930393,0.030525,0.365247,-215.633743,92.223999,84.352722
371,3.091667,-0.005630,0.930375,0.030615,0.365284,-215.633514,92.223587,84.349396
372,3.100000,-0.005632,0.930390,0.030505,0.365256,-215.634613,92.223938,84.351364
373,3.108333,-0.005769,0.930380,0.030542,0.365277,-215.634918,92.224274,84.350220
374,3.116667,-0.005698,0.930394,0.030668,0.365232,-215.633636,92.222038,84.352539
375,3.125000,-0.005801,0.930393,0.030598,0.365237,-215.632919,92.224136,84.351280
376,3.133333,-0.005780,0.930399,0.030482,0.365233,-215.632767,92.224655,84.351379
377,3.141667,-0.005630,0.930391,0.030477,0.365257,-215.632675,92.224030,84.354141
378,3.150000,-0.005751,0.930370,0.030679,0.365291,-215.631989,92.223648,84.353119
379,3.158333,-0.005719,0.930408,0.030587,0.365203,-215.631699,92.224922,84.351562
380,3.166667,-0.005697,0.930391,0.030577,0.365247,-215.631653,92.225616,84.348244
381,3.175000,-0.005724,0.930405,0.030651,0.365206,-215.631699,92.224236,84.349739
382,3.183333,-0.005624,0.930393,0.030598,0.365240,-215.632248,92.225250,84.352859
383,3.191667,-0.005736,0.930381,0.030576,0.365271,-215.631317,92.225143,84.353210
384,3.200000,-0.005670,0.930370,0.030585,0.365299,-215.631790,92.224190,84.354439
385,3.208333,-0.005757,0.930350,0.030695,0.365340,-215.631683,92.224464,84.353531
386,3.216667,-0.005668,0.930395,0.030527,0.365242,-215.632202,92.224380,84.353996
387,3.225000,-0.005610,0.930399,0.030695,0.365217,-215.633057,92.225365,84.354691
388,3.233333,-0.005689,0.930383,0.030760,0.365251,-215.633560,92.224869,84.353767
389,3.241667,-0.005654,0.930392,0.030636,0.365240,-215.634033,92.224480,84.354019
390,3.250000,-0.005654,0.930390,0.030489,0.365257,-215.633865,92.225235,84.353294
391,3.258333,-0.005632,0.930394,0.030457,0.365250,-215.633347,92.223808,84.354568
392,3.266667,-0.005636,0.930392,0.030546,0.365248,-215.633179,92.223991,84.355011
393,3.275000,-0.005753,0.930384,0.030670,0.365256,-215.631989,92.225006,84.351639
394,3.283333,-0.005768,0.930406,0.030644,0.365202,-215.633347,92.224907,84.354820
395,3.291667,-0.005804,0.930384,0.030519,0.365268,-215.632919,92.224594,84.353172
396,3.300000,-0.005789,0.930390,0.030579,0.365248,-215.633209,92.224182,84.351776
397,3.308333,-0.005766,0.930397,0.030654,0.365224,-215.633865,92.223190,84.352638
398,3.316667,-0.005634,0.930390,0.030686,0.365242,-215.633438,92.222923,84.352409
399,3.325000,-0.005593,0.930372,0.030674,0.365288,-215.633514,92.222755,84.353516
400,3.333333,-0.005685,0.930385,0.030697,0.365252,-215.632874,92.225479,84.350388
401,3.341667,-0.005661,0.930412,0.030672,0.365185,-215.633942,92.225060,84.351624
402,3.350000,-0.005671,0.930408,0.030539,0.365207,-215.633636,92.224548,84.351768
403,3.358333,-0.005577,0.930383,0.030485,0.365278,-215.633484,92.223740,84.352280
404,3.366667,-0.005784,0.930398,0.030551,0.365231,-215.633530,92.225174,84.352348
405,3.375000,-0.005710,0.930367,0.030563,0.365308,-215.632278,92.226746,84.348831
406,3.383333,-0.005734,0.930426,0.030610,0.365155,-215.633514,92.225388,84.351341
407,3.391667,-0.005670,0.930415,0.030496,0.365193,-215.633316,92.224358,84.353043
408,3.400000,-0.005686,0.930403,0.030433,0.365228,-215.633560,92.224724,84.351479
409,3.408333,-0.005716,0.930378,0.030607,0.365276,-215.633575,92.224480,84.352127
410,3.416667,-0.005685,0.930391,0.030621,0.365244,-215.632339,92.226234,84.348854
411,3.425000,-0.005659,0.930396,0.030627,0.365231,-215.633682,92.224815,84.352333
412,3.433333,-0.005656,0.930389,0.030611,0.365250,-215.632919,92.224236,84.353287
413,3.441667,-0.005571,0.930362,0.030625,0.365319,-215.632050,92.224335,84.354073
414,3.450000,-0.005567,0.930392,0.030590,0.365246,-215.632660,92.225487,84.353508
415,3.458333,-0.005730,0.930377,0.030566,0.365283,-215.632675,92.224899,84.351418
416,3.466667,-0.005703,0.930374,0.030592,0.365288,-215.632675,92.223930,84.352394
417,3.475000,-0.005743,0.930393,0.030516,0.365245,-215.632324,92.224724,84.351555
418,3.483333,-0.005647,0.930385,0.030509,0.365268,-215.633270,92.224792,84.352608
419,3.491667,-0.005705,0.930371,0.030514,0.365302,-215.633865,92.225174,84.351906
420,3.500000,-0.005831,0.930384,0.030593,0.365260,-215.633606,92.224922,84.350983
421,3.508333,-0.005852,0.930381,0.030527,0.365275,-215.634155,92.225273,84.349884
422,3.516667,-0.005926,0.930402,0.030392,0.365230,-215.634369,92.225800,84.349632
423,3.525000,-0.005807,0.930381,0.030537,0.365274,-215.634186,92.224083,84.350967
424,3.533333,-0.005896,0.930401,0.030665,0.365211,-215.633270,92.224388,84.350838
425,3.541667,-0.005790,0.930382,0.030643,0.365263,-215.633316,92.225174,84.351257
426,3.550000,-0.005764,0.930375,0.030533,0.365289,-215.633698,92.224800,84.351944
427,3.558333,-0.005801,0.930416,0.030578,0.365182,-215.633316,92.224106,84.350578
428,3.566667,-0.005714,0.930387,0.030658,0.365249,-215.633728,92.224052,84.351433
429,3.575000,-0.005817,0.930406,0.030626,0.365203,-215.634247,92.225281,84.350311
430,3.583333,-0.005794,0.930367,0.030655,0.365300,-215.633606,92.223892,84.352089
431,3.591667,-0.005673,0.930404,0.030607,0.365210,-215.634079,92.224495,84.352654
432,3.600000,-0.005929,0.930409,0.030717,0.365186,-215.633514,92.226067,84.346291
433,3.608333,-0.005750,0.930402,0.030729,0.365206,-215.633606,92.225281,84.347862
434,3.616667,-0.005680,0.930422,0.030538,0.365172,-215.633987,92.224609,84.349373
435,3.625000,-0.005669,0.930365,0.030495,0.365321,-215.633469,92.223907,84.351593
436,3.633333,-0.005625,0.930381,0.030490,0.365281,-215.633057,92.224380,84.352295
437,3.641667,-0.005755,0.930377,0.030603,0.365279,-215.633224,92.224754,84.351967
438,3.650000,-0.005700,0.930398,0.030497,0.365234,-215.632797,92.225479,84.353043
439,3.658333,-0.005685,0.930403,0.030504,0.365223,-215.632248,92.224548,84.351875
440,3.666667,-0.005682,0.930392,0.030679,0.365237,-215.632278,92.224426,84.353432
441,3.675000,-0.005722,0.930381,0.030633,0.365266,-215.632919,92.224701,84.352783
442,3.683333,-0.005717,0.930382,0.030684,0.365261,-215.632584,92.224373,84.353104
443,3.691667,-0.005816,0.930413,0.030573,0.365188,-215.632797,92.225090,84.352402
444,3.700000,-0.005591,0.930417,0.030541,0.365186,-215.632446,92.224884,84.353622
445,3.708333,-0.005496,0.930406,0.030568,0.365211,-215.632217,92.223541,84.353264
446,3.716667,-0.005672,0.930413,0.030585,0.365191,-215.632446,92.223091,84.352913
447,3.725000,-0.005717,0.930391,0.030621,0.365244,-215.632584,92.224304,84.353691
448,3.733333,-0.005757,0.930389,0.030508,0.365256,-215.633652,92.224792,84.353813
449,3.741667,-0.005865,0.930391,0.030587,0.365243,-215.632980,92.224602,84.352081
450,3.750000,-0.005750,0.930398,0.030533,0.365231,-215.633316,92.225082,84.352074
451,3.758333,-0.005776,0.930394,0.030525,0.365241,-215.633224,92.224869,84.352356
452,3.766667,-0.005638,0.930396,0.030456,0.365245,-215.633438,92.224808,84.352333
453,3.775000,-0.005696,0.930424,0.030473,0.365172,-215.633316,92.224335,84.352615
454,3.783333,-0.005790,0.930409,0.030578,0.365201,-215.633392,92.223953,84.350800
455,3.791667,-0.005701,0.930384,0.030627,0.365261,-215.634064,92.224022,84.353325
456,3.800000,-0.005839,0.930388,0.030687,0.365243,-215.633469,92.225990,84.348061
457,3.808333,-0.005806,0.930380,0.030741,0.365259,-215.634109,92.226257,84.348526
458,3.816667,-0.005673,0.930388,0.030762,0.365240,-215.634628,92.226013,84.348366
459,3.825000,-0.005775,0.930408,0.030745,0.365187,-215.635345,92.225029,84.350357
460,3.833333,-0.005657,0.930391,0.030628,0.365243,-215.636108,92.225182,84.352776
461,3.841667,-0.005683,0.930393,0.030746,0.365228,-215.635757,92.225037,84.351906
462,3.850000,-0.005735,0.930405,0.030602,0.365207,-215.635544,92.225143,84.350479
463,3.858333,-0.005786,0.930430,0.030488,0.365153,-215.636200,92.225418,84.349838
464,3.866667,-0.005957,0.930405,0.030709,0.365195,-215.636276,92.224380,84.349052
465,3.875000,-0.005888,0.930405,0.030708,0.365197,-215.637253,92.225746,84.349541
466,3.883333,-0.005809,0.930402,0.030742,0.365203,-215.636185,92.225990,84.349075
467,3.891667,-0.005744,0.930392,0.030629,0.365238,-215.636230,92.224838,84.350967
468,3.900000,-0.005873,0.930403,0.030687,0.365203,-215.634506,92.226479,84.346832
469,3.908333,-0.005726,0.930383,0.030640,0.365262,-215.635712,92.225388,84.350632
470,3.916667,-0.005780,0.930401,0.030677,0.365212,-215.633850,92.224838,84.351746
471,3.925000,-0.005826,0.930401,0.030704,0.365209,-215.633011,92.225296,84.349197
472,3.933333,-0.005601,0.930410,0.030588,0.365198,-215.632721,92.225693,84.351334
473,3.941667,-0.005687,0.930403,0.030694,0.365208,-215.632050,92.225288,84.351044
474,3.950000,-0.005639,0.930396,0.030820,0.365215,-215.631027,92.225204,84.351746
475,3.958333,-0.005479,0.930409,0.030719,0.365193,-215.629700,92.224739,84.354004
476,3.966667,-0.005406,0.930419,0.030627,0.365175,-215.628052,92.223373,84.356041
477,3.975000,-0.005341,0.930391,0.030797,0.365233,-215.627548,92.223320,84.361755
478,3.983333,-0.005279,0.930365,0.030947,0.365288,-215.623047,92.223061,84.366692
479,3.991667,-0.005018,0.930413,0.030764,0.365184,-215.619034,92.224976,84.374245
480,4.000000,-0.005028,0.930414,0.031087,0.365155,-215.614822,92.225082,84.381470
481,4.008333,-0.004841,0.930429,0.031305,0.365102,-215.612885,92.226646,84.389565
482,4.016667,-0.004655,0.930376,0.031575,0.365215,-215.609833,92.227264,84.400520
483,4.025000,-0.004381,0.930399,0.032050,0.365117,-215.605377,92.227539,84.415726
484,4.033333,-0.003919,0.930401,0.032595,0.365070,-215.601562,92.227676,84.435341
485,4.041667,-0.002772,0.930399,0.033656,0.364989,-215.586472,92.220703,84.465370
486,4.050000,-0.002208,0.930475,0.034199,0.364748,-215.581207,92.221268,84.489594
487,4.058333,-0.001606,0.930450,0.034751,0.364763,-215.569061,92.218437,84.520378
488,4.066667,-0.001239,0.930363,0.035253,0.364939,-215.557892,92.218033,84.548080
489,4.075000,-0.000565,0.930352,0.035735,0.364921,-215.544601,92.219002,84.576714
490,4.083333,0.000213,0.930345,0.036299,0.364885,-215.531418,92.218964,84.599586
491,4.091667,0.001179,0.930338,0.036806,0.364849,-215.520721,92.217926,84.618500
492,4.100000,0.001903,0.930347,0.037075,0.364795,-215.515945,92.217575,84.632210
493,4.108333,0.002530,0.930316,0.037491,0.364829,-215.511902,92.213394,84.642960
494,4.116667,0.003093,0.930193,0.038003,0.365086,-215.508911,92.207199,84.656593
495,4.125000,0.001994,0.929836,0.038056,0.365995,-215.514633,92.220070,84.681335
496,4.133333,0.002257,0.929735,0.038235,0.366233,-215.510971,92.221024,84.697250
497,4.141667,0.002729,0.929716,0.038672,0.366230,-215.504578,92.220345,84.709038
498,4.150000,0.002866,0.929691,0.039014,0.366257,-215.500641,92.221466,84.716515
499,4.158333,0.003102,0.929713,0.039018,0.366199,-215.497238,92.223068,84.723549
500,4.166667,0.002992,0.929751,0.039069,0.366099,-215.490005,92.223885,84.726898
501,4.175000,0.003201,0.929742,0.039076,0.366117,-215.486191,92.223999,84.734886
502,4.183333,0.003596,0.929703,0.039195,0.366202,-215.482635,92.221634,84.744453
503,4.191667,0.003768,0.929660,0.039533,0.366271,-215.481354,92.222839,84.762527
504,4.200000,0.005936,0.929747,0.040188,0.365952,-215.471649,92.204002,84.772835
505,4.208333,0.007519,0.929848,0.040863,0.365590,-215.468002,92.191383,84.778633
506,4.216667,0.008047,0.929869,0.041311,0.365474,-215.468521,92.190094,84.791176
507,4.225000,0.008017,0.929840,0.041562,0.365520,-215.468002,92.190132,84.801727
508,4.233333,0.007895,0.929853,0.041760,0.365468,-215.467361,92.191544,84.810440
509,4.241667,0.007938,0.929868,0.041604,0.365447,-215.468262,92.193810,84.816940
510,4.250000,0.007844,0.929877,0.041760,0.365408,-215.469833,92.195793,84.816101
511,4.258333,0.007439,0.929918,0.041544,0.365338,-215.473434,92.197098,84.809334
512,4.266667,0.006775,0.929991,0.040969,0.365229,-215.477798,92.198891,84.791504
513,4.275000,0.003297,0.929822,0.040216,0.365790,-215.498825,92.228249,84.780548
514,4.283333,0.002072,0.929970,0.039621,0.365489,-215.509659,92.232529,84.748390
515,4.291667,0.000863,0.930148,0.038641,0.365145,-215.514755,92.235092,84.703285
516,4.300000,0.000943,0.930487,0.037681,0.364380,-215.512634,92.226654,84.658821
517,4.308333,0.001012,0.930648,0.037129,0.364025,-215.517258,92.218613,84.630699
518,4.316667,0.001679,0.930546,0.037527,0.364243,-215.534134,92.214523,84.632057
519,4.325000,0.002780,0.930281,0.039027,0.364754,-215.551941,92.219093,84.655716
520,4.333333,0.003363,0.930135,0.040482,0.364963,-215.559219,92.245049,84.681480
521,4.341667,0.003703,0.930238,0.041204,0.364618,-215.550018,92.293266,84.704857
522,4.350000,0.003448,0.930422,0.040786,0.364197,-215.529968,92.348724,84.710030
523,4.358333,0.003277,0.930578,0.040163,0.363868,-215.519760,92.401100,84.719955
524,4.366667,0.001781,0.930451,0.039234,0.364306,-215.530533,92.468979,84.739334
525,4.375000,0.000238,0.930345,0.039182,0.364587,-215.535873,92.529427,84.759811
526,4.383333,0.003132,0.930284,0.037557,0.364899,-215.534332,92.600807,84.776535
527,4.391667,0.004367,0.930380,0.037032,0.364697,-215.517212,92.656059,84.787964
528,4.400000,0.004298,0.930541,0.036435,0.364346,-215.499695,92.713943,84.805313
529,4.408333,0.003775,0.930570,0.036525,0.364267,-215.494675,92.767410,84.822098
530,4.416667,0.002028,0.930719,0.037403,0.363813,-215.495972,92.810684,84.841759
531,4.425000,0.000276,0.930656,0.038018,0.363915,-215.499191,92.861511,84.852303
532,4.433333,0.001313,0.930634,0.037395,0.364034,-215.500168,92.917130,84.866676
533,4.441667,0.001239,0.930696,0.037494,0.363865,-215.495926,92.969604,84.879868
534,4.450000,0.001818,0.930822,0.038878,0.363395,-215.501312,93.039627,84.883400
535,4.458333,0.000707,0.930685,0.037546,0.363890,-215.515213,93.113876,84.870186
536,4.466667,0.000083,0.930502,0.036679,0.364446,-215.520554,93.168983,84.857948
537,4.475000,0.003572,0.930560,0.034120,0.364530,-215.521423,93.246620,84.854736
538,4.483333,0.003536,0.930505,0.034133,0.364669,-215.521362,93.301041,84.852623
539,4.491667,0.000995,0.930430,0.034407,0.364850,-215.527374,93.368568,84.859673
540,4.500000,0.001230,0.930660,0.034056,0.364294,-215.520050,93.411674,84.853790
541,4.508333,0.001046,0.930749,0.033706,0.364100,-215.515381,93.453033,84.856911
542,4.516667,0.000629,0.930845,0.033726,0.363854,-215.505524,93.498024,84.865723
543,4.525000,0.000611,0.930887,0.033669,0.363753,-215.499283,93.544472,84.871323
544,4.533333,-0.000573,0.930851,0.033078,0.363899,-215.502304,93.608513,84.867546
545,4.541667,-0.000755,0.930831,0.033110,0.363946,-215.505096,93.658813,84.868050
546,4.550000,-0.000391,0.930830,0.034337,0.363834,-215.504532,93.709625,84.869484
547,4.558333,0.000199,0.930815,0.034523,0.363856,-215.502289,93.755554,84.872307
548,4.566667,0.002897,0.930843,0.033136,0.363902,-215.501450,93.810471,84.875725
549,4.575000,0.003174,0.930849,0.032724,0.363923,-215.498779,93.857155,84.873848
550,4.583333,0.001196,0.930702,0.032027,0.364372,-215.507156,93.919914,84.883080
551,4.591667,0.000818,0.930881,0.031137,0.363993,-215.498474,93.967545,84.878403
552,4.600000,0.000570,0.930998,0.030227,0.363770,-215.488892,94.020607,84.874336
553,4.608333,0.000334,0.931045,0.029986,0.363670,-215.481873,94.072495,84.874466
554,4.616667,-0.000766,0.931012,0.029454,0.363797,-215.485214,94.130890,84.860809
555,4.625000,-0.000539,0.930883,0.029480,0.364126,-215.487640,94.181808,84.850288
556,4.633333,0.000094,0.930736,0.030271,0.364438,-215.488724,94.230583,84.844986
557,4.641667,0.000546,0.930651,0.030541,0.364632,-215.491486,94.287971,84.838249
558,4.650000,0.001618,0.930658,0.029341,0.364708,-215.499527,94.365273,84.828651
559,4.658333,0.001853,0.930823,0.028366,0.364362,-215.490585,94.417381,84.824532
560,4.666667,0.000220,0.931002,0.027398,0.363983,-215.481918,94.475525,84.822945
561,4.675000,-0.001184,0.931135,0.026190,0.363732,-215.473145,94.531227,84.821854
562,4.683333,-0.001798,0.931155,0.025347,0.363738,-215.469406,94.576851,84.818123
563,4.691667,-0.003004,0.931202,0.024506,0.363667,-215.474075,94.621765,84.806915
564,4.700000,-0.003408,0.931095,0.024299,0.363952,-215.477631,94.663498,84.801834
565,4.708333,-0.003666,0.931044,0.024023,0.364098,-215.475601,94.701889,84.800911
566,4.716667,-0.004098,0.931150,0.023674,0.363843,-215.467926,94.741402,84.796021
567,4.725000,-0.004334,0.931273,0.023670,0.363526,-215.459656,94.778717,84.794144
568,4.733333,-0.004367,0.931353,0.023297,0.363346,-215.449905,94.817245,84.788132
569,4.741667,-0.002179,0.931406,0.021305,0.363351,-215.443939,94.871132,84.778961
570,4.750000,-0.001890,0.931537,0.020237,0.363078,-215.434448,94.914207,84.772789
571,4.758333,-0.003648,0.931545,0.019484,0.363086,-215.434570,94.962059,84.775040
572,4.766667,-0.004384,0.931642,0.019233,0.362841,-215.433472,94.999992,84.772133
573,4.775000,-0.003398,0.931747,0.020394,0.362519,-215.418716,95.027779,84.766380
574,4.783333,-0.003506,0.931815,0.020520,0.362336,-215.412933,95.056404,84.760033
575,4.791667,-0.003841,0.931823,0.020273,0.362326,-215.410965,95.085403,84.761040
576,4.800000,-0.004830,0.931754,0.019505,0.362535,-215.417435,95.122147,84.754257
577,4.808333,-0.005384,0.931632,0.019054,0.362862,-215.423401,95.153297,84.750710
578,4.816667,-0.005675,0.931546,0.018917,0.363088,-215.423492,95.177040,84.747696
579,4.825000,-0.005495,0.931498,0.019105,0.363203,-215.419586,95.198616,84.749985
580,4.833333,-0.005480,0.931508,0.019415,0.363162,-215.413315,95.218056,84.756073
581,4.841667,-0.006955,0.931578,0.019444,0.362953,-215.388565,95.250862,84.766525
582,4.850000,-0.007143,0.931561,0.019447,0.362994,-215.381165,95.270508,84.773232
583,4.858333,-0.007389,0.931547,0.019450,0.363025,-215.378448,95.291435,84.777084
584,4.866667,-0.007243,0.931509,0.019314,0.363133,-215.385086,95.310768,84.773758
585,4.875000,-0.006534,0.931512,0.019088,0.363151,-215.390259,95.326683,84.765694
586,4.883333,-0.006043,0.931580,0.018707,0.363004,-215.390366,95.346718,84.758553
587,4.891667,-0.005622,0.931686,0.018210,0.362764,-215.386383,95.370644,84.753342
588,4.900000,-0.002908,0.931727,0.016256,0.362783,-215.382629,95.414474,84.749390
589,4.908333,-0.002307,0.931837,0.015595,0.362535,-215.374069,95.443436,84.749115
590,4.916667,-0.002170,0.931914,0.015346,0.362348,-215.366669,95.466469,84.750351
591,4.925000,-0.004425,0.931661,0.015488,0.362972,-215.370972,95.501389,84.764984
592,4.933333,-0.004815,0.931629,0.015519,0.363046,-215.369492,95.518135,84.767845
593,4.941667,-0.005198,0.931654,0.015528,0.362976,-215.366104,95.532227,84.766975
594,4.950000,-0.005213,0.931671,0.015747,0.362923,-215.364655,95.547279,84.768143
595,4.958333,-0.005153,0.931661,0.016044,0.362937,-215.363220,95.563606,84.766190
596,4.966667,-0.004405,0.931878,0.016238,0.362382,-215.355865,95.579269,84.752304
597,4.975000,-0.004599,0.931942,0.016478,0.362203,-215.362579,95.602257,84.739212
598,4.983333,-0.005309,0.931904,0.015972,0.362315,-215.369705,95.634354,84.730263
599,4.991667,-0.006038,0.931814,0.016442,0.362513,-215.376236,95.669434,84.728508
600,5.000000,-0.006454,0.931807,0.016443,0.362525,-215.375702,95.692375,84.724274
601,5.008333,-0.006429,0.931813,0.016570,0.362503,-215.373398,95.708450,84.722832
602,5.016667,-0.006338,0.931818,0.016767,0.362483,-215.370300,95.723763,84.725281
603,5.025000,-0.006743,0.931829,0.016876,0.362443,-215.371780,95.745026,84.725594
604,5.033333,-0.006728,0.931802,0.016775,0.362518,-215.369034,95.761063,84.726906
605,5.041667,-0.006785,0.931844,0.016709,0.362412,-215.367584,95.778984,84.724030
606,5.050000,-0.006890,0.931838,0.016685,0.362425,-215.372284,95.797844,84.723785
607,5.058333,-0.007302,0.931842,0.016385,0.362421,-215.373260,95.819267,84.720718
608,5.066667,-0.007660,0.931859,0.016070,0.362382,-215.371628,95.836952,84.719666
609,5.075000,-0.007865,0.931888,0.015986,0.362309,-215.370300,95.849052,84.720963
610,5.083333,-0.007912,0.931861,0.016043,0.362375,-215.367538,95.861198,84.721519
611,5.091667,-0.007885,0.931958,0.015818,0.362135,-215.360474,95.880981,84.720131
612,5.100000,-0.007821,0.932084,0.015520,0.361824,-215.342789,95.912727,84.714386
613,5.108333,-0.004671,0.932140,0.013483,0.361817,-215.319824,95.977142,84.706810
614,5.116667,-0.005818,0.932162,0.012540,0.361776,-215.299408,96.063416,84.701416
615,5.125000,-0.006010,0.932456,0.012277,0.361026,-215.272446,96.128304,84.681519
616,5.133333,-0.006714,0.932654,0.011395,0.360530,-215.259384,96.193756,84.653404
617,5.141667,-0.008644,0.932767,0.010729,0.360217,-215.243347,96.255318,84.638016
618,5.150000,-0.011151,0.932714,0.009666,0.360316,-215.234787,96.312019,84.633492
619,5.158333,-0.010708,0.932616,0.009357,0.360590,-215.223785,96.346893,84.634804
620,5.166667,-0.011107,0.932715,0.008771,0.360337,-215.208130,96.381310,84.629181
621,5.175000,-0.010610,0.932776,0.008283,0.360205,-215.199066,96.410423,84.624748
622,5.183333,-0.011198,0.932816,0.007831,0.360093,-215.186829,96.451683,84.623940
623,5.191667,-0.011259,0.932725,0.007469,0.360336,-215.197571,96.479958,84.613396
624,5.200000,-0.010801,0.932677,0.007109,0.360481,-215.213150,96.504333,84.604515
625,5.208333,-0.009760,0.932326,0.005124,0.361451,-215.233185,96.556870,84.599220
626,5.216667,-0.009786,0.932314,0.003897,0.361497,-215.233109,96.586617,84.593788
627,5.225000,-0.010284,0.932372,0.003519,0.361336,-215.228653,96.608574,84.591759
628,5.233333,-0.010543,0.932431,0.003334,0.361178,-215.227005,96.622536,84.591148
629,5.241667,-0.010709,0.932382,0.003281,0.361301,-215.228653,96.631866,84.590004
630,5.250000,-0.010567,0.932559,0.003373,0.360848,-215.227127,96.632462,84.581116
631,5.258333,-0.010568,0.932571,0.003449,0.360817,-215.229767,96.635201,84.578560
632,5.266667,-0.010566,0.932534,0.003486,0.360910,-215.231400,96.638008,84.578392
633,5.275000,-0.010580,0.932621,0.003554,0.360684,-215.228561,96.637520,84.577873
634,5.283333,-0.011033,0.932361,0.003597,0.361342,-215.235565,96.639198,84.587708
635,5.291667,-0.010881,0.932293,0.003662,0.361522,-215.235947,96.633919,84.591530
636,5.300000,-0.010775,0.932316,0.003762,0.361464,-215.233948,96.630753,84.593224
637,5.308333,-0.010721,0.932316,0.003642,0.361469,-215.232330,96.632179,84.591362
638,5.316667,-0.010844,0.932358,0.003539,0.361356,-215.230316,96.635902,84.589569
639,5.325000,-0.010504,0.932538,0.003583,0.360902,-215.221191,96.634872,84.577835
640,5.333333,-0.010459,0.932592,0.003464,0.360764,-215.217010,96.635162,84.574928
641,5.341667,-0.010589,0.932590,0.003481,0.360766,-215.215988,96.635880,84.577103
642,5.350000,-0.011149,0.932418,0.003493,0.361194,-215.221756,96.639153,84.584518
643,5.358333,-0.010588,0.932527,0.003580,0.360926,-215.219528,96.631462,84.580086
644,5.366667,-0.010376,0.932563,0.003530,0.360840,-215.220215,96.629753,84.575233
645,5.375000,-0.010435,0.932590,0.003555,0.360770,-215.221573,96.631096,84.575668
646,5.383333,-0.010591,0.932584,0.003580,0.360780,-215.223434,96.635506,84.574806
647,5.391667,-0.011271,0.932415,0.003544,0.361197,-215.231018,96.640030,84.583298
648,5.400000,-0.010816,0.932524,0.003571,0.360929,-215.230057,96.633911,84.578552
649,5.408333,-0.010735,0.932562,0.003366,0.360836,-215.229767,96.631477,84.576881
650,5.416667,-0.010489,0.932552,0.003448,0.360866,-215.230438,96.631378,84.578033
651,5.425000,-0.011079,0.932357,0.003561,0.361352,-215.236252,96.635765,84.587852
652,5.433333,-0.010296,0.932513,0.003567,0.360973,-215.233017,96.631546,84.578773
653,5.441667,-0.010348,0.932599,0.003620,0.360748,-215.230560,96.631203,84.574989
654,5.450000,-0.010448,0.932663,0.003749,0.360579,-215.226166,96.631462,84.574738
655,5.458333,-0.010934,0.932362,0.003711,0.361341,-215.233780,96.634224,84.586975
656,5.466667,-0.010736,0.932332,0.003620,0.361425,-215.233658,96.632706,84.588226
657,5.475000,-0.010847,0.932324,0.003635,0.361444,-215.231613,96.633026,84.588097
658,5.483333,-0.010474,0.932510,0.003663,0.360974,-215.223831,96.631157,84.580353
659,5.491667,-0.010584,0.932587,0.003474,0.360773,-215.218567,96.633110,84.575760
660,5.500000,-0.010490,0.932590,0.003256,0.360772,-215.217133,96.636269,84.576347
661,5.508333,-0.011193,0.932419,0.003438,0.361190,-215.222458,96.641129,84.585037
662,5.516667,-0.011035,0.932372,0.003513,0.361315,-215.227036,96.638573,84.588043
663,5.525000,-0.011016,0.932338,0.003599,0.361402,-215.231033,96.636597,84.589279
664,5.533333,-0.010579,0.932501,0.003560,0.360995,-215.227203,96.630486,84.582283
665,5.541667,-0.011142,0.932349,0.003563,0.361371,-215.233902,96.636528,84.589272
666,5.550000,-0.010370,0.932498,0.003511,0.361008,-215.229980,96.631264,84.581154
667,5.558333,-0.010271,0.932581,0.003549,0.360796,-215.228058,96.630997,84.579918
668,5.566667,-0.010843,0.932397,0.003571,0.361256,-215.233322,96.636734,84.591797
669,5.575000,-0.010872,0.932349,0.003588,0.361379,-215.234543,96.635666,84.595497
670,5.583333,-0.010876,0.932295,0.003539,0.361517,-215.233871,96.635048,84.595253
671,5.591667,-0.011018,0.932310,0.003530,0.361476,-215.232224,96.636757,84.595535
672,5.600000,-0.010487,0.932490,0.003636,0.361026,-215.224197,96.632996,84.588020
673,5.608333,-0.010366,0.932571,0.003622,0.360819,-215.220459,96.632088,84.583458
674,5.616667,-0.010339,0.932583,0.003716,0.360788,-215.219589,96.633820,84.584389
675,5.625000,-0.011041,0.932381,0.003527,0.361292,-215.226227,96.638893,84.593483
676,5.633333,-0.011080,0.932322,0.003474,0.361444,-215.229370,96.637321,84.595268
677,5.641667,-0.011158,0.932296,0.003414,0.361508,-215.231659,96.637833,84.595413
678,5.650000,-0.011231,0.932299,0.003445,0.361498,-215.231995,96.637978,84.592178
679,5.658333,-0.010538,0.932482,0.003386,0.361048,-215.225815,96.633224,84.583076
680,5.666667,-0.010983,0.932371,0.003514,0.361319,-215.231400,96.637886,84.589256
681,5.675000,-0.010801,0.932359,0.003516,0.361355,-215.234161,96.636246,84.590111
682,5.683333,-0.010158,0.932539,0.003553,0.360909,-215.229980,96.629929,84.581314
683,5.691667,-0.010119,0.932605,0.003486,0.360740,-215.229980,96.629135,84.579315
684,5.700000,-0.010313,0.932595,0.003660,0.360760,-215.230820,96.629066,84.580719
685,5.708333,-0.010340,0.932627,0.003627,0.360675,-215.229416,96.630592,84.578506
686,5.716667,-0.010146,0.932655,0.003800,0.360607,-215.229935,96.630386,84.577713
687,5.725000,-0.010549,0.932386,0.003831,0.361289,-215.238403,96.635338,84.588661
688,5.733333,-0.010155,0.932536,0.003611,0.360916,-215.234756,96.629143,84.582260
689,5.741667,-0.010665,0.932386,0.003463,0.361290,-215.239426,96.634674,84.591881
690,5.750000,-0.010106,0.932508,0.003547,0.360991,-215.233704,96.629906,84.585266
691,5.758333,-0.010127,0.932567,0.003557,0.360837,-215.230255,96.629784,84.583809
692,5.766667,-0.010199,0.932568,0.003513,0.360833,-215.228485,96.631981,84.584404
693,5.775000,-0.010908,0.932400,0.003539,0.361246,-215.235001,96.638336,84.593422
694,5.783333,-0.010427,0.932518,0.003601,0.360956,-215.232300,96.632423,84.587822
695,5.791667,-0.010242,0.932638,0.003572,0.360649,-215.228851,96.630318,84.579971
696,5.800000,-0.010082,0.932588,0.003711,0.360784,-215.231750,96.630997,84.583321
697,5.808333,-0.010444,0.932556,0.003713,0.360855,-215.231842,96.637131,84.584435
698,5.816667,-0.010621,0.932630,0.003643,0.360658,-215.230011,96.641296,84.584045
699,5.825000,-0.010329,0.932649,0.003707,0.360620,-215.232376,96.645828,84.584900
700,5.833333,-0.010281,0.932631,0.003710,0.360665,-215.236618,96.651665,84.585381
701,5.841667,-0.010330,0.932665,0.003649,0.360577,-215.241745,96.658730,84.588844
702,5.850000,-0.010224,0.932642,0.003619,0.360640,-215.249451,96.666161,84.593712
703,5.858333,-0.010179,0.932623,0.003722,0.360690,-215.256668,96.671188,84.602615
704,5.866667,-0.010135,0.932586,0.003680,0.360787,-215.264053,96.672401,84.614899
705,5.875000,-0.009615,0.932402,0.003666,0.361276,-215.276764,96.666626,84.637405
706,5.883333,-0.010044,0.932109,0.003205,0.362023,-215.292191,96.665871,84.673134
707,5.891667,-0.009504,0.932319,0.002833,0.361500,-215.306137,96.650261,84.717041
708,5.900000,-0.008061,0.932404,0.004158,0.361304,-215.317566,96.617416,84.757515
709,5.908333,-0.007523,0.932203,0.004997,0.361825,-215.350845,96.580643,84.789726
710,5.916667,-0.007204,0.931990,0.005636,0.362369,-215.387589,96.550613,84.819038
711,5.925000,-0.009496,0.931723,0.007589,0.362968,-215.422363,96.514084,84.850677
712,5.933333,-0.011125,0.931639,0.007798,0.363130,-215.442566,96.508209,84.885834
713,5.941667,-0.010969,0.931514,0.007318,0.363466,-215.495224,96.491966,84.907166
714,5.950000,-0.010287,0.931259,0.007200,0.364141,-215.566376,96.466194,84.930931
715,5.958333,-0.009719,0.930880,0.007479,0.365119,-215.626495,96.439079,84.962296
716,5.966667,-0.011114,0.930407,0.007749,0.366279,-215.679169,96.429123,85.002823
717,5.975000,-0.012013,0.930028,0.007821,0.367209,-215.736908,96.408424,85.055824
718,5.983333,-0.011627,0.929698,0.007624,0.368061,-215.809326,96.374481,85.099808
719,5.991667,-0.011487,0.929450,0.007089,0.368700,-215.880295,96.344025,85.146141
720,6.000000,-0.010205,0.929251,0.006389,0.369252,-215.942795,96.322853,85.187653
721,6.008333,-0.009999,0.928826,0.006680,0.370322,-216.016739,96.306076,85.223427
722,6.016667,-0.010052,0.928405,0.006495,0.371377,-216.095993,96.285179,85.257980
723,6.025000,-0.011354,0.927838,0.005765,0.372767,-216.167282,96.277428,85.313408
724,6.033333,-0.011909,0.927401,0.005119,0.373844,-216.237823,96.259987,85.361671
725,6.041667,-0.011545,0.926893,0.005497,0.375107,-216.311432,96.233810,85.416313
726,6.050000,-0.011396,0.926718,0.005072,0.375551,-216.387482,96.210907,85.457764
727,6.058333,-0.012666,0.926620,0.005209,0.375749,-216.454056,96.203819,85.506287
728,6.066667,-0.011717,0.925998,0.004505,0.377320,-216.551666,96.195137,85.563385
729,6.075000,-0.011455,0.925526,0.004352,0.378485,-216.637848,96.182892,85.614815
730,6.083333,-0.012609,0.925232,0.003526,0.379176,-216.703842,96.186485,85.666344
731,6.091667,-0.011853,0.924650,0.002910,0.380622,-216.796280,96.173714,85.714508
732,6.100000,-0.012129,0.924028,0.002934,0.382120,-216.894608,96.170555,85.748611
733,6.108333,-0.012090,0.923337,0.003007,0.383788,-217.001724,96.165024,85.802116
734,6.116667,-0.014268,0.922996,0.001714,0.384541,-217.075439,96.186882,85.858932
735,6.125000,-0.014728,0.922763,0.000123,0.385086,-217.162109,96.206367,85.922012
736,6.133333,-0.014710,0.922159,-0.000643,0.386530,-217.257309,96.218498,85.964325
737,6.141667,-0.011927,0.921806,-0.002974,0.387456,-217.348892,96.248184,86.000809
738,6.150000,-0.011253,0.921093,-0.004166,0.389159,-217.460464,96.257935,86.049255
739,6.158333,-0.011650,0.920730,-0.005482,0.389988,-217.551392,96.283356,86.104912
740,6.166667,-0.012957,0.920064,-0.006811,0.391495,-217.653732,96.318108,86.153824
741,6.175000,-0.014695,0.919740,-0.007886,0.392173,-217.748978,96.352203,86.203125
742,6.183333,-0.016086,0.919253,-0.008398,0.393249,-217.853470,96.364075,86.236954
743,6.191667,-0.016045,0.918521,-0.008115,0.394964,-217.973495,96.354668,86.274986
744,6.200000,-0.016964,0.917735,-0.008176,0.396748,-218.083374,96.368469,86.310951
745,6.208333,-0.018016,0.917329,-0.008723,0.397626,-218.180771,96.376801,86.344940
746,6.216667,-0.018279,0.917026,-0.009862,0.398286,-218.283508,96.381340,86.375801
747,6.225000,-0.019399,0.916448,-0.010482,0.399546,-218.381744,96.383987,86.409775
748,6.233333,-0.020581,0.915680,-0.010847,0.401233,-218.494675,96.379150,86.455414
749,6.241667,-0.020863,0.915578,-0.012260,0.401412,-218.595459,96.368286,86.503090
750,6.250000,-0.019620,0.914736,-0.012289,0.403389,-218.695923,96.332542,86.553802
751,6.258333,-0.019292,0.913873,-0.011753,0.405370,-218.816925,96.301315,86.583649
752,6.266667,-0.019604,0.913327,-0.011699,0.406588,-218.931839,96.281418,86.613594
753,6.275000,-0.019460,0.912643,-0.011944,0.408120,-219.050385,96.259949,86.643082
754,6.283333,-0.019185,0.912089,-0.012565,0.409350,-219.158646,96.241982,86.672409
755,6.291667,-0.019603,0.911554,-0.012757,0.410515,-219.272095,96.220749,86.708878
756,6.300000,-0.018583,0.911284,-0.013076,0.411150,-219.385880,96.188530,86.751633
757,6.308333,-0.018534,0.910513,-0.012530,0.412875,-219.505310,96.152039,86.780434
758,6.316667,-0.018607,0.909771,-0.012281,0.414512,-219.627960,96.116554,86.805351
759,6.325000,-0.019321,0.908873,-0.012135,0.416448,-219.746307,96.090042,86.844940
760,6.333333,-0.019828,0.908263,-0.012305,0.417749,-219.851105,96.065659,86.882843
761,6.341667,-0.020454,0.907743,-0.012150,0.418852,-219.962738,96.046227,86.916565
762,6.350000,-0.021405,0.907473,-0.012446,0.419381,-220.059586,96.033981,86.943977
763,6.358333,-0.018582,0.906737,-0.012234,0.421110,-220.166824,95.991066,86.972519
764,6.366667,-0.015416,0.905622,-0.014553,0.423555,-220.304276,95.987320,86.985664
765,6.375000,-0.013774,0.905244,-0.014933,0.424406,-220.412994,95.961815,87.022057
766,6.383333,-0.014106,0.904520,-0.014690,0.425946,-220.547058,95.923462,87.066719
767,6.391667,-0.014477,0.903989,-0.014774,0.427055,-220.665161,95.882492,87.091377
768,6.400000,-0.017315,0.903458,-0.012467,0.428144,-220.780304,95.842628,87.121498
769,6.408333,-0.015996,0.902432,-0.014300,0.430299,-220.926025,95.828400,87.142937
770,6.416667,-0.015584,0.901840,-0.014980,0.431530,-221.036499,95.804565,87.169586
771,6.425000,-0.014645,0.901258,-0.014897,0.432780,-221.155640,95.781929,87.189346
772,6.433333,-0.014193,0.900552,-0.014819,0.434263,-221.288483,95.756126,87.202927
773,6.441667,-0.013099,0.899878,-0.015601,0.435666,-221.438171,95.723305,87.227409
774,6.450000,-0.014210,0.899007,-0.013670,0.437490,-221.578430,95.701828,87.258720
775,6.458333,-0.015308,0.898083,-0.013777,0.439343,-221.713516,95.669228,87.285805
776,6.466667,-0.015681,0.897490,-0.014362,0.440523,-221.842331,95.635269,87.300400
777,6.475000,-0.015563,0.897062,-0.014225,0.441401,-221.954163,95.597832,87.340828
778,6.483333,-0.015219,0.896460,-0.014691,0.442620,-222.088287,95.563736,87.362061
779,6.491667,-0.014368,0.895374,-0.014410,0.444850,-222.237579,95.530815,87.356949
780,6.500000,-0.014517,0.894337,-0.015712,0.446883,-222.380402,95.494431,87.377129
781,6.508333,-0.014003,0.893663,-0.013981,0.448303,-222.514755,95.473900,87.397316
782,6.516667,-0.014481,0.892927,-0.014546,0.449734,-222.654892,95.462326,87.425072
783,6.525000,-0.015619,0.892380,-0.016046,0.450728,-222.793793,95.424652,87.428963
784,6.533333,-0.015521,0.891560,-0.015617,0.452368,-222.929886,95.383453,87.439758
785,6.541667,-0.015985,0.891377,-0.015726,0.452708,-223.035263,95.350380,87.473328
786,6.550000,-0.016586,0.890766,-0.014360,0.453933,-223.167542,95.330772,87.499886
787,6.558333,-0.015445,0.889571,-0.014944,0.456291,-223.314499,95.288872,87.515221
788,6.566667,-0.016390,0.889035,-0.014091,0.457329,-223.451828,95.285149,87.526009
789,6.575000,-0.016277,0.887981,-0.015150,0.459342,-223.588089,95.252609,87.529839
790,6.583333,-0.016656,0.887169,-0.015389,0.460888,-223.728210,95.238815,87.513741
791,6.591667,-0.016103,0.886223,-0.016257,0.462694,-223.854965,95.193268,87.509201
792,6.600000,-0.015584,0.886011,-0.017112,0.463087,-223.959702,95.160675,87.533424
793,6.608333,-0.016187,0.885427,-0.017103,0.464182,-224.087173,95.129616,87.550499
794,6.616667,-0.016789,0.884718,-0.016635,0.465527,-224.226028,95.091789,87.556519
795,6.625000,-0.017766,0.883671,-0.016216,0.467489,-224.364944,95.061920,87.566589
796,6.633333,-0.018162,0.882920,-0.015882,0.468903,-224.497086,95.031097,87.583694
797,6.641667,-0.017733,0.881833,-0.015118,0.470986,-224.636536,94.988495,87.579384
798,6.650000,-0.017102,0.880985,-0.014275,0.472619,-224.772827,94.946106,87.570099
799,6.658333,-0.016180,0.880857,-0.014606,0.472880,-224.898361,94.909744,87.576401
800,6.666667,-0.016005,0.880168,-0.014784,0.474162,-225.021530,94.876984,87.581863
801,6.675000,-0.016039,0.878978,-0.015522,0.476340,-225.161102,94.849045,87.586281
802,6.683333,-0.012815,0.877705,-0.017490,0.478711,-225.311234,94.841209,87.573570
803,6.691667,-0.012795,0.877077,-0.016179,0.479908,-225.438278,94.827965,87.569275
804,6.700000,-0.012460,0.876208,-0.016066,0.481504,-225.584412,94.783966,87.574516
805,6.708333,-0.011953,0.875730,-0.016680,0.482365,-225.711197,94.753372,87.587021
806,6.716667,-0.012008,0.874707,-0.015598,0.484252,-225.865936,94.710709,87.572853
807,6.725000,-0.013307,0.874310,-0.015471,0.484939,-225.988510,94.673210,87.571754
808,6.733333,-0.013283,0.873312,-0.014828,0.486754,-226.132324,94.634125,87.561333
809,6.741667,-0.013227,0.872382,-0.015484,0.488400,-226.258179,94.605080,87.561188
810,6.750000,-0.012822,0.871665,-0.015632,0.489685,-226.390121,94.570366,87.556190
811,6.758333,-0.013083,0.871173,-0.013499,0.490616,-226.512268,94.551544,87.536446
812,6.766667,-0.013160,0.870568,-0.013508,0.491686,-226.645081,94.516708,87.513924
813,6.775000,-0.013546,0.869813,-0.014659,0.492978,-226.748993,94.477852,87.508171
814,6.783333,-0.013639,0.869113,-0.012521,0.494266,-226.858475,94.466805,87.509300
815,6.791667,-0.012702,0.868041,-0.011787,0.496190,-226.987274,94.429291,87.483932
816,6.800000,-0.013673,0.867700,-0.011802,0.496760,-227.076385,94.408813,87.473259
817,6.808333,-0.012935,0.866958,-0.011123,0.498089,-227.193420,94.367249,87.451508
818,6.816667,-0.011932,0.865938,-0.010399,0.499901,-227.304718,94.325699,87.423615
819,6.825000,-0.013365,0.865527,-0.010770,0.500567,-227.378769,94.313499,87.419617
820,6.833333,-0.013024,0.864848,-0.010505,0.501756,-227.474030,94.285789,87.396912
821,6.841667,-0.012462,0.864286,-0.010267,0.502741,-227.586792,94.246071,87.369568
822,6.850000,-0.012686,0.863922,-0.010521,0.503357,-227.660080,94.215843,87.355598
823,6.858333,-0.011971,0.862505,-0.009658,0.505815,-227.780106,94.166222,87.318832
824,6.866667,-0.011371,0.862182,-0.008934,0.506392,-227.869034,94.114807,87.302475
825,6.875000,-0.011041,0.861845,-0.009562,0.506962,-227.961731,94.053520,87.283165
826,6.883333,-0.010858,0.861321,-0.007570,0.507888,-228.058411,94.015343,87.260422
827,6.891667,-0.012438,0.861187,-0.007235,0.508084,-228.118652,93.997917,87.255508
828,6.900000,-0.012575,0.860590,-0.006661,0.509099,-228.216248,93.965706,87.234108
829,6.908333,-0.011501,0.859726,-0.006198,0.510589,-228.311874,93.931961,87.207504
830,6.916667,-0.009896,0.859274,-0.006073,0.511384,-228.407745,93.905258,87.184441
831,6.925000,-0.010155,0.858538,-0.005216,0.512622,-228.487640,93.869522,87.155983
832,6.933333,-0.009513,0.857914,-0.004578,0.513685,-228.570312,93.839684,87.131409
833,6.941667,-0.008731,0.857353,-0.004048,0.514639,-228.658264,93.822159,87.125923
834,6.950000,-0.008335,0.857083,-0.004906,0.515087,-228.706146,93.824661,87.123848
835,6.958333,-0.006350,0.855845,-0.005514,0.517165,-228.791595,93.815269,87.102516
836,6.966667,-0.003948,0.854754,-0.005338,0.518991,-228.885056,93.797218,87.064110
837,6.975000,-0.003617,0.853879,-0.006525,0.520418,-228.983658,93.790512,87.033623
838,6.983333,-0.006328,0.852508,-0.009515,0.522589,-229.103500,93.801758,87.035683
839,6.991667,-0.007954,0.852129,-0.009557,0.523184,-229.191467,93.779541,87.017326
840,7.000000,-0.009757,0.851654,-0.009124,0.523934,-229.276138,93.760315,87.008736
841,7.008333,-0.009647,0.851081,-0.008574,0.524876,-229.369492,93.739563,86.998718
842,7.016667,-0.008632,0.850711,-0.008000,0.525501,-229.452988,93.715347,86.983391
843,7.025000,-0.007423,0.850556,-0.007801,0.525775,-229.536911,93.694511,86.969612
844,7.033333,-0.007313,0.849405,-0.008966,0.527614,-229.634735,93.696556,86.951721
845,7.041667,-0.007797,0.848816,-0.009998,0.528537,-229.712463,93.698616,86.936699
846,7.050000,-0.008540,0.847950,-0.009725,0.529918,-229.809738,93.680351,86.920250
847,7.058333,-0.008156,0.847257,-0.008492,0.531053,-229.905518,93.652550,86.907394
848,7.066667,-0.008073,0.847312,-0.008080,0.530973,-229.983765,93.633194,86.902458
849,7.075000,-0.009094,0.846592,-0.008241,0.532101,-230.079056,93.613106,86.886253
850,7.083333,-0.009901,0.846105,-0.008995,0.532848,-230.159683,93.599129,86.874077
851,7.091667,-0.009503,0.845420,-0.009640,0.533930,-230.247955,93.590736,86.856133
852,7.100000,-0.008630,0.844978,-0.008407,0.534665,-230.329727,93.588509,86.839867
853,7.108333,-0.009749,0.844033,-0.008883,0.536128,-230.416580,93.598183,86.839203
854,7.116667,-0.008915,0.843358,-0.008739,0.537207,-230.492050,93.589157,86.824821
855,7.125000,-0.010065,0.842419,-0.009840,0.538638,-230.570511,93.588821,86.800514
856,7.133333,-0.011279,0.841959,-0.010992,0.539311,-230.642014,93.585777,86.780952
857,7.141667,-0.012522,0.841599,-0.011367,0.539838,-230.720612,93.577621,86.767311
858,7.150000,-0.013166,0.841481,-0.011577,0.540002,-230.792099,93.564560,86.746933
859,7.158333,-0.011415,0.840960,-0.010238,0.540881,-230.873352,93.534996,86.739616
860,7.166667,-0.010152,0.840712,-0.009040,0.541312,-230.939621,93.508171,86.731110
861,7.175000,-0.009067,0.839902,-0.008487,0.542596,-231.019012,93.483582,86.723259
862,7.183333,-0.008590,0.839580,-0.008523,0.543102,-231.092194,93.464325,86.712585
863,7.191667,-0.010261,0.838494,-0.010197,0.544719,-231.197449,93.456581,86.666832
864,7.200000,-0.010855,0.837681,-0.010128,0.545959,-231.288773,93.439728,86.637512
865,7.208333,-0.011512,0.837554,-0.010777,0.546126,-231.355118,93.437996,86.614449
866,7.216667,-0.010592,0.836623,-0.010671,0.547572,-231.441971,93.422249,86.596397
867,7.225000,-0.008042,0.835730,-0.010571,0.548979,-231.521851,93.400261,86.579201
868,7.233333,-0.009425,0.835311,-0.010893,0.549589,-231.587936,93.389679,86.556526
869,7.241667,-0.011078,0.835622,-0.011660,0.549070,-231.640045,93.382111,86.536438
870,7.250000,-0.010677,0.834940,-0.010206,0.550143,-231.718628,93.347054,86.518677
871,7.258333,-0.010079,0.834207,-0.008612,0.551292,-231.797028,93.310349,86.504745
872,7.266667,-0.010564,0.833642,-0.008352,0.552141,-231.869461,93.283180,86.488518
873,7.275000,-0.013091,0.834249,-0.009573,0.551149,-231.897186,93.279831,86.481735
874,7.283333,-0.014893,0.833476,-0.009459,0.552274,-231.966751,93.262550,86.464394
875,7.291667,-0.015401,0.832982,-0.008284,0.553023,-232.032516,93.230995,86.456696
876,7.300000,-0.014934,0.832530,-0.007072,0.553733,-232.102127,93.202095,86.448120
877,7.308333,-0.014481,0.832101,-0.006570,0.554397,-232.166428,93.183525,86.435654
878,7.316667,-0.014328,0.832412,-0.006844,0.553930,-232.207779,93.179901,86.425827
879,7.325000,-0.013619,0.831592,-0.006771,0.555178,-232.288940,93.154671,86.397209
880,7.333333,-0.012949,0.830749,-0.006557,0.556458,-232.365417,93.124161,86.372169
881,7.341667,-0.012555,0.830620,-0.007434,0.556649,-232.412964,93.115509,86.352211
882,7.350000,-0.009518,0.829019,-0.007401,0.559090,-232.516815,93.082321,86.302338
883,7.358333,-0.008763,0.828099,-0.006906,0.560472,-232.627136,93.025955,86.263199
884,7.366667,-0.008874,0.827620,-0.007056,0.561174,-232.722778,92.973625,86.228523
885,7.375000,-0.008109,0.826757,-0.005866,0.562471,-232.836075,92.909073,86.188171
886,7.383333,-0.008119,0.825865,-0.004104,0.563795,-232.944183,92.852280,86.153656
887,7.391667,-0.008458,0.825312,-0.003671,0.564602,-233.060974,92.810776,86.106468
888,7.400000,-0.009730,0.824496,-0.003705,0.565772,-233.167892,92.783493,86.060768
889,7.408333,-0.010163,0.823558,-0.002958,0.567133,-233.282730,92.763100,86.012909
890,7.416667,-0.009906,0.822897,-0.002943,0.568097,-233.398468,92.752365,85.961609
891,7.425000,-0.009143,0.821788,-0.002832,0.569713,-233.520172,92.731895,85.911293
892,7.433333,-0.008812,0.820669,-0.003297,0.571326,-233.640167,92.717804,85.853455
893,7.441667,-0.007634,0.819718,-0.002419,0.572712,-233.763077,92.695122,85.797050
894,7.450000,-0.007647,0.818680,-0.002205,0.574195,-233.899994,92.705154,85.732948
895,7.458333,-0.007158,0.817557,-0.001506,0.575801,-234.022491,92.700562,85.685318
896,7.466667,-0.008863,0.816731,-0.001187,0.576949,-234.142548,92.704384,85.631866
897,7.475000,-0.008839,0.815671,-0.001212,0.578447,-234.253479,92.711151,85.580368
898,7.483333,-0.008643,0.814728,-0.001725,0.579777,-234.363052,92.720596,85.521141
899,7.491667,-0.008209,0.814112,-0.002026,0.580646,-234.462311,92.722832,85.483566
900,7.500000,-0.008902,0.813555,-0.002561,0.581414,-234.550125,92.711205,85.443047
901,7.508333,-0.009515,0.812845,-0.002181,0.582399,-234.629303,92.692924,85.409164
902,7.516667,-0.010209,0.812594,-0.001993,0.582737,-234.720093,92.690071,85.372200
903,7.525000,-0.011313,0.812248,-0.001686,0.583200,-234.799789,92.687889,85.333626
904,7.533333,-0.012385,0.811776,-0.000886,0.583837,-234.876633,92.681168,85.301987
905,7.541667,-0.013123,0.811171,-0.001181,0.584660,-234.953720,92.690620,85.262459
906,7.550000,-0.011135,0.810341,-0.002758,0.585846,-235.026260,92.716637,85.218994
907,7.558333,-0.008244,0.809952,-0.003603,0.586427,-235.088943,92.726379,85.187065
908,7.566667,-0.007501,0.809825,-0.003721,0.586612,-235.141663,92.717705,85.150818
909,7.575000,-0.007099,0.809796,-0.001550,0.586667,-235.191528,92.708221,85.119942
910,7.583333,-0.007519,0.809562,-0.000601,0.586985,-235.245132,92.699554,85.093758
911,7.591667,-0.007693,0.809414,-0.000587,0.587188,-235.295700,92.692635,85.071022
912,7.600000,-0.007459,0.809359,-0.000559,0.587266,-235.343796,92.695717,85.046814
913,7.608333,-0.007348,0.809068,-0.000285,0.587669,-235.386322,92.696587,85.015190
914,7.616667,-0.007054,0.808684,-0.000082,0.588201,-235.425446,92.691681,84.995636
915,7.625000,-0.006939,0.808232,0.000068,0.588823,-235.461777,92.684494,84.980652
916,7.633333,-0.007073,0.807922,0.000839,0.589247,-235.492493,92.678658,84.975685
917,7.641667,-0.005742,0.807872,0.002479,0.589325,-235.508820,92.655441,84.976624
918,7.650000,-0.004541,0.807645,0.003538,0.589641,-235.526566,92.638824,84.970131
919,7.658333,-0.003820,0.807287,0.004078,0.590133,-235.548050,92.632469,84.955574
920,7.666667,-0.002838,0.806706,0.004646,0.590928,-235.563568,92.624283,84.937859
921,7.675000,-0.002186,0.806524,0.004308,0.591181,-235.565262,92.621605,84.918915
922,7.683333,-0.001786,0.806701,0.003406,0.590947,-235.560226,92.611404,84.904015
923,7.691667,-0.002386,0.806495,0.002175,0.591232,-235.544937,92.585197,84.873421
924,7.700000,-0.003973,0.805908,-0.001167,0.592026,-235.536026,92.551437,84.869438
925,7.708333,-0.002622,0.805834,-0.002486,0.592131,-235.506271,92.542168,84.867744
926,7.716667,-0.000336,0.805934,-0.001678,0.592002,-235.473221,92.515579,84.882126
927,7.725000,0.001422,0.806017,-0.001043,0.591890,-235.436386,92.505234,84.910255
928,7.733333,0.002807,0.805661,-0.000707,0.592370,-235.407639,92.501160,84.942093
929,7.741667,0.004068,0.805731,-0.000127,0.592268,-235.385773,92.496170,84.969864
930,7.750000,0.005403,0.805866,0.000370,0.592073,-235.367447,92.486374,84.994003
931,7.758333,0.006572,0.806452,0.000648,0.591263,-235.364700,92.484535,85.028610
932,7.766667,0.007226,0.806879,0.001193,0.590671,-235.367920,92.482277,85.058334
933,7.775000,0.007755,0.806640,0.001989,0.590990,-235.371902,92.480591,85.088936
934,7.783333,0.009935,0.806278,0.003327,0.591444,-235.372192,92.464447,85.124535
935,7.791667,0.011599,0.806103,0.005135,0.591639,-235.381699,92.454491,85.162872
936,7.800000,0.012469,0.805908,0.006478,0.591875,-235.393524,92.454407,85.213547
937,7.808333,0.013591,0.806217,0.007733,0.591413,-235.400208,92.452988,85.262451
938,7.816667,0.013657,0.806737,0.009699,0.590674,-235.414078,92.444748,85.326439
939,7.825000,0.014070,0.806501,0.011777,0.590948,-235.444214,92.435593,85.380348
940,7.833333,0.014264,0.806027,0.013494,0.591553,-235.487228,92.427078,85.429466
941,7.841667,0.013772,0.805905,0.014593,0.591705,-235.539581,92.423569,85.493965
942,7.850000,0.014444,0.805820,0.016592,0.591752,-235.585236,92.414978,85.569992
943,7.858333,0.016118,0.805727,0.020305,0.591719,-235.617203,92.408752,85.647476
944,7.866667,0.018523,0.805751,0.023236,0.591509,-235.630112,92.413353,85.724640
945,7.875000,0.020224,0.807209,0.025867,0.589352,-235.624954,92.411606,85.805458
946,7.883333,0.018542,0.809195,0.028452,0.586558,-235.616226,92.393707,85.878960
947,7.891667,0.019858,0.811100,0.029345,0.583834,-235.616486,92.393318,85.928001
948,7.900000,0.019871,0.812820,0.029438,0.581432,-235.620468,92.394676,85.952042
949,7.908333,0.019799,0.814383,0.029545,0.579238,-235.630585,92.396080,85.954269
950,7.916667,0.019352,0.815544,0.030582,0.577563,-235.643463,92.400848,85.943130
951,7.925000,0.018818,0.816354,0.030740,0.576427,-235.656815,92.400108,85.926140
952,7.933333,0.018616,0.816882,0.030294,0.575709,-235.663986,92.399269,85.905495
953,7.941667,0.018104,0.817231,0.029479,0.575272,-235.662872,92.400536,85.884575
954,7.950000,0.018090,0.817425,0.028376,0.575051,-235.651321,92.399666,85.857391
955,7.958333,0.017227,0.817659,0.026796,0.574820,-235.626389,92.405594,85.820427
956,7.966667,0.015440,0.816884,0.023889,0.576101,-235.587784,92.391838,85.777168
957,7.975000,0.015533,0.816410,0.021466,0.576864,-235.550171,92.392723,85.734070
958,7.983333,0.017154,0.816091,0.020451,0.577306,-235.512833,92.384460,85.670593
959,7.991667,0.020170,0.815733,0.018899,0.577768,-235.484787,92.397133,85.599388
960,8.000000,0.021890,0.814834,0.016641,0.579042,-235.464340,92.413902,85.535423
961,8.008333,0.021897,0.814441,0.014489,0.579652,-235.452393,92.426338,85.494492
962,8.016667,0.020905,0.814261,0.013386,0.579967,-235.457657,92.434105,85.464951
963,8.025000,0.019632,0.814035,0.012864,0.580342,-235.477112,92.436783,85.441605
964,8.033333,0.017676,0.813739,0.012562,0.580826,-235.508774,92.441322,85.420273
965,8.041667,0.016074,0.813508,0.013173,0.581183,-235.544159,92.438606,85.407684
966,8.050000,0.014800,0.813652,0.015690,0.580952,-235.575912,92.441872,85.400414
967,8.058333,0.014229,0.813759,0.017131,0.580776,-235.597015,92.438332,85.407661
968,8.066667,0.014570,0.813689,0.017744,0.580846,-235.602264,92.432312,85.430443
969,8.075000,0.016118,0.813476,0.019102,0.581061,-235.593704,92.424919,85.461578
970,8.083333,0.017880,0.813346,0.019896,0.581165,-235.574203,92.422485,85.504707
971,8.091667,0.020498,0.813093,0.019441,0.581448,-235.541824,92.413147,85.569962
972,8.100000,0.019129,0.813039,0.018472,0.581602,-235.515305,92.434074,85.666191
973,8.108333,0.021216,0.813324,0.019379,0.581101,-235.481079,92.427208,85.716438
974,8.116667,0.019082,0.813518,0.021001,0.580848,-235.450699,92.405006,85.755798
975,8.125000,0.019596,0.813625,0.021384,0.580667,-235.428589,92.404236,85.788879
976,8.133333,0.022304,0.813363,0.020843,0.580956,-235.406677,92.418159,85.805489
977,8.141667,0.020799,0.813324,0.021344,0.581048,-235.386276,92.412384,85.821060
978,8.150000,0.022517,0.813049,0.020601,0.581394,-235.375000,92.421997,85.817459
979,8.158333,0.020688,0.812959,0.020706,0.581585,-235.367508,92.413101,85.809311
980,8.166667,0.021851,0.812737,0.019703,0.581887,-235.369446,92.419945,85.787117
981,8.175000,0.018525,0.812435,0.019095,0.582445,-235.382462,92.420540,85.757523
982,8.183333,0.022173,0.812273,0.018504,0.582562,-235.388351,92.400322,85.684982
983,8.191667,0.025102,0.811933,0.017339,0.582953,-235.406586,92.404297,85.630409
984,8.200000,0.024790,0.811923,0.017157,0.582986,-235.435562,92.412254,85.594650
985,8.208333,0.023117,0.811929,0.017208,0.583045,-235.479004,92.416069,85.577599
986,8.216667,0.020968,0.812162,0.020149,0.582706,-235.538437,92.434662,85.556374
987,8.225000,0.019651,0.812096,0.021617,0.582792,-235.595612,92.438873,85.556633
988,8.233333,0.018461,0.811979,0.022373,0.582966,-235.633560,92.438469,85.557922
989,8.241667,0.017846,0.811885,0.022565,0.583108,-235.658890,92.434219,85.565338
990,8.250000,0.017329,0.811672,0.022480,0.583423,-235.669754,92.437225,85.575439
991,8.258333,0.017389,0.811473,0.022384,0.583703,-235.660034,92.436310,85.582031
992,8.266667,0.017995,0.811357,0.022279,0.583849,-235.632294,92.435318,85.589035
993,8.275000,0.019320,0.811274,0.022098,0.583929,-235.589630,92.427132,85.589165
994,8.283333,0.018348,0.810751,0.018716,0.584805,-235.544769,92.439865,85.611633
995,8.291667,0.019784,0.810970,0.017238,0.584499,-235.486465,92.437233,85.609932
996,8.300000,0.023455,0.811263,0.016748,0.583970,-235.429001,92.415108,85.610809
997,8.308333,0.025634,0.811307,0.016341,0.583829,-235.392334,92.409286,85.625992
998,8.316667,0.027050,0.811254,0.016248,0.583842,-235.370392,92.409103,85.650948
999,8.325000,0.027800,0.811309,0.016751,0.583715,-235.364777,92.412041,85.682915
1000,8.333333,0.025629,0.810923,0.017049,0.584342,-235.383682,92.446396,85.728851
1001,8.341667,0.024470,0.811618,0.018890,0.583369,-235.390167,92.432716,85.755249
1002,8.350000,0.021153,0.812160,0.020466,0.582692,-235.402466,92.412498,85.767426
1003,8.358333,0.019363,0.812192,0.021002,0.582691,-235.428802,92.403793,85.760796
1004,8.366667,0.020225,0.812042,0.020599,0.582885,-235.451920,92.411942,85.746773
1005,8.375000,0.017496,0.811971,0.021156,0.583052,-235.467316,92.401108,85.724869
1006,8.383333,0.016584,0.811438,0.020141,0.583856,-235.499359,92.427757,85.694229
1007,8.391667,0.018499,0.810830,0.019163,0.584676,-235.520645,92.441666,85.645607
1008,8.400000,0.018500,0.810683,0.017796,0.584923,-235.533768,92.450920,85.602135
1009,8.408333,0.017491,0.810725,0.016742,0.584926,-235.544754,92.454369,85.558495
1010,8.416667,0.018204,0.811086,0.017280,0.584389,-235.544769,92.433372,85.514893
1011,8.425000,0.017855,0.811232,0.017585,0.584187,-235.545425,92.417770,85.486008
1012,8.433333,0.017049,0.811367,0.017494,0.584027,-235.535568,92.411110,85.473381
1013,8.441667,0.016778,0.811372,0.017058,0.584041,-235.510880,92.410706,85.474846
1014,8.450000,0.017565,0.811530,0.016925,0.583801,-235.480026,92.407402,85.485847
1015,8.458333,0.019302,0.811715,0.016690,0.583497,-235.457474,92.409370,85.503349
1016,8.466667,0.021144,0.811856,0.016760,0.583234,-235.447144,92.412170,85.526398
1017,8.475000,0.022651,0.811961,0.017532,0.583009,-235.444885,92.411720,85.555664
1018,8.483333,0.023748,0.811939,0.018161,0.582977,-235.456421,92.413208,85.593681
1019,8.491667,0.017991,0.812333,0.019339,0.582595,-235.479065,92.428696,85.670860
1020,8.500000,0.017572,0.812912,0.021126,0.581738,-235.498230,92.418320,85.710449
1021,8.508333,0.017154,0.813101,0.022389,0.581439,-235.531357,92.406342,85.729942
1022,8.516667,0.016194,0.813162,0.023539,0.581336,-235.562515,92.395012,85.742508
1023,8.525000,0.015967,0.813148,0.024399,0.581326,-235.575394,92.389732,85.755280
1024,8.533333,0.016420,0.813082,0.024633,0.581396,-235.568314,92.390564,85.766243
1025,8.541667,0.016609,0.812971,0.024642,0.581546,-235.556839,92.392555,85.771240
1026,8.550000,0.017005,0.812837,0.024197,0.581739,-235.544205,92.396690,85.770332
1027,8.558333,0.016693,0.812756,0.023678,0.581883,-235.534958,92.399940,85.758240
1028,8.566667,0.016390,0.812731,0.023148,0.581948,-235.529846,92.401276,85.740456
1029,8.575000,0.015891,0.812698,0.022553,0.582032,-235.524719,92.402992,85.710747
1030,8.583333,0.015725,0.812052,0.020608,0.583010,-235.530594,92.429909,85.671501
1031,8.591667,0.018427,0.811378,0.018822,0.583928,-235.523605,92.441483,85.618393
1032,8.600000,0.020792,0.811919,0.018298,0.583113,-235.491776,92.425919,85.559258
1033,8.608333,0.021557,0.812180,0.017299,0.582752,-235.468933,92.419937,85.518105
1034,8.616667,0.021154,0.812310,0.016102,0.582620,-235.454300,92.419304,85.491234
1035,8.625000,0.020501,0.812441,0.015046,0.582489,-235.448593,92.420692,85.474144
1036,8.633333,0.019545,0.812531,0.014401,0.582412,-235.456223,92.423538,85.463974
1037,8.641667,0.019146,0.812685,0.014691,0.582203,-235.470612,92.421623,85.457382
1038,8.650000,0.018701,0.812587,0.015261,0.582340,-235.486572,92.423370,85.467422
1039,8.658333,0.018862,0.812669,0.016277,0.582193,-235.486984,92.418961,85.482704
1040,8.666667,0.019340,0.812650,0.017228,0.582176,-235.477921,92.413857,85.507881
1041,8.675000,0.020887,0.812556,0.017938,0.582233,-235.470657,92.409416,85.541328
1042,8.683333,0.022421,0.812523,0.018306,0.582210,-235.472900,92.410591,85.580856
1043,8.691667,0.021556,0.812015,0.018354,0.582949,-235.495071,92.445442,85.643669
1044,8.700000,0.018883,0.812964,0.020852,0.581634,-235.492584,92.422157,85.698212
1045,8.708333,0.018243,0.813305,0.021965,0.581137,-235.507797,92.415306,85.728470
1046,8.716667,0.017369,0.813417,0.022928,0.580969,-235.532120,92.406258,85.744682
1047,8.725000,0.016460,0.813354,0.023828,0.581049,-235.556625,92.398895,85.750275
1048,8.733333,0.016090,0.813314,0.024265,0.581096,-235.565643,92.394547,85.753174
1049,8.741667,0.016220,0.813303,0.024071,0.581116,-235.557480,92.394432,85.754417
1050,8.750000,0.016359,0.813269,0.023822,0.581170,-235.548065,92.397018,85.751656
1051,8.758333,0.016152,0.813179,0.023207,0.581326,-235.538651,92.400200,85.737663
1052,8.766667,0.015865,0.813119,0.022679,0.581440,-235.531372,92.401794,85.716339
1053,8.775000,0.013924,0.812879,0.021366,0.581874,-235.534592,92.419769,85.696060
1054,8.783333,0.015667,0.812306,0.020131,0.582674,-235.530548,92.425522,85.648674
1055,8.791667,0.020036,0.812230,0.019279,0.582674,-235.504944,92.418678,85.579872
1056,8.800000,0.021317,0.812492,0.017969,0.582305,-235.480164,92.416618,85.539108
1057,8.808333,0.021711,0.812618,0.016582,0.582156,-235.460312,92.419823,85.513397
1058,8.816667,0.021384,0.812797,0.015556,0.581946,-235.452026,92.422684,85.495972
1059,8.825000,0.020661,0.812971,0.015154,0.581740,-235.460205,92.424736,85.486717
1060,8.833333,0.020094,0.813148,0.015235,0.581510,-235.476868,92.426399,85.481079
1061,8.841667,0.019803,0.813194,0.016028,0.581435,-235.490936,92.421791,85.486046
1062,8.850000,0.019831,0.813112,0.016853,0.581525,-235.492111,92.416420,85.500870
1063,8.858333,0.020347,0.813068,0.017714,0.581543,-235.483932,92.412300,85.524986
1064,8.866667,0.021900,0.812886,0.018312,0.581722,-235.475021,92.408249,85.560135
1065,8.875000,0.019219,0.813523,0.019608,0.580884,-235.473587,92.390320,85.619942
1066,8.883333,0.016110,0.813496,0.020168,0.580998,-235.495071,92.416985,85.680481
1067,8.891667,0.014893,0.813410,0.021313,0.581109,-235.514313,92.421745,85.708427
1068,8.900000,0.015970,0.813574,0.022452,0.580808,-235.517288,92.405121,85.721687
1069,8.908333,0.016187,0.813622,0.022947,0.580716,-235.528091,92.400467,85.731003
1070,8.916667,0.016088,0.813690,0.023122,0.580616,-235.540741,92.397217,85.736473
1071,8.925000,0.015910,0.813725,0.025297,0.580482,-235.552673,92.408524,85.728477
1072,8.933333,0.015498,0.813580,0.024076,0.580748,-235.548859,92.403160,85.722404
1073,8.941667,0.015704,0.813535,0.022597,0.580864,-235.530090,92.397232,85.712448
1074,8.950000,0.015915,0.813469,0.021756,0.580983,-235.510971,92.400101,85.696510
1075,8.958333,0.016658,0.812771,0.020147,0.581996,-235.503082,92.427048,85.669968
1076,8.966667,0.017447,0.813106,0.020646,0.581487,-235.471512,92.396309,85.628044
1077,8.975000,0.019899,0.812896,0.019246,0.581751,-235.457870,92.399063,85.578773
1078,8.983333,0.021565,0.812625,0.017734,0.582118,-235.448929,92.410645,85.544853
1079,8.991667,0.022095,0.812521,0.016901,0.582267,-235.447403,92.416801,85.527222
1080,9.000000,0.021754,0.812567,0.016528,0.582227,-235.461761,92.419792,85.514709
1081,9.008333,0.021100,0.812606,0.016636,0.582195,-235.481476,92.421585,85.508499
1082,9.016667,0.020600,0.812627,0.017126,0.582168,-235.493347,92.420868,85.515923
1083,9.025000,0.020738,0.812685,0.017805,0.582062,-235.493652,92.415146,85.534233
1084,9.033333,0.021591,0.812561,0.018467,0.582184,-235.482574,92.411346,85.559471
1085,9.041667,0.022838,0.812521,0.018889,0.582179,-235.469696,92.410149,85.588799
1086,9.050000,0.024407,0.812403,0.019113,0.582272,-235.455795,92.412674,85.618523
1087,9.058333,0.025471,0.812367,0.019317,0.582269,-235.440445,92.417084,85.645142
1088,9.066667,0.019600,0.812754,0.019343,0.581956,-235.429596,92.426086,85.692062
1089,9.075000,0.022387,0.812060,0.018359,0.582855,-235.430237,92.440460,85.680717
1090,9.083333,0.025718,0.812071,0.018548,0.582697,-235.413193,92.419991,85.656952
1091,9.091667,0.026054,0.812036,0.018004,0.582747,-235.408737,92.413216,85.637978
1092,9.100000,0.025464,0.812130,0.017649,0.582653,-235.409729,92.411835,85.615143
1093,9.108333,0.024625,0.812162,0.017523,0.582649,-235.421066,92.412514,85.597725
1094,9.116667,0.023925,0.812112,0.017812,0.582739,-235.443253,92.412224,85.590645
1095,9.125000,0.023087,0.812107,0.018287,0.582765,-235.476685,92.413750,85.593704
1096,9.133333,0.022045,0.812014,0.018582,0.582925,-235.508347,92.419037,85.591682
1097,9.141667,0.018419,0.811604,0.020462,0.583558,-235.549408,92.464752,85.606369
1098,9.150000,0.017687,0.811556,0.021092,0.583627,-235.562683,92.468605,85.604462
1099,9.158333,0.017290,0.811652,0.021144,0.583502,-235.563492,92.466301,85.604713
1100,9.166667,0.019872,0.811910,0.019911,0.583105,-235.530121,92.426491,85.590637
1101,9.175000,0.021703,0.812038,0.018794,0.582898,-235.503357,92.408287,85.584770
1102,9.183333,0.022771,0.812176,0.018252,0.582682,-235.470871,92.406792,85.587433
1103,9.191667,0.023885,0.812106,0.017853,0.582748,-235.442322,92.409637,85.589203
1104,9.200000,0.024748,0.812149,0.017727,0.582655,-235.422211,92.409630,85.599808
1105,9.208333,0.025466,0.812125,0.017598,0.582662,-235.415771,92.409180,85.618912
1106,9.216667,0.021411,0.812909,0.019201,0.581681,-235.412933,92.391396,85.657623
1107,9.225000,0.022056,0.811903,0.017925,0.583100,-235.440704,92.439613,85.663185
1108,9.233333,0.022741,0.811525,0.018035,0.583597,-235.452133,92.451401,85.665688
1109,9.241667,0.022095,0.811736,0.018251,0.583321,-235.457275,92.448761,85.652092
1110,9.250000,0.023322,0.812110,0.018672,0.582739,-235.457855,92.426277,85.622673
1111,9.258333,0.022980,0.812193,0.018651,0.582637,-235.467239,92.418167,85.594246
1112,9.266667,0.021975,0.812222,0.017983,0.582657,-235.478348,92.418434,85.568672
1113,9.275000,0.021163,0.812199,0.017739,0.582726,-235.482407,92.418739,85.552414
1114,9.283333,0.021004,0.812205,0.017659,0.582727,-235.479706,92.417816,85.544601
1115,9.291667,0.021483,0.812353,0.018002,0.582491,-235.468246,92.411819,85.546555
1116,9.300000,0.022050,0.812405,0.018067,0.582396,-235.461838,92.409843,85.557976
1117,9.308333,0.022727,0.812451,0.018039,0.582307,-235.464996,92.411957,85.575241
1118,9.316667,0.020653,0.812031,0.017348,0.582991,-235.489349,92.443108,85.615852
1119,9.325000,0.018252,0.813023,0.020233,0.581593,-235.488251,92.406013,85.649345
1120,9.333333,0.015209,0.812955,0.020472,0.581769,-235.514038,92.420395,85.672203
1121,9.341667,0.013556,0.813036,0.021105,0.581673,-235.527344,92.413948,85.675949
1122,9.350000,0.014847,0.812745,0.020738,0.582061,-235.521103,92.419510,85.665222
1123,9.358333,0.016116,0.813167,0.021409,0.581413,-235.496231,92.392281,85.651878
1124,9.366667,0.018247,0.813007,0.020841,0.581595,-235.486084,92.389778,85.628464
1125,9.375000,0.020515,0.812582,0.019644,0.582155,-235.473297,92.403084,85.592789
1126,9.383333,0.021746,0.812445,0.018210,0.582347,-235.464142,92.413780,85.573738
1127,9.391667,0.022570,0.812463,0.017561,0.582311,-235.463379,92.416237,85.563728
1128,9.400000,0.022233,0.812396,0.017332,0.582425,-235.475845,92.418304,85.566971
1129,9.408333,0.022079,0.812385,0.017707,0.582434,-235.483261,92.417633,85.575264
1130,9.416667,0.022656,0.812343,0.018512,0.582446,-235.479782,92.412781,85.590675
1131,9.425000,0.023154,0.812297,0.018838,0.582479,-235.473541,92.413788,85.611610
1132,9.433333,0.024041,0.812188,0.019080,0.582587,-235.464600,92.413612,85.623077
1133,9.441667,0.024484,0.812089,0.018963,0.582711,-235.455612,92.415627,85.628632
1134,9.450000,0.024657,0.812063,0.018684,0.582750,-235.446259,92.416046,85.627594
1135,9.458333,0.024501,0.812032,0.018411,0.582808,-235.437225,92.412163,85.616257
1136,9.466667,0.024267,0.812055,0.018179,0.582793,-235.436081,92.411926,85.607750
1137,9.475000,0.024331,0.812102,0.018144,0.582726,-235.447235,92.412399,85.607460
1138,9.483333,0.021300,0.811780,0.017187,0.583321,-235.473495,92.444229,85.626396
1139,9.491667,0.022376,0.812025,0.018368,0.582904,-235.479004,92.425865,85.611084
1140,9.500000,0.022080,0.812105,0.018694,0.582794,-235.492661,92.419983,85.593506
1141,9.508333,0.019219,0.811734,0.017368,0.583453,-235.512360,92.447594,85.594940
1142,9.516667,0.021081,0.812028,0.018172,0.582955,-235.501129,92.425110,85.586174
1143,9.525000,0.022308,0.812037,0.018928,0.582872,-235.491821,92.414650,85.601013
1144,9.533333,0.020665,0.811753,0.018166,0.583353,-235.484695,92.443695,85.620407
1145,9.541667,0.022785,0.811958,0.018306,0.582983,-235.460236,92.426834,85.620514
1146,9.550000,0.024157,0.812012,0.018361,0.582851,-235.441238,92.416939,85.616356
1147,9.558333,0.021110,0.812705,0.019272,0.581974,-235.427673,92.392723,85.639458
1148,9.566667,0.023550,0.812128,0.018455,0.582712,-235.433487,92.407700,85.636810
1149,9.575000,0.024862,0.811921,0.018286,0.582951,-235.433548,92.413673,85.629890
1150,9.583333,0.020665,0.812696,0.019340,0.582000,-235.426468,92.391960,85.638733
1151,9.591667,0.023648,0.812150,0.018451,0.582677,-235.443237,92.408218,85.618645
1152,9.600000,0.024115,0.811999,0.018284,0.582874,-235.455673,92.414429,85.608971
1153,9.608333,0.023307,0.812104,0.018383,0.582757,-235.467987,92.416977,85.596519
1154,9.616667,0.022488,0.812165,0.018340,0.582705,-235.485580,92.417320,85.586998
1155,9.625000,0.022116,0.812045,0.018331,0.582887,-235.500244,92.418274,85.589066
1156,9.633333,0.019651,0.811747,0.017617,0.583413,-235.513489,92.440720,85.605301
1157,9.641667,0.019548,0.811591,0.018112,0.583618,-235.512451,92.444786,85.628792
1158,9.650000,0.019935,0.811556,0.018405,0.583644,-235.498627,92.445236,85.638626
1159,9.658333,0.022854,0.811893,0.019048,0.583048,-235.473343,92.423569,85.625969
1160,9.666667,0.023819,0.811867,0.018982,0.583048,-235.462021,92.416283,85.623611
1161,9.675000,0.024097,0.811854,0.018851,0.583058,-235.449905,92.414406,85.606209
1162,9.683333,0.024067,0.811930,0.018266,0.582973,-235.446793,92.413193,85.597916
1163,9.691667,0.023781,0.811883,0.017973,0.583059,-235.456772,92.412788,85.604347
1164,9.700000,0.023758,0.811851,0.018290,0.583094,-235.469467,92.414482,85.608879
1165,9.708333,0.020788,0.811560,0.017612,0.583634,-235.495026,92.441353,85.621887
1166,9.716667,0.021367,0.811610,0.018462,0.583517,-235.503418,92.430534,85.612862
1167,9.725000,0.019535,0.811406,0.017914,0.583881,-235.519547,92.446808,85.610641
1168,9.733333,0.021280,0.811752,0.018671,0.583316,-235.508560,92.423935,85.600266
1169,9.741667,0.020128,0.811517,0.017945,0.583707,-235.507751,92.437782,85.612709
1170,9.750000,0.022095,0.811777,0.018651,0.583251,-235.485336,92.421219,85.607651
1171,9.758333,0.022897,0.811888,0.018848,0.583059,-235.467941,92.415550,85.597672
1172,9.766667,0.022991,0.811908,0.018327,0.583045,-235.459976,92.416626,85.593208
1173,9.775000,0.023106,0.811866,0.018059,0.583107,-235.461090,92.415840,85.595970
1174,9.783333,0.023115,0.811897,0.018398,0.583052,-235.469238,92.415062,85.602448
1175,9.791667,0.022744,0.811852,0.018500,0.583127,-235.481445,92.416985,85.603249
1176,9.800000,0.022368,0.811787,0.018706,0.583224,-235.491104,92.415703,85.595688
1177,9.808333,0.019498,0.811463,0.017680,0.583811,-235.508514,92.442886,85.603836
1178,9.816667,0.020873,0.811757,0.018395,0.583333,-235.498215,92.427704,85.595078
1179,9.825000,0.022144,0.811843,0.018797,0.583153,-235.488251,92.417198,85.596390
1180,9.833333,0.022698,0.811853,0.018827,0.583116,-235.472824,92.412598,85.599861
1181,9.841667,0.022852,0.811875,0.018474,0.583092,-235.460754,92.415123,85.593452
1182,9.850000,0.023048,0.811898,0.018050,0.583066,-235.455902,92.414352,85.592567
1183,9.858333,0.023324,0.811838,0.018131,0.583135,-235.461685,92.413399,85.597267
1184,9.866667,0.023183,0.811804,0.018547,0.583175,-235.469299,92.414413,85.597008
1185,9.875000,0.022526,0.811846,0.018532,0.583142,-235.477066,92.415657,85.590492
1186,9.883333,0.021998,0.811895,0.018571,0.583093,-235.481552,92.417816,85.579323
1187,9.891667,0.022079,0.811955,0.018495,0.583010,-235.477493,92.413895,85.574661
1188,9.900000,0.022262,0.811946,0.018472,0.583015,-235.471207,92.413048,85.579758
1189,9.908333,0.022624,0.811931,0.018423,0.583023,-235.468292,92.411797,85.590561
1190,9.916667,0.022943,0.811895,0.018528,0.583059,-235.467453,92.414223,85.595665
1191,9.925000,0.022570,0.811854,0.018536,0.583130,-235.468201,92.416840,85.593102
1192,9.933333,0.022401,0.811908,0.018415,0.583065,-235.469437,92.416733,85.585579
1193,9.941667,0.022328,0.811928,0.018261,0.583045,-235.474579,92.416397,85.578186
1194,9.950000,0.022273,0.811896,0.018328,0.583090,-235.475998,92.414680,85.582260
1195,9.958333,0.022422,0.811894,0.018582,0.583078,-235.470444,92.412842,85.589462
1196,9.966667,0.022705,0.811898,0.018496,0.583064,-235.465591,92.412468,85.593018
1197,9.975000,0.022889,0.811876,0.018294,0.583094,-235.464218,92.414299,85.594376
1198,9.983333,0.023091,0.811857,0.018368,0.583110,-235.466248,92.414597,85.594917
1199,9.991667,0.022860,0.811810,0.018204,0.583190,-235.472244,92.417175,85.592697
1200,10.000000,0.022497,0.811832,0.018215,0.583174,-235.480591,92.417686,85.589828
1201,10.008333,0.020222,0.811535,0.017440,0.583694,-235.494827,92.439964,85.606163
1202,10.016667,0.020013,0.811505,0.017564,0.583738,-235.495789,92.441498,85.614311
1203,10.025000,0.021795,0.811766,0.018207,0.583292,-235.483200,92.422096,85.604340
1204,10.033333,0.022473,0.811859,0.018308,0.583134,-235.480743,92.416039,85.594482
1205,10.041667,0.022718,0.811822,0.018294,0.583176,-235.487274,92.413887,85.598206
1206,10.050000,0.020033,0.811313,0.017537,0.584006,-235.506104,92.445549,85.624260
1207,10.058333,0.019831,0.811299,0.017680,0.584027,-235.507034,92.448982,85.624611
1208,10.066667,0.019687,0.811482,0.017503,0.583784,-235.505157,92.445885,85.619965
1209,10.075000,0.019699,0.811516,0.017291,0.583743,-235.501312,92.444191,85.616333
1210,10.083333,0.021726,0.811796,0.018102,0.583256,-235.487335,92.423393,85.603371
1211,10.091667,0.020415,0.811545,0.017300,0.583677,-235.498215,92.438797,85.614777
1212,10.100000,0.020043,0.811501,0.017238,0.583752,-235.501526,92.442596,85.617134
1213,10.108333,0.019962,0.811524,0.017316,0.583722,-235.500809,92.442841,85.616592
1214,10.116667,0.019878,0.811443,0.017398,0.583834,-235.499756,92.445374,85.622673
1215,10.125000,0.020055,0.811504,0.017506,0.583740,-235.497070,92.445358,85.616455
1216,10.133333,0.019953,0.811546,0.017086,0.583697,-235.499603,92.444138,85.615417
1217,10.141667,0.019962,0.811556,0.017137,0.583682,-235.500198,92.443535,85.614510
1218,10.150000,0.020043,0.811596,0.017270,0.583620,-235.498352,92.442795,85.614273
1219,10.158333,0.019997,0.811420,0.017506,0.583859,-235.501907,92.446449,85.623093
1220,10.166667,0.019815,0.811428,0.017589,0.583852,-235.501480,92.447403,85.619728
1221,10.175000,0.019887,0.811510,0.017360,0.583742,-235.500717,92.445007,85.618408
1222,10.183333,0.020032,0.811525,0.017191,0.583721,-235.499985,92.443916,85.617310
1223,10.191667,0.019929,0.811416,0.017265,0.583874,-235.503906,92.445610,85.623085
1224,10.200000,0.019922,0.811377,0.017409,0.583924,-235.503799,92.445923,85.625168
1225,10.208333,0.019928,0.811385,0.017567,0.583908,-235.503601,92.445412,85.626854
1226,10.216667,0.019817,0.811356,0.017438,0.583956,-235.505585,92.447983,85.626610
1227,10.225000,0.019972,0.811505,0.017435,0.583744,-235.502548,92.445831,85.620201
1228,10.233333,0.019979,0.811545,0.017111,0.583697,-235.502151,92.445259,85.620018
1229,10.241667,0.019834,0.811448,0.017247,0.583833,-235.504791,92.446014,85.626091
1230,10.250000,0.019883,0.811360,0.017399,0.583949,-235.505341,92.446762,85.627380
1231,10.258333,0.019918,0.811336,0.017493,0.583978,-235.504486,92.448143,85.628983
1232,10.266667,0.019871,0.811332,0.017487,0.583986,-235.504608,92.448250,85.627838
1233,10.275000,0.019916,0.811330,0.017438,0.583989,-235.504608,92.447861,85.628845
1234,10.283333,0.019928,0.811377,0.017382,0.583925,-235.504501,92.447868,85.627975
1235,10.291667,0.015721,0.812254,0.018457,0.582800,-235.496445,92.423920,85.637558
1236,10.300000,0.017001,0.811954,0.017989,0.583196,-235.506271,92.430260,85.626045
1237,10.308333,0.018504,0.811652,0.017709,0.583580,-235.508179,92.435799,85.615471
1238,10.316667,0.019033,0.811480,0.017748,0.583800,-235.508392,92.441605,85.621819
1239,10.325000,0.019564,0.811517,0.017704,0.583733,-235.503174,92.443611,85.618134
1240,10.333333,0.019714,0.811466,0.017587,0.583803,-235.502930,92.445663,85.621681
1241,10.341667,0.019748,0.811484,0.017457,0.583780,-235.500671,92.445251,85.618050
1242,10.350000,0.019931,0.811532,0.017137,0.583716,-235.500885,92.445526,85.614365
1243,10.358333,0.019902,0.811505,0.016960,0.583760,-235.500961,92.444382,85.615631
1244,10.366667,0.019947,0.811528,0.017143,0.583722,-235.500671,92.443398,85.615059
1245,10.375000,0.019892,0.811555,0.017224,0.583683,-235.501007,92.443207,85.618088
1246,10.383333,0.019939,0.811409,0.017501,0.583877,-235.504150,92.445824,85.625786
1247,10.391667,0.019995,0.811424,0.017575,0.583851,-235.503143,92.447571,85.624702
1248,10.400000,0.020002,0.811367,0.017514,0.583932,-235.505203,92.447701,85.630280
