Format Version,1.25,Take Name,Take 2025-11-27 05.20.23 PM,Take Notes,,Capture Frame Rate,120.000000,Export Frame Rate,120.000000,Capture Start Time,2025-11-27 05.20.24.407 PM,Capture Start Frame,114992,Total Frames in Take,1317,Total Exported Frames,1317,Rotation Type,Quaternion,Length Units,Centimeters,Coordinate Space,Global

,Type,Rigid Body,Rigid Body,Rigid Body,Rigid Body,Rigid Body,Rigid Body,Rigid Body
,Name,SEE_large,SEE_large,SEE_large,SEE_large,SEE_large,SEE_large,SEE_large
,ID,B4680608301811F031C44B617C10C291,B4680608301811F031C44B617C10C291,B4680608301811F031C44B617C10C291,B4680608301811F031C44B617C10C291,B4680608301811F031C44B617C10C291,B4680608301811F031C44B617C10C291,B4680608301811F031C44B617C10C291
,Parent,,,,,,,
,,Rotation,Rotation,Rotation,Rotation,Position,Position,Position
Frame,Time (Seconds),X,Y,Z,W,X,Y,Z
0,0.000000,0.007300,0.927613,0.022056,0.372820,-215.038010,92.202858,84.286163
1,0.008333,0.008328,0.927792,0.022111,0.372349,-215.031006,92.188278,84.283028
2,0.016667,0.008996,0.927852,0.022190,0.372180,-215.033340,92.184052,84.276436
3,0.025000,0.009251,0.927864,0.022280,0.372137,-215.036850,92.181030,84.274300
4,0.033333,0.009140,0.927910,0.022543,0.372011,-215.038010,92.177971,84.273636
5,0.041667,0.009335,0.927908,0.022550,0.372010,-215.038803,92.178856,84.272026
6,0.050000,0.009100,0.927925,0.022668,0.371966,-215.038345,92.177544,84.274879
7,0.058333,0.009116,0.927904,0.022530,0.372025,-215.037201,92.177948,84.275803
8,0.066667,0.008959,0.927935,0.022632,0.371945,-215.036438,92.178757,84.278381
9,0.075000,0.009032,0.927911,0.022547,0.372011,-215.036591,92.179352,84.278900
10,0.083333,0.009255,0.927994,0.022415,0.371805,-215.038437,92.181053,84.282486
11,0.091667,0.009049,0.927870,0.022507,0.372115,-215.037796,92.180840,84.279472
12,0.100000,0.009145,0.927867,0.022490,0.372119,-215.037231,92.181602,84.277710
13,0.108333,0.009036,0.927857,0.022355,0.372155,-215.036652,92.180573,84.276489
14,0.116667,0.009055,0.927903,0.022359,0.372040,-215.035660,92.180786,84.276352
15,0.125000,0.007063,0.927689,0.022051,0.372635,-215.042664,92.201515,84.288345
16,0.133333,0.008191,0.927764,0.022227,0.372414,-215.038467,92.191826,84.283768
17,0.141667,0.009015,0.927792,0.022149,0.372331,-215.037079,92.184029,84.276993
18,0.150000,0.009155,0.927823,0.022154,0.372249,-215.038391,92.181351,84.276634
19,0.158333,0.009004,0.927830,0.022310,0.372227,-215.038330,92.181541,84.274818
20,0.166667,0.007022,0.927633,0.022376,0.372756,-215.043823,92.198929,84.286583
21,0.175000,0.008450,0.927858,0.022235,0.372174,-215.040070,92.190010,84.284058
22,0.183333,0.008983,0.927863,0.022499,0.372134,-215.036011,92.179222,84.274414
23,0.191667,0.009221,0.927852,0.022417,0.372160,-215.036697,92.177383,84.272163
24,0.200000,0.009168,0.927855,0.022432,0.372153,-215.035065,92.177673,84.270760
25,0.208333,0.009031,0.927909,0.022507,0.372017,-215.032104,92.178688,84.273079
26,0.216667,0.008989,0.927896,0.022100,0.372074,-215.030701,92.179459,84.274452
27,0.225000,0.009096,0.928035,0.023905,0.371613,-215.032120,92.189232,84.273926
28,0.233333,0.009361,0.928039,0.024030,0.371590,-215.031097,92.191628,84.274521
29,0.241667,0.009533,0.928125,0.023815,0.371384,-215.032486,92.194054,84.276817
30,0.250000,0.009376,0.928011,0.023787,0.371674,-215.030807,92.191826,84.273399
31,0.258333,0.009669,0.928089,0.023633,0.371482,-215.031433,92.192200,84.276604
32,0.266667,0.009378,0.927957,0.023757,0.371812,-215.029099,92.191116,84.270874
33,0.275000,0.007627,0.927736,0.023718,0.372405,-215.036423,92.207245,84.282997
34,0.283333,0.008873,0.927949,0.023596,0.371853,-215.034195,92.198837,84.280815
35,0.291667,0.009404,0.927963,0.023758,0.371796,-215.031982,92.190918,84.273056
36,0.300000,0.009591,0.927993,0.023977,0.371702,-215.032883,92.188522,84.272659
37,0.308333,0.009875,0.928120,0.023872,0.371384,-215.034897,92.186272,84.279129
38,0.316667,0.009778,0.928067,0.023783,0.371525,-215.036743,92.183067,84.279114
39,0.325000,0.009449,0.928068,0.023883,0.371523,-215.040726,92.185333,84.275642
40,0.333333,0.009205,0.927980,0.024072,0.371737,-215.040512,92.188904,84.271202
41,0.341667,0.009276,0.928005,0.024084,0.371674,-215.040039,92.192513,84.271332
42,0.350000,0.009294,0.928026,0.024117,0.371618,-215.040756,92.192879,84.272377
43,0.358333,0.009471,0.927996,0.023971,0.371698,-215.043427,92.194168,84.271935
44,0.366667,0.009501,0.928045,0.023934,0.371576,-215.048431,92.193703,84.273598
45,0.375000,0.009177,0.928064,0.024240,0.371519,-215.049332,92.188469,84.274605
46,0.383333,0.012745,0.927458,0.022193,0.373051,-215.056732,92.208916,84.260666
47,0.391667,0.011428,0.927467,0.022161,0.373073,-215.060944,92.223450,84.274147
48,0.400000,0.010346,0.927300,0.022297,0.373511,-215.064651,92.230469,84.285370
49,0.408333,0.009953,0.927233,0.022411,0.373682,-215.064407,92.228493,84.291962
50,0.416667,0.009770,0.927170,0.022426,0.373841,-215.064148,92.226395,84.297119
51,0.425000,0.009824,0.927086,0.022236,0.374059,-215.064926,92.225655,84.301796
52,0.433333,0.009644,0.926878,0.021893,0.374599,-215.067719,92.230247,84.307457
53,0.441667,0.009686,0.926876,0.021742,0.374611,-215.066788,92.232887,84.306984
54,0.450000,0.009561,0.926889,0.021470,0.374598,-215.065842,92.234741,84.306465
55,0.458333,0.009375,0.926898,0.021353,0.374589,-215.065643,92.237053,84.303467
56,0.466667,0.009333,0.926925,0.021108,0.374536,-215.066010,92.238571,84.299393
57,0.475000,0.009062,0.926928,0.020911,0.374547,-215.067322,92.238266,84.297264
58,0.483333,0.008903,0.926914,0.020772,0.374593,-215.068390,92.239273,84.295029
59,0.491667,0.008855,0.926925,0.020709,0.374569,-215.069580,92.241135,84.293137
60,0.500000,0.008796,0.926917,0.020674,0.374593,-215.070129,92.241684,84.292107
61,0.508333,0.008644,0.926914,0.020603,0.374609,-215.070419,92.239952,84.291672
62,0.516667,0.008689,0.926906,0.020675,0.374622,-215.071075,92.239983,84.292046
63,0.525000,0.008697,0.926917,0.020711,0.374593,-215.071152,92.239693,84.292831
64,0.533333,0.008803,0.926927,0.020756,0.374563,-215.071457,92.240128,84.294693
65,0.541667,0.008820,0.926919,0.020759,0.374582,-215.070465,92.239067,84.297325
66,0.550000,0.008906,0.926917,0.020833,0.374582,-215.069458,92.239006,84.299744
67,0.558333,0.008938,0.926936,0.020885,0.374531,-215.068817,92.237762,84.302162
68,0.566667,0.008919,0.926933,0.020991,0.374533,-215.068146,92.237198,84.304153
69,0.575000,0.009079,0.926951,0.020918,0.374488,-215.067215,92.235939,84.305969
70,0.583333,0.009052,0.926944,0.020976,0.374503,-215.066437,92.235168,84.307053
71,0.591667,0.008781,0.926816,0.019488,0.374907,-215.062469,92.226341,84.307472
72,0.600000,0.008866,0.926825,0.019369,0.374888,-215.063095,92.226280,84.309219
73,0.608333,0.008808,0.926813,0.019350,0.374921,-215.063385,92.226059,84.308968
74,0.616667,0.010098,0.926994,0.019445,0.374436,-215.057678,92.212822,84.300110
75,0.625000,0.010406,0.927262,0.019189,0.373777,-215.058655,92.210762,84.281319
76,0.633333,0.009760,0.927727,0.021780,0.372495,-215.045135,92.174995,84.291702
77,0.641667,0.009541,0.927989,0.022437,0.371809,-215.040039,92.168571,84.294693
78,0.650000,0.009676,0.928099,0.022516,0.371526,-215.036743,92.168221,84.292542
79,0.658333,0.009436,0.927989,0.022450,0.371811,-215.036301,92.170288,84.287323
80,0.666667,0.009416,0.927982,0.022559,0.371822,-215.037155,92.170082,84.288368
81,0.675000,0.009509,0.928061,0.022429,0.371630,-215.040466,92.170525,84.295181
82,0.683333,0.009227,0.927915,0.022535,0.371995,-215.040237,92.168289,84.293617
83,0.691667,0.009489,0.927940,0.022352,0.371938,-215.042282,92.167595,84.296158
84,0.700000,0.009582,0.927948,0.022254,0.371922,-215.043518,92.168335,84.297981
85,0.708333,0.009408,0.927974,0.022341,0.371854,-215.041519,92.166862,84.299377
86,0.716667,0.009764,0.927999,0.022353,0.371783,-215.040512,92.168640,84.300003
87,0.725000,0.009540,0.928040,0.022452,0.371680,-215.037720,92.166725,84.301559
88,0.733333,0.009567,0.928068,0.022410,0.371612,-215.035599,92.166008,84.301414
89,0.741667,0.009416,0.927943,0.022470,0.371926,-215.035385,92.167618,84.295761
90,0.750000,0.009595,0.928021,0.022225,0.371739,-215.036041,92.167725,84.299118
91,0.758333,0.009562,0.928002,0.022209,0.371790,-215.036697,92.169281,84.297806
92,0.766667,0.009730,0.927986,0.022213,0.371826,-215.036987,92.169228,84.298012
93,0.775000,0.009540,0.928004,0.022157,0.371787,-215.037125,92.170647,84.296425
94,0.783333,0.009481,0.928002,0.022155,0.371795,-215.037201,92.169777,84.296555
95,0.791667,0.009508,0.927980,0.022044,0.371855,-215.038010,92.170052,84.294617
96,0.800000,0.009549,0.927977,0.022149,0.371857,-215.039139,92.169815,84.293434
97,0.808333,0.009491,0.927994,0.022115,0.371818,-215.038773,92.168114,84.292641
98,0.816667,0.009647,0.927993,0.022021,0.371822,-215.039017,92.167244,84.291649
99,0.825000,0.009507,0.928024,0.022275,0.371732,-215.038757,92.165443,84.293098
100,0.833333,0.009638,0.927995,0.022360,0.371797,-215.039520,92.167397,84.291527
101,0.841667,0.009531,0.928012,0.022297,0.371761,-215.039398,92.166847,84.293846
102,0.850000,0.009697,0.927983,0.022181,0.371834,-215.038559,92.166405,84.294716
103,0.858333,0.009571,0.928004,0.022275,0.371782,-215.038513,92.165771,84.296547
104,0.866667,0.009549,0.928016,0.022210,0.371755,-215.038208,92.166077,84.298355
105,0.875000,0.009531,0.928012,0.022208,0.371764,-215.037186,92.164597,84.299164
106,0.883333,0.009590,0.928014,0.022142,0.371764,-215.038010,92.163872,84.300980
107,0.891667,0.009534,0.928034,0.022187,0.371712,-215.038116,92.165199,84.299660
108,0.900000,0.009646,0.928026,0.022269,0.371724,-215.039536,92.165695,84.298256
109,0.908333,0.009615,0.928009,0.022313,0.371764,-215.041611,92.165810,84.298531
110,0.916667,0.009572,0.927993,0.022247,0.371809,-215.042358,92.166206,84.297379
111,0.925000,0.009548,0.928017,0.022346,0.371745,-215.043457,92.165817,84.298203
112,0.933333,0.009473,0.927965,0.022357,0.371876,-215.044586,92.165527,84.296913
113,0.941667,0.009391,0.927971,0.022425,0.371857,-215.045593,92.165390,84.297493
114,0.950000,0.009499,0.927954,0.022399,0.371899,-215.045380,92.164154,84.297836
115,0.958333,0.009316,0.927963,0.022316,0.371886,-215.045593,92.164108,84.296379
116,0.966667,0.009644,0.927940,0.022210,0.371941,-215.045807,92.163635,84.296722
117,0.975000,0.009476,0.927952,0.022183,0.371918,-215.045425,92.162636,84.296059
118,0.983333,0.009566,0.927949,0.022110,0.371929,-215.044830,92.162544,84.296440
119,0.991667,0.009448,0.927994,0.022292,0.371809,-215.042145,92.160629,84.296432
120,1.000000,0.009650,0.928010,0.022215,0.371767,-215.041046,92.161957,84.296730
121,1.008333,0.009682,0.928020,0.022128,0.371748,-215.039917,92.160904,84.298042
122,1.016667,0.009790,0.928033,0.022181,0.371708,-215.039871,92.160805,84.298309
123,1.025000,0.009700,0.928037,0.022182,0.371701,-215.041061,92.161552,84.299133
124,1.033333,0.009645,0.928018,0.022078,0.371756,-215.042587,92.162102,84.300751
125,1.041667,0.009645,0.928004,0.022241,0.371781,-215.043945,92.162155,84.302109
126,1.050000,0.009474,0.928007,0.022311,0.371773,-215.045578,92.162575,84.303993
127,1.058333,0.009577,0.927992,0.022358,0.371807,-215.047867,92.161835,84.304199
128,1.066667,0.009641,0.928008,0.022527,0.371753,-215.050964,92.162125,84.304604
129,1.075000,0.009647,0.928009,0.022539,0.371750,-215.053650,92.161087,84.304604
130,1.083333,0.009573,0.927995,0.022568,0.371784,-215.056030,92.161934,84.305550
131,1.091667,0.009447,0.927976,0.022638,0.371832,-215.056137,92.159798,84.306931
132,1.100000,0.009551,0.927935,0.022561,0.371937,-215.057999,92.161392,84.306793
133,1.108333,0.009391,0.927954,0.022562,0.371892,-215.058212,92.159332,84.308601
134,1.116667,0.009333,0.927951,0.022629,0.371897,-215.057617,92.158859,84.307411
135,1.125000,0.009395,0.927949,0.022606,0.371902,-215.057281,92.159180,84.307060
136,1.133333,0.009549,0.927951,0.022494,0.371900,-215.055878,92.158623,84.306656
137,1.141667,0.009525,0.927959,0.022436,0.371884,-215.054916,92.158447,84.305077
138,1.150000,0.009511,0.927962,0.022434,0.371877,-215.053085,92.158142,84.305069
139,1.158333,0.009639,0.927975,0.022278,0.371851,-215.051361,92.159134,84.303085
140,1.166667,0.009530,0.927975,0.022322,0.371851,-215.049438,92.160507,84.303459
141,1.175000,0.009543,0.927979,0.022275,0.371843,-215.046860,92.161713,84.303185
142,1.183333,0.009622,0.927985,0.022093,0.371837,-215.044540,92.161980,84.301918
143,1.191667,0.009653,0.927992,0.022168,0.371816,-215.043228,92.161331,84.302048
144,1.200000,0.009610,0.928006,0.022179,0.371781,-215.042160,92.161652,84.300133
145,1.208333,0.009793,0.928004,0.022134,0.371784,-215.041611,92.160233,84.299850
146,1.216667,0.009860,0.928000,0.022201,0.371788,-215.040771,92.158585,84.299118
147,1.225000,0.009821,0.928010,0.022257,0.371761,-215.041473,92.158653,84.298927
148,1.233333,0.009588,0.928021,0.022299,0.371737,-215.041534,92.157921,84.298561
149,1.241667,0.009746,0.928021,0.022354,0.371729,-215.042740,92.159531,84.298935
150,1.250000,0.009603,0.928024,0.022466,0.371717,-215.043564,92.158493,84.300896
151,1.258333,0.009376,0.928011,0.022401,0.371760,-215.043930,92.158081,84.301170
152,1.266667,0.009449,0.927982,0.022477,0.371828,-215.044754,92.159447,84.300629
153,1.275000,0.009542,0.927994,0.022524,0.371790,-215.045380,92.159691,84.300682
154,1.283333,0.009599,0.927956,0.022432,0.371890,-215.045303,92.160126,84.298325
155,1.291667,0.009672,0.927965,0.022478,0.371863,-215.044983,92.159828,84.299400
156,1.300000,0.009490,0.927935,0.022383,0.371949,-215.043213,92.158722,84.297966
157,1.308333,0.009510,0.927974,0.022309,0.371855,-215.042114,92.159363,84.298363
158,1.316667,0.009515,0.927965,0.022297,0.371877,-215.040497,92.159988,84.296165
159,1.325000,0.009515,0.927982,0.022342,0.371832,-215.038132,92.159607,84.295586
160,1.333333,0.009668,0.927993,0.022392,0.371799,-215.037079,92.161064,84.295006
161,1.341667,0.009646,0.927987,0.022230,0.371823,-215.034454,92.158058,84.293419
162,1.350000,0.009845,0.928008,0.022165,0.371770,-215.033981,92.158142,84.293900
163,1.358333,0.009792,0.928026,0.022180,0.371727,-215.033981,92.157883,84.292389
164,1.366667,0.009781,0.928055,0.022350,0.371642,-215.034454,92.156357,84.293427
165,1.375000,0.009699,0.928053,0.022386,0.371648,-215.036148,92.155579,84.295517
166,1.383333,0.009625,0.928052,0.022456,0.371649,-215.040009,92.156006,84.298279
167,1.391667,0.009552,0.928024,0.022510,0.371716,-215.044815,92.156731,84.301254
168,1.400000,0.009355,0.927999,0.022741,0.371771,-215.050430,92.155853,84.303322
169,1.408333,0.009339,0.927965,0.022855,0.371848,-215.055252,92.156509,84.306259
170,1.416667,0.009137,0.927926,0.022916,0.371947,-215.055984,92.156723,84.305901
171,1.425000,0.009114,0.927949,0.022744,0.371901,-215.055664,92.156891,84.307549
172,1.433333,0.008987,0.927991,0.022814,0.371794,-215.058105,92.158806,84.307487
173,1.441667,0.008654,0.928030,0.022865,0.371702,-215.063812,92.161057,84.305870
174,1.450000,0.008614,0.928021,0.023139,0.371708,-215.073212,92.160240,84.304558
175,1.458333,0.008146,0.928056,0.023227,0.371628,-215.085938,92.159393,84.302193
176,1.466667,0.005973,0.927897,0.023331,0.372058,-215.106506,92.177544,84.313995
177,1.475000,0.005688,0.927949,0.023582,0.371918,-215.116745,92.181717,84.322815
178,1.483333,0.005244,0.928016,0.023715,0.371749,-215.121201,92.184074,84.326294
179,1.491667,0.004873,0.928068,0.023587,0.371630,-215.124512,92.186470,84.330162
180,1.500000,0.004805,0.928083,0.023580,0.371595,-215.125244,92.186485,84.333344
181,1.508333,0.004820,0.928184,0.023701,0.371334,-215.129776,92.187134,84.335037
182,1.516667,0.004583,0.928273,0.023913,0.371103,-215.136581,92.188293,84.335152
183,1.525000,0.004507,0.928358,0.024124,0.370876,-215.143555,92.188202,84.335770
184,1.533333,0.004288,0.928450,0.024447,0.370626,-215.152664,92.189034,84.336281
185,1.541667,0.004127,0.928550,0.024633,0.370367,-215.161270,92.188438,84.338501
186,1.550000,0.004117,0.928543,0.024592,0.370387,-215.170746,92.188515,84.339890
187,1.558333,0.003743,0.928554,0.024917,0.370342,-215.179184,92.187927,84.342628
188,1.566667,0.004495,0.928733,0.024912,0.369883,-215.179443,92.182167,84.335068
189,1.575000,0.005190,0.928715,0.025152,0.369905,-215.186813,92.171165,84.340302
190,1.583333,0.003746,0.928505,0.024949,0.370461,-215.203812,92.186218,84.349731
191,1.591667,0.004798,0.928654,0.025361,0.370048,-215.204910,92.172691,84.346268
192,1.600000,0.004609,0.928793,0.025353,0.369702,-215.213699,92.174614,84.338593
193,1.608333,0.004413,0.928819,0.025278,0.369645,-215.223663,92.175575,84.339104
194,1.616667,0.004050,0.928778,0.025295,0.369751,-215.234833,92.175858,84.344742
195,1.625000,0.003614,0.928760,0.025385,0.369794,-215.247345,92.179337,84.346718
196,1.633333,0.003006,0.928751,0.025116,0.369841,-215.258331,92.175949,84.358612
197,1.641667,0.003034,0.928722,0.025794,0.369865,-215.271042,92.181412,84.355980
198,1.650000,0.002216,0.928713,0.025348,0.369924,-215.285202,92.182625,84.361893
199,1.658333,0.001599,0.928608,0.024691,0.370235,-215.293671,92.179024,84.365036
200,1.666667,0.001287,0.928520,0.024319,0.370484,-215.299057,92.174988,84.366646
201,1.675000,0.001073,0.928515,0.024214,0.370502,-215.308456,92.174927,84.368683
202,1.683333,0.000846,0.928580,0.024296,0.370335,-215.316742,92.175987,84.367615
203,1.691667,0.000740,0.928681,0.024469,0.370070,-215.324265,92.176430,84.368042
204,1.700000,0.000588,0.928726,0.024560,0.369952,-215.331177,92.177048,84.370575
205,1.708333,0.000384,0.928780,0.024567,0.369816,-215.338516,92.178009,84.371147
206,1.716667,-0.000192,0.928936,0.024731,0.369413,-215.348679,92.178696,84.374336
207,1.725000,-0.000363,0.929024,0.024967,0.369176,-215.357590,92.177704,84.374390
208,1.733333,-0.000638,0.929226,0.025087,0.368660,-215.368866,92.179161,84.373871
209,1.741667,-0.001489,0.929439,0.024562,0.368155,-215.379684,92.189194,84.367538
210,1.750000,-0.001605,0.929624,0.024638,0.367680,-215.386551,92.188629,84.365791
211,1.758333,-0.001166,0.929694,0.025400,0.367454,-215.390640,92.179474,84.371933
212,1.766667,-0.002251,0.929737,0.024975,0.367370,-215.401047,92.187241,84.367142
213,1.775000,-0.002345,0.929863,0.024981,0.367050,-215.408020,92.186707,84.368553
214,1.783333,-0.002371,0.930203,0.025141,0.366177,-215.410965,92.186035,84.365898
215,1.791667,-0.002415,0.930313,0.025309,0.365884,-215.416428,92.186127,84.360626
216,1.800000,-0.002483,0.930317,0.025488,0.365862,-215.423584,92.186691,84.361588
217,1.808333,-0.002760,0.930273,0.025677,0.365957,-215.433578,92.187286,84.363167
218,1.816667,-0.003179,0.930206,0.025976,0.366103,-215.444702,92.188049,84.364769
219,1.825000,-0.003481,0.930138,0.026183,0.366260,-215.455505,92.188469,84.364479
220,1.833333,-0.004051,0.930038,0.026265,0.366500,-215.471100,92.189751,84.363533
221,1.841667,-0.004376,0.929842,0.026554,0.366973,-215.486908,92.187012,84.368286
222,1.850000,-0.005398,0.929822,0.027103,0.366971,-215.499405,92.184174,84.373306
223,1.858333,-0.005601,0.929805,0.027423,0.366986,-215.509369,92.183701,84.375191
224,1.866667,-0.005306,0.929599,0.026654,0.367570,-215.521118,92.193245,84.367905
225,1.875000,-0.005568,0.929788,0.027232,0.367046,-215.520859,92.184036,84.374786
226,1.883333,-0.005398,0.929821,0.027420,0.366951,-215.516663,92.182556,84.373459
227,1.891667,-0.005791,0.929836,0.027023,0.366936,-215.515564,92.188240,84.372261
228,1.900000,-0.005869,0.929882,0.027019,0.366819,-215.513275,92.186806,84.376045
229,1.908333,-0.005980,0.929878,0.026961,0.366830,-215.512207,92.188385,84.375122
230,1.916667,-0.006029,0.929843,0.026916,0.366922,-215.514084,92.189423,84.378876
231,1.925000,-0.006168,0.929817,0.026830,0.366991,-215.514999,92.189987,84.380028
232,1.933333,-0.006047,0.929816,0.026826,0.366997,-215.514511,92.189392,84.378815
233,1.941667,-0.006077,0.929807,0.026914,0.367011,-215.515900,92.188583,84.378944
234,1.950000,-0.005500,0.929849,0.027198,0.366893,-215.512604,92.184662,84.377983
235,1.958333,-0.006165,0.929831,0.026893,0.366952,-215.516449,92.188515,84.377876
236,1.966667,-0.006079,0.929829,0.026879,0.366958,-215.517349,92.189514,84.376610
237,1.975000,-0.005578,0.929923,0.027319,0.366695,-215.515717,92.183731,84.379028
238,1.983333,-0.006191,0.929859,0.027159,0.366859,-215.521484,92.189178,84.378639
239,1.991667,-0.006144,0.929860,0.027130,0.366862,-215.523819,92.189941,84.378624
240,2.000000,-0.006320,0.929838,0.026990,0.366922,-215.528320,92.190575,84.380745
241,2.008333,-0.006400,0.929854,0.027074,0.366874,-215.529495,92.190567,84.379951
242,2.016667,-0.006500,0.929868,0.027277,0.366824,-215.532608,92.190636,84.380356
243,2.025000,-0.006357,0.929908,0.027423,0.366714,-215.535767,92.191032,84.381332
244,2.033333,-0.006621,0.929946,0.027480,0.366609,-215.536407,92.189957,84.380951
245,2.041667,-0.006569,0.929930,0.027426,0.366654,-215.537857,92.189842,84.381149
246,2.050000,-0.006397,0.929899,0.027339,0.366741,-215.538574,92.191284,84.378647
247,2.058333,-0.006496,0.929923,0.027304,0.366683,-215.538452,92.191002,84.378403
248,2.066667,-0.006535,0.929920,0.027104,0.366703,-215.536835,92.189316,84.378525
249,2.075000,-0.006197,0.929927,0.027434,0.366666,-215.532867,92.185631,84.379181
250,2.083333,-0.006129,0.929963,0.027406,0.366578,-215.533401,92.187408,84.377670
251,2.091667,-0.005975,0.929973,0.027297,0.366564,-215.533447,92.187912,84.376228
252,2.100000,-0.006134,0.929995,0.027227,0.366510,-215.535568,92.190178,84.374290
253,2.108333,-0.006373,0.930020,0.027318,0.366436,-215.535919,92.189880,84.373413
254,2.116667,-0.006537,0.929990,0.027016,0.366534,-215.539474,92.192993,84.372765
255,2.125000,-0.007864,0.929943,0.026341,0.366674,-215.546600,92.204941,84.370430
256,2.133333,-0.008920,0.929870,0.025485,0.366897,-215.553101,92.217545,84.364807
257,2.141667,-0.009912,0.929902,0.024993,0.366823,-215.557907,92.225945,84.360619
258,2.150000,-0.010901,0.929715,0.024441,0.367306,-215.565155,92.236008,84.361465
259,2.158333,-0.010718,0.929665,0.024441,0.367439,-215.565399,92.233589,84.361786
260,2.166667,-0.009943,0.929641,0.024886,0.367490,-215.563995,92.227921,84.365372
261,2.175000,-0.008706,0.929579,0.025535,0.367634,-215.560562,92.218246,84.370491
262,2.183333,-0.006471,0.929677,0.025789,0.367415,-215.558380,92.211464,84.381737
263,2.191667,-0.004808,0.929602,0.026318,0.367594,-215.553116,92.200455,84.389900
264,2.200000,-0.003463,0.929617,0.026907,0.367526,-215.547180,92.189720,84.396477
265,2.208333,-0.002380,0.929587,0.027404,0.367576,-215.544128,92.182846,84.399048
266,2.216667,-0.001733,0.929607,0.027699,0.367507,-215.542862,92.178902,84.400024
267,2.225000,-0.001471,0.929611,0.027795,0.367489,-215.542511,92.176094,84.400047
268,2.233333,0.002222,0.929291,0.025700,0.368447,-215.551636,92.197952,84.387619
269,2.241667,0.002111,0.929259,0.025352,0.368551,-215.553741,92.200600,84.387993
270,2.250000,0.001769,0.929248,0.025147,0.368596,-215.557281,92.206100,84.385178
271,2.258333,0.001293,0.929256,0.024869,0.368597,-215.559891,92.211243,84.382698
272,2.266667,0.000808,0.929262,0.024339,0.368619,-215.562790,92.218056,84.380676
273,2.275000,0.000277,0.929250,0.023969,0.368674,-215.564133,92.222305,84.377975
274,2.283333,-0.000251,0.929236,0.023569,0.368734,-215.565826,92.226608,84.376663
275,2.291667,-0.000516,0.929241,0.023336,0.368735,-215.566376,92.229935,84.374733
276,2.300000,-0.000714,0.929221,0.023157,0.368798,-215.566040,92.230812,84.372658
277,2.308333,-0.000832,0.929236,0.023100,0.368764,-215.567017,92.231735,84.373344
278,2.316667,-0.000952,0.929220,0.023131,0.368801,-215.568954,92.231491,84.373779
279,2.325000,-0.000849,0.929222,0.023217,0.368792,-215.570541,92.231766,84.375473
280,2.333333,-0.000624,0.929227,0.023441,0.368766,-215.570755,92.231491,84.374413
281,2.341667,-0.000485,0.929258,0.023540,0.368681,-215.569733,92.228714,84.375183
282,2.350000,-0.000267,0.929281,0.023794,0.368606,-215.569016,92.226700,84.374580
283,2.358333,-0.000103,0.929308,0.023897,0.368531,-215.568680,92.225578,84.375488
284,2.366667,-0.003660,0.929646,0.026073,0.367513,-215.560837,92.202225,84.388206
285,2.375000,-0.000139,0.929314,0.024393,0.368484,-215.566299,92.220840,84.378433
286,2.383333,-0.003447,0.929683,0.026362,0.367401,-215.557281,92.199409,84.390198
287,2.391667,-0.003773,0.929731,0.026824,0.367243,-215.555115,92.195663,84.392738
288,2.400000,-0.003679,0.929697,0.026901,0.367323,-215.553375,92.194626,84.393631
289,2.408333,-0.003427,0.929656,0.026878,0.367431,-215.552872,92.193779,84.396141
290,2.416667,-0.003552,0.929637,0.026960,0.367471,-215.551331,92.191872,84.396736
291,2.425000,-0.003557,0.929659,0.027009,0.367413,-215.550491,92.190758,84.398582
292,2.433333,-0.003619,0.929690,0.027151,0.367322,-215.551025,92.189995,84.398605
293,2.441667,-0.003690,0.929738,0.027212,0.367195,-215.551727,92.189812,84.399521
294,2.450000,-0.003717,0.929704,0.027030,0.367294,-215.552475,92.189667,84.400970
295,2.458333,-0.003743,0.929688,0.027069,0.367332,-215.552948,92.189339,84.400070
296,2.466667,-0.003954,0.929718,0.026987,0.367261,-215.553467,92.189583,84.400360
297,2.475000,-0.004044,0.929707,0.026979,0.367288,-215.554642,92.190598,84.400185
298,2.483333,-0.004234,0.929721,0.027042,0.367246,-215.554947,92.190147,84.401688
299,2.491667,-0.004240,0.929740,0.027178,0.367189,-215.555649,92.191216,84.400764
300,2.500000,-0.004189,0.929758,0.027171,0.367144,-215.555908,92.190445,84.400261
301,2.508333,-0.004344,0.929781,0.027149,0.367085,-215.556152,92.190048,84.401398
302,2.516667,-0.004366,0.929783,0.027203,0.367075,-215.555115,92.189178,84.400574
303,2.525000,-0.005207,0.929676,0.027714,0.367298,-215.551941,92.184052,84.397552
304,2.533333,-0.005392,0.929641,0.027782,0.367377,-215.549896,92.182243,84.399185
305,2.541667,-0.004358,0.929742,0.027006,0.367195,-215.552048,92.188332,84.405312
306,2.550000,-0.005230,0.929619,0.027593,0.367450,-215.549301,92.183235,84.402046
307,2.558333,-0.004471,0.929729,0.027267,0.367207,-215.551575,92.186737,84.404007
308,2.566667,-0.005390,0.929650,0.027878,0.367348,-215.550049,92.181969,84.400200
309,2.575000,-0.005708,0.929647,0.028125,0.367333,-215.550095,92.179642,84.401497
310,2.583333,-0.005761,0.929655,0.028198,0.367306,-215.549332,92.179092,84.400917
311,2.591667,-0.005382,0.929683,0.027875,0.367265,-215.550156,92.181252,84.403458
312,2.600000,-0.005308,0.929680,0.027915,0.367271,-215.549683,92.181419,84.400764
313,2.608333,-0.005204,0.929694,0.027954,0.367233,-215.550201,92.181656,84.400322
314,2.616667,-0.005149,0.929674,0.028243,0.367262,-215.552872,92.183754,84.396729
315,2.625000,-0.005366,0.929751,0.028309,0.367061,-215.554260,92.183678,84.395073
316,2.633333,-0.005273,0.929730,0.028292,0.367116,-215.556366,92.184509,84.394333
317,2.641667,-0.005456,0.929733,0.028152,0.367117,-215.555603,92.183975,84.394440
318,2.650000,-0.005450,0.929735,0.028036,0.367119,-215.555481,92.184349,84.394875
319,2.658333,-0.005356,0.929718,0.028058,0.367164,-215.555496,92.185387,84.394142
320,2.666667,-0.005274,0.929717,0.028028,0.367169,-215.556046,92.186165,84.395210
321,2.675000,-0.005405,0.929708,0.028057,0.367187,-215.554993,92.185471,84.395897
322,2.683333,-0.005543,0.929705,0.028015,0.367195,-215.553802,92.185280,84.395149
323,2.691667,-0.005566,0.929701,0.027977,0.367208,-215.553589,92.184731,84.396782
324,2.700000,-0.005666,0.929688,0.028040,0.367235,-215.552063,92.184357,84.397797
325,2.708333,-0.005451,0.929684,0.028037,0.367249,-215.551544,92.185188,84.397804
326,2.716667,-0.005394,0.929696,0.027999,0.367221,-215.551849,92.186134,84.397865
327,2.725000,-0.005447,0.929723,0.028118,0.367145,-215.551163,92.184425,84.397881
328,2.733333,-0.005324,0.929755,0.028166,0.367061,-215.552277,92.184959,84.399200
329,2.741667,-0.005510,0.929752,0.028417,0.367046,-215.551514,92.183517,84.397690
330,2.750000,-0.005451,0.929738,0.028311,0.367090,-215.551804,92.182175,84.397469
331,2.758333,-0.009426,0.929897,0.025530,0.366813,-215.566772,92.218582,84.366669
332,2.766667,-0.009552,0.929918,0.025491,0.366758,-215.568756,92.222275,84.360931
333,2.775000,-0.009837,0.929983,0.025424,0.366590,-215.571167,92.225525,84.358131
334,2.783333,-0.009686,0.930026,0.025609,0.366471,-215.571304,92.225311,84.354950
335,2.791667,-0.009492,0.930100,0.025933,0.366268,-215.570755,92.222633,84.354736
336,2.800000,-0.009367,0.930106,0.026022,0.366248,-215.570801,92.221840,84.356041
337,2.808333,-0.009326,0.930111,0.026046,0.366235,-215.569229,92.221062,84.356705
338,2.816667,-0.009136,0.930080,0.025920,0.366328,-215.568848,92.220100,84.358215
339,2.825000,-0.009250,0.930082,0.025929,0.366319,-215.567474,92.218575,84.358528
340,2.833333,-0.008926,0.930052,0.026102,0.366392,-215.565872,92.214134,84.364372
341,2.841667,-0.008900,0.930007,0.026151,0.366502,-215.565033,92.213539,84.366371
342,2.850000,-0.008806,0.929999,0.026207,0.366522,-215.564087,92.212227,84.368919
343,2.858333,-0.008540,0.929987,0.026234,0.366556,-215.562988,92.211456,84.370415
344,2.866667,-0.008590,0.929974,0.026266,0.366586,-215.561752,92.209625,84.370712
345,2.875000,-0.007339,0.930046,0.025544,0.366481,-215.565567,92.214775,84.375954
346,2.883333,-0.008260,0.929865,0.026153,0.366877,-215.562698,92.206123,84.371460
347,2.891667,-0.008495,0.929815,0.026613,0.366966,-215.562027,92.200211,84.373215
348,2.900000,-0.008374,0.929824,0.026790,0.366932,-215.562515,92.200600,84.373131
349,2.908333,-0.008119,0.929878,0.026694,0.366807,-215.562195,92.201004,84.374268
350,2.916667,-0.007853,0.929917,0.026777,0.366710,-215.559845,92.200401,84.375893
351,2.925000,-0.007469,0.929959,0.026787,0.366609,-215.557236,92.199234,84.376472
352,2.933333,-0.007330,0.930006,0.026908,0.366485,-215.557068,92.200127,84.375854
353,2.941667,-0.007269,0.930021,0.027202,0.366425,-215.556915,92.198143,84.375473
354,2.950000,-0.007215,0.930049,0.027358,0.366344,-215.557098,92.196724,84.375328
355,2.958333,-0.007104,0.930064,0.027370,0.366307,-215.556152,92.195900,84.376785
356,2.966667,-0.006891,0.930009,0.027343,0.366452,-215.554306,92.194504,84.376938
357,2.975000,-0.006888,0.930046,0.027495,0.366348,-215.552826,92.193771,84.377716
358,2.983333,-0.005591,0.930159,0.026867,0.366130,-215.557220,92.198433,84.383141
359,2.991667,-0.006634,0.929981,0.027464,0.366521,-215.555069,92.192772,84.378326
360,3.000000,-0.006890,0.929932,0.027690,0.366622,-215.554626,92.189369,84.377518
361,3.008333,-0.006934,0.929983,0.027579,0.366500,-215.554764,92.189468,84.376541
362,3.016667,-0.006731,0.930005,0.027688,0.366441,-215.553452,92.188789,84.378433
363,3.025000,-0.006688,0.930021,0.027541,0.366413,-215.552765,92.190262,84.377808
364,3.033333,-0.006470,0.930074,0.027583,0.366279,-215.551834,92.190086,84.379211
365,3.041667,-0.006363,0.930076,0.027510,0.366281,-215.551758,92.190872,84.378899
366,3.050000,-0.006432,0.930085,0.027608,0.366248,-215.551666,92.190567,84.377502
367,3.058333,-0.006479,0.930091,0.027655,0.366230,-215.552444,92.191124,84.377174
368,3.066667,-0.006403,0.930052,0.027653,0.366329,-215.553375,92.190971,84.375298
369,3.075000,-0.006439,0.930065,0.027670,0.366294,-215.553833,92.189911,84.375534
370,3.083333,-0.006383,0.930058,0.027643,0.366315,-215.554382,92.190849,84.373024
371,3.091667,-0.006567,0.930113,0.027726,0.366168,-215.554016,92.189430,84.372505
372,3.100000,-0.006408,0.930125,0.027693,0.366141,-215.552856,92.190269,84.372833
373,3.108333,-0.006376,0.930136,0.027864,0.366102,-215.551208,92.188110,84.374313
374,3.116667,-0.005222,0.930247,0.027112,0.365894,-215.554718,92.195389,84.378845
375,3.125000,-0.006292,0.930088,0.027749,0.366232,-215.551666,92.189590,84.375023
376,3.133333,-0.006533,0.930049,0.027958,0.366313,-215.551422,92.186630,84.374420
377,3.141667,-0.006497,0.930064,0.027823,0.366284,-215.550903,92.187607,84.375740
378,3.150000,-0.006494,0.930105,0.027799,0.366181,-215.548630,92.185036,84.378426
379,3.158333,-0.006455,0.930130,0.027666,0.366129,-215.547394,92.185829,84.380875
380,3.166667,-0.006276,0.930129,0.027724,0.366130,-215.546707,92.186356,84.381828
381,3.175000,-0.005331,0.930248,0.027120,0.365888,-215.551575,92.192474,84.384338
382,3.183333,-0.005192,0.930181,0.026969,0.366071,-215.555832,92.192940,84.382355
383,3.191667,-0.006409,0.930045,0.027583,0.366353,-215.553253,92.186996,84.376953
384,3.200000,-0.006481,0.930067,0.027741,0.366284,-215.554520,92.185303,84.377487
385,3.208333,-0.006443,0.930064,0.027818,0.366287,-215.553802,92.185883,84.375984
386,3.216667,-0.006339,0.930071,0.027706,0.366278,-215.553665,92.187347,84.375885
387,3.225000,-0.006345,0.930107,0.027810,0.366180,-215.552612,92.187744,84.376793
388,3.233333,-0.006353,0.930110,0.027793,0.366173,-215.552185,92.188522,84.376213
389,3.241667,-0.006265,0.930126,0.027692,0.366141,-215.552444,92.190277,84.376007
390,3.250000,-0.005119,0.930214,0.026947,0.365992,-215.556595,92.196091,84.379593
391,3.258333,-0.006134,0.930101,0.027649,0.366212,-215.554184,92.191170,84.375153
392,3.266667,-0.006320,0.930073,0.027832,0.366264,-215.554642,92.188828,84.374771
393,3.275000,-0.006404,0.930078,0.027772,0.366254,-215.553314,92.187325,84.376686
394,3.283333,-0.006378,0.930089,0.027765,0.366227,-215.551849,92.188393,84.377655
395,3.291667,-0.006275,0.930129,0.027912,0.366118,-215.550049,92.186211,84.379280
396,3.300000,-0.006113,0.930137,0.027715,0.366115,-215.550659,92.187546,84.379539
397,3.308333,-0.006323,0.930100,0.027610,0.366212,-215.549942,92.188454,84.378990
398,3.316667,-0.006475,0.930099,0.027647,0.366209,-215.549820,92.187431,84.379211
399,3.325000,-0.006466,0.930104,0.027734,0.366191,-215.549881,92.188118,84.380135
400,3.333333,-0.006335,0.930102,0.027810,0.366191,-215.550278,92.188332,84.378380
401,3.341667,-0.006491,0.930152,0.027816,0.366061,-215.551926,92.189758,84.378365
402,3.350000,-0.006382,0.930132,0.027752,0.366119,-215.552094,92.190254,84.377167
403,3.358333,-0.006335,0.930115,0.027624,0.366173,-215.552643,92.190468,84.376823
404,3.366667,-0.006187,0.930089,0.027555,0.366246,-215.553360,92.189781,84.375076
405,3.375000,-0.006380,0.930108,0.027778,0.366180,-215.552994,92.189278,84.374710
406,3.383333,-0.006434,0.930119,0.027800,0.366149,-215.553879,92.189171,84.375694
407,3.391667,-0.006402,0.930109,0.027882,0.366169,-215.552780,92.189499,84.374458
408,3.400000,-0.006412,0.930116,0.027901,0.366148,-215.553238,92.189827,84.374908
409,3.408333,-0.006353,0.930125,0.027880,0.366127,-215.552856,92.189484,84.374916
410,3.416667,-0.006353,0.930128,0.027797,0.366127,-215.552643,92.189400,84.375237
411,3.425000,-0.006343,0.930138,0.027868,0.366097,-215.551682,92.188728,84.376801
412,3.433333,-0.006379,0.930147,0.027927,0.366068,-215.550644,92.188728,84.375450
413,3.441667,-0.006349,0.930157,0.027835,0.366051,-215.550751,92.188492,84.376678
414,3.450000,-0.006355,0.930136,0.027875,0.366100,-215.549774,92.187729,84.376350
415,3.458333,-0.006307,0.930102,0.027767,0.366195,-215.550354,92.188492,84.376297
416,3.466667,-0.005128,0.930214,0.027006,0.365986,-215.555496,92.195045,84.379837
417,3.475000,-0.006147,0.930066,0.027623,0.366301,-215.554047,92.190926,84.373985
418,3.483333,-0.006539,0.930054,0.027920,0.366303,-215.555786,92.189018,84.374115
419,3.491667,-0.006514,0.930064,0.027889,0.366279,-215.555435,92.189659,84.373535
420,3.500000,-0.006302,0.930088,0.027842,0.366225,-215.554214,92.189537,84.375694
421,3.508333,-0.005102,0.930233,0.027041,0.365936,-215.558197,92.197411,84.378792
422,3.516667,-0.006158,0.930053,0.027798,0.366321,-215.556000,92.190338,84.373985
423,3.525000,-0.006521,0.930037,0.027925,0.366345,-215.555542,92.187538,84.374687
424,3.533333,-0.006720,0.930063,0.028002,0.366270,-215.554993,92.187515,84.374672
425,3.541667,-0.006296,0.930099,0.027810,0.366200,-215.554520,92.187569,84.376892
426,3.550000,-0.006261,0.930118,0.027821,0.366153,-215.553543,92.188683,84.377777
427,3.558333,-0.006281,0.930115,0.027844,0.366158,-215.551804,92.187729,84.377548
428,3.566667,-0.005307,0.930148,0.026750,0.366171,-215.559891,92.199852,84.380554
429,3.575000,-0.006522,0.929964,0.027227,0.366583,-215.558960,92.194870,84.376862
430,3.583333,-0.006879,0.929937,0.027676,0.366612,-215.557907,92.190529,84.376785
431,3.591667,-0.005689,0.930073,0.026889,0.366345,-215.561462,92.198250,84.378967
432,3.600000,-0.006593,0.929951,0.027456,0.366598,-215.558624,92.193512,84.374557
433,3.608333,-0.006910,0.929942,0.027715,0.366596,-215.557220,92.190681,84.374878
434,3.616667,-0.006747,0.929963,0.027656,0.366550,-215.556519,92.191605,84.374199
435,3.625000,-0.006712,0.929978,0.027587,0.366517,-215.556259,92.193581,84.375298
436,3.633333,-0.006713,0.930034,0.027568,0.366378,-215.554459,92.193680,84.375191
437,3.641667,-0.006722,0.930041,0.027648,0.366352,-215.554626,92.194054,84.376678
438,3.650000,-0.006496,0.930010,0.027530,0.366443,-215.554977,92.194550,84.377563
439,3.658333,-0.006780,0.930017,0.027579,0.366417,-215.554565,92.193146,84.377800
440,3.666667,-0.006643,0.929994,0.027483,0.366485,-215.555405,92.193352,84.379265
441,3.675000,-0.006813,0.929983,0.027509,0.366510,-215.554932,92.193428,84.379074
442,3.683333,-0.006667,0.930005,0.027611,0.366449,-215.555862,92.192810,84.381119
443,3.691667,-0.005538,0.930114,0.026995,0.366235,-215.559647,92.197769,84.384605
444,3.700000,-0.006609,0.930000,0.027712,0.366453,-215.557190,92.191948,84.380394
445,3.708333,-0.006977,0.929980,0.027849,0.366487,-215.557861,92.191368,84.379715
446,3.716667,-0.006807,0.929983,0.027722,0.366493,-215.557144,92.191406,84.379021
447,3.725000,-0.006690,0.930003,0.027653,0.366448,-215.555664,92.190750,84.380531
448,3.733333,-0.006560,0.930040,0.027578,0.366364,-215.554306,92.191498,84.382027
449,3.741667,-0.006690,0.930043,0.027757,0.366339,-215.551666,92.191528,84.381866
450,3.750000,-0.006662,0.930057,0.027589,0.366319,-215.552353,92.193192,84.380905
451,3.758333,-0.006600,0.930013,0.027517,0.366437,-215.551163,92.192375,84.379250
452,3.766667,-0.006790,0.930033,0.027543,0.366379,-215.550659,92.191948,84.379211
453,3.775000,-0.006809,0.930016,0.027436,0.366430,-215.550476,92.191925,84.379761
454,3.783333,-0.006606,0.930006,0.027525,0.366452,-215.550186,92.192413,84.380936
455,3.791667,-0.005408,0.930127,0.026776,0.366221,-215.554230,92.200943,84.388367
456,3.800000,-0.005055,0.930089,0.027176,0.366293,-215.553024,92.199585,84.390503
457,3.808333,-0.004953,0.930139,0.027301,0.366157,-215.551926,92.198067,84.398560
458,3.816667,-0.004678,0.930166,0.027412,0.366085,-215.549042,92.199142,84.405045
459,3.825000,-0.004168,0.930313,0.029056,0.365590,-215.551849,92.208298,84.414764
460,3.833333,-0.004015,0.930432,0.029813,0.365227,-215.551208,92.209442,84.423653
461,3.841667,-0.003828,0.930459,0.029698,0.365170,-215.549606,92.209785,84.432480
462,3.850000,-0.003792,0.930464,0.030000,0.365134,-215.545609,92.209190,84.448936
463,3.858333,-0.002264,0.930445,0.030918,0.365119,-215.533203,92.199257,84.471420
464,3.866667,-0.001612,0.930499,0.031483,0.364936,-215.525436,92.197845,84.493729
465,3.875000,-0.001210,0.930552,0.031983,0.364758,-215.517288,92.201622,84.519226
466,3.883333,-0.000512,0.930599,0.032518,0.364593,-215.508087,92.205223,84.547798
467,3.891667,0.000280,0.930623,0.032975,0.364490,-215.495590,92.208984,84.577812
468,3.900000,0.000876,0.930672,0.033419,0.364325,-215.479111,92.212173,84.605530
469,3.908333,0.001596,0.930674,0.033934,0.364268,-215.462631,92.212936,84.631622
470,3.916667,0.002139,0.930634,0.034204,0.364342,-215.449142,92.214828,84.650505
471,3.925000,0.002287,0.930614,0.034446,0.364371,-215.436935,92.214325,84.665817
472,3.933333,0.002548,0.930618,0.034730,0.364332,-215.424927,92.211395,84.682739
473,3.941667,0.002119,0.930438,0.034722,0.364794,-215.421127,92.221153,84.703804
474,3.950000,0.002291,0.930404,0.035032,0.364850,-215.415878,92.220558,84.719681
475,3.958333,0.003731,0.930498,0.035187,0.364585,-215.402313,92.207565,84.725266
476,3.966667,0.004549,0.930523,0.035346,0.364496,-215.399979,92.200562,84.727325
477,3.975000,0.004958,0.930583,0.035461,0.364325,-215.401810,92.196732,84.731178
478,3.983333,0.005126,0.930565,0.035684,0.364347,-215.402771,92.195465,84.732994
479,3.991667,0.002795,0.930279,0.035607,0.365111,-215.414688,92.217926,84.751503
480,4.000000,0.003821,0.930367,0.035746,0.364862,-215.406418,92.207970,84.756523
481,4.008333,0.004728,0.930517,0.036050,0.364440,-215.404419,92.197571,84.762520
482,4.016667,0.006615,0.930367,0.035615,0.364836,-215.404083,92.200562,84.766426
483,4.025000,0.006441,0.930781,0.036265,0.363716,-215.392212,92.195915,84.789604
484,4.033333,0.006466,0.930800,0.036707,0.363624,-215.391541,92.198830,84.802826
485,4.041667,0.006575,0.930657,0.036730,0.363986,-215.392853,92.198921,84.820808
486,4.050000,0.006483,0.930531,0.036849,0.364297,-215.391190,92.198776,84.835449
487,4.058333,0.006340,0.930457,0.036843,0.364489,-215.394409,92.202377,84.841194
488,4.066667,0.006045,0.930455,0.037105,0.364472,-215.400116,92.202431,84.844604
489,4.075000,0.005909,0.930416,0.036962,0.364588,-215.407593,92.203964,84.841637
490,4.083333,0.005459,0.930398,0.036767,0.364660,-215.410858,92.205147,84.831390
491,4.091667,0.005110,0.930226,0.036391,0.365142,-215.426987,92.206230,84.810753
492,4.100000,0.002739,0.929986,0.037015,0.365716,-215.453888,92.231491,84.781113
493,4.108333,0.002253,0.930087,0.036652,0.365499,-215.467697,92.227219,84.746849
494,4.116667,0.002429,0.930493,0.035747,0.364553,-215.448303,92.218452,84.708160
495,4.125000,0.002057,0.930797,0.034861,0.363864,-215.460617,92.215988,84.662994
496,4.133333,0.002021,0.930981,0.034452,0.363433,-215.469528,92.210670,84.656319
497,4.141667,0.001641,0.931047,0.034629,0.363247,-215.465164,92.211945,84.693237
498,4.150000,0.001199,0.930756,0.036737,0.363790,-215.463760,92.255310,84.728539
499,4.158333,0.002052,0.930252,0.039186,0.364818,-215.448730,92.305222,84.765152
500,4.166667,0.001921,0.930157,0.038291,0.365156,-215.441803,92.341522,84.778694
501,4.175000,0.001826,0.930185,0.037181,0.365199,-215.437057,92.386215,84.784210
502,4.183333,0.000910,0.930136,0.036212,0.365425,-215.436905,92.441467,84.785309
503,4.191667,0.001417,0.930099,0.036573,0.365480,-215.436172,92.490425,84.800499
504,4.200000,0.002132,0.930083,0.036578,0.365518,-215.431305,92.537407,84.824570
505,4.208333,0.004736,0.929645,0.034591,0.366798,-215.435959,92.605614,84.831024
506,4.216667,0.004487,0.929581,0.034109,0.367010,-215.429062,92.659302,84.846802
507,4.225000,0.003360,0.929601,0.033698,0.367008,-215.421265,92.716797,84.860123
508,4.233333,0.002728,0.929675,0.034031,0.366796,-215.421173,92.765488,84.872887
509,4.241667,0.002040,0.929748,0.034534,0.366568,-215.424423,92.808228,84.885460
510,4.250000,-0.000403,0.930227,0.035762,0.365238,-215.424301,92.854805,84.896317
511,4.258333,0.000150,0.930294,0.036965,0.364948,-215.427155,92.905220,84.900864
512,4.266667,0.001957,0.930291,0.036334,0.365014,-215.423370,92.961052,84.914062
513,4.275000,0.002602,0.930660,0.039504,0.363737,-215.431351,93.050995,84.916809
514,4.283333,0.000967,0.930254,0.034348,0.365304,-215.418503,93.102859,84.931190
515,4.291667,0.003840,0.929698,0.031739,0.366932,-215.430634,93.182732,84.915695
516,4.300000,0.004047,0.929968,0.034001,0.366043,-215.443542,93.252251,84.909187
517,4.308333,0.003318,0.930018,0.033732,0.365948,-215.445679,93.303856,84.907410
518,4.316667,0.002207,0.930009,0.033224,0.366025,-215.447098,93.354858,84.913979
519,4.325000,0.001471,0.930204,0.032984,0.365554,-215.441711,93.406906,84.917381
520,4.333333,0.001209,0.930470,0.032618,0.364911,-215.427521,93.454323,84.921944
521,4.341667,0.001035,0.930496,0.032492,0.364856,-215.414185,93.499390,84.932487
522,4.350000,0.000703,0.930337,0.032242,0.365285,-215.401291,93.544395,84.936035
523,4.358333,-0.000208,0.930305,0.031432,0.365437,-215.399582,93.601143,84.937653
524,4.366667,-0.000158,0.930258,0.031410,0.365559,-215.396667,93.644547,84.943680
525,4.375000,0.000309,0.930646,0.034459,0.364296,-215.406876,93.708572,84.935555
526,4.383333,0.000304,0.930734,0.034287,0.364087,-215.401703,93.756294,84.938866
527,4.391667,0.003093,0.930485,0.031853,0.364930,-215.407318,93.820335,84.932587
528,4.400000,0.002407,0.930562,0.031091,0.364804,-215.403015,93.869820,84.933578
529,4.408333,0.001836,0.930688,0.030782,0.364511,-215.395187,93.918777,84.937706
530,4.416667,0.000737,0.930790,0.030013,0.364320,-215.394180,93.980637,84.937935
531,4.425000,0.000122,0.930660,0.029465,0.364697,-215.394333,94.033340,84.938957
532,4.433333,-0.000055,0.930468,0.029049,0.365219,-215.392853,94.081474,84.940025
533,4.441667,-0.001222,0.930328,0.028023,0.365655,-215.394882,94.136398,84.940102
534,4.450000,-0.001501,0.930239,0.027689,0.365906,-215.392944,94.185738,84.936142
535,4.458333,-0.001965,0.930282,0.027099,0.365839,-215.391403,94.237465,84.930588
536,4.466667,-0.001922,0.930504,0.026312,0.365331,-215.388870,94.296837,84.923813
537,4.475000,0.000587,0.930740,0.026994,0.364683,-215.405823,94.389702,84.893677
538,4.483333,0.000257,0.930861,0.026342,0.364422,-215.399796,94.441269,84.889069
539,4.491667,-0.000778,0.930758,0.025798,0.364724,-215.398407,94.492928,84.888329
540,4.500000,-0.001550,0.930905,0.025490,0.364367,-215.394073,94.536316,84.877625
541,4.508333,-0.002006,0.930897,0.025073,0.364416,-215.389084,94.575394,84.872452
542,4.516667,-0.003132,0.930766,0.024071,0.364808,-215.387039,94.621239,84.869141
543,4.525000,-0.003568,0.930685,0.023522,0.365046,-215.379578,94.656311,84.875282
544,4.533333,-0.003700,0.930687,0.022954,0.365076,-215.370056,94.691483,84.879814
545,4.541667,-0.003748,0.930758,0.022080,0.364949,-215.360886,94.727661,84.881081
546,4.550000,-0.003674,0.930907,0.021109,0.364628,-215.349930,94.767395,84.879997
547,4.558333,-0.003988,0.930987,0.020550,0.364452,-215.344833,94.805893,84.874664
548,4.566667,-0.004332,0.930966,0.019838,0.364541,-215.343948,94.844887,84.866783
549,4.575000,-0.002154,0.930660,0.017831,0.365445,-215.354736,94.901421,84.847549
550,4.583333,-0.002238,0.930708,0.017584,0.365332,-215.356995,94.937332,84.842659
551,4.591667,-0.003349,0.930616,0.017592,0.365558,-215.359116,94.973846,84.843933
552,4.600000,-0.003759,0.931236,0.020651,0.363811,-215.370514,95.028336,84.819519
553,4.608333,-0.004247,0.931290,0.020686,0.363667,-215.367584,95.058243,84.811378
554,4.616667,-0.004029,0.931281,0.020092,0.363725,-215.362305,95.083496,84.810799
555,4.625000,-0.005552,0.931279,0.019040,0.363766,-215.362900,95.124611,84.806702
556,4.633333,-0.005750,0.931214,0.018640,0.363951,-215.360443,95.151634,84.808632
557,4.641667,-0.005647,0.931101,0.018312,0.364258,-215.354614,95.176079,84.813828
558,4.650000,-0.005807,0.931086,0.018298,0.364294,-215.349884,95.197258,84.817154
559,4.658333,-0.005604,0.931075,0.018230,0.364329,-215.343094,95.216545,84.822098
560,4.666667,-0.005746,0.931125,0.018100,0.364205,-215.338608,95.232750,84.823471
561,4.675000,-0.005565,0.931156,0.018051,0.364131,-215.331085,95.247185,84.827744
562,4.683333,-0.005450,0.931208,0.017964,0.364006,-215.326981,95.265755,84.830353
563,4.691667,-0.005464,0.931202,0.017611,0.364036,-215.321274,95.284584,84.833382
564,4.700000,-0.005430,0.931240,0.017213,0.363959,-215.316132,95.311707,84.833786
565,4.708333,-0.005515,0.931272,0.016979,0.363888,-215.312271,95.338318,84.833458
566,4.716667,-0.005879,0.931296,0.016650,0.363835,-215.308792,95.368034,84.831367
567,4.725000,-0.005930,0.931251,0.016054,0.363976,-215.305405,95.395660,84.831329
568,4.733333,-0.003432,0.930872,0.014140,0.365055,-215.312531,95.436897,84.818291
569,4.741667,-0.003443,0.930892,0.014103,0.365005,-215.310638,95.456390,84.819778
570,4.750000,-0.003637,0.930907,0.014079,0.364967,-215.306442,95.471535,84.822098
571,4.758333,-0.003958,0.930927,0.013917,0.364920,-215.302017,95.487579,84.823166
572,4.766667,-0.004676,0.930837,0.014049,0.365134,-215.303833,95.507362,84.830322
573,4.775000,-0.004919,0.930887,0.014224,0.364996,-215.303940,95.526634,84.829697
574,4.783333,-0.005498,0.930963,0.014416,0.364788,-215.304825,95.552307,84.828392
575,4.791667,-0.005627,0.931054,0.014081,0.364565,-215.297943,95.572319,84.818283
576,4.800000,-0.005758,0.931120,0.013888,0.364404,-215.293701,95.593163,84.815048
577,4.808333,-0.005222,0.931545,0.017565,0.363165,-215.302795,95.639343,84.799721
578,4.816667,-0.006254,0.931585,0.017066,0.363069,-215.306168,95.673576,84.790924
579,4.825000,-0.006253,0.931551,0.016615,0.363177,-215.302750,95.692093,84.790428
580,4.833333,-0.006357,0.931547,0.016279,0.363201,-215.295547,95.705048,84.791718
581,4.841667,-0.006091,0.931590,0.016229,0.363098,-215.289856,95.719543,84.793243
582,4.850000,-0.005784,0.931554,0.016427,0.363186,-215.284485,95.732162,84.798691
583,4.858333,-0.006206,0.931521,0.016003,0.363284,-215.283676,95.754707,84.796455
584,4.866667,-0.006424,0.931535,0.015790,0.363252,-215.280106,95.770821,84.798141
585,4.875000,-0.006609,0.931500,0.015446,0.363354,-215.276367,95.789238,84.797028
586,4.883333,-0.006889,0.931539,0.015085,0.363264,-215.273956,95.811287,84.794472
587,4.891667,-0.007196,0.931554,0.014683,0.363236,-215.272980,95.833092,84.788666
588,4.900000,-0.007311,0.931529,0.014267,0.363314,-215.272110,95.848969,84.785255
589,4.908333,-0.007483,0.931538,0.014271,0.363286,-215.268921,95.860275,84.786652
590,4.916667,-0.007425,0.931495,0.014131,0.363404,-215.265564,95.871727,84.786842
591,4.925000,-0.007541,0.931507,0.014206,0.363368,-215.259796,95.883583,84.787544
592,4.933333,-0.008009,0.931597,0.014043,0.363133,-215.249542,95.901680,84.789520
593,4.941667,-0.008148,0.931649,0.013408,0.363021,-215.233643,95.925301,84.791008
594,4.950000,-0.007791,0.931827,0.013053,0.362584,-215.219330,95.958885,84.788284
595,4.958333,-0.004799,0.931639,0.009947,0.363218,-215.205856,96.025917,84.769928
596,4.966667,-0.005625,0.931570,0.009174,0.363402,-215.193039,96.084656,84.763550
597,4.975000,-0.008038,0.931645,0.007482,0.363205,-215.172821,96.156586,84.735954
598,4.983333,-0.009194,0.931775,0.006822,0.362855,-215.144302,96.216896,84.730148
599,4.991667,-0.009838,0.931954,0.006485,0.362384,-215.125626,96.269310,84.722786
600,5.000000,-0.009890,0.932020,0.005854,0.362226,-215.111298,96.307999,84.711853
601,5.008333,-0.009237,0.932681,0.008871,0.360475,-215.111038,96.365128,84.692986
602,5.016667,-0.008994,0.932850,0.008499,0.360052,-215.101105,96.396561,84.687134
603,5.025000,-0.008997,0.932921,0.008130,0.359877,-215.101913,96.426292,84.678940
604,5.033333,-0.009040,0.932875,0.007448,0.360011,-215.109283,96.451942,84.670486
605,5.041667,-0.009457,0.932838,0.007017,0.360104,-215.113190,96.478966,84.665489
606,5.050000,-0.009542,0.932767,0.006343,0.360299,-215.117935,96.508240,84.662621
607,5.058333,-0.010001,0.932689,0.005621,0.360499,-215.118591,96.528656,84.656601
608,5.066667,-0.007467,0.932276,0.003807,0.361652,-215.128784,96.560516,84.643761
609,5.075000,-0.007915,0.932103,0.003524,0.362089,-215.134689,96.576088,84.648880
610,5.083333,-0.008552,0.932051,0.003250,0.362211,-215.137238,96.587975,84.648415
611,5.091667,-0.009167,0.932087,0.003246,0.362105,-215.141006,96.597710,84.646683
612,5.100000,-0.009820,0.932053,0.002968,0.362177,-215.144531,96.606674,84.643051
613,5.108333,-0.009161,0.932148,0.003023,0.361950,-215.143631,96.605751,84.640106
614,5.116667,-0.009327,0.932034,0.003036,0.362237,-215.146851,96.605835,84.645523
615,5.125000,-0.009500,0.932022,0.002961,0.362264,-215.143677,96.601891,84.647003
616,5.133333,-0.009472,0.932080,0.003264,0.362114,-215.143448,96.600311,84.645966
617,5.141667,-0.009517,0.932075,0.003255,0.362126,-215.141266,96.598389,84.645401
618,5.150000,-0.009526,0.932085,0.003062,0.362100,-215.140320,96.601959,84.643402
619,5.158333,-0.009647,0.932100,0.003052,0.362061,-215.139053,96.607056,84.641418
620,5.166667,-0.009818,0.932142,0.003103,0.361947,-215.136795,96.607361,84.641953
621,5.175000,-0.009967,0.932201,0.003228,0.361790,-215.136169,96.608261,84.642807
622,5.183333,-0.010086,0.932193,0.003202,0.361807,-215.135742,96.607079,84.641174
623,5.191667,-0.009924,0.932179,0.003289,0.361847,-215.137238,96.605194,84.640930
624,5.200000,-0.009912,0.932187,0.003273,0.361826,-215.137985,96.604431,84.640518
625,5.208333,-0.009906,0.932190,0.003173,0.361820,-215.139984,96.606194,84.640030
626,5.216667,-0.009805,0.932193,0.003325,0.361813,-215.139679,96.607422,84.640808
627,5.225000,-0.009757,0.932114,0.003049,0.362021,-215.141052,96.608330,84.639915
628,5.233333,-0.009787,0.932156,0.003196,0.361912,-215.143539,96.607964,84.640518
629,5.241667,-0.009785,0.932140,0.003311,0.361952,-215.144394,96.607628,84.640869
630,5.250000,-0.009838,0.932162,0.003306,0.361892,-215.145798,96.604523,84.642807
631,5.258333,-0.009740,0.932147,0.003362,0.361934,-215.145920,96.603729,84.642502
632,5.266667,-0.009796,0.932130,0.003274,0.361977,-215.145584,96.605911,84.641838
633,5.275000,-0.009658,0.932122,0.003162,0.362001,-215.144470,96.607193,84.642273
634,5.283333,-0.009699,0.932130,0.003260,0.361979,-215.142136,96.607910,84.641670
635,5.291667,-0.009825,0.932173,0.003297,0.361864,-215.141159,96.607155,84.642723
636,5.300000,-0.009805,0.932175,0.003338,0.361860,-215.140274,96.607361,84.641754
637,5.308333,-0.009796,0.932191,0.003280,0.361820,-215.139725,96.605644,84.641891
638,5.316667,-0.009778,0.932180,0.003256,0.361849,-215.138962,96.605026,84.642487
639,5.325000,-0.009896,0.932175,0.003222,0.361858,-215.138168,96.606407,84.641304
640,5.333333,-0.009809,0.932165,0.003253,0.361887,-215.137512,96.607529,84.640846
641,5.341667,-0.009834,0.932154,0.003219,0.361914,-215.138000,96.606377,84.641991
642,5.350000,-0.009706,0.932144,0.003198,0.361944,-215.139801,96.607346,84.641571
643,5.358333,-0.009926,0.932164,0.003277,0.361885,-215.140625,96.606697,84.640976
644,5.366667,-0.009760,0.932167,0.003253,0.361882,-215.141678,96.605797,84.640686
645,5.375000,-0.009710,0.932145,0.003235,0.361941,-215.142776,96.605522,84.641548
646,5.383333,-0.009608,0.932133,0.003122,0.361975,-215.143112,96.606468,84.640930
647,5.391667,-0.009632,0.932151,0.003247,0.361927,-215.144257,96.608635,84.640404
648,5.400000,-0.009629,0.932127,0.003420,0.361988,-215.143341,96.607330,84.641418
649,5.408333,-0.009780,0.932153,0.003216,0.361918,-215.143127,96.606140,84.642426
650,5.416667,-0.009919,0.932164,0.003190,0.361887,-215.143448,96.607086,84.641319
651,5.425000,-0.009889,0.932144,0.003238,0.361937,-215.142563,96.605812,84.641167
652,5.433333,-0.009649,0.932146,0.003270,0.361939,-215.142090,96.607964,84.641472
653,5.441667,-0.009722,0.932140,0.003165,0.361954,-215.141510,96.608521,84.641632
654,5.450000,-0.009707,0.932146,0.003262,0.361937,-215.140869,96.608223,84.641159
655,5.458333,-0.009679,0.932138,0.003182,0.361960,-215.139801,96.608093,84.642014
656,5.466667,-0.009794,0.932176,0.003306,0.361859,-215.139526,96.607170,84.641846
657,5.475000,-0.009604,0.932164,0.003278,0.361895,-215.139557,96.607346,84.640961
658,5.483333,-0.009412,0.932172,0.004031,0.361870,-215.139771,96.611198,84.636345
659,5.491667,-0.009433,0.932180,0.004241,0.361846,-215.139252,96.611832,84.636253
660,5.500000,-0.009399,0.932253,0.004519,0.361656,-215.142609,96.614388,84.632584
661,5.508333,-0.009375,0.932312,0.004855,0.361500,-215.142822,96.616699,84.631744
662,5.516667,-0.009332,0.932399,0.005144,0.361274,-215.145447,96.618507,84.629578
663,5.525000,-0.009388,0.932427,0.005438,0.361196,-215.147400,96.620468,84.625694
664,5.533333,-0.009440,0.932467,0.005587,0.361088,-215.148026,96.622040,84.625206
665,5.541667,-0.009698,0.932528,0.005482,0.360925,-215.150040,96.621803,84.622696
666,5.550000,-0.009733,0.932615,0.004809,0.360709,-215.152618,96.619743,84.622292
667,5.558333,-0.009797,0.932669,0.004517,0.360572,-215.153915,96.617722,84.622368
668,5.566667,-0.009966,0.932702,0.004297,0.360485,-215.154449,96.617821,84.621635
669,5.575000,-0.009900,0.932703,0.004237,0.360484,-215.155243,96.616333,84.621521
670,5.583333,-0.009719,0.932692,0.004117,0.360520,-215.155167,96.616783,84.620895
671,5.591667,-0.009962,0.932740,0.004158,0.360387,-215.154221,96.614845,84.622734
672,5.600000,-0.009896,0.932738,0.003987,0.360396,-215.153931,96.615036,84.622276
673,5.608333,-0.009961,0.932752,0.003984,0.360359,-215.152878,96.614082,84.623543
674,5.616667,-0.009873,0.932776,0.003829,0.360300,-215.153809,96.614113,84.623253
675,5.625000,-0.009886,0.932760,0.003779,0.360342,-215.153152,96.613983,84.624138
676,5.633333,-0.009827,0.932792,0.003741,0.360263,-215.154312,96.615364,84.626137
677,5.641667,-0.009801,0.932771,0.003536,0.360320,-215.156631,96.619896,84.625481
678,5.650000,-0.009018,0.932822,0.003365,0.360209,-215.151291,96.617546,84.625336
679,5.658333,-0.010147,0.932806,0.002487,0.360226,-215.158768,96.634415,84.617668
680,5.666667,-0.010330,0.932802,0.002057,0.360236,-215.165756,96.641151,84.619774
681,5.675000,-0.010460,0.932812,0.002153,0.360205,-215.171082,96.645203,84.624847
682,5.683333,-0.010398,0.932847,0.002232,0.360116,-215.177673,96.648010,84.633522
683,5.691667,-0.010090,0.932797,0.002326,0.360253,-215.184753,96.643501,84.644196
684,5.700000,-0.010557,0.932634,0.002474,0.360662,-215.199112,96.640404,84.669174
685,5.708333,-0.009827,0.932254,0.003327,0.361655,-215.212585,96.620323,84.711075
686,5.716667,-0.007569,0.931957,0.003154,0.362476,-215.222351,96.583450,84.752220
687,5.725000,-0.006891,0.932051,0.002898,0.362250,-215.252380,96.555084,84.797379
688,5.733333,-0.009998,0.932147,0.004910,0.361908,-215.274094,96.507278,84.843002
689,5.741667,-0.010636,0.931851,0.005062,0.362649,-215.305283,96.483765,84.877831
690,5.750000,-0.010863,0.931506,0.004866,0.363532,-215.338486,96.466293,84.912544
691,5.758333,-0.010981,0.931235,0.004664,0.364223,-215.378876,96.455833,84.943481
692,5.766667,-0.010624,0.930835,0.004954,0.365251,-215.423889,96.441849,84.969398
693,5.775000,-0.009793,0.931060,0.008560,0.364635,-215.481094,96.445358,84.994339
694,5.783333,-0.008882,0.930902,0.009599,0.365035,-215.540283,96.426735,85.021576
695,5.791667,-0.010067,0.929855,0.004613,0.367760,-215.589401,96.374542,85.086281
696,5.800000,-0.011033,0.929482,0.003857,0.368683,-215.658401,96.348938,85.129974
697,5.808333,-0.011566,0.929086,0.004360,0.369657,-215.726517,96.325996,85.164482
698,5.816667,-0.011736,0.928817,0.004781,0.370321,-215.781921,96.303017,85.219299
699,5.825000,-0.010740,0.928849,0.005157,0.370266,-215.863632,96.289368,85.274590
700,5.833333,-0.010359,0.928575,0.005435,0.370960,-215.934967,96.271774,85.309212
701,5.841667,-0.010290,0.928007,0.004131,0.372398,-216.002625,96.244820,85.345444
702,5.850000,-0.010327,0.927470,0.004039,0.373733,-216.084259,96.219345,85.387558
703,5.858333,-0.011207,0.926856,0.003545,0.375232,-216.166977,96.208023,85.438332
704,5.866667,-0.011224,0.926368,0.003615,0.376436,-216.244431,96.187698,85.488991
705,5.875000,-0.011283,0.926062,0.003626,0.377185,-216.320419,96.166611,85.530617
706,5.883333,-0.013002,0.925593,0.001246,0.378295,-216.389938,96.131943,85.590096
707,5.891667,-0.012395,0.925253,0.000848,0.379147,-216.472244,96.122467,85.635849
708,5.900000,-0.012647,0.924800,0.000459,0.380243,-216.560455,96.123436,85.685593
709,5.908333,-0.012122,0.924533,0.002279,0.380904,-216.654663,96.136627,85.731277
710,5.916667,-0.011656,0.924070,0.002029,0.382040,-216.742798,96.136940,85.785332
711,5.925000,-0.011748,0.923567,0.001429,0.383255,-216.833679,96.136757,85.828819
712,5.933333,-0.013498,0.922630,-0.002368,0.385442,-216.930679,96.124367,85.889038
713,5.941667,-0.014147,0.922112,-0.002962,0.386654,-217.021057,96.135727,85.941116
714,5.950000,-0.014293,0.921822,-0.003763,0.387332,-217.115097,96.152390,86.002991
715,5.958333,-0.013444,0.921832,-0.001719,0.387353,-217.208694,96.182350,86.043396
716,5.966667,-0.010248,0.921055,-0.004141,0.389274,-217.303925,96.222099,86.074150
717,5.975000,-0.010509,0.920379,-0.005536,0.390846,-217.395187,96.239494,86.119125
718,5.983333,-0.012493,0.919288,-0.009238,0.393278,-217.488068,96.245918,86.178467
719,5.991667,-0.014281,0.918498,-0.010919,0.395018,-217.602661,96.275101,86.225395
720,6.000000,-0.014380,0.918189,-0.011866,0.395703,-217.700958,96.291832,86.279510
721,6.008333,-0.014973,0.918448,-0.010230,0.395127,-217.812820,96.320641,86.310631
722,6.016667,-0.015295,0.918091,-0.010147,0.395945,-217.903397,96.330025,86.345436
723,6.025000,-0.016652,0.917147,-0.011335,0.398040,-218.014069,96.344536,86.393349
724,6.033333,-0.017505,0.916385,-0.012078,0.399733,-218.118668,96.348564,86.426704
725,6.041667,-0.018578,0.915557,-0.014632,0.401493,-218.218918,96.343506,86.473068
726,6.050000,-0.018593,0.915199,-0.015556,0.402274,-218.320724,96.332283,86.507957
727,6.058333,-0.018661,0.915281,-0.013640,0.402152,-218.438904,96.329010,86.538750
728,6.066667,-0.018669,0.914834,-0.012962,0.403191,-218.557770,96.314514,86.575470
729,6.075000,-0.019365,0.914043,-0.012840,0.404951,-218.670914,96.302002,86.617249
730,6.083333,-0.019418,0.913440,-0.013691,0.406279,-218.775467,96.290604,86.649055
731,6.091667,-0.018482,0.912618,-0.016164,0.408075,-218.884323,96.242584,86.686996
732,6.100000,-0.018356,0.911879,-0.016461,0.409718,-219.000290,96.218239,86.717949
733,6.108333,-0.017980,0.911551,-0.014262,0.410546,-219.116043,96.212784,86.749306
734,6.116667,-0.018972,0.910646,-0.013302,0.412538,-219.234421,96.195091,86.787071
735,6.125000,-0.018754,0.910590,-0.013321,0.412670,-219.351837,96.163292,86.822197
736,6.133333,-0.019106,0.910105,-0.013388,0.413720,-219.467117,96.134003,86.850449
737,6.141667,-0.018188,0.909362,-0.013153,0.415399,-219.574646,96.090355,86.889145
738,6.150000,-0.017497,0.908226,-0.015499,0.417826,-219.673584,96.046501,86.934921
739,6.158333,-0.017061,0.907381,-0.015933,0.419659,-219.797211,96.013016,86.971107
740,6.166667,-0.017093,0.907446,-0.013255,0.419612,-219.916580,96.002373,86.983208
741,6.175000,-0.017233,0.906963,-0.013330,0.420646,-220.023270,95.983414,87.005394
742,6.183333,-0.016720,0.906187,-0.012896,0.422349,-220.135574,95.956490,87.027786
743,6.191667,-0.017532,0.905532,-0.013027,0.423716,-220.258591,95.936226,87.053741
744,6.200000,-0.017892,0.905470,-0.013054,0.423833,-220.376465,95.910393,87.090981
745,6.208333,-0.017833,0.904113,-0.015187,0.426651,-220.501541,95.866951,87.143501
746,6.216667,-0.017054,0.903322,-0.015309,0.428351,-220.616241,95.830238,87.167847
747,6.225000,-0.016804,0.903384,-0.012294,0.428326,-220.750839,95.816956,87.184044
748,6.233333,-0.013504,0.902070,-0.014699,0.431128,-220.906647,95.802055,87.188713
749,6.241667,-0.013690,0.901147,-0.014578,0.433052,-221.026947,95.776764,87.212601
750,6.250000,-0.014223,0.900195,-0.014440,0.435015,-221.161621,95.758568,87.240257
751,6.258333,-0.013641,0.899775,-0.014434,0.435902,-221.291306,95.724396,87.246223
752,6.266667,-0.013217,0.898994,-0.018057,0.437390,-221.409943,95.681961,87.293503
753,6.275000,-0.013121,0.898539,-0.014473,0.438458,-221.552750,95.667442,87.306526
754,6.283333,-0.013424,0.897804,-0.014272,0.439960,-221.692322,95.636444,87.328377
755,6.291667,-0.013381,0.897130,-0.014549,0.441323,-221.832352,95.603493,87.346039
756,6.300000,-0.013508,0.896108,-0.014133,0.443405,-221.963959,95.571899,87.365738
757,6.308333,-0.013387,0.895412,-0.013508,0.444832,-222.096878,95.539810,87.385582
758,6.316667,-0.013666,0.894853,-0.013649,0.445942,-222.240738,95.507469,87.388779
759,6.325000,-0.014396,0.893251,-0.017195,0.448999,-222.358063,95.462440,87.434967
760,6.333333,-0.013867,0.892924,-0.014166,0.449771,-222.501083,95.457634,87.449089
761,6.341667,-0.014646,0.891679,-0.017588,0.452089,-222.636993,95.423225,87.486992
762,6.350000,-0.013912,0.891154,-0.018302,0.453118,-222.763641,95.389160,87.499245
763,6.358333,-0.014096,0.890218,-0.017628,0.454975,-222.894577,95.355209,87.503395
764,6.366667,-0.014482,0.889629,-0.017414,0.456121,-223.023636,95.327042,87.517639
765,6.375000,-0.013921,0.889119,-0.017382,0.457134,-223.164581,95.285400,87.530014
766,6.383333,-0.014256,0.888169,-0.017164,0.458976,-223.299026,95.255898,87.547218
767,6.391667,-0.014484,0.887403,-0.017105,0.460449,-223.431259,95.234924,87.570007
768,6.400000,-0.015648,0.886661,-0.017398,0.461828,-223.581284,95.214890,87.561745
769,6.408333,-0.016813,0.885876,-0.018384,0.463252,-223.704941,95.204636,87.560890
770,6.416667,-0.016818,0.885011,-0.018157,0.464912,-223.829391,95.181587,87.560524
771,6.425000,-0.016055,0.884296,-0.017689,0.466315,-223.953918,95.141968,87.565239
772,6.433333,-0.015764,0.884158,-0.017859,0.466581,-224.076813,95.107933,87.578285
773,6.441667,-0.015547,0.883088,-0.016871,0.468646,-224.210785,95.063354,87.579636
774,6.450000,-0.015961,0.882270,-0.017306,0.470155,-224.339432,95.033577,87.604485
775,6.458333,-0.016555,0.881656,-0.017032,0.471294,-224.488785,94.993782,87.608986
776,6.466667,-0.016336,0.880782,-0.016401,0.472956,-224.614624,94.959167,87.611816
777,6.475000,-0.015352,0.880094,-0.016080,0.474278,-224.744278,94.920227,87.618706
778,6.483333,-0.014718,0.879415,-0.015866,0.475563,-224.891251,94.874603,87.611053
779,6.491667,-0.014753,0.878510,-0.015708,0.477237,-225.013062,94.851158,87.614838
780,6.500000,-0.015273,0.877197,-0.016024,0.479620,-225.160477,94.821335,87.611069
781,6.508333,-0.012340,0.876072,-0.018002,0.481686,-225.304703,94.813034,87.599907
782,6.516667,-0.012185,0.874915,-0.017874,0.483793,-225.451019,94.784515,87.598740
783,6.525000,-0.011655,0.874458,-0.016999,0.484663,-225.584534,94.753494,87.604210
784,6.533333,-0.011358,0.874043,-0.017130,0.485414,-225.726273,94.718758,87.606232
785,6.541667,-0.010994,0.873275,-0.016654,0.486819,-225.857635,94.683662,87.602844
786,6.550000,-0.011149,0.872277,-0.016633,0.488603,-225.986893,94.652206,87.596603
787,6.558333,-0.011197,0.871562,-0.016448,0.489881,-226.133224,94.616219,87.590805
788,6.566667,-0.011270,0.870546,-0.016133,0.491694,-226.259918,94.590370,87.586227
789,6.575000,-0.011582,0.869595,-0.015376,0.493391,-226.390381,94.556976,87.572342
790,6.583333,-0.011618,0.870212,-0.012437,0.492383,-226.522400,94.550812,87.544518
791,6.591667,-0.011158,0.869426,-0.011586,0.493802,-226.643188,94.520859,87.531448
792,6.600000,-0.011274,0.867663,-0.015407,0.496786,-226.738785,94.473938,87.541855
793,6.608333,-0.011347,0.867862,-0.012816,0.496511,-226.861404,94.464531,87.521294
794,6.616667,-0.011458,0.867059,-0.011539,0.497940,-226.980301,94.431343,87.497681
795,6.625000,-0.011474,0.866391,-0.011314,0.499106,-227.067352,94.407852,87.490883
796,6.633333,-0.011252,0.865728,-0.010947,0.500269,-227.159500,94.379440,87.478806
797,6.641667,-0.011346,0.865097,-0.010529,0.501366,-227.271820,94.335564,87.448837
798,6.650000,-0.011256,0.864691,-0.010588,0.502067,-227.351761,94.308418,87.436172
799,6.658333,-0.011154,0.863885,-0.009836,0.503470,-227.440948,94.277939,87.419090
800,6.666667,-0.011186,0.862718,-0.012526,0.505406,-227.526825,94.223801,87.410767
801,6.675000,-0.010915,0.862289,-0.013345,0.506123,-227.615112,94.183380,87.393288
802,6.683333,-0.011243,0.861598,-0.012236,0.507320,-227.712326,94.136055,87.367210
803,6.691667,-0.010758,0.860842,-0.011435,0.508630,-227.800125,94.096550,87.349831
804,6.700000,-0.010641,0.860500,-0.010948,0.509221,-227.886505,94.060776,87.331024
805,6.708333,-0.010386,0.860737,-0.006902,0.508897,-228.010376,94.031731,87.282265
806,6.716667,-0.010408,0.859532,-0.009565,0.510886,-228.077118,93.983208,87.285721
807,6.725000,-0.009975,0.859496,-0.006331,0.511006,-228.169464,93.972206,87.252655
808,6.733333,-0.010321,0.859091,-0.005532,0.511689,-228.279022,93.934929,87.215797
809,6.741667,-0.010348,0.858617,-0.005507,0.512484,-228.354309,93.908920,87.194321
810,6.750000,-0.009985,0.858075,-0.005495,0.513397,-228.423889,93.883926,87.181511
811,6.758333,-0.009809,0.857372,-0.004306,0.514586,-228.513626,93.851715,87.162079
812,6.766667,-0.009388,0.856991,-0.004241,0.515228,-228.591232,93.828674,87.147163
813,6.775000,-0.009339,0.856763,-0.004003,0.515610,-228.679077,93.809715,87.142738
814,6.783333,-0.009797,0.855783,-0.003614,0.517230,-228.772156,93.783821,87.126785
815,6.791667,-0.009492,0.854900,-0.003254,0.518696,-228.852295,93.767578,87.116402
816,6.800000,-0.008869,0.854762,-0.003801,0.518931,-228.933838,93.753448,87.117981
817,6.808333,-0.008868,0.854531,-0.004216,0.519308,-229.021103,93.734108,87.105217
818,6.816667,-0.005056,0.852916,-0.005795,0.521992,-229.126160,93.733803,87.064583
819,6.825000,-0.005001,0.852379,-0.005875,0.522868,-229.204605,93.720047,87.056343
820,6.833333,-0.004911,0.851875,-0.005905,0.523689,-229.279922,93.705940,87.053268
821,6.841667,-0.005786,0.851067,-0.005643,0.524995,-229.379242,93.687920,87.039635
822,6.850000,-0.005860,0.850808,-0.006206,0.525407,-229.467896,93.672348,87.028046
823,6.858333,-0.005771,0.850256,-0.005957,0.526304,-229.553467,93.653854,87.021019
824,6.866667,-0.006669,0.849396,-0.006028,0.527680,-229.642654,93.643547,87.002998
825,6.875000,-0.007098,0.848637,-0.005267,0.528902,-229.738403,93.622208,86.983528
826,6.883333,-0.007070,0.848406,-0.005506,0.529270,-229.818604,93.604019,86.969864
827,6.891667,-0.006732,0.847998,-0.005549,0.529927,-229.919510,93.581978,86.947723
828,6.900000,-0.007317,0.847253,-0.004904,0.531117,-230.005234,93.568573,86.930260
829,6.908333,-0.006860,0.846098,-0.006829,0.532940,-230.077820,93.544846,86.927948
830,6.916667,-0.007727,0.845878,-0.007380,0.533270,-230.169495,93.533165,86.909843
831,6.925000,-0.008037,0.845105,-0.007381,0.534490,-230.257935,93.521347,86.887718
832,6.933333,-0.008396,0.845151,-0.005784,0.534430,-230.341522,93.530434,86.873047
833,6.941667,-0.008253,0.844469,-0.005959,0.535508,-230.414108,93.520912,86.861656
834,6.950000,-0.008298,0.843853,-0.006047,0.536476,-230.483582,93.508080,86.848885
835,6.958333,-0.008077,0.843108,-0.005745,0.537652,-230.564407,93.487236,86.832611
836,6.966667,-0.007866,0.842863,-0.005933,0.538039,-230.640839,93.467934,86.816422
837,6.975000,-0.007525,0.842544,-0.006416,0.538537,-230.704208,93.458603,86.800804
838,6.983333,-0.007150,0.841765,-0.005968,0.539764,-230.786774,93.435867,86.779228
839,6.991667,-0.007756,0.841037,-0.005330,0.540896,-230.865448,93.421341,86.760139
840,7.000000,-0.007897,0.840678,-0.005554,0.541449,-230.941605,93.406754,86.746254
841,7.008333,-0.007779,0.840431,-0.006185,0.541828,-231.027939,93.387917,86.724785
842,7.016667,-0.007978,0.839645,-0.005666,0.543047,-231.125641,93.360939,86.696915
843,7.025000,-0.008794,0.838959,-0.005072,0.544099,-231.195190,93.348671,86.681793
844,7.033333,-0.008874,0.838421,-0.005043,0.544927,-231.261261,93.332710,86.674881
845,7.041667,-0.004369,0.837459,-0.006565,0.546443,-231.353134,93.332123,86.641602
846,7.050000,-0.005020,0.836875,-0.006347,0.547334,-231.440002,93.314651,86.612534
847,7.058333,-0.005613,0.836392,-0.006576,0.548064,-231.502869,93.300507,86.599251
848,7.066667,-0.005675,0.835821,-0.006478,0.548935,-231.559708,93.286339,86.590256
849,7.075000,-0.005403,0.835149,-0.005589,0.549969,-231.629608,93.262619,86.570221
850,7.083333,-0.005522,0.834746,-0.005793,0.550577,-231.699295,93.241226,86.551247
851,7.091667,-0.005909,0.834634,-0.006349,0.550737,-231.759399,93.224541,86.531967
852,7.100000,-0.006053,0.834439,-0.006495,0.551029,-231.816223,93.212418,86.514137
853,7.108333,-0.005796,0.833685,-0.007159,0.552163,-231.867477,93.195793,86.502037
854,7.116667,-0.005795,0.832871,-0.006412,0.553399,-231.927734,93.177719,86.482529
855,7.125000,-0.005740,0.832434,-0.005926,0.554063,-231.984116,93.159660,86.467659
856,7.133333,-0.005513,0.832325,-0.006576,0.554221,-232.038452,93.140068,86.457039
857,7.141667,-0.005269,0.832132,-0.006607,0.554513,-232.108475,93.117416,86.437424
858,7.150000,-0.005569,0.831705,-0.004792,0.555169,-232.187531,93.094269,86.414078
859,7.158333,-0.006599,0.830808,-0.005287,0.556495,-232.267075,93.078743,86.382561
860,7.166667,-0.006087,0.830173,-0.005013,0.557450,-232.343201,93.048790,86.361404
861,7.175000,-0.005220,0.829322,-0.005035,0.558723,-232.440369,93.003563,86.314949
862,7.183333,-0.005393,0.828599,-0.004238,0.559800,-232.538223,92.949226,86.282562
863,7.191667,-0.004171,0.827635,-0.002224,0.561247,-232.635452,92.886765,86.252922
864,7.200000,-0.004237,0.827453,-0.001794,0.561516,-232.741196,92.827759,86.214516
865,7.208333,-0.003592,0.826508,-0.000816,0.562913,-232.849197,92.779106,86.172630
866,7.216667,-0.004183,0.825816,-0.000242,0.563925,-232.948380,92.743698,86.130157
867,7.225000,-0.004643,0.825003,-0.000961,0.565109,-233.071350,92.717888,86.074303
868,7.233333,-0.004939,0.824111,-0.000228,0.566406,-233.180450,92.695580,86.030487
869,7.241667,-0.005149,0.823268,0.000294,0.567629,-233.286743,92.679062,85.986801
870,7.250000,-0.005216,0.822523,0.000595,0.568707,-233.413651,92.646240,85.936211
871,7.258333,-0.004236,0.821567,0.001163,0.570095,-233.538696,92.622131,85.884407
872,7.266667,-0.004012,0.820371,0.001667,0.571815,-233.656342,92.606400,85.832123
873,7.275000,-0.003952,0.820601,0.004714,0.571468,-233.800079,92.611809,85.756836
874,7.283333,0.000728,0.818705,0.003492,0.574204,-233.925446,92.635094,85.682144
875,7.291667,-0.000187,0.817544,0.002915,0.575858,-234.023254,92.647667,85.624939
876,7.300000,-0.000865,0.816703,0.002466,0.577052,-234.143494,92.650345,85.558846
877,7.308333,-0.003035,0.816041,0.001219,0.577985,-234.247726,92.666153,85.508530
878,7.316667,-0.004354,0.815307,0.001054,0.579012,-234.338287,92.661392,85.475548
879,7.325000,-0.004418,0.814147,0.001586,0.580640,-234.431580,92.645340,85.443878
880,7.333333,-0.004703,0.813401,0.001777,0.581681,-234.517151,92.636200,85.412766
881,7.341667,-0.004660,0.813210,0.000716,0.581952,-234.596588,92.634384,85.383163
882,7.350000,-0.004384,0.812488,0.000724,0.582961,-234.676651,92.632675,85.346291
883,7.358333,-0.004016,0.811512,0.001064,0.584320,-234.746979,92.639481,85.308853
884,7.366667,-0.000126,0.810217,-0.000245,0.586130,-234.807663,92.671051,85.260582
885,7.375000,-0.000419,0.809852,-0.000617,0.586634,-234.866837,92.675537,85.228127
886,7.383333,-0.001186,0.810038,-0.000981,0.586376,-234.935852,92.664085,85.199951
887,7.391667,-0.001016,0.809336,-0.000617,0.587344,-235.002563,92.649689,85.171349
888,7.400000,-0.001489,0.808395,-0.000301,0.588639,-235.065079,92.644875,85.152222
889,7.408333,-0.002403,0.808068,-0.000462,0.589084,-235.107834,92.651215,85.129631
890,7.416667,-0.003469,0.808656,0.002717,0.588265,-235.157593,92.680809,85.097000
891,7.425000,-0.004106,0.808504,0.002920,0.588469,-235.198730,92.696342,85.070625
892,7.433333,-0.004523,0.808027,0.002605,0.589122,-235.245697,92.699608,85.042313
893,7.441667,-0.005309,0.807538,0.002698,0.589785,-235.287506,92.697647,85.014000
894,7.450000,-0.004435,0.807192,0.001948,0.590269,-235.323502,92.685646,84.988922
895,7.458333,-0.004290,0.807278,0.001840,0.590153,-235.359573,92.671707,84.970604
896,7.466667,-0.003232,0.807428,0.002113,0.589953,-235.388992,92.661316,84.965988
897,7.475000,-0.003313,0.807129,0.002206,0.590362,-235.406189,92.657600,84.959061
898,7.483333,-0.003408,0.807005,0.002089,0.590531,-235.413574,92.663429,84.953400
899,7.491667,-0.002836,0.806918,0.001473,0.590655,-235.417145,92.668625,84.945488
900,7.500000,-0.002813,0.806773,0.000606,0.590855,-235.416000,92.671310,84.932129
901,7.508333,-0.002587,0.806873,-0.000124,0.590719,-235.408066,92.664642,84.919243
902,7.516667,-0.003068,0.806916,-0.001012,0.590657,-235.399200,92.649658,84.908226
903,7.525000,-0.000956,0.806329,-0.003749,0.591455,-235.356552,92.557556,84.928925
904,7.533333,0.000700,0.806345,-0.004405,0.591428,-235.322601,92.541664,84.929634
905,7.541667,0.002166,0.806385,-0.004601,0.591369,-235.290939,92.530289,84.944695
906,7.550000,0.003825,0.806246,-0.004212,0.591553,-235.265274,92.525108,84.965858
907,7.558333,0.005239,0.806498,-0.003209,0.591205,-235.249802,92.522102,84.986191
908,7.566667,0.005766,0.806499,-0.002329,0.591202,-235.250671,92.522621,85.007133
909,7.575000,0.005998,0.806758,-0.001645,0.590850,-235.251434,92.523178,85.023102
910,7.583333,0.006506,0.806822,-0.001568,0.590757,-235.258347,92.528931,85.040871
911,7.591667,0.006356,0.806793,-0.001113,0.590799,-235.265015,92.531540,85.067871
912,7.600000,0.006590,0.806344,-0.000428,0.591410,-235.269928,92.532120,85.102867
913,7.608333,0.006858,0.805768,-0.000003,0.592191,-235.275681,92.528374,85.151962
914,7.616667,0.008739,0.805830,0.002130,0.592078,-235.284637,92.516159,85.215294
915,7.625000,0.010022,0.806188,0.003513,0.591564,-235.300201,92.509964,85.266197
916,7.633333,0.010302,0.806430,0.004896,0.591220,-235.317047,92.507492,85.313232
917,7.641667,0.009711,0.806729,0.006875,0.590801,-235.333115,92.501915,85.365700
918,7.650000,0.010608,0.806752,0.008430,0.590735,-235.351746,92.496231,85.418770
919,7.658333,0.011705,0.806623,0.009946,0.590867,-235.367615,92.489540,85.477898
920,7.666667,0.013800,0.806964,0.012310,0.590311,-235.387512,92.478233,85.542503
921,7.675000,0.015065,0.807559,0.014085,0.589427,-235.411072,92.470535,85.600349
922,7.683333,0.016577,0.808295,0.016386,0.588316,-235.438232,92.471268,85.683205
923,7.691667,0.014090,0.809592,0.018697,0.586526,-235.448273,92.459503,85.754326
924,7.700000,0.013411,0.810902,0.020083,0.584684,-235.456604,92.462196,85.814026
925,7.708333,0.013477,0.812260,0.020772,0.582770,-235.459274,92.467155,85.856911
926,7.716667,0.013830,0.813244,0.021167,0.581373,-235.455032,92.464287,85.875328
927,7.725000,0.013965,0.813792,0.021316,0.580597,-235.452728,92.464264,85.879372
928,7.733333,0.014079,0.813889,0.021451,0.580454,-235.448868,92.461273,85.876518
929,7.741667,0.014228,0.814132,0.024655,0.579982,-235.454178,92.481712,85.854210
930,7.750000,0.014566,0.812579,0.020576,0.582305,-235.428192,92.459175,85.854538
931,7.758333,0.014731,0.811260,0.019138,0.584186,-235.411407,92.456032,85.835739
932,7.766667,0.018912,0.808903,0.016344,0.587410,-235.394745,92.475487,85.795616
933,7.775000,0.019236,0.806714,0.015500,0.590426,-235.359024,92.475197,85.764839
934,7.783333,0.018226,0.804786,0.013119,0.593140,-235.329941,92.475990,85.735062
935,7.791667,0.017611,0.804363,0.012136,0.593753,-235.317047,92.472679,85.689743
936,7.800000,0.016120,0.804354,0.012508,0.593800,-235.319550,92.475578,85.646370
937,7.808333,0.015156,0.804341,0.012030,0.593852,-235.324829,92.478668,85.619247
938,7.816667,0.014307,0.804324,0.011457,0.593908,-235.327393,92.486450,85.600594
939,7.825000,0.013399,0.804389,0.010939,0.593851,-235.324020,92.495049,85.589775
940,7.833333,0.013025,0.804393,0.010593,0.593860,-235.320953,92.502426,85.585724
941,7.841667,0.012585,0.804439,0.010770,0.593805,-235.326965,92.506271,85.587952
942,7.850000,0.012379,0.804352,0.011045,0.593922,-235.331894,92.505966,85.600494
943,7.858333,0.013243,0.804147,0.011273,0.594176,-235.335846,92.513000,85.618942
944,7.866667,0.013916,0.803623,0.011219,0.594871,-235.340408,92.508728,85.658417
945,7.875000,0.018400,0.803742,0.013802,0.594534,-235.318115,92.473236,85.726776
946,7.883333,0.019321,0.803825,0.014746,0.594369,-235.315323,92.470779,85.764229
947,7.891667,0.019747,0.804327,0.016357,0.593634,-235.323456,92.478661,85.786591
948,7.900000,0.019778,0.804786,0.016693,0.593000,-235.330276,92.480850,85.797028
949,7.908333,0.019567,0.805146,0.016360,0.592528,-235.338501,92.479698,85.796440
950,7.916667,0.019329,0.805659,0.016252,0.591842,-235.351013,92.479546,85.786423
951,7.925000,0.019112,0.805868,0.014972,0.591597,-235.352325,92.470261,85.773300
952,7.933333,0.019135,0.805941,0.014306,0.591514,-235.346603,92.468246,85.753677
953,7.941667,0.019226,0.806006,0.013739,0.591435,-235.330780,92.466698,85.729362
954,7.950000,0.018464,0.806021,0.012492,0.591467,-235.321671,92.471466,85.703995
955,7.958333,0.017964,0.806384,0.012604,0.590985,-235.314041,92.477982,85.675011
956,7.966667,0.017291,0.806465,0.012538,0.590895,-235.316879,92.479637,85.656670
957,7.975000,0.016678,0.806336,0.012299,0.591095,-235.323914,92.486069,85.648293
958,7.983333,0.016344,0.806314,0.012173,0.591137,-235.323029,92.490814,85.653038
959,7.991667,0.015972,0.806150,0.011479,0.591384,-235.326889,92.495544,85.670525
960,8.000000,0.015729,0.805935,0.011763,0.591679,-235.338715,92.500755,85.694992
961,8.008333,0.018939,0.806005,0.013685,0.591447,-235.330063,92.472443,85.737885
962,8.016667,0.019427,0.805841,0.014355,0.591639,-235.335953,92.468491,85.756760
963,8.025000,0.019065,0.805980,0.015627,0.591429,-235.350891,92.477966,85.760025
964,8.033333,0.019457,0.805726,0.014464,0.591792,-235.340332,92.469482,85.765442
965,8.041667,0.019506,0.805750,0.014290,0.591762,-235.332306,92.468330,85.756454
966,8.050000,0.018800,0.805591,0.013468,0.592020,-235.334488,92.471588,85.744225
967,8.058333,0.018936,0.805894,0.012904,0.591616,-235.326721,92.468819,85.719009
968,8.066667,0.017983,0.805951,0.012164,0.591583,-235.322815,92.473869,85.699234
969,8.075000,0.017526,0.806257,0.012507,0.591174,-235.315918,92.483986,85.682030
970,8.083333,0.017234,0.806196,0.011752,0.591280,-235.316757,92.482224,85.680893
971,8.091667,0.016681,0.806028,0.011884,0.591523,-235.328293,92.484177,85.687927
972,8.100000,0.016583,0.805881,0.012306,0.591718,-235.335510,92.493416,85.703094
973,8.108333,0.016318,0.805658,0.012390,0.592026,-235.338257,92.499008,85.718361
974,8.116667,0.019120,0.805802,0.013766,0.591716,-235.324814,92.473618,85.746170
975,8.125000,0.020126,0.805557,0.013940,0.592012,-235.326630,92.464699,85.757477
976,8.133333,0.019104,0.805740,0.013316,0.591812,-235.328644,92.466339,85.735794
977,8.141667,0.016926,0.805782,0.012588,0.591836,-235.341263,92.486160,85.710190
978,8.150000,0.015499,0.805756,0.011838,0.591926,-235.341141,92.497269,85.691521
979,8.158333,0.015135,0.805794,0.011275,0.591895,-235.331863,92.508766,85.682610
980,8.166667,0.014989,0.805671,0.011061,0.592070,-235.327179,92.513741,85.687408
981,8.175000,0.015044,0.805733,0.011197,0.591982,-235.322433,92.515305,85.695602
982,8.183333,0.015252,0.805788,0.011254,0.591901,-235.317749,92.513458,85.697624
983,8.191667,0.015862,0.805746,0.011492,0.591937,-235.316849,92.507050,85.702057
984,8.200000,0.016299,0.805793,0.011808,0.591855,-235.319427,92.498955,85.705070
985,8.208333,0.016747,0.805869,0.012113,0.591733,-235.325287,92.488274,85.705284
986,8.216667,0.017143,0.805857,0.012380,0.591733,-235.332565,92.480675,85.709175
987,8.225000,0.017647,0.805782,0.012715,0.591812,-235.333298,92.480316,85.717697
988,8.233333,0.017931,0.805724,0.012644,0.591884,-235.329346,92.478111,85.726051
989,8.241667,0.017887,0.805771,0.012705,0.591821,-235.326294,92.479111,85.724297
990,8.250000,0.017654,0.805859,0.012523,0.591712,-235.325165,92.475410,85.715340
991,8.258333,0.017736,0.805942,0.012356,0.591599,-235.322693,92.475449,85.706291
992,8.266667,0.017454,0.805867,0.012352,0.591711,-235.322830,92.476234,85.704727
993,8.275000,0.017400,0.805777,0.012401,0.591833,-235.324142,92.481079,85.708771
994,8.283333,0.018855,0.806060,0.013228,0.591386,-235.316635,92.467026,85.718834
995,8.291667,0.018839,0.805874,0.013057,0.591644,-235.321335,92.465950,85.721191
996,8.300000,0.019199,0.805843,0.012688,0.591682,-235.318207,92.465599,85.719902
997,8.308333,0.019204,0.805837,0.012737,0.591689,-235.316559,92.466370,85.720535
998,8.316667,0.019027,0.806084,0.013045,0.591352,-235.315231,92.466576,85.715691
999,8.325000,0.017640,0.805869,0.012414,0.591701,-235.322952,92.476967,85.710747
1000,8.333333,0.017044,0.805831,0.012350,0.591772,-235.323669,92.484283,85.709183
1001,8.341667,0.016525,0.805787,0.012030,0.591853,-235.328171,92.489799,85.703430
1002,8.350000,0.016080,0.805789,0.011888,0.591865,-235.331726,92.491592,85.700592
1003,8.358333,0.015867,0.805767,0.011764,0.591903,-235.332306,92.495712,85.699829
1004,8.366667,0.015789,0.805845,0.011957,0.591795,-235.333832,92.496132,85.697845
1005,8.375000,0.015871,0.805772,0.011805,0.591896,-235.333969,92.495018,85.699692
1006,8.383333,0.016058,0.805779,0.011866,0.591880,-235.331543,92.492836,85.701851
1007,8.391667,0.016268,0.805818,0.011992,0.591818,-235.330887,92.491486,85.703011
1008,8.400000,0.016642,0.805773,0.012224,0.591864,-235.330078,92.488602,85.705742
1009,8.408333,0.016824,0.805825,0.012243,0.591788,-235.328430,92.485634,85.707703
1010,8.416667,0.017083,0.805812,0.012241,0.591799,-235.325958,92.483459,85.710022
1011,8.425000,0.017200,0.805799,0.012255,0.591813,-235.325714,92.482483,85.710106
1012,8.433333,0.017293,0.805861,0.012387,0.591723,-235.324829,92.481842,85.710815
1013,8.441667,0.017218,0.805763,0.012147,0.591863,-235.324265,92.480385,85.712334
1014,8.450000,0.017200,0.805861,0.012337,0.591726,-235.325027,92.482422,85.709656
1015,8.458333,0.017059,0.805872,0.012455,0.591713,-235.324890,92.482430,85.708794
1016,8.466667,0.017037,0.805856,0.012380,0.591738,-235.325317,92.484177,85.709129
1017,8.475000,0.016981,0.805813,0.012208,0.591801,-235.325867,92.484245,85.707405
1018,8.483333,0.016865,0.805832,0.012286,0.591776,-235.326477,92.485519,85.706947
1019,8.491667,0.016840,0.805854,0.012238,0.591748,-235.327393,92.486137,85.705986
1020,8.500000,0.018813,0.806109,0.013010,0.591326,-235.315369,92.466858,85.713371
1021,8.508333,0.019467,0.805903,0.012977,0.591585,-235.315796,92.462143,85.719711
1022,8.516667,0.019536,0.805859,0.012880,0.591645,-235.316757,92.459946,85.722107
1023,8.525000,0.019466,0.805800,0.012787,0.591729,-235.316818,92.460701,85.723595
1024,8.533333,0.019183,0.805875,0.012875,0.591634,-235.317444,92.463837,85.723480
1025,8.541667,0.018908,0.806080,0.013000,0.591362,-235.314423,92.464760,85.716217
1026,8.550000,0.017635,0.805902,0.012609,0.591652,-235.321899,92.477074,85.711235
1027,8.558333,0.016697,0.805839,0.012119,0.591776,-235.326904,92.486107,85.704956
1028,8.566667,0.015990,0.805839,0.012009,0.591797,-235.330170,92.492935,85.701431
1029,8.575000,0.015755,0.805772,0.011763,0.591900,-235.332458,92.497116,85.697693
1030,8.583333,0.015452,0.805809,0.011794,0.591857,-235.333282,92.498451,85.695183
1031,8.591667,0.015551,0.805777,0.011824,0.591896,-235.332870,92.498009,85.696350
1032,8.600000,0.015764,0.805747,0.011707,0.591934,-235.332138,92.496040,85.698166
1033,8.608333,0.016069,0.805768,0.011879,0.591895,-235.330383,92.493645,85.700783
1034,8.616667,0.016398,0.805818,0.011958,0.591816,-235.328094,92.488640,85.703049
1035,8.625000,0.016754,0.805864,0.012201,0.591738,-235.327835,92.487976,85.704140
1036,8.633333,0.017005,0.805862,0.012277,0.591731,-235.325699,92.484337,85.706924
1037,8.641667,0.017102,0.805823,0.012224,0.591783,-235.325104,92.481850,85.709557
1038,8.650000,0.017291,0.805780,0.012218,0.591837,-235.324783,92.480659,85.710716
1039,8.658333,0.017311,0.805850,0.012301,0.591739,-235.325592,92.480049,85.711487
1040,8.666667,0.017199,0.805790,0.012223,0.591826,-235.326141,92.479820,85.711517
1041,8.675000,0.017273,0.805813,0.012242,0.591791,-235.326309,92.481110,85.709976
1042,8.683333,0.017198,0.805860,0.012289,0.591728,-235.326553,92.481102,85.709312
1043,8.691667,0.017100,0.805876,0.012377,0.591708,-235.327011,92.481247,85.710281
1044,8.700000,0.018864,0.806037,0.012904,0.591424,-235.315582,92.464516,85.716599
1045,8.708333,0.019065,0.805923,0.012991,0.591570,-235.319595,92.465149,85.717613
1046,8.716667,0.019183,0.805840,0.012845,0.591683,-235.318283,92.461983,85.721275
1047,8.725000,0.019243,0.805860,0.012845,0.591654,-235.318237,92.462181,85.722931
1048,8.733333,0.018964,0.805879,0.012823,0.591638,-235.319427,92.466141,85.720818
1049,8.741667,0.018400,0.805849,0.012615,0.591701,-235.321289,92.470978,85.718140
1050,8.750000,0.017795,0.805883,0.012502,0.591676,-235.323929,92.475441,85.714607
1051,8.758333,0.017308,0.805835,0.012371,0.591758,-235.326340,92.480858,85.710159
1052,8.766667,0.016724,0.805793,0.012103,0.591837,-235.328262,92.485558,85.706398
1053,8.775000,0.016447,0.805777,0.011949,0.591870,-235.330460,92.490433,85.702034
1054,8.783333,0.016056,0.805856,0.012151,0.591770,-235.331390,92.491653,85.701035
1055,8.791667,0.016063,0.805838,0.011950,0.591798,-235.331589,92.493042,85.700211
1056,8.800000,0.016129,0.805768,0.011850,0.591893,-235.331177,92.492119,85.701111
1057,8.808333,0.016292,0.805692,0.011737,0.591994,-235.330078,92.490105,85.702667
1058,8.816667,0.016333,0.805785,0.012038,0.591861,-235.330017,92.490005,85.702469
1059,8.825000,0.016566,0.805814,0.012038,0.591814,-235.328293,92.487434,85.705826
1060,8.833333,0.016819,0.805830,0.012251,0.591781,-235.327499,92.485069,85.707993
1061,8.841667,0.016881,0.805875,0.012411,0.591715,-235.326904,92.483345,85.708679
1062,8.850000,0.016986,0.805849,0.012367,0.591749,-235.326462,92.482582,85.708839
1063,8.858333,0.017205,0.805848,0.012266,0.591746,-235.325165,92.482101,85.708778
1064,8.866667,0.017278,0.805820,0.012302,0.591781,-235.324554,92.481094,85.710701
1065,8.875000,0.018836,0.806081,0.013073,0.591361,-235.315948,92.466583,85.715050
1066,8.883333,0.018972,0.805862,0.012782,0.591661,-235.319229,92.465538,85.719009
1067,8.891667,0.019137,0.805844,0.012824,0.591680,-235.319168,92.464706,85.722260
1068,8.900000,0.019050,0.805779,0.012631,0.591775,-235.319092,92.464539,85.722176
1069,8.908333,0.018722,0.805831,0.012734,0.591713,-235.319809,92.468750,85.720123
1070,8.916667,0.018154,0.805862,0.012523,0.591692,-235.322662,92.473000,85.715546
1071,8.925000,0.017532,0.805910,0.012593,0.591644,-235.324280,92.477676,85.711761
1072,8.933333,0.017043,0.805908,0.012439,0.591665,-235.326508,92.483559,85.708000
1073,8.941667,0.016578,0.805844,0.012149,0.591771,-235.329300,92.487503,85.703537
1074,8.950000,0.016227,0.805817,0.012076,0.591819,-235.330994,92.490463,85.701759
1075,8.958333,0.018570,0.805997,0.012783,0.591491,-235.317490,92.467049,85.713928
1076,8.966667,0.019311,0.805826,0.012802,0.591699,-235.319138,92.461952,85.720940
1077,8.975000,0.019891,0.805821,0.012956,0.591683,-235.318298,92.456573,85.726021
1078,8.983333,0.019710,0.805790,0.012904,0.591732,-235.318756,92.459114,85.725143
1079,8.991667,0.019263,0.805868,0.012924,0.591640,-235.319702,92.461349,85.723343
1080,9.000000,0.018846,0.805825,0.012751,0.591717,-235.320755,92.465797,85.720825
1081,9.008333,0.018047,0.805865,0.012649,0.591688,-235.321945,92.471062,85.718163
1082,9.016667,0.018657,0.806041,0.012958,0.591424,-235.317276,92.465462,85.714630
1083,9.025000,0.018434,0.805967,0.012881,0.591533,-235.321121,92.469368,85.715775
1084,9.033333,0.018311,0.805889,0.012712,0.591647,-235.320023,92.471336,85.716629
1085,9.041667,0.017864,0.805826,0.012415,0.591752,-235.323120,92.473930,85.713509
1086,9.050000,0.017482,0.805898,0.012536,0.591663,-235.324615,92.476524,85.712440
1087,9.058333,0.017158,0.805832,0.012231,0.591770,-235.326416,92.481033,85.709793
1088,9.066667,0.016785,0.805863,0.012352,0.591736,-235.328125,92.485008,85.707588
1089,9.075000,0.016551,0.805706,0.011811,0.591967,-235.329361,92.486046,85.706390
1090,9.083333,0.016371,0.805817,0.012031,0.591815,-235.331253,92.488998,85.702782
1091,9.091667,0.016255,0.805845,0.012100,0.591780,-235.330338,92.489624,85.702553
1092,9.100000,0.016259,0.805832,0.012153,0.591797,-235.330795,92.490074,85.702095
1093,9.108333,0.016306,0.805800,0.012137,0.591839,-235.330719,92.488098,85.704620
1094,9.116667,0.016464,0.805826,0.012057,0.591801,-235.329620,92.487152,85.706070
1095,9.125000,0.018755,0.806128,0.013154,0.591298,-235.316422,92.465324,85.714882
1096,9.133333,0.019463,0.805927,0.013125,0.591549,-235.317657,92.460800,85.721252
1097,9.141667,0.019824,0.805816,0.013074,0.591689,-235.316681,92.456841,85.725311
1098,9.150000,0.019789,0.805845,0.013097,0.591651,-235.317322,92.456963,85.726074
1099,9.158333,0.019293,0.805853,0.012997,0.591658,-235.318542,92.461327,85.723663
1100,9.166667,0.018815,0.805854,0.012865,0.591675,-235.320358,92.466103,85.720070
1101,9.175000,0.018048,0.805905,0.012627,0.591636,-235.322189,92.472717,85.715149
1102,9.183333,0.017200,0.805884,0.012473,0.591693,-235.324341,92.480003,85.709885
1103,9.191667,0.016608,0.805850,0.012262,0.591760,-235.327957,92.486885,85.704201
1104,9.200000,0.016056,0.805787,0.011948,0.591867,-235.330887,92.491844,85.700455
1105,9.208333,0.015623,0.805782,0.011832,0.591887,-235.333588,92.494652,85.697342
1106,9.216667,0.015514,0.805782,0.011946,0.591889,-235.334961,92.495979,85.696724
1107,9.225000,0.015508,0.805763,0.011799,0.591918,-235.334854,92.496399,85.696342
1108,9.233333,0.015728,0.805797,0.011858,0.591865,-235.334366,92.495979,85.697052
1109,9.241667,0.015844,0.805804,0.011921,0.591851,-235.332321,92.491905,85.700539
1110,9.250000,0.016248,0.805809,0.012007,0.591831,-235.331055,92.488670,85.702927
1111,9.258333,0.016580,0.805805,0.012128,0.591825,-235.329086,92.486656,85.704720
1112,9.266667,0.016801,0.805893,0.012359,0.591694,-235.327957,92.484055,85.706116
1113,9.275000,0.018777,0.806089,0.013011,0.591354,-235.316422,92.464218,85.715446
1114,9.283333,0.019330,0.805874,0.012794,0.591633,-235.318802,92.461761,85.718872
1115,9.291667,0.019510,0.805848,0.012895,0.591661,-235.319138,92.459480,85.721001
1116,9.300000,0.018924,0.806072,0.013080,0.591370,-235.316055,92.463142,85.714111
1117,9.308333,0.017177,0.805826,0.012386,0.591774,-235.326294,92.479858,85.706642
1118,9.316667,0.016138,0.805818,0.012013,0.591822,-235.332413,92.491844,85.698662
1119,9.325000,0.015393,0.805731,0.011622,0.591967,-235.336395,92.499298,85.693954
1120,9.333333,0.015046,0.805730,0.011481,0.591980,-235.338623,92.502617,85.690399
1121,9.341667,0.014905,0.805763,0.011519,0.591938,-235.339539,92.504288,85.688660
1122,9.350000,0.015103,0.805721,0.011495,0.591991,-235.339233,92.504326,85.689301
1123,9.358333,0.015197,0.805741,0.011681,0.591958,-235.337494,92.500992,85.691994
1124,9.366667,0.015621,0.805749,0.011707,0.591936,-235.334732,92.496094,85.695312
1125,9.375000,0.016060,0.805811,0.011959,0.591835,-235.331726,92.492256,85.699875
1126,9.383333,0.016393,0.805831,0.012152,0.591793,-235.329193,92.488106,85.704048
1127,9.391667,0.016736,0.805851,0.012362,0.591753,-235.327942,92.483521,85.707870
1128,9.400000,0.017102,0.805893,0.012451,0.591683,-235.326309,92.481873,85.709419
1129,9.408333,0.017287,0.805876,0.012464,0.591700,-235.326050,92.479424,85.711517
1130,9.416667,0.017426,0.805849,0.012485,0.591732,-235.326385,92.478111,85.711632
1131,9.425000,0.017466,0.805851,0.012434,0.591730,-235.326050,92.478012,85.711830
1132,9.433333,0.018845,0.806074,0.013192,0.591368,-235.316208,92.464676,85.714157
1133,9.441667,0.018801,0.805880,0.012746,0.591643,-235.320099,92.463768,85.718147
1134,9.450000,0.018851,0.805935,0.013000,0.591561,-235.321075,92.466446,85.717049
1135,9.458333,0.018687,0.805870,0.012806,0.591659,-235.322220,92.467583,85.718529
1136,9.466667,0.018265,0.805861,0.012624,0.591688,-235.323074,92.470879,85.716736
1137,9.475000,0.017897,0.805881,0.012565,0.591673,-235.324066,92.473579,85.715302
1138,9.483333,0.017334,0.805898,0.012400,0.591671,-235.326645,92.479828,85.708885
1139,9.491667,0.016846,0.805788,0.012143,0.591840,-235.328339,92.482880,85.706421
1140,9.500000,0.018673,0.806005,0.012848,0.591475,-235.317474,92.464935,85.714684
1141,9.508333,0.019030,0.805840,0.012769,0.591690,-235.319641,92.463097,85.719368
1142,9.516667,0.019320,0.805814,0.012874,0.591713,-235.318802,92.463020,85.721420
1143,9.525000,0.019136,0.805832,0.012782,0.591697,-235.319977,92.463501,85.720840
1144,9.533333,0.018798,0.805856,0.012662,0.591678,-235.319809,92.466209,85.719643
1145,9.541667,0.018217,0.805904,0.012722,0.591629,-235.321182,92.469604,85.717636
1146,9.550000,0.017611,0.805850,0.012441,0.591727,-235.323425,92.475441,85.712639
1147,9.558333,0.017128,0.805763,0.012169,0.591865,-235.326721,92.481636,85.708794
1148,9.566667,0.016649,0.805840,0.012313,0.591771,-235.330231,92.487732,85.703674
1149,9.575000,0.016331,0.805779,0.012004,0.591869,-235.332748,92.490097,85.701889
1150,9.583333,0.016052,0.805789,0.011948,0.591865,-235.333176,92.491844,85.700920
1151,9.591667,0.015973,0.805773,0.011874,0.591891,-235.333542,92.492683,85.699913
1152,9.600000,0.016047,0.805771,0.011980,0.591889,-235.333771,92.492241,85.699760
1153,9.608333,0.016033,0.805786,0.011936,0.591870,-235.333221,92.489731,85.701881
1154,9.616667,0.018410,0.806055,0.012961,0.591413,-235.320862,92.468384,85.712502
1155,9.625000,0.019434,0.805857,0.012886,0.591651,-235.319519,92.460541,85.720940
1156,9.633333,0.019739,0.805886,0.013101,0.591597,-235.319183,92.456589,85.723480
1157,9.641667,0.019698,0.805858,0.013081,0.591637,-235.319016,92.457397,85.723999
1158,9.650000,0.019353,0.805830,0.012871,0.591690,-235.320023,92.461441,85.721169
1159,9.658333,0.018818,0.805931,0.012877,0.591571,-235.321625,92.466095,85.719284
1160,9.666667,0.018002,0.805867,0.012738,0.591686,-235.323593,92.472488,85.715256
1161,9.675000,0.017146,0.805855,0.012455,0.591733,-235.327194,92.480728,85.709183
1162,9.683333,0.016526,0.805853,0.012146,0.591761,-235.322281,92.486794,85.707497
1163,9.691667,0.015949,0.805840,0.011771,0.591801,-235.320740,92.490211,85.705002
1164,9.700000,0.015782,0.805893,0.011902,0.591731,-235.319870,92.494377,85.700211
1165,9.708333,0.015694,0.805937,0.011977,0.591672,-235.316116,92.495247,85.698433
1166,9.716667,0.015613,0.805954,0.012126,0.591648,-235.311310,92.495430,85.698822
1167,9.725000,0.015886,0.805924,0.012043,0.591683,-235.305786,92.494858,85.699913
1168,9.733333,0.016263,0.805900,0.011969,0.591707,-235.304520,92.491325,85.700974
1169,9.741667,0.016479,0.805994,0.012289,0.591567,-235.304840,92.488197,85.703705
1170,9.750000,0.016729,0.805999,0.012436,0.591551,-235.307999,92.485077,85.705917
1171,9.758333,0.016920,0.805901,0.012446,0.591677,-235.313705,92.481468,85.707985
1172,9.766667,0.017190,0.805798,0.012315,0.591813,-235.321121,92.479561,85.709229
1173,9.775000,0.017411,0.805792,0.012563,0.591809,-235.330154,92.478928,85.712776
1174,9.783333,0.018728,0.806006,0.013074,0.591467,-235.328323,92.465416,85.717216
1175,9.791667,0.018941,0.806044,0.013088,0.591407,-235.330780,92.460884,85.715401
1176,9.800000,0.019026,0.806050,0.013111,0.591396,-235.331436,92.460663,85.715393
1177,9.808333,0.019094,0.806029,0.013167,0.591421,-235.333115,92.459320,85.715797
1178,9.816667,0.019121,0.806077,0.013236,0.591353,-235.330505,92.458389,85.716736
1179,9.825000,0.019016,0.806099,0.013387,0.591324,-235.327271,92.461258,85.714798
1180,9.833333,0.018228,0.805881,0.012846,0.591658,-235.328339,92.469772,85.715134
1181,9.841667,0.017859,0.805842,0.012579,0.591728,-235.322815,92.473396,85.714897
1182,9.850000,0.017307,0.805856,0.012267,0.591732,-235.317474,92.478317,85.712181
1183,9.858333,0.016980,0.805887,0.012282,0.591698,-235.314148,92.481979,85.708908
1184,9.866667,0.016733,0.805885,0.012307,0.591708,-235.311478,92.484917,85.705391
1185,9.875000,0.016555,0.805894,0.012211,0.591702,-235.310608,92.486763,85.704048
1186,9.883333,0.016355,0.805888,0.012151,0.591718,-235.311249,92.488037,85.702591
1187,9.891667,0.016341,0.805902,0.012219,0.591697,-235.314270,92.487984,85.701881
1188,9.900000,0.016372,0.805902,0.012199,0.591697,-235.318451,92.487267,85.702118
1189,9.908333,0.016479,0.805904,0.012282,0.591690,-235.323364,92.485550,85.703453
1190,9.916667,0.016592,0.805881,0.012286,0.591718,-235.328812,92.484970,85.703972
1191,9.925000,0.016790,0.805857,0.012447,0.591741,-235.333603,92.483139,85.706017
1192,9.933333,0.016835,0.805792,0.012298,0.591832,-235.337326,92.481697,85.707703
1193,9.941667,0.018800,0.806012,0.013013,0.591458,-235.329193,92.464836,85.715019
1194,9.950000,0.019208,0.806076,0.013243,0.591353,-235.326843,92.459923,85.715752
1195,9.958333,0.018987,0.806098,0.013212,0.591330,-235.325974,92.459846,85.714569
1196,9.966667,0.019049,0.806076,0.013242,0.591358,-235.322159,92.458221,85.717186
1197,9.975000,0.019117,0.806064,0.013053,0.591376,-235.319550,92.460594,85.715126
1198,9.983333,0.018288,0.805929,0.012959,0.591587,-235.321167,92.468140,85.718697
1199,9.991667,0.017767,0.805908,0.012705,0.591638,-235.318924,92.472664,85.718842
1200,10.000000,0.017569,0.805886,0.012516,0.591677,-235.316391,92.476479,85.717445
1201,10.008333,0.017104,0.805894,0.012535,0.591680,-235.315033,92.480232,85.712639
1202,10.016667,0.016873,0.805873,0.012225,0.591721,-235.314056,92.482414,85.709503
1203,10.025000,0.016631,0.805881,0.012165,0.591718,-235.315186,92.484505,85.705635
1204,10.033333,0.016411,0.805870,0.012183,0.591740,-235.317261,92.485443,85.703674
1205,10.041667,0.016484,0.805867,0.012266,0.591740,-235.320328,92.486801,85.702995
1206,10.050000,0.016274,0.805868,0.012270,0.591744,-235.324554,92.486206,85.702827
1207,10.058333,0.016390,0.805821,0.012040,0.591810,-235.327698,92.484940,85.703613
1208,10.066667,0.016516,0.805841,0.012260,0.591775,-235.332458,92.485840,85.704094
1209,10.075000,0.016692,0.805795,0.012135,0.591835,-235.336136,92.485245,85.704849
1210,10.083333,0.016719,0.805797,0.012230,0.591830,-235.336563,92.481911,85.708412
1211,10.091667,0.016669,0.805814,0.012318,0.591806,-235.338211,92.482162,85.709366
1212,10.100000,0.016743,0.805788,0.012327,0.591840,-235.336716,92.483223,85.709412
1213,10.108333,0.018603,0.805997,0.013016,0.591485,-235.324448,92.465164,85.718842
1214,10.116667,0.019016,0.805819,0.012860,0.591717,-235.324127,92.462196,85.725594
1215,10.125000,0.019213,0.805815,0.012751,0.591718,-235.320404,92.460991,85.728714
1216,10.133333,0.019211,0.805809,0.012776,0.591726,-235.319351,92.462715,85.727776
1217,10.141667,0.018944,0.805828,0.012715,0.591710,-235.316925,92.465324,85.725647
1218,10.150000,0.018377,0.805900,0.012994,0.591624,-235.315033,92.468246,85.723564
1219,10.158333,0.017848,0.805907,0.012652,0.591638,-235.314819,92.473259,85.718735
1220,10.166667,0.017251,0.805878,0.012414,0.591700,-235.317017,92.478729,85.712761
1221,10.175000,0.016801,0.805862,0.012236,0.591738,-235.320023,92.483360,85.707436
1222,10.183333,0.016401,0.805857,0.012293,0.591756,-235.323959,92.489212,85.703018
1223,10.191667,0.016265,0.805831,0.012051,0.591799,-235.327362,92.490097,85.700211
1224,10.200000,0.016137,0.805792,0.011830,0.591861,-235.329788,92.490311,85.699944
1225,10.208333,0.016054,0.805768,0.011902,0.591895,-235.333038,92.489639,85.699768
1226,10.216667,0.016215,0.805759,0.011935,0.591901,-235.334427,92.488525,85.701111
1227,10.225000,0.016396,0.805786,0.012126,0.591855,-235.335495,92.487274,85.703194
1228,10.233333,0.016444,0.805823,0.012188,0.591802,-235.334152,92.484558,85.706276
1229,10.241667,0.016651,0.805801,0.012346,0.591824,-235.333633,92.483963,85.706322
1230,10.250000,0.016815,0.805781,0.012172,0.591850,-235.331604,92.482307,85.709801
1231,10.258333,0.016956,0.805830,0.012416,0.591773,-235.330032,92.482338,85.711166
1232,10.266667,0.018609,0.806036,0.012948,0.591433,-235.317612,92.465622,85.718834
1233,10.275000,0.018896,0.805871,0.013046,0.591645,-235.318619,92.465401,85.723808
1234,10.283333,0.019231,0.805852,0.013071,0.591660,-235.315781,92.464012,85.728554
1235,10.291667,0.019056,0.805806,0.012786,0.591735,-235.314423,92.463898,85.728500
1236,10.300000,0.018643,0.805861,0.012809,0.591672,-235.314270,92.466721,85.726128
1237,10.308333,0.018359,0.805811,0.012519,0.591756,-235.313248,92.470177,85.723618
1238,10.316667,0.017536,0.805913,0.012668,0.591639,-235.318130,92.477310,85.715637
1239,10.325000,0.017103,0.805811,0.012224,0.591799,-235.321396,92.481560,85.710930
1240,10.333333,0.016539,0.805818,0.012192,0.591806,-235.325073,92.487480,85.705269
1241,10.341667,0.016140,0.805826,0.012108,0.591809,-235.328934,92.490379,85.701935
1242,10.350000,0.016043,0.805782,0.012062,0.591872,-235.332703,92.493599,85.698692
1243,10.358333,0.015914,0.805759,0.011949,0.591909,-235.335190,92.494507,85.698311
1244,10.366667,0.015972,0.805775,0.012020,0.591885,-235.335464,92.493774,85.698601
1245,10.375000,0.019005,0.806063,0.013110,0.591380,-235.319397,92.463997,85.716087
1246,10.383333,0.019869,0.805880,0.013161,0.591599,-235.318542,92.454979,85.725708
1247,10.391667,0.019110,0.806033,0.013001,0.591419,-235.316162,92.463158,85.716347
1248,10.400000,0.017221,0.805873,0.012433,0.591707,-235.323853,92.479507,85.709061
1249,10.408333,0.015981,0.805748,0.011909,0.591922,-235.331558,92.494720,85.701134
1250,10.416667,0.015227,0.805669,0.011545,0.592058,-235.333878,92.504036,85.696434
1251,10.425000,0.014873,0.805654,0.011319,0.592092,-235.333633,92.506699,85.694588
1252,10.433333,0.014978,0.805628,0.011281,0.592125,-235.332016,92.507629,85.692886
1253,10.441667,0.015167,0.805688,0.011483,0.592034,-235.329987,92.506165,85.692986
1254,10.450000,0.015597,0.805714,0.011606,0.591986,-235.326004,92.502289,85.695198
1255,10.458333,0.016129,0.805746,0.011800,0.591924,-235.321732,92.497032,85.699165
1256,10.466667,0.016677,0.805775,0.011916,0.591867,-235.319778,92.491104,85.702202
1257,10.475000,0.017253,0.805806,0.012089,0.591805,-235.319016,92.487694,85.704056
1258,10.483333,0.017648,0.805826,0.012301,0.591762,-235.318802,92.482796,85.706367
1259,10.491667,0.017915,0.805851,0.012319,0.591720,-235.318542,92.479553,85.707832
1260,10.500000,0.018262,0.805799,0.012320,0.591780,-235.320450,92.479729,85.707840
1261,10.508333,0.018422,0.805851,0.012525,0.591699,-235.321381,92.477921,85.708496
1262,10.516667,0.018209,0.805829,0.012489,0.591736,-235.321777,92.478333,85.710472
1263,10.525000,0.018043,0.805862,0.012464,0.591697,-235.319489,92.480698,85.710976
1264,10.533333,0.017936,0.805791,0.012293,0.591801,-235.319550,92.483452,85.711533
1265,10.541667,0.017779,0.805814,0.012278,0.591774,-235.318161,92.485847,85.710976
1266,10.550000,0.017698,0.805784,0.012201,0.591819,-235.315445,92.487869,85.710358
1267,10.558333,0.017405,0.805737,0.011983,0.591896,-235.312073,92.488869,85.710121
1268,10.566667,0.017306,0.805842,0.012033,0.591756,-235.309570,92.490074,85.709236
1269,10.575000,0.017386,0.805854,0.012172,0.591734,-235.308533,92.491989,85.706696
1270,10.583333,0.017411,0.805813,0.012171,0.591789,-235.308670,92.491280,85.705956
1271,10.591667,0.017352,0.805736,0.011915,0.591901,-235.310242,92.488739,85.706535
1272,10.600000,0.017371,0.805760,0.012102,0.591863,-235.314255,92.489494,85.704300
1273,10.608333,0.017388,0.805791,0.012175,0.591820,-235.317917,92.487816,85.703758
1274,10.616667,0.017437,0.805766,0.012177,0.591851,-235.321762,92.487366,85.703506
1275,10.625000,0.017560,0.805789,0.012234,0.591816,-235.325119,92.487511,85.703476
1276,10.633333,0.017492,0.805797,0.012208,0.591807,-235.327957,92.485641,85.704216
1277,10.641667,0.017486,0.805726,0.012107,0.591907,-235.329483,92.485954,85.703323
1278,10.650000,0.017405,0.805742,0.012177,0.591886,-235.329697,92.485138,85.703529
1279,10.658333,0.017372,0.805725,0.012153,0.591910,-235.329132,92.486343,85.701736
1280,10.666667,0.017356,0.805705,0.012036,0.591940,-235.327652,92.486229,85.701332
1281,10.675000,0.017295,0.805762,0.012160,0.591862,-235.325500,92.486465,85.701637
1282,10.683333,0.017305,0.805760,0.012146,0.591865,-235.323074,92.488548,85.703056
1283,10.691667,0.017285,0.805702,0.011962,0.591948,-235.320068,92.488052,85.704987
1284,10.700000,0.017332,0.805734,0.011963,0.591903,-235.317902,92.488770,85.706970
1285,10.708333,0.017313,0.805807,0.012238,0.591798,-235.316208,92.489159,85.708260
1286,10.716667,0.017381,0.805797,0.012090,0.591813,-235.315201,92.489197,85.709946
1287,10.725000,0.017484,0.805865,0.012240,0.591715,-235.314865,92.488808,85.709969
1288,10.733333,0.017550,0.805725,0.012087,0.591906,-235.314636,92.486748,85.710754
1289,10.741667,0.017560,0.805727,0.012173,0.591902,-235.316986,92.487518,85.707977
1290,10.750000,0.017567,0.805807,0.012356,0.591789,-235.318726,92.485802,85.706398
1291,10.758333,0.017641,0.805722,0.012187,0.591905,-235.319946,92.485352,85.707161
1292,10.766667,0.017691,0.805709,0.012098,0.591923,-235.322784,92.485504,85.706032
1293,10.775000,0.017662,0.805687,0.012146,0.591953,-235.325363,92.485641,85.705818
1294,10.783333,0.017591,0.805728,0.012065,0.591901,-235.327499,92.485748,85.707405
1295,10.791667,0.017455,0.805736,0.012205,0.591893,-235.329468,92.486320,85.708321
1296,10.800000,0.017414,0.805723,0.012125,0.591912,-235.329269,92.486374,85.709778
1297,10.808333,0.017366,0.805736,0.012046,0.591898,-235.328369,92.488106,85.708984
1298,10.816667,0.017327,0.805750,0.012134,0.591878,-235.326599,92.489212,85.708160
1299,10.825000,0.019004,0.806019,0.012990,0.591442,-235.313492,92.470810,85.715614
1300,10.833333,0.019488,0.805881,0.012895,0.591616,-235.312027,92.466591,85.721497
1301,10.841667,0.019838,0.805724,0.012676,0.591823,-235.309570,92.463455,85.724884
1302,10.850000,0.019805,0.805781,0.012823,0.591743,-235.309143,92.464851,85.725555
1303,10.858333,0.019410,0.805770,0.012643,0.591776,-235.309509,92.468460,85.724876
1304,10.866667,0.018794,0.805846,0.012598,0.591693,-235.311218,92.473038,85.722580
1305,10.875000,0.018235,0.805811,0.012344,0.591763,-235.314529,92.477982,85.718208
1306,10.883333,0.017558,0.805801,0.012391,0.591797,-235.319229,92.483589,85.714287
1307,10.891667,0.017095,0.805724,0.012014,0.591923,-235.323578,92.488373,85.710365
1308,10.900000,0.016833,0.805761,0.012070,0.591879,-235.327621,92.492607,85.706322
1309,10.908333,0.016374,0.805695,0.011826,0.591987,-235.331635,92.493164,85.703766
1310,10.916667,0.018789,0.805936,0.012859,0.591565,-235.319473,92.469543,85.716217
1311,10.925000,0.019686,0.805770,0.012894,0.591761,-235.321091,92.462097,85.723442
1312,10.933333,0.020141,0.805701,0.012973,0.591838,-235.321716,92.458832,85.725723
1313,10.941667,0.019367,0.805975,0.013135,0.591488,-235.320114,92.464409,85.718338
1314,10.950000,0.017349,0.805785,0.012247,0.591828,-235.330246,92.483521,85.709404
1315,10.958333,0.015928,0.805625,0.011608,0.592098,-235.339142,92.498291,85.700516
1316,10.966667,0.015173,0.805637,0.011477,0.592104,-235.342697,92.505638,85.694328
