Format Version,1.25,Take Name,Take 2025-11-27 05.15.57 PM,Take Notes,,Capture Frame Rate,120.000000,Export Frame Rate,120.000000,Capture Start Time,2025-11-27 05.15.58.303 PM,Capture Start Frame,83059,Total Frames in Take,1307,Total Exported Frames,1307,Rotation Type,Quaternion,Length Units,Centimeters,Coordinate Space,Global

,Type,Rigid Body,Rigid Body,Rigid Body,Rigid Body,Rigid Body,Rigid Body,Rigid Body
,Name,SEE_large,SEE_large,SEE_large,SEE_large,SEE_large,SEE_large,SEE_large
,ID,B4680608301811F031C44B617C10C291,B4680608301811F031C44B617C10C291,B4680608301811F031C44B617C10C291,B4680608301811F031C44B617C10C291,B4680608301811F031C44B617C10C291,B4680608301811F031C44B617C10C291,B4680608301811F031C44B617C10C291
,Parent,,,,,,,
,,Rotation,Rotation,Rotation,Rotation,Position,Position,Position
Frame,Time (Seconds),X,Y,Z,W,X,Y,Z
0,0.000000,0.008565,0.928341,0.022342,0.370959,-215.083054,92.169701,84.213272
1,0.008333,0.008604,0.928327,0.022440,0.370987,-215.086456,92.168686,84.214737
2,0.016667,0.008127,0.928221,0.022776,0.371244,-215.089493,92.165375,84.212891
3,0.025000,0.007983,0.928247,0.023057,0.371162,-215.094208,92.164246,84.213707
4,0.033333,0.008238,0.928229,0.023169,0.371195,-215.099426,92.162369,84.216270
5,0.041667,0.008202,0.928252,0.023294,0.371131,-215.101929,92.160866,84.218910
6,0.050000,0.008236,0.928249,0.023296,0.371139,-215.105896,92.162079,84.223190
7,0.058333,0.006565,0.928081,0.023156,0.371599,-215.118530,92.181656,84.240417
8,0.066667,0.006146,0.928065,0.023078,0.371651,-215.120026,92.184303,84.244202
9,0.075000,0.007429,0.928237,0.022969,0.371205,-215.106171,92.174362,84.236702
10,0.083333,0.008083,0.928322,0.022896,0.370984,-215.096252,92.167076,84.228050
11,0.091667,0.008532,0.928342,0.022763,0.370932,-215.092636,92.165871,84.223488
12,0.100000,0.008633,0.928355,0.022792,0.370896,-215.088150,92.165634,84.219696
13,0.108333,0.008234,0.928221,0.023003,0.371225,-215.081497,92.164719,84.212341
14,0.116667,0.008542,0.928297,0.022400,0.371065,-215.075729,92.169022,84.212410
15,0.125000,0.008703,0.928322,0.022133,0.371016,-215.070984,92.169685,84.210327
16,0.133333,0.008364,0.928236,0.022463,0.371218,-215.068726,92.168633,84.209892
17,0.141667,0.008216,0.928194,0.022408,0.371331,-215.068527,92.168274,84.208145
18,0.150000,0.008848,0.928321,0.022131,0.371014,-215.073654,92.171097,84.213715
19,0.158333,0.008607,0.928342,0.022204,0.370964,-215.080353,92.170868,84.213562
20,0.166667,0.008133,0.928230,0.022779,0.371221,-215.088150,92.167099,84.212181
21,0.175000,0.008242,0.928255,0.023102,0.371135,-215.096405,92.164429,84.217636
22,0.183333,0.008143,0.928232,0.023305,0.371181,-215.101624,92.161438,84.221664
23,0.191667,0.008700,0.928334,0.023095,0.370927,-215.110611,92.162369,84.231125
24,0.200000,0.006639,0.928095,0.023315,0.371554,-215.124634,92.180000,84.247711
25,0.208333,0.007650,0.928211,0.023207,0.371251,-215.114426,92.171562,84.241203
26,0.216667,0.007879,0.928228,0.023325,0.371195,-215.103012,92.164078,84.227135
27,0.225000,0.008504,0.928342,0.022829,0.370928,-215.094940,92.164902,84.223366
28,0.233333,0.008348,0.928232,0.022910,0.371201,-215.085907,92.164139,84.216034
29,0.241667,0.008702,0.928321,0.022451,0.370999,-215.078644,92.167610,84.212402
30,0.250000,0.008879,0.928334,0.022361,0.370967,-215.071075,92.169441,84.209457
31,0.258333,0.008848,0.928343,0.022183,0.370957,-215.063187,92.170944,84.209671
32,0.266667,0.008896,0.928340,0.021996,0.370973,-215.057190,92.172112,84.210648
33,0.275000,0.008345,0.928261,0.022206,0.371171,-215.054199,92.171143,84.207481
34,0.283333,0.008738,0.928353,0.021908,0.370950,-215.055634,92.173683,84.209732
35,0.291667,0.008775,0.928364,0.021910,0.370922,-215.060043,92.172829,84.212204
36,0.300000,0.008257,0.928240,0.022271,0.371224,-215.066772,92.169647,84.208214
37,0.308333,0.008421,0.928352,0.022274,0.370940,-215.076401,92.170700,84.210548
38,0.316667,0.008125,0.928277,0.022895,0.371095,-215.082718,92.165878,84.213715
39,0.325000,0.008213,0.928471,0.022825,0.370611,-215.088181,92.168480,84.225922
40,0.333333,0.007719,0.928495,0.023174,0.370541,-215.090042,92.166222,84.238419
41,0.341667,0.006009,0.928340,0.023047,0.370968,-215.107697,92.187271,84.260139
42,0.350000,0.005603,0.928244,0.022964,0.371221,-215.111633,92.191353,84.267349
43,0.358333,0.007024,0.928285,0.022673,0.371112,-215.099411,92.177856,84.259109
44,0.366667,0.007898,0.928342,0.022577,0.370957,-215.091248,92.169991,84.247711
45,0.375000,0.008449,0.928417,0.022524,0.370760,-215.081116,92.166718,84.239464
46,0.383333,0.008628,0.928484,0.022420,0.370595,-215.070175,92.166695,84.229652
47,0.391667,0.008673,0.928529,0.022168,0.370497,-215.059479,92.166245,84.225082
48,0.400000,0.008977,0.928506,0.021976,0.370557,-215.048950,92.169815,84.225876
49,0.408333,0.008757,0.928531,0.021714,0.370516,-215.040375,92.172211,84.228470
50,0.416667,0.008589,0.928544,0.021667,0.370490,-215.036133,92.175591,84.231323
51,0.425000,0.008243,0.928535,0.021661,0.370520,-215.034348,92.177757,84.230690
52,0.433333,0.007929,0.928403,0.021974,0.370839,-215.035431,92.175224,84.228134
53,0.441667,0.008383,0.928523,0.021685,0.370545,-215.040939,92.177788,84.233246
54,0.450000,0.008174,0.928555,0.021885,0.370460,-215.050812,92.177345,84.233238
55,0.458333,0.007706,0.928423,0.022385,0.370770,-215.060974,92.172394,84.232079
56,0.466667,0.007973,0.928430,0.022745,0.370726,-215.071274,92.166168,84.236870
57,0.475000,0.008433,0.928530,0.022614,0.370471,-215.080719,92.167007,84.243843
58,0.483333,0.008462,0.928532,0.022778,0.370456,-215.088196,92.166885,84.249840
59,0.491667,0.008403,0.928529,0.022942,0.370455,-215.092117,92.164993,84.254089
60,0.500000,0.008195,0.928479,0.022781,0.370594,-215.090775,92.168053,84.251366
61,0.508333,0.008230,0.928471,0.022661,0.370622,-215.084885,92.168274,84.248428
62,0.516667,0.008263,0.928428,0.022509,0.370739,-215.077240,92.169792,84.244034
63,0.525000,0.008533,0.928467,0.022297,0.370646,-215.067719,92.170677,84.237648
64,0.533333,0.008093,0.928358,0.022386,0.370924,-215.058685,92.168144,84.226616
65,0.541667,0.008443,0.928516,0.021991,0.370545,-215.050552,92.172401,84.225899
66,0.550000,0.008744,0.928548,0.021849,0.370465,-215.041489,92.172844,84.223213
67,0.558333,0.008295,0.928354,0.021582,0.370978,-215.033264,92.166809,84.218575
68,0.566667,0.007797,0.928327,0.021481,0.371061,-215.030243,92.161751,84.216515
69,0.575000,0.008472,0.928553,0.021969,0.370453,-215.032791,92.169884,84.223572
70,0.583333,0.008351,0.928666,0.022180,0.370160,-215.032379,92.170219,84.229187
71,0.591667,0.008438,0.928792,0.021959,0.369853,-215.032654,92.174194,84.233826
72,0.600000,0.008963,0.928993,0.021609,0.369357,-215.029739,92.176338,84.241539
73,0.608333,0.009143,0.929151,0.021560,0.368957,-215.025284,92.177620,84.248871
74,0.616667,0.009178,0.929200,0.021735,0.368824,-215.029358,92.177757,84.253105
75,0.625000,0.009086,0.929140,0.021908,0.368967,-215.036469,92.175240,84.255905
76,0.633333,0.009126,0.929110,0.021895,0.369043,-215.043518,92.175339,84.256866
77,0.641667,0.008821,0.929138,0.022107,0.368966,-215.050034,92.174377,84.259781
78,0.650000,0.008991,0.929091,0.022239,0.369073,-215.056015,92.173698,84.263344
79,0.658333,0.008938,0.929072,0.022294,0.369119,-215.060165,92.174149,84.263824
80,0.666667,0.008913,0.929000,0.022200,0.369306,-215.058716,92.174820,84.260628
81,0.675000,0.008905,0.929020,0.022066,0.369263,-215.052765,92.173508,84.259262
82,0.683333,0.008844,0.929094,0.021955,0.369085,-215.046188,92.174820,84.256859
83,0.691667,0.009024,0.929103,0.021712,0.369073,-215.039154,92.175880,84.253456
84,0.700000,0.008977,0.929035,0.021774,0.369241,-215.029282,92.175896,84.246941
85,0.708333,0.008988,0.929021,0.021638,0.369284,-215.022736,92.175819,84.241783
86,0.716667,0.009118,0.929103,0.021434,0.369088,-215.018341,92.176758,84.241852
87,0.725000,0.008974,0.929049,0.019965,0.369307,-215.012146,92.172989,84.239738
88,0.733333,0.009228,0.929106,0.020741,0.369115,-215.009384,92.176598,84.242378
89,0.741667,0.009223,0.929065,0.020905,0.369210,-215.006851,92.179779,84.244843
90,0.750000,0.009075,0.929039,0.021182,0.369264,-215.006668,92.183792,84.246300
91,0.758333,0.009081,0.928914,0.021454,0.369561,-215.006989,92.183968,84.252960
92,0.766667,0.009016,0.928850,0.021712,0.369708,-215.014175,92.186882,84.258179
93,0.775000,0.008380,0.928735,0.022137,0.369987,-215.022064,92.183548,84.257294
94,0.783333,0.008476,0.928716,0.022158,0.370033,-215.032120,92.182236,84.261497
95,0.791667,0.008755,0.928787,0.022299,0.369839,-215.043015,92.179726,84.268379
96,0.800000,0.007211,0.928554,0.022432,0.370448,-215.062088,92.195084,84.284119
97,0.808333,0.006730,0.928400,0.022790,0.370822,-215.068863,92.195328,84.289078
98,0.816667,0.006623,0.928341,0.022497,0.370990,-215.068817,92.197037,84.293129
99,0.825000,0.006645,0.928328,0.021987,0.371051,-215.061783,92.199081,84.288445
100,0.833333,0.008207,0.928560,0.021982,0.370440,-215.043716,92.184570,84.274048
101,0.841667,0.009174,0.928769,0.022119,0.369885,-215.030930,92.179070,84.265747
102,0.850000,0.009442,0.928869,0.021814,0.369644,-215.021515,92.176743,84.254196
103,0.858333,0.009567,0.928917,0.021568,0.369536,-215.015198,92.177467,84.247520
104,0.866667,0.009708,0.928910,0.021571,0.369549,-215.008835,92.178253,84.248520
105,0.875000,0.009761,0.928770,0.021550,0.369900,-215.001648,92.178741,84.245506
106,0.883333,0.009729,0.928855,0.021343,0.369700,-215.000229,92.180756,84.250366
107,0.891667,0.009460,0.928876,0.021402,0.369651,-214.999695,92.182693,84.252922
108,0.900000,0.009106,0.928768,0.021613,0.369919,-215.000504,92.184517,84.253769
109,0.908333,0.008783,0.928759,0.021604,0.369950,-215.004974,92.186584,84.256378
110,0.916667,0.008647,0.928816,0.021614,0.369810,-215.015579,92.188690,84.259483
111,0.925000,0.008479,0.928727,0.022091,0.370008,-215.024857,92.185806,84.262917
112,0.933333,0.008799,0.928791,0.022231,0.369833,-215.036911,92.184196,84.271439
113,0.941667,0.008876,0.928789,0.022376,0.369827,-215.049576,92.179260,84.277138
114,0.950000,0.008834,0.928789,0.022800,0.369802,-215.057236,92.174698,84.282387
115,0.958333,0.009010,0.928707,0.022680,0.370011,-215.058731,92.176109,84.281700
116,0.966667,0.009231,0.928653,0.022438,0.370155,-215.052200,92.177086,84.277626
117,0.975000,0.009080,0.928690,0.022285,0.370076,-215.042252,92.178291,84.271088
118,0.983333,0.009137,0.928770,0.022073,0.369887,-215.027588,92.177650,84.266037
119,0.991667,0.009208,0.928835,0.021840,0.369735,-215.014557,92.178627,84.258751
120,1.000000,0.009126,0.928860,0.021614,0.369688,-215.003937,92.181602,84.251106
121,1.008333,0.009311,0.928867,0.021451,0.369675,-214.994080,92.183891,84.248764
122,1.016667,0.009307,0.928769,0.019568,0.370025,-214.979935,92.176414,84.250023
123,1.025000,0.009243,0.928882,0.020948,0.369667,-214.976685,92.186012,84.250435
124,1.033333,0.008984,0.928794,0.019621,0.369967,-214.971619,92.182999,84.248466
125,1.041667,0.008485,0.928541,0.018503,0.370671,-214.968063,92.176697,84.243385
126,1.050000,0.008852,0.928711,0.021348,0.370083,-214.978317,92.190628,84.247070
127,1.058333,0.008915,0.928751,0.021613,0.369967,-214.985077,92.192238,84.248352
128,1.066667,0.008961,0.928703,0.021367,0.370100,-214.995056,92.190277,84.251335
129,1.075000,0.008612,0.928759,0.021740,0.369945,-215.006393,92.187004,84.256447
130,1.083333,0.008712,0.928767,0.022043,0.369906,-215.020416,92.184769,84.262054
131,1.091667,0.008863,0.928872,0.022244,0.369626,-215.036850,92.183098,84.272820
132,1.100000,0.009029,0.928984,0.022449,0.369329,-215.051392,92.177307,84.278091
133,1.108333,0.008985,0.929006,0.022285,0.369283,-215.060257,92.172806,84.280098
134,1.116667,0.008959,0.928962,0.022184,0.369401,-215.061707,92.172806,84.277466
135,1.125000,0.009036,0.928901,0.021879,0.369570,-215.050888,92.172760,84.270409
136,1.133333,0.008925,0.928992,0.021774,0.369352,-215.036728,92.174248,84.263779
137,1.141667,0.009329,0.929064,0.021450,0.369180,-215.020340,92.176613,84.254173
138,1.150000,0.009526,0.929150,0.021018,0.368983,-215.006287,92.180809,84.244545
139,1.158333,0.009792,0.929206,0.021003,0.368834,-214.993866,92.179901,84.241501
140,1.166667,0.009675,0.929313,0.020927,0.368572,-214.988495,92.184242,84.242561
141,1.175000,0.009259,0.929155,0.021076,0.368973,-214.988129,92.187294,84.238121
142,1.183333,0.007817,0.929220,0.021095,0.368841,-215.007019,92.201057,84.251770
143,1.191667,0.008512,0.929444,0.021370,0.368246,-215.019867,92.189850,84.257980
144,1.200000,0.008732,0.929667,0.021751,0.367655,-215.037018,92.183395,84.263885
145,1.208333,0.008896,0.929723,0.022238,0.367479,-215.055389,92.179146,84.269836
146,1.216667,0.007062,0.929668,0.022500,0.367642,-215.076157,92.195236,84.285103
147,1.225000,0.006585,0.929931,0.022526,0.366986,-215.085602,92.196274,84.285187
148,1.233333,0.006521,0.930304,0.022379,0.366049,-215.085739,92.195938,84.277916
149,1.241667,0.006583,0.930498,0.022171,0.365567,-215.080338,92.196121,84.272339
150,1.250000,0.006338,0.930712,0.022419,0.365011,-215.075684,92.196861,84.274239
151,1.258333,0.006285,0.930915,0.022768,0.364471,-215.079285,92.201698,84.279457
152,1.266667,0.006597,0.931009,0.023034,0.364208,-215.080170,92.197273,84.272087
153,1.275000,0.006596,0.931046,0.023013,0.364116,-215.088150,92.194382,84.268799
154,1.283333,0.006461,0.931024,0.023369,0.364153,-215.095093,92.192406,84.268623
155,1.291667,0.006436,0.931009,0.023327,0.364194,-215.101929,92.193069,84.267555
156,1.300000,0.006183,0.930970,0.023458,0.364289,-215.103790,92.192757,84.268379
157,1.308333,0.005919,0.930953,0.023475,0.364336,-215.108566,92.195938,84.267494
158,1.316667,0.005787,0.930903,0.023694,0.364451,-215.111023,92.195465,84.268608
159,1.325000,0.005877,0.930765,0.023827,0.364793,-215.120743,92.196297,84.264557
160,1.333333,0.005539,0.930683,0.024106,0.364988,-215.132141,92.193405,84.260170
161,1.341667,0.005204,0.930618,0.024393,0.365142,-215.146500,92.189735,84.256897
162,1.350000,0.004757,0.930587,0.024673,0.365208,-215.159790,92.186180,84.257065
163,1.358333,0.004504,0.930596,0.024871,0.365173,-215.172989,92.184715,84.256729
164,1.366667,0.004422,0.930580,0.024966,0.365211,-215.189743,92.184792,84.258202
165,1.375000,0.003960,0.930600,0.025351,0.365138,-215.206070,92.184189,84.262764
166,1.383333,0.003468,0.930630,0.025495,0.365055,-215.224365,92.184311,84.266945
167,1.391667,0.003241,0.930612,0.025668,0.365091,-215.242386,92.183258,84.276329
168,1.400000,0.002946,0.930591,0.025954,0.365127,-215.256958,92.181908,84.287903
169,1.408333,0.002747,0.930542,0.026807,0.365192,-215.271042,92.182243,84.305008
170,1.416667,0.002345,0.930356,0.027237,0.365637,-215.281723,92.184883,84.321815
171,1.425000,0.002177,0.930291,0.027349,0.365796,-215.287491,92.186180,84.328026
172,1.433333,0.001827,0.930299,0.027137,0.365794,-215.287872,92.189156,84.321152
173,1.441667,0.001882,0.930299,0.026954,0.365805,-215.288422,92.188782,84.314880
174,1.450000,0.001873,0.930335,0.027064,0.365705,-215.289261,92.186287,84.313400
175,1.458333,0.001507,0.930399,0.026848,0.365562,-215.294235,92.188385,84.309380
176,1.466667,0.001792,0.930344,0.026876,0.365696,-215.302399,92.186287,84.310150
177,1.475000,0.001610,0.930280,0.026940,0.365856,-215.314728,92.186234,84.310867
178,1.483333,0.001366,0.930252,0.027230,0.365906,-215.332840,92.184540,84.307114
179,1.491667,0.000897,0.930180,0.027584,0.366064,-215.352051,92.184090,84.306145
180,1.500000,-0.000423,0.930130,0.027239,0.366219,-215.371735,92.193512,84.302628
181,1.508333,-0.000167,0.930019,0.028267,0.366423,-215.387375,92.183449,84.310966
182,1.516667,-0.001599,0.929921,0.027740,0.366708,-215.409424,92.194351,84.310898
183,1.525000,-0.002366,0.929891,0.028053,0.366757,-215.425735,92.194679,84.312729
184,1.533333,-0.002860,0.929891,0.028230,0.366740,-215.439774,92.196747,84.314819
185,1.541667,-0.003443,0.929869,0.028246,0.366789,-215.457245,92.201118,84.312622
186,1.550000,-0.003372,0.929817,0.028334,0.366915,-215.467911,92.203064,84.316071
187,1.558333,-0.003880,0.929769,0.028560,0.367014,-215.479324,92.205940,84.314888
188,1.566667,-0.004092,0.929759,0.028705,0.367025,-215.490036,92.208435,84.313927
189,1.575000,-0.004229,0.929751,0.028798,0.367037,-215.498383,92.211121,84.313835
190,1.583333,-0.004434,0.929725,0.029039,0.367081,-215.504959,92.210793,84.312309
191,1.591667,-0.004311,0.929738,0.029228,0.367034,-215.508514,92.208221,84.310204
192,1.600000,-0.004195,0.929800,0.029335,0.366871,-215.507629,92.206993,84.308502
193,1.608333,-0.004094,0.929849,0.029243,0.366755,-215.504120,92.207245,84.305901
194,1.616667,-0.004142,0.929871,0.029216,0.366700,-215.499069,92.205650,84.304359
195,1.625000,-0.004264,0.929936,0.029059,0.366548,-215.497238,92.205658,84.303680
196,1.633333,-0.004260,0.929974,0.028817,0.366469,-215.495895,92.207764,84.302673
197,1.641667,-0.004275,0.929995,0.028865,0.366412,-215.500427,92.210030,84.303772
198,1.650000,-0.004452,0.929983,0.028925,0.366435,-215.504745,92.210922,84.303703
199,1.658333,-0.004378,0.929979,0.029127,0.366432,-215.511444,92.210594,84.303650
200,1.666667,-0.004424,0.929946,0.029245,0.366505,-215.515640,92.210083,84.301842
201,1.675000,-0.004344,0.929942,0.029370,0.366506,-215.519455,92.208755,84.303604
202,1.683333,-0.004348,0.929898,0.029408,0.366614,-215.521744,92.208443,84.303772
203,1.691667,-0.004202,0.929909,0.029323,0.366595,-215.523880,92.208649,84.306091
204,1.700000,-0.004158,0.929910,0.029384,0.366589,-215.525787,92.209526,84.308250
205,1.708333,-0.004274,0.929878,0.029504,0.366659,-215.526886,92.209717,84.313171
206,1.716667,-0.004314,0.929910,0.029639,0.366565,-215.530136,92.210716,84.316772
207,1.725000,-0.004357,0.929905,0.029646,0.366578,-215.530487,92.210396,84.317673
208,1.733333,-0.004554,0.929973,0.029600,0.366407,-215.528961,92.212479,84.314217
209,1.741667,-0.004482,0.929990,0.029679,0.366356,-215.529160,92.212799,84.313187
210,1.750000,-0.004523,0.930027,0.029675,0.366262,-215.528397,92.211929,84.311844
211,1.758333,-0.004723,0.930037,0.029792,0.366226,-215.527481,92.212227,84.309128
212,1.766667,-0.004673,0.930029,0.029756,0.366250,-215.528534,92.211456,84.305862
213,1.775000,-0.004730,0.930031,0.029839,0.366237,-215.532562,92.210785,84.303131
214,1.783333,-0.004708,0.930072,0.029903,0.366129,-215.536362,92.209991,84.301712
215,1.791667,-0.004624,0.930063,0.029763,0.366162,-215.540222,92.210655,84.299553
216,1.800000,-0.004635,0.930059,0.029935,0.366159,-215.543411,92.210838,84.299583
217,1.808333,-0.004813,0.930086,0.030005,0.366084,-215.546112,92.210045,84.298225
218,1.816667,-0.004670,0.930011,0.030068,0.366270,-215.552139,92.209122,84.302895
219,1.825000,-0.004471,0.929985,0.030093,0.366337,-215.555054,92.209961,84.303093
220,1.833333,-0.004499,0.929978,0.030005,0.366362,-215.558655,92.208969,84.304955
221,1.841667,-0.004876,0.930056,0.030281,0.366135,-215.561935,92.206230,84.309273
222,1.850000,-0.004582,0.929974,0.030267,0.366349,-215.562897,92.208549,84.308151
223,1.858333,-0.004432,0.929927,0.030145,0.366479,-215.563538,92.209175,84.309784
224,1.866667,-0.004556,0.929949,0.030105,0.366425,-215.561508,92.209023,84.310562
225,1.875000,-0.004483,0.929942,0.030273,0.366431,-215.559601,92.207726,84.311325
226,1.883333,-0.004521,0.929976,0.030218,0.366349,-215.557480,92.208977,84.312729
227,1.891667,-0.004947,0.930072,0.030297,0.366092,-215.553146,92.206528,84.314720
228,1.900000,-0.004599,0.930003,0.030112,0.366288,-215.548615,92.208679,84.311348
229,1.908333,-0.004557,0.930018,0.029941,0.366264,-215.543655,92.208710,84.309021
230,1.916667,-0.004616,0.930075,0.029790,0.366131,-215.540176,92.210510,84.305695
231,1.925000,-0.004804,0.930084,0.029681,0.366114,-215.539307,92.211876,84.303185
232,1.933333,-0.004844,0.930058,0.029656,0.366182,-215.539383,92.212852,84.301201
233,1.941667,-0.004787,0.930060,0.029646,0.366178,-215.540665,92.213455,84.300377
234,1.950000,-0.004799,0.930099,0.029768,0.366070,-215.542053,92.212555,84.298973
235,1.958333,-0.004702,0.930092,0.029800,0.366085,-215.546631,92.212067,84.297752
236,1.966667,-0.004698,0.930057,0.030016,0.366158,-215.550537,92.210846,84.298378
237,1.975000,-0.004661,0.930015,0.030128,0.366256,-215.556519,92.210014,84.300606
238,1.983333,-0.004490,0.929950,0.030036,0.366429,-215.561264,92.208679,84.303497
239,1.991667,-0.004204,0.929974,0.030131,0.366365,-215.562958,92.208443,84.304253
240,2.000000,-0.005278,0.929959,0.030206,0.366381,-215.567368,92.209663,84.313972
241,2.008333,-0.005144,0.929944,0.029936,0.366444,-215.562149,92.211563,84.313461
242,2.016667,-0.004762,0.929960,0.029974,0.366407,-215.557617,92.209602,84.315407
243,2.025000,-0.005535,0.930011,0.029955,0.366267,-215.558716,92.211411,84.322464
244,2.033333,-0.005093,0.929970,0.029701,0.366397,-215.552780,92.214600,84.318390
245,2.041667,-0.004977,0.930100,0.030115,0.366035,-215.549927,92.210632,84.320221
246,2.050000,-0.004494,0.930017,0.030081,0.366256,-215.548462,92.209991,84.313049
247,2.058333,-0.004368,0.930014,0.030009,0.366271,-215.548294,92.210320,84.309402
248,2.066667,-0.004429,0.930048,0.030068,0.366180,-215.546234,92.210609,84.304413
249,2.075000,-0.004494,0.930065,0.029975,0.366142,-215.543274,92.210625,84.301308
250,2.083333,-0.004619,0.930061,0.029810,0.366164,-215.543274,92.211899,84.300201
251,2.091667,-0.004561,0.930064,0.029647,0.366171,-215.541977,92.212883,84.298744
252,2.100000,-0.004513,0.930042,0.029747,0.366219,-215.543884,92.212234,84.302200
253,2.108333,-0.004498,0.930017,0.029756,0.366283,-215.546127,92.211990,84.302124
254,2.116667,-0.004636,0.930092,0.029883,0.366079,-215.549179,92.211639,84.298447
255,2.125000,-0.004598,0.930000,0.030130,0.366294,-215.556885,92.210060,84.301384
256,2.133333,-0.004517,0.929973,0.030250,0.366354,-215.561081,92.208710,84.302742
257,2.141667,-0.004442,0.929959,0.030285,0.366386,-215.563461,92.207275,84.305855
258,2.150000,-0.004392,0.929965,0.030119,0.366387,-215.564468,92.208321,84.307129
259,2.158333,-0.004794,0.930064,0.030324,0.366113,-215.563660,92.205849,84.312836
260,2.166667,-0.005678,0.929969,0.030202,0.366352,-215.565079,92.210289,84.318474
261,2.175000,-0.005800,0.930033,0.030254,0.366181,-215.558914,92.210617,84.320641
262,2.183333,-0.005993,0.929989,0.030081,0.366305,-215.556961,92.211639,84.322754
263,2.191667,-0.005378,0.929960,0.029903,0.366402,-215.551163,92.212402,84.316994
264,2.200000,-0.004671,0.929998,0.030054,0.366304,-215.548706,92.211082,84.314552
265,2.208333,-0.004395,0.930023,0.030144,0.366235,-215.547531,92.210426,84.312096
266,2.216667,-0.004422,0.930061,0.030218,0.366133,-215.545013,92.210213,84.304825
267,2.225000,-0.004533,0.930020,0.030179,0.366239,-215.546448,92.210182,84.305122
268,2.233333,-0.004691,0.929996,0.030195,0.366298,-215.546799,92.210556,84.302124
269,2.241667,-0.004606,0.930034,0.030027,0.366217,-215.545700,92.210098,84.298790
270,2.250000,-0.004738,0.930017,0.030047,0.366255,-215.547089,92.209290,84.301300
271,2.258333,-0.004536,0.930004,0.030023,0.366294,-215.549332,92.210075,84.301147
272,2.266667,-0.004471,0.930013,0.030099,0.366266,-215.553162,92.210129,84.300079
273,2.275000,-0.004414,0.930013,0.030177,0.366259,-215.556885,92.208954,84.299805
274,2.283333,-0.004369,0.929980,0.030410,0.366324,-215.561798,92.207993,84.302162
275,2.291667,-0.004320,0.929963,0.030249,0.366381,-215.563583,92.207909,84.303520
276,2.300000,-0.004333,0.929988,0.030115,0.366328,-215.563492,92.206261,84.304985
277,2.308333,-0.004860,0.929866,0.029814,0.366657,-215.567429,92.212341,84.311951
278,2.316667,-0.004961,0.929970,0.029743,0.366397,-215.560486,92.213509,84.313858
279,2.325000,-0.005230,0.929908,0.029684,0.366554,-215.560776,92.216614,84.318077
280,2.333333,-0.005097,0.930005,0.029795,0.366301,-215.555618,92.217033,84.317749
281,2.341667,-0.004658,0.930011,0.029905,0.366284,-215.552979,92.211563,84.314224
282,2.350000,-0.004454,0.930020,0.030043,0.366251,-215.553238,92.208389,84.311668
283,2.358333,-0.004474,0.930013,0.030332,0.366247,-215.552811,92.207436,84.308609
284,2.366667,-0.004522,0.930031,0.030346,0.366198,-215.551254,92.207565,84.303513
285,2.375000,-0.004504,0.930004,0.030275,0.366274,-215.551132,92.206924,84.304245
286,2.383333,-0.004567,0.930012,0.030065,0.366269,-215.549973,92.208260,84.303268
287,2.391667,-0.004587,0.930079,0.030057,0.366098,-215.546722,92.209396,84.301308
288,2.400000,-0.004552,0.930106,0.029946,0.366040,-215.546371,92.209572,84.299683
289,2.408333,-0.004610,0.930045,0.030038,0.366187,-215.550018,92.210075,84.302444
290,2.416667,-0.004615,0.930022,0.030085,0.366240,-215.553284,92.209740,84.301010
291,2.425000,-0.004669,0.930092,0.030075,0.366065,-215.554565,92.210136,84.300568
292,2.433333,-0.004654,0.930051,0.030086,0.366167,-215.557831,92.209473,84.303833
293,2.441667,-0.004575,0.930012,0.030233,0.366255,-215.561844,92.209145,84.305672
294,2.450000,-0.004651,0.929976,0.030392,0.366332,-215.568024,92.209152,84.306870
295,2.458333,-0.005261,0.930046,0.030857,0.366107,-215.570328,92.205338,84.309647
296,2.466667,-0.005996,0.929956,0.030586,0.366346,-215.576797,92.207748,84.315132
297,2.475000,-0.006177,0.929962,0.030271,0.366356,-215.573746,92.211975,84.319595
298,2.483333,-0.006205,0.929987,0.030191,0.366297,-215.567566,92.215370,84.323067
299,2.491667,-0.006180,0.929987,0.030168,0.366300,-215.563507,92.215782,84.324112
300,2.500000,-0.006147,0.930001,0.030029,0.366278,-215.560776,92.215668,84.322670
301,2.508333,-0.005149,0.929983,0.029932,0.366345,-215.557480,92.215042,84.317032
302,2.516667,-0.004685,0.930010,0.030124,0.366268,-215.558243,92.211876,84.312149
303,2.525000,-0.004482,0.930003,0.030231,0.366280,-215.559601,92.208305,84.306892
304,2.533333,-0.004467,0.930014,0.030437,0.366235,-215.561096,92.206818,84.305206
305,2.541667,-0.004497,0.930016,0.030432,0.366230,-215.560654,92.206535,84.301933
306,2.550000,-0.004571,0.930002,0.030364,0.366271,-215.561584,92.206223,84.300621
307,2.558333,-0.004762,0.930002,0.030486,0.366258,-215.563019,92.207100,84.300400
308,2.566667,-0.005157,0.930099,0.030693,0.365988,-215.564377,92.205849,84.302856
309,2.575000,-0.005517,0.930063,0.030943,0.366053,-215.567444,92.205620,84.303757
310,2.583333,-0.005150,0.929980,0.030624,0.366296,-215.569473,92.206528,84.301163
311,2.591667,-0.004735,0.930011,0.030262,0.366254,-215.569901,92.209076,84.303551
312,2.600000,-0.004711,0.930031,0.030310,0.366199,-215.569305,92.208771,84.304848
313,2.608333,-0.005187,0.930058,0.030636,0.366096,-215.570526,92.206505,84.309006
314,2.616667,-0.005886,0.929987,0.030602,0.366270,-215.573578,92.209831,84.313606
315,2.625000,-0.006043,0.930020,0.030679,0.366176,-215.569000,92.209381,84.315483
316,2.633333,-0.006286,0.929984,0.030385,0.366287,-215.571472,92.211906,84.319321
317,2.641667,-0.006119,0.930052,0.030424,0.366115,-215.567963,92.211914,84.318581
318,2.650000,-0.005730,0.930081,0.030723,0.366023,-215.567200,92.208282,84.317558
319,2.658333,-0.006134,0.929994,0.030493,0.366258,-215.570618,92.211189,84.316795
320,2.666667,-0.005542,0.929952,0.030167,0.366399,-215.567139,92.213150,84.311096
321,2.675000,-0.004908,0.930002,0.030230,0.366276,-215.562958,92.210541,84.309731
322,2.683333,-0.004873,0.930038,0.030226,0.366185,-215.561920,92.211418,84.306435
323,2.691667,-0.004645,0.930027,0.030357,0.366206,-215.562256,92.210930,84.305054
324,2.700000,-0.004819,0.930083,0.030285,0.366068,-215.561630,92.211151,84.300110
325,2.708333,-0.004932,0.930098,0.030248,0.366031,-215.563553,92.210358,84.297935
326,2.716667,-0.004993,0.930023,0.030372,0.366209,-215.566833,92.209076,84.300758
327,2.725000,-0.004850,0.930024,0.030329,0.366213,-215.568954,92.208572,84.299423
328,2.733333,-0.004776,0.930026,0.030469,0.366197,-215.572311,92.208984,84.300522
329,2.741667,-0.004828,0.930022,0.030636,0.366192,-215.572693,92.207245,84.301483
330,2.750000,-0.005254,0.930092,0.030814,0.365994,-215.574738,92.204056,84.307159
331,2.758333,-0.005576,0.930085,0.031050,0.365986,-215.575317,92.203262,84.308815
332,2.766667,-0.006149,0.929994,0.030708,0.366239,-215.577515,92.208519,84.313080
333,2.775000,-0.006464,0.930014,0.030538,0.366196,-215.574600,92.212791,84.319633
334,2.783333,-0.006522,0.930009,0.030328,0.366225,-215.569473,92.215034,84.322510
335,2.791667,-0.006212,0.930084,0.030427,0.366033,-215.564178,92.212509,84.323822
336,2.800000,-0.005228,0.930041,0.030253,0.366171,-215.560776,92.213173,84.318008
337,2.808333,-0.004927,0.930106,0.030173,0.366017,-215.557388,92.213150,84.317459
338,2.816667,-0.004872,0.930119,0.030156,0.365986,-215.555161,92.214798,84.318504
339,2.825000,-0.004939,0.930166,0.030205,0.365860,-215.557388,92.215294,84.315170
340,2.833333,-0.005090,0.930149,0.029957,0.365924,-215.561539,92.215469,84.312935
341,2.841667,-0.005194,0.930184,0.029862,0.365839,-215.558670,92.214371,84.309235
342,2.850000,-0.005023,0.930257,0.029941,0.365651,-215.553024,92.212990,84.311028
343,2.858333,-0.004755,0.930184,0.029928,0.365840,-215.555313,92.212532,84.315277
344,2.866667,-0.004717,0.930174,0.029916,0.365869,-215.556747,92.211464,84.315536
345,2.875000,-0.004804,0.930233,0.029981,0.365711,-215.557571,92.212105,84.311699
346,2.883333,-0.004902,0.930232,0.030128,0.365699,-215.558121,92.209351,84.311104
347,2.891667,-0.004944,0.930160,0.030233,0.365875,-215.561462,92.209251,84.315163
348,2.900000,-0.005245,0.930260,0.030522,0.365591,-215.562958,92.205383,84.321976
349,2.908333,-0.006012,0.930176,0.030331,0.365809,-215.567139,92.210396,84.323128
350,2.916667,-0.006292,0.930126,0.030267,0.365938,-215.569641,92.211464,84.326599
351,2.925000,-0.006255,0.930119,0.030189,0.365963,-215.569122,92.210854,84.328117
352,2.933333,-0.006221,0.930119,0.030235,0.365958,-215.567734,92.210075,84.330170
353,2.941667,-0.006074,0.930129,0.030366,0.365926,-215.564011,92.209145,84.330688
354,2.950000,-0.006091,0.930114,0.030338,0.365965,-215.563171,92.209251,84.329712
355,2.958333,-0.005482,0.930038,0.030075,0.366189,-215.562027,92.213104,84.328079
356,2.966667,-0.005198,0.930221,0.030345,0.365706,-215.557053,92.207268,84.330765
357,2.975000,-0.004776,0.930169,0.030180,0.365857,-215.554184,92.207893,84.326454
358,2.983333,-0.004516,0.930184,0.030059,0.365833,-215.552307,92.209274,84.322357
359,2.991667,-0.004580,0.930212,0.029816,0.365782,-215.552643,92.208984,84.319992
360,3.000000,-0.004607,0.930182,0.029901,0.365850,-215.552597,92.208954,84.319839
361,3.008333,-0.004835,0.930245,0.029919,0.365685,-215.551025,92.211243,84.314713
362,3.016667,-0.004694,0.930198,0.029998,0.365800,-215.551880,92.210503,84.317940
363,3.025000,-0.004733,0.930182,0.030065,0.365835,-215.552811,92.210541,84.317940
364,3.033333,-0.004806,0.930184,0.030034,0.365833,-215.551346,92.211815,84.320900
365,3.041667,-0.005354,0.930277,0.030296,0.365565,-215.549225,92.209770,84.327919
366,3.050000,-0.005908,0.930247,0.030406,0.365624,-215.547516,92.210373,84.330444
367,3.058333,-0.005941,0.930250,0.030359,0.365620,-215.547272,92.210915,84.333969
368,3.066667,-0.006001,0.930225,0.030307,0.365687,-215.548615,92.212646,84.335617
369,3.075000,-0.005938,0.930214,0.030356,0.365712,-215.548752,92.212395,84.336929
370,3.083333,-0.006450,0.930149,0.030022,0.365896,-215.553741,92.216980,84.338669
371,3.091667,-0.005939,0.930130,0.030447,0.365918,-215.551132,92.210846,84.341728
372,3.100000,-0.006332,0.930115,0.030188,0.365970,-215.553329,92.216080,84.340111
373,3.108333,-0.005486,0.930069,0.030085,0.366111,-215.549683,92.214478,84.337090
374,3.116667,-0.005508,0.930250,0.030077,0.365650,-215.546204,92.212387,84.339180
375,3.125000,-0.006113,0.930193,0.029915,0.365799,-215.548080,92.215553,84.337875
376,3.133333,-0.005432,0.930111,0.029860,0.366023,-215.544983,92.215302,84.333595
377,3.141667,-0.005155,0.930134,0.029789,0.365974,-215.542786,92.214859,84.331001
378,3.150000,-0.005003,0.930183,0.029812,0.365850,-215.542770,92.215935,84.328232
379,3.158333,-0.005012,0.930218,0.029915,0.365751,-215.542938,92.214943,84.327698
380,3.166667,-0.004989,0.930211,0.029984,0.365765,-215.544342,92.215942,84.325546
381,3.175000,-0.005039,0.930189,0.029989,0.365820,-215.546127,92.215141,84.324852
382,3.183333,-0.005252,0.930167,0.030006,0.365871,-215.548294,92.214775,84.325516
383,3.191667,-0.005181,0.930174,0.029979,0.365855,-215.548401,92.212563,84.325317
384,3.200000,-0.005112,0.930148,0.030075,0.365915,-215.550201,92.212173,84.325737
385,3.208333,-0.006205,0.930172,0.029960,0.365846,-215.555740,92.215813,84.330391
386,3.216667,-0.005412,0.930091,0.030112,0.366054,-215.557266,92.213287,84.329582
387,3.225000,-0.004915,0.930109,0.030037,0.366021,-215.558456,92.211601,84.328445
388,3.233333,-0.004689,0.930127,0.030047,0.365978,-215.556931,92.209618,84.327248
389,3.241667,-0.005149,0.930269,0.030341,0.365585,-215.556503,92.207428,84.331673
390,3.250000,-0.005243,0.930229,0.030558,0.365667,-215.555923,92.206177,84.330658
391,3.258333,-0.005387,0.930236,0.030742,0.365632,-215.555649,92.204247,84.329613
392,3.266667,-0.005381,0.930242,0.030668,0.365624,-215.555389,92.204926,84.329948
393,3.275000,-0.005377,0.930259,0.030626,0.365583,-215.554260,92.205109,84.328651
394,3.283333,-0.004709,0.930169,0.030096,0.365866,-215.555359,92.209312,84.323540
395,3.291667,-0.004436,0.930158,0.029852,0.365918,-215.554779,92.208656,84.321472
396,3.300000,-0.004440,0.930262,0.030027,0.365639,-215.554092,92.210350,84.317062
397,3.308333,-0.004386,0.930222,0.030209,0.365727,-215.555954,92.209679,84.317787
398,3.316667,-0.004427,0.930207,0.030244,0.365761,-215.557190,92.207939,84.316658
399,3.325000,-0.004569,0.930179,0.030253,0.365829,-215.559174,92.207527,84.316185
400,3.333333,-0.004675,0.930165,0.030279,0.365861,-215.560074,92.206192,84.314415
401,3.341667,-0.004942,0.930233,0.030206,0.365690,-215.559723,92.206764,84.311417
402,3.350000,-0.004717,0.930196,0.030248,0.365784,-215.561890,92.206696,84.316544
403,3.358333,-0.005099,0.930281,0.030464,0.365546,-215.561707,92.204956,84.322594
404,3.366667,-0.004802,0.930180,0.030139,0.365833,-215.561844,92.208809,84.320045
405,3.375000,-0.004730,0.930170,0.030266,0.365849,-215.561203,92.209450,84.322266
406,3.383333,-0.005308,0.930261,0.030533,0.365587,-215.561218,92.206909,84.326454
407,3.391667,-0.005439,0.930246,0.030422,0.365633,-215.560440,92.205544,84.326485
408,3.400000,-0.004898,0.930159,0.030267,0.365874,-215.559677,92.208542,84.324493
409,3.408333,-0.005086,0.930286,0.030327,0.365545,-215.558502,92.208359,84.329605
410,3.416667,-0.005280,0.930276,0.030466,0.365554,-215.557404,92.207985,84.328720
411,3.425000,-0.005368,0.930245,0.030575,0.365623,-215.557816,92.207481,84.328636
412,3.433333,-0.004923,0.930134,0.030152,0.365947,-215.557434,92.209862,84.322655
413,3.441667,-0.005162,0.930256,0.030263,0.365625,-215.556122,92.208755,84.325951
414,3.450000,-0.004788,0.930161,0.030282,0.365869,-215.555435,92.210548,84.321281
415,3.458333,-0.004673,0.930185,0.030204,0.365816,-215.553574,92.211250,84.319244
416,3.466667,-0.004915,0.930162,0.029925,0.365896,-215.558319,92.213097,84.311852
417,3.475000,-0.005063,0.930236,0.029905,0.365707,-215.557602,92.215225,84.304497
418,3.483333,-0.004809,0.930219,0.029998,0.365745,-215.556030,92.211105,84.305489
419,3.491667,-0.005276,0.930369,0.030040,0.365353,-215.552979,92.208900,84.305626
420,3.500000,-0.004912,0.930233,0.029849,0.365720,-215.547180,92.209068,84.309822
421,3.508333,-0.004922,0.930235,0.029844,0.365715,-215.542099,92.214622,84.317589
422,3.516667,-0.005337,0.930279,0.030316,0.365559,-215.538605,92.213455,84.327209
423,3.525000,-0.005214,0.930272,0.030630,0.365552,-215.536362,92.212624,84.333549
424,3.533333,-0.005396,0.930150,0.030765,0.365848,-215.539902,92.216988,84.344032
425,3.541667,-0.005501,0.930116,0.031003,0.365913,-215.537018,92.221130,84.356667
426,3.550000,-0.005282,0.930103,0.031235,0.365931,-215.532990,92.221291,84.372246
427,3.558333,-0.003501,0.930267,0.030586,0.365590,-215.527481,92.228386,84.393494
428,3.566667,-0.002250,0.930295,0.031416,0.365458,-215.514954,92.219666,84.420059
429,3.575000,-0.001580,0.930350,0.032006,0.365271,-215.504700,92.217270,84.444710
430,3.583333,-0.001365,0.930392,0.032507,0.365120,-215.502197,92.216476,84.460121
431,3.591667,-0.000905,0.930435,0.032872,0.364979,-215.497162,92.218246,84.481728
432,3.600000,-0.000729,0.930403,0.033575,0.364998,-215.490143,92.216949,84.506058
433,3.608333,0.000104,0.930439,0.033991,0.364868,-215.482361,92.217377,84.531578
434,3.616667,0.000414,0.930489,0.034480,0.364693,-215.474701,92.218544,84.552238
435,3.625000,0.001162,0.930524,0.034900,0.364562,-215.468887,92.218628,84.571442
436,3.633333,0.001803,0.930528,0.035267,0.364513,-215.457581,92.219872,84.590446
437,3.641667,0.001845,0.930541,0.035721,0.364436,-215.447189,92.220978,84.606186
438,3.650000,0.002130,0.930547,0.035913,0.364401,-215.434570,92.222122,84.622917
439,3.658333,0.001917,0.930333,0.035916,0.364947,-215.427277,92.231400,84.647865
440,3.666667,0.002423,0.930258,0.036001,0.365128,-215.418457,92.232956,84.665436
441,3.675000,0.004402,0.930402,0.036383,0.364704,-215.400620,92.216438,84.675453
442,3.683333,0.005456,0.930379,0.036746,0.364713,-215.394928,92.207458,84.684456
443,3.691667,0.005888,0.930367,0.037154,0.364695,-215.396713,92.204407,84.695450
444,3.700000,0.006210,0.930308,0.037500,0.364804,-215.399628,92.203247,84.702698
445,3.708333,0.006346,0.930267,0.037842,0.364871,-215.404984,92.205399,84.711197
446,3.716667,0.006383,0.930205,0.038193,0.364993,-215.408569,92.203850,84.716537
447,3.725000,0.006543,0.930142,0.038661,0.365102,-215.411240,92.199051,84.722771
448,3.733333,0.006784,0.930103,0.039047,0.365156,-215.413452,92.195625,84.732452
449,3.741667,0.007234,0.930090,0.039455,0.365135,-215.412659,92.193573,84.744858
450,3.750000,0.007764,0.929987,0.039853,0.365344,-215.411209,92.193802,84.758232
451,3.758333,0.008137,0.929961,0.040122,0.365372,-215.408081,92.194031,84.767654
452,3.766667,0.008551,0.929931,0.040289,0.365420,-215.408661,92.194435,84.775513
453,3.775000,0.008616,0.929995,0.040531,0.365230,-215.413666,92.194244,84.787056
454,3.783333,0.008266,0.930033,0.040423,0.365152,-215.418884,92.195633,84.788483
455,3.791667,0.007861,0.930038,0.040344,0.365158,-215.429138,92.200333,84.784317
456,3.800000,0.007246,0.930035,0.040346,0.365176,-215.439560,92.200905,84.774277
457,3.808333,0.006585,0.930095,0.040050,0.365070,-215.450455,92.204384,84.749710
458,3.816667,0.003069,0.929904,0.039586,0.365652,-215.475967,92.229591,84.737236
459,3.825000,0.002316,0.930051,0.039094,0.365337,-215.486908,92.229065,84.703323
460,3.833333,0.002589,0.930402,0.038507,0.364504,-215.488022,92.220955,84.661102
461,3.841667,0.002394,0.930542,0.038110,0.364188,-215.494781,92.215912,84.632431
462,3.850000,0.002062,0.930600,0.037966,0.364057,-215.500854,92.213715,84.621689
463,3.858333,0.002490,0.930422,0.038795,0.364423,-215.515320,92.212036,84.635887
464,3.866667,0.003691,0.930095,0.040680,0.365041,-215.532928,92.221657,84.672562
465,3.875000,0.004270,0.929984,0.042392,0.365123,-215.538757,92.252800,84.699318
466,3.883333,0.003698,0.930191,0.042305,0.364611,-215.526535,92.304382,84.712265
467,3.891667,0.003443,0.930439,0.041629,0.364060,-215.506409,92.358833,84.716400
468,3.900000,0.003635,0.930459,0.041473,0.364023,-215.500931,92.405304,84.724251
469,3.908333,0.002089,0.930372,0.040922,0.364320,-215.510040,92.469254,84.730148
470,3.916667,0.001471,0.930006,0.041140,0.365231,-215.526276,92.527618,84.746758
471,3.925000,0.003883,0.929888,0.039925,0.365648,-215.527924,92.594788,84.753807
472,3.933333,0.005385,0.929981,0.039405,0.365450,-215.515717,92.651375,84.765869
473,3.941667,0.005784,0.930120,0.039046,0.365129,-215.500458,92.705147,84.784569
474,3.950000,0.004568,0.930347,0.038414,0.364634,-215.489655,92.762367,84.805008
475,3.958333,0.002334,0.930549,0.038695,0.364110,-215.484589,92.808464,84.828133
476,3.966667,0.000389,0.930498,0.039252,0.364187,-215.483810,92.864166,84.845085
477,3.975000,-0.000466,0.930404,0.039843,0.364362,-215.478165,92.913353,84.858986
478,3.983333,0.001461,0.930546,0.038761,0.364115,-215.476318,92.977104,84.878067
479,3.991667,0.001821,0.930653,0.040272,0.363674,-215.478012,93.049126,84.884567
480,4.000000,0.000970,0.930507,0.038450,0.364249,-215.482025,93.117180,84.875137
481,4.008333,0.003804,0.930416,0.035101,0.364802,-215.482910,93.195168,84.862740
482,4.016667,0.004436,0.930362,0.034495,0.364988,-215.480972,93.248398,84.859299
483,4.025000,0.004078,0.930412,0.034372,0.364876,-215.481049,93.300507,84.857384
484,4.033333,0.001861,0.930442,0.034766,0.364781,-215.486984,93.371010,84.864944
485,4.041667,0.000636,0.930482,0.034743,0.364685,-215.482376,93.425438,84.864883
486,4.050000,0.000836,0.930696,0.034757,0.364139,-215.468185,93.467285,84.866211
487,4.058333,0.000904,0.930720,0.034912,0.364062,-215.457840,93.510399,84.870872
488,4.066667,0.000964,0.930725,0.035126,0.364027,-215.455933,93.556152,84.872826
489,4.075000,0.000971,0.930736,0.035311,0.363981,-215.465576,93.606911,84.867767
490,4.083333,0.000244,0.930724,0.034667,0.364076,-215.473969,93.666924,84.864418
491,4.091667,0.000282,0.930676,0.035582,0.364109,-215.478546,93.720177,84.865036
492,4.100000,0.003856,0.930671,0.034174,0.364237,-215.476990,93.775658,84.871284
493,4.108333,0.003864,0.930711,0.033781,0.364173,-215.476089,93.820572,84.869995
494,4.116667,0.003787,0.930691,0.033782,0.364224,-215.478165,93.861504,84.871643
495,4.125000,0.003237,0.930709,0.033409,0.364216,-215.478546,93.909386,84.873924
496,4.133333,0.001860,0.930733,0.032570,0.364242,-215.474487,93.970833,84.874657
497,4.141667,0.000862,0.930808,0.031799,0.364121,-215.462967,94.032997,84.877380
498,4.150000,0.000523,0.930879,0.031680,0.363952,-215.451630,94.091606,84.880791
499,4.158333,-0.000385,0.930888,0.030919,0.363995,-215.449829,94.158913,84.870216
500,4.166667,-0.000127,0.930838,0.031030,0.364113,-215.448334,94.211571,84.861160
501,4.175000,0.000194,0.930784,0.031391,0.364218,-215.447922,94.259064,84.853600
502,4.183333,0.002597,0.930762,0.030555,0.364337,-215.451141,94.330177,84.840889
503,4.191667,0.002044,0.930754,0.029716,0.364430,-215.454178,94.393173,84.833054
504,4.200000,-0.000371,0.930566,0.028575,0.365008,-215.455765,94.460976,84.844040
505,4.208333,-0.000761,0.930834,0.027992,0.364368,-215.439865,94.506737,84.827492
506,4.216667,-0.001177,0.930939,0.027422,0.364141,-215.439819,94.553368,84.818497
507,4.225000,-0.001534,0.930950,0.026836,0.364156,-215.442444,94.593826,84.809723
508,4.233333,-0.002320,0.931009,0.025919,0.364066,-215.449402,94.639297,84.797501
509,4.241667,-0.002776,0.930945,0.025359,0.364268,-215.453644,94.681862,84.796043
510,4.250000,-0.003295,0.930961,0.025200,0.364233,-215.452454,94.722321,84.794220
511,4.258333,-0.003720,0.931051,0.025169,0.364002,-215.449280,94.762596,84.794189
512,4.266667,-0.004086,0.931177,0.024969,0.363689,-215.442245,94.801598,84.790527
513,4.275000,-0.003974,0.931259,0.024303,0.363525,-215.439468,94.841415,84.786308
514,4.283333,-0.001622,0.931291,0.022277,0.363591,-215.438492,94.894585,84.780739
515,4.291667,-0.001487,0.931408,0.021267,0.363351,-215.431885,94.932793,84.776131
516,4.300000,-0.003311,0.931322,0.021007,0.363575,-215.433975,94.984001,84.783394
517,4.308333,-0.003975,0.931297,0.021901,0.363580,-215.427155,95.026291,84.787865
518,4.316667,-0.003638,0.931474,0.021959,0.363125,-215.411133,95.055786,84.777809
519,4.325000,-0.003599,0.931547,0.021525,0.362967,-215.402481,95.084343,84.767982
520,4.333333,-0.003465,0.931571,0.021367,0.362915,-215.398361,95.111153,84.766716
521,4.341667,-0.004217,0.931527,0.020611,0.363064,-215.402557,95.147964,84.760368
522,4.350000,-0.004888,0.931409,0.020200,0.363381,-215.408401,95.177116,84.751839
523,4.358333,-0.004950,0.931286,0.020226,0.363693,-215.410370,95.201042,84.749481
524,4.366667,-0.005031,0.931217,0.020562,0.363849,-215.407990,95.220634,84.749626
525,4.375000,-0.006397,0.931267,0.020616,0.363696,-215.389923,95.253479,84.756180
526,4.383333,-0.006466,0.931292,0.020398,0.363646,-215.384155,95.274101,84.760300
527,4.391667,-0.006539,0.931250,0.020354,0.363754,-215.381363,95.290794,84.766045
528,4.400000,-0.006796,0.931230,0.020339,0.363801,-215.379547,95.307648,84.771545
529,4.408333,-0.006794,0.931244,0.020186,0.363772,-215.384369,95.325874,84.770195
530,4.416667,-0.006097,0.931257,0.019885,0.363769,-215.391830,95.339897,84.763489
531,4.425000,-0.005448,0.931353,0.019526,0.363553,-215.391235,95.360123,84.758064
532,4.433333,-0.004992,0.931456,0.019170,0.363315,-215.388138,95.385971,84.756737
533,4.441667,-0.002455,0.931435,0.017377,0.363484,-215.383560,95.429260,84.754578
534,4.450000,-0.001691,0.931528,0.016624,0.363285,-215.374542,95.459579,84.755188
535,4.458333,-0.001766,0.931635,0.016480,0.363018,-215.366882,95.481010,84.757919
536,4.466667,-0.003691,0.931426,0.016517,0.363536,-215.370895,95.514519,84.769913
537,4.475000,-0.004249,0.931390,0.016935,0.363603,-215.369232,95.531059,84.770744
538,4.483333,-0.004468,0.931402,0.017183,0.363559,-215.367081,95.544815,84.770287
539,4.491667,-0.004554,0.931413,0.017424,0.363519,-215.364578,95.560768,84.767166
540,4.500000,-0.004014,0.931612,0.017771,0.362997,-215.354279,95.573494,84.755333
541,4.508333,-0.004231,0.931727,0.017792,0.362699,-215.356094,95.595627,84.741188
542,4.516667,-0.004556,0.931740,0.017795,0.362661,-215.358444,95.621452,84.732262
543,4.525000,-0.005281,0.931749,0.018178,0.362610,-215.364914,95.658768,84.721825
544,4.533333,-0.004904,0.931603,0.018495,0.362974,-215.365082,95.679512,84.717331
545,4.541667,-0.005618,0.931634,0.017872,0.362915,-215.359756,95.706490,84.718010
546,4.550000,-0.005798,0.931680,0.017739,0.362801,-215.356415,95.726791,84.721603
547,4.558333,-0.005736,0.931713,0.018053,0.362700,-215.354126,95.740761,84.726936
548,4.566667,-0.005667,0.931710,0.018076,0.362707,-215.352890,95.754173,84.727409
549,4.575000,-0.005738,0.931732,0.018095,0.362650,-215.351562,95.770615,84.727684
550,4.583333,-0.006388,0.931735,0.018105,0.362631,-215.352280,95.790222,84.728264
551,4.591667,-0.006919,0.931694,0.018019,0.362730,-215.350159,95.811172,84.730621
552,4.600000,-0.007354,0.931745,0.017751,0.362605,-215.345840,95.827431,84.731346
553,4.608333,-0.007314,0.931790,0.017507,0.362500,-215.342621,95.840057,84.730728
554,4.616667,-0.007343,0.931808,0.017511,0.362455,-215.336304,95.852142,84.730980
555,4.625000,-0.007291,0.931869,0.017448,0.362303,-215.324539,95.870140,84.731766
556,4.633333,-0.007104,0.931951,0.017309,0.362101,-215.303894,95.898346,84.728149
557,4.641667,-0.007184,0.932088,0.017025,0.361759,-215.275391,95.944000,84.718857
558,4.650000,-0.004983,0.932228,0.015044,0.361524,-215.249634,96.019165,84.703026
559,4.658333,-0.006000,0.932294,0.013685,0.361393,-215.224670,96.107414,84.692924
560,4.666667,-0.006249,0.932786,0.012946,0.360145,-215.189178,96.169540,84.669365
561,4.675000,-0.007368,0.933060,0.011578,0.359460,-215.168640,96.231201,84.645927
562,4.683333,-0.007685,0.933067,0.011089,0.359449,-215.153793,96.280296,84.634712
563,4.691667,-0.007821,0.933013,0.010903,0.359593,-215.142746,96.323143,84.629967
564,4.700000,-0.008511,0.933084,0.010786,0.359397,-215.129562,96.362839,84.628143
565,4.708333,-0.008970,0.933076,0.010061,0.359426,-215.122177,96.403885,84.630646
566,4.716667,-0.009215,0.932962,0.009303,0.359736,-215.126389,96.442696,84.628090
567,4.725000,-0.010512,0.932827,0.008628,0.360067,-215.122864,96.488045,84.628716
568,4.733333,-0.011547,0.932726,0.008351,0.360306,-215.130524,96.521034,84.623802
569,4.741667,-0.011930,0.932638,0.008069,0.360527,-215.141052,96.547005,84.617004
570,4.750000,-0.011703,0.932665,0.007603,0.360474,-215.147369,96.563614,84.607216
571,4.758333,-0.010640,0.932389,0.005511,0.361258,-215.161514,96.609207,84.602936
572,4.766667,-0.010059,0.932391,0.004739,0.361280,-215.160675,96.631401,84.599747
573,4.775000,-0.010309,0.932459,0.004494,0.361100,-215.161514,96.644348,84.597946
574,4.783333,-0.009902,0.932647,0.004341,0.360628,-215.160416,96.648605,84.587494
575,4.791667,-0.010197,0.932698,0.004635,0.360485,-215.163773,96.651161,84.582642
576,4.800000,-0.010298,0.932639,0.004861,0.360631,-215.166397,96.653076,84.578270
577,4.808333,-0.010421,0.932644,0.004944,0.360613,-215.165451,96.652779,84.575615
578,4.816667,-0.011015,0.932479,0.004872,0.361023,-215.169144,96.657555,84.581367
579,4.825000,-0.010210,0.932640,0.004709,0.360633,-215.162567,96.644905,84.576424
580,4.833333,-0.010792,0.932475,0.004725,0.361042,-215.168594,96.647072,84.584145
581,4.841667,-0.010791,0.932434,0.004731,0.361149,-215.169449,96.646881,84.584106
582,4.850000,-0.011032,0.932427,0.004785,0.361157,-215.167953,96.650635,84.585075
583,4.858333,-0.011204,0.932409,0.004800,0.361199,-215.163681,96.655869,84.587082
584,4.866667,-0.011213,0.932464,0.004715,0.361059,-215.157867,96.659355,84.589539
585,4.875000,-0.011328,0.932490,0.004691,0.360989,-215.152649,96.657875,84.592896
586,4.883333,-0.011204,0.932509,0.004645,0.360942,-215.150543,96.655327,84.597519
587,4.891667,-0.010810,0.932521,0.004789,0.360922,-215.150192,96.651993,84.601021
588,4.900000,-0.010417,0.932541,0.004898,0.360881,-215.152390,96.650848,84.601051
589,4.908333,-0.010400,0.932566,0.004944,0.360816,-215.155502,96.650375,84.600159
590,4.916667,-0.009668,0.932719,0.005099,0.360439,-215.151001,96.644882,84.589607
591,4.925000,-0.010375,0.932538,0.005097,0.360886,-215.161316,96.652153,84.596992
592,4.933333,-0.010448,0.932474,0.005149,0.361049,-215.165405,96.649216,84.595497
593,4.941667,-0.010449,0.932462,0.005031,0.361083,-215.168518,96.649277,84.593735
594,4.950000,-0.009741,0.932672,0.004989,0.360560,-215.162994,96.641792,84.584717
595,4.958333,-0.009762,0.932696,0.005051,0.360495,-215.162277,96.640221,84.579941
596,4.966667,-0.010535,0.932533,0.005016,0.360897,-215.167542,96.648491,84.585121
597,4.975000,-0.009827,0.932665,0.005032,0.360576,-215.160950,96.643639,84.577003
598,4.983333,-0.010637,0.932495,0.005137,0.360990,-215.164902,96.650375,84.584923
599,4.991667,-0.010773,0.932455,0.005059,0.361091,-215.163452,96.650322,84.586044
600,5.000000,-0.010902,0.932462,0.004932,0.361070,-215.161224,96.650696,84.588684
601,5.008333,-0.011023,0.932463,0.004757,0.361066,-215.158173,96.651375,84.590706
602,5.016667,-0.010985,0.932500,0.004698,0.360973,-215.155289,96.653206,84.591583
603,5.025000,-0.010862,0.932488,0.004610,0.361007,-215.152740,96.654907,84.592140
604,5.033333,-0.010798,0.932526,0.004720,0.360910,-215.150238,96.654770,84.594513
605,5.041667,-0.010707,0.932527,0.004713,0.360911,-215.149567,96.654083,84.597084
606,5.050000,-0.010660,0.932534,0.004808,0.360894,-215.152008,96.654610,84.598709
607,5.058333,-0.010745,0.932510,0.004845,0.360952,-215.155823,96.653595,84.599037
608,5.066667,-0.010839,0.932489,0.004855,0.361003,-215.160400,96.653603,84.597519
609,5.075000,-0.010861,0.932479,0.004832,0.361028,-215.164108,96.654228,84.596077
610,5.083333,-0.011058,0.932472,0.004774,0.361042,-215.167694,96.655304,84.593071
611,5.091667,-0.011024,0.932460,0.004702,0.361074,-215.170319,96.657227,84.591057
612,5.100000,-0.011123,0.932434,0.004712,0.361139,-215.171951,96.657974,84.590454
613,5.108333,-0.011243,0.932443,0.004690,0.361113,-215.172623,96.657379,84.588890
614,5.116667,-0.010602,0.932591,0.004684,0.360749,-215.165466,96.647469,84.579872
615,5.125000,-0.010983,0.932465,0.004680,0.361063,-215.169266,96.654030,84.584282
616,5.133333,-0.011025,0.932442,0.004754,0.361121,-215.169113,96.653732,84.583694
617,5.141667,-0.011140,0.932421,0.004747,0.361170,-215.166183,96.653160,84.583359
618,5.150000,-0.011161,0.932445,0.004756,0.361108,-215.163391,96.654640,84.584717
619,5.158333,-0.011215,0.932464,0.004719,0.361058,-215.159424,96.655098,84.586411
620,5.166667,-0.011014,0.932471,0.004722,0.361046,-215.156647,96.654938,84.588058
621,5.175000,-0.010906,0.932511,0.004845,0.360944,-215.153763,96.652954,84.591537
622,5.183333,-0.010698,0.932528,0.004921,0.360905,-215.151840,96.651840,84.594070
623,5.191667,-0.010650,0.932527,0.004898,0.360909,-215.151718,96.651878,84.596504
624,5.200000,-0.010511,0.932523,0.004956,0.360922,-215.152100,96.651894,84.597549
625,5.208333,-0.010540,0.932527,0.005003,0.360912,-215.154312,96.651573,84.598694
626,5.216667,-0.010522,0.932523,0.004941,0.360922,-215.156128,96.652069,84.597855
627,5.225000,-0.009925,0.932676,0.004888,0.360545,-215.152908,96.645096,84.590752
628,5.233333,-0.010499,0.932526,0.004904,0.360917,-215.162308,96.651123,84.596237
629,5.241667,-0.010587,0.932464,0.004951,0.361075,-215.167023,96.651787,84.593430
630,5.250000,-0.009954,0.932652,0.004884,0.360606,-215.163284,96.644501,84.584145
631,5.258333,-0.010702,0.932499,0.004815,0.360983,-215.170837,96.652138,84.587585
632,5.266667,-0.010884,0.932459,0.004787,0.361080,-215.172821,96.651886,84.586632
633,5.275000,-0.010844,0.932426,0.004787,0.361168,-215.172699,96.653259,84.585335
634,5.283333,-0.010305,0.932617,0.004847,0.360689,-215.162277,96.645065,84.575882
635,5.291667,-0.011008,0.932470,0.004684,0.361049,-215.166992,96.652084,84.582809
636,5.300000,-0.011033,0.932405,0.004730,0.361215,-215.166016,96.652534,84.583344
637,5.308333,-0.010981,0.932439,0.004743,0.361130,-215.162277,96.653839,84.585014
638,5.316667,-0.011082,0.932444,0.004578,0.361117,-215.159470,96.656021,84.587013
639,5.325000,-0.011240,0.932450,0.004626,0.361095,-215.156647,96.657127,84.589478
640,5.333333,-0.011108,0.932459,0.004540,0.361075,-215.154846,96.658493,84.592583
641,5.341667,-0.011111,0.932488,0.004584,0.361001,-215.153473,96.659752,84.595284
642,5.350000,-0.011076,0.932515,0.004691,0.360931,-215.154053,96.660927,84.598770
643,5.358333,-0.009948,0.932700,0.004856,0.360483,-215.149765,96.656563,84.593460
644,5.366667,-0.009328,0.932757,0.005044,0.360349,-215.151382,96.656509,84.592903
645,5.375000,-0.009665,0.932820,0.004836,0.360181,-215.160660,96.667488,84.587685
646,5.383333,-0.009745,0.932732,0.004728,0.360407,-215.174149,96.674721,84.584641
647,5.391667,-0.009832,0.932615,0.004828,0.360708,-215.186981,96.682671,84.590057
648,5.400000,-0.009988,0.932512,0.004705,0.360971,-215.198990,96.689636,84.597305
649,5.408333,-0.009949,0.932480,0.004743,0.361055,-215.211319,96.689789,84.611259
650,5.416667,-0.009688,0.932402,0.004887,0.361259,-215.225098,96.681992,84.634399
651,5.425000,-0.010025,0.931960,0.004993,0.362389,-215.250015,96.674492,84.671867
652,5.433333,-0.010753,0.931974,0.004479,0.362337,-215.257141,96.669006,84.697609
653,5.441667,-0.008639,0.931940,0.005364,0.362471,-215.269897,96.631477,84.741974
654,5.450000,-0.006549,0.932243,0.005672,0.361730,-215.295441,96.592209,84.794456
655,5.458333,-0.009133,0.932111,0.007548,0.361979,-215.322830,96.551262,84.835487
656,5.466667,-0.010140,0.931852,0.008545,0.362598,-215.365082,96.523926,84.866852
657,5.475000,-0.010962,0.931561,0.009149,0.363304,-215.408829,96.515121,84.881767
658,5.483333,-0.010326,0.931408,0.008887,0.363722,-215.460800,96.497314,84.908600
659,5.491667,-0.009845,0.931201,0.008785,0.364267,-215.515930,96.470123,84.939034
660,5.500000,-0.010639,0.931122,0.008412,0.364455,-215.561264,96.455330,84.971008
661,5.508333,-0.011565,0.930557,0.008536,0.365864,-215.624786,96.438362,85.013123
662,5.516667,-0.011414,0.930110,0.008206,0.367013,-215.684296,96.407402,85.066727
663,5.525000,-0.012004,0.929835,0.008124,0.367690,-215.735535,96.386978,85.108772
664,5.533333,-0.012421,0.929572,0.008019,0.368344,-215.814590,96.363853,85.158142
665,5.541667,-0.010839,0.929364,0.007094,0.368936,-215.889648,96.337936,85.208099
666,5.550000,-0.010564,0.928892,0.007359,0.370126,-215.969971,96.315590,85.239891
667,5.558333,-0.011127,0.928318,0.007536,0.371545,-216.043274,96.300049,85.277542
668,5.566667,-0.011248,0.927646,0.007254,0.373221,-216.141800,96.275070,85.330269
669,5.575000,-0.011624,0.927244,0.006174,0.374226,-216.222046,96.255234,85.372040
670,5.583333,-0.011262,0.926711,0.006339,0.375552,-216.293549,96.230049,85.421196
671,5.591667,-0.012176,0.926557,0.006168,0.375908,-216.346832,96.218918,85.472984
672,5.600000,-0.011959,0.926364,0.006272,0.376388,-216.429810,96.205994,85.517143
673,5.608333,-0.010780,0.926055,0.005826,0.377191,-216.519424,96.193085,85.574211
674,5.616667,-0.010466,0.925587,0.005978,0.378343,-216.601685,96.181656,85.622307
675,5.625000,-0.012033,0.925120,0.005146,0.379450,-216.669815,96.193550,85.681023
676,5.633333,-0.012102,0.924651,0.004443,0.380597,-216.762039,96.189415,85.726936
677,5.641667,-0.011782,0.924127,0.003738,0.381886,-216.857697,96.184822,85.767448
678,5.650000,-0.011613,0.923253,0.004118,0.383995,-216.957977,96.183540,85.822884
679,5.658333,-0.014017,0.922840,0.002877,0.384917,-217.034393,96.207115,85.877434
680,5.666667,-0.014465,0.922669,0.000836,0.385322,-217.125580,96.225952,85.940201
681,5.675000,-0.014139,0.921978,-0.000136,0.386984,-217.226288,96.229424,85.986534
682,5.683333,-0.011296,0.921510,-0.002243,0.388183,-217.316650,96.261597,86.025368
683,5.691667,-0.011416,0.920915,-0.003388,0.389583,-217.420715,96.285500,86.065590
684,5.700000,-0.011948,0.920602,-0.004774,0.390290,-217.518799,96.313194,86.118492
685,5.708333,-0.012815,0.919947,-0.006036,0.391786,-217.624191,96.340248,86.171883
686,5.716667,-0.015637,0.919711,-0.006043,0.392238,-217.712738,96.368004,86.219978
687,5.725000,-0.015443,0.919235,-0.007318,0.393339,-217.819336,96.387062,86.255440
688,5.733333,-0.016272,0.918337,-0.007689,0.395390,-217.952042,96.385612,86.294579
689,5.741667,-0.017572,0.917790,-0.007930,0.396598,-218.056625,96.395256,86.319122
690,5.750000,-0.019988,0.917273,-0.008455,0.397667,-218.166489,96.417267,86.332626
691,5.758333,-0.019357,0.916776,-0.008764,0.398836,-218.269531,96.407578,86.374260
692,5.766667,-0.019546,0.916206,-0.009365,0.400121,-218.369003,96.398094,86.416908
693,5.775000,-0.020452,0.915372,-0.009390,0.401979,-218.472717,96.391388,86.465012
694,5.783333,-0.019707,0.915241,-0.010624,0.402284,-218.554901,96.375534,86.532967
695,5.791667,-0.019766,0.914642,-0.011214,0.403625,-218.658035,96.348755,86.574966
696,5.800000,-0.018974,0.913766,-0.011230,0.405643,-218.771835,96.321289,86.604195
697,5.808333,-0.019103,0.913240,-0.011326,0.406816,-218.884872,96.304199,86.634155
698,5.816667,-0.019190,0.912484,-0.011561,0.408499,-219.001907,96.281654,86.669121
699,5.825000,-0.019201,0.912088,-0.011700,0.409378,-219.107941,96.262032,86.698853
700,5.833333,-0.019028,0.911494,-0.011593,0.410709,-219.219681,96.240929,86.733131
701,5.841667,-0.018075,0.911296,-0.012107,0.411178,-219.340210,96.206009,86.775627
702,5.850000,-0.017869,0.910531,-0.011506,0.412893,-219.463821,96.167984,86.799477
703,5.858333,-0.017821,0.909723,-0.011170,0.414683,-219.594284,96.124504,86.824440
704,5.866667,-0.019121,0.908553,-0.010984,0.417188,-219.731827,96.100464,86.864410
705,5.875000,-0.019440,0.907824,-0.010259,0.418775,-219.847733,96.072327,86.891136
706,5.883333,-0.019671,0.907352,-0.010457,0.419782,-219.962646,96.052727,86.922440
707,5.891667,-0.020693,0.907133,-0.010990,0.420192,-220.055099,96.042358,86.949158
708,5.900000,-0.018256,0.906532,-0.011195,0.421594,-220.158813,95.998177,86.984894
709,5.908333,-0.015410,0.905512,-0.013287,0.423832,-220.288925,95.998444,87.001999
710,5.916667,-0.015246,0.905172,-0.014300,0.424531,-220.408981,95.984245,87.027649
711,5.925000,-0.019192,0.904788,-0.013322,0.425220,-220.527618,95.953857,87.073959
712,5.933333,-0.016556,0.904249,-0.012303,0.426506,-220.638229,95.873039,87.118469
713,5.941667,-0.016622,0.903460,-0.011355,0.428201,-220.763977,95.843178,87.145844
714,5.950000,-0.017113,0.902494,-0.012041,0.430193,-220.899460,95.815308,87.176308
715,5.958333,-0.014805,0.901667,-0.013832,0.431955,-221.024734,95.803055,87.190559
716,5.966667,-0.014859,0.900957,-0.013884,0.433432,-221.153976,95.789185,87.211517
717,5.975000,-0.013650,0.900319,-0.013819,0.434796,-221.276978,95.757065,87.223495
718,5.983333,-0.012554,0.899819,-0.014554,0.435840,-221.428726,95.720848,87.248962
719,5.991667,-0.013755,0.898710,-0.012619,0.438146,-221.576004,95.700104,87.282967
720,6.000000,-0.015162,0.897963,-0.012708,0.439626,-221.700958,95.669594,87.307838
721,6.008333,-0.015468,0.897345,-0.012909,0.440869,-221.831253,95.632698,87.325394
722,6.016667,-0.014976,0.896897,-0.012851,0.441799,-221.947525,95.594337,87.360336
723,6.025000,-0.014717,0.896333,-0.013489,0.442933,-222.080063,95.563850,87.378105
724,6.033333,-0.013886,0.895403,-0.013886,0.444824,-222.213272,95.536583,87.386765
725,6.041667,-0.014247,0.894283,-0.015146,0.447019,-222.369171,95.501160,87.394592
726,6.050000,-0.013988,0.893551,-0.013364,0.448544,-222.506622,95.480225,87.412651
727,6.058333,-0.014266,0.892786,-0.013497,0.450053,-222.652359,95.466049,87.436661
728,6.066667,-0.014260,0.892193,-0.013468,0.451229,-222.790955,95.424324,87.446213
729,6.075000,-0.014839,0.891415,-0.013917,0.452731,-222.928040,95.383728,87.453011
730,6.083333,-0.015024,0.890633,-0.012738,0.454295,-223.070282,95.350418,87.459625
731,6.091667,-0.015711,0.890455,-0.014186,0.454580,-223.162720,95.321831,87.518295
732,6.100000,-0.015475,0.889373,-0.014433,0.456692,-223.303635,95.287209,87.529388
733,6.108333,-0.016636,0.888798,-0.012708,0.457820,-223.441345,95.289268,87.545158
734,6.116667,-0.016781,0.887886,-0.013925,0.459547,-223.568649,95.257767,87.545761
735,6.125000,-0.016223,0.886990,-0.014909,0.461263,-223.703522,95.225258,87.532112
736,6.133333,-0.015937,0.886206,-0.015581,0.462756,-223.830124,95.194458,87.522369
737,6.141667,-0.014029,0.885057,-0.014828,0.465035,-223.974518,95.146584,87.526375
738,6.150000,-0.015023,0.885393,-0.015348,0.464346,-224.061539,95.124886,87.557167
739,6.158333,-0.015851,0.884839,-0.015387,0.465374,-224.194626,95.087341,87.563759
740,6.166667,-0.017343,0.883549,-0.014942,0.467780,-224.352234,95.060371,87.575333
741,6.175000,-0.017803,0.882849,-0.013071,0.469137,-224.494049,95.040749,87.591141
742,6.183333,-0.017499,0.881557,-0.013834,0.471550,-224.635864,94.987579,87.590523
743,6.191667,-0.016856,0.880741,-0.013368,0.473109,-224.774200,94.940102,87.581955
744,6.200000,-0.016057,0.880563,-0.013383,0.473469,-224.898651,94.899597,87.582779
745,6.208333,-0.015873,0.879880,-0.013854,0.474729,-225.023773,94.874260,87.588486
746,6.216667,-0.016498,0.878490,-0.014736,0.477248,-225.166290,94.851822,87.595901
747,6.225000,-0.013389,0.877305,-0.016353,0.479468,-225.305969,94.842514,87.590645
748,6.233333,-0.012800,0.876758,-0.014721,0.480537,-225.438599,94.830040,87.587120
749,6.241667,-0.012139,0.875995,-0.014730,0.481942,-225.572754,94.788429,87.589912
750,6.250000,-0.011484,0.875642,-0.015364,0.482579,-225.701065,94.749443,87.603424
751,6.258333,-0.011669,0.874765,-0.014616,0.484186,-225.836365,94.707527,87.594536
752,6.266667,-0.012481,0.874070,-0.014293,0.485429,-225.976486,94.665451,87.587997
753,6.275000,-0.012415,0.873059,-0.013756,0.487262,-226.124115,94.626991,87.579613
754,6.283333,-0.012832,0.872255,-0.014309,0.488673,-226.242752,94.604752,87.577087
755,6.291667,-0.012225,0.870643,-0.014358,0.491554,-226.394363,94.565292,87.550606
756,6.300000,-0.012357,0.870928,-0.012312,0.491101,-226.488800,94.551979,87.548698
757,6.308333,-0.012375,0.870538,-0.012213,0.491794,-226.610703,94.522598,87.527451
758,6.316667,-0.012574,0.869878,-0.011952,0.492961,-226.721069,94.488556,87.510063
759,6.325000,-0.012931,0.869175,-0.011361,0.494205,-226.832062,94.465706,87.508324
760,6.333333,-0.012260,0.868099,-0.010810,0.496123,-226.958725,94.431992,87.488434
761,6.341667,-0.012943,0.867515,-0.010499,0.497131,-227.052383,94.409019,87.475220
762,6.350000,-0.012356,0.866875,-0.010138,0.498269,-227.172668,94.373489,87.453056
763,6.358333,-0.011934,0.865915,-0.009793,0.499953,-227.285416,94.333801,87.426674
764,6.366667,-0.013198,0.865316,-0.009573,0.500962,-227.362015,94.316353,87.421913
765,6.375000,-0.012894,0.864681,-0.009575,0.502065,-227.455566,94.286697,87.402794
766,6.383333,-0.012210,0.864075,-0.009088,0.503133,-227.561279,94.244804,87.377563
767,6.391667,-0.012474,0.863900,-0.009087,0.503427,-227.637024,94.207710,87.366035
768,6.400000,-0.011677,0.862445,-0.008224,0.505949,-227.757233,94.158325,87.327286
769,6.408333,-0.010756,0.862159,-0.007617,0.506466,-227.840836,94.107178,87.312874
770,6.416667,-0.010189,0.861772,-0.006932,0.507147,-227.927017,94.058731,87.292786
771,6.425000,-0.010198,0.861207,-0.007147,0.508102,-228.021118,94.005890,87.274399
772,6.433333,-0.010524,0.860189,-0.005438,0.509837,-228.129074,93.976883,87.240387
773,6.441667,-0.010583,0.860297,-0.005007,0.509659,-228.198578,93.946770,87.228058
774,6.450000,-0.010456,0.859832,-0.004529,0.510449,-228.283279,93.920578,87.203804
775,6.458333,-0.010014,0.859109,-0.004210,0.511678,-228.365784,93.889885,87.180656
776,6.466667,-0.011600,0.859053,-0.004471,0.511736,-228.415543,93.883972,87.175735
777,6.475000,-0.011182,0.858303,-0.003702,0.513008,-228.505676,93.858109,87.155708
778,6.483333,-0.010664,0.857555,-0.004287,0.514263,-228.603333,93.827484,87.140640
779,6.491667,-0.009692,0.856905,-0.002695,0.515376,-228.703598,93.813248,87.124893
780,6.500000,-0.011670,0.856653,-0.003171,0.515751,-228.760818,93.811943,87.131134
781,6.508333,-0.010962,0.855562,-0.002670,0.517577,-228.865982,93.787697,87.104187
782,6.516667,-0.009636,0.855292,-0.003092,0.518047,-228.957458,93.773254,87.097778
783,6.525000,-0.006067,0.854070,-0.004007,0.520108,-229.079697,93.757828,87.065796
784,6.533333,-0.005349,0.854020,-0.004619,0.520192,-229.153488,93.735397,87.052315
785,6.541667,-0.005476,0.853475,-0.004556,0.521085,-229.233856,93.715721,87.038063
786,6.550000,-0.005485,0.852348,-0.003615,0.522934,-229.342484,93.694099,87.013321
787,6.558333,-0.005147,0.851059,-0.003004,0.525036,-229.453018,93.672142,86.993721
788,6.566667,-0.006228,0.851906,-0.004427,0.523638,-229.504425,93.669189,86.997749
789,6.575000,-0.006596,0.850870,-0.004510,0.525315,-229.609512,93.658302,86.976677
790,6.583333,-0.007075,0.850602,-0.004390,0.525745,-229.674454,93.649826,86.977234
791,6.591667,-0.007255,0.849842,-0.003675,0.526975,-229.763702,93.630142,86.959518
792,6.600000,-0.007531,0.849368,-0.003384,0.527737,-229.843002,93.617180,86.945595
793,6.608333,-0.007975,0.848187,-0.003105,0.529627,-229.966736,93.596802,86.918167
794,6.616667,-0.008386,0.848067,-0.003781,0.529809,-230.036667,93.582306,86.912102
795,6.625000,-0.008322,0.847326,-0.003966,0.530993,-230.117554,93.565292,86.889107
796,6.633333,-0.007664,0.846204,-0.003976,0.532789,-230.223679,93.548767,86.862686
797,6.641667,-0.007043,0.845167,-0.002997,0.534447,-230.322861,93.527512,86.839806
798,6.650000,-0.006705,0.844629,-0.001716,0.535308,-230.411987,93.515938,86.815956
799,6.658333,-0.007831,0.845424,-0.003104,0.534029,-230.455200,93.521919,86.814804
800,6.666667,-0.007817,0.844162,-0.002637,0.536025,-230.547852,93.506241,86.789932
801,6.675000,-0.007262,0.842856,-0.001513,0.538088,-230.642395,93.479889,86.767952
802,6.683333,-0.008025,0.843441,-0.003041,0.537153,-230.686264,93.481750,86.772728
803,6.691667,-0.008479,0.843438,-0.003764,0.537146,-230.764893,93.472092,86.757278
804,6.700000,-0.008621,0.842341,-0.003529,0.538864,-230.867691,93.455315,86.731285
805,6.708333,-0.008429,0.841122,-0.002391,0.540774,-230.966217,93.429832,86.703232
806,6.716667,-0.008684,0.841465,-0.002861,0.540235,-231.011246,93.415001,86.701759
807,6.725000,-0.008994,0.841039,-0.003555,0.540888,-231.085632,93.396820,86.686226
808,6.733333,-0.008953,0.839667,-0.003081,0.543020,-231.194611,93.370148,86.658455
809,6.741667,-0.008563,0.838542,-0.001630,0.544767,-231.295486,93.344566,86.634651
810,6.750000,-0.009931,0.839614,-0.003146,0.543083,-231.318802,93.351807,86.633980
811,6.758333,-0.006470,0.838103,-0.003355,0.545464,-231.424469,93.343773,86.599388
812,6.766667,-0.004846,0.836750,-0.002566,0.547558,-231.513626,93.316498,86.573753
813,6.775000,-0.004434,0.836099,-0.002256,0.548557,-231.578369,93.290710,86.553558
814,6.783333,-0.005660,0.837285,-0.004062,0.546722,-231.604462,93.292664,86.554306
815,6.791667,-0.005563,0.836413,-0.002954,0.548063,-231.692673,93.262451,86.518532
816,6.800000,-0.005010,0.835184,-0.001509,0.549945,-231.777527,93.230949,86.489647
817,6.808333,-0.005159,0.834649,-0.000880,0.550758,-231.844833,93.208015,86.464340
818,6.816667,-0.006183,0.834306,-0.001315,0.551266,-231.895447,93.197197,86.454056
819,6.825000,-0.008292,0.835645,-0.003574,0.549195,-231.895660,93.208908,86.469246
820,6.833333,-0.006864,0.833792,-0.002846,0.552029,-231.998230,93.180450,86.434654
821,6.841667,-0.004909,0.832684,-0.001546,0.553725,-232.083130,93.145218,86.407692
822,6.850000,-0.004736,0.832152,-0.001744,0.554525,-232.158493,93.129875,86.380486
823,6.858333,-0.006245,0.833158,-0.003005,0.552992,-232.203415,93.131561,86.381470
824,6.866667,-0.006123,0.831899,-0.002340,0.554888,-232.306412,93.093025,86.345139
825,6.875000,-0.005783,0.830554,-0.001447,0.556906,-232.401962,93.049721,86.322189
826,6.883333,-0.005395,0.829624,-0.000717,0.558296,-232.497833,93.011520,86.288788
827,6.891667,-0.005570,0.828883,0.000117,0.559394,-232.595200,92.964867,86.253624
828,6.900000,-0.005169,0.828503,0.000678,0.559961,-232.694824,92.907310,86.217812
829,6.908333,-0.004457,0.827298,0.000937,0.561746,-232.795746,92.851364,86.174690
830,6.916667,-0.003262,0.826373,0.002369,0.563109,-232.891052,92.794731,86.139404
831,6.925000,-0.003781,0.826852,0.001517,0.562405,-232.961105,92.770454,86.114349
832,6.933333,-0.003865,0.825902,0.001441,0.563799,-233.080414,92.739815,86.060211
833,6.941667,-0.004172,0.824507,0.002157,0.565833,-233.205917,92.710854,86.007256
834,6.950000,-0.003859,0.823407,0.003942,0.567424,-233.328842,92.680153,85.949562
835,6.958333,-0.004037,0.822481,0.005820,0.568749,-233.458191,92.651505,85.900864
836,6.966667,-0.003756,0.821380,0.006026,0.570337,-233.585815,92.624405,85.842857
837,6.975000,-0.003634,0.820768,0.008227,0.571192,-233.715866,92.605095,85.780182
838,6.983333,-0.003841,0.819719,0.008674,0.572688,-233.841461,92.588676,85.716560
839,6.991667,-0.001324,0.818704,0.007668,0.574163,-233.963943,92.593956,85.661362
840,7.000000,-0.000284,0.817464,0.007122,0.575936,-234.084137,92.611778,85.601433
841,7.008333,-0.001464,0.816628,0.006926,0.577121,-234.185501,92.627350,85.549637
842,7.016667,-0.002731,0.815846,0.005934,0.578232,-234.285141,92.642387,85.503487
843,7.025000,-0.003906,0.815552,0.005353,0.578646,-234.388153,92.646118,85.459396
844,7.033333,-0.004405,0.814909,0.005689,0.579545,-234.485458,92.631859,85.417351
845,7.041667,-0.004378,0.813965,0.006157,0.580865,-234.576508,92.611107,85.381165
846,7.050000,-0.004343,0.813351,0.006012,0.581726,-234.661179,92.603477,85.343994
847,7.058333,-0.003888,0.812919,0.005961,0.582334,-234.747894,92.601463,85.304810
848,7.066667,-0.003242,0.812128,0.006285,0.583437,-234.823151,92.612099,85.267464
849,7.075000,-0.000860,0.811138,0.005422,0.584829,-234.888809,92.638725,85.223671
850,7.083333,0.000584,0.810314,0.004624,0.585978,-234.954025,92.656555,85.178719
851,7.091667,0.000612,0.809984,0.004739,0.586433,-235.013123,92.651756,85.142731
852,7.100000,0.000473,0.809743,0.004913,0.586764,-235.071442,92.642235,85.114090
853,7.108333,0.000099,0.809390,0.006791,0.587233,-235.134796,92.636398,85.081215
854,7.116667,-0.003138,0.808858,0.006878,0.587956,-235.204193,92.649750,85.063034
855,7.125000,-0.004025,0.808506,0.006905,0.588433,-235.252899,92.651711,85.043266
856,7.133333,-0.004003,0.808476,0.006670,0.588478,-235.294388,92.661171,85.025764
857,7.141667,-0.002730,0.808465,0.006750,0.588500,-235.326477,92.654816,84.994164
858,7.150000,-0.003061,0.808228,0.005472,0.588836,-235.374573,92.661308,84.966576
859,7.158333,-0.004391,0.807350,0.005267,0.590033,-235.411804,92.655243,84.936012
860,7.166667,-0.004296,0.807139,0.005340,0.590321,-235.451752,92.648796,84.932884
861,7.175000,-0.005161,0.806525,0.005873,0.591148,-235.484619,92.637741,84.917564
862,7.183333,-0.004894,0.806159,0.006132,0.591647,-235.514496,92.635727,84.908524
863,7.191667,-0.004491,0.805955,0.006240,0.591927,-235.531448,92.638756,84.900604
864,7.200000,-0.003802,0.806392,0.006120,0.591337,-235.543365,92.645767,84.903023
865,7.208333,-0.003372,0.806625,0.005792,0.591025,-235.555130,92.651978,84.901466
866,7.216667,-0.004616,0.805803,0.006057,0.592134,-235.569427,92.646851,84.878990
867,7.225000,-0.004644,0.805985,0.006321,0.591883,-235.585617,92.639473,84.878616
868,7.233333,-0.004813,0.805601,0.005875,0.592409,-235.591385,92.626366,84.877403
869,7.241667,-0.004938,0.805615,0.006832,0.592380,-235.592911,92.626122,84.871689
870,7.250000,-0.004751,0.806540,0.007021,0.591119,-235.585114,92.625740,84.883675
871,7.258333,-0.004641,0.806310,0.006883,0.591435,-235.567017,92.629143,84.880310
872,7.266667,-0.003758,0.806189,0.005981,0.591615,-235.539276,92.634338,84.879242
873,7.275000,-0.002435,0.806404,0.004881,0.591340,-235.504288,92.631531,84.874023
874,7.283333,-0.001183,0.806636,0.003752,0.591035,-235.467880,92.620605,84.870102
875,7.291667,0.000320,0.806929,0.002204,0.590644,-235.432953,92.587868,84.863174
876,7.300000,0.002018,0.806693,0.000726,0.590966,-235.393188,92.508667,84.860596
877,7.308333,0.005194,0.806339,0.000157,0.591431,-235.347885,92.472321,84.865768
878,7.316667,0.007156,0.806147,-0.000445,0.591672,-235.301086,92.461594,84.889320
879,7.325000,0.008754,0.806028,-0.000470,0.591813,-235.263412,92.459259,84.922379
880,7.333333,0.010129,0.805831,-0.000295,0.592060,-235.242035,92.458359,84.953224
881,7.341667,0.011960,0.806100,0.000785,0.591658,-235.228424,92.452202,84.978706
882,7.350000,0.012812,0.805688,0.001356,0.592200,-235.238022,92.454041,85.003616
883,7.358333,0.013114,0.805431,0.001956,0.592542,-235.256958,92.456375,85.020851
884,7.366667,0.013548,0.806089,0.002452,0.591634,-235.284943,92.461792,85.059967
885,7.375000,0.013452,0.806471,0.003533,0.591110,-235.310028,92.459976,85.099983
886,7.383333,0.013301,0.806679,0.005303,0.590816,-235.332352,92.449417,85.145676
887,7.391667,0.013554,0.806720,0.007280,0.590733,-235.351471,92.442848,85.197472
888,7.400000,0.013859,0.806339,0.008774,0.591226,-235.376617,92.442795,85.258995
889,7.408333,0.013878,0.806350,0.011421,0.591166,-235.416000,92.436394,85.334816
890,7.416667,0.014702,0.806097,0.014134,0.591432,-235.464645,92.422966,85.403534
891,7.425000,0.015742,0.805710,0.016882,0.591860,-235.515137,92.404327,85.475609
892,7.433333,0.015882,0.805319,0.019235,0.592316,-235.565735,92.400482,85.578583
893,7.441667,0.017575,0.805228,0.022831,0.592265,-235.595413,92.404678,85.668945
894,7.450000,0.020228,0.805157,0.025541,0.592166,-235.606171,92.418488,85.760033
895,7.458333,0.018879,0.806408,0.028754,0.590358,-235.599014,92.400482,85.853371
896,7.466667,0.019845,0.807493,0.030060,0.588776,-235.597519,92.392036,85.921051
897,7.475000,0.022735,0.808866,0.030065,0.586784,-235.603363,92.401924,85.960167
898,7.483333,0.024662,0.811004,0.029926,0.583755,-235.602280,92.410477,85.990417
899,7.491667,0.022373,0.813770,0.032191,0.579863,-235.607697,92.411926,86.007912
900,7.500000,0.021347,0.815843,0.032391,0.576970,-235.619171,92.407646,86.008789
901,7.508333,0.020829,0.817472,0.032433,0.574678,-235.630615,92.405022,86.000557
902,7.516667,0.020558,0.818823,0.032279,0.572769,-235.638733,92.403725,85.982521
903,7.525000,0.019875,0.820568,0.031584,0.570329,-235.658188,92.400780,85.954491
904,7.533333,0.018698,0.822218,0.030715,0.568036,-235.679001,92.402718,85.908112
905,7.541667,0.016919,0.823299,0.029668,0.566579,-235.684875,92.408302,85.857430
906,7.550000,0.016003,0.823912,0.027930,0.565802,-235.675171,92.412186,85.809494
907,7.558333,0.015889,0.823936,0.026021,0.565862,-235.654160,92.412735,85.760597
908,7.566667,0.017266,0.823895,0.024661,0.565943,-235.614304,92.399986,85.701714
909,7.575000,0.017979,0.823850,0.023379,0.566041,-235.563019,92.389885,85.640594
910,7.583333,0.016426,0.823410,0.021241,0.566811,-235.510284,92.386307,85.564766
911,7.591667,0.016819,0.823254,0.019175,0.567100,-235.466141,92.396439,85.501366
912,7.600000,0.016494,0.823013,0.017421,0.567516,-235.437805,92.411789,85.452972
913,7.608333,0.019008,0.822805,0.015387,0.567798,-235.420776,92.433525,85.404488
914,7.616667,0.020638,0.822219,0.013739,0.568631,-235.415054,92.450317,85.357292
915,7.625000,0.020495,0.822035,0.012006,0.568942,-235.419464,92.461472,85.329193
916,7.633333,0.019495,0.822079,0.011046,0.568932,-235.438889,92.467308,85.309967
917,7.641667,0.018409,0.822135,0.010994,0.568889,-235.473373,92.466164,85.293976
918,7.650000,0.017422,0.821984,0.011424,0.569129,-235.516937,92.462364,85.292397
919,7.658333,0.016501,0.821718,0.012161,0.569526,-235.544006,92.456703,85.302048
920,7.666667,0.016105,0.821210,0.013601,0.570236,-235.555679,92.452751,85.328819
921,7.675000,0.015642,0.820931,0.015747,0.570596,-235.559418,92.439568,85.385368
922,7.683333,0.013994,0.821047,0.018422,0.570391,-235.549850,92.408852,85.450775
923,7.691667,0.017864,0.821162,0.019602,0.570079,-235.547760,92.401779,85.523537
924,7.700000,0.017273,0.821105,0.022779,0.570061,-235.560516,92.384979,85.603760
925,7.708333,0.018905,0.821296,0.023993,0.569684,-235.579636,92.394112,85.689255
926,7.716667,0.017908,0.821193,0.024908,0.569825,-235.594604,92.411034,85.759766
927,7.725000,0.018067,0.821037,0.026004,0.569997,-235.604095,92.416275,85.811691
928,7.733333,0.018544,0.820790,0.027338,0.570275,-235.616928,92.415970,85.850594
929,7.741667,0.019019,0.820579,0.028923,0.570484,-235.632401,92.413620,85.878410
930,7.750000,0.019759,0.820277,0.030226,0.570825,-235.654022,92.406563,85.902679
931,7.758333,0.019451,0.820086,0.030874,0.571076,-235.677124,92.403458,85.907150
932,7.766667,0.018862,0.819998,0.031319,0.571198,-235.695786,92.401390,85.900482
933,7.775000,0.018395,0.819874,0.031140,0.571400,-235.704758,92.399918,85.892479
934,7.783333,0.018568,0.819718,0.030636,0.571646,-235.698669,92.401260,85.879250
935,7.791667,0.018370,0.819608,0.029367,0.571877,-235.672577,92.405281,85.855309
936,7.800000,0.018241,0.819467,0.027839,0.572159,-235.643295,92.407471,85.834618
937,7.808333,0.018136,0.819276,0.026345,0.572507,-235.616226,92.409790,85.805252
938,7.816667,0.017614,0.819201,0.024673,0.572704,-235.590958,92.413887,85.768349
939,7.825000,0.016952,0.818620,0.024364,0.573568,-235.561020,92.392197,85.693741
940,7.833333,0.017375,0.818429,0.023195,0.573877,-235.536011,92.390175,85.624298
941,7.841667,0.020022,0.818220,0.020099,0.574205,-235.511993,92.408562,85.547234
942,7.850000,0.021449,0.817497,0.017449,0.575268,-235.498123,92.429558,85.476700
943,7.858333,0.020896,0.817197,0.014913,0.575786,-235.495422,92.437157,85.439125
944,7.866667,0.019467,0.817185,0.014828,0.575856,-235.507507,92.451279,85.401901
945,7.875000,0.017230,0.817182,0.014222,0.575946,-235.534119,92.462677,85.368790
946,7.883333,0.015840,0.817228,0.014410,0.575916,-235.556931,92.461433,85.349632
947,7.891667,0.014714,0.817291,0.014932,0.575844,-235.571503,92.456482,85.343803
948,7.900000,0.014477,0.817340,0.015622,0.575762,-235.574600,92.449066,85.355255
949,7.908333,0.015073,0.817387,0.016165,0.575665,-235.567993,92.442413,85.376953
950,7.916667,0.017385,0.817497,0.017404,0.575407,-235.551712,92.429520,85.412125
951,7.925000,0.020125,0.817708,0.018203,0.574993,-235.531433,92.422516,85.453102
952,7.933333,0.021554,0.818445,0.019507,0.573849,-235.518478,92.414223,85.518250
953,7.941667,0.020180,0.819117,0.022423,0.572833,-235.517166,92.397133,85.602768
954,7.950000,0.020157,0.819082,0.023889,0.572825,-235.529205,92.395683,85.670914
955,7.958333,0.019611,0.819092,0.025053,0.572780,-235.546951,92.396751,85.719025
956,7.966667,0.018609,0.819535,0.025046,0.572179,-235.567566,92.411964,85.772881
957,7.975000,0.020105,0.819485,0.024904,0.572207,-235.580627,92.426308,85.801285
958,7.983333,0.018597,0.819691,0.025975,0.571914,-235.593918,92.419594,85.821571
959,7.991667,0.018327,0.819796,0.026774,0.571736,-235.613251,92.414215,85.827019
960,8.000000,0.018317,0.819839,0.027325,0.571648,-235.637527,92.411766,85.817596
961,8.008333,0.018001,0.819920,0.027491,0.571535,-235.660141,92.409241,85.801399
962,8.016667,0.017439,0.819978,0.027522,0.571468,-235.673340,92.408112,85.783699
963,8.025000,0.017111,0.819989,0.026744,0.571498,-235.671371,92.412636,85.763306
964,8.033333,0.018953,0.819806,0.025074,0.571779,-235.658340,92.425255,85.733383
965,8.041667,0.016700,0.819976,0.024595,0.571625,-235.633514,92.411591,85.710632
966,8.050000,0.016393,0.819716,0.024426,0.572015,-235.591507,92.388954,85.656799
967,8.058333,0.017218,0.819536,0.023467,0.572288,-235.547211,92.384460,85.604546
968,8.066667,0.020270,0.819138,0.020395,0.572875,-235.504868,92.405579,85.546890
969,8.075000,0.021284,0.819023,0.017945,0.573084,-235.471207,92.423958,85.504875
970,8.083333,0.022429,0.818447,0.016302,0.573913,-235.449646,92.442719,85.462517
971,8.091667,0.022263,0.818384,0.015413,0.574033,-235.441589,92.450981,85.436508
972,8.100000,0.021372,0.818566,0.015382,0.573808,-235.451385,92.452988,85.420876
973,8.108333,0.020599,0.818575,0.015301,0.573826,-235.475021,92.452362,85.408318
974,8.116667,0.019549,0.818571,0.015488,0.573863,-235.512512,92.448761,85.401169
975,8.125000,0.018395,0.818556,0.015835,0.573914,-235.556320,92.450241,85.402031
976,8.133333,0.016754,0.818909,0.017059,0.573425,-235.593582,92.440536,85.417969
977,8.141667,0.015741,0.819143,0.018562,0.573072,-235.626801,92.426453,85.439537
978,8.150000,0.015654,0.819243,0.019975,0.572884,-235.644104,92.415154,85.463890
979,8.158333,0.013628,0.819657,0.021976,0.572271,-235.644867,92.391693,85.508034
980,8.166667,0.014463,0.819989,0.023427,0.571716,-235.632950,92.390785,85.585976
981,8.175000,0.015624,0.819831,0.024437,0.571870,-235.610626,92.387558,85.637688
982,8.183333,0.017417,0.819638,0.025030,0.572069,-235.580963,92.390381,85.679550
983,8.191667,0.018569,0.819373,0.025512,0.572392,-235.546661,92.390671,85.712639
984,8.200000,0.017587,0.819204,0.024520,0.572707,-235.524368,92.432014,85.774193
985,8.208333,0.022987,0.819123,0.024156,0.572648,-235.483810,92.423027,85.780998
986,8.216667,0.022166,0.818600,0.022965,0.573477,-235.452576,92.396576,85.779060
987,8.225000,0.024595,0.818111,0.021684,0.574125,-235.430191,92.401070,85.767693
988,8.233333,0.023030,0.818049,0.022042,0.574264,-235.411163,92.391083,85.757446
989,8.241667,0.022190,0.817917,0.022242,0.574478,-235.404068,92.385742,85.731674
990,8.250000,0.021658,0.817647,0.021554,0.574908,-235.398956,92.381851,85.692024
991,8.258333,0.023451,0.817251,0.019754,0.575465,-235.402252,92.394547,85.644890
992,8.266667,0.024089,0.817022,0.018171,0.575817,-235.416000,92.408897,85.603333
993,8.275000,0.023840,0.816974,0.017388,0.575919,-235.443634,92.412308,85.573013
994,8.283333,0.023011,0.817065,0.019058,0.575771,-235.481506,92.422852,85.546356
995,8.291667,0.021174,0.817430,0.019636,0.575304,-235.539001,92.421486,85.524117
996,8.300000,0.019385,0.817352,0.020564,0.575445,-235.604736,92.424232,85.521492
997,8.308333,0.017393,0.817073,0.021179,0.575882,-235.655945,92.424202,85.523102
998,8.316667,0.015726,0.816922,0.022488,0.576095,-235.694427,92.420250,85.536453
999,8.325000,0.014993,0.816827,0.023074,0.576227,-235.709381,92.418625,85.541000
1000,8.333333,0.015039,0.816692,0.023066,0.576417,-235.707565,92.417419,85.542679
1001,8.341667,0.015533,0.816590,0.022953,0.576552,-235.690765,92.416771,85.543167
1002,8.350000,0.016435,0.816556,0.022117,0.576608,-235.652878,92.413933,85.529839
1003,8.358333,0.017958,0.816555,0.021641,0.576582,-235.604065,92.412689,85.528267
1004,8.366667,0.020125,0.816518,0.021105,0.576583,-235.533768,92.409035,85.536156
1005,8.375000,0.023220,0.815785,0.019027,0.577576,-235.481766,92.409935,85.550415
1006,8.383333,0.024733,0.815889,0.017966,0.577400,-235.433502,92.408600,85.586884
1007,8.391667,0.026108,0.816056,0.017746,0.577110,-235.407471,92.408195,85.621864
1008,8.400000,0.023909,0.816583,0.019219,0.576412,-235.395996,92.390121,85.666183
1009,8.408333,0.025782,0.816310,0.019751,0.576701,-235.408234,92.410423,85.700882
1010,8.416667,0.025954,0.816325,0.020529,0.576644,-235.416000,92.414963,85.720993
1011,8.425000,0.022639,0.816744,0.021910,0.576140,-235.426620,92.396362,85.739334
1012,8.433333,0.021323,0.816832,0.022357,0.576047,-235.445526,92.388649,85.742065
1013,8.441667,0.020610,0.816742,0.022624,0.576191,-235.466049,92.383560,85.733208
1014,8.450000,0.019568,0.816687,0.022342,0.576317,-235.489899,92.384048,85.713753
1015,8.458333,0.018640,0.816754,0.024462,0.576166,-235.514709,92.393539,85.687584
1016,8.466667,0.017742,0.816948,0.024374,0.575923,-235.540848,92.395729,85.651688
1017,8.475000,0.018873,0.817002,0.022778,0.575875,-235.568878,92.409042,85.599037
1018,8.483333,0.018604,0.816940,0.021386,0.576026,-235.592728,92.418541,85.541374
1019,8.491667,0.018890,0.816304,0.019603,0.576981,-235.600861,92.424568,85.474800
1020,8.500000,0.018249,0.816289,0.018460,0.577060,-235.597916,92.430267,85.439308
1021,8.508333,0.017996,0.816348,0.017602,0.577012,-235.587402,92.435005,85.422821
1022,8.516667,0.017857,0.816446,0.017275,0.576887,-235.565567,92.434990,85.411659
1023,8.525000,0.017676,0.816628,0.017109,0.576640,-235.541122,92.434822,85.411163
1024,8.533333,0.018304,0.816712,0.016406,0.576522,-235.513000,92.426140,85.421196
1025,8.541667,0.019012,0.816959,0.016942,0.576134,-235.491089,92.435539,85.429482
1026,8.550000,0.020409,0.817198,0.017059,0.575743,-235.479904,92.441124,85.448891
1027,8.558333,0.022309,0.817351,0.017508,0.575442,-235.477661,92.437057,85.477356
1028,8.566667,0.022242,0.817960,0.018761,0.574538,-235.492661,92.425850,85.518799
1029,8.575000,0.022684,0.818492,0.020020,0.573721,-235.529587,92.414856,85.563583
1030,8.583333,0.019096,0.819076,0.022686,0.572919,-235.564850,92.401382,85.626656
1031,8.591667,0.017913,0.818322,0.022128,0.574055,-235.616821,92.445374,85.671906
1032,8.600000,0.015515,0.818609,0.024399,0.573624,-235.629059,92.417786,85.700294
1033,8.608333,0.016431,0.819347,0.025039,0.572515,-235.631012,92.414841,85.737022
1034,8.616667,0.017256,0.819388,0.025598,0.572407,-235.612076,92.409119,85.760597
1035,8.625000,0.019381,0.818891,0.025202,0.573068,-235.594681,92.420830,85.774651
1036,8.633333,0.021397,0.818501,0.024833,0.573570,-235.577011,92.432182,85.781120
1037,8.641667,0.018597,0.818703,0.025427,0.573352,-235.560089,92.416122,85.783859
1038,8.650000,0.017973,0.818930,0.025317,0.573053,-235.553223,92.417671,85.772278
1039,8.658333,0.015102,0.818218,0.024807,0.574175,-235.554459,92.424011,85.744476
1040,8.666667,0.017124,0.818213,0.024932,0.574120,-235.539841,92.400772,85.699066
1041,8.675000,0.017612,0.818409,0.024480,0.573844,-235.535248,92.394196,85.653709
1042,8.683333,0.017385,0.818498,0.022786,0.573794,-235.526733,92.390900,85.590424
1043,8.691667,0.019046,0.818522,0.020089,0.573808,-235.527847,92.409378,85.529747
1044,8.700000,0.020175,0.817755,0.018117,0.574928,-235.532257,92.428246,85.466133
1045,8.708333,0.019918,0.817558,0.017154,0.575247,-235.533554,92.439087,85.432243
1046,8.716667,0.019473,0.817537,0.016667,0.575306,-235.531662,92.444267,85.410904
1047,8.725000,0.018568,0.817530,0.016118,0.575361,-235.530899,92.449150,85.401291
1048,8.733333,0.017820,0.817598,0.015984,0.575291,-235.523865,92.449722,85.396477
1049,8.741667,0.018036,0.817762,0.016111,0.575048,-235.511368,92.441284,85.395935
1050,8.750000,0.018303,0.817870,0.016222,0.574883,-235.503815,92.440742,85.405441
1051,8.758333,0.019089,0.817958,0.016550,0.574723,-235.502930,92.439720,85.424034
1052,8.766667,0.020636,0.818119,0.017168,0.574422,-235.512787,92.438217,85.452858
1053,8.775000,0.017759,0.819014,0.019514,0.573167,-235.522049,92.409325,85.506210
1054,8.783333,0.017469,0.819313,0.021363,0.572682,-235.538391,92.392578,85.552040
1055,8.791667,0.016806,0.819005,0.023384,0.573064,-235.557724,92.389626,85.608246
1056,8.800000,0.016964,0.818615,0.025005,0.573548,-235.562988,92.387306,85.661186
1057,8.808333,0.014505,0.818042,0.024880,0.574438,-235.577316,92.415863,85.712715
1058,8.816667,0.017105,0.818564,0.024940,0.573619,-235.573486,92.415710,85.749039
1059,8.825000,0.017766,0.818642,0.025286,0.573471,-235.577011,92.415688,85.769150
1060,8.833333,0.018067,0.818534,0.025732,0.573597,-235.584595,92.414062,85.778763
1061,8.841667,0.017636,0.818365,0.025962,0.573841,-235.597855,92.412254,85.774315
1062,8.850000,0.017077,0.818465,0.025640,0.573730,-235.611176,92.412254,85.764557
1063,8.858333,0.017554,0.817940,0.025087,0.574488,-235.617538,92.417625,85.733971
1064,8.866667,0.015872,0.817851,0.025117,0.574662,-235.607742,92.407188,85.712440
1065,8.875000,0.013706,0.817703,0.023976,0.574977,-235.593506,92.423157,85.699905
1066,8.883333,0.016272,0.817904,0.024505,0.574603,-235.558746,92.398804,85.657387
1067,8.891667,0.017069,0.817905,0.023870,0.574605,-235.533401,92.389076,85.606995
1068,8.900000,0.016923,0.817836,0.021700,0.574794,-235.512970,92.392166,85.553734
1069,8.908333,0.019173,0.817809,0.019468,0.574841,-235.506958,92.411194,85.510529
1070,8.916667,0.020426,0.817248,0.017841,0.575648,-235.508255,92.433296,85.469261
1071,8.925000,0.020601,0.817178,0.017145,0.575762,-235.515213,92.442230,85.445984
1072,8.933333,0.020315,0.817143,0.016934,0.575828,-235.528915,92.444023,85.434357
1073,8.941667,0.019886,0.817134,0.017220,0.575847,-235.537094,92.440025,85.429977
1074,8.950000,0.019596,0.817121,0.017714,0.575860,-235.537766,92.434959,85.439903
1075,8.958333,0.019911,0.817114,0.018186,0.575844,-235.528915,92.430099,85.456375
1076,8.966667,0.021160,0.817108,0.018643,0.575794,-235.512405,92.427032,85.478439
1077,8.975000,0.018749,0.817851,0.020487,0.574759,-235.501099,92.404770,85.529915
1078,8.983333,0.018431,0.818337,0.022016,0.574022,-235.511307,92.392799,85.578278
1079,8.991667,0.017675,0.818317,0.023650,0.574009,-235.533005,92.392082,85.622322
1080,9.000000,0.017231,0.818289,0.024772,0.574015,-235.548706,92.390022,85.660713
1081,9.008333,0.017087,0.818323,0.025288,0.573948,-235.561417,92.388496,85.681358
1082,9.016667,0.014345,0.818091,0.024637,0.574382,-235.585648,92.416397,85.712173
1083,9.025000,0.013831,0.818104,0.024631,0.574376,-235.600372,92.422928,85.720772
1084,9.033333,0.014773,0.818386,0.025082,0.573931,-235.602997,92.407188,85.715668
1085,9.041667,0.013410,0.818094,0.024381,0.574411,-235.611649,92.424683,85.717804
1086,9.050000,0.013644,0.817874,0.024262,0.574724,-235.595947,92.422897,85.715828
1087,9.058333,0.013866,0.817518,0.024388,0.575219,-235.578949,92.422554,85.706490
1088,9.066667,0.016455,0.817852,0.024785,0.574659,-235.551102,92.396385,85.669922
1089,9.075000,0.017159,0.817981,0.023651,0.574502,-235.541626,92.391243,85.635826
1090,9.083333,0.019885,0.817876,0.020938,0.574670,-235.526245,92.398155,85.581497
1091,9.091667,0.017772,0.818063,0.019040,0.574538,-235.511826,92.384186,85.530716
1092,9.100000,0.019627,0.817857,0.016522,0.574849,-235.515625,92.399628,85.480019
1093,9.108333,0.020864,0.817591,0.015078,0.575224,-235.523392,92.416740,85.446457
1094,9.116667,0.020937,0.817574,0.015055,0.575246,-235.529968,92.424782,85.431877
1095,9.125000,0.020769,0.817604,0.015493,0.575198,-235.532379,92.427841,85.427338
1096,9.133333,0.020696,0.817566,0.015206,0.575262,-235.530441,92.426033,85.430298
1097,9.141667,0.021016,0.817592,0.015335,0.575209,-235.523773,92.422569,85.441551
1098,9.150000,0.020521,0.818151,0.015865,0.574418,-235.518188,92.407883,85.474602
1099,9.158333,0.017677,0.818743,0.017970,0.573606,-235.526657,92.385902,85.518112
1100,9.166667,0.016947,0.818771,0.019905,0.573525,-235.546921,92.375580,85.556068
1101,9.175000,0.016317,0.818478,0.022349,0.573871,-235.571213,92.379898,85.612717
1102,9.183333,0.016143,0.818133,0.024085,0.574298,-235.582214,92.382896,85.651588
1103,9.191667,0.013667,0.817667,0.023720,0.575041,-235.605530,92.418831,85.692757
1104,9.200000,0.015236,0.817780,0.024317,0.574814,-235.596710,92.406258,85.704567
1105,9.208333,0.015311,0.817755,0.024900,0.574824,-235.594604,92.405960,85.715164
1106,9.216667,0.015338,0.817684,0.025435,0.574901,-235.591202,92.407616,85.719841
1107,9.225000,0.015598,0.817526,0.025903,0.575097,-235.590500,92.410156,85.717148
1108,9.233333,0.015423,0.817478,0.026293,0.575153,-235.589844,92.413292,85.710960
1109,9.241667,0.015013,0.817388,0.026248,0.575294,-235.590958,92.416344,85.697014
1110,9.250000,0.013079,0.817080,0.025325,0.575820,-235.598251,92.431961,85.684074
1111,9.258333,0.015462,0.817445,0.025804,0.575221,-235.576126,92.406067,85.641708
1112,9.266667,0.016452,0.817381,0.024646,0.575336,-235.558670,92.392502,85.598427
1113,9.275000,0.018710,0.817189,0.022775,0.575616,-235.548325,92.410820,85.556221
1114,9.283333,0.019427,0.817082,0.021577,0.575790,-235.532928,92.424438,85.523247
1115,9.291667,0.020257,0.816557,0.020775,0.576535,-235.525101,92.444656,85.486748
1116,9.300000,0.020400,0.816467,0.020383,0.576671,-235.523651,92.456062,85.469620
1117,9.308333,0.020635,0.816507,0.020361,0.576607,-235.523315,92.459785,85.461197
1118,9.316667,0.020824,0.816384,0.018557,0.576836,-235.520645,92.446129,85.471329
1119,9.325000,0.021239,0.816395,0.018660,0.576802,-235.520355,92.442062,85.481194
1120,9.333333,0.021746,0.816317,0.018883,0.576885,-235.526199,92.440887,85.500267
1121,9.341667,0.021968,0.816694,0.019925,0.576309,-235.529465,92.431137,85.540398
1122,9.350000,0.019021,0.817382,0.022481,0.575343,-235.529144,92.403725,85.592697
1123,9.358333,0.018125,0.817424,0.023852,0.575257,-235.540817,92.400711,85.634666
1124,9.366667,0.017724,0.817313,0.024964,0.575380,-235.549545,92.397575,85.665581
1125,9.375000,0.014878,0.816687,0.024322,0.576376,-235.565399,92.425552,85.712326
1126,9.383333,0.014607,0.816483,0.024285,0.576674,-235.571213,92.431442,85.730278
1127,9.391667,0.016278,0.816586,0.024895,0.576458,-235.568832,92.418350,85.726891
1128,9.400000,0.016446,0.816555,0.024923,0.576495,-235.576599,92.416641,85.727829
1129,9.408333,0.016207,0.816436,0.024834,0.576674,-235.585281,92.415390,85.720482
1130,9.416667,0.013944,0.816105,0.024193,0.577229,-235.598877,92.436378,85.722626
1131,9.425000,0.013839,0.816072,0.023870,0.577291,-235.593964,92.435219,85.705757
1132,9.433333,0.016890,0.816585,0.024552,0.576455,-235.567398,92.406319,85.661957
1133,9.441667,0.020899,0.816509,0.022706,0.576507,-235.558365,92.420029,85.620766
1134,9.450000,0.022000,0.816231,0.021238,0.576917,-235.546448,92.423759,85.575394
1135,9.458333,0.023154,0.815600,0.019528,0.577822,-235.533569,92.435173,85.526810
1136,9.466667,0.023223,0.815338,0.018597,0.578221,-235.528275,92.446945,85.496567
1137,9.475000,0.022683,0.815467,0.018282,0.578070,-235.523483,92.449203,85.481682
1138,9.483333,0.021881,0.815607,0.018080,0.577909,-235.521652,92.449600,85.478058
1139,9.491667,0.021927,0.815708,0.018288,0.577758,-235.522873,92.447800,85.477615
1140,9.500000,0.021987,0.815699,0.018518,0.577763,-235.524628,92.445259,85.486855
1141,9.508333,0.022382,0.815604,0.018710,0.577875,-235.527557,92.444733,85.503670
1142,9.516667,0.023270,0.815486,0.019453,0.577982,-235.528442,92.437836,85.528305
1143,9.525000,0.021885,0.815752,0.021493,0.577588,-235.527374,92.420517,85.580551
1144,9.533333,0.019605,0.816434,0.023575,0.576624,-235.527832,92.405998,85.633263
1145,9.541667,0.018642,0.816418,0.024404,0.576644,-235.539413,92.403313,85.666199
1146,9.550000,0.018008,0.816212,0.024911,0.576935,-235.549927,92.400269,85.682274
1147,9.558333,0.015078,0.815860,0.025685,0.577482,-235.568161,92.435173,85.705551
1148,9.566667,0.014665,0.815768,0.026281,0.577595,-235.573914,92.444443,85.709282
1149,9.575000,0.014471,0.815616,0.026148,0.577821,-235.577866,92.443672,85.705841
1150,9.583333,0.014442,0.815454,0.025792,0.578067,-235.583710,92.443489,85.700256
1151,9.591667,0.014040,0.815422,0.025348,0.578141,-235.588791,92.441849,85.686615
1152,9.600000,0.014168,0.815361,0.024953,0.578241,-235.583038,92.441025,85.670296
1153,9.608333,0.020078,0.815586,0.024270,0.577778,-235.556534,92.434708,85.629807
1154,9.616667,0.021473,0.815395,0.023416,0.578032,-235.542343,92.434509,85.583656
1155,9.625000,0.023093,0.814774,0.022177,0.578894,-235.528305,92.443321,85.538345
1156,9.633333,0.023504,0.814531,0.021112,0.579259,-235.521362,92.452034,85.509895
1157,9.641667,0.023074,0.814460,0.020342,0.579404,-235.520599,92.455162,85.496620
1158,9.650000,0.022835,0.814619,0.020178,0.579195,-235.516602,92.451729,85.492828
1159,9.658333,0.022326,0.814754,0.020320,0.579021,-235.517624,92.447571,85.496849
1160,9.666667,0.022318,0.814680,0.020461,0.579120,-235.520218,92.446259,85.507706
1161,9.675000,0.022472,0.814661,0.021004,0.579122,-235.520172,92.439865,85.524689
1162,9.683333,0.023085,0.814516,0.021717,0.579275,-235.522003,92.434570,85.556946
1163,9.691667,0.019460,0.815260,0.023519,0.578290,-235.517410,92.414597,85.609016
1164,9.700000,0.018484,0.815416,0.024477,0.578062,-235.522964,92.410782,85.637604
1165,9.708333,0.020698,0.815057,0.024002,0.578513,-235.532761,92.420837,85.647575
1166,9.716667,0.018614,0.814346,0.022922,0.579628,-235.551880,92.450157,85.674706
1167,9.725000,0.015160,0.814399,0.023632,0.579626,-235.553879,92.438301,85.685989
1168,9.733333,0.016513,0.814241,0.023007,0.579836,-235.561188,92.446503,85.678795
1169,9.741667,0.017218,0.813977,0.022412,0.580209,-235.567139,92.451271,85.662727
1170,9.750000,0.019308,0.814308,0.022859,0.579662,-235.555847,92.428604,85.621773
1171,9.758333,0.020030,0.814370,0.022818,0.579552,-235.548996,92.417046,85.587738
1172,9.766667,0.020827,0.813982,0.021798,0.580107,-235.530258,92.419708,85.551506
1173,9.775000,0.021572,0.813971,0.020116,0.580157,-235.505600,92.419823,85.527718
1174,9.783333,0.022195,0.814261,0.019392,0.579751,-235.492661,92.425545,85.520004
1175,9.791667,0.022200,0.814472,0.018975,0.579467,-235.494110,92.428894,85.523865
1176,9.800000,0.022403,0.814478,0.019348,0.579439,-235.505081,92.428741,85.530945
1177,9.808333,0.022622,0.814361,0.020036,0.579571,-235.509521,92.425087,85.549843
1178,9.816667,0.023271,0.814298,0.020879,0.579604,-235.504181,92.423622,85.573807
1179,9.825000,0.023464,0.814122,0.022074,0.579799,-235.500549,92.434868,85.595818
1180,9.833333,0.022601,0.814583,0.022729,0.579160,-235.491440,92.427757,85.616371
1181,9.841667,0.022294,0.814610,0.022799,0.579132,-235.492371,92.424545,85.616684
1182,9.850000,0.021640,0.814566,0.022892,0.579215,-235.492325,92.421303,85.608704
1183,9.858333,0.021891,0.814032,0.022630,0.579966,-235.488220,92.420120,85.581360
1184,9.866667,0.022520,0.813900,0.021987,0.580151,-235.485245,92.426720,85.563210
1185,9.875000,0.023182,0.813991,0.021631,0.580011,-235.488770,92.432205,85.558258
1186,9.883333,0.023162,0.814164,0.021732,0.579766,-235.507416,92.432236,85.560677
1187,9.891667,0.018392,0.814985,0.023028,0.578733,-235.524658,92.411957,85.580582
1188,9.900000,0.020192,0.814306,0.022681,0.579641,-235.548370,92.425911,85.569839
1189,9.908333,0.019738,0.814475,0.023153,0.579401,-235.549210,92.424629,85.576088
1190,9.916667,0.020313,0.814183,0.023793,0.579765,-235.537460,92.428551,85.566788
1191,9.925000,0.021562,0.813840,0.021833,0.580279,-235.513000,92.420753,85.561562
1192,9.933333,0.022525,0.813852,0.020895,0.580259,-235.493805,92.425201,85.561577
1193,9.941667,0.023421,0.813914,0.020695,0.580144,-235.483429,92.427399,85.564766
1194,9.950000,0.023421,0.813938,0.021272,0.580090,-235.491104,92.429718,85.576523
1195,9.958333,0.023226,0.814052,0.021586,0.579926,-235.500259,92.430611,85.579071
1196,9.966667,0.022627,0.814019,0.021398,0.580002,-235.511902,92.433449,85.578140
1197,9.975000,0.022447,0.814059,0.021420,0.579952,-235.518768,92.431244,85.568260
1198,9.983333,0.022419,0.814099,0.021241,0.579904,-235.513885,92.427895,85.560013
1199,9.991667,0.022641,0.814046,0.021144,0.579973,-235.501678,92.425156,85.563545
1200,10.000000,0.023185,0.814051,0.021179,0.579944,-235.488770,92.424919,85.567101
1201,10.008333,0.023512,0.813959,0.021304,0.580055,-235.483292,92.427071,85.576813
1202,10.016667,0.023800,0.813993,0.021446,0.579991,-235.483475,92.428932,85.581062
1203,10.025000,0.023490,0.813959,0.021217,0.580060,-235.486191,92.430901,85.578323
1204,10.033333,0.023191,0.813982,0.021003,0.580047,-235.492493,92.429543,85.569489
1205,10.041667,0.022889,0.814065,0.020884,0.579947,-235.502441,92.427315,85.563194
1206,10.050000,0.022398,0.814080,0.020841,0.579946,-235.512756,92.428246,85.562141
1207,10.058333,0.022620,0.814054,0.021352,0.579956,-235.513779,92.427628,85.565544
1208,10.066667,0.022711,0.814000,0.021582,0.580019,-235.507294,92.427841,85.574463
1209,10.075000,0.022818,0.814028,0.021477,0.579980,-235.500198,92.428764,85.575775
1210,10.083333,0.022845,0.813938,0.021070,0.580119,-235.494644,92.428642,85.566971
1211,10.091667,0.019196,0.814690,0.021850,0.579167,-235.487366,92.407043,85.575508
1212,10.100000,0.021282,0.814250,0.021214,0.579736,-235.498260,92.419739,85.558205
1213,10.108333,0.018448,0.814638,0.022260,0.579249,-235.494568,92.402290,85.577133
1214,10.116667,0.020158,0.814358,0.022066,0.579593,-235.499237,92.412346,85.575768
1215,10.125000,0.021926,0.813991,0.021181,0.580077,-235.496704,92.420883,85.566193
1216,10.133333,0.022865,0.813930,0.021078,0.580130,-235.492401,92.424355,85.565742
1217,10.141667,0.019434,0.814675,0.022007,0.579174,-235.486145,92.406517,85.580421
1218,10.150000,0.021917,0.814138,0.021053,0.579876,-235.499329,92.423233,85.561356
1219,10.158333,0.022606,0.813957,0.020855,0.580111,-235.500854,92.426750,85.558762
1220,10.166667,0.022781,0.813985,0.020812,0.580066,-235.497238,92.427795,85.563950
1221,10.175000,0.022949,0.813992,0.021015,0.580043,-235.495621,92.427292,85.567078
1222,10.183333,0.022761,0.814291,0.023274,0.579544,-235.498947,92.437721,85.560265
1223,10.191667,0.022619,0.814264,0.023294,0.579586,-235.502075,92.439392,85.554466
1224,10.200000,0.022539,0.814266,0.022521,0.579616,-235.506744,92.435875,85.554413
1225,10.208333,0.022661,0.814125,0.022245,0.579820,-235.505417,92.434036,85.557678
1226,10.216667,0.022532,0.814144,0.021952,0.579810,-235.502243,92.433662,85.557953
1227,10.225000,0.022696,0.814077,0.021624,0.579910,-235.501221,92.431450,85.552612
1228,10.233333,0.022469,0.814092,0.021613,0.579898,-235.502975,92.433586,85.556694
1229,10.241667,0.022686,0.814087,0.021557,0.579900,-235.500916,92.430305,85.556992
1230,10.250000,0.022598,0.814109,0.021369,0.579878,-235.500916,92.430046,85.554611
1231,10.258333,0.022671,0.814098,0.021415,0.579889,-235.502243,92.430405,85.557648
1232,10.266667,0.022705,0.814090,0.020371,0.579936,-235.497635,92.424446,85.552032
1233,10.275000,0.022736,0.814098,0.020015,0.579937,-235.497787,92.422874,85.551315
1234,10.283333,0.022829,0.814117,0.020001,0.579908,-235.497147,92.422386,85.550110
1235,10.291667,0.022745,0.814089,0.019973,0.579951,-235.498001,92.422279,85.551163
1236,10.300000,0.022710,0.814050,0.020022,0.580005,-235.497971,92.421936,85.552216
1237,10.308333,0.022694,0.814074,0.019993,0.579973,-235.497864,92.422287,85.551666
1238,10.316667,0.022740,0.813884,0.018221,0.580297,-235.496567,92.413933,85.557556
1239,10.325000,0.022804,0.814034,0.019639,0.580037,-235.497925,92.421951,85.552795
1240,10.333333,0.022941,0.813839,0.018413,0.580346,-235.496109,92.413002,85.559120
1241,10.341667,0.022912,0.813869,0.017536,0.580332,-235.494858,92.409378,85.555176
1242,10.350000,0.019054,0.814782,0.020459,0.579093,-235.492752,92.399895,85.566383
1243,10.358333,0.021037,0.814063,0.018744,0.580093,-235.499405,92.406326,85.561310
1244,10.366667,0.022219,0.814061,0.020111,0.580005,-235.501343,92.420113,85.550591
1245,10.375000,0.022663,0.814045,0.019988,0.580015,-235.497574,92.422905,85.551636
1246,10.383333,0.022865,0.814123,0.019865,0.579902,-235.495346,92.422089,85.550797
1247,10.391667,0.022765,0.814085,0.019789,0.579962,-235.495346,92.422897,85.549629
1248,10.400000,0.022937,0.813851,0.017914,0.580344,-235.493134,92.412956,85.554298
1249,10.408333,0.022796,0.814063,0.019496,0.580001,-235.494446,92.419968,85.550552
1250,10.416667,0.022685,0.814080,0.019791,0.579972,-235.494965,92.422264,85.552040
1251,10.425000,0.022553,0.814092,0.019920,0.579955,-235.495026,92.423424,85.551575
1252,10.433333,0.022553,0.814099,0.020009,0.579942,-235.494781,92.421440,85.551254
1253,10.441667,0.022501,0.814108,0.019934,0.579935,-235.495239,92.422775,85.550934
1254,10.450000,0.022561,0.814096,0.019978,0.579948,-235.495636,92.421890,85.550995
1255,10.458333,0.022701,0.814053,0.019865,0.580007,-235.496399,92.423843,85.551056
1256,10.466667,0.022745,0.814084,0.019913,0.579960,-235.494781,92.422897,85.549950
1257,10.475000,0.022854,0.814034,0.019828,0.580029,-235.495468,92.424644,85.551147
1258,10.483333,0.022743,0.814069,0.019837,0.579983,-235.495499,92.423592,85.551941
1259,10.491667,0.022796,0.814062,0.019811,0.579992,-235.495850,92.423836,85.551178
1260,10.500000,0.018770,0.814816,0.021215,0.579028,-235.490158,92.399918,85.567703
1261,10.508333,0.017387,0.814998,0.021523,0.578804,-235.496109,92.393257,85.567749
1262,10.516667,0.018805,0.814582,0.021213,0.579355,-235.506561,92.401718,85.556587
1263,10.525000,0.020988,0.814055,0.020707,0.580039,-235.506821,92.412033,85.543571
1264,10.533333,0.022339,0.813954,0.020205,0.580149,-235.501099,92.417603,85.543564
1265,10.541667,0.023129,0.814010,0.019774,0.580053,-235.495026,92.422882,85.548882
1266,10.550000,0.023134,0.814113,0.019996,0.579901,-235.491974,92.422173,85.550865
1267,10.558333,0.022973,0.814097,0.019868,0.579934,-235.493805,92.423523,85.551041
1268,10.566667,0.022813,0.814083,0.019944,0.579957,-235.494308,92.422791,85.550308
1269,10.575000,0.022729,0.814065,0.019949,0.579985,-235.495026,92.422256,85.550499
1270,10.583333,0.022623,0.814103,0.020037,0.579934,-235.494537,92.421112,85.549995
1271,10.591667,0.019066,0.814772,0.021213,0.579080,-235.490295,92.401535,85.565590
1272,10.600000,0.020705,0.814383,0.020601,0.579593,-235.498474,92.412392,85.556068
1273,10.608333,0.021925,0.814108,0.020277,0.579945,-235.500504,92.419472,85.550644
1274,10.616667,0.022657,0.814062,0.020082,0.579988,-235.497162,92.421585,85.549751
1275,10.625000,0.022886,0.814067,0.020154,0.579969,-235.495682,92.422447,85.552216
1276,10.633333,0.022995,0.814078,0.020068,0.579953,-235.495712,92.421524,85.552254
1277,10.641667,0.022778,0.814079,0.019935,0.579965,-235.496902,92.424065,85.552635
1278,10.650000,0.022779,0.814069,0.019961,0.579978,-235.497192,92.423058,85.552177
1279,10.658333,0.022622,0.814086,0.020045,0.579957,-235.497589,92.422516,85.552689
1280,10.666667,0.022662,0.814076,0.019989,0.579972,-235.498337,92.423981,85.551620
1281,10.675000,0.022708,0.814093,0.020040,0.579944,-235.496658,92.422615,85.550690
1282,10.683333,0.022751,0.814062,0.020039,0.579987,-235.496643,92.422874,85.551140
1283,10.691667,0.022637,0.814089,0.019947,0.579955,-235.497208,92.424927,85.551086
1284,10.700000,0.022510,0.814094,0.020044,0.579951,-235.497421,92.424164,85.551208
1285,10.708333,0.022784,0.814082,0.020142,0.579953,-235.496780,92.422867,85.550087
1286,10.716667,0.022824,0.814107,0.020120,0.579917,-235.496780,92.422081,85.551300
1287,10.725000,0.022812,0.814103,0.020048,0.579926,-235.497162,92.422188,85.551743
1288,10.733333,0.022859,0.814082,0.020129,0.579951,-235.497375,92.422745,85.551079
1289,10.741667,0.022750,0.814099,0.020057,0.579933,-235.497635,92.423378,85.552811
1290,10.750000,0.022660,0.814071,0.019894,0.579982,-235.498047,92.425110,85.552353
1291,10.758333,0.022730,0.814108,0.020110,0.579920,-235.497421,92.423859,85.551483
1292,10.766667,0.022768,0.814057,0.019979,0.579994,-235.497971,92.422897,85.552284
1293,10.775000,0.022700,0.814087,0.019949,0.579956,-235.498184,92.423943,85.552666
1294,10.783333,0.022686,0.814085,0.020029,0.579956,-235.498230,92.423927,85.552589
1295,10.791667,0.022713,0.814249,0.020245,0.579718,-235.500366,92.424736,85.547432
1296,10.800000,0.022902,0.814443,0.020344,0.579435,-235.501724,92.424118,85.541718
1297,10.808333,0.022896,0.814642,0.020142,0.579162,-235.502457,92.421379,85.537682
1298,10.816667,0.022914,0.814456,0.018642,0.579473,-235.502975,92.415306,85.543983
1299,10.825000,0.022838,0.814489,0.019644,0.579396,-235.502884,92.422562,85.541138
1300,10.833333,0.022823,0.814610,0.020218,0.579208,-235.502045,92.424416,85.537315
1301,10.841667,0.022767,0.814654,0.020145,0.579149,-235.502289,92.423203,85.535736
1302,10.850000,0.022690,0.814645,0.020135,0.579166,-235.502960,92.423042,85.536263
1303,10.858333,0.022873,0.814585,0.020162,0.579243,-235.502869,92.422455,85.535904
1304,10.866667,0.022802,0.814589,0.020094,0.579241,-235.503571,92.423729,85.538208
1305,10.875000,0.022792,0.814632,0.020156,0.579179,-235.503479,92.421829,85.538712
1306,10.883333,0.022503,0.814583,0.020190,0.579259,-235.505035,92.425568,85.539795
