Format Version,1.25,Take Name,Take 2025-11-27 05.12.16 PM,Take Notes,,Capture Frame Rate,120.000000,Export Frame Rate,120.000000,Capture Start Time,2025-11-27 05.12.16.718 PM,Capture Start Frame,56470,Total Frames in Take,1460,Total Exported Frames,1460,Rotation Type,Quaternion,Length Units,Centimeters,Coordinate Space,Global

,Type,Rigid Body,Rigid Body,Rigid Body,Rigid Body,Rigid Body,Rigid Body,Rigid Body
,Name,SEE_large,SEE_large,SEE_large,SEE_large,SEE_large,SEE_large,SEE_large
,ID,B4680608301811F031C44B617C10C291,B4680608301811F031C44B617C10C291,B4680608301811F031C44B617C10C291,B4680608301811F031C44B617C10C291,B4680608301811F031C44B617C10C291,B4680608301811F031C44B617C10C291,B4680608301811F031C44B617C10C291
,Parent,,,,,,,
,,Rotation,Rotation,Rotation,Rotation,Position,Position,Position
Frame,Time (Seconds),X,Y,Z,W,X,Y,Z
0,0.000000,-0.007607,0.395964,0.008633,0.918194,-215.936630,92.247459,83.961838
1,0.008333,-0.007441,0.395931,0.008665,0.918209,-215.937668,92.246178,83.963539
2,0.016667,-0.007482,0.395923,0.008704,0.918212,-215.938599,92.245636,83.965668
3,0.025000,-0.007579,0.395935,0.008701,0.918206,-215.938690,92.246964,83.966713
4,0.033333,-0.007615,0.395923,0.008654,0.918212,-215.938324,92.246582,83.967339
5,0.041667,-0.007604,0.395901,0.008751,0.918220,-215.937424,92.246338,83.968880
6,0.050000,-0.007470,0.396052,0.008825,0.918155,-215.935806,92.245308,83.969383
7,0.058333,-0.007504,0.396043,0.008972,0.918158,-215.933746,92.243546,83.970192
8,0.066667,-0.007526,0.396034,0.008882,0.918162,-215.932388,92.244774,83.970474
9,0.075000,-0.007542,0.395978,0.008908,0.918186,-215.930527,92.245193,83.968819
10,0.083333,-0.007528,0.395990,0.008854,0.918181,-215.928314,92.245842,83.967377
11,0.091667,-0.007402,0.395956,0.008869,0.918197,-215.927124,92.246712,83.966507
12,0.100000,-0.007379,0.395907,0.008757,0.918219,-215.926407,92.247353,83.964317
13,0.108333,-0.007466,0.395900,0.008714,0.918222,-215.926605,92.246246,83.962219
14,0.116667,-0.007549,0.395950,0.008637,0.918200,-215.927811,92.246513,83.961403
15,0.125000,-0.007556,0.396021,0.008649,0.918170,-215.929718,92.247444,83.959839
16,0.133333,-0.007545,0.395929,0.008605,0.918210,-215.932877,92.248520,83.960274
17,0.141667,-0.007507,0.395947,0.008631,0.918202,-215.934998,92.246269,83.960976
18,0.150000,-0.007496,0.395994,0.008546,0.918183,-215.936966,92.245689,83.963806
19,0.158333,-0.007650,0.396030,0.008642,0.918165,-215.938065,92.244705,83.963371
20,0.166667,-0.007747,0.396020,0.008617,0.918169,-215.939590,92.245476,83.964035
21,0.175000,-0.007573,0.396046,0.008787,0.918158,-215.939255,92.243835,83.966530
22,0.183333,-0.007523,0.396009,0.008802,0.918174,-215.939041,92.243607,83.968422
23,0.191667,-0.007564,0.395987,0.008782,0.918183,-215.937134,92.245171,83.969269
24,0.200000,-0.007528,0.395907,0.008704,0.918219,-215.934875,92.246765,83.969116
25,0.208333,-0.007517,0.395911,0.008778,0.918216,-215.932877,92.245934,83.968842
26,0.216667,-0.007527,0.395979,0.008862,0.918186,-215.931061,92.245239,83.968857
27,0.225000,-0.007419,0.395943,0.008880,0.918202,-215.929718,92.244614,83.969032
28,0.233333,-0.007564,0.396022,0.008774,0.918168,-215.928772,92.244926,83.967606
29,0.241667,-0.007638,0.396028,0.008928,0.918163,-215.928101,92.244408,83.965942
30,0.250000,-0.007489,0.395981,0.008936,0.918185,-215.927719,92.243889,83.964951
31,0.258333,-0.007348,0.395948,0.008847,0.918201,-215.928314,92.245743,83.963867
32,0.266667,-0.007359,0.395924,0.008769,0.918212,-215.929581,92.246552,83.962326
33,0.275000,-0.007473,0.395950,0.008732,0.918200,-215.931610,92.246490,83.961273
34,0.283333,-0.007421,0.395968,0.008653,0.918194,-215.933151,92.245598,83.960899
35,0.291667,-0.007535,0.396005,0.008726,0.918176,-215.935013,92.245430,83.961929
36,0.300000,-0.007579,0.396023,0.008699,0.918168,-215.937088,92.245110,83.962456
37,0.308333,-0.007458,0.396045,0.008650,0.918160,-215.938187,92.244812,83.964119
38,0.316667,-0.007492,0.396021,0.008680,0.918170,-215.939087,92.245468,83.965614
39,0.325000,-0.007416,0.396021,0.008759,0.918170,-215.938751,92.244957,83.967224
40,0.333333,-0.007530,0.395960,0.008798,0.918195,-215.938385,92.244347,83.967926
41,0.341667,-0.007552,0.395994,0.008767,0.918180,-215.936829,92.244713,83.969246
42,0.350000,-0.007488,0.395979,0.008877,0.918186,-215.935486,92.244598,83.970909
43,0.358333,-0.007484,0.395993,0.008933,0.918180,-215.933823,92.244408,83.970711
44,0.366667,-0.007592,0.395959,0.008764,0.918195,-215.932343,92.245605,83.969971
45,0.375000,-0.007610,0.395873,0.008718,0.918232,-215.930298,92.246452,83.969635
46,0.383333,-0.007433,0.395920,0.008782,0.918213,-215.928604,92.245850,83.967567
47,0.391667,-0.007384,0.395994,0.008854,0.918181,-215.927979,92.246452,83.966339
48,0.400000,-0.007483,0.395974,0.008931,0.918188,-215.927963,92.247269,83.964653
49,0.408333,-0.007601,0.395964,0.008860,0.918192,-215.928741,92.247604,83.963661
50,0.416667,-0.007556,0.396002,0.008755,0.918177,-215.929459,92.246284,83.961723
51,0.425000,-0.007568,0.395960,0.008655,0.918196,-215.931351,92.246826,83.961060
52,0.433333,-0.007443,0.395994,0.008618,0.918183,-215.932709,92.245445,83.960724
53,0.441667,-0.007416,0.395943,0.008660,0.918204,-215.934296,92.244423,83.961494
54,0.450000,-0.007371,0.395959,0.008604,0.918198,-215.935852,92.245621,83.962616
55,0.458333,-0.007378,0.395924,0.008687,0.918212,-215.937073,92.246208,83.964035
56,0.466667,-0.007552,0.396001,0.008791,0.918177,-215.938187,92.245850,83.964188
57,0.475000,-0.007606,0.396010,0.008726,0.918173,-215.938599,92.244820,83.966125
58,0.483333,-0.007497,0.396030,0.008600,0.918167,-215.938812,92.245163,83.968285
59,0.491667,-0.007458,0.395998,0.008738,0.918180,-215.937805,92.245804,83.970108
60,0.500000,-0.007428,0.395995,0.008734,0.918181,-215.936798,92.246429,83.970467
61,0.508333,-0.007412,0.395980,0.008815,0.918187,-215.934677,92.244766,83.970490
62,0.516667,-0.007487,0.395974,0.008822,0.918189,-215.932983,92.245140,83.971062
63,0.525000,-0.007427,0.395973,0.008797,0.918190,-215.931458,92.245018,83.969742
64,0.533333,-0.007386,0.395929,0.008879,0.918208,-215.929840,92.245697,83.969589
65,0.541667,-0.007331,0.395917,0.008875,0.918214,-215.929077,92.246208,83.968132
66,0.550000,-0.007343,0.395990,0.008978,0.918182,-215.928955,92.246750,83.966446
67,0.558333,-0.007413,0.395953,0.008897,0.918198,-215.929993,92.247139,83.965302
68,0.566667,-0.007482,0.395951,0.008792,0.918199,-215.930817,92.246017,83.962448
69,0.575000,-0.007479,0.395990,0.008747,0.918183,-215.932114,92.245819,83.961792
70,0.583333,-0.007576,0.396007,0.008763,0.918174,-215.933914,92.246361,83.961136
71,0.591667,-0.007609,0.395941,0.008754,0.918203,-215.935349,92.247353,83.961250
72,0.600000,-0.007506,0.395934,0.008666,0.918207,-215.936401,92.247292,83.961624
73,0.608333,-0.007447,0.395947,0.008682,0.918202,-215.937042,92.246315,83.962036
74,0.616667,-0.007465,0.395936,0.008532,0.918208,-215.938385,92.245750,83.964821
75,0.625000,-0.007534,0.395937,0.008721,0.918205,-215.938477,92.246277,83.966087
76,0.633333,-0.007629,0.395935,0.008864,0.918204,-215.938232,92.247299,83.967026
77,0.641667,-0.007574,0.395951,0.008824,0.918198,-215.937515,92.247322,83.969391
78,0.650000,-0.007466,0.396008,0.008809,0.918174,-215.937515,92.246696,83.970978
79,0.658333,-0.007343,0.396040,0.009005,0.918160,-215.934540,92.245552,83.972290
80,0.666667,-0.007419,0.396030,0.009089,0.918162,-215.933746,92.245049,83.971573
81,0.675000,-0.007460,0.396009,0.009072,0.918171,-215.932755,92.244774,83.972015
82,0.683333,-0.007440,0.395995,0.009060,0.918178,-215.931625,92.245026,83.971611
83,0.691667,-0.007404,0.395938,0.008960,0.918204,-215.930771,92.245087,83.970078
84,0.700000,-0.007374,0.396010,0.008848,0.918174,-215.930267,92.244987,83.967087
85,0.708333,-0.007521,0.395963,0.008766,0.918194,-215.931320,92.245918,83.965767
86,0.716667,-0.007603,0.395932,0.008721,0.918207,-215.931610,92.248009,83.964211
87,0.725000,-0.007567,0.395918,0.008753,0.918213,-215.932510,92.246719,83.963242
88,0.733333,-0.007547,0.395997,0.008733,0.918179,-215.934036,92.245888,83.963326
89,0.741667,-0.007646,0.396016,0.008721,0.918170,-215.935349,92.246727,83.962532
90,0.750000,-0.007661,0.395989,0.008752,0.918182,-215.936279,92.246445,83.961983
91,0.758333,-0.007613,0.395980,0.008922,0.918184,-215.936874,92.245468,83.963013
92,0.766667,-0.007558,0.395973,0.008854,0.918189,-215.937424,92.246613,83.964966
93,0.775000,-0.007505,0.395924,0.008792,0.918211,-215.937210,92.247185,83.965698
94,0.783333,-0.007574,0.395944,0.008742,0.918202,-215.936279,92.248062,83.965981
95,0.791667,-0.007562,0.395921,0.008928,0.918210,-215.935638,92.247040,83.967880
96,0.800000,-0.007542,0.395945,0.008707,0.918202,-215.935944,92.245224,83.969345
97,0.808333,-0.007400,0.396034,0.008798,0.918164,-215.934662,92.244461,83.969803
98,0.816667,-0.007397,0.395996,0.008845,0.918180,-215.933914,92.244843,83.971588
99,0.825000,-0.007466,0.395949,0.008840,0.918200,-215.933197,92.246086,83.972115
100,0.833333,-0.007539,0.395949,0.008925,0.918198,-215.931992,92.245445,83.969955
101,0.841667,-0.007588,0.395975,0.008752,0.918188,-215.932251,92.246925,83.969048
102,0.850000,-0.007635,0.395962,0.008723,0.918194,-215.931458,92.247925,83.967598
103,0.858333,-0.007531,0.395924,0.008695,0.918211,-215.931442,92.247055,83.965370
104,0.866667,-0.007470,0.395963,0.008635,0.918195,-215.932297,92.247025,83.964180
105,0.875000,-0.007491,0.395953,0.008678,0.918199,-215.932892,92.246429,83.963020
106,0.883333,-0.007433,0.395958,0.008749,0.918197,-215.933533,92.246269,83.963524
107,0.891667,-0.007390,0.395956,0.008842,0.918197,-215.934586,92.247047,83.962341
108,0.900000,-0.007466,0.395977,0.008861,0.918187,-215.935944,92.246796,83.962822
109,0.908333,-0.007461,0.396019,0.008896,0.918169,-215.936523,92.246941,83.964264
110,0.916667,-0.007459,0.396098,0.008912,0.918135,-215.937256,92.245865,83.963959
111,0.925000,-0.007422,0.396016,0.009011,0.918169,-215.937225,92.244957,83.966393
112,0.933333,-0.007397,0.396040,0.009062,0.918159,-215.936661,92.244812,83.967812
113,0.941667,-0.007442,0.396027,0.008880,0.918166,-215.935852,92.245529,83.968666
114,0.950000,-0.007529,0.396036,0.008894,0.918161,-215.935043,92.244560,83.969193
115,0.958333,-0.007489,0.395955,0.008843,0.918197,-215.934448,92.244324,83.969955
116,0.966667,-0.007413,0.395936,0.008858,0.918205,-215.932938,92.244949,83.971031
117,0.975000,-0.007421,0.395949,0.008935,0.918199,-215.932983,92.245239,83.971207
118,0.983333,-0.007561,0.395983,0.008858,0.918184,-215.932724,92.245499,83.968941
119,0.991667,-0.007551,0.396018,0.008817,0.918170,-215.932373,92.245979,83.967102
120,1.000000,-0.007493,0.396018,0.008918,0.918169,-215.932343,92.245148,83.966133
121,1.008333,-0.007385,0.396015,0.009014,0.918170,-215.933014,92.246269,83.965668
122,1.016667,-0.007386,0.396010,0.008985,0.918173,-215.933517,92.245331,83.963348
123,1.025000,-0.007432,0.396005,0.008970,0.918175,-215.934402,92.245705,83.962822
124,1.033333,-0.007506,0.395992,0.008927,0.918180,-215.935303,92.245842,83.961472
125,1.041667,-0.007462,0.396043,0.008837,0.918159,-215.935181,92.246429,83.960625
126,1.050000,-0.007467,0.395976,0.008818,0.918188,-215.935638,92.245964,83.960136
127,1.058333,-0.007502,0.396005,0.008766,0.918176,-215.936096,92.245171,83.960388
128,1.066667,-0.007616,0.395994,0.008726,0.918180,-215.936462,92.244896,83.961037
129,1.075000,-0.007554,0.396031,0.008701,0.918165,-215.936691,92.246078,83.961853
130,1.083333,-0.007473,0.395991,0.008688,0.918183,-215.936188,92.246223,83.963036
131,1.091667,-0.007421,0.396020,0.008719,0.918170,-215.935257,92.245850,83.964989
132,1.100000,-0.007431,0.396012,0.008679,0.918175,-215.935059,92.245743,83.965912
133,1.108333,-0.007553,0.396025,0.008697,0.918168,-215.934753,92.245934,83.966675
134,1.116667,-0.007574,0.395983,0.008757,0.918185,-215.934128,92.246216,83.967659
135,1.125000,-0.007597,0.395950,0.008733,0.918199,-215.933746,92.245514,83.967247
136,1.133333,-0.007474,0.395953,0.008735,0.918199,-215.933105,92.244080,83.967377
137,1.141667,-0.007523,0.395943,0.008825,0.918202,-215.933228,92.245224,83.966530
138,1.150000,-0.007521,0.395983,0.008850,0.918184,-215.934448,92.246071,83.966064
139,1.158333,-0.007377,0.395942,0.008928,0.918203,-215.934830,92.244934,83.964767
140,1.166667,-0.007398,0.395987,0.008944,0.918183,-215.935257,92.244850,83.963165
141,1.175000,-0.007382,0.395958,0.008838,0.918196,-215.936188,92.245186,83.962547
142,1.183333,-0.007334,0.395985,0.008856,0.918185,-215.937347,92.243950,83.961227
143,1.191667,-0.007403,0.395984,0.008821,0.918185,-215.938232,92.244156,83.961227
144,1.200000,-0.007479,0.395913,0.008720,0.918216,-215.939087,92.245560,83.960724
145,1.208333,-0.007596,0.395955,0.008611,0.918198,-215.939163,92.245293,83.960258
146,1.216667,-0.007536,0.395967,0.008520,0.918194,-215.940231,92.246254,83.960739
147,1.225000,-0.007512,0.395996,0.008645,0.918181,-215.939117,92.246231,83.962341
148,1.233333,-0.007452,0.395920,0.008566,0.918215,-215.939117,92.244965,83.964348
149,1.241667,-0.007465,0.395964,0.008516,0.918196,-215.938751,92.245331,83.965553
150,1.250000,-0.007586,0.395986,0.008611,0.918185,-215.938828,92.246155,83.967110
151,1.258333,-0.007580,0.396007,0.008655,0.918175,-215.938156,92.245071,83.968788
152,1.266667,-0.007621,0.395977,0.008696,0.918187,-215.937729,92.244354,83.969978
153,1.275000,-0.007502,0.395980,0.008714,0.918187,-215.937683,92.243698,83.971260
154,1.283333,-0.007415,0.395978,0.008684,0.918189,-215.937469,92.242317,83.971054
155,1.291667,-0.007358,0.396023,0.008779,0.918169,-215.937424,92.242073,83.970032
156,1.300000,-0.007422,0.395979,0.008598,0.918190,-215.938446,92.243645,83.969154
157,1.308333,-0.007535,0.395975,0.008751,0.918189,-215.938019,92.244888,83.968170
158,1.316667,-0.007445,0.396034,0.008673,0.918165,-215.938065,92.245987,83.967575
159,1.325000,-0.007297,0.396054,0.008694,0.918157,-215.938110,92.245430,83.965996
160,1.333333,-0.007409,0.396054,0.008716,0.918156,-215.937256,92.245300,83.964661
161,1.341667,-0.007605,0.396057,0.008646,0.918154,-215.936234,92.245331,83.964470
162,1.350000,-0.007558,0.396049,0.008682,0.918157,-215.934875,92.244308,83.963913
163,1.358333,-0.007572,0.396021,0.008667,0.918169,-215.933578,92.247147,83.963943
164,1.366667,-0.007596,0.395975,0.008634,0.918189,-215.932632,92.248413,83.963898
165,1.375000,-0.007502,0.395913,0.008594,0.918217,-215.931885,92.247841,83.965141
166,1.383333,-0.007519,0.395992,0.008597,0.918183,-215.931015,92.246101,83.965828
167,1.391667,-0.007536,0.395990,0.008575,0.918184,-215.931671,92.245575,83.966721
168,1.400000,-0.007579,0.395986,0.008586,0.918185,-215.931946,92.246193,83.967773
169,1.408333,-0.007518,0.395930,0.008634,0.918210,-215.932724,92.246506,83.968719
170,1.416667,-0.007421,0.395976,0.008635,0.918190,-215.933319,92.245667,83.969078
171,1.425000,-0.007493,0.396038,0.008754,0.918162,-215.934540,92.246071,83.969376
172,1.433333,-0.007443,0.396038,0.008811,0.918162,-215.935379,92.245415,83.969650
173,1.441667,-0.007418,0.395984,0.008726,0.918186,-215.936111,92.245514,83.969254
174,1.450000,-0.007515,0.395984,0.008754,0.918185,-215.936584,92.246094,83.968536
175,1.458333,-0.007591,0.395945,0.008649,0.918202,-215.937164,92.247093,83.967926
176,1.466667,-0.007655,0.395969,0.008581,0.918192,-215.937393,92.247223,83.965149
177,1.475000,-0.007519,0.395931,0.008690,0.918208,-215.936920,92.247391,83.965286
178,1.483333,-0.007463,0.395946,0.008826,0.918201,-215.936096,92.246124,83.965042
179,1.491667,-0.007492,0.395993,0.008943,0.918180,-215.935822,92.245232,83.965675
180,1.500000,-0.007344,0.396074,0.008879,0.918146,-215.934891,92.245155,83.965889
181,1.508333,-0.007397,0.396075,0.008863,0.918145,-215.934891,92.245651,83.965157
182,1.516667,-0.007398,0.396013,0.008871,0.918172,-215.934174,92.245430,83.966293
183,1.525000,-0.007526,0.395997,0.008872,0.918178,-215.932877,92.246048,83.966461
184,1.533333,-0.007471,0.395968,0.008807,0.918192,-215.932129,92.245247,83.966637
185,1.541667,-0.007473,0.395935,0.008649,0.918207,-215.931961,92.247002,83.967133
186,1.550000,-0.007597,0.395946,0.008590,0.918202,-215.931366,92.247101,83.967522
187,1.558333,-0.007589,0.395941,0.008583,0.918205,-215.932816,92.248306,83.967957
188,1.566667,-0.007531,0.395936,0.008581,0.918207,-215.933960,92.247078,83.967987
189,1.575000,-0.007584,0.395974,0.008736,0.918189,-215.939362,92.246162,83.968033
190,1.583333,-0.007788,0.396026,0.008754,0.918165,-215.948364,92.247841,83.966133
191,1.591667,-0.007927,0.395964,0.008826,0.918189,-215.961624,92.247925,83.968765
192,1.600000,-0.008112,0.395600,0.009362,0.918339,-215.980652,92.247482,83.974915
193,1.608333,-0.007914,0.395519,0.010220,0.918367,-215.998489,92.245438,83.979828
194,1.616667,-0.007725,0.395539,0.011163,0.918349,-216.016251,92.242989,83.984024
195,1.625000,-0.007739,0.395498,0.011852,0.918358,-216.031815,92.240158,83.987846
196,1.633333,-0.007763,0.395606,0.012445,0.918303,-216.041092,92.236343,83.989426
197,1.641667,-0.007753,0.395711,0.012735,0.918254,-216.046570,92.234596,83.991425
198,1.650000,-0.007922,0.395780,0.012665,0.918224,-216.049026,92.232819,83.994331
199,1.658333,-0.008127,0.395752,0.012594,0.918235,-216.049606,92.233368,83.994064
200,1.666667,-0.008236,0.395765,0.012584,0.918229,-216.051575,92.234680,83.993797
201,1.675000,-0.007987,0.395531,0.012664,0.918331,-216.056183,92.238525,83.992821
202,1.683333,-0.007808,0.395390,0.012790,0.918391,-216.064377,92.244514,83.993820
203,1.691667,-0.007576,0.395185,0.014732,0.918452,-216.094543,92.232826,84.005562
204,1.700000,-0.007743,0.395223,0.015266,0.918426,-216.109634,92.230141,84.012100
205,1.708333,-0.007998,0.395392,0.015795,0.918342,-216.122192,92.228630,84.018211
206,1.716667,-0.008125,0.395456,0.016273,0.918305,-216.133041,92.226776,84.026512
207,1.725000,-0.008105,0.395531,0.016388,0.918271,-216.132111,92.229225,84.023193
208,1.733333,-0.008220,0.395407,0.015716,0.918335,-216.135880,92.234665,84.021782
209,1.741667,-0.008454,0.395304,0.014986,0.918389,-216.142319,92.242577,84.016655
210,1.750000,-0.008736,0.395261,0.014606,0.918411,-216.151642,92.248924,84.014526
211,1.758333,-0.008985,0.395282,0.014904,0.918395,-216.164734,92.251625,84.012993
212,1.766667,-0.009240,0.395381,0.015367,0.918342,-216.178253,92.251396,84.012428
213,1.775000,-0.009445,0.395426,0.015906,0.918312,-216.193008,92.251839,84.014328
214,1.783333,-0.009410,0.395424,0.016425,0.918304,-216.203217,92.250717,84.017220
215,1.791667,-0.009620,0.395587,0.016718,0.918226,-216.214340,92.251625,84.017761
216,1.800000,-0.009601,0.395724,0.016987,0.918162,-216.222763,92.251053,84.020981
217,1.808333,-0.009896,0.395715,0.017217,0.918158,-216.230484,92.252640,84.020302
218,1.816667,-0.009924,0.395741,0.017476,0.918142,-216.238220,92.252686,84.022293
219,1.825000,-0.009909,0.395772,0.017803,0.918123,-216.247696,92.253761,84.023918
220,1.833333,-0.010032,0.395914,0.017881,0.918059,-216.257660,92.255180,84.025566
221,1.841667,-0.010322,0.395909,0.018052,0.918054,-216.268585,92.255081,84.024857
222,1.850000,-0.010541,0.395848,0.018348,0.918072,-216.279526,92.257729,84.025642
223,1.858333,-0.010781,0.395888,0.018655,0.918046,-216.290924,92.257034,84.024460
224,1.866667,-0.011089,0.395895,0.018890,0.918034,-216.301819,92.258286,84.024902
225,1.875000,-0.011186,0.395826,0.019311,0.918054,-216.313385,92.257965,84.025230
226,1.883333,-0.011127,0.395884,0.019618,0.918024,-216.322998,92.257957,84.026299
227,1.891667,-0.011320,0.395885,0.019820,0.918017,-216.334351,92.259285,84.026253
228,1.900000,-0.011384,0.395853,0.020102,0.918023,-216.346695,92.257652,84.025970
229,1.908333,-0.011935,0.395970,0.021365,0.917937,-216.357941,92.263504,84.024719
230,1.916667,-0.012223,0.396080,0.022059,0.917870,-216.367081,92.266525,84.023941
231,1.925000,-0.012269,0.396116,0.022318,0.917847,-216.373230,92.264519,84.024139
232,1.933333,-0.012153,0.396141,0.022405,0.917836,-216.374832,92.261055,84.024170
233,1.941667,-0.012207,0.396332,0.022474,0.917751,-216.371796,92.260643,84.024963
234,1.950000,-0.012087,0.396419,0.022547,0.917713,-216.365509,92.258087,84.024582
235,1.958333,-0.012108,0.396516,0.022634,0.917669,-216.359756,92.254868,84.026749
236,1.966667,-0.012185,0.396614,0.022632,0.917626,-216.355927,92.254311,84.027588
237,1.975000,-0.012130,0.396623,0.022676,0.917622,-216.353302,92.254951,84.027588
238,1.983333,-0.012192,0.396584,0.022463,0.917642,-216.354797,92.257332,84.027359
239,1.991667,-0.012128,0.396605,0.022298,0.917638,-216.355423,92.259041,84.026985
240,2.000000,-0.012090,0.396532,0.022396,0.917668,-216.357468,92.259422,84.027657
241,2.008333,-0.012134,0.396546,0.022087,0.917669,-216.358521,92.261063,84.026619
242,2.016667,-0.012189,0.396549,0.021954,0.917670,-216.357040,92.261444,84.026878
243,2.025000,-0.012229,0.396554,0.021829,0.917670,-216.355927,92.262550,84.025551
244,2.033333,-0.012193,0.396537,0.021840,0.917678,-216.355057,92.263298,84.024658
245,2.041667,-0.012187,0.396540,0.021653,0.917681,-216.357971,92.265488,84.025124
246,2.050000,-0.012124,0.396498,0.021479,0.917704,-216.360504,92.266403,84.024200
247,2.058333,-0.012241,0.396597,0.021616,0.917657,-216.364624,92.266075,84.023750
248,2.066667,-0.012324,0.396568,0.021987,0.917659,-216.372086,92.265465,84.022865
249,2.075000,-0.012258,0.396532,0.022208,0.917670,-216.377991,92.263504,84.024826
250,2.083333,-0.012320,0.396514,0.022365,0.917674,-216.381256,92.262909,84.025589
251,2.091667,-0.012354,0.396533,0.022550,0.917660,-216.380951,92.261620,84.025574
252,2.100000,-0.012380,0.396617,0.022770,0.917618,-216.380066,92.260437,84.025902
253,2.108333,-0.012358,0.396605,0.022798,0.917623,-216.378372,92.259529,84.026512
254,2.116667,-0.012350,0.396646,0.022771,0.917606,-216.376358,92.259163,84.026230
255,2.125000,-0.012288,0.396698,0.022532,0.917591,-216.374756,92.259659,84.026115
256,2.133333,-0.012301,0.396640,0.022357,0.917620,-216.373611,92.259857,84.026878
257,2.141667,-0.012292,0.396640,0.022399,0.917618,-216.371918,92.260147,84.026604
258,2.150000,-0.012282,0.396640,0.022285,0.917622,-216.371231,92.261902,84.026321
259,2.158333,-0.012273,0.396604,0.022170,0.917640,-216.372818,92.263786,84.025719
260,2.166667,-0.012306,0.396542,0.022136,0.917667,-216.378601,92.264977,84.026367
261,2.175000,-0.012315,0.396636,0.022258,0.917623,-216.382950,92.264740,84.027748
262,2.183333,-0.012197,0.396598,0.022474,0.917636,-216.385361,92.263382,84.028320
263,2.191667,-0.012147,0.396580,0.022727,0.917638,-216.387558,92.263298,84.028503
264,2.200000,-0.012164,0.396626,0.022827,0.917616,-216.388840,92.262688,84.029785
265,2.208333,-0.012069,0.396659,0.022925,0.917600,-216.388229,92.260323,84.028984
266,2.216667,-0.012101,0.396718,0.023008,0.917573,-216.386444,92.258934,84.028450
267,2.225000,-0.012230,0.396658,0.023026,0.917596,-216.386795,92.257462,84.028542
268,2.233333,-0.012426,0.396695,0.023032,0.917577,-216.386490,92.258133,84.027153
269,2.241667,-0.012390,0.396668,0.023030,0.917589,-216.387558,92.260002,84.026230
270,2.250000,-0.012289,0.396681,0.023050,0.917585,-216.388794,92.261917,84.025749
271,2.258333,-0.012194,0.396629,0.023076,0.917608,-216.390472,92.263176,84.026039
272,2.266667,-0.012232,0.396683,0.023144,0.917582,-216.390488,92.264183,84.026718
273,2.275000,-0.012367,0.396709,0.023207,0.917568,-216.391235,92.263519,84.026115
274,2.283333,-0.012386,0.396695,0.023168,0.917575,-216.390945,92.262268,84.027023
275,2.291667,-0.012342,0.396675,0.023114,0.917585,-216.390411,92.261520,84.027939
276,2.300000,-0.012298,0.396692,0.023124,0.917578,-216.389801,92.260033,84.028595
277,2.308333,-0.012376,0.396747,0.023152,0.917553,-216.388733,92.261505,84.029198
278,2.316667,-0.012411,0.396751,0.022970,0.917555,-216.389542,92.262192,84.029007
279,2.325000,-0.012369,0.396771,0.023019,0.917546,-216.390274,92.260468,84.028885
280,2.333333,-0.012341,0.396715,0.022942,0.917572,-216.393356,92.261818,84.029938
281,2.341667,-0.012307,0.396695,0.023183,0.917575,-216.395691,92.261436,84.030464
282,2.350000,-0.012287,0.396613,0.023326,0.917607,-216.399170,92.259857,84.031174
283,2.358333,-0.012357,0.396661,0.023385,0.917584,-216.401245,92.258774,84.032280
284,2.366667,-0.012386,0.396693,0.023635,0.917563,-216.401291,92.258148,84.031395
285,2.375000,-0.012285,0.396734,0.023707,0.917545,-216.399963,92.257935,84.030762
286,2.383333,-0.012217,0.396773,0.023550,0.917533,-216.397308,92.258957,84.029961
287,2.391667,-0.012154,0.396753,0.023372,0.917547,-216.395157,92.259293,84.029373
288,2.400000,-0.012256,0.396756,0.023441,0.917543,-216.394379,92.259895,84.028297
289,2.408333,-0.012307,0.396725,0.023266,0.917560,-216.394836,92.261299,84.027657
290,2.416667,-0.012349,0.396705,0.023270,0.917568,-216.395828,92.261925,84.027412
291,2.425000,-0.012389,0.396713,0.023353,0.917562,-216.394562,92.261505,84.027390
292,2.433333,-0.012336,0.396736,0.023250,0.917555,-216.393097,92.260895,84.027603
293,2.441667,-0.012240,0.396774,0.023124,0.917543,-216.391068,92.261902,84.027351
294,2.450000,-0.012199,0.396792,0.023023,0.917539,-216.389816,92.262039,84.027451
295,2.458333,-0.012249,0.396775,0.023053,0.917545,-216.389984,92.261833,84.028091
296,2.466667,-0.012271,0.396782,0.023005,0.917543,-216.391632,92.262154,84.030327
297,2.475000,-0.012321,0.396740,0.022994,0.917560,-216.392303,92.262009,84.030098
298,2.483333,-0.012454,0.396754,0.023073,0.917550,-216.394073,92.262650,84.028999
299,2.491667,-0.012409,0.396717,0.023196,0.917564,-216.395828,92.262474,84.029533
300,2.500000,-0.012231,0.396711,0.023310,0.917566,-216.397018,92.261276,84.030495
301,2.508333,-0.012190,0.396781,0.023518,0.917531,-216.398193,92.260536,84.030205
302,2.516667,-0.012061,0.396806,0.023647,0.917518,-216.399246,92.258682,84.030846
303,2.525000,-0.012151,0.396793,0.023598,0.917524,-216.399643,92.257545,84.030304
304,2.533333,-0.012144,0.396737,0.023675,0.917546,-216.399246,92.257149,84.029770
305,2.541667,-0.012178,0.396768,0.023537,0.917536,-216.397064,92.258530,84.028969
306,2.550000,-0.012213,0.396724,0.023362,0.917559,-216.395493,92.259186,84.028290
307,2.558333,-0.012227,0.396690,0.023265,0.917576,-216.394073,92.259521,84.028587
308,2.566667,-0.012238,0.396729,0.023111,0.917563,-216.393021,92.259689,84.027374
309,2.575000,-0.012285,0.396683,0.023037,0.917584,-216.392944,92.259605,84.026459
310,2.583333,-0.012345,0.396770,0.023141,0.917543,-216.392776,92.262192,84.026657
311,2.591667,-0.012270,0.396774,0.023144,0.917543,-216.392853,92.263611,84.028236
312,2.600000,-0.012146,0.396770,0.023072,0.917548,-216.393097,92.264404,84.028648
313,2.608333,-0.012208,0.396782,0.023101,0.917541,-216.392517,92.263817,84.027977
314,2.616667,-0.012273,0.396757,0.022984,0.917554,-216.391968,92.261047,84.028221
315,2.625000,-0.012334,0.396715,0.023090,0.917569,-216.392761,92.260666,84.029091
316,2.633333,-0.012391,0.396729,0.023141,0.917560,-216.394043,92.261360,84.029648
317,2.641667,-0.012368,0.396708,0.023255,0.917567,-216.395401,92.260857,84.029320
318,2.650000,-0.012190,0.396760,0.023415,0.917543,-216.397522,92.259895,84.029404
319,2.658333,-0.012106,0.396785,0.023397,0.917533,-216.398651,92.259872,84.029716
320,2.666667,-0.012037,0.396776,0.023481,0.917536,-216.399261,92.259300,84.030113
321,2.675000,-0.011995,0.396808,0.023641,0.917519,-216.398712,92.258301,84.029755
322,2.683333,-0.012059,0.396842,0.023697,0.917502,-216.398758,92.259026,84.029182
323,2.691667,-0.012161,0.396770,0.023710,0.917531,-216.398453,92.258934,84.030472
324,2.700000,-0.012098,0.396747,0.023505,0.917547,-216.396835,92.258530,84.029610
325,2.708333,-0.012322,0.396752,0.023407,0.917545,-216.395706,92.258110,84.027916
326,2.716667,-0.012410,0.396796,0.023275,0.917528,-216.393707,92.260002,84.026840
327,2.725000,-0.012422,0.396783,0.023208,0.917535,-216.393036,92.260178,84.027100
328,2.733333,-0.012407,0.396747,0.023148,0.917552,-216.392334,92.261131,84.026833
329,2.741667,-0.012452,0.396733,0.023148,0.917558,-216.392258,92.261658,84.027504
330,2.750000,-0.012290,0.396751,0.023104,0.917553,-216.391510,92.262283,84.026489
331,2.758333,-0.012366,0.396776,0.023037,0.917543,-216.392471,92.262192,84.027328
332,2.766667,-0.012463,0.396737,0.023074,0.917558,-216.393158,92.262558,84.027802
333,2.775000,-0.012427,0.396734,0.023131,0.917558,-216.393738,92.260986,84.028076
334,2.783333,-0.012315,0.396771,0.023182,0.917542,-216.395279,92.261002,84.029228
335,2.791667,-0.012114,0.396773,0.023309,0.917541,-216.396072,92.259293,84.029648
336,2.800000,-0.012117,0.396795,0.023473,0.917527,-216.397476,92.258423,84.030449
337,2.808333,-0.012255,0.396811,0.023509,0.917517,-216.398483,92.258957,84.030624
338,2.816667,-0.012267,0.396754,0.023592,0.917540,-216.399139,92.258301,84.028809
339,2.825000,-0.012362,0.396826,0.023535,0.917509,-216.399811,92.257950,84.028313
340,2.833333,-0.012324,0.396777,0.023443,0.917533,-216.399353,92.258499,84.028603
341,2.841667,-0.012185,0.396787,0.023411,0.917531,-216.398102,92.259232,84.028229
342,2.850000,-0.012203,0.396769,0.023514,0.917536,-216.396790,92.260490,84.027672
343,2.858333,-0.012283,0.396777,0.023387,0.917535,-216.395447,92.260124,84.027657
344,2.866667,-0.012379,0.396742,0.023343,0.917550,-216.394287,92.260765,84.027328
345,2.875000,-0.012332,0.396774,0.023199,0.917540,-216.392975,92.260864,84.026749
346,2.883333,-0.012426,0.396791,0.023077,0.917535,-216.391785,92.259880,84.026794
347,2.891667,-0.012503,0.396716,0.023111,0.917565,-216.392136,92.260536,84.027740
348,2.900000,-0.012422,0.396728,0.023035,0.917563,-216.392044,92.261696,84.027267
349,2.908333,-0.012346,0.396764,0.023060,0.917548,-216.392944,92.262657,84.028069
350,2.916667,-0.012271,0.396787,0.023141,0.917537,-216.393585,92.262032,84.027367
351,2.925000,-0.012297,0.396765,0.023149,0.917546,-216.394379,92.261368,84.028976
352,2.933333,-0.012308,0.396733,0.023200,0.917558,-216.395386,92.260246,84.029327
353,2.941667,-0.012301,0.396775,0.023222,0.917540,-216.396378,92.260544,84.029602
354,2.950000,-0.012209,0.396782,0.023207,0.917538,-216.397232,92.260345,84.029945
355,2.958333,-0.012182,0.396776,0.023289,0.917539,-216.397903,92.259529,84.029625
356,2.966667,-0.012266,0.396798,0.023409,0.917525,-216.398575,92.259941,84.029251
357,2.975000,-0.012224,0.396778,0.023408,0.917535,-216.399078,92.258698,84.029221
358,2.983333,-0.012289,0.396808,0.023313,0.917523,-216.398972,92.258453,84.029114
359,2.991667,-0.012456,0.396775,0.023364,0.917534,-216.398148,92.258057,84.028419
360,3.000000,-0.012460,0.396812,0.023400,0.917517,-216.397018,92.258011,84.027573
361,3.008333,-0.012424,0.396837,0.023283,0.917510,-216.396286,92.258904,84.027802
362,3.016667,-0.012408,0.396752,0.023227,0.917548,-216.395096,92.259636,84.027344
363,3.025000,-0.012481,0.396727,0.023311,0.917556,-216.393616,92.260216,84.026466
364,3.033333,-0.012439,0.396756,0.023194,0.917547,-216.391830,92.260582,84.026764
365,3.041667,-0.012447,0.396758,0.022854,0.917554,-216.391083,92.261482,84.025421
366,3.050000,-0.012481,0.396803,0.022831,0.917535,-216.390869,92.261414,84.025284
367,3.058333,-0.012460,0.396775,0.022794,0.917548,-216.391510,92.262260,84.026924
368,3.066667,-0.012462,0.396767,0.022907,0.917549,-216.392990,92.262810,84.026970
369,3.075000,-0.012404,0.396752,0.022912,0.917556,-216.394501,92.263290,84.027954
370,3.083333,-0.012354,0.396771,0.023133,0.917543,-216.394806,92.262360,84.027466
371,3.091667,-0.012195,0.396743,0.023209,0.917555,-216.395279,92.260689,84.028557
372,3.100000,-0.012189,0.396734,0.023166,0.917560,-216.396500,92.260452,84.028664
373,3.108333,-0.012202,0.396771,0.023227,0.917542,-216.397598,92.259621,84.028336
374,3.116667,-0.012382,0.396791,0.023324,0.917529,-216.397598,92.259964,84.028160
375,3.125000,-0.012372,0.396774,0.023233,0.917539,-216.397949,92.258453,84.028328
376,3.133333,-0.012267,0.396758,0.023410,0.917543,-216.396805,92.258301,84.027901
377,3.141667,-0.012294,0.396776,0.023397,0.917535,-216.396713,92.259819,84.028023
378,3.150000,-0.012244,0.396789,0.023344,0.917531,-216.395615,92.260170,84.027496
379,3.158333,-0.012230,0.396799,0.023348,0.917527,-216.394806,92.260056,84.026512
380,3.166667,-0.012284,0.396765,0.023152,0.917546,-216.394180,92.260735,84.026352
381,3.175000,-0.012441,0.396749,0.023239,0.917549,-216.392380,92.259750,84.025597
382,3.183333,-0.012473,0.396741,0.023122,0.917555,-216.391724,92.259804,84.026253
383,3.191667,-0.012475,0.396733,0.022999,0.917561,-216.391205,92.261154,84.026443
384,3.200000,-0.012454,0.396752,0.022922,0.917555,-216.391418,92.262360,84.027031
385,3.208333,-0.012414,0.396785,0.022944,0.917541,-216.391922,92.261734,84.026947
386,3.216667,-0.012422,0.396680,0.022927,0.917587,-216.393585,92.262039,84.027771
387,3.225000,-0.012374,0.396738,0.022980,0.917561,-216.394257,92.261032,84.027794
388,3.233333,-0.012390,0.396754,0.023047,0.917552,-216.395264,92.261726,84.027573
389,3.241667,-0.012307,0.396704,0.023192,0.917571,-216.395782,92.260757,84.028236
390,3.250000,-0.012387,0.396772,0.023269,0.917539,-216.396469,92.260651,84.029778
391,3.258333,-0.012310,0.396791,0.023362,0.917529,-216.396683,92.259262,84.028984
392,3.266667,-0.012249,0.396779,0.023245,0.917538,-216.397446,92.259094,84.028358
393,3.275000,-0.012310,0.396762,0.023381,0.917541,-216.397263,92.259613,84.028313
394,3.283333,-0.012324,0.396737,0.023487,0.917549,-216.397125,92.259689,84.028450
395,3.291667,-0.012235,0.396763,0.023339,0.917543,-216.396149,92.258942,84.027924
396,3.300000,-0.012291,0.396788,0.023282,0.917533,-216.395813,92.259010,84.027740
397,3.308333,-0.012377,0.396795,0.023166,0.917531,-216.394775,92.260292,84.027405
398,3.316667,-0.012333,0.396773,0.023292,0.917538,-216.393860,92.260185,84.026459
399,3.325000,-0.012359,0.396781,0.023213,0.917537,-216.392944,92.261421,84.026230
400,3.333333,-0.012351,0.396790,0.023227,0.917532,-216.391541,92.261009,84.026619
401,3.341667,-0.012341,0.396738,0.023043,0.917560,-216.391586,92.260681,84.026764
402,3.350000,-0.012494,0.396722,0.022826,0.917570,-216.391724,92.261589,84.026512
403,3.358333,-0.012470,0.396722,0.022848,0.917570,-216.391632,92.259872,84.026299
404,3.366667,-0.012490,0.396751,0.022974,0.917554,-216.392258,92.260178,84.028450
405,3.375000,-0.012410,0.396768,0.023102,0.917544,-216.393829,92.260269,84.028694
406,3.383333,-0.012371,0.396788,0.023251,0.917532,-216.395523,92.260017,84.029327
407,3.391667,-0.012297,0.396766,0.023249,0.917543,-216.395905,92.259773,84.029594
408,3.400000,-0.012280,0.396757,0.023355,0.917544,-216.396591,92.260185,84.029457
409,3.408333,-0.012179,0.396751,0.023290,0.917550,-216.397598,92.259094,84.029480
410,3.416667,-0.012093,0.396758,0.023353,0.917546,-216.397736,92.258194,84.029945
411,3.425000,-0.012174,0.396783,0.023360,0.917534,-216.397339,92.258545,84.029167
412,3.433333,-0.012291,0.396768,0.023354,0.917540,-216.397308,92.258347,84.028801
413,3.441667,-0.012283,0.396784,0.023345,0.917533,-216.396683,92.258850,84.028954
414,3.450000,-0.012334,0.396791,0.023443,0.917527,-216.395813,92.257278,84.028198
415,3.458333,-0.012322,0.396792,0.023289,0.917530,-216.394806,92.257332,84.027229
416,3.466667,-0.012420,0.396695,0.023346,0.917570,-216.393738,92.258743,84.026657
417,3.475000,-0.012525,0.396723,0.023239,0.917559,-216.392990,92.260323,84.026512
418,3.483333,-0.012506,0.396782,0.023150,0.917536,-216.391891,92.261284,84.026505
419,3.491667,-0.012502,0.396746,0.022953,0.917556,-216.391724,92.261284,84.026123
420,3.500000,-0.012456,0.396751,0.022909,0.917556,-216.391632,92.260925,84.026955
421,3.508333,-0.012549,0.396743,0.022958,0.917557,-216.392700,92.262421,84.025726
422,3.516667,-0.012510,0.396767,0.022925,0.917548,-216.393250,92.261810,84.026657
423,3.525000,-0.012396,0.396809,0.023015,0.917529,-216.393784,92.261139,84.027054
424,3.533333,-0.012314,0.396779,0.023228,0.917538,-216.394897,92.260368,84.028641
425,3.541667,-0.012305,0.396782,0.023179,0.917538,-216.396851,92.261185,84.028847
426,3.550000,-0.012252,0.396786,0.023290,0.917534,-216.396957,92.261238,84.029457
427,3.558333,-0.012259,0.396697,0.023264,0.917573,-216.398117,92.260864,84.029442
428,3.566667,-0.012340,0.396815,0.023348,0.917519,-216.398712,92.260948,84.027962
429,3.575000,-0.012404,0.396797,0.023373,0.917525,-216.398315,92.260468,84.027626
430,3.583333,-0.012389,0.396770,0.023413,0.917536,-216.397400,92.259796,84.027237
431,3.591667,-0.012425,0.396739,0.023238,0.917553,-216.396469,92.259995,84.027061
432,3.600000,-0.012412,0.396732,0.023160,0.917559,-216.395050,92.259476,84.026672
433,3.608333,-0.012511,0.396768,0.023137,0.917542,-216.394043,92.260094,84.027168
434,3.616667,-0.012485,0.396799,0.023136,0.917529,-216.392685,92.260513,84.026375
435,3.625000,-0.012462,0.396773,0.022923,0.917546,-216.392059,92.260590,84.025726
436,3.633333,-0.012399,0.396738,0.022809,0.917565,-216.391968,92.260185,84.025833
437,3.641667,-0.012460,0.396711,0.022907,0.917573,-216.392136,92.261269,84.025665
438,3.650000,-0.012459,0.396764,0.022941,0.917549,-216.392548,92.260620,84.025429
439,3.658333,-0.012518,0.396760,0.023013,0.917548,-216.392563,92.260956,84.026375
440,3.666667,-0.012431,0.396745,0.023028,0.917556,-216.393234,92.260277,84.027565
441,3.675000,-0.012395,0.396740,0.022987,0.917560,-216.393829,92.259972,84.027870
442,3.683333,-0.012339,0.396730,0.023149,0.917560,-216.395309,92.259384,84.027702
443,3.691667,-0.012404,0.396782,0.023272,0.917534,-216.396744,92.260178,84.028351
444,3.700000,-0.012311,0.396782,0.023304,0.917534,-216.397522,92.259689,84.028862
445,3.708333,-0.012270,0.396790,0.023324,0.917531,-216.398544,92.258461,84.028915
446,3.716667,-0.012222,0.396812,0.023393,0.917521,-216.398163,92.257622,84.029243
447,3.725000,-0.012208,0.396712,0.023347,0.917565,-216.398880,92.258659,84.029350
448,3.733333,-0.012125,0.396759,0.023365,0.917545,-216.398026,92.259811,84.029533
449,3.741667,-0.012236,0.396780,0.023352,0.917535,-216.396805,92.259193,84.028366
450,3.750000,-0.012374,0.396807,0.023330,0.917522,-216.395477,92.259071,84.028152
451,3.758333,-0.012333,0.396769,0.023173,0.917543,-216.394836,92.259109,84.027901
452,3.766667,-0.012235,0.396820,0.023150,0.917523,-216.394547,92.258743,84.026733
453,3.775000,-0.012368,0.396812,0.023106,0.917526,-216.394501,92.259560,84.027573
454,3.783333,-0.012426,0.396791,0.023167,0.917532,-216.393036,92.258835,84.027122
455,3.791667,-0.012376,0.396761,0.023025,0.917550,-216.392563,92.259758,84.027390
456,3.800000,-0.012369,0.396751,0.022884,0.917558,-216.392105,92.260506,84.027954
457,3.808333,-0.012401,0.396802,0.022944,0.917534,-216.391708,92.261162,84.027634
458,3.816667,-0.012389,0.396767,0.022765,0.917554,-216.392334,92.262047,84.025887
459,3.825000,-0.012446,0.396748,0.022810,0.917560,-216.392258,92.262199,84.024529
460,3.833333,-0.012384,0.396758,0.022839,0.917555,-216.391891,92.261818,84.025520
461,3.841667,-0.012460,0.396803,0.022769,0.917537,-216.391586,92.260902,84.027313
462,3.850000,-0.012386,0.396794,0.022704,0.917543,-216.391449,92.260773,84.030861
463,3.858333,-0.012327,0.396840,0.022638,0.917526,-216.390778,92.262199,84.035606
464,3.866667,-0.012161,0.396926,0.022718,0.917489,-216.387939,92.261597,84.041313
465,3.875000,-0.011956,0.397077,0.022778,0.917425,-216.384125,92.261070,84.047928
466,3.883333,-0.011778,0.397058,0.022733,0.917436,-216.381149,92.261490,84.058228
467,3.891667,-0.011600,0.396885,0.022434,0.917521,-216.380447,92.262268,84.069466
468,3.900000,-0.011193,0.396912,0.022338,0.917516,-216.375610,92.261368,84.084641
469,3.908333,-0.011024,0.396932,0.022150,0.917515,-216.372208,92.259567,84.104820
470,3.916667,-0.009699,0.397687,0.023720,0.917163,-216.359375,92.239090,84.143890
471,3.925000,-0.008179,0.397756,0.024132,0.917137,-216.350510,92.234009,84.173805
472,3.933333,-0.007208,0.397220,0.022874,0.917410,-216.351822,92.243477,84.198006
473,3.941667,-0.006372,0.396636,0.021420,0.917704,-216.347382,92.253098,84.224617
474,3.950000,-0.004835,0.396589,0.020714,0.917750,-216.330139,92.254166,84.258965
475,3.958333,-0.003207,0.396731,0.020258,0.917706,-216.313904,92.255463,84.293221
476,3.966667,-0.002182,0.396884,0.019762,0.917653,-216.298325,92.260651,84.323677
477,3.975000,-0.001172,0.396917,0.019693,0.917643,-216.282562,92.265457,84.347244
478,3.983333,0.000102,0.398320,0.023848,0.916936,-216.256454,92.238190,84.386787
479,3.991667,0.001064,0.397441,0.026946,0.917232,-216.264206,92.213829,84.397797
480,4.000000,0.000826,0.397546,0.024335,0.917259,-216.270569,92.238121,84.422264
481,4.008333,0.000814,0.397409,0.023947,0.917329,-216.266388,92.244583,84.433968
482,4.016667,0.000701,0.397256,0.023764,0.917400,-216.263290,92.248695,84.445801
483,4.025000,0.000908,0.397506,0.023515,0.917298,-216.261581,92.251465,84.453354
484,4.033333,0.001264,0.397357,0.023843,0.917354,-216.262482,92.250679,84.462715
485,4.041667,0.001492,0.397326,0.023951,0.917364,-216.263168,92.251770,84.469109
486,4.050000,0.001550,0.397313,0.024089,0.917365,-216.262909,92.254265,84.475647
487,4.058333,0.001500,0.397172,0.023841,0.917433,-216.249222,92.258720,84.477905
488,4.066667,0.001560,0.397005,0.023011,0.917527,-216.238480,92.267677,84.482864
489,4.075000,0.001753,0.396798,0.022113,0.917638,-216.231796,92.276558,84.492668
490,4.083333,0.002141,0.396675,0.021810,0.917697,-216.227844,92.279457,84.505775
491,4.091667,0.002457,0.396627,0.021985,0.917713,-216.229279,92.278053,84.518669
492,4.100000,0.002613,0.396643,0.022597,0.917691,-216.231827,92.273743,84.528557
493,4.108333,0.002586,0.396708,0.022893,0.917656,-216.237335,92.270973,84.533813
494,4.116667,0.002458,0.396701,0.023196,0.917651,-216.244476,92.268898,84.535576
495,4.125000,0.002317,0.396763,0.023591,0.917615,-216.251678,92.267021,84.533661
496,4.133333,0.002283,0.396903,0.023824,0.917548,-216.258759,92.265953,84.524094
497,4.141667,0.002074,0.396976,0.023991,0.917513,-216.267090,92.264900,84.508987
498,4.150000,0.001683,0.397109,0.024122,0.917453,-216.277908,92.266151,84.484276
499,4.158333,0.001089,0.397190,0.024040,0.917421,-216.291046,92.263954,84.451004
500,4.166667,0.000620,0.398155,0.026220,0.916943,-216.294571,92.242897,84.429260
501,4.175000,0.000194,0.398226,0.026082,0.916916,-216.304047,92.240379,84.410538
502,4.183333,0.000266,0.398216,0.026276,0.916915,-216.311615,92.238304,84.403893
503,4.191667,0.000536,0.398103,0.026700,0.916952,-216.319366,92.242867,84.427887
504,4.200000,0.001254,0.397677,0.026011,0.917156,-216.328949,92.270180,84.466476
505,4.208333,0.002430,0.397472,0.026692,0.917223,-216.341263,92.299774,84.502563
506,4.216667,0.002993,0.397471,0.026396,0.917230,-216.323441,92.345642,84.512566
507,4.225000,0.004000,0.397449,0.026064,0.917245,-216.303543,92.411049,84.511116
508,4.233333,0.004163,0.398213,0.027339,0.916876,-216.288513,92.460403,84.528954
509,4.241667,0.003457,0.398320,0.028690,0.916791,-216.288406,92.519218,84.539574
510,4.250000,0.003505,0.398352,0.029535,0.916750,-216.291016,92.568840,84.555458
511,4.258333,0.004456,0.398294,0.029940,0.916758,-216.294235,92.610596,84.571465
512,4.266667,0.004885,0.397927,0.028084,0.916974,-216.302750,92.666649,84.581520
513,4.275000,0.004234,0.397462,0.026029,0.917239,-216.321106,92.732170,84.595695
514,4.283333,0.003152,0.397173,0.024499,0.917411,-216.309998,92.793655,84.590942
515,4.291667,0.002141,0.397027,0.022682,0.917524,-216.294128,92.859993,84.589561
516,4.300000,0.000811,0.396811,0.021245,0.917654,-216.290039,92.918327,84.591492
517,4.308333,0.000257,0.397045,0.021579,0.917545,-216.283997,92.962730,84.597122
518,4.316667,-0.000144,0.397253,0.022761,0.917427,-216.281418,93.006157,84.601715
519,4.325000,-0.000053,0.397181,0.023731,0.917434,-216.282959,93.056152,84.610001
520,4.333333,-0.000372,0.397550,0.025224,0.917234,-216.287445,93.117897,84.617226
521,4.341667,-0.000161,0.397878,0.025609,0.917081,-216.288345,93.183578,84.624115
522,4.350000,-0.000325,0.398003,0.024713,0.917051,-216.286469,93.256340,84.626671
523,4.358333,-0.001003,0.397995,0.023170,0.917095,-216.285629,93.323555,84.624695
524,4.366667,-0.001388,0.397917,0.022838,0.917136,-216.281647,93.379532,84.623734
525,4.375000,-0.001584,0.397901,0.023535,0.917125,-216.271713,93.433022,84.626297
526,4.383333,-0.001616,0.397847,0.024158,0.917132,-216.262787,93.480659,84.631500
527,4.391667,-0.001631,0.397686,0.024444,0.917194,-216.256378,93.522438,84.639412
528,4.400000,-0.001415,0.397746,0.025360,0.917144,-216.266708,93.558662,84.655342
529,4.408333,-0.001493,0.397764,0.024752,0.917153,-216.256256,93.611137,84.655312
530,4.416667,-0.002166,0.398090,0.024553,0.917015,-216.251328,93.672852,84.651985
531,4.425000,-0.002631,0.398359,0.023818,0.916917,-216.248962,93.732018,84.651711
532,4.433333,-0.002560,0.398585,0.022870,0.916843,-216.249207,93.788849,84.658203
533,4.441667,-0.002586,0.398642,0.021922,0.916841,-216.250580,93.843391,84.665237
534,4.450000,-0.002587,0.398565,0.021819,0.916877,-216.250092,93.892693,84.668526
535,4.458333,-0.002996,0.398306,0.021950,0.916985,-216.250031,93.941338,84.672592
536,4.466667,-0.003316,0.398971,0.024923,0.916619,-216.261215,93.966850,84.697014
537,4.475000,-0.003939,0.398241,0.023552,0.916970,-216.254456,94.035080,84.683479
538,4.483333,-0.004469,0.397714,0.022044,0.917234,-216.246796,94.100586,84.666992
539,4.491667,-0.004685,0.397608,0.021062,0.917302,-216.239502,94.158501,84.654541
540,4.500000,-0.005998,0.397863,0.021894,0.917164,-216.237427,94.222000,84.646324
541,4.508333,-0.007090,0.398133,0.022003,0.917037,-216.233749,94.277527,84.639145
542,4.516667,-0.007766,0.399213,0.023581,0.916522,-216.223114,94.312187,84.647385
543,4.525000,-0.009015,0.398734,0.021108,0.916779,-216.226318,94.373062,84.636330
544,4.533333,-0.009958,0.398709,0.020709,0.916790,-216.248825,94.422043,84.640640
545,4.541667,-0.010473,0.398564,0.019932,0.916864,-216.236069,94.485191,84.624489
546,4.550000,-0.010601,0.398170,0.018961,0.917054,-216.229111,94.549599,84.617249
547,4.558333,-0.010195,0.398106,0.018603,0.917094,-216.225464,94.603294,84.614243
548,4.566667,-0.009894,0.398292,0.019023,0.917008,-216.222672,94.645981,84.614494
549,4.575000,-0.009942,0.398447,0.019618,0.916928,-216.220184,94.685310,84.617683
550,4.583333,-0.010555,0.398543,0.021009,0.916848,-216.221115,94.730919,84.618950
551,4.591667,-0.010788,0.398573,0.021601,0.916819,-216.221237,94.771957,84.617249
552,4.600000,-0.011056,0.398634,0.021691,0.916787,-216.223312,94.805725,84.615364
553,4.608333,-0.011741,0.398792,0.021431,0.916716,-216.224075,94.838509,84.615311
554,4.616667,-0.012241,0.399107,0.021440,0.916572,-216.236450,94.869568,84.621468
555,4.625000,-0.012656,0.399478,0.022662,0.916375,-216.218140,94.891983,84.608696
556,4.633333,-0.013449,0.399747,0.021779,0.916268,-216.207672,94.932594,84.599091
557,4.641667,-0.013317,0.399794,0.021231,0.916262,-216.200394,94.974045,84.592896
558,4.650000,-0.013996,0.399880,0.020482,0.916232,-216.197296,95.009605,84.588486
559,4.658333,-0.015150,0.399383,0.018198,0.916478,-216.201782,95.056587,84.576088
560,4.666667,-0.016028,0.398934,0.017063,0.916681,-216.203888,95.101067,84.560722
561,4.675000,-0.016372,0.398696,0.016231,0.916793,-216.198685,95.142654,84.552261
562,4.683333,-0.016590,0.398627,0.015305,0.916835,-216.192871,95.186371,84.542725
563,4.691667,-0.016970,0.398526,0.014655,0.916883,-216.189835,95.221207,84.535851
564,4.700000,-0.017111,0.398433,0.014862,0.916917,-216.185547,95.244339,84.536575
565,4.708333,-0.017404,0.398375,0.015844,0.916920,-216.182358,95.267624,84.543243
566,4.716667,-0.017685,0.398590,0.016952,0.916802,-216.178635,95.288834,84.546577
567,4.725000,-0.017908,0.398669,0.017331,0.916756,-216.175964,95.305305,84.551300
568,4.733333,-0.017774,0.398673,0.017554,0.916753,-216.173859,95.320580,84.559341
569,4.741667,-0.017634,0.398821,0.017967,0.916683,-216.174438,95.340248,84.568085
570,4.750000,-0.017663,0.399016,0.018288,0.916591,-216.175705,95.359673,84.574059
571,4.758333,-0.017161,0.399193,0.018777,0.916514,-216.176743,95.381279,84.578232
572,4.766667,-0.016883,0.399421,0.019019,0.916415,-216.176987,95.407417,84.581848
573,4.775000,-0.016842,0.399567,0.019182,0.916348,-216.176300,95.431702,84.582024
574,4.783333,-0.016942,0.399656,0.019100,0.916310,-216.172882,95.458977,84.580185
575,4.791667,-0.017168,0.399755,0.018996,0.916264,-216.168121,95.485954,84.575851
576,4.800000,-0.017076,0.399786,0.018595,0.916261,-216.162994,95.512444,84.569855
577,4.808333,-0.017404,0.399652,0.017821,0.916329,-216.158798,95.538383,84.561867
578,4.816667,-0.017475,0.400420,0.019464,0.915958,-216.146255,95.542725,84.561623
579,4.825000,-0.018515,0.399784,0.016996,0.916265,-216.151428,95.578445,84.550117
580,4.833333,-0.019154,0.399261,0.015293,0.916510,-216.152100,95.605934,84.539154
581,4.841667,-0.018722,0.399066,0.014942,0.916609,-216.149094,95.633659,84.535378
582,4.850000,-0.018363,0.399066,0.014979,0.916616,-216.144608,95.657204,84.535278
583,4.858333,-0.018334,0.399233,0.015093,0.916542,-216.140366,95.676819,84.538116
584,4.866667,-0.018502,0.399476,0.015369,0.916428,-216.136627,95.699402,84.540787
585,4.875000,-0.018661,0.399610,0.015433,0.916365,-216.133469,95.720337,84.540512
586,4.883333,-0.019041,0.399870,0.015423,0.916244,-216.129272,95.738991,84.538940
587,4.891667,-0.019386,0.400062,0.015236,0.916156,-216.124176,95.755402,84.540382
588,4.900000,-0.019666,0.400156,0.015456,0.916106,-216.120148,95.771690,84.544220
589,4.908333,-0.020521,0.400209,0.016141,0.916052,-216.120911,95.793076,84.546318
590,4.916667,-0.020788,0.400160,0.016361,0.916063,-216.123932,95.811218,84.543831
591,4.925000,-0.021446,0.400293,0.017151,0.915976,-216.126968,95.831154,84.541649
592,4.933333,-0.021723,0.400270,0.017540,0.915972,-216.128708,95.848045,84.541626
593,4.941667,-0.021679,0.400289,0.017727,0.915961,-216.129776,95.862732,84.539253
594,4.950000,-0.021731,0.400244,0.017778,0.915978,-216.128784,95.874336,84.537247
595,4.958333,-0.021871,0.400370,0.017952,0.915917,-216.121338,95.885941,84.536583
596,4.966667,-0.021837,0.400423,0.018026,0.915893,-216.110016,95.903641,84.536423
597,4.975000,-0.021670,0.400502,0.018029,0.915862,-216.094727,95.930603,84.533791
598,4.983333,-0.021778,0.400542,0.017771,0.915847,-216.072891,95.975914,84.525383
599,4.991667,-0.021966,0.401006,0.017218,0.915650,-216.046860,96.037903,84.511528
600,5.000000,-0.022160,0.401749,0.016414,0.915334,-216.020798,96.108063,84.498940
601,5.008333,-0.022324,0.403113,0.017419,0.914712,-215.985031,96.162918,84.488663
602,5.016667,-0.023484,0.403682,0.016581,0.914447,-215.962357,96.229393,84.471695
603,5.025000,-0.024610,0.403968,0.015300,0.914314,-215.945938,96.287735,84.460869
604,5.033333,-0.025181,0.404074,0.015759,0.914244,-215.935638,96.345009,84.451576
605,5.041667,-0.026387,0.403188,0.013892,0.914631,-215.942719,96.406685,84.436104
606,5.050000,-0.028010,0.402403,0.011824,0.914958,-215.955185,96.454346,84.420654
607,5.058333,-0.028835,0.401848,0.010578,0.915191,-215.963440,96.493599,84.407845
608,5.066667,-0.029460,0.401664,0.010512,0.915253,-215.966980,96.525703,84.401093
609,5.075000,-0.029934,0.401698,0.010714,0.915220,-215.967316,96.551949,84.396782
610,5.083333,-0.030432,0.401864,0.011015,0.915127,-215.962845,96.575378,84.392578
611,5.091667,-0.030801,0.401991,0.011355,0.915055,-215.960403,96.591911,84.388557
612,5.100000,-0.030875,0.401988,0.011581,0.915051,-215.961807,96.605179,84.385170
613,5.108333,-0.030868,0.402026,0.011775,0.915032,-215.964844,96.616455,84.382233
614,5.116667,-0.030890,0.401925,0.011821,0.915075,-215.971558,96.625778,84.381706
615,5.125000,-0.030942,0.401967,0.011965,0.915053,-215.975983,96.632645,84.379669
616,5.133333,-0.030930,0.401971,0.012046,0.915050,-215.977783,96.638863,84.378563
617,5.141667,-0.030910,0.402043,0.012236,0.915017,-215.975525,96.641327,84.376053
618,5.150000,-0.030960,0.402083,0.012186,0.914998,-215.972656,96.639923,84.376862
619,5.158333,-0.030826,0.402095,0.012030,0.915000,-215.970261,96.634689,84.378342
620,5.166667,-0.030940,0.402019,0.011879,0.915031,-215.968231,96.630272,84.382019
621,5.175000,-0.030947,0.401944,0.011829,0.915065,-215.966827,96.627716,84.385338
622,5.183333,-0.030951,0.401952,0.011796,0.915062,-215.965271,96.630119,84.387001
623,5.191667,-0.031092,0.402039,0.011824,0.915018,-215.962845,96.634277,84.386986
624,5.200000,-0.031123,0.402067,0.011956,0.915003,-215.960007,96.636673,84.388443
625,5.208333,-0.031048,0.402080,0.011929,0.915001,-215.958710,96.637253,84.388451
626,5.216667,-0.030939,0.402066,0.011926,0.915010,-215.958832,96.633163,84.390205
627,5.225000,-0.030883,0.402019,0.011935,0.915033,-215.960266,96.629936,84.391716
628,5.233333,-0.030882,0.401956,0.011957,0.915060,-215.962357,96.628403,84.390686
629,5.241667,-0.031010,0.401929,0.011885,0.915068,-215.965134,96.630394,84.389404
630,5.250000,-0.031083,0.402021,0.011920,0.915025,-215.968323,96.633842,84.385002
631,5.258333,-0.030951,0.402068,0.011995,0.915008,-215.970428,96.636047,84.382080
632,5.266667,-0.030912,0.402109,0.011987,0.914991,-215.972107,96.635651,84.379379
633,5.275000,-0.030971,0.402032,0.011847,0.915025,-215.973785,96.635178,84.378494
634,5.283333,-0.030941,0.401957,0.011817,0.915059,-215.974136,96.633644,84.378258
635,5.291667,-0.030872,0.401958,0.011868,0.915061,-215.973312,96.633377,84.378571
636,5.300000,-0.031027,0.401952,0.011836,0.915058,-215.972595,96.634140,84.377960
637,5.308333,-0.031042,0.402005,0.011909,0.915034,-215.971161,96.635239,84.378777
638,5.316667,-0.031050,0.402084,0.012033,0.914997,-215.968567,96.635818,84.380356
639,5.325000,-0.030945,0.402097,0.011952,0.914996,-215.966125,96.635925,84.383224
640,5.333333,-0.030978,0.402085,0.011852,0.915001,-215.963623,96.634018,84.385284
641,5.341667,-0.031049,0.402073,0.011757,0.915006,-215.961029,96.632332,84.387901
642,5.350000,-0.031090,0.402003,0.011720,0.915035,-215.958435,96.631065,84.390320
643,5.358333,-0.031151,0.402038,0.011688,0.915018,-215.957092,96.631607,84.389961
644,5.366667,-0.031132,0.402186,0.011812,0.914952,-215.958450,96.632370,84.388748
645,5.375000,-0.031019,0.402164,0.011882,0.914965,-215.960556,96.634087,84.388367
646,5.383333,-0.031046,0.402124,0.011952,0.914980,-215.962219,96.633705,84.388092
647,5.391667,-0.031102,0.401988,0.011865,0.915040,-215.964539,96.633316,84.387413
648,5.400000,-0.031092,0.401957,0.011848,0.915054,-215.966629,96.632957,84.385597
649,5.408333,-0.030997,0.401951,0.011871,0.915060,-215.969559,96.632629,84.383423
650,5.416667,-0.030959,0.401997,0.011806,0.915042,-215.971848,96.634560,84.380722
651,5.425000,-0.031062,0.402088,0.011992,0.914995,-215.973541,96.633789,84.379089
652,5.433333,-0.031040,0.402092,0.011958,0.914995,-215.974670,96.634117,84.378258
653,5.441667,-0.030967,0.402062,0.011991,0.915010,-215.973755,96.633110,84.377441
654,5.450000,-0.030995,0.402054,0.011986,0.915013,-215.971756,96.632393,84.378906
655,5.458333,-0.030997,0.402041,0.011942,0.915019,-215.969055,96.632133,84.380264
656,5.466667,-0.030986,0.402057,0.011745,0.915015,-215.966324,96.632210,84.380760
657,5.475000,-0.031057,0.402064,0.011914,0.915007,-215.963409,96.631683,84.382339
658,5.483333,-0.031235,0.402041,0.011853,0.915012,-215.962296,96.633263,84.384972
659,5.491667,-0.031088,0.402082,0.011833,0.914999,-215.961105,96.633698,84.386505
660,5.500000,-0.030969,0.402100,0.011823,0.914995,-215.959930,96.633354,84.388161
661,5.508333,-0.030960,0.402068,0.011746,0.915011,-215.958832,96.632919,84.388634
662,5.516667,-0.031088,0.402020,0.011706,0.915028,-215.959305,96.632141,84.389641
663,5.525000,-0.031124,0.402036,0.011597,0.915021,-215.960510,96.633873,84.388016
664,5.533333,-0.031184,0.402044,0.011655,0.915015,-215.962479,96.635300,84.386841
665,5.541667,-0.031067,0.402057,0.011687,0.915013,-215.964157,96.636002,84.385132
666,5.550000,-0.031081,0.402082,0.011702,0.915001,-215.966629,96.635376,84.382835
667,5.558333,-0.030955,0.402156,0.011680,0.914973,-215.970154,96.635712,84.383827
668,5.566667,-0.030866,0.402039,0.011696,0.915027,-215.970535,96.635056,84.381699
669,5.575000,-0.030947,0.402006,0.011807,0.915038,-215.971786,96.633423,84.379013
670,5.583333,-0.031084,0.402008,0.011871,0.915031,-215.972778,96.633850,84.378319
671,5.591667,-0.031101,0.402020,0.011869,0.915026,-215.972824,96.634033,84.377678
672,5.600000,-0.031061,0.402004,0.011821,0.915035,-215.971298,96.634354,84.378502
673,5.608333,-0.030977,0.402045,0.011913,0.915018,-215.969177,96.633507,84.379593
674,5.616667,-0.030807,0.402046,0.011905,0.915024,-215.966370,96.632263,84.382416
675,5.625000,-0.030882,0.402034,0.011886,0.915027,-215.963531,96.631432,84.384689
676,5.633333,-0.030962,0.402070,0.011836,0.915009,-215.961166,96.631798,84.385979
677,5.641667,-0.030967,0.402074,0.011770,0.915008,-215.959976,96.634003,84.386749
678,5.650000,-0.030991,0.402075,0.011712,0.915007,-215.958817,96.634071,84.387001
679,5.658333,-0.031030,0.402095,0.011685,0.914997,-215.958267,96.634224,84.386757
680,5.666667,-0.031009,0.402061,0.011640,0.915014,-215.959045,96.634064,84.387619
681,5.675000,-0.031102,0.402026,0.011558,0.915027,-215.959717,96.634560,84.387207
682,5.683333,-0.031203,0.402043,0.011450,0.915017,-215.960876,96.634430,84.385925
683,5.691667,-0.031100,0.402023,0.011466,0.915029,-215.963394,96.634880,84.384880
684,5.700000,-0.031107,0.402010,0.011565,0.915034,-215.966064,96.635941,84.383202
685,5.708333,-0.031025,0.401969,0.011608,0.915054,-215.968536,96.635796,84.381012
686,5.716667,-0.030948,0.401962,0.011726,0.915058,-215.969925,96.634148,84.379921
687,5.725000,-0.030816,0.402049,0.011796,0.915024,-215.971344,96.634026,84.380112
688,5.733333,-0.030848,0.402060,0.011952,0.915015,-215.971802,96.632950,84.379532
689,5.741667,-0.031027,0.402068,0.012004,0.915005,-215.972015,96.632675,84.379570
690,5.750000,-0.030988,0.402055,0.011993,0.915012,-215.970703,96.632156,84.379745
691,5.758333,-0.030965,0.402095,0.012004,0.914995,-215.968628,96.631050,84.379936
692,5.766667,-0.030902,0.402103,0.012000,0.914994,-215.965866,96.630638,84.381416
693,5.775000,-0.031062,0.402099,0.012020,0.914990,-215.963837,96.630615,84.382767
694,5.783333,-0.031025,0.402079,0.011862,0.915002,-215.961502,96.631660,84.384171
695,5.791667,-0.030888,0.402052,0.011876,0.915018,-215.958984,96.631546,84.386391
696,5.800000,-0.030934,0.402010,0.011900,0.915035,-215.957336,96.633125,84.388397
697,5.808333,-0.031041,0.402066,0.011916,0.915007,-215.956848,96.634239,84.389717
698,5.816667,-0.031098,0.402148,0.011770,0.914971,-215.957062,96.635612,84.390282
699,5.825000,-0.031232,0.402112,0.011699,0.914983,-215.958359,96.637566,84.390892
700,5.833333,-0.031357,0.402106,0.011682,0.914981,-215.960571,96.643600,84.393440
701,5.841667,-0.031390,0.402173,0.011881,0.914948,-215.965958,96.652428,84.398529
702,5.850000,-0.031436,0.402087,0.011770,0.914986,-215.966507,96.659119,84.397995
703,5.858333,-0.031629,0.401869,0.011496,0.915079,-215.971252,96.667946,84.402054
704,5.866667,-0.031870,0.401833,0.011225,0.915089,-215.973114,96.676430,84.405228
705,5.875000,-0.032013,0.401896,0.011157,0.915058,-215.970322,96.685699,84.408905
706,5.883333,-0.032246,0.401842,0.010962,0.915075,-215.966843,96.693672,84.416100
707,5.891667,-0.032492,0.401757,0.010467,0.915110,-215.962952,96.703049,84.424950
708,5.900000,-0.032691,0.401701,0.010096,0.915132,-215.958359,96.714127,84.436440
709,5.908333,-0.032993,0.401773,0.009484,0.915096,-215.952927,96.726624,84.446648
710,5.916667,-0.032938,0.402827,0.011854,0.914606,-215.940689,96.717438,84.471893
711,5.925000,-0.033109,0.402861,0.011866,0.914585,-215.937210,96.724663,84.486771
712,5.933333,-0.032932,0.402822,0.012188,0.914605,-215.934418,96.726181,84.502159
713,5.941667,-0.033162,0.402325,0.010751,0.914833,-215.938263,96.738472,84.516541
714,5.950000,-0.033857,0.402161,0.009023,0.914898,-215.934021,96.752518,84.531242
715,5.958333,-0.033170,0.402634,0.008929,0.914716,-215.915924,96.746513,84.560661
716,5.966667,-0.032694,0.402861,0.008813,0.914635,-215.899796,96.741997,84.586510
717,5.975000,-0.032242,0.404200,0.011948,0.914024,-215.872620,96.708649,84.632080
718,5.983333,-0.032072,0.404425,0.012601,0.913922,-215.851120,96.690628,84.668808
719,5.991667,-0.032146,0.403744,0.011106,0.914240,-215.837891,96.685020,84.700478
720,6.000000,-0.032111,0.403782,0.010958,0.914226,-215.816498,96.668449,84.733795
721,6.008333,-0.031898,0.404179,0.011050,0.914057,-215.789246,96.646858,84.764107
722,6.016667,-0.031696,0.404431,0.010300,0.913961,-215.757751,96.626190,84.798149
723,6.025000,-0.031286,0.404912,0.009801,0.913768,-215.718246,96.579720,84.848419
724,6.033333,-0.029060,0.407075,0.013532,0.912832,-215.658447,96.490654,84.936363
725,6.041667,-0.028163,0.406950,0.013056,0.912923,-215.623718,96.436554,84.990913
726,6.050000,-0.027984,0.407100,0.012930,0.912863,-215.588089,96.378296,85.043312
727,6.058333,-0.027858,0.407178,0.013639,0.912822,-215.543030,96.326683,85.098877
728,6.066667,-0.027471,0.407595,0.013921,0.912643,-215.499115,96.270432,85.160339
729,6.075000,-0.025199,0.409315,0.016559,0.911895,-215.446976,96.180275,85.249184
730,6.083333,-0.024243,0.408549,0.015170,0.912288,-215.402039,96.110031,85.318253
731,6.091667,-0.023798,0.408575,0.014445,0.912300,-215.358856,96.040222,85.379883
732,6.100000,-0.023122,0.409075,0.014295,0.912096,-215.318161,95.981911,85.444122
733,6.108333,-0.021873,0.410109,0.015466,0.911643,-215.270493,95.917603,85.525536
734,6.116667,-0.019781,0.410348,0.015618,0.911581,-215.226273,95.851120,85.603500
735,6.125000,-0.018568,0.410912,0.015501,0.911354,-215.186813,95.793266,85.671494
736,6.133333,-0.019395,0.411375,0.015046,0.911136,-215.148743,95.753494,85.736084
737,6.141667,-0.020137,0.411733,0.014991,0.910959,-215.114594,95.717796,85.798363
738,6.150000,-0.019768,0.412570,0.015694,0.910576,-215.076920,95.687744,85.866371
739,6.158333,-0.018788,0.413475,0.016368,0.910174,-215.037292,95.666359,85.929749
740,6.166667,-0.018193,0.413803,0.017122,0.910024,-214.992065,95.650589,85.990784
741,6.175000,-0.019367,0.413879,0.017791,0.909952,-214.955933,95.640381,86.054848
742,6.183333,-0.019662,0.414277,0.018993,0.909740,-214.934845,95.624443,86.119102
743,6.191667,-0.019044,0.415093,0.019817,0.909364,-214.877625,95.606110,86.192055
744,6.200000,-0.018764,0.415491,0.019071,0.909204,-214.819427,95.611282,86.263206
745,6.208333,-0.019750,0.415679,0.017548,0.909127,-214.769699,95.631783,86.327538
746,6.216667,-0.020766,0.416219,0.016718,0.908873,-214.722580,95.652298,86.385750
747,6.225000,-0.021416,0.416478,0.015914,0.908754,-214.669327,95.677361,86.445473
748,6.233333,-0.023477,0.416590,0.014540,0.908675,-214.611893,95.710739,86.504646
749,6.241667,-0.025347,0.417233,0.013675,0.908343,-214.552551,95.739403,86.560669
750,6.250000,-0.025869,0.418315,0.013598,0.907832,-214.491104,95.760635,86.624374
751,6.258333,-0.026821,0.419330,0.013992,0.907330,-214.430313,95.795746,86.690880
752,6.266667,-0.027698,0.419648,0.014116,0.907155,-214.369537,95.839684,86.755714
753,6.275000,-0.028729,0.420142,0.013731,0.906899,-214.319580,95.889572,86.814407
754,6.283333,-0.029822,0.420797,0.012982,0.906571,-214.281815,95.945862,86.870499
755,6.291667,-0.031634,0.421369,0.011835,0.906260,-214.233490,96.013428,86.924812
756,6.300000,-0.033439,0.421741,0.010645,0.906037,-214.175659,96.077690,86.972580
757,6.308333,-0.035470,0.422379,0.010905,0.905659,-214.121628,96.136543,87.019707
758,6.316667,-0.036960,0.424382,0.013351,0.904630,-214.063675,96.162697,87.087906
759,6.325000,-0.038025,0.424673,0.015561,0.904414,-214.036591,96.173492,87.150345
760,6.333333,-0.039058,0.425285,0.012510,0.904130,-213.980515,96.223984,87.208717
761,6.341667,-0.040268,0.425661,0.011232,0.903917,-213.922119,96.265465,87.256569
762,6.350000,-0.041638,0.426078,0.010737,0.903664,-213.862518,96.305725,87.309685
763,6.358333,-0.043105,0.426423,0.010068,0.903440,-213.810593,96.341560,87.361290
764,6.366667,-0.044665,0.426933,0.008470,0.903140,-213.759949,96.385872,87.407196
765,6.375000,-0.045560,0.427125,0.007661,0.903012,-213.707260,96.423271,87.445862
766,6.383333,-0.045216,0.428570,0.010094,0.902320,-213.640503,96.424698,87.506966
767,6.391667,-0.044892,0.428950,0.010186,0.902154,-213.578171,96.429237,87.570671
768,6.400000,-0.044791,0.428934,0.009228,0.902178,-213.524002,96.435989,87.622215
769,6.408333,-0.044959,0.429599,0.008812,0.901857,-213.470154,96.442047,87.664825
770,6.416667,-0.045062,0.430450,0.008588,0.901448,-213.415344,96.446930,87.704330
771,6.425000,-0.045306,0.431023,0.008149,0.901166,-213.350769,96.453857,87.748398
772,6.433333,-0.045545,0.432116,0.009411,0.900618,-213.275360,96.445389,87.805130
773,6.441667,-0.045736,0.432515,0.009547,0.900415,-213.210342,96.442711,87.847130
774,6.450000,-0.046607,0.433287,0.008931,0.900006,-213.161377,96.431374,87.884399
775,6.458333,-0.047112,0.434791,0.011029,0.899231,-213.105774,96.398857,87.934341
776,6.466667,-0.047140,0.435139,0.010996,0.899061,-213.048523,96.385735,87.977974
777,6.475000,-0.047175,0.435806,0.011180,0.898734,-212.991165,96.367256,88.021683
778,6.483333,-0.047042,0.436416,0.011421,0.898442,-212.941437,96.349945,88.059540
779,6.491667,-0.047040,0.436836,0.011551,0.898236,-212.888641,96.334877,88.094856
780,6.500000,-0.047195,0.437181,0.011767,0.898057,-212.826294,96.317085,88.130966
781,6.508333,-0.046617,0.437375,0.011853,0.897992,-212.756760,96.278954,88.181458
782,6.516667,-0.045797,0.437491,0.011082,0.897987,-212.702362,96.243217,88.222878
783,6.525000,-0.044421,0.437838,0.011587,0.897881,-212.661713,96.201004,88.267426
784,6.533333,-0.043967,0.438964,0.011599,0.897354,-212.600357,96.165421,88.311943
785,6.541667,-0.044474,0.439817,0.010603,0.896923,-212.536652,96.137779,88.351395
786,6.550000,-0.044578,0.440314,0.009657,0.896685,-212.477081,96.118912,88.386765
787,6.558333,-0.044890,0.440703,0.009647,0.896478,-212.412292,96.099319,88.426521
788,6.566667,-0.045142,0.441040,0.010132,0.896294,-212.347229,96.080521,88.462578
789,6.575000,-0.045294,0.442053,0.011996,0.895764,-212.275604,96.053986,88.503937
790,6.583333,-0.044825,0.443086,0.013060,0.895263,-212.209030,96.034271,88.536232
791,6.591667,-0.043950,0.443623,0.012488,0.895048,-212.153244,96.010841,88.572029
792,6.600000,-0.042844,0.443408,0.010328,0.895236,-212.094955,95.990952,88.614258
793,6.608333,-0.042093,0.443445,0.009467,0.895263,-212.029907,95.970726,88.653130
794,6.616667,-0.042133,0.444046,0.008633,0.894971,-211.965515,95.954796,88.679657
795,6.625000,-0.042869,0.445863,0.010212,0.894016,-211.904144,95.921783,88.724258
796,6.633333,-0.043053,0.446021,0.012871,0.893894,-211.860611,95.878960,88.771957
797,6.641667,-0.043279,0.446485,0.013413,0.893643,-211.792969,95.864059,88.814659
798,6.650000,-0.043106,0.447002,0.012620,0.893405,-211.735611,95.862907,88.855515
799,6.658333,-0.042967,0.447692,0.012470,0.893068,-211.675522,95.855217,88.888428
800,6.666667,-0.043209,0.448136,0.011770,0.892843,-211.607544,95.845085,88.921722
801,6.675000,-0.043340,0.449251,0.012352,0.892268,-211.523605,95.811012,88.973244
802,6.683333,-0.042853,0.449792,0.011034,0.892037,-211.456818,95.791534,89.006248
803,6.691667,-0.042525,0.450826,0.010929,0.891531,-211.400314,95.775780,89.037033
804,6.700000,-0.042020,0.451615,0.010826,0.891157,-211.339401,95.763939,89.073425
805,6.708333,-0.041806,0.451435,0.011118,0.891255,-211.273224,95.752563,89.106873
806,6.716667,-0.041554,0.451391,0.010971,0.891291,-211.200851,95.747627,89.137703
807,6.725000,-0.042613,0.453236,0.012440,0.890285,-211.126297,95.722595,89.184990
808,6.733333,-0.043821,0.454474,0.012511,0.889593,-211.063522,95.705536,89.212395
809,6.741667,-0.044393,0.454932,0.012644,0.889329,-211.004669,95.688316,89.241997
810,6.750000,-0.043413,0.455452,0.012295,0.889116,-210.939545,95.671844,89.283630
811,6.758333,-0.042729,0.455905,0.012515,0.888914,-210.871246,95.657288,89.318451
812,6.766667,-0.042861,0.456248,0.012547,0.888731,-210.809082,95.645142,89.346848
813,6.775000,-0.042391,0.457341,0.013513,0.888178,-210.732361,95.618996,89.390182
814,6.783333,-0.042399,0.458063,0.013149,0.887811,-210.656021,95.599518,89.424042
815,6.791667,-0.042457,0.458356,0.011952,0.887674,-210.586411,95.586472,89.455574
816,6.800000,-0.041682,0.458885,0.011429,0.887444,-210.519989,95.567375,89.493279
817,6.808333,-0.040850,0.459334,0.011594,0.887248,-210.451035,95.556244,89.525948
818,6.816667,-0.040167,0.460386,0.013539,0.886706,-210.373184,95.540482,89.564102
819,6.825000,-0.041558,0.461243,0.013065,0.886204,-210.305740,95.534630,89.598259
820,6.833333,-0.042816,0.462089,0.013711,0.885693,-210.232193,95.514282,89.632759
821,6.841667,-0.043607,0.462797,0.013997,0.885281,-210.163666,95.498192,89.659767
822,6.850000,-0.044665,0.462845,0.012399,0.885226,-210.110001,95.504799,89.681389
823,6.858333,-0.045479,0.462828,0.011607,0.885205,-210.038712,95.508537,89.705605
824,6.866667,-0.043145,0.464892,0.014397,0.884198,-209.942490,95.463280,89.765137
825,6.875000,-0.042169,0.465546,0.014054,0.883907,-209.873016,95.448776,89.803764
826,6.883333,-0.041317,0.466182,0.013982,0.883613,-209.808563,95.428085,89.836662
827,6.891667,-0.041049,0.466617,0.014494,0.883388,-209.743759,95.406319,89.866043
828,6.900000,-0.042115,0.466510,0.012719,0.883421,-209.679382,95.407143,89.888016
829,6.908333,-0.042743,0.466675,0.011710,0.883318,-209.608765,95.406349,89.909073
830,6.916667,-0.043452,0.468359,0.013208,0.882370,-209.537125,95.380127,89.945816
831,6.925000,-0.043519,0.469899,0.014041,0.881535,-209.467651,95.356850,89.977684
832,6.933333,-0.042020,0.470807,0.016309,0.881084,-209.379715,95.314316,90.027252
833,6.941667,-0.041182,0.471338,0.017751,0.880812,-209.308746,95.283752,90.062981
834,6.950000,-0.040944,0.471795,0.016450,0.880603,-209.255386,95.281548,90.094307
835,6.958333,-0.041003,0.472300,0.016380,0.880331,-209.186203,95.268684,90.119293
836,6.966667,-0.040494,0.473223,0.017085,0.879846,-209.092239,95.237183,90.160721
837,6.975000,-0.040315,0.473850,0.016621,0.879525,-209.009521,95.223694,90.195297
838,6.983333,-0.040183,0.474299,0.016032,0.879300,-208.937836,95.215988,90.215256
839,6.991667,-0.039848,0.475260,0.015885,0.878799,-208.870102,95.202728,90.235878
840,7.000000,-0.039884,0.475508,0.014709,0.878684,-208.807785,95.199081,90.265282
841,7.008333,-0.039139,0.475447,0.015377,0.878739,-208.730362,95.185539,90.299072
842,7.016667,-0.038418,0.476205,0.017402,0.878322,-208.648819,95.157692,90.329971
843,7.025000,-0.039624,0.477632,0.017122,0.877499,-208.580429,95.143768,90.356812
844,7.033333,-0.040852,0.478901,0.017005,0.876753,-208.513550,95.128593,90.384850
845,7.041667,-0.041685,0.479263,0.016450,0.876526,-208.444473,95.118340,90.413704
846,7.050000,-0.041835,0.479738,0.016824,0.876253,-208.365387,95.103058,90.444115
847,7.058333,-0.042063,0.479924,0.016466,0.876146,-208.301025,95.098946,90.461525
848,7.066667,-0.041864,0.481260,0.018449,0.875384,-208.223434,95.080002,90.483269
849,7.075000,-0.041797,0.481620,0.017324,0.875212,-208.149460,95.070229,90.506241
850,7.083333,-0.041466,0.482058,0.016531,0.875002,-208.066849,95.060989,90.529800
851,7.091667,-0.041688,0.482929,0.015990,0.874521,-207.985550,95.047623,90.547043
852,7.100000,-0.043089,0.483373,0.014836,0.874227,-207.914917,95.043457,90.565865
853,7.108333,-0.041095,0.485171,0.017256,0.873283,-207.821777,94.998466,90.626732
854,7.116667,-0.041657,0.485687,0.017227,0.872970,-207.754807,94.986809,90.653160
855,7.125000,-0.041710,0.485785,0.016958,0.872918,-207.691162,94.979553,90.673843
856,7.133333,-0.042240,0.485942,0.016168,0.872820,-207.624603,94.976807,90.692940
857,7.141667,-0.042463,0.486617,0.016129,0.872434,-207.554169,94.964836,90.709404
858,7.150000,-0.042993,0.487347,0.016438,0.871995,-207.477829,94.956322,90.726181
859,7.158333,-0.041377,0.488886,0.018659,0.871166,-207.386047,94.918053,90.781746
860,7.166667,-0.042371,0.489151,0.018637,0.870970,-207.318710,94.914024,90.809448
861,7.175000,-0.043115,0.489429,0.017979,0.870791,-207.248306,94.907608,90.831261
862,7.183333,-0.043423,0.489667,0.016999,0.870662,-207.178925,94.903824,90.843964
863,7.191667,-0.043370,0.490298,0.016246,0.870324,-207.116272,94.895912,90.855621
864,7.200000,-0.043323,0.491124,0.015889,0.869866,-207.040665,94.882507,90.875969
865,7.208333,-0.040473,0.493368,0.018357,0.868684,-206.928558,94.830185,90.938766
866,7.216667,-0.040902,0.493759,0.018125,0.868447,-206.847763,94.823158,90.960739
867,7.225000,-0.041660,0.493957,0.018079,0.868300,-206.778076,94.819229,90.965782
868,7.233333,-0.042301,0.494848,0.017841,0.867766,-206.709763,94.819359,90.974602
869,7.241667,-0.042967,0.495166,0.017067,0.867567,-206.638504,94.822227,90.990288
870,7.250000,-0.043454,0.495230,0.016366,0.867520,-206.562622,94.821465,91.005516
871,7.258333,-0.044050,0.495797,0.016058,0.867172,-206.479767,94.817589,91.022041
872,7.266667,-0.040981,0.498152,0.019209,0.865908,-206.379349,94.768127,91.080872
873,7.275000,-0.042075,0.498575,0.019269,0.865610,-206.306580,94.763977,91.091949
874,7.283333,-0.043682,0.498511,0.018271,0.865590,-206.236893,94.761742,91.096191
875,7.291667,-0.043896,0.498489,0.017315,0.865611,-206.160812,94.750298,91.116180
876,7.300000,-0.043677,0.498857,0.017022,0.865416,-206.090790,94.738045,91.134941
877,7.308333,-0.039977,0.501064,0.019111,0.864275,-205.992218,94.687653,91.191956
878,7.316667,-0.039437,0.501925,0.018749,0.863808,-205.914017,94.674423,91.210983
879,7.325000,-0.038852,0.502373,0.019114,0.863566,-205.830841,94.665161,91.230484
880,7.333333,-0.038346,0.502838,0.019290,0.863314,-205.748917,94.656769,91.244926
881,7.341667,-0.039747,0.503565,0.019300,0.862827,-205.672241,94.644035,91.261124
882,7.350000,-0.040287,0.504685,0.020098,0.862129,-205.597687,94.621696,91.281349
883,7.358333,-0.040910,0.505382,0.020137,0.861690,-205.528427,94.609879,91.298141
884,7.366667,-0.040651,0.506187,0.020088,0.861231,-205.441971,94.598457,91.320938
885,7.375000,-0.041165,0.506783,0.019854,0.860861,-205.361313,94.594147,91.335808
886,7.383333,-0.041660,0.507533,0.020541,0.860380,-205.271072,94.582832,91.352859
887,7.391667,-0.041891,0.508133,0.020972,0.860004,-205.191757,94.574303,91.369499
888,7.400000,-0.041766,0.508427,0.021074,0.859834,-205.119186,94.562683,91.386261
889,7.408333,-0.040830,0.508999,0.020759,0.859548,-205.041931,94.545303,91.412323
890,7.416667,-0.039277,0.509916,0.020323,0.859087,-204.946854,94.521255,91.442558
891,7.425000,-0.039207,0.510713,0.019901,0.858626,-204.861832,94.505005,91.456360
892,7.433333,-0.040153,0.511273,0.019566,0.858257,-204.784393,94.498108,91.469017
893,7.441667,-0.041279,0.512347,0.019595,0.857562,-204.699921,94.491837,91.482964
894,7.450000,-0.041809,0.512933,0.019272,0.857193,-204.622650,94.489799,91.499184
895,7.458333,-0.041952,0.512916,0.019017,0.857202,-204.540833,94.490524,91.514694
896,7.466667,-0.039521,0.514228,0.021111,0.856482,-204.451462,94.461868,91.553253
897,7.475000,-0.038830,0.515461,0.021335,0.855767,-204.369476,94.448868,91.570839
898,7.483333,-0.038609,0.516058,0.020833,0.855429,-204.292160,94.442009,91.583122
899,7.491667,-0.038836,0.516637,0.021540,0.855052,-204.210144,94.426498,91.601074
900,7.500000,-0.040177,0.516774,0.022136,0.854892,-204.135132,94.419792,91.615608
901,7.508333,-0.040726,0.517070,0.022322,0.854682,-204.055405,94.416100,91.631317
902,7.516667,-0.039556,0.518091,0.021833,0.854131,-203.969025,94.396591,91.651871
903,7.525000,-0.038375,0.519388,0.020974,0.853419,-203.883652,94.377953,91.660706
904,7.533333,-0.037648,0.520409,0.020942,0.852830,-203.796890,94.367126,91.673538
905,7.541667,-0.037116,0.520908,0.021164,0.852543,-203.714935,94.353638,91.682747
906,7.550000,-0.037275,0.520583,0.021273,0.852732,-203.637833,94.349045,91.689507
907,7.558333,-0.037893,0.521652,0.022136,0.852029,-203.550003,94.319855,91.718002
908,7.566667,-0.038552,0.522918,0.022095,0.851224,-203.470093,94.297630,91.733063
909,7.575000,-0.038895,0.523727,0.021310,0.850731,-203.393600,94.283279,91.736336
910,7.583333,-0.039204,0.524214,0.021469,0.850412,-203.312012,94.271942,91.742302
911,7.591667,-0.039275,0.524843,0.022325,0.850000,-203.238007,94.260025,91.750908
912,7.600000,-0.040000,0.525430,0.023300,0.849576,-203.161545,94.250847,91.757515
913,7.608333,-0.040352,0.525564,0.023091,0.849483,-203.087311,94.254425,91.756012
914,7.616667,-0.040557,0.526294,0.023006,0.849023,-203.017349,94.256042,91.748955
915,7.625000,-0.040376,0.527340,0.023278,0.848375,-202.943680,94.250954,91.740761
916,7.633333,-0.040384,0.528253,0.023039,0.847813,-202.874069,94.244507,91.735931
917,7.641667,-0.040457,0.528923,0.023068,0.847391,-202.812485,94.239220,91.736610
918,7.650000,-0.040591,0.529542,0.023518,0.846986,-202.754898,94.233528,91.733253
919,7.658333,-0.040674,0.529974,0.023457,0.846713,-202.698685,94.237488,91.725716
920,7.666667,-0.040613,0.530272,0.023129,0.846539,-202.641815,94.240494,91.714783
921,7.675000,-0.040147,0.530206,0.022559,0.846617,-202.578110,94.235977,91.709625
922,7.683333,-0.039925,0.530410,0.022428,0.846503,-202.517029,94.227379,91.704514
923,7.691667,-0.039671,0.530964,0.022751,0.846159,-202.459839,94.216446,91.701622
924,7.700000,-0.039011,0.531582,0.022905,0.845798,-202.402313,94.202736,91.698158
925,7.708333,-0.038351,0.532274,0.023311,0.845381,-202.346420,94.186783,91.688560
926,7.716667,-0.039356,0.533085,0.023259,0.844826,-202.294922,94.163528,91.678810
927,7.725000,-0.039757,0.534010,0.022795,0.844235,-202.245758,94.140121,91.668617
928,7.733333,-0.039428,0.534604,0.022303,0.843888,-202.199387,94.123726,91.656837
929,7.741667,-0.039394,0.534989,0.022196,0.843648,-202.154358,94.107605,91.648796
930,7.750000,-0.038978,0.535263,0.022368,0.843489,-202.107361,94.086906,91.643700
931,7.758333,-0.038425,0.535612,0.022691,0.843284,-202.057175,94.062630,91.638962
932,7.766667,-0.037972,0.535901,0.023465,0.843100,-202.001450,94.029861,91.628868
933,7.775000,-0.037521,0.536487,0.024025,0.842732,-201.951126,93.995079,91.615768
934,7.783333,-0.037700,0.536944,0.024265,0.842426,-201.905746,93.960388,91.602371
935,7.791667,-0.037853,0.537073,0.024292,0.842336,-201.865387,93.927589,91.589203
936,7.800000,-0.037673,0.537507,0.024715,0.842055,-201.826004,93.900528,91.577034
937,7.808333,-0.037380,0.537882,0.024877,0.841823,-201.787643,93.876602,91.564728
938,7.816667,-0.036291,0.538135,0.024330,0.841726,-201.741455,93.843437,91.550537
939,7.825000,-0.035287,0.538564,0.024282,0.841495,-201.691269,93.811287,91.533127
940,7.833333,-0.034328,0.539105,0.024290,0.841188,-201.642746,93.776611,91.520897
941,7.841667,-0.033417,0.539755,0.024409,0.840804,-201.602341,93.739990,91.516655
942,7.850000,-0.032365,0.540118,0.024476,0.840611,-201.562622,93.699417,91.516220
943,7.858333,-0.031309,0.540328,0.024365,0.840519,-201.522903,93.661362,91.512878
944,7.866667,-0.031633,0.540768,0.024312,0.840225,-201.477631,93.611313,91.509468
945,7.875000,-0.031370,0.541264,0.024579,0.839907,-201.431396,93.558434,91.502121
946,7.883333,-0.030589,0.541772,0.025458,0.839583,-201.382111,93.509476,91.497108
947,7.891667,-0.030741,0.542351,0.026411,0.839174,-201.329773,93.463043,91.495392
948,7.900000,-0.029862,0.542460,0.026034,0.839147,-201.273560,93.412666,91.500732
949,7.908333,-0.029034,0.542678,0.025310,0.839057,-201.222824,93.366989,91.502464
950,7.916667,-0.028181,0.543209,0.024844,0.838756,-201.176575,93.325584,91.498009
951,7.925000,-0.027459,0.543656,0.024866,0.838490,-201.128204,93.288269,91.493202
952,7.933333,-0.026312,0.544125,0.025468,0.838205,-201.073792,93.255379,91.491318
953,7.941667,-0.025246,0.544572,0.025785,0.837938,-201.019928,93.229935,91.490509
954,7.950000,-0.024947,0.544841,0.025775,0.837772,-200.967407,93.210373,91.490837
955,7.958333,-0.024656,0.545129,0.025689,0.837596,-200.921936,93.202324,91.492477
956,7.966667,-0.024612,0.545236,0.025756,0.837526,-200.876831,93.193665,91.491165
957,7.975000,-0.024495,0.545603,0.025883,0.837286,-200.830719,93.187393,91.491959
958,7.983333,-0.025972,0.546283,0.026283,0.836785,-200.780441,93.173424,91.498856
959,7.991667,-0.026780,0.546927,0.026561,0.836330,-200.725464,93.167137,91.503151
960,8.000000,-0.026890,0.547575,0.027022,0.835887,-200.665314,93.167297,91.508530
961,8.008333,-0.026790,0.548228,0.027121,0.835460,-200.610657,93.175743,91.510391
962,8.016667,-0.027122,0.548776,0.027277,0.835084,-200.563858,93.182526,91.510109
963,8.025000,-0.027584,0.549108,0.026721,0.834868,-200.518326,93.195900,91.510162
964,8.033333,-0.028162,0.549438,0.026353,0.834644,-200.472076,93.215034,91.514412
965,8.041667,-0.028924,0.549729,0.026252,0.834430,-200.418930,93.238976,91.519211
966,8.050000,-0.029210,0.550146,0.026050,0.834151,-200.367706,93.264214,91.524757
967,8.058333,-0.029347,0.550609,0.026127,0.833838,-200.315735,93.281265,91.528046
968,8.066667,-0.029527,0.551171,0.026415,0.833451,-200.256897,93.288452,91.532448
969,8.075000,-0.029514,0.551478,0.026632,0.833242,-200.201584,93.293610,91.535583
970,8.083333,-0.029967,0.551494,0.026472,0.833220,-200.149063,93.299950,91.533234
971,8.091667,-0.030370,0.551869,0.026167,0.832967,-200.101776,93.307152,91.528610
972,8.100000,-0.030858,0.552384,0.025833,0.832618,-200.053925,93.318855,91.526176
973,8.108333,-0.030724,0.552751,0.026080,0.832372,-200.002792,93.326065,91.524765
974,8.116667,-0.030859,0.553252,0.026441,0.832022,-199.951523,93.327866,91.528389
975,8.125000,-0.030601,0.553919,0.026847,0.831574,-199.904175,93.320824,91.531982
976,8.133333,-0.030558,0.554476,0.027062,0.831198,-199.855896,93.312279,91.532990
977,8.141667,-0.030707,0.555076,0.027420,0.830780,-199.807556,93.303833,91.530807
978,8.150000,-0.030475,0.555129,0.026477,0.830784,-199.753220,93.292580,91.528763
979,8.158333,-0.030389,0.555330,0.026000,0.830668,-199.699890,93.284813,91.526810
980,8.166667,-0.030388,0.555647,0.025666,0.830466,-199.651535,93.287346,91.524315
981,8.175000,-0.030084,0.555945,0.025673,0.830278,-199.602921,93.291031,91.520454
982,8.183333,-0.029589,0.556140,0.025974,0.830155,-199.549530,93.290718,91.518608
983,8.191667,-0.029472,0.556556,0.026344,0.829869,-199.500015,93.285835,91.517632
984,8.200000,-0.028884,0.557151,0.026586,0.829483,-199.454681,93.276199,91.516144
985,8.208333,-0.028173,0.557760,0.026770,0.829092,-199.408661,93.262039,91.515739
986,8.216667,-0.027571,0.558182,0.026617,0.828833,-199.368774,93.249519,91.510216
987,8.225000,-0.027338,0.558549,0.026193,0.828607,-199.330750,93.235756,91.503555
988,8.233333,-0.027179,0.558969,0.026014,0.828335,-199.291016,93.220863,91.498482
989,8.241667,-0.026910,0.559275,0.026032,0.828136,-199.245499,93.208954,91.496597
990,8.250000,-0.028463,0.559688,0.026049,0.827805,-199.201355,93.190544,91.496216
991,8.258333,-0.029014,0.560110,0.026385,0.827489,-199.156586,93.179237,91.491280
992,8.266667,-0.029288,0.560498,0.026395,0.827217,-199.111694,93.171059,91.479309
993,8.275000,-0.029213,0.560989,0.026076,0.826896,-199.068970,93.162781,91.466164
994,8.283333,-0.029038,0.561519,0.025842,0.826550,-199.026352,93.151581,91.454659
995,8.291667,-0.029377,0.562025,0.025997,0.826189,-198.987030,93.135521,91.445282
996,8.300000,-0.029323,0.562282,0.026140,0.826012,-198.951889,93.120941,91.439346
997,8.308333,-0.028945,0.562309,0.026156,0.826006,-198.918259,93.107780,91.436226
998,8.316667,-0.028680,0.562310,0.026364,0.826008,-198.885620,93.094788,91.432991
999,8.325000,-0.028578,0.562476,0.026943,0.825881,-198.850311,93.075203,91.431847
1000,8.333333,-0.028371,0.563032,0.027798,0.825480,-198.809311,93.045746,91.428482
1001,8.341667,-0.027624,0.563647,0.028404,0.825065,-198.758881,93.004181,91.422874
1002,8.350000,-0.026192,0.564121,0.027907,0.824805,-198.703873,92.961136,91.419128
1003,8.358333,-0.025223,0.564592,0.027333,0.824532,-198.651321,92.922226,91.408249
1004,8.366667,-0.024370,0.564930,0.026947,0.824338,-198.601501,92.884079,91.390945
1005,8.375000,-0.023709,0.565314,0.027328,0.824082,-198.546875,92.840408,91.366867
1006,8.383333,-0.022462,0.566052,0.027451,0.823606,-198.476517,92.787956,91.336700
1007,8.391667,-0.023731,0.566826,0.027243,0.823045,-198.393112,92.730957,91.316452
1008,8.400000,-0.024151,0.567454,0.027780,0.822582,-198.316772,92.677887,91.288864
1009,8.408333,-0.023310,0.568377,0.029462,0.821911,-198.227982,92.620674,91.251358
1010,8.416667,-0.022553,0.569398,0.029817,0.821212,-198.134750,92.574135,91.211861
1011,8.425000,-0.022279,0.570019,0.028946,0.820819,-198.040436,92.539703,91.170639
1012,8.433333,-0.021582,0.570899,0.028868,0.820229,-197.939835,92.516068,91.123108
1013,8.441667,-0.021128,0.572019,0.028766,0.819463,-197.842316,92.493347,91.084015
1014,8.450000,-0.021351,0.573016,0.029478,0.818736,-197.741318,92.481812,91.040939
1015,8.458333,-0.020760,0.574325,0.029192,0.817843,-197.628647,92.469353,90.986366
1016,8.466667,-0.020522,0.575316,0.027707,0.817204,-197.528915,92.466507,90.937408
1017,8.475000,-0.020289,0.575882,0.028130,0.816797,-197.435135,92.470619,90.895576
1018,8.483333,-0.020604,0.576523,0.028637,0.816319,-197.344574,92.483543,90.845833
1019,8.491667,-0.021077,0.577392,0.027729,0.815724,-197.262924,92.496483,90.808708
1020,8.500000,-0.021053,0.578479,0.027427,0.814964,-197.181519,92.501770,90.773857
1021,8.508333,-0.021831,0.579543,0.027395,0.814188,-197.098175,92.496140,90.737961
1022,8.516667,-0.022077,0.580484,0.027478,0.813508,-197.021255,92.487892,90.706589
1023,8.525000,-0.021575,0.581094,0.027426,0.813088,-196.959015,92.481194,90.680519
1024,8.533333,-0.020103,0.581196,0.027254,0.813059,-196.904831,92.476311,90.659218
1025,8.541667,-0.019266,0.581308,0.026796,0.813014,-196.855286,92.473206,90.635956
1026,8.550000,-0.019398,0.581690,0.026267,0.812755,-196.812775,92.473877,90.608589
1027,8.558333,-0.019684,0.582039,0.025432,0.812525,-196.773834,92.481041,90.581085
1028,8.566667,-0.020040,0.582373,0.024604,0.812302,-196.737747,92.488190,90.553032
1029,8.575000,-0.020507,0.583082,0.023708,0.811808,-196.710510,92.486725,90.526192
1030,8.583333,-0.021441,0.583800,0.022889,0.811292,-196.692612,92.467133,90.498009
1031,8.591667,-0.022213,0.584219,0.022004,0.810993,-196.680481,92.412971,90.466980
1032,8.600000,-0.022467,0.584144,0.021088,0.811065,-196.679916,92.325661,90.428291
1033,8.608333,-0.022204,0.583454,0.019895,0.811599,-196.685135,92.302452,90.416893
1034,8.616667,-0.021290,0.582588,0.020043,0.812242,-196.685165,92.286011,90.422607
1035,8.625000,-0.023255,0.582004,0.020191,0.812603,-196.700226,92.272934,90.446297
1036,8.633333,-0.022405,0.581916,0.020830,0.812673,-196.730881,92.278900,90.477905
1037,8.641667,-0.023218,0.581993,0.022363,0.812555,-196.753616,92.269257,90.516914
1038,8.650000,-0.022856,0.582181,0.023714,0.812392,-196.773163,92.262177,90.557716
1039,8.658333,-0.021825,0.581906,0.024378,0.812598,-196.786911,92.264420,90.602844
1040,8.666667,-0.020412,0.581663,0.024825,0.812795,-196.791687,92.267929,90.656952
1041,8.675000,-0.018932,0.581205,0.025446,0.813139,-196.789536,92.268852,90.717026
1042,8.683333,-0.016868,0.581228,0.026906,0.813121,-196.777985,92.262482,90.785339
1043,8.691667,-0.014676,0.580895,0.028225,0.813357,-196.755188,92.253525,90.854874
1044,8.700000,-0.012787,0.580098,0.028134,0.813961,-196.726761,92.242447,90.923019
1045,8.708333,-0.010377,0.579416,0.027163,0.814513,-196.682281,92.231110,91.010651
1046,8.716667,-0.007280,0.579146,0.027423,0.814730,-196.619049,92.223312,91.109756
1047,8.725000,-0.004164,0.578380,0.027023,0.815309,-196.561584,92.226837,91.192635
1048,8.733333,-0.001214,0.578070,0.027366,0.815527,-196.509232,92.229233,91.264381
1049,8.741667,0.001657,0.578220,0.028501,0.815381,-196.444565,92.230659,91.338249
1050,8.750000,0.003552,0.578371,0.027835,0.815291,-196.389267,92.242241,91.387024
1051,8.758333,0.005027,0.578843,0.027051,0.814975,-196.330643,92.249519,91.423248
1052,8.766667,0.006516,0.580341,0.025895,0.813936,-196.270721,92.244629,91.453972
1053,8.775000,0.007495,0.582227,0.025123,0.812604,-196.227875,92.246666,91.472374
1054,8.783333,0.007462,0.584553,0.025458,0.810922,-196.210556,92.253090,91.486069
1055,8.791667,0.007147,0.586575,0.025364,0.809466,-196.212082,92.254623,91.496101
1056,8.800000,0.006747,0.588706,0.025243,0.807925,-196.232910,92.254387,91.500130
1057,8.808333,0.006086,0.590897,0.025291,0.806328,-196.269180,92.249916,91.501198
1058,8.816667,0.005665,0.592889,0.025798,0.804851,-196.311920,92.250488,91.495895
1059,8.825000,0.005059,0.594692,0.026366,0.803505,-196.351273,92.248207,91.481705
1060,8.833333,0.004125,0.596648,0.026907,0.802041,-196.390060,92.240898,91.456779
1061,8.841667,0.002606,0.598535,0.027018,0.800636,-196.429688,92.234138,91.415840
1062,8.850000,0.000291,0.600876,0.026445,0.798905,-196.457962,92.240379,91.359383
1063,8.858333,-0.001828,0.602552,0.026131,0.797649,-196.505508,92.235603,91.292725
1064,8.866667,-0.003907,0.604314,0.025346,0.796333,-196.549500,92.229904,91.213318
1065,8.875000,-0.006193,0.605676,0.024312,0.795316,-196.583206,92.232117,91.121620
1066,8.883333,-0.008023,0.607199,0.024398,0.794135,-196.611923,92.239723,91.035202
1067,8.891667,-0.010429,0.608313,0.024141,0.793261,-196.634872,92.247955,90.952957
1068,8.900000,-0.012427,0.609085,0.023113,0.792671,-196.642166,92.253799,90.875053
1069,8.908333,-0.012942,0.609772,0.021379,0.792183,-196.639664,92.262436,90.808418
1070,8.916667,-0.013527,0.610389,0.019875,0.791737,-196.631149,92.268845,90.756546
1071,8.925000,-0.014430,0.611067,0.018790,0.791224,-196.629028,92.276344,90.713409
1072,8.933333,-0.015937,0.611999,0.017745,0.790499,-196.619415,92.291519,90.680634
1073,8.941667,-0.016963,0.612217,0.017230,0.790320,-196.621994,92.300484,90.659065
1074,8.950000,-0.017989,0.612057,0.016818,0.790430,-196.628052,92.309174,90.651833
1075,8.958333,-0.018575,0.611736,0.016452,0.790672,-196.634232,92.317757,90.653496
1076,8.966667,-0.018697,0.611331,0.016253,0.790988,-196.638565,92.323242,90.667191
1077,8.975000,-0.014569,0.611323,0.018745,0.791026,-196.624298,92.279823,90.729462
1078,8.983333,-0.013092,0.610823,0.019757,0.791413,-196.628189,92.272652,90.775955
1079,8.991667,-0.013402,0.610687,0.021000,0.791480,-196.631149,92.258217,90.834785
1080,9.000000,-0.011845,0.610995,0.022904,0.791214,-196.627991,92.247833,90.907280
1081,9.008333,-0.009604,0.610855,0.024272,0.791313,-196.621536,92.249939,90.985039
1082,9.016667,-0.005773,0.610256,0.025030,0.791788,-196.601685,92.255409,91.065056
1083,9.025000,-0.004870,0.609598,0.025501,0.792285,-196.557190,92.230820,91.156212
1084,9.033333,-0.002946,0.609296,0.026230,0.792503,-196.519928,92.227501,91.240242
1085,9.041667,-0.000722,0.608799,0.026536,0.792880,-196.482193,92.227341,91.307518
1086,9.050000,0.001302,0.608034,0.026533,0.793467,-196.442474,92.232964,91.361900
1087,9.058333,0.003144,0.607625,0.026641,0.793771,-196.400574,92.236755,91.412392
1088,9.066667,0.004808,0.607585,0.026101,0.793811,-196.363739,92.244141,91.446152
1089,9.075000,0.005929,0.607562,0.025532,0.793840,-196.329971,92.245171,91.466003
1090,9.083333,0.006792,0.607377,0.024810,0.793997,-196.293991,92.244148,91.475952
1091,9.091667,0.007361,0.607075,0.024040,0.794247,-196.265259,92.246559,91.477692
1092,9.100000,0.007336,0.607044,0.023635,0.794283,-196.252594,92.250191,91.472946
1093,9.108333,0.006857,0.607019,0.023451,0.794312,-196.258820,92.250977,91.466614
1094,9.116667,0.005799,0.607046,0.023784,0.794289,-196.288513,92.249260,91.455070
1095,9.125000,0.004695,0.607069,0.024618,0.794254,-196.328552,92.246300,91.437950
1096,9.133333,0.003448,0.606865,0.025613,0.794384,-196.371490,92.240242,91.410675
1097,9.141667,0.001845,0.606605,0.026166,0.794571,-196.418304,92.235687,91.365509
1098,9.150000,-0.000095,0.607004,0.026419,0.794259,-196.462326,92.230515,91.315933
1099,9.158333,-0.002051,0.607473,0.025894,0.793916,-196.505112,92.229385,91.258057
1100,9.166667,-0.004514,0.607768,0.025448,0.793694,-196.548096,92.231583,91.181816
1101,9.175000,-0.005482,0.608110,0.025214,0.793433,-196.591370,92.251030,91.095543
1102,9.183333,-0.007948,0.608189,0.025177,0.793353,-196.619965,92.247948,91.017479
1103,9.191667,-0.010737,0.608429,0.024645,0.793153,-196.643906,92.250374,90.944008
1104,9.200000,-0.012973,0.608387,0.023661,0.793181,-196.654099,92.253883,90.876312
1105,9.208333,-0.014460,0.608280,0.022013,0.793285,-196.649567,92.256592,90.818039
1106,9.216667,-0.013952,0.608523,0.020593,0.793146,-196.636505,92.263641,90.773994
1107,9.225000,-0.015378,0.608605,0.019628,0.793082,-196.625763,92.262970,90.742043
1108,9.233333,-0.014911,0.608871,0.018985,0.792902,-196.620148,92.271736,90.720352
1109,9.241667,-0.014470,0.608881,0.018618,0.792911,-196.613403,92.277374,90.709106
1110,9.250000,-0.014150,0.608853,0.018529,0.792941,-196.607773,92.278824,90.709938
1111,9.258333,-0.013873,0.608818,0.018729,0.792967,-196.602493,92.276848,90.723961
1112,9.266667,-0.014992,0.608837,0.019091,0.792924,-196.599747,92.265869,90.751022
1113,9.275000,-0.014262,0.608881,0.019843,0.792885,-196.596832,92.259537,90.794716
1114,9.283333,-0.012932,0.608993,0.020982,0.792792,-196.596207,92.259422,90.842995
1115,9.291667,-0.011142,0.608813,0.022338,0.792921,-196.599716,92.255547,90.902435
1116,9.300000,-0.008942,0.608229,0.023228,0.793371,-196.596405,92.255821,90.977875
1117,9.308333,-0.007555,0.607543,0.023540,0.793902,-196.578613,92.251228,91.058662
1118,9.316667,-0.004712,0.608099,0.024971,0.793454,-196.536072,92.229500,91.160233
1119,9.325000,-0.002433,0.608039,0.025574,0.793492,-196.505402,92.228058,91.241997
1120,9.333333,-0.000353,0.607663,0.026319,0.793759,-196.477097,92.228142,91.308289
1121,9.341667,0.001163,0.607064,0.026590,0.794207,-196.448578,92.232971,91.357407
1122,9.350000,0.001872,0.607102,0.026162,0.794191,-196.408157,92.244209,91.400597
1123,9.358333,0.003641,0.606969,0.026280,0.794283,-196.382996,92.243660,91.434402
1124,9.366667,0.005016,0.606943,0.026063,0.794302,-196.363174,92.242500,91.452728
1125,9.375000,0.005721,0.606974,0.025555,0.794290,-196.339569,92.242409,91.458839
1126,9.383333,0.005987,0.607015,0.024865,0.794279,-196.312943,92.241356,91.451851
1127,9.391667,0.005755,0.606975,0.024048,0.794336,-196.292053,92.242981,91.434448
1128,9.400000,0.005298,0.607058,0.023412,0.794295,-196.288589,92.246490,91.412720
1129,9.408333,0.004096,0.607122,0.023338,0.794255,-196.305176,92.246178,91.383957
1130,9.416667,0.002717,0.606826,0.023851,0.794472,-196.341125,92.241325,91.356453
1131,9.425000,0.001219,0.606669,0.024548,0.794575,-196.389923,92.235260,91.324905
1132,9.433333,-0.000540,0.607116,0.025258,0.794212,-196.443039,92.227379,91.285339
1133,9.441667,-0.001891,0.607659,0.025808,0.793776,-196.495453,92.218079,91.221985
1134,9.450000,-0.004476,0.607644,0.025097,0.793800,-196.547729,92.223564,91.149918
1135,9.458333,-0.005324,0.608028,0.025014,0.793504,-196.597092,92.247955,91.072639
1136,9.466667,-0.008740,0.608166,0.024780,0.793375,-196.630600,92.251366,91.001442
1137,9.475000,-0.011154,0.608512,0.024487,0.793088,-196.653168,92.256317,90.936539
1138,9.483333,-0.013527,0.608392,0.023202,0.793182,-196.665619,92.263290,90.880554
1139,9.491667,-0.014314,0.608485,0.022161,0.793127,-196.657745,92.258942,90.839226
1140,9.500000,-0.013751,0.608675,0.021205,0.793017,-196.646576,92.264214,90.799812
1141,9.508333,-0.013533,0.608562,0.020280,0.793132,-196.632416,92.265686,90.770050
1142,9.516667,-0.013383,0.608198,0.019166,0.793441,-196.622101,92.266563,90.757637
1143,9.525000,-0.013526,0.608009,0.020259,0.793556,-196.619385,92.275978,90.764084
1144,9.533333,-0.013807,0.608368,0.021648,0.793240,-196.614594,92.284309,90.766708
1145,9.541667,-0.013380,0.608651,0.022667,0.793001,-196.607925,92.286888,90.780952
1146,9.550000,-0.014216,0.608791,0.023279,0.792862,-196.603119,92.278847,90.813057
1147,9.558333,-0.012129,0.609091,0.024170,0.792639,-196.598099,92.278221,90.863770
1148,9.566667,-0.010978,0.609001,0.025302,0.792690,-196.584396,92.264320,90.930504
1149,9.575000,-0.009092,0.608554,0.025827,0.793040,-196.575668,92.260315,91.003029
1150,9.583333,-0.007608,0.607954,0.026158,0.793505,-196.560394,92.253029,91.077209
1151,9.591667,-0.005605,0.607969,0.027123,0.793477,-196.533279,92.244148,91.158157
1152,9.600000,-0.003511,0.607928,0.027998,0.793491,-196.505814,92.244736,91.233803
1153,9.608333,-0.001555,0.607652,0.028648,0.793685,-196.478149,92.244080,91.295425
1154,9.616667,-0.000230,0.607026,0.028747,0.794162,-196.450546,92.247192,91.340988
1155,9.625000,0.001088,0.606721,0.028520,0.794402,-196.422714,92.249519,91.377068
1156,9.633333,0.002112,0.606756,0.028165,0.794387,-196.394348,92.250916,91.401772
1157,9.641667,0.002917,0.606950,0.027706,0.794252,-196.368637,92.255089,91.413101
1158,9.650000,0.003291,0.607095,0.027161,0.794158,-196.344452,92.255531,91.411552
1159,9.658333,0.003251,0.607189,0.026593,0.794105,-196.331390,92.260208,91.401794
1160,9.666667,0.002731,0.607250,0.026406,0.794067,-196.332642,92.261391,91.391335
1161,9.675000,0.001983,0.607266,0.026606,0.794051,-196.351639,92.259232,91.376732
1162,9.683333,0.000757,0.607066,0.027237,0.794184,-196.390121,92.254654,91.352867
1163,9.691667,-0.000577,0.607230,0.027594,0.794046,-196.426361,92.246803,91.319778
1164,9.700000,-0.001143,0.607851,0.027627,0.793570,-196.463196,92.245575,91.276009
1165,9.708333,-0.003962,0.608638,0.027119,0.792975,-196.503265,92.248077,91.223244
1166,9.716667,-0.006791,0.608748,0.026208,0.792902,-196.537491,92.242729,91.144485
1167,9.725000,-0.008833,0.608885,0.025484,0.792800,-196.570786,92.246941,91.068741
1168,9.733333,-0.009623,0.609468,0.025549,0.792340,-196.589523,92.250839,90.994797
1169,9.741667,-0.010640,0.609924,0.025837,0.791967,-196.599533,92.243073,90.930748
1170,9.750000,-0.013393,0.609979,0.024548,0.791924,-196.617096,92.263962,90.887970
1171,9.758333,-0.012448,0.609313,0.022278,0.792519,-196.626648,92.274818,90.853210
1172,9.766667,-0.012356,0.608855,0.020831,0.792912,-196.624939,92.271965,90.816307
1173,9.775000,-0.014250,0.608707,0.020158,0.793011,-196.636383,92.260330,90.801773
1174,9.783333,-0.013559,0.608857,0.020647,0.792895,-196.654617,92.264435,90.806717
1175,9.791667,-0.013091,0.608570,0.021398,0.793103,-196.668488,92.268082,90.821053
1176,9.800000,-0.013970,0.608251,0.022141,0.793313,-196.674210,92.262619,90.840424
1177,9.808333,-0.014409,0.608016,0.025203,0.793394,-196.678299,92.270836,90.873634
1178,9.816667,-0.013206,0.608125,0.026102,0.793302,-196.657944,92.265732,90.905533
1179,9.825000,-0.011658,0.608081,0.026222,0.793357,-196.625473,92.260536,90.944016
1180,9.833333,-0.009253,0.608070,0.025763,0.793412,-196.578033,92.257080,90.991112
1181,9.841667,-0.007058,0.607646,0.023541,0.793828,-196.521637,92.243706,91.043648
1182,9.850000,-0.003784,0.607657,0.020464,0.793927,-196.461121,92.220650,91.100105
1183,9.858333,-0.001874,0.607443,0.020567,0.794095,-196.409210,92.220383,91.168999
1184,9.866667,-0.000961,0.606934,0.021500,0.794461,-196.378113,92.227577,91.229561
1185,9.875000,0.000135,0.606619,0.022523,0.794673,-196.365829,92.232513,91.280876
1186,9.883333,0.001038,0.606616,0.023558,0.794646,-196.372955,92.232231,91.327492
1187,9.891667,0.002156,0.606820,0.024715,0.794452,-196.394135,92.233353,91.366005
1188,9.900000,0.003231,0.606983,0.025439,0.794301,-196.411926,92.238197,91.391441
1189,9.908333,0.003782,0.607077,0.026149,0.794204,-196.426270,92.239265,91.402885
1190,9.916667,0.003841,0.607168,0.026235,0.794131,-196.442841,92.241920,91.401443
1191,9.925000,0.002654,0.607315,0.026351,0.794020,-196.457703,92.238922,91.388023
1192,9.933333,0.001330,0.607654,0.026376,0.793763,-196.473572,92.235741,91.363762
1193,9.941667,-0.000298,0.608550,0.025806,0.793096,-196.477982,92.236618,91.331612
1194,9.950000,-0.001614,0.608884,0.026080,0.792829,-196.499817,92.231339,91.284271
1195,9.958333,-0.003015,0.609101,0.025280,0.792684,-196.521896,92.229492,91.223747
1196,9.966667,-0.004577,0.609170,0.023905,0.792666,-196.535858,92.225731,91.154045
1197,9.975000,-0.004803,0.609470,0.023083,0.792458,-196.554596,92.244713,91.077133
1198,9.983333,-0.007007,0.609737,0.022537,0.792252,-196.554871,92.245331,91.005554
1199,9.991667,-0.008742,0.610576,0.021957,0.791605,-196.552612,92.246132,90.943817
1200,10.000000,-0.010171,0.611065,0.021062,0.791235,-196.547745,92.247841,90.894684
1201,10.008333,-0.010104,0.611159,0.019748,0.791197,-196.544006,92.257401,90.860992
1202,10.016667,-0.012187,0.610725,0.017773,0.791550,-196.550293,92.269798,90.834221
1203,10.025000,-0.011152,0.610962,0.018188,0.791372,-196.546860,92.268822,90.823601
1204,10.033333,-0.011599,0.611248,0.019017,0.791126,-196.541290,92.258698,90.830055
1205,10.041667,-0.011387,0.611810,0.019517,0.790682,-196.535339,92.254616,90.852898
1206,10.050000,-0.010315,0.612218,0.020225,0.790363,-196.532898,92.250809,90.888741
1207,10.058333,-0.008866,0.612376,0.020911,0.790241,-196.534042,92.250046,90.929771
1208,10.066667,-0.007639,0.612148,0.021314,0.790419,-196.534088,92.245934,90.981117
1209,10.075000,-0.004547,0.611961,0.022041,0.790568,-196.534912,92.246414,91.055199
1210,10.083333,-0.002231,0.611671,0.023903,0.790748,-196.520279,92.240051,91.135460
1211,10.091667,-0.003417,0.611896,0.025004,0.790536,-196.511047,92.227837,91.204041
1212,10.100000,-0.002015,0.612247,0.026047,0.790235,-196.499496,92.224350,91.261810
1213,10.108333,-0.000980,0.611836,0.026464,0.790541,-196.489594,92.232849,91.304817
1214,10.116667,0.000432,0.611486,0.026512,0.790811,-196.472839,92.233864,91.339760
1215,10.125000,0.001582,0.611352,0.026599,0.790910,-196.453018,92.233559,91.364624
1216,10.133333,0.002226,0.611300,0.026334,0.790958,-196.436554,92.236069,91.378387
1217,10.141667,0.002262,0.611234,0.026002,0.791020,-196.421036,92.235176,91.377434
1218,10.150000,0.002287,0.611188,0.025463,0.791072,-196.407684,92.234734,91.364464
1219,10.158333,0.001707,0.611108,0.024580,0.791164,-196.394989,92.233437,91.338066
1220,10.166667,0.000750,0.611127,0.023534,0.791183,-196.387558,92.235626,91.298813
1221,10.175000,-0.000588,0.611419,0.022865,0.790977,-196.392868,92.237183,91.257568
1222,10.183333,-0.001929,0.611798,0.022622,0.790688,-196.413528,92.238823,91.213463
1223,10.191667,-0.003722,0.611884,0.022808,0.790609,-196.448853,92.232048,91.167877
1224,10.200000,-0.005477,0.611550,0.022762,0.790859,-196.497482,92.233971,91.105659
1225,10.208333,-0.005501,0.611802,0.023251,0.790650,-196.551804,92.254265,91.036964
1226,10.216667,-0.008277,0.612165,0.023535,0.790336,-196.585159,92.253410,90.984886
1227,10.225000,-0.009872,0.612301,0.023354,0.790218,-196.610886,92.252090,90.944359
1228,10.233333,-0.011292,0.612027,0.023036,0.790421,-196.624741,92.248238,90.910721
1229,10.241667,-0.011951,0.611694,0.022510,0.790684,-196.634140,92.248878,90.884445
1230,10.250000,-0.012602,0.611523,0.022035,0.790819,-196.641220,92.250809,90.867630
1231,10.258333,-0.012672,0.611335,0.022055,0.790963,-196.641922,92.250702,90.862106
1232,10.266667,-0.012474,0.611366,0.022258,0.790936,-196.637787,92.249496,90.867500
1233,10.275000,-0.011885,0.611573,0.022670,0.790774,-196.622818,92.245178,90.888123
1234,10.283333,-0.010631,0.611827,0.022949,0.790587,-196.608109,92.244164,90.914246
1235,10.291667,-0.009466,0.611881,0.023059,0.790557,-196.591400,92.244690,90.945847
1236,10.300000,-0.008318,0.611638,0.023140,0.790756,-196.568268,92.242775,90.989944
1237,10.308333,-0.005150,0.611490,0.023528,0.790886,-196.541901,92.248550,91.047653
1238,10.316667,-0.002293,0.611169,0.023911,0.791136,-196.498596,92.241478,91.112450
1239,10.325000,-0.003010,0.611389,0.023625,0.790972,-196.452301,92.227806,91.169891
1240,10.333333,-0.002260,0.611600,0.022968,0.790830,-196.421539,92.229668,91.212151
1241,10.341667,-0.001036,0.611435,0.022930,0.790962,-196.401245,92.231270,91.250221
1242,10.350000,-0.000060,0.611178,0.023160,0.791155,-196.397964,92.232735,91.287254
1243,10.358333,0.000832,0.610972,0.024212,0.791281,-196.412445,92.233055,91.316887
1244,10.366667,0.001217,0.611015,0.025110,0.791220,-196.428436,92.230911,91.334938
1245,10.375000,0.001302,0.611141,0.025546,0.791108,-196.443787,92.229912,91.341827
1246,10.383333,0.000872,0.611434,0.025859,0.790872,-196.457626,92.229202,91.333092
1247,10.391667,0.000017,0.611722,0.025840,0.790650,-196.470779,92.229462,91.315544
1248,10.400000,-0.001081,0.612264,0.026266,0.790216,-196.485794,92.229118,91.286156
1249,10.408333,-0.002126,0.612755,0.025653,0.789854,-196.495041,92.225250,91.247055
1250,10.416667,-0.003537,0.613075,0.024763,0.789629,-196.505371,92.224251,91.195663
1251,10.425000,-0.005434,0.612740,0.023688,0.789910,-196.522659,92.228378,91.125282
1252,10.433333,-0.006780,0.613073,0.022840,0.789667,-196.525681,92.231003,91.063187
1253,10.441667,-0.005758,0.613699,0.021834,0.789217,-196.528915,92.250130,91.000031
1254,10.450000,-0.007723,0.613962,0.021079,0.789017,-196.519775,92.248688,90.948418
1255,10.458333,-0.008891,0.614217,0.020373,0.788824,-196.514847,92.248245,90.915421
1256,10.466667,-0.010446,0.614747,0.019528,0.788413,-196.502304,92.259689,90.892929
1257,10.475000,-0.011281,0.614919,0.018908,0.788283,-196.500809,92.268547,90.882446
1258,10.483333,-0.011908,0.614966,0.018387,0.788249,-196.502151,92.275986,90.879456
1259,10.491667,-0.012349,0.614988,0.018015,0.788234,-196.504837,92.283676,90.885506
1260,10.500000,-0.009807,0.615216,0.019770,0.788050,-196.493225,92.251572,90.927658
1261,10.508333,-0.004258,0.615980,0.020923,0.787472,-196.494919,92.257484,90.986488
1262,10.516667,-0.001852,0.615867,0.021728,0.787548,-196.487823,92.253181,91.043159
1263,10.525000,-0.003548,0.616008,0.022968,0.787398,-196.470673,92.226280,91.127068
1264,10.533333,-0.003403,0.615889,0.023805,0.787465,-196.466599,92.227631,91.189621
1265,10.541667,-0.002400,0.615594,0.023973,0.787695,-196.456604,92.223701,91.239792
1266,10.550000,-0.001176,0.615470,0.024158,0.787789,-196.445786,92.226433,91.277069
1267,10.558333,0.000196,0.615518,0.024725,0.787735,-196.432739,92.227295,91.304802
1268,10.566667,0.001215,0.615603,0.024706,0.787668,-196.420486,92.228661,91.324799
1269,10.575000,0.001850,0.615738,0.024656,0.787563,-196.408691,92.229767,91.332153
1270,10.583333,0.001844,0.615776,0.024144,0.787549,-196.398087,92.231789,91.327621
1271,10.591667,0.001222,0.615856,0.023532,0.787507,-196.389343,92.232391,91.309532
1272,10.600000,0.000176,0.615909,0.022708,0.787490,-196.386795,92.233566,91.279236
1273,10.608333,-0.001131,0.615817,0.022060,0.787579,-196.400925,92.233200,91.236786
1274,10.616667,-0.002201,0.616139,0.022327,0.787318,-196.425278,92.229172,91.205345
1275,10.625000,-0.004165,0.616419,0.024163,0.787037,-196.460007,92.234489,91.169571
1276,10.633333,-0.005368,0.617261,0.024657,0.786354,-196.496109,92.234970,91.111221
1277,10.641667,-0.004138,0.617594,0.023932,0.786122,-196.534210,92.252151,91.045258
1278,10.650000,-0.004584,0.617359,0.022715,0.786340,-196.556122,92.259674,90.993332
1279,10.658333,-0.005596,0.617468,0.022010,0.786268,-196.572769,92.261765,90.964485
1280,10.666667,-0.006388,0.617692,0.021910,0.786089,-196.585541,92.259384,90.949120
1281,10.675000,-0.006668,0.617773,0.022153,0.786016,-196.598190,92.260109,90.946198
1282,10.683333,-0.006850,0.617670,0.022429,0.786088,-196.604065,92.259666,90.947945
1283,10.691667,-0.006649,0.617453,0.022496,0.786258,-196.598724,92.258530,90.954620
1284,10.700000,-0.005858,0.617332,0.022422,0.786361,-196.582794,92.259308,90.969566
1285,10.708333,-0.004769,0.617467,0.022728,0.786254,-196.564285,92.257072,90.993896
1286,10.716667,-0.007041,0.617773,0.023406,0.785977,-196.534210,92.236206,91.042084
1287,10.725000,-0.006146,0.617993,0.024150,0.785788,-196.500656,92.227631,91.090363
1288,10.733333,-0.004698,0.617641,0.023990,0.786080,-196.463394,92.228249,91.137978
1289,10.741667,-0.003379,0.617069,0.023037,0.786564,-196.425873,92.231453,91.177109
1290,10.750000,-0.002374,0.616791,0.022340,0.786807,-196.402023,92.237251,91.204742
1291,10.758333,-0.001746,0.616651,0.022284,0.786920,-196.394104,92.240715,91.226418
1292,10.766667,-0.001583,0.616660,0.022975,0.786892,-196.404343,92.238335,91.246635
1293,10.775000,-0.001605,0.616669,0.023796,0.786862,-196.425430,92.236847,91.260574
1294,10.783333,-0.001529,0.616958,0.024794,0.786604,-196.443863,92.233841,91.274323
1295,10.791667,-0.002160,0.616710,0.025202,0.786784,-196.468643,92.232056,91.256226
1296,10.800000,-0.003220,0.616785,0.026086,0.786693,-196.492599,92.230637,91.223610
1297,10.808333,-0.004250,0.616956,0.026295,0.786547,-196.513016,92.228241,91.191040
1298,10.816667,-0.005109,0.617339,0.026199,0.786245,-196.533203,92.227837,91.151764
1299,10.825000,-0.006236,0.617763,0.025847,0.785915,-196.551880,92.229904,91.103592
1300,10.833333,-0.007660,0.617937,0.024994,0.785793,-196.563843,92.232475,91.057274
1301,10.841667,-0.007156,0.618172,0.023784,0.785651,-196.566299,92.240944,91.018349
1302,10.850000,-0.006480,0.618125,0.022402,0.785734,-196.551056,92.248932,90.984306
1303,10.858333,-0.006143,0.618162,0.021720,0.785726,-196.532776,92.252831,90.961899
1304,10.866667,-0.005980,0.618285,0.021249,0.785644,-196.514816,92.255600,90.953552
1305,10.875000,-0.005716,0.618431,0.020971,0.785539,-196.497910,92.256790,90.958427
1306,10.883333,-0.005029,0.618678,0.021175,0.785343,-196.479019,92.254044,90.978714
1307,10.891667,-0.004134,0.618887,0.021398,0.785177,-196.461716,92.250603,91.007149
1308,10.900000,-0.005425,0.619017,0.021964,0.785052,-196.441528,92.231819,91.056702
1309,10.908333,-0.005097,0.619067,0.022662,0.784995,-196.436447,92.229607,91.108932
1310,10.916667,-0.003889,0.618945,0.023415,0.785075,-196.441132,92.235123,91.161118
1311,10.925000,-0.002817,0.618627,0.024210,0.785306,-196.445007,92.239311,91.200363
1312,10.933333,-0.001915,0.618431,0.024567,0.785453,-196.445511,92.238579,91.231300
1313,10.941667,-0.001550,0.618482,0.024668,0.785410,-196.445648,92.237877,91.249352
1314,10.950000,-0.001258,0.618650,0.024771,0.785275,-196.445648,92.235931,91.255081
1315,10.958333,-0.001687,0.618838,0.025007,0.785119,-196.448074,92.238907,91.244263
1316,10.966667,-0.002122,0.618771,0.024491,0.785186,-196.448975,92.239822,91.227119
1317,10.975000,-0.002965,0.619019,0.024238,0.784996,-196.448792,92.240509,91.193352
1318,10.983333,-0.003789,0.619436,0.023597,0.784683,-196.446533,92.237350,91.155479
1319,10.991667,-0.004855,0.619923,0.022796,0.784316,-196.441437,92.233185,91.107162
1320,11.000000,-0.005411,0.620391,0.021988,0.783966,-196.450775,92.235306,91.067947
1321,11.008333,-0.004716,0.620292,0.021787,0.784054,-196.472580,92.248055,91.034492
1322,11.016667,-0.005042,0.619929,0.021684,0.784342,-196.487793,92.251526,91.015991
1323,11.025000,-0.004153,0.619360,0.021695,0.784796,-196.513321,92.260735,90.995857
1324,11.033333,-0.003942,0.618930,0.022053,0.785127,-196.532822,92.259918,90.996353
1325,11.041667,-0.003946,0.618670,0.022673,0.785314,-196.548111,92.256363,91.009987
1326,11.050000,-0.003638,0.618426,0.023638,0.785479,-196.556900,92.252563,91.034767
1327,11.058333,-0.005987,0.618295,0.024520,0.785541,-196.551208,92.235962,91.069176
1328,11.066667,-0.005959,0.618078,0.025221,0.785689,-196.539764,92.228966,91.105446
1329,11.075000,-0.005200,0.617620,0.025364,0.786051,-196.515625,92.226585,91.144356
1330,11.083333,-0.004138,0.617157,0.025125,0.786428,-196.491501,92.230988,91.173851
1331,11.091667,-0.003337,0.616735,0.024846,0.786772,-196.467667,92.232162,91.194687
1332,11.100000,-0.002774,0.616305,0.023897,0.787140,-196.444519,92.231331,91.208427
1333,11.108333,-0.002339,0.616140,0.023322,0.787288,-196.426819,92.232552,91.214882
1334,11.116667,-0.002332,0.616005,0.023070,0.787401,-196.426208,92.233810,91.214806
1335,11.125000,-0.002702,0.615949,0.023430,0.787433,-196.440964,92.231537,91.211266
1336,11.133333,-0.003215,0.616084,0.024033,0.787307,-196.459549,92.229813,91.201851
1337,11.141667,-0.003854,0.616271,0.024778,0.787135,-196.477371,92.231140,91.183922
1338,11.150000,-0.004142,0.616427,0.025093,0.787001,-196.492737,92.231323,91.160378
1339,11.158333,-0.004848,0.616611,0.024910,0.786859,-196.506958,92.230888,91.126183
1340,11.166667,-0.005795,0.616821,0.024372,0.786705,-196.517487,92.233162,91.087257
1341,11.175000,-0.006678,0.617000,0.023603,0.786581,-196.518646,92.233566,91.052032
1342,11.183333,-0.003923,0.617451,0.022606,0.786275,-196.517380,92.251617,91.029236
1343,11.191667,-0.002767,0.617410,0.022341,0.786319,-196.507370,92.259010,91.019302
1344,11.200000,-0.002279,0.617561,0.022492,0.786198,-196.499283,92.258377,91.029396
1345,11.208333,-0.001686,0.617819,0.022886,0.785985,-196.491577,92.254974,91.053337
1346,11.216667,-0.004140,0.617953,0.023489,0.785853,-196.478439,92.235504,91.097717
1347,11.225000,-0.004211,0.617844,0.023933,0.785925,-196.469971,92.231461,91.132751
1348,11.233333,-0.004114,0.617518,0.024078,0.786177,-196.460251,92.231163,91.156349
1349,11.241667,-0.003813,0.617339,0.023971,0.786323,-196.449387,92.232117,91.172714
1350,11.250000,-0.003386,0.617237,0.023842,0.786408,-196.438995,92.234047,91.180542
1351,11.258333,-0.003357,0.617179,0.023172,0.786474,-196.439392,92.232399,91.181389
1352,11.266667,-0.003791,0.616803,0.023981,0.786743,-196.441437,92.237068,91.186890
1353,11.275000,-0.003598,0.616959,0.023369,0.786640,-196.442596,92.231544,91.177765
1354,11.283333,-0.003634,0.617283,0.022889,0.786399,-196.443405,92.228523,91.159508
1355,11.291667,-0.003841,0.617662,0.022497,0.786113,-196.442963,92.227463,91.132370
1356,11.300000,-0.004999,0.617580,0.021800,0.786190,-196.453018,92.235382,91.097694
1357,11.308333,-0.006138,0.617522,0.021476,0.786236,-196.471680,92.242653,91.064911
1358,11.316667,-0.006870,0.617447,0.021642,0.786285,-196.487350,92.241821,91.053581
1359,11.325000,-0.007356,0.617332,0.021844,0.786365,-196.501022,92.243622,91.066734
1360,11.333333,-0.006015,0.617414,0.023071,0.786277,-196.498703,92.226540,91.083168
1361,11.341667,-0.005330,0.617260,0.023300,0.786396,-196.493820,92.225143,91.098282
1362,11.350000,-0.004578,0.616982,0.023139,0.786624,-196.477737,92.223015,91.116531
1363,11.358333,-0.003986,0.616890,0.022893,0.786706,-196.460861,92.225441,91.127121
1364,11.366667,-0.003794,0.616682,0.022453,0.786883,-196.440948,92.226234,91.129234
1365,11.375000,-0.003740,0.616608,0.022021,0.786954,-196.431885,92.228027,91.129707
1366,11.383333,-0.003822,0.616679,0.022256,0.786891,-196.436996,92.228310,91.132446
1367,11.391667,-0.004031,0.616814,0.022564,0.786775,-196.450485,92.229553,91.132561
1368,11.400000,-0.004258,0.616924,0.022813,0.786681,-196.464432,92.228935,91.125671
1369,11.408333,-0.004571,0.617016,0.023080,0.786599,-196.477448,92.227921,91.109589
1370,11.416667,-0.005074,0.617190,0.022978,0.786462,-196.483612,92.228165,91.093094
1371,11.425000,-0.005398,0.617307,0.022517,0.786381,-196.479492,92.226204,91.083893
1372,11.433333,-0.002090,0.617633,0.022297,0.786147,-196.476578,92.241188,91.088745
1373,11.441667,-0.003522,0.617531,0.022421,0.786219,-196.464508,92.230492,91.107468
1374,11.450000,-0.003886,0.617357,0.022668,0.786347,-196.459061,92.228851,91.121742
1375,11.458333,-0.003848,0.617183,0.022744,0.786481,-196.454514,92.228874,91.129814
1376,11.466667,-0.003919,0.617059,0.022676,0.786580,-196.447296,92.228477,91.128502
1377,11.475000,-0.003987,0.617014,0.022517,0.786620,-196.445694,92.228004,91.125328
1378,11.483333,-0.004379,0.617173,0.022543,0.786493,-196.452408,92.227722,91.117920
1379,11.491667,-0.004478,0.617297,0.022627,0.786392,-196.459183,92.228516,91.106850
1380,11.500000,-0.004667,0.617316,0.022552,0.786378,-196.466309,92.228355,91.096588
1381,11.508333,-0.004923,0.617370,0.022683,0.786330,-196.474747,92.226570,91.093819
1382,11.516667,-0.004846,0.617359,0.022857,0.786335,-196.476501,92.225113,91.099022
1383,11.525000,-0.004745,0.617248,0.022765,0.786425,-196.471741,92.224747,91.105156
1384,11.533333,-0.004596,0.617153,0.022786,0.786499,-196.462402,92.225471,91.104683
1385,11.541667,-0.004460,0.617092,0.022534,0.786556,-196.453720,92.227242,91.102638
1386,11.550000,-0.004553,0.617114,0.022214,0.786547,-196.449677,92.226830,91.106003
1387,11.558333,-0.004492,0.617156,0.022300,0.786512,-196.449768,92.227608,91.108551
1388,11.566667,-0.004309,0.617169,0.022327,0.786502,-196.452377,92.228226,91.106323
1389,11.575000,-0.004529,0.617186,0.022541,0.786482,-196.455246,92.227898,91.105515
1390,11.583333,-0.001414,0.617325,0.022510,0.786385,-196.465347,92.242882,91.104088
1391,11.591667,-0.003651,0.617270,0.022648,0.786417,-196.464142,92.231934,91.107338
1392,11.600000,-0.003732,0.617193,0.022767,0.786474,-196.471542,92.231926,91.100952
1393,11.608333,-0.004104,0.617096,0.022821,0.786546,-196.477051,92.230247,91.095383
1394,11.616667,-0.001041,0.617009,0.022717,0.786627,-196.479019,92.245514,91.090462
1395,11.625000,-0.002936,0.616961,0.022567,0.786664,-196.473480,92.235794,91.091148
1396,11.633333,-0.004801,0.616873,0.022688,0.786721,-196.469528,92.226387,91.090622
1397,11.641667,-0.005450,0.616802,0.022485,0.786778,-196.466995,92.223419,91.090324
1398,11.650000,-0.003339,0.616959,0.022448,0.786668,-196.466064,92.232224,91.092476
1399,11.658333,-0.004874,0.616872,0.022551,0.786725,-196.462311,92.225822,91.093895
1400,11.666667,-0.005448,0.616849,0.022436,0.786743,-196.461594,92.223625,91.092339
1401,11.675000,-0.005615,0.616836,0.022422,0.786753,-196.461304,92.222351,91.090950
1402,11.683333,-0.005628,0.616807,0.022441,0.786775,-196.460907,92.221924,91.091171
1403,11.691667,-0.005487,0.616823,0.022514,0.786761,-196.461670,92.221954,91.090523
1404,11.700000,-0.005388,0.616804,0.022475,0.786777,-196.462280,92.222366,91.090851
1405,11.708333,-0.005343,0.616771,0.022394,0.786806,-196.462814,92.222855,91.090118
1406,11.716667,-0.005410,0.616834,0.022561,0.786751,-196.464508,92.223152,91.089058
1407,11.725000,-0.005450,0.616872,0.022693,0.786717,-196.466675,92.223869,91.089249
1408,11.733333,-0.005470,0.616805,0.022664,0.786770,-196.468567,92.224098,91.089722
1409,11.741667,-0.005492,0.616840,0.022693,0.786742,-196.471329,92.224411,91.089638
1410,11.750000,-0.005512,0.616839,0.022608,0.786745,-196.473114,92.223289,91.089783
1411,11.758333,-0.005646,0.616839,0.022689,0.786742,-196.474411,92.222885,91.090134
1412,11.766667,-0.005568,0.616831,0.022683,0.786749,-196.473618,92.222244,91.090363
1413,11.775000,-0.005341,0.616895,0.022748,0.786698,-196.472687,92.223526,91.089012
1414,11.783333,-0.005438,0.616908,0.022796,0.786686,-196.471725,92.223778,91.088844
1415,11.791667,-0.005543,0.616871,0.022661,0.786718,-196.470703,92.223259,91.088379
1416,11.800000,-0.005572,0.616914,0.022674,0.786684,-196.471237,92.223648,91.087212
1417,11.808333,-0.005493,0.616844,0.022542,0.786744,-196.471756,92.223854,91.087570
1418,11.816667,-0.005675,0.616849,0.022566,0.786737,-196.471191,92.221649,91.086365
1419,11.825000,-0.003657,0.617055,0.022546,0.786588,-196.474380,92.232010,91.089279
1420,11.833333,-0.004657,0.616962,0.022526,0.786657,-196.470154,92.227020,91.089722
1421,11.841667,-0.005441,0.616857,0.022526,0.786734,-196.468094,92.222778,91.088562
1422,11.850000,-0.005515,0.616853,0.022652,0.786733,-196.466507,92.222595,91.088501
1423,11.858333,-0.005537,0.616833,0.022703,0.786747,-196.466110,92.224159,91.089249
1424,11.866667,-0.005575,0.616817,0.022612,0.786762,-196.465378,92.224083,91.089294
1425,11.875000,-0.005577,0.616866,0.022661,0.786722,-196.465073,92.223396,91.090622
1426,11.883333,-0.005478,0.616836,0.022677,0.786746,-196.464966,92.223717,91.091225
1427,11.891667,-0.005526,0.616867,0.022630,0.786722,-196.465195,92.223534,91.090759
1428,11.900000,-0.005644,0.616861,0.022660,0.786726,-196.466095,92.224503,91.090889
1429,11.908333,-0.005528,0.616850,0.022630,0.786736,-196.466873,92.225189,91.090813
1430,11.916667,-0.005447,0.616862,0.022645,0.786726,-196.467010,92.224739,91.091194
1431,11.925000,-0.005516,0.616838,0.022683,0.786744,-196.468750,92.224678,91.090706
1432,11.933333,-0.005468,0.616832,0.022579,0.786752,-196.470306,92.224464,91.090996
1433,11.941667,-0.003395,0.617003,0.022653,0.786628,-196.473633,92.233887,91.090622
1434,11.950000,-0.004601,0.616923,0.022647,0.786684,-196.470795,92.227264,91.089691
1435,11.958333,-0.005325,0.616925,0.022630,0.786679,-196.470779,92.224274,91.086884
1436,11.966667,-0.005370,0.616899,0.022667,0.786698,-196.469803,92.223747,91.085449
1437,11.975000,-0.005335,0.616825,0.022576,0.786759,-196.469177,92.224731,91.084930
1438,11.983333,-0.005379,0.616827,0.022497,0.786759,-196.468521,92.224541,91.084969
1439,11.991667,-0.005476,0.616867,0.022548,0.786725,-196.467346,92.221924,91.085373
1440,12.000000,-0.005505,0.616871,0.022590,0.786721,-196.467865,92.223549,91.085518
1441,12.008333,-0.005635,0.616872,0.022750,0.786714,-196.466827,92.223511,91.086281
1442,12.016667,-0.005458,0.616855,0.022740,0.786729,-196.465668,92.223976,91.087875
1443,12.025000,-0.005470,0.616832,0.022643,0.786750,-196.466385,92.224808,91.088501
1444,12.033333,-0.005525,0.616824,0.022617,0.786757,-196.466507,92.224709,91.089615
1445,12.041667,-0.005457,0.616841,0.022575,0.786745,-196.466080,92.224411,91.090004
1446,12.050000,-0.005468,0.616858,0.022678,0.786729,-196.466232,92.224159,91.089752
1447,12.058333,-0.005530,0.616827,0.022636,0.786754,-196.466797,92.224953,91.089813
1448,12.066667,-0.005596,0.616859,0.022774,0.786725,-196.468002,92.223289,91.089012
1449,12.075000,-0.005608,0.616858,0.022654,0.786728,-196.469528,92.223244,91.087959
1450,12.083333,-0.005603,0.616886,0.022605,0.786708,-196.470428,92.222878,91.086967
1451,12.091667,-0.005573,0.616881,0.022574,0.786713,-196.469955,92.222641,91.086823
1452,12.100000,-0.005598,0.616895,0.022621,0.786700,-196.469788,92.223816,91.086021
1453,12.108333,-0.005479,0.616851,0.022624,0.786736,-196.468536,92.224380,91.086098
1454,12.116667,-0.005545,0.616872,0.022682,0.786717,-196.468399,92.223679,91.085922
1455,12.125000,-0.005585,0.616860,0.022645,0.786727,-196.468323,92.223480,91.084961
1456,12.133333,-0.005511,0.616877,0.022618,0.786716,-196.468231,92.222633,91.085045
1457,12.141667,-0.005689,0.616870,0.022605,0.786720,-196.467987,92.223297,91.084839
1458,12.150000,-0.005523,0.616846,0.022630,0.786739,-196.468292,92.223587,91.085266
1459,12.158333,-0.005521,0.616826,0.022675,0.786754,-196.468567,92.224464,91.086731
