Format Version,1.25,Take Name,Take 2025-11-27 05.09.17 PM,Take Notes,,Capture Frame Rate,120.000000,Export Frame Rate,120.000000,Capture Start Time,2025-11-27 05.09.17.833 PM,Capture Start Frame,35005,Total Frames in Take,1394,Total Exported Frames,1394,Rotation Type,Quaternion,Length Units,Centimeters,Coordinate Space,Global

,Type,Rigid Body,Rigid Body,Rigid Body,Rigid Body,Rigid Body,Rigid Body,Rigid Body
,Name,SEE_large,SEE_large,SEE_large,SEE_large,SEE_large,SEE_large,SEE_large
,ID,B4680608301811F031C44B617C10C291,B4680608301811F031C44B617C10C291,B4680608301811F031C44B617C10C291,B4680608301811F031C44B617C10C291,B4680608301811F031C44B617C10C291,B4680608301811F031C44B617C10C291,B4680608301811F031C44B617C10C291
,Parent,,,,,,,
,,Rotation,Rotation,Rotation,Rotation,Position,Position,Position
Frame,Time (Seconds),X,Y,Z,W,X,Y,Z
0,0.000000,-0.006110,0.407708,0.010891,0.913027,-215.869308,92.220993,83.930634
1,0.008333,-0.006325,0.407000,0.009382,0.913358,-215.877579,92.233208,83.922173
2,0.016667,-0.006403,0.406474,0.008424,0.913601,-215.881378,92.241631,83.914856
3,0.025000,-0.006111,0.407659,0.010547,0.913053,-215.872498,92.224464,83.930649
4,0.033333,-0.006570,0.407004,0.009127,0.913357,-215.879395,92.235008,83.922264
5,0.041667,-0.006315,0.407677,0.010502,0.913044,-215.875031,92.221992,83.931969
6,0.050000,-0.006437,0.407068,0.009414,0.913327,-215.882568,92.231277,83.924782
7,0.058333,-0.006472,0.406474,0.008344,0.913601,-215.886383,92.240181,83.917908
8,0.066667,-0.006111,0.407886,0.010735,0.912949,-215.874527,92.221161,83.935074
9,0.075000,-0.006330,0.406992,0.009141,0.913364,-215.880829,92.234505,83.926254
10,0.083333,-0.006451,0.406469,0.008109,0.913606,-215.882706,92.241516,83.917999
11,0.091667,-0.006089,0.407649,0.010321,0.913060,-215.872360,92.224464,83.933197
12,0.100000,-0.006317,0.406984,0.009158,0.913367,-215.877075,92.234810,83.924194
13,0.108333,-0.006450,0.406447,0.008096,0.913616,-215.878296,92.241295,83.915131
14,0.116667,-0.006594,0.406364,0.007819,0.913654,-215.875458,92.244392,83.912086
15,0.125000,-0.006545,0.406408,0.007829,0.913635,-215.874725,92.244461,83.912216
16,0.133333,-0.006545,0.406379,0.007967,0.913646,-215.875076,92.243729,83.913498
17,0.141667,-0.006597,0.406421,0.008072,0.913626,-215.875427,92.242790,83.913086
18,0.150000,-0.006527,0.406476,0.008242,0.913601,-215.877350,92.242630,83.913979
19,0.158333,-0.006569,0.406410,0.008118,0.913631,-215.879181,92.241798,83.914795
20,0.166667,-0.006634,0.406473,0.008121,0.913603,-215.880890,92.242653,83.915855
21,0.175000,-0.006459,0.406506,0.008217,0.913588,-215.883286,92.241409,83.916924
22,0.183333,-0.006398,0.406542,0.008172,0.913573,-215.885666,92.241501,83.917114
23,0.191667,-0.006399,0.406598,0.008284,0.913547,-215.886932,92.240265,83.918503
24,0.200000,-0.006472,0.406533,0.008251,0.913576,-215.888458,92.240433,83.920219
25,0.208333,-0.006076,0.407876,0.010884,0.912953,-215.879959,92.219490,83.937698
26,0.216667,-0.006432,0.407145,0.009193,0.913295,-215.886520,92.231430,83.929359
27,0.225000,-0.006441,0.406507,0.008161,0.913589,-215.887268,92.239189,83.920189
28,0.233333,-0.006540,0.406423,0.007747,0.913629,-215.884216,92.244514,83.917305
29,0.241667,-0.006507,0.406444,0.007751,0.913620,-215.882324,92.245239,83.917046
30,0.250000,-0.006552,0.406471,0.007867,0.913606,-215.880417,92.244400,83.915764
31,0.258333,-0.006566,0.406445,0.008070,0.913616,-215.879135,92.243210,83.914757
32,0.266667,-0.006589,0.406462,0.008158,0.913607,-215.878967,92.242241,83.914398
33,0.275000,-0.006485,0.406495,0.008199,0.913593,-215.878876,92.241692,83.913704
34,0.283333,-0.006398,0.406446,0.008252,0.913615,-215.879028,92.242172,83.914497
35,0.291667,-0.006324,0.406417,0.008315,0.913628,-215.879242,92.243004,83.913437
36,0.300000,-0.006435,0.406451,0.008395,0.913611,-215.879898,92.242416,83.912926
37,0.308333,-0.006076,0.407685,0.010604,0.913041,-215.873413,92.222961,83.930382
38,0.316667,-0.006218,0.407042,0.009351,0.913340,-215.881271,92.231514,83.923477
39,0.325000,-0.006349,0.406513,0.008250,0.913586,-215.886002,92.240234,83.915894
40,0.333333,-0.006583,0.406430,0.007851,0.913625,-215.885574,92.243919,83.914497
41,0.341667,-0.006601,0.406453,0.007870,0.913614,-215.885544,92.243523,83.915184
42,0.350000,-0.006072,0.407751,0.010349,0.913014,-215.877487,92.223213,83.933464
43,0.358333,-0.006116,0.407089,0.009255,0.913321,-215.883392,92.232170,83.927055
44,0.366667,-0.006254,0.406465,0.008244,0.913608,-215.885513,92.240456,83.918671
45,0.375000,-0.006454,0.406378,0.007840,0.913648,-215.881683,92.245193,83.915619
46,0.383333,-0.006546,0.406393,0.007875,0.913641,-215.879135,92.245316,83.915245
47,0.391667,-0.006582,0.406441,0.007973,0.913618,-215.876984,92.243614,83.915100
48,0.400000,-0.006509,0.406448,0.008258,0.913613,-215.875198,92.242035,83.914612
49,0.408333,-0.006387,0.406445,0.008287,0.913615,-215.873596,92.241524,83.914513
50,0.416667,-0.006359,0.406468,0.008364,0.913605,-215.871719,92.241302,83.913933
51,0.425000,-0.006401,0.406414,0.008487,0.913627,-215.871262,92.241707,83.912910
52,0.433333,-0.006518,0.406416,0.008224,0.913628,-215.871307,92.243095,83.911583
53,0.441667,-0.006186,0.407597,0.010603,0.913080,-215.862442,92.222282,83.927811
54,0.450000,-0.006133,0.407813,0.011056,0.912978,-215.863129,92.217628,83.930443
55,0.458333,-0.006189,0.407006,0.009851,0.913351,-215.874557,92.226509,83.923294
56,0.466667,-0.005901,0.407677,0.011264,0.913038,-215.872406,92.215569,83.931732
57,0.475000,-0.006145,0.407140,0.010126,0.913289,-215.879364,92.225716,83.925682
58,0.483333,-0.006026,0.407771,0.011410,0.912993,-215.875504,92.215012,83.933296
59,0.491667,-0.006236,0.407090,0.009816,0.913314,-215.883301,92.227005,83.926239
60,0.500000,-0.006331,0.406498,0.008651,0.913589,-215.886948,92.237106,83.918694
61,0.508333,-0.006565,0.406439,0.007913,0.913620,-215.887039,92.243759,83.913574
62,0.516667,-0.006790,0.406540,0.007738,0.913575,-215.885376,92.243973,83.911987
63,0.525000,-0.006842,0.406543,0.007830,0.913572,-215.883011,92.242676,83.912132
64,0.533333,-0.006355,0.407754,0.010566,0.913009,-215.872650,92.221489,83.930305
65,0.541667,-0.006278,0.407149,0.009590,0.913290,-215.874954,92.229828,83.924881
66,0.550000,-0.006244,0.406446,0.008644,0.913613,-215.875122,92.239700,83.915642
67,0.558333,-0.005937,0.407573,0.010721,0.913090,-215.862747,92.223480,83.929283
68,0.566667,-0.006148,0.407739,0.010851,0.913013,-215.860168,92.221306,83.930351
69,0.575000,-0.006361,0.406934,0.009541,0.913386,-215.868759,92.231667,83.920578
70,0.583333,-0.006562,0.406338,0.008434,0.913661,-215.872925,92.240913,83.910263
71,0.591667,-0.006590,0.406307,0.007877,0.913679,-215.874069,92.244545,83.905685
72,0.600000,-0.006733,0.406321,0.007832,0.913672,-215.878204,92.246223,83.905190
73,0.608333,-0.006849,0.406381,0.008047,0.913643,-215.887070,92.246361,83.905029
74,0.616667,-0.007133,0.406454,0.008056,0.913608,-215.900925,92.248169,83.906021
75,0.625000,-0.007381,0.406529,0.008198,0.913571,-215.919830,92.250786,83.905609
76,0.633333,-0.007615,0.406655,0.008891,0.913507,-215.940521,92.250206,83.907623
77,0.641667,-0.007736,0.406681,0.009607,0.913487,-215.964432,92.248329,83.911934
78,0.650000,-0.007815,0.406687,0.010316,0.913476,-215.987534,92.249268,83.917221
79,0.658333,-0.008147,0.406655,0.011196,0.913477,-216.006119,92.248848,83.920776
80,0.666667,-0.008422,0.406730,0.011866,0.913433,-216.022278,92.246353,83.924576
81,0.675000,-0.008680,0.406767,0.012356,0.913407,-216.032227,92.244888,83.927834
82,0.683333,-0.008430,0.406791,0.012908,0.913391,-216.037994,92.242630,83.930496
83,0.691667,-0.008282,0.406822,0.013128,0.913376,-216.039154,92.242645,83.931664
84,0.700000,-0.008236,0.406747,0.013321,0.913407,-216.037704,92.243301,83.932320
85,0.708333,-0.008265,0.406739,0.013207,0.913412,-216.035980,92.243263,83.931549
86,0.716667,-0.008412,0.406719,0.013166,0.913420,-216.034958,92.243149,83.928871
87,0.725000,-0.008502,0.406707,0.013030,0.913426,-216.035919,92.244812,83.927887
88,0.733333,-0.008670,0.406643,0.012972,0.913454,-216.040665,92.245193,83.927383
89,0.741667,-0.008691,0.406635,0.013020,0.913457,-216.049530,92.248085,83.927605
90,0.750000,-0.008689,0.406650,0.013253,0.913447,-216.060760,92.248123,83.929649
91,0.758333,-0.008673,0.406786,0.013740,0.913379,-216.076569,92.246758,83.934044
92,0.766667,-0.008779,0.406782,0.014072,0.913375,-216.095215,92.246735,83.937592
93,0.775000,-0.008858,0.406740,0.014512,0.913386,-216.114075,92.244751,83.943192
94,0.783333,-0.009008,0.406667,0.014902,0.913411,-216.134506,92.242981,83.948410
95,0.791667,-0.009031,0.406582,0.015462,0.913439,-216.154175,92.241470,83.953690
96,0.800000,-0.008750,0.406291,0.017984,0.913525,-216.190933,92.225449,83.967819
97,0.808333,-0.008720,0.406201,0.018582,0.913553,-216.209488,92.224274,83.975197
98,0.816667,-0.009439,0.406494,0.020062,0.913384,-216.218735,92.229462,83.979012
99,0.825000,-0.009962,0.406617,0.021301,0.913296,-216.225082,92.232063,83.983307
100,0.833333,-0.010109,0.406529,0.021744,0.913323,-216.230042,92.233162,83.987022
101,0.841667,-0.010309,0.406480,0.021251,0.913354,-216.221832,92.238808,83.982674
102,0.850000,-0.010534,0.406290,0.020663,0.913450,-216.218781,92.247536,83.976311
103,0.858333,-0.010751,0.406163,0.019974,0.913519,-216.217636,92.255524,83.970314
104,0.866667,-0.010796,0.406034,0.019174,0.913593,-216.217667,92.258926,83.965096
105,0.875000,-0.010981,0.405965,0.019211,0.913621,-216.218750,92.259537,83.962791
106,0.883333,-0.011355,0.405771,0.019747,0.913691,-216.224716,92.259895,83.964539
107,0.891667,-0.011203,0.405387,0.019776,0.913863,-216.233963,92.256889,83.971298
108,0.900000,-0.011026,0.405392,0.020087,0.913856,-216.244125,92.256065,83.974663
109,0.908333,-0.011137,0.405380,0.020659,0.913847,-216.257645,92.255692,83.978653
110,0.916667,-0.011255,0.405263,0.020998,0.913890,-216.272095,92.256752,83.980766
111,0.925000,-0.011343,0.405121,0.021310,0.913944,-216.288544,92.258904,83.981636
112,0.933333,-0.011512,0.405114,0.021606,0.913938,-216.304565,92.262260,83.982124
113,0.941667,-0.011673,0.404997,0.021863,0.913982,-216.321854,92.264511,83.985214
114,0.950000,-0.011772,0.404902,0.022305,0.914012,-216.337936,92.266380,83.986107
115,0.958333,-0.011905,0.404878,0.022483,0.914017,-216.352509,92.268631,83.987167
116,0.966667,-0.012079,0.404776,0.022834,0.914051,-216.365265,92.269669,83.989052
117,0.975000,-0.012006,0.404686,0.023462,0.914076,-216.374924,92.265205,83.991394
118,0.983333,-0.012075,0.404614,0.023771,0.914099,-216.381973,92.263550,83.993172
119,0.991667,-0.012070,0.404692,0.024148,0.914055,-216.386169,92.263123,83.993118
120,1.000000,-0.012419,0.404778,0.024292,0.914008,-216.389114,92.260567,83.992607
121,1.008333,-0.012574,0.404648,0.024372,0.914061,-216.388367,92.257248,83.992203
122,1.016667,-0.012409,0.404445,0.024378,0.914153,-216.385834,92.257706,83.989952
123,1.025000,-0.012184,0.404167,0.024413,0.914278,-216.384033,92.259346,83.987289
124,1.033333,-0.012009,0.402870,0.024394,0.914853,-216.381714,92.259178,83.985451
125,1.041667,-0.011954,0.400838,0.024424,0.915745,-216.379593,92.256203,83.981598
126,1.050000,-0.012152,0.399355,0.024100,0.916399,-216.375824,92.254845,83.981262
127,1.058333,-0.012424,0.398971,0.024052,0.916564,-216.373581,92.255791,83.980087
128,1.066667,-0.012512,0.399139,0.023839,0.916495,-216.374878,92.256462,83.980072
129,1.075000,-0.012513,0.399226,0.023701,0.916461,-216.379028,92.258919,83.979820
130,1.083333,-0.012503,0.399295,0.023454,0.916437,-216.380661,92.261276,83.979958
131,1.091667,-0.012579,0.399312,0.023385,0.916430,-216.382736,92.262627,83.982010
132,1.100000,-0.012654,0.399178,0.023432,0.916487,-216.385345,92.264030,83.982727
133,1.108333,-0.012632,0.399180,0.023375,0.916488,-216.385193,92.263725,83.984291
134,1.116667,-0.012490,0.399218,0.023481,0.916470,-216.387512,92.263481,83.985100
135,1.125000,-0.012478,0.399362,0.023591,0.916405,-216.386063,92.261475,83.986855
136,1.133333,-0.012460,0.399439,0.023718,0.916368,-216.382812,92.260864,83.987389
137,1.141667,-0.012432,0.399445,0.023838,0.916363,-216.378952,92.259308,83.985748
138,1.150000,-0.012420,0.399463,0.024051,0.916350,-216.376190,92.258003,83.986038
139,1.158333,-0.012472,0.399377,0.024060,0.916386,-216.376953,92.258278,83.985115
140,1.166667,-0.012397,0.399396,0.024090,0.916378,-216.376846,92.256271,83.984360
141,1.175000,-0.012446,0.399402,0.024216,0.916372,-216.378708,92.255898,83.983902
142,1.183333,-0.012399,0.399413,0.024215,0.916367,-216.382812,92.257607,83.983696
143,1.191667,-0.012352,0.399429,0.024312,0.916359,-216.386002,92.258987,83.982040
144,1.200000,-0.012385,0.399423,0.024204,0.916364,-216.388580,92.260628,83.981392
145,1.208333,-0.012373,0.399473,0.024233,0.916341,-216.389801,92.261658,83.981415
146,1.216667,-0.012384,0.399391,0.024240,0.916376,-216.393356,92.262688,83.981544
147,1.225000,-0.012209,0.399474,0.024276,0.916342,-216.395279,92.260811,83.982780
148,1.233333,-0.012313,0.399517,0.024350,0.916320,-216.397949,92.260864,83.984283
149,1.241667,-0.012453,0.399516,0.024317,0.916319,-216.401550,92.261665,83.985573
150,1.250000,-0.012390,0.399523,0.024263,0.916318,-216.404541,92.261566,83.986954
151,1.258333,-0.012312,0.399542,0.024278,0.916311,-216.405304,92.260384,83.988258
152,1.266667,-0.012340,0.399543,0.024298,0.916309,-216.404587,92.260666,83.989021
153,1.275000,-0.012407,0.399545,0.024447,0.916303,-216.402191,92.260864,83.988937
154,1.283333,-0.012331,0.399550,0.024456,0.916302,-216.399292,92.260048,83.990402
155,1.291667,-0.012307,0.399517,0.024541,0.916315,-216.397903,92.259163,83.990128
156,1.300000,-0.012289,0.399503,0.024500,0.916322,-216.395279,92.258659,83.989296
157,1.308333,-0.012228,0.399505,0.024572,0.916320,-216.392761,92.259239,83.988640
158,1.316667,-0.012172,0.399509,0.024427,0.916323,-216.390152,92.259888,83.986572
159,1.325000,-0.012288,0.399578,0.024343,0.916294,-216.387985,92.260635,83.984779
160,1.333333,-0.012405,0.399523,0.024432,0.916314,-216.387344,92.260750,83.982994
161,1.341667,-0.012477,0.399472,0.024413,0.916336,-216.389175,92.260971,83.981499
162,1.350000,-0.012552,0.399484,0.024181,0.916335,-216.391296,92.262421,83.980949
163,1.358333,-0.012516,0.399542,0.024144,0.916312,-216.393448,92.262283,83.980438
164,1.366667,-0.012627,0.399474,0.024025,0.916342,-216.397552,92.262474,83.980865
165,1.375000,-0.012639,0.399415,0.023946,0.916370,-216.400574,92.261711,83.982430
166,1.383333,-0.012631,0.399491,0.024122,0.916333,-216.403229,92.261749,83.983368
167,1.391667,-0.012481,0.399548,0.024399,0.916302,-216.406494,92.261208,83.986107
168,1.400000,-0.012334,0.399558,0.024496,0.916298,-216.408875,92.260483,83.988014
169,1.408333,-0.012290,0.399635,0.024731,0.916258,-216.409927,92.258797,83.989609
170,1.416667,-0.012279,0.399551,0.024788,0.916294,-216.409714,92.257286,83.991493
171,1.425000,-0.012409,0.399620,0.024694,0.916264,-216.408203,92.257545,83.991745
172,1.433333,-0.012437,0.399660,0.024711,0.916246,-216.406555,92.257828,83.992294
173,1.441667,-0.012382,0.399660,0.024647,0.916248,-216.403503,92.259033,83.991653
174,1.450000,-0.012321,0.399626,0.024543,0.916267,-216.400192,92.258499,83.990303
175,1.458333,-0.012322,0.399574,0.024454,0.916292,-216.396835,92.258499,83.989021
176,1.466667,-0.012502,0.399530,0.024345,0.916312,-216.394135,92.259941,83.987251
177,1.475000,-0.012710,0.399553,0.024362,0.916298,-216.391373,92.260666,83.985611
178,1.483333,-0.012774,0.399544,0.024224,0.916305,-216.390106,92.261139,83.983185
179,1.491667,-0.012698,0.399489,0.024072,0.916334,-216.389847,92.262589,83.981064
180,1.500000,-0.012658,0.399465,0.024012,0.916347,-216.391327,92.262741,83.980690
181,1.508333,-0.012542,0.399470,0.023961,0.916347,-216.394333,92.262123,83.980850
182,1.516667,-0.012559,0.399470,0.023926,0.916348,-216.397720,92.263329,83.981117
183,1.525000,-0.012466,0.399503,0.024073,0.916331,-216.401169,92.263031,83.982674
184,1.533333,-0.012426,0.399536,0.024261,0.916312,-216.405060,92.263016,83.984642
185,1.541667,-0.012361,0.399563,0.024374,0.916298,-216.407700,92.260223,83.986115
186,1.550000,-0.012277,0.399556,0.024551,0.916298,-216.409714,92.258926,83.988518
187,1.558333,-0.012280,0.399649,0.024577,0.916257,-216.411285,92.258972,83.990372
188,1.566667,-0.012351,0.399694,0.024765,0.916231,-216.410858,92.258881,83.990677
189,1.575000,-0.012269,0.399658,0.024853,0.916245,-216.410355,92.258781,83.992233
190,1.583333,-0.012289,0.399641,0.024843,0.916253,-216.407990,92.258247,83.992859
191,1.591667,-0.012366,0.399620,0.024883,0.916260,-216.404678,92.257301,83.992821
192,1.600000,-0.012454,0.399627,0.024815,0.916257,-216.401337,92.257484,83.990860
193,1.608333,-0.012513,0.399579,0.024665,0.916281,-216.397598,92.257492,83.989136
194,1.616667,-0.012565,0.399505,0.024513,0.916317,-216.394455,92.258987,83.987846
195,1.625000,-0.012496,0.399560,0.024277,0.916300,-216.392380,92.259857,83.985405
196,1.633333,-0.012444,0.399504,0.024185,0.916328,-216.391281,92.261078,83.983406
197,1.641667,-0.012330,0.399504,0.024128,0.916331,-216.391113,92.261520,83.982910
198,1.650000,-0.012358,0.399451,0.024076,0.916355,-216.393112,92.262856,83.981812
199,1.658333,-0.012339,0.399469,0.024047,0.916348,-216.395477,92.262421,83.982262
200,1.666667,-0.012381,0.399475,0.023957,0.916347,-216.398834,92.263206,83.982109
201,1.675000,-0.012591,0.399473,0.024047,0.916343,-216.402435,92.263939,83.982231
202,1.683333,-0.012615,0.399536,0.024198,0.916311,-216.404266,92.262619,83.984299
203,1.691667,-0.012389,0.399552,0.024416,0.916302,-216.407043,92.259537,83.984680
204,1.700000,-0.012327,0.399572,0.024536,0.916291,-216.409378,92.258629,83.987083
205,1.708333,-0.012182,0.399623,0.024644,0.916267,-216.411240,92.258156,83.990082
206,1.716667,-0.012233,0.399632,0.024713,0.916261,-216.411514,92.257614,83.991493
207,1.725000,-0.012272,0.399652,0.024921,0.916246,-216.410324,92.256088,83.992996
208,1.733333,-0.012354,0.399633,0.024985,0.916252,-216.408463,92.257172,83.993156
209,1.741667,-0.012283,0.399611,0.024889,0.916265,-216.405670,92.257790,83.992798
210,1.750000,-0.012224,0.399598,0.024765,0.916275,-216.403030,92.258224,83.992355
211,1.758333,-0.012271,0.399592,0.024773,0.916276,-216.399765,92.258347,83.990440
212,1.766667,-0.012307,0.399556,0.024603,0.916296,-216.396790,92.258904,83.989494
213,1.775000,-0.012518,0.399536,0.024566,0.916303,-216.394928,92.260605,83.987106
214,1.783333,-0.012543,0.399531,0.024419,0.916308,-216.393906,92.262001,83.984924
215,1.791667,-0.012512,0.399512,0.023990,0.916329,-216.395325,92.263237,83.983818
216,1.800000,-0.012618,0.399522,0.024063,0.916321,-216.400665,92.264198,83.981842
217,1.808333,-0.012527,0.399562,0.024227,0.916300,-216.404205,92.261978,83.981133
218,1.816667,-0.012520,0.399580,0.024226,0.916293,-216.406967,92.259964,83.981628
219,1.825000,-0.012559,0.399612,0.024391,0.916274,-216.412064,92.260635,83.983284
220,1.833333,-0.012521,0.399636,0.024714,0.916255,-216.414474,92.259956,83.984741
221,1.841667,-0.012400,0.399731,0.024824,0.916213,-216.416901,92.259567,83.987030
222,1.850000,-0.012228,0.399756,0.024995,0.916199,-216.418427,92.258087,83.989265
223,1.858333,-0.012216,0.399767,0.025108,0.916192,-216.419128,92.257790,83.991531
224,1.866667,-0.012132,0.399781,0.025086,0.916187,-216.419312,92.256340,83.993347
225,1.875000,-0.012197,0.399807,0.025074,0.916175,-216.419312,92.256393,83.993774
226,1.883333,-0.012168,0.399816,0.024968,0.916174,-216.417953,92.256477,83.994225
227,1.891667,-0.012266,0.399846,0.024972,0.916160,-216.416885,92.257462,83.994301
228,1.900000,-0.012295,0.399798,0.025067,0.916178,-216.414566,92.256432,83.993782
229,1.908333,-0.012342,0.399770,0.025207,0.916186,-216.412994,92.256599,83.993027
230,1.916667,-0.012399,0.399761,0.025051,0.916193,-216.411545,92.257187,83.992355
231,1.925000,-0.012491,0.399757,0.024855,0.916199,-216.410187,92.257576,83.989227
232,1.933333,-0.012461,0.399751,0.024727,0.916206,-216.409470,92.259338,83.987358
233,1.941667,-0.012459,0.399700,0.024753,0.916227,-216.408676,92.259666,83.984749
234,1.950000,-0.012486,0.399683,0.024780,0.916233,-216.409012,92.259651,83.983139
235,1.958333,-0.012544,0.399699,0.024794,0.916225,-216.411667,92.260849,83.983025
236,1.966667,-0.012485,0.399720,0.024710,0.916219,-216.414001,92.259987,83.983192
237,1.975000,-0.012368,0.399781,0.024781,0.916192,-216.417114,92.259178,83.984177
238,1.983333,-0.012339,0.399832,0.024831,0.916169,-216.420319,92.260063,83.985710
239,1.991667,-0.012354,0.399871,0.024895,0.916150,-216.421417,92.259445,83.987495
240,2.000000,-0.012234,0.399866,0.025018,0.916150,-216.422943,92.258995,83.989441
241,2.008333,-0.012122,0.399874,0.025082,0.916147,-216.424423,92.257896,83.991798
242,2.016667,-0.012170,0.399902,0.025199,0.916131,-216.424683,92.255821,83.993660
243,2.025000,-0.012294,0.399956,0.025284,0.916103,-216.423965,92.254784,83.994858
244,2.033333,-0.012267,0.399905,0.025251,0.916126,-216.422089,92.255608,83.995674
245,2.041667,-0.012298,0.399893,0.025267,0.916131,-216.420456,92.256073,83.995270
246,2.050000,-0.012246,0.399903,0.025146,0.916131,-216.417877,92.255447,83.994225
247,2.058333,-0.012215,0.399874,0.025064,0.916146,-216.415359,92.256035,83.992790
248,2.066667,-0.012250,0.399856,0.025067,0.916153,-216.413116,92.256859,83.990807
249,2.075000,-0.012369,0.399704,0.024931,0.916222,-216.410583,92.257668,83.989952
250,2.083333,-0.012473,0.399775,0.024775,0.916194,-216.410065,92.258469,83.988129
251,2.091667,-0.012459,0.399775,0.024836,0.916192,-216.410706,92.258484,83.985748
252,2.100000,-0.012550,0.399767,0.024643,0.916200,-216.412384,92.258507,83.984756
253,2.108333,-0.012499,0.399787,0.024684,0.916191,-216.414062,92.258713,83.983574
254,2.116667,-0.012400,0.399799,0.024806,0.916183,-216.415359,92.259331,83.984245
255,2.125000,-0.012248,0.399830,0.024852,0.916171,-216.419525,92.259384,83.985207
256,2.133333,-0.012306,0.399896,0.024931,0.916139,-216.423248,92.258713,83.986839
257,2.141667,-0.012370,0.399908,0.025024,0.916130,-216.425110,92.258194,83.988663
258,2.150000,-0.012372,0.399823,0.024983,0.916168,-216.427094,92.256203,83.990601
259,2.158333,-0.012456,0.399877,0.025025,0.916143,-216.427536,92.256111,83.991867
260,2.166667,-0.012369,0.399917,0.025242,0.916120,-216.426056,92.255295,83.993355
261,2.175000,-0.012220,0.399932,0.025319,0.916114,-216.424728,92.255005,83.995750
262,2.183333,-0.012299,0.399945,0.025382,0.916105,-216.423981,92.255081,83.996353
263,2.191667,-0.012346,0.399962,0.025393,0.916097,-216.422318,92.254845,83.995117
264,2.200000,-0.012340,0.399958,0.025341,0.916100,-216.421005,92.255554,83.995636
265,2.208333,-0.012300,0.399903,0.025344,0.916125,-216.418839,92.256142,83.994171
266,2.216667,-0.012280,0.399836,0.025167,0.916159,-216.416794,92.257233,83.992813
267,2.225000,-0.012329,0.399855,0.025287,0.916146,-216.414978,92.257263,83.990257
268,2.233333,-0.012391,0.399788,0.025214,0.916177,-216.414780,92.257751,83.989510
269,2.241667,-0.012422,0.399744,0.025090,0.916199,-216.414474,92.258034,83.987808
270,2.250000,-0.012380,0.399803,0.024895,0.916179,-216.415329,92.257843,83.986328
271,2.258333,-0.012374,0.399800,0.024869,0.916182,-216.417786,92.258919,83.985558
272,2.266667,-0.012392,0.399805,0.024796,0.916181,-216.419510,92.258820,83.985069
273,2.275000,-0.012460,0.399806,0.024777,0.916180,-216.420990,92.259010,83.984932
274,2.283333,-0.012444,0.399838,0.024811,0.916166,-216.422180,92.257729,83.986053
275,2.291667,-0.012357,0.399885,0.024971,0.916142,-216.423920,92.257584,83.988037
276,2.300000,-0.012388,0.399919,0.025027,0.916125,-216.425232,92.259636,83.989365
277,2.308333,-0.012304,0.399928,0.025102,0.916120,-216.425583,92.258972,83.991440
278,2.316667,-0.012468,0.399974,0.025020,0.916100,-216.425735,92.259552,83.992332
279,2.325000,-0.012431,0.399911,0.025198,0.916123,-216.425110,92.257019,83.993500
280,2.333333,-0.012444,0.399863,0.025129,0.916146,-216.423553,92.256599,83.994217
281,2.341667,-0.012293,0.399864,0.025087,0.916149,-216.420532,92.255981,83.994614
282,2.350000,-0.012314,0.399897,0.025222,0.916130,-216.418549,92.256607,83.994293
283,2.358333,-0.012355,0.399891,0.025288,0.916131,-216.416718,92.256950,83.992828
284,2.366667,-0.012403,0.399864,0.025162,0.916145,-216.415497,92.258003,83.991615
285,2.375000,-0.012430,0.399798,0.024940,0.916180,-216.415359,92.258507,83.990547
286,2.383333,-0.012495,0.399766,0.024913,0.916193,-216.414505,92.258278,83.988358
287,2.391667,-0.012430,0.399794,0.024958,0.916181,-216.414932,92.258301,83.987358
288,2.400000,-0.012464,0.399807,0.024996,0.916174,-216.416351,92.259010,83.986267
289,2.408333,-0.012430,0.399776,0.024954,0.916189,-216.417435,92.259850,83.984932
290,2.416667,-0.012243,0.399848,0.024990,0.916159,-216.418716,92.258995,83.985985
291,2.425000,-0.012212,0.399834,0.024906,0.916168,-216.421555,92.260551,83.986435
292,2.433333,-0.012308,0.399848,0.024880,0.916161,-216.422531,92.259155,83.987389
293,2.441667,-0.012498,0.399885,0.025033,0.916138,-216.424042,92.259018,83.988319
294,2.450000,-0.012518,0.399897,0.025148,0.916129,-216.424698,92.258064,83.989120
295,2.458333,-0.012414,0.399908,0.025083,0.916128,-216.425232,92.257019,83.991508
296,2.466667,-0.012442,0.399890,0.025163,0.916133,-216.424530,92.258629,83.993126
297,2.475000,-0.012479,0.399984,0.025249,0.916090,-216.423706,92.258102,83.993736
298,2.483333,-0.012382,0.399904,0.025236,0.916126,-216.422729,92.256599,83.994583
299,2.491667,-0.012375,0.399927,0.025286,0.916114,-216.420410,92.257393,83.995728
300,2.500000,-0.012363,0.399862,0.025233,0.916145,-216.418488,92.256760,83.995384
301,2.508333,-0.012445,0.399808,0.025138,0.916170,-216.416962,92.256340,83.993515
302,2.516667,-0.012635,0.399790,0.025035,0.916178,-216.415924,92.257103,83.991203
303,2.525000,-0.012604,0.399815,0.025001,0.916168,-216.414612,92.257065,83.989594
304,2.533333,-0.012621,0.399796,0.025023,0.916176,-216.414291,92.257278,83.988724
305,2.541667,-0.012524,0.399829,0.024890,0.916166,-216.415024,92.257812,83.987144
306,2.550000,-0.012377,0.399824,0.024803,0.916173,-216.415878,92.258034,83.986633
307,2.558333,-0.012178,0.399809,0.024741,0.916184,-216.417145,92.258362,83.986893
308,2.566667,-0.012128,0.399790,0.024861,0.916189,-216.419083,92.257759,83.986488
309,2.575000,-0.012249,0.399909,0.024950,0.916133,-216.421036,92.258720,83.987144
310,2.583333,-0.012341,0.399882,0.024949,0.916144,-216.422562,92.258476,83.987747
311,2.591667,-0.012342,0.399888,0.024951,0.916141,-216.423935,92.259109,83.988068
312,2.600000,-0.012357,0.399839,0.024901,0.916164,-216.424637,92.257706,83.989555
313,2.608333,-0.012381,0.399918,0.024972,0.916127,-216.424652,92.256256,83.991470
314,2.616667,-0.012432,0.399921,0.025110,0.916121,-216.424225,92.256531,83.992432
315,2.625000,-0.012353,0.399928,0.025140,0.916119,-216.423615,92.257454,83.993568
316,2.633333,-0.012282,0.399884,0.025135,0.916139,-216.422440,92.257294,83.994705
317,2.641667,-0.012408,0.399850,0.025046,0.916154,-216.420242,92.257622,83.994247
318,2.650000,-0.012477,0.399878,0.025029,0.916142,-216.418045,92.257355,83.993683
319,2.658333,-0.012551,0.399865,0.025083,0.916145,-216.416794,92.257599,83.992889
320,2.666667,-0.012505,0.399787,0.024848,0.916186,-216.415359,92.257309,83.991646
321,2.675000,-0.012375,0.399769,0.024912,0.916194,-216.415100,92.257919,83.990875
322,2.683333,-0.012320,0.399774,0.024914,0.916192,-216.415543,92.257812,83.989594
323,2.691667,-0.012442,0.399792,0.024960,0.916182,-216.414993,92.256775,83.988068
324,2.700000,-0.012441,0.399786,0.024950,0.916184,-216.416336,92.257866,83.986877
325,2.708333,-0.012384,0.399807,0.024921,0.916177,-216.418198,92.258881,83.986015
326,2.716667,-0.012362,0.399832,0.024840,0.916168,-216.420456,92.258675,83.985222
327,2.725000,-0.012380,0.399844,0.024907,0.916161,-216.421509,92.258087,83.985901
328,2.733333,-0.012377,0.399926,0.025079,0.916121,-216.423447,92.257957,83.987854
329,2.741667,-0.012358,0.399910,0.024980,0.916131,-216.424149,92.258324,83.988152
330,2.750000,-0.012372,0.399807,0.024903,0.916177,-216.424591,92.258537,83.989769
331,2.758333,-0.012445,0.399822,0.024935,0.916169,-216.424301,92.257973,83.990219
332,2.766667,-0.012498,0.399869,0.025106,0.916143,-216.423889,92.257919,83.991447
333,2.775000,-0.012281,0.399843,0.024940,0.916162,-216.423035,92.257629,83.993706
334,2.783333,-0.012234,0.399893,0.025063,0.916138,-216.421158,92.256584,83.995056
335,2.791667,-0.012250,0.399881,0.025120,0.916141,-216.419769,92.257355,83.994141
336,2.800000,-0.012308,0.399869,0.025042,0.916148,-216.418274,92.257401,83.993683
337,2.808333,-0.012380,0.399813,0.024954,0.916173,-216.417099,92.257736,83.993446
338,2.816667,-0.012429,0.399825,0.024922,0.916168,-216.415878,92.258469,83.992645
339,2.825000,-0.012393,0.399795,0.024957,0.916181,-216.416092,92.257782,83.990166
340,2.833333,-0.012417,0.399795,0.024907,0.916182,-216.416412,92.257401,83.989319
341,2.841667,-0.012291,0.399765,0.024881,0.916197,-216.415878,92.256996,83.988365
342,2.850000,-0.012304,0.399734,0.024855,0.916212,-216.416901,92.258408,83.986755
343,2.858333,-0.012283,0.399791,0.024825,0.916188,-216.418488,92.258705,83.986153
344,2.866667,-0.012332,0.399812,0.024741,0.916180,-216.420624,92.259949,83.984901
345,2.875000,-0.012444,0.399837,0.024840,0.916165,-216.421341,92.259560,83.985535
346,2.883333,-0.012420,0.399852,0.024913,0.916157,-216.422012,92.258606,83.985939
347,2.891667,-0.012280,0.399846,0.024889,0.916162,-216.423416,92.257980,83.987900
348,2.900000,-0.012165,0.399848,0.024913,0.916162,-216.423798,92.258003,83.989021
349,2.908333,-0.012124,0.399911,0.024969,0.916134,-216.422104,92.257584,83.991623
350,2.916667,-0.012258,0.399912,0.025049,0.916129,-216.420822,92.257545,83.993195
351,2.925000,-0.012201,0.399864,0.025129,0.916149,-216.418274,92.255707,83.994431
352,2.933333,-0.012236,0.399962,0.024941,0.916111,-216.416122,92.254692,83.995094
353,2.941667,-0.012280,0.399963,0.024935,0.916110,-216.412994,92.255089,83.993584
354,2.950000,-0.012248,0.399887,0.024745,0.916148,-216.407562,92.255577,83.995132
355,2.958333,-0.012231,0.399784,0.024589,0.916198,-216.403107,92.257233,83.997726
356,2.966667,-0.012158,0.399822,0.024350,0.916189,-216.397278,92.260002,83.998146
357,2.975000,-0.012110,0.399881,0.024043,0.916172,-216.391586,92.261719,84.001610
358,2.983333,-0.011917,0.399845,0.023828,0.916196,-216.386627,92.261490,84.004929
359,2.991667,-0.011756,0.399850,0.023712,0.916199,-216.384720,92.263474,84.010925
360,3.000000,-0.011666,0.399921,0.023615,0.916171,-216.383545,92.264313,84.019714
361,3.008333,-0.011391,0.399971,0.023629,0.916152,-216.383606,92.264145,84.030022
362,3.016667,-0.011186,0.400147,0.023867,0.916072,-216.384705,92.262840,84.046234
363,3.025000,-0.010765,0.400184,0.023764,0.916063,-216.384033,92.261642,84.064255
364,3.033333,-0.010362,0.400171,0.023795,0.916073,-216.383606,92.259460,84.086868
365,3.041667,-0.009795,0.400152,0.023671,0.916091,-216.379288,92.258705,84.114143
366,3.050000,-0.008828,0.400141,0.023271,0.916115,-216.372589,92.262276,84.145790
367,3.058333,-0.007038,0.399863,0.022745,0.916265,-216.364700,92.259514,84.184113
368,3.066667,-0.005114,0.399986,0.022795,0.916223,-216.350052,92.253838,84.221611
369,3.075000,-0.003806,0.400030,0.022536,0.916217,-216.335815,92.251701,84.251419
370,3.083333,-0.002650,0.399934,0.022411,0.916266,-216.318039,92.251648,84.276924
371,3.091667,-0.001832,0.399914,0.021955,0.916288,-216.299576,92.253304,84.295738
372,3.100000,-0.000632,0.401142,0.024810,0.915680,-216.272919,92.225647,84.328934
373,3.108333,-0.000420,0.401197,0.024679,0.915659,-216.260483,92.225716,84.338776
374,3.116667,-0.000159,0.401000,0.024764,0.915743,-216.253540,92.226913,84.345947
375,3.125000,0.000337,0.400524,0.025790,0.915923,-216.266754,92.218369,84.356964
376,3.133333,0.000592,0.400548,0.025691,0.915915,-216.267654,92.221031,84.366394
377,3.141667,0.000734,0.400752,0.025656,0.915827,-216.268951,92.221169,84.381020
378,3.150000,0.000769,0.400554,0.024394,0.915948,-216.280609,92.232460,84.387848
379,3.158333,0.000989,0.400280,0.024046,0.916077,-216.286682,92.233582,84.387016
380,3.166667,0.001081,0.401072,0.024654,0.915714,-216.280457,92.229149,84.400520
381,3.175000,0.000977,0.400405,0.024245,0.916017,-216.285080,92.235428,84.397232
382,3.183333,0.000955,0.400016,0.023903,0.916196,-216.287903,92.241722,84.400902
383,3.191667,0.001174,0.399918,0.023965,0.916237,-216.287369,92.243767,84.410889
384,3.200000,0.001319,0.400019,0.024221,0.916186,-216.285889,92.244286,84.425171
385,3.208333,0.001464,0.400106,0.024454,0.916141,-216.284988,92.245155,84.437813
386,3.216667,0.001587,0.400099,0.024389,0.916146,-216.273621,92.251137,84.443588
387,3.225000,0.001564,0.399724,0.023691,0.916328,-216.269226,92.261055,84.451675
388,3.233333,0.001571,0.399588,0.023227,0.916399,-216.268295,92.268333,84.458252
389,3.241667,0.001675,0.399520,0.023182,0.916430,-216.272217,92.270203,84.461418
390,3.250000,0.001738,0.399580,0.023533,0.916394,-216.276810,92.268982,84.461502
391,3.258333,0.001687,0.399631,0.023916,0.916362,-216.280106,92.266075,84.456543
392,3.266667,0.001360,0.399515,0.024205,0.916406,-216.286545,92.262543,84.443939
393,3.275000,0.001223,0.399420,0.024414,0.916442,-216.297241,92.255417,84.427635
394,3.283333,0.001352,0.399650,0.024349,0.916343,-216.305420,92.251625,84.403641
395,3.291667,0.001802,0.400364,0.026582,0.915969,-216.305405,92.230553,84.389130
396,3.300000,0.001206,0.400292,0.026875,0.915993,-216.313599,92.228851,84.355339
397,3.308333,0.000320,0.399546,0.025327,0.916363,-216.332932,92.243004,84.328964
398,3.316667,-0.000748,0.398706,0.023148,0.916786,-216.350388,92.272797,84.316330
399,3.325000,-0.000997,0.398656,0.022597,0.916822,-216.351578,92.302147,84.336281
400,3.333333,-0.000952,0.398410,0.023390,0.916909,-216.354721,92.341179,84.364639
401,3.341667,0.000015,0.398317,0.025317,0.916898,-216.352493,92.406563,84.387405
402,3.350000,0.000399,0.398167,0.025863,0.916948,-216.339920,92.464272,84.400986
403,3.358333,-0.000065,0.398147,0.025808,0.916958,-216.335800,92.515388,84.406891
404,3.366667,-0.000803,0.398142,0.025771,0.916962,-216.345642,92.561821,84.418083
405,3.375000,-0.001001,0.398067,0.025842,0.916992,-216.356308,92.606735,84.436897
406,3.383333,-0.000491,0.398062,0.025428,0.917006,-216.357239,92.654327,84.457817
407,3.391667,0.000587,0.398237,0.024909,0.916944,-216.350647,92.707741,84.475006
408,3.400000,0.001204,0.398465,0.024635,0.916852,-216.345688,92.762344,84.485497
409,3.408333,0.000684,0.398497,0.024102,0.916853,-216.343521,92.823120,84.495911
410,3.416667,-0.000463,0.398569,0.024248,0.916818,-216.340332,92.881210,84.498627
411,3.425000,-0.001997,0.398467,0.024064,0.916865,-216.337921,92.939270,84.497643
412,3.433333,-0.002702,0.398586,0.024279,0.916806,-216.328842,92.988037,84.498322
413,3.441667,-0.002272,0.398617,0.025872,0.916750,-216.321655,93.054802,84.498451
414,3.450000,-0.002674,0.399012,0.026032,0.916572,-216.322952,93.109962,84.504631
415,3.458333,-0.003203,0.399044,0.025246,0.916578,-216.325211,93.169388,84.507301
416,3.466667,-0.003420,0.399177,0.024067,0.916552,-216.324860,93.237183,84.509453
417,3.475000,-0.003284,0.399293,0.022890,0.916532,-216.323273,93.305725,84.511826
418,3.483333,-0.002970,0.399535,0.022426,0.916439,-216.320038,93.368988,84.515739
419,3.491667,-0.003321,0.399604,0.022898,0.916396,-216.319580,93.423279,84.516983
420,3.500000,-0.004068,0.399548,0.023460,0.916403,-216.319534,93.474335,84.519798
421,3.508333,-0.004480,0.399490,0.023675,0.916421,-216.319275,93.521240,84.524956
422,3.516667,-0.005017,0.399571,0.024467,0.916362,-216.318481,93.573608,84.528069
423,3.525000,-0.005297,0.399632,0.024665,0.916328,-216.315933,93.621948,84.529579
424,3.533333,-0.004942,0.400172,0.026504,0.916043,-216.319489,93.651901,84.549911
425,3.541667,-0.004365,0.400014,0.027186,0.916095,-216.307999,93.688950,84.553284
426,3.550000,-0.003833,0.400091,0.026832,0.916075,-216.300888,93.734436,84.565643
427,3.558333,-0.003986,0.399904,0.024569,0.916219,-216.303772,93.796654,84.568832
428,3.566667,-0.004598,0.399763,0.023039,0.916318,-216.307205,93.859734,84.568016
429,3.575000,-0.005290,0.399726,0.022009,0.916355,-216.306137,93.923256,84.569077
430,3.583333,-0.006128,0.399473,0.021308,0.916477,-216.303391,93.990028,84.561852
431,3.591667,-0.006874,0.399119,0.021047,0.916632,-216.299179,94.055664,84.550949
432,3.600000,-0.007304,0.398930,0.020863,0.916715,-216.294266,94.115021,84.546379
433,3.608333,-0.008668,0.399138,0.021790,0.916591,-216.293976,94.174835,84.539207
434,3.616667,-0.009433,0.399503,0.022430,0.916409,-216.291290,94.227257,84.533936
435,3.625000,-0.009464,0.399823,0.022533,0.916266,-216.285538,94.272873,84.529854
436,3.633333,-0.009823,0.400096,0.022010,0.916156,-216.284103,94.324265,84.526161
437,3.641667,-0.010353,0.400332,0.021180,0.916067,-216.285248,94.377884,84.520081
438,3.650000,-0.011378,0.400450,0.020092,0.916028,-216.288177,94.434822,84.514099
439,3.658333,-0.012280,0.400483,0.019376,0.916017,-216.288467,94.484985,84.508141
440,3.666667,-0.012724,0.400472,0.019802,0.916007,-216.300461,94.525856,84.515083
441,3.675000,-0.013012,0.400253,0.019597,0.916103,-216.293289,94.573746,84.509827
442,3.683333,-0.013351,0.400019,0.019437,0.916204,-216.285797,94.624199,84.505066
443,3.691667,-0.014100,0.400054,0.020229,0.916160,-216.279129,94.681488,84.500519
444,3.700000,-0.014260,0.399914,0.020466,0.916213,-216.275970,94.733200,84.497490
445,3.708333,-0.013809,0.400844,0.022718,0.915761,-216.263992,94.758957,84.510193
446,3.716667,-0.013845,0.400932,0.022440,0.915728,-216.259796,94.794586,84.510246
447,3.725000,-0.014015,0.400344,0.020588,0.916026,-216.265579,94.838722,84.497467
448,3.733333,-0.014636,0.400129,0.019490,0.916135,-216.268631,94.880806,84.484856
449,3.741667,-0.015355,0.400128,0.018767,0.916139,-216.267822,94.923630,84.475960
450,3.750000,-0.015931,0.400153,0.019239,0.916108,-216.285233,94.952583,84.478844
451,3.758333,-0.016801,0.400330,0.018212,0.916036,-216.273743,94.994194,84.467888
452,3.766667,-0.017750,0.400461,0.017414,0.915976,-216.259247,95.038574,84.456100
453,3.775000,-0.018741,0.400363,0.015983,0.916026,-216.248322,95.089874,84.440254
454,3.783333,-0.019861,0.400037,0.014120,0.916175,-216.244537,95.139549,84.424026
455,3.791667,-0.020705,0.399912,0.013395,0.916222,-216.243317,95.177490,84.415627
456,3.800000,-0.021735,0.400185,0.014683,0.916059,-216.245087,95.210617,84.414711
457,3.808333,-0.022086,0.400359,0.015543,0.915960,-216.246246,95.233597,84.415115
458,3.816667,-0.022018,0.400446,0.016007,0.915916,-216.246872,95.253365,84.421234
459,3.825000,-0.021430,0.400625,0.016478,0.915843,-216.246582,95.270988,84.427795
460,3.833333,-0.020926,0.400675,0.016911,0.915825,-216.245010,95.286896,84.432587
461,3.841667,-0.020659,0.400738,0.017392,0.915795,-216.242813,95.300919,84.437767
462,3.850000,-0.020520,0.400720,0.017839,0.915797,-216.240570,95.315262,84.444710
463,3.858333,-0.020469,0.400738,0.017963,0.915788,-216.237976,95.332466,84.449554
464,3.866667,-0.020416,0.400930,0.018204,0.915700,-216.234879,95.353333,84.451309
465,3.875000,-0.020503,0.401064,0.018340,0.915637,-216.230728,95.378807,84.451202
466,3.883333,-0.020650,0.401326,0.018311,0.915519,-216.226822,95.406776,84.449623
467,3.891667,-0.020722,0.401456,0.018076,0.915465,-216.223862,95.439423,84.448982
468,3.900000,-0.020841,0.401552,0.017872,0.915425,-216.222809,95.471397,84.446457
469,3.908333,-0.020757,0.401577,0.017654,0.915420,-216.222046,95.497787,84.445557
470,3.916667,-0.020596,0.401554,0.017564,0.915435,-216.220673,95.518669,84.442963
471,3.925000,-0.020474,0.401584,0.017381,0.915428,-216.220139,95.535835,84.440994
472,3.933333,-0.020429,0.401402,0.017487,0.915507,-216.220856,95.553528,84.443268
473,3.941667,-0.020486,0.401724,0.017619,0.915362,-216.218048,95.569542,84.440666
474,3.950000,-0.019859,0.401708,0.017632,0.915383,-216.214279,95.590630,84.437439
475,3.958333,-0.019892,0.401681,0.017522,0.915396,-216.212601,95.616302,84.440491
476,3.966667,-0.020439,0.401730,0.016877,0.915374,-216.208313,95.642380,84.433220
477,3.975000,-0.020762,0.401753,0.016313,0.915367,-216.202301,95.666786,84.430626
478,3.983333,-0.020629,0.401833,0.015854,0.915343,-216.195847,95.693817,84.430824
479,3.991667,-0.021493,0.401512,0.016940,0.915445,-216.196350,95.727310,84.432899
480,4.000000,-0.021940,0.401694,0.017352,0.915347,-216.193253,95.752647,84.428680
481,4.008333,-0.022046,0.401391,0.016929,0.915485,-216.191788,95.767181,84.431595
482,4.016667,-0.022295,0.401312,0.016698,0.915518,-216.188263,95.781914,84.433838
483,4.025000,-0.022734,0.401368,0.016663,0.915483,-216.186951,95.797256,84.435944
484,4.033333,-0.023279,0.401710,0.016867,0.915316,-216.182709,95.813980,84.432793
485,4.041667,-0.023481,0.401734,0.016838,0.915301,-216.180038,95.830734,84.430870
486,4.050000,-0.023624,0.401843,0.016932,0.915247,-216.175812,95.845627,84.428398
487,4.058333,-0.023880,0.401799,0.016797,0.915263,-216.172531,95.858589,84.425705
488,4.066667,-0.023944,0.401930,0.016530,0.915208,-216.166260,95.866638,84.420769
489,4.075000,-0.023974,0.402028,0.016227,0.915170,-216.159363,95.881134,84.418388
490,4.083333,-0.024256,0.402280,0.016316,0.915050,-216.146973,95.906815,84.415588
491,4.091667,-0.024432,0.403102,0.017722,0.914657,-216.121368,95.937935,84.411804
492,4.100000,-0.024527,0.403223,0.017262,0.914610,-216.093796,95.996872,84.396248
493,4.108333,-0.025042,0.402836,0.015791,0.914793,-216.070801,96.073166,84.375282
494,4.116667,-0.025847,0.403160,0.014511,0.914649,-216.041595,96.151474,84.357689
495,4.125000,-0.026910,0.404850,0.015890,0.913849,-216.001343,96.207214,84.362305
496,4.133333,-0.028897,0.404781,0.014119,0.913848,-215.983154,96.291260,84.340439
497,4.141667,-0.030437,0.404397,0.011843,0.914000,-215.975113,96.364906,84.320160
498,4.150000,-0.030849,0.404155,0.010864,0.914106,-215.970947,96.414551,84.304359
499,4.158333,-0.031143,0.403954,0.010271,0.914191,-215.972427,96.454102,84.296158
500,4.166667,-0.031512,0.404070,0.010459,0.914126,-215.978165,96.488686,84.294373
501,4.175000,-0.031677,0.404233,0.010918,0.914042,-215.987610,96.514252,84.293816
502,4.183333,-0.031778,0.404328,0.011416,0.913991,-215.996094,96.536720,84.293800
503,4.191667,-0.031805,0.404445,0.011849,0.913932,-215.997742,96.556061,84.289803
504,4.200000,-0.031849,0.404578,0.012131,0.913868,-215.998764,96.573425,84.284676
505,4.208333,-0.031774,0.404696,0.012228,0.913817,-216.000992,96.590546,84.277878
506,4.216667,-0.031834,0.404675,0.012213,0.913825,-216.003723,96.606651,84.271950
507,4.225000,-0.031974,0.404632,0.012065,0.913841,-216.006729,96.620430,84.265320
508,4.233333,-0.032156,0.404582,0.011845,0.913859,-216.011902,96.631699,84.260841
509,4.241667,-0.032459,0.404496,0.011724,0.913889,-216.015442,96.639839,84.257385
510,4.250000,-0.032581,0.404462,0.011733,0.913899,-216.014954,96.645889,84.254715
511,4.258333,-0.032656,0.404430,0.011670,0.913911,-216.011093,96.646271,84.253273
512,4.266667,-0.032567,0.404507,0.011452,0.913883,-216.007401,96.642899,84.255013
513,4.275000,-0.032401,0.404589,0.011465,0.913853,-216.005188,96.637383,84.258751
514,4.283333,-0.032305,0.404530,0.011568,0.913881,-216.004562,96.632210,84.263390
515,4.291667,-0.032362,0.404564,0.011893,0.913860,-216.004471,96.631699,84.266434
516,4.300000,-0.032474,0.404583,0.011978,0.913846,-216.003235,96.634842,84.268875
517,4.308333,-0.032493,0.404557,0.011952,0.913857,-215.999954,96.637253,84.269562
518,4.316667,-0.032630,0.404606,0.011911,0.913831,-215.995972,96.639099,84.269882
519,4.325000,-0.032615,0.404573,0.011692,0.913849,-215.994614,96.638893,84.270142
520,4.333333,-0.032678,0.404616,0.011513,0.913830,-215.994949,96.637215,84.270554
521,4.341667,-0.032584,0.404555,0.011481,0.913861,-215.997772,96.633186,84.270271
522,4.350000,-0.032496,0.404550,0.011788,0.913862,-216.000778,96.631668,84.268829
523,4.358333,-0.032547,0.404540,0.011736,0.913866,-216.006332,96.635590,84.266747
524,4.366667,-0.032540,0.404519,0.011815,0.913874,-216.008636,96.638809,84.264114
525,4.375000,-0.032443,0.404504,0.011858,0.913884,-216.010147,96.640511,84.260918
526,4.383333,-0.032400,0.404504,0.011882,0.913885,-216.011292,96.639214,84.258568
527,4.391667,-0.032340,0.404476,0.011839,0.913900,-216.013626,96.636650,84.259468
528,4.400000,-0.032272,0.404489,0.011838,0.913897,-216.013290,96.634109,84.260071
529,4.408333,-0.032273,0.404532,0.011919,0.913877,-216.012817,96.634995,84.259506
530,4.416667,-0.032311,0.404533,0.011935,0.913874,-216.010712,96.634865,84.258652
531,4.425000,-0.032402,0.404499,0.011730,0.913889,-216.007782,96.638184,84.259232
532,4.433333,-0.032495,0.404485,0.011642,0.913893,-216.004364,96.638802,84.260551
533,4.441667,-0.032574,0.404561,0.011533,0.913858,-216.001755,96.638756,84.262917
534,4.450000,-0.032617,0.404522,0.011521,0.913874,-215.998962,96.637383,84.265457
535,4.458333,-0.032559,0.404572,0.011545,0.913853,-215.995407,96.634010,84.269531
536,4.466667,-0.032590,0.404595,0.011756,0.913840,-215.994614,96.633263,84.271713
537,4.475000,-0.032613,0.404611,0.011780,0.913831,-215.995361,96.634270,84.271065
538,4.483333,-0.032704,0.404593,0.011873,0.913835,-215.996338,96.637558,84.270096
539,4.491667,-0.032641,0.404538,0.011745,0.913863,-215.999008,96.638901,84.269135
540,4.500000,-0.032609,0.404562,0.011687,0.913854,-216.001648,96.638580,84.267563
541,4.508333,-0.032560,0.404517,0.011688,0.913876,-216.003891,96.636421,84.267006
542,4.516667,-0.032511,0.404556,0.011783,0.913859,-216.006607,96.634979,84.266327
543,4.525000,-0.032447,0.404550,0.011754,0.913864,-216.009933,96.635284,84.264130
544,4.533333,-0.032422,0.404522,0.011821,0.913877,-216.012238,96.636398,84.260468
545,4.541667,-0.032412,0.404501,0.011909,0.913885,-216.012878,96.638092,84.257980
546,4.550000,-0.032415,0.404488,0.011830,0.913892,-216.012924,96.639320,84.258308
547,4.558333,-0.032402,0.404487,0.011695,0.913895,-216.011978,96.638405,84.258049
548,4.566667,-0.032418,0.404514,0.011618,0.913883,-216.008545,96.635452,84.258972
549,4.575000,-0.032461,0.404518,0.011553,0.913881,-216.005234,96.635612,84.260178
550,4.583333,-0.032577,0.404591,0.011650,0.913843,-216.002350,96.636131,84.261070
551,4.591667,-0.032620,0.404556,0.011590,0.913858,-216.000412,96.637825,84.263672
552,4.600000,-0.032579,0.404570,0.011696,0.913852,-215.997894,96.637985,84.265854
553,4.608333,-0.032541,0.404569,0.011692,0.913853,-215.996368,96.638649,84.268837
554,4.616667,-0.032572,0.404562,0.011610,0.913857,-215.996246,96.637802,84.269791
555,4.625000,-0.032701,0.404564,0.011663,0.913851,-215.996262,96.635910,84.271317
556,4.633333,-0.032580,0.404563,0.011738,0.913854,-215.996811,96.635086,84.272026
557,4.641667,-0.032525,0.404585,0.011643,0.913848,-215.999023,96.635529,84.271484
558,4.650000,-0.032614,0.404550,0.011702,0.913859,-216.002075,96.636024,84.268097
559,4.658333,-0.032598,0.404482,0.011744,0.913889,-216.004440,96.636955,84.266861
560,4.666667,-0.032621,0.404486,0.011766,0.913886,-216.007050,96.637436,84.264641
561,4.675000,-0.032397,0.404491,0.011789,0.913892,-216.009094,96.636574,84.263107
562,4.683333,-0.032354,0.404503,0.011789,0.913888,-216.010757,96.636246,84.262177
563,4.691667,-0.032262,0.404482,0.011788,0.913901,-216.011017,96.636818,84.260094
564,4.700000,-0.032242,0.404524,0.011847,0.913882,-216.011475,96.637505,84.258591
565,4.708333,-0.032362,0.404553,0.011797,0.913866,-216.010208,96.637413,84.258308
566,4.716667,-0.032436,0.404513,0.011700,0.913882,-216.007874,96.637749,84.258392
567,4.725000,-0.032444,0.404452,0.011608,0.913910,-216.004776,96.636589,84.259697
568,4.733333,-0.032433,0.404564,0.011646,0.913860,-216.001862,96.636284,84.262032
569,4.741667,-0.032491,0.404611,0.011645,0.913837,-215.999603,96.635742,84.263634
570,4.750000,-0.032484,0.404550,0.011700,0.913864,-215.997650,96.635017,84.266983
571,4.758333,-0.032525,0.404561,0.011725,0.913857,-215.996048,96.636162,84.268463
572,4.766667,-0.032642,0.404594,0.011774,0.913838,-215.995377,96.635429,84.269455
573,4.775000,-0.032770,0.404614,0.011757,0.913824,-215.995529,96.635788,84.270164
574,4.783333,-0.032723,0.404528,0.011679,0.913866,-215.997055,96.635101,84.270081
575,4.791667,-0.032572,0.404504,0.011815,0.913880,-215.999054,96.636131,84.270493
576,4.800000,-0.032495,0.404550,0.011822,0.913862,-216.001801,96.636436,84.268936
577,4.808333,-0.032520,0.404552,0.011732,0.913862,-216.003876,96.637894,84.267197
578,4.816667,-0.032623,0.404528,0.011724,0.913868,-216.006775,96.638451,84.265076
579,4.825000,-0.032410,0.404491,0.011779,0.913892,-216.008453,96.636513,84.263458
580,4.833333,-0.032383,0.404504,0.011779,0.913887,-216.009979,96.636047,84.260880
581,4.841667,-0.032400,0.404500,0.011689,0.913889,-216.010254,96.636345,84.260597
582,4.850000,-0.032451,0.404497,0.011775,0.913887,-216.010040,96.635933,84.259102
583,4.858333,-0.032386,0.404515,0.011710,0.913883,-216.009476,96.637222,84.258987
584,4.866667,-0.032274,0.404527,0.011800,0.913880,-216.007263,96.637985,84.259354
585,4.875000,-0.032458,0.404521,0.011704,0.913878,-216.005035,96.637962,84.260094
586,4.883333,-0.032629,0.404550,0.011635,0.913859,-216.002136,96.638420,84.261368
587,4.891667,-0.032654,0.404514,0.011615,0.913875,-215.999130,96.637421,84.262901
588,4.900000,-0.032588,0.404536,0.011634,0.913867,-215.995911,96.636360,84.266426
589,4.908333,-0.032647,0.404539,0.011518,0.913866,-215.994080,96.637711,84.269211
590,4.916667,-0.032721,0.404555,0.011675,0.913854,-215.991943,96.638939,84.270477
591,4.925000,-0.032910,0.404613,0.011751,0.913820,-215.991592,96.642853,84.272850
592,4.933333,-0.033136,0.404554,0.011762,0.913838,-215.992905,96.647774,84.275314
593,4.941667,-0.033421,0.404489,0.011728,0.913857,-215.995499,96.654945,84.276466
594,4.950000,-0.033616,0.404454,0.011619,0.913867,-215.998199,96.662910,84.278908
595,4.958333,-0.033909,0.404442,0.011635,0.913861,-216.000198,96.671768,84.281357
596,4.966667,-0.034270,0.404366,0.011600,0.913881,-216.002655,96.678505,84.285889
597,4.975000,-0.034531,0.404376,0.011662,0.913866,-216.003708,96.684357,84.292152
598,4.983333,-0.034735,0.404232,0.011611,0.913923,-216.002869,96.689651,84.302116
599,4.991667,-0.034948,0.404187,0.011500,0.913936,-216.000443,96.696327,84.312531
600,5.000000,-0.035183,0.404199,0.011248,0.913925,-215.998413,96.704308,84.324821
601,5.008333,-0.035440,0.404253,0.011022,0.913894,-215.992004,96.714462,84.337112
602,5.016667,-0.035967,0.404233,0.010536,0.913888,-215.986603,96.724884,84.352783
603,5.025000,-0.036301,0.404140,0.010004,0.913922,-215.978424,96.732727,84.368149
604,5.033333,-0.036452,0.404020,0.009467,0.913975,-215.968353,96.738411,84.384064
605,5.041667,-0.036411,0.403781,0.008912,0.914087,-215.957611,96.741081,84.402740
606,5.050000,-0.036187,0.404691,0.011209,0.913669,-215.940521,96.722946,84.436699
607,5.058333,-0.036199,0.404545,0.011611,0.913728,-215.932083,96.720108,84.464699
608,5.066667,-0.036090,0.404497,0.012235,0.913745,-215.922729,96.711754,84.488007
609,5.075000,-0.036044,0.404255,0.011076,0.913869,-215.918777,96.710152,84.513245
610,5.083333,-0.035515,0.404478,0.010328,0.913799,-215.898300,96.694984,84.547134
611,5.091667,-0.034563,0.406139,0.013697,0.913055,-215.857452,96.646049,84.602325
612,5.100000,-0.034584,0.405732,0.011950,0.913260,-215.827179,96.634537,84.639641
613,5.108333,-0.034545,0.405636,0.011241,0.913312,-215.791504,96.617386,84.674278
614,5.116667,-0.035216,0.406126,0.010761,0.913075,-215.758469,96.593292,84.711578
615,5.125000,-0.034689,0.407942,0.013754,0.912245,-215.716934,96.535965,84.766342
616,5.133333,-0.033338,0.407485,0.011639,0.912529,-215.683792,96.492088,84.814621
617,5.141667,-0.031711,0.408794,0.013606,0.911974,-215.631180,96.415779,84.891006
618,5.150000,-0.031055,0.408654,0.012670,0.912073,-215.600967,96.362648,84.946556
619,5.158333,-0.031019,0.408845,0.012381,0.911992,-215.573639,96.308151,85.002632
620,5.166667,-0.030527,0.408978,0.013037,0.911940,-215.533524,96.252235,85.066650
621,5.175000,-0.029082,0.410492,0.015792,0.911263,-215.479202,96.173027,85.150452
622,5.183333,-0.026931,0.410274,0.014317,0.911452,-215.438263,96.102852,85.218506
623,5.191667,-0.025475,0.410318,0.013785,0.911482,-215.381699,96.023682,85.297791
624,5.200000,-0.025727,0.410483,0.013441,0.911406,-215.340515,95.965668,85.358261
625,5.208333,-0.025736,0.411251,0.014161,0.911049,-215.297607,95.910179,85.427269
626,5.216667,-0.024083,0.412265,0.016174,0.910602,-215.247086,95.848915,85.506294
627,5.225000,-0.021949,0.412613,0.016311,0.910496,-215.198257,95.789345,85.589119
628,5.233333,-0.021549,0.413299,0.015127,0.910215,-215.159576,95.743919,85.654984
629,5.241667,-0.022522,0.413573,0.014600,0.910075,-215.122955,95.712440,85.711349
630,5.250000,-0.023379,0.413728,0.014458,0.909986,-215.085938,95.690018,85.772507
631,5.258333,-0.022919,0.414911,0.015417,0.909442,-215.042160,95.667320,85.837547
632,5.266667,-0.022240,0.415841,0.016197,0.909021,-215.001007,95.651138,85.899963
633,5.275000,-0.022075,0.416043,0.016594,0.908926,-214.958313,95.638145,85.959290
634,5.283333,-0.022642,0.416170,0.016624,0.908853,-214.917175,95.634369,86.019669
635,5.291667,-0.023733,0.416746,0.016546,0.908563,-214.879730,95.641830,86.079895
636,5.300000,-0.024082,0.418157,0.018787,0.907861,-214.830231,95.637741,86.149841
637,5.308333,-0.024175,0.418565,0.020143,0.907642,-214.777161,95.647362,86.220909
638,5.316667,-0.024796,0.418702,0.019095,0.907584,-214.730667,95.673325,86.291176
639,5.325000,-0.025055,0.418520,0.017397,0.907695,-214.690308,95.694008,86.357529
640,5.333333,-0.026313,0.418970,0.015881,0.907480,-214.639801,95.725021,86.414825
641,5.341667,-0.027989,0.419204,0.013723,0.907357,-214.575714,95.762810,86.468925
642,5.350000,-0.029881,0.419741,0.012412,0.907067,-214.507507,95.795166,86.524162
643,5.358333,-0.031171,0.421572,0.013980,0.906151,-214.434174,95.818993,86.593185
644,5.366667,-0.032129,0.421817,0.013142,0.906016,-214.386795,95.864479,86.652252
645,5.375000,-0.033347,0.422210,0.013941,0.905777,-214.340500,95.919823,86.716980
646,5.383333,-0.034401,0.422617,0.013635,0.905552,-214.287186,95.978081,86.780617
647,5.391667,-0.036042,0.423324,0.013177,0.905165,-214.238708,96.040970,86.838585
648,5.400000,-0.037680,0.424085,0.012392,0.904753,-214.190720,96.101006,86.885643
649,5.408333,-0.039350,0.424533,0.011491,0.904484,-214.140182,96.154114,86.930779
650,5.416667,-0.040853,0.424843,0.010267,0.904287,-214.089294,96.203491,86.980560
651,5.425000,-0.041216,0.426466,0.012117,0.903483,-214.027664,96.223595,87.048813
652,5.433333,-0.042479,0.427277,0.012459,0.903036,-213.972519,96.247025,87.106354
653,5.441667,-0.043741,0.427577,0.011107,0.902852,-213.922791,96.280121,87.157700
654,5.450000,-0.044913,0.427959,0.010053,0.902626,-213.875443,96.312317,87.209877
655,5.458333,-0.046086,0.428313,0.009782,0.902402,-213.824936,96.346069,87.267761
656,5.466667,-0.047094,0.428747,0.009527,0.902146,-213.766403,96.378090,87.316803
657,5.475000,-0.048823,0.429257,0.008190,0.901825,-213.712891,96.407089,87.354942
658,5.483333,-0.049872,0.429280,0.006920,0.901767,-213.658051,96.434875,87.390091
659,5.491667,-0.049236,0.431098,0.009577,0.900910,-213.587692,96.431969,87.457069
660,5.500000,-0.049159,0.431865,0.010055,0.900541,-213.530640,96.447403,87.514961
661,5.508333,-0.049416,0.431928,0.009652,0.900502,-213.478973,96.459167,87.562897
662,5.516667,-0.049912,0.432012,0.009777,0.900433,-213.419220,96.460091,87.604279
663,5.525000,-0.049789,0.432821,0.009362,0.900055,-213.361328,96.457581,87.642136
664,5.533333,-0.049343,0.433384,0.007625,0.899825,-213.303879,96.453667,87.683563
665,5.541667,-0.048769,0.434715,0.008674,0.899205,-213.230545,96.435944,87.740295
666,5.550000,-0.049258,0.435353,0.008337,0.898872,-213.166809,96.427094,87.790085
667,5.558333,-0.049456,0.435640,0.007407,0.898731,-213.116241,96.413643,87.826157
668,5.566667,-0.049250,0.436082,0.007995,0.898523,-213.083649,96.384834,87.873955
669,5.575000,-0.048959,0.437268,0.009389,0.897948,-213.011642,96.353371,87.916199
670,5.583333,-0.049234,0.438057,0.009254,0.897550,-212.946960,96.337769,87.960510
671,5.591667,-0.049721,0.438730,0.009414,0.897193,-212.890335,96.319023,87.997025
672,5.600000,-0.050100,0.439435,0.009918,0.896821,-212.836548,96.300117,88.035179
673,5.608333,-0.049740,0.439043,0.009478,0.897038,-212.785248,96.285126,88.075546
674,5.616667,-0.048697,0.438512,0.008108,0.897368,-212.725067,96.253380,88.121048
675,5.625000,-0.047636,0.438826,0.007649,0.897276,-212.667419,96.219925,88.159889
676,5.633333,-0.045098,0.441356,0.010752,0.896134,-212.591858,96.142929,88.236115
677,5.641667,-0.044996,0.442348,0.011406,0.895642,-212.528809,96.093521,88.286758
678,5.650000,-0.045845,0.441994,0.010658,0.895782,-212.477020,96.070702,88.317459
679,5.658333,-0.045749,0.442503,0.011148,0.895530,-212.417358,96.052834,88.357292
680,5.666667,-0.045348,0.443326,0.011990,0.895132,-212.350937,96.037682,88.395081
681,5.675000,-0.045398,0.443452,0.012652,0.895058,-212.285156,96.022156,88.425735
682,5.683333,-0.045448,0.443486,0.013449,0.895027,-212.214279,96.002556,88.464317
683,5.691667,-0.045339,0.444254,0.014042,0.894643,-212.145950,95.983803,88.506523
684,5.700000,-0.044441,0.444562,0.012258,0.894561,-212.087006,95.958534,88.549126
685,5.708333,-0.044022,0.445431,0.011871,0.894154,-212.037994,95.937477,88.578354
686,5.716667,-0.042871,0.446112,0.011407,0.893877,-211.977295,95.913902,88.614975
687,5.725000,-0.043134,0.446722,0.011109,0.893563,-211.918381,95.888069,88.658669
688,5.733333,-0.043489,0.447234,0.011082,0.893290,-211.862823,95.868507,88.700638
689,5.741667,-0.044061,0.447957,0.011686,0.892892,-211.803864,95.850784,88.739769
690,5.750000,-0.044458,0.448441,0.012608,0.892617,-211.738831,95.838364,88.781044
691,5.758333,-0.044521,0.449187,0.013191,0.892230,-211.672379,95.826637,88.817093
692,5.766667,-0.044632,0.449807,0.013764,0.891903,-211.609070,95.810318,88.850388
693,5.775000,-0.044662,0.450767,0.014380,0.891408,-211.539413,95.795509,88.888771
694,5.783333,-0.043452,0.450883,0.013162,0.891428,-211.463196,95.769821,88.929688
695,5.791667,-0.042625,0.451438,0.012305,0.891199,-211.401337,95.752472,88.957703
696,5.800000,-0.042300,0.452672,0.011669,0.890597,-211.339981,95.734383,88.987823
697,5.808333,-0.042078,0.453741,0.011036,0.890071,-211.277039,95.717361,89.022209
698,5.816667,-0.041780,0.454193,0.011224,0.889852,-211.210892,95.703629,89.055779
699,5.825000,-0.042901,0.454793,0.011987,0.889483,-211.145279,95.690460,89.097878
700,5.833333,-0.043969,0.455187,0.013038,0.889214,-211.093353,95.669655,89.138496
701,5.841667,-0.044378,0.456009,0.012814,0.888776,-211.013702,95.659737,89.170692
702,5.850000,-0.044273,0.456980,0.012593,0.888285,-210.938736,95.646240,89.202286
703,5.858333,-0.043971,0.457715,0.012791,0.887919,-210.866470,95.629997,89.237480
704,5.866667,-0.044047,0.457955,0.013294,0.887784,-210.798599,95.616425,89.273987
705,5.875000,-0.044542,0.458170,0.013968,0.887638,-210.736206,95.604828,89.306572
706,5.883333,-0.044253,0.458700,0.014266,0.887374,-210.670471,95.593002,89.341728
707,5.891667,-0.042935,0.459272,0.012953,0.887163,-210.595840,95.569733,89.385742
708,5.900000,-0.042420,0.460125,0.012792,0.886748,-210.529572,95.551041,89.416679
709,5.908333,-0.041955,0.461036,0.013682,0.886283,-210.457748,95.534142,89.452156
710,5.916667,-0.041663,0.461823,0.014345,0.885877,-210.385101,95.518616,89.482468
711,5.925000,-0.042691,0.462772,0.013902,0.885340,-210.329865,95.502777,89.524139
712,5.933333,-0.043239,0.463484,0.014445,0.884932,-210.256653,95.477333,89.553246
713,5.941667,-0.043347,0.464288,0.015578,0.884486,-210.169693,95.460167,89.598587
714,5.950000,-0.043655,0.465052,0.016831,0.884046,-210.091583,95.446793,89.635925
715,5.958333,-0.043956,0.465474,0.017042,0.883805,-210.025192,95.443916,89.661285
716,5.966667,-0.043726,0.466288,0.017561,0.883377,-209.955124,95.430183,89.698662
717,5.975000,-0.043723,0.467004,0.018155,0.882987,-209.884171,95.413841,89.737610
718,5.983333,-0.043150,0.467297,0.016660,0.882890,-209.811523,95.396469,89.767120
719,5.991667,-0.042530,0.468244,0.016620,0.882419,-209.740662,95.377769,89.786537
720,6.000000,-0.041902,0.469523,0.016098,0.881779,-209.669037,95.355568,89.813644
721,6.008333,-0.041339,0.470040,0.015117,0.881547,-209.600357,95.340004,89.843575
722,6.016667,-0.040762,0.469962,0.015956,0.881601,-209.543640,95.320427,89.881477
723,6.025000,-0.041633,0.471240,0.017128,0.880855,-209.462814,95.291534,89.912735
724,6.033333,-0.042445,0.472602,0.016264,0.880103,-209.396484,95.276535,89.937500
725,6.041667,-0.043156,0.472918,0.015663,0.879910,-209.327072,95.265511,89.965027
726,6.050000,-0.043622,0.473465,0.016313,0.879581,-209.250885,95.251961,90.001366
727,6.058333,-0.043704,0.474110,0.016910,0.879218,-209.175110,95.243813,90.036331
728,6.066667,-0.044156,0.474753,0.017113,0.878844,-209.101562,95.241013,90.064957
729,6.075000,-0.044304,0.475175,0.017917,0.878593,-209.028214,95.228699,90.092735
730,6.083333,-0.043983,0.475737,0.018672,0.878289,-208.951111,95.211494,90.122093
731,6.091667,-0.043249,0.475872,0.018072,0.878264,-208.873566,95.195213,90.156319
732,6.100000,-0.042321,0.476390,0.017823,0.878034,-208.803589,95.175423,90.185425
733,6.108333,-0.041822,0.477469,0.017919,0.877470,-208.733551,95.152702,90.212418
734,6.116667,-0.041542,0.478124,0.017057,0.877144,-208.661484,95.143974,90.236298
735,6.125000,-0.042728,0.478999,0.016203,0.876625,-208.592194,95.132103,90.265694
736,6.133333,-0.043253,0.479786,0.016758,0.876159,-208.515762,95.114624,90.305756
737,6.141667,-0.043764,0.480603,0.017569,0.875669,-208.445007,95.099312,90.335861
738,6.150000,-0.044467,0.481389,0.017496,0.875204,-208.373093,95.088730,90.350357
739,6.158333,-0.045001,0.481860,0.017862,0.874909,-208.301086,95.067749,90.373344
740,6.166667,-0.044633,0.482635,0.018371,0.874491,-208.224075,95.043373,90.400726
741,6.175000,-0.044360,0.483111,0.018464,0.874239,-208.147354,95.033226,90.430290
742,6.183333,-0.043820,0.483878,0.017626,0.873860,-208.072159,95.021866,90.455978
743,6.191667,-0.043429,0.484925,0.017359,0.873304,-207.986526,95.010429,90.485825
744,6.200000,-0.043154,0.485679,0.016865,0.872909,-207.910110,95.000160,90.508820
745,6.208333,-0.043481,0.486036,0.016399,0.872702,-207.836456,94.989014,90.533974
746,6.216667,-0.043468,0.486448,0.016975,0.872462,-207.760712,94.965652,90.563568
747,6.225000,-0.043187,0.487373,0.017765,0.871944,-207.689499,94.940994,90.592361
748,6.233333,-0.043107,0.487899,0.017726,0.871655,-207.622223,94.928413,90.614143
749,6.241667,-0.043200,0.488349,0.018166,0.871389,-207.549927,94.915741,90.634598
750,6.250000,-0.043097,0.488934,0.018998,0.871049,-207.467911,94.905350,90.670647
751,6.258333,-0.043800,0.489655,0.019376,0.870600,-207.395248,94.899437,90.704193
752,6.266667,-0.044502,0.490175,0.019275,0.870274,-207.330139,94.894569,90.726021
753,6.275000,-0.044643,0.490869,0.019703,0.869866,-207.258362,94.883469,90.748604
754,6.283333,-0.044167,0.491619,0.020530,0.869447,-207.181793,94.869797,90.771973
755,6.291667,-0.042966,0.491697,0.019302,0.869492,-207.104401,94.850510,90.797737
756,6.300000,-0.042328,0.492516,0.018991,0.869066,-207.033661,94.836250,90.812027
757,6.308333,-0.041627,0.493833,0.018848,0.868355,-206.957199,94.822083,90.834106
758,6.316667,-0.041697,0.495003,0.018423,0.867695,-206.876633,94.816818,90.859726
759,6.325000,-0.042231,0.495067,0.017862,0.867644,-206.796814,94.816956,90.877663
760,6.333333,-0.043394,0.495588,0.018077,0.867285,-206.717560,94.802376,90.907921
761,6.341667,-0.043699,0.496641,0.018720,0.866653,-206.648010,94.783905,90.937195
762,6.350000,-0.043599,0.497366,0.018778,0.866241,-206.577591,94.767838,90.955009
763,6.358333,-0.043469,0.497907,0.018689,0.865939,-206.497009,94.753792,90.964371
764,6.366667,-0.043600,0.498692,0.019052,0.865472,-206.413452,94.746277,90.988831
765,6.375000,-0.043443,0.499342,0.020454,0.865073,-206.323456,94.734482,91.020515
766,6.383333,-0.043719,0.499803,0.020776,0.864785,-206.247665,94.725662,91.042015
767,6.391667,-0.043542,0.500494,0.021644,0.864373,-206.175156,94.711830,91.067169
768,6.400000,-0.043182,0.501370,0.022497,0.863862,-206.099487,94.698494,91.086296
769,6.408333,-0.041832,0.501722,0.020979,0.863762,-206.015274,94.680038,91.103645
770,6.416667,-0.041684,0.502559,0.019634,0.863314,-205.937164,94.668640,91.118774
771,6.425000,-0.041312,0.503696,0.019518,0.862672,-205.852600,94.653023,91.135880
772,6.433333,-0.041066,0.504743,0.019826,0.862064,-205.770905,94.638550,91.150475
773,6.441667,-0.042426,0.505315,0.019351,0.861674,-205.697708,94.623741,91.167877
774,6.450000,-0.042522,0.505645,0.019113,0.861481,-205.622009,94.610573,91.193268
775,6.458333,-0.042415,0.506330,0.019651,0.861072,-205.545776,94.594864,91.219070
776,6.466667,-0.042145,0.507306,0.019586,0.860512,-205.461548,94.584297,91.238770
777,6.475000,-0.042464,0.508099,0.019795,0.860023,-205.379562,94.575272,91.249580
778,6.483333,-0.043217,0.508716,0.020480,0.859605,-205.299683,94.564346,91.267822
779,6.491667,-0.043849,0.509105,0.021412,0.859320,-205.216080,94.552010,91.293388
780,6.500000,-0.044088,0.509094,0.022172,0.859295,-205.134491,94.540611,91.316971
781,6.508333,-0.043738,0.509806,0.022768,0.858875,-205.056595,94.531784,91.331879
782,6.516667,-0.042451,0.510826,0.021474,0.858367,-204.970474,94.516029,91.348015
783,6.525000,-0.041319,0.512282,0.020664,0.857574,-204.884842,94.497749,91.360909
784,6.533333,-0.041398,0.512989,0.019739,0.857169,-204.808228,94.483337,91.376343
785,6.541667,-0.040700,0.513384,0.020408,0.856951,-204.716660,94.473007,91.404633
786,6.550000,-0.041080,0.514056,0.021106,0.856512,-204.635284,94.456116,91.427864
787,6.558333,-0.041644,0.514732,0.020902,0.856084,-204.561478,94.444260,91.438271
788,6.566667,-0.041909,0.515374,0.020254,0.855700,-204.483978,94.434113,91.452866
789,6.575000,-0.041424,0.516464,0.020789,0.855054,-204.395981,94.422668,91.477959
790,6.583333,-0.041530,0.516895,0.021002,0.854783,-204.308777,94.417198,91.507072
791,6.591667,-0.041884,0.517263,0.021447,0.854532,-204.234650,94.420601,91.520767
792,6.600000,-0.042070,0.517984,0.022511,0.854059,-204.157990,94.411438,91.534897
793,6.608333,-0.042364,0.519043,0.023604,0.853371,-204.071762,94.394012,91.547813
794,6.616667,-0.042196,0.519507,0.023078,0.853112,-203.983429,94.385918,91.560989
795,6.625000,-0.042080,0.520260,0.022727,0.852668,-203.900055,94.380745,91.567581
796,6.633333,-0.041612,0.520984,0.021504,0.852280,-203.819183,94.365120,91.582886
797,6.641667,-0.041467,0.521961,0.021898,0.851680,-203.746338,94.346878,91.596001
798,6.650000,-0.040812,0.522507,0.021767,0.851379,-203.668121,94.327538,91.602478
799,6.658333,-0.041607,0.522932,0.021223,0.851094,-203.582413,94.301430,91.615898
800,6.666667,-0.041720,0.523732,0.021310,0.850594,-203.495667,94.276733,91.632721
801,6.675000,-0.041781,0.524640,0.021484,0.850027,-203.414322,94.261589,91.645210
802,6.683333,-0.042480,0.525279,0.021323,0.849602,-203.340836,94.260010,91.653320
803,6.691667,-0.043167,0.525757,0.022096,0.849251,-203.269440,94.256195,91.655060
804,6.700000,-0.042922,0.526761,0.023028,0.848616,-203.193878,94.243690,91.653023
805,6.708333,-0.042338,0.527707,0.022749,0.848066,-203.110855,94.232651,91.649178
806,6.716667,-0.042060,0.528219,0.022377,0.847770,-203.035309,94.229218,91.645935
807,6.725000,-0.042512,0.528445,0.021800,0.847622,-202.969574,94.230591,91.642281
808,6.733333,-0.043143,0.528786,0.021485,0.847386,-202.908569,94.234497,91.638931
809,6.741667,-0.043340,0.529063,0.022232,0.847183,-202.846573,94.231155,91.637321
810,6.750000,-0.043358,0.529573,0.023311,0.846835,-202.785675,94.227966,91.634201
811,6.758333,-0.043149,0.530315,0.023333,0.846380,-202.723312,94.227074,91.626732
812,6.766667,-0.043099,0.531156,0.023501,0.845851,-202.663239,94.224358,91.618202
813,6.775000,-0.043285,0.531799,0.023267,0.845443,-202.608994,94.220497,91.611084
814,6.783333,-0.043381,0.532234,0.023083,0.845170,-202.557892,94.217484,91.601257
815,6.791667,-0.043328,0.532443,0.023075,0.845041,-202.503372,94.208397,91.596214
816,6.800000,-0.043746,0.532777,0.022324,0.844829,-202.445221,94.182297,91.592369
817,6.808333,-0.043684,0.533529,0.022565,0.844351,-202.391815,94.161110,91.583351
818,6.816667,-0.043205,0.534285,0.022695,0.843895,-202.336670,94.141380,91.576508
819,6.825000,-0.042623,0.534818,0.022669,0.843587,-202.278992,94.124306,91.574059
820,6.833333,-0.042219,0.535001,0.022207,0.843504,-202.226334,94.110504,91.568611
821,6.841667,-0.041895,0.535024,0.022087,0.843509,-202.177521,94.092140,91.556015
822,6.850000,-0.041363,0.535280,0.022091,0.843372,-202.128937,94.065155,91.540787
823,6.858333,-0.040938,0.535797,0.022177,0.843062,-202.081329,94.032898,91.529762
824,6.866667,-0.040669,0.536563,0.022674,0.842575,-202.034790,94.000801,91.518417
825,6.875000,-0.041191,0.537178,0.023112,0.842145,-201.990005,93.965279,91.507477
826,6.883333,-0.041383,0.537937,0.023824,0.841631,-201.946228,93.930695,91.498207
827,6.891667,-0.040858,0.538405,0.023940,0.841355,-201.900558,93.895874,91.490669
828,6.900000,-0.039778,0.538815,0.024312,0.841133,-201.855972,93.863869,91.478470
829,6.908333,-0.038882,0.539066,0.024583,0.841006,-201.813293,93.835464,91.462120
830,6.916667,-0.038530,0.539357,0.024817,0.840829,-201.772812,93.814262,91.445328
831,6.925000,-0.038255,0.539555,0.024947,0.840711,-201.727936,93.789192,91.432724
832,6.933333,-0.037834,0.539806,0.025169,0.840562,-201.686356,93.761765,91.422722
833,6.941667,-0.038132,0.540165,0.024735,0.840331,-201.644897,93.713509,91.426811
834,6.950000,-0.037286,0.540781,0.024183,0.839989,-201.602524,93.665001,91.425552
835,6.958333,-0.035733,0.541539,0.024440,0.839560,-201.555389,93.617836,91.418396
836,6.966667,-0.034859,0.541962,0.024905,0.839311,-201.505310,93.572685,91.405525
837,6.975000,-0.034569,0.542341,0.024880,0.839078,-201.460526,93.531120,91.396729
838,6.983333,-0.034349,0.542749,0.025254,0.838812,-201.417282,93.486885,91.392876
839,6.991667,-0.033796,0.543066,0.025327,0.838628,-201.371643,93.439140,91.391594
840,7.000000,-0.032975,0.543508,0.025529,0.838368,-201.318909,93.388741,91.393639
841,7.008333,-0.031709,0.544012,0.025307,0.838096,-201.260849,93.338608,91.401443
842,7.016667,-0.030583,0.544515,0.025767,0.837797,-201.208359,93.299797,91.400627
843,7.025000,-0.029859,0.544755,0.025487,0.837676,-201.159424,93.268402,91.402107
844,7.033333,-0.029624,0.544863,0.025206,0.837622,-201.113037,93.243614,91.402344
845,7.041667,-0.029026,0.545288,0.025252,0.837366,-201.064987,93.222588,91.404106
846,7.050000,-0.028316,0.545706,0.025419,0.837113,-201.013855,93.208015,91.404900
847,7.058333,-0.027577,0.546051,0.025569,0.836907,-200.966095,93.197968,91.402763
848,7.066667,-0.026949,0.546446,0.025863,0.836661,-200.917786,93.192657,91.399261
849,7.075000,-0.026663,0.546844,0.026302,0.836397,-200.866577,93.190285,91.400146
850,7.083333,-0.026744,0.547112,0.026507,0.836212,-200.812820,93.192123,91.403145
851,7.091667,-0.026910,0.547566,0.026350,0.835914,-200.759537,93.193779,91.403847
852,7.100000,-0.028898,0.548337,0.025889,0.835357,-200.709778,93.189041,91.411133
853,7.108333,-0.029608,0.549009,0.025665,0.834898,-200.661758,93.189163,91.418037
854,7.116667,-0.030113,0.549542,0.025739,0.834527,-200.612671,93.194923,91.422699
855,7.125000,-0.030401,0.549769,0.025672,0.834369,-200.559708,93.209694,91.427368
856,7.133333,-0.030760,0.550233,0.025732,0.834048,-200.507217,93.228737,91.429787
857,7.141667,-0.031376,0.550557,0.025390,0.833822,-200.456528,93.251732,91.428978
858,7.150000,-0.032196,0.550916,0.025268,0.833557,-200.403015,93.276413,91.428604
859,7.158333,-0.032416,0.551285,0.025163,0.833307,-200.350830,93.290359,91.428787
860,7.166667,-0.032112,0.551823,0.025325,0.832958,-200.297760,93.295143,91.430840
861,7.175000,-0.031738,0.552519,0.025531,0.832504,-200.244141,93.299828,91.436188
862,7.183333,-0.031866,0.552940,0.025816,0.832211,-200.194901,93.304123,91.437790
863,7.191667,-0.032629,0.553183,0.026039,0.832013,-200.142960,93.315346,91.440186
864,7.200000,-0.033007,0.553433,0.026025,0.831832,-200.093796,93.327782,91.442230
865,7.208333,-0.033139,0.553792,0.026158,0.831584,-200.040680,93.332985,91.443649
866,7.216667,-0.033038,0.554087,0.026230,0.831389,-199.991272,93.335541,91.443092
867,7.225000,-0.032732,0.554539,0.026617,0.831088,-199.941010,93.330551,91.441231
868,7.233333,-0.032451,0.555202,0.026964,0.830644,-199.890228,93.320358,91.441322
869,7.241667,-0.032354,0.555907,0.026787,0.830182,-199.837631,93.305069,91.437782
870,7.250000,-0.032440,0.556464,0.026685,0.829809,-199.789459,93.292145,91.435692
871,7.258333,-0.032542,0.556911,0.026519,0.829511,-199.741776,93.287704,91.433151
872,7.266667,-0.033077,0.557121,0.026424,0.829351,-199.696426,93.290428,91.429810
873,7.275000,-0.033353,0.557310,0.026530,0.829210,-199.649048,93.290146,91.425804
874,7.283333,-0.033479,0.557525,0.026831,0.829051,-199.600189,93.291191,91.419617
875,7.291667,-0.033145,0.557941,0.026978,0.828780,-199.551575,93.286774,91.417221
876,7.300000,-0.032634,0.558424,0.027292,0.828464,-199.505859,93.277977,91.418465
877,7.308333,-0.031927,0.558652,0.027003,0.828347,-199.459824,93.265579,91.422821
878,7.316667,-0.031375,0.558915,0.026948,0.828193,-199.413132,93.252495,91.421440
879,7.325000,-0.032457,0.559359,0.027300,0.827840,-199.369034,93.227837,91.422699
880,7.333333,-0.032720,0.559713,0.026549,0.827615,-199.326660,93.205956,91.419182
881,7.341667,-0.032704,0.559977,0.025954,0.827456,-199.287949,93.192734,91.411736
882,7.350000,-0.032555,0.560283,0.025883,0.827256,-199.248276,93.184113,91.402504
883,7.358333,-0.032305,0.560595,0.025651,0.827062,-199.206665,93.176880,91.388519
884,7.366667,-0.032267,0.560952,0.025692,0.826820,-199.164337,93.168976,91.374840
885,7.375000,-0.032445,0.561500,0.025874,0.826436,-199.117310,93.159462,91.363159
886,7.383333,-0.032388,0.561995,0.026107,0.826094,-199.071426,93.146500,91.354027
887,7.391667,-0.032344,0.562486,0.026175,0.825759,-199.035583,93.133095,91.347054
888,7.400000,-0.032271,0.562938,0.026274,0.825451,-199.004517,93.116776,91.345352
889,7.408333,-0.032082,0.563456,0.026439,0.825100,-198.972198,93.098648,91.347763
890,7.416667,-0.031580,0.563858,0.026803,0.824833,-198.938004,93.078438,91.348213
891,7.425000,-0.031347,0.564039,0.027029,0.824710,-198.897308,93.055634,91.340599
892,7.433333,-0.031280,0.564172,0.026984,0.824623,-198.851807,93.024933,91.332947
893,7.441667,-0.030839,0.564428,0.027046,0.824463,-198.800827,92.991547,91.329727
894,7.450000,-0.029829,0.564754,0.027539,0.824260,-198.744919,92.947830,91.327065
895,7.458333,-0.028275,0.565153,0.027216,0.824052,-198.686157,92.901138,91.315956
896,7.466667,-0.027244,0.565867,0.027362,0.823592,-198.630280,92.858261,91.296402
897,7.475000,-0.026423,0.566733,0.027242,0.823027,-198.562851,92.806396,91.267654
898,7.483333,-0.027309,0.567576,0.026377,0.822445,-198.491547,92.750854,91.239769
899,7.491667,-0.027462,0.568009,0.026489,0.822138,-198.420166,92.699905,91.210464
900,7.500000,-0.027049,0.568740,0.027793,0.821603,-198.335876,92.648399,91.175491
901,7.508333,-0.026087,0.569943,0.028799,0.820765,-198.242340,92.600418,91.133591
902,7.516667,-0.025554,0.571091,0.029035,0.819975,-198.152878,92.557068,91.100746
903,7.525000,-0.024943,0.571924,0.028870,0.819419,-198.053299,92.523331,91.058311
904,7.533333,-0.024553,0.572596,0.029071,0.818954,-197.956390,92.503716,91.009781
905,7.541667,-0.025105,0.573271,0.029398,0.818453,-197.861343,92.492752,90.966759
906,7.550000,-0.025173,0.574184,0.029657,0.817802,-197.756424,92.481300,90.915985
907,7.558333,-0.024404,0.575363,0.028503,0.817037,-197.644501,92.478859,90.872528
908,7.566667,-0.024253,0.576514,0.028920,0.816215,-197.548340,92.479591,90.830162
909,7.575000,-0.023990,0.577491,0.029904,0.815496,-197.454971,92.481079,90.786766
910,7.583333,-0.024046,0.577982,0.029738,0.815153,-197.367386,92.491600,90.743759
911,7.591667,-0.024055,0.578770,0.029117,0.814616,-197.286926,92.505287,90.704887
912,7.600000,-0.025067,0.579763,0.028303,0.813908,-197.210083,92.506752,90.665726
913,7.608333,-0.025563,0.580683,0.027782,0.813254,-197.139709,92.505424,90.629158
914,7.616667,-0.025355,0.581213,0.027708,0.812885,-197.072617,92.502686,90.605026
915,7.625000,-0.023837,0.581257,0.027168,0.812917,-197.006790,92.497269,90.586678
916,7.633333,-0.022729,0.581635,0.027057,0.812682,-196.943680,92.490417,90.556061
917,7.641667,-0.022284,0.582057,0.026669,0.812405,-196.892120,92.484482,90.527695
918,7.650000,-0.022144,0.582942,0.025862,0.811800,-196.856583,92.481873,90.497162
919,7.658333,-0.022376,0.583570,0.024893,0.811373,-196.827545,92.487244,90.471657
920,7.666667,-0.022624,0.583996,0.024257,0.811078,-196.802078,92.492935,90.449814
921,7.675000,-0.023340,0.584100,0.023504,0.811005,-196.784195,92.497475,90.425980
922,7.683333,-0.024360,0.584073,0.023017,0.811009,-196.771729,92.486855,90.397491
923,7.691667,-0.025275,0.583831,0.021759,0.811190,-196.767349,92.463699,90.367821
924,7.700000,-0.025949,0.583185,0.020210,0.811673,-196.772141,92.421791,90.336143
925,7.708333,-0.028630,0.582826,0.018573,0.811880,-196.777588,92.348190,90.305351
926,7.716667,-0.030065,0.582651,0.017342,0.811981,-196.787781,92.297249,90.278336
927,7.725000,-0.030150,0.582017,0.016464,0.812451,-196.797195,92.284004,90.269051
928,7.733333,-0.029891,0.581419,0.017118,0.812874,-196.816101,92.285156,90.280342
929,7.741667,-0.027810,0.581452,0.018498,0.812895,-196.842957,92.291130,90.305687
930,7.750000,-0.027331,0.581417,0.019308,0.812917,-196.869324,92.293526,90.334206
931,7.758333,-0.027481,0.581508,0.019818,0.812835,-196.893661,92.295326,90.367958
932,7.766667,-0.029343,0.582182,0.020547,0.812269,-196.903412,92.280197,90.404610
933,7.775000,-0.029045,0.582720,0.021541,0.811868,-196.903000,92.270081,90.449768
934,7.783333,-0.027422,0.582951,0.022919,0.811721,-196.893661,92.267395,90.498810
935,7.791667,-0.025321,0.582990,0.023717,0.811739,-196.881180,92.266487,90.550484
936,7.800000,-0.023518,0.582410,0.023827,0.812205,-196.867844,92.268410,90.608582
937,7.808333,-0.021712,0.581902,0.024226,0.812608,-196.846298,92.268768,90.668816
938,7.816667,-0.019658,0.581242,0.025009,0.813109,-196.807068,92.264648,90.743507
939,7.825000,-0.016837,0.581431,0.026369,0.812994,-196.758331,92.256119,90.821526
940,7.833333,-0.013938,0.580782,0.025639,0.813536,-196.702927,92.245979,90.897583
941,7.841667,-0.010896,0.580299,0.024277,0.813969,-196.637375,92.231636,90.985657
942,7.850000,-0.007170,0.580251,0.023860,0.814057,-196.561508,92.219749,91.087563
943,7.858333,-0.003802,0.579663,0.023546,0.814508,-196.488052,92.221222,91.177635
944,7.866667,-0.000132,0.579686,0.024079,0.814484,-196.408096,92.225060,91.262840
945,7.875000,0.003006,0.579513,0.023604,0.814616,-196.330154,92.236641,91.341385
946,7.883333,0.005012,0.579652,0.023722,0.814503,-196.268600,92.246552,91.405884
947,7.891667,0.006748,0.580645,0.023485,0.813790,-196.225906,92.242538,91.469017
948,7.900000,0.007956,0.582351,0.023608,0.812555,-196.206558,92.241707,91.525398
949,7.908333,0.008531,0.584083,0.023853,0.811299,-196.212952,92.245384,91.577789
950,7.916667,0.009146,0.585844,0.024594,0.809999,-196.232574,92.247299,91.630676
951,7.925000,0.009867,0.587207,0.025639,0.808970,-196.251465,92.248940,91.671906
952,7.933333,0.010511,0.588553,0.027138,0.807935,-196.270569,92.251122,91.700066
953,7.941667,0.010778,0.590133,0.028378,0.806735,-196.288208,92.250130,91.719299
954,7.950000,0.010545,0.591867,0.029022,0.805444,-196.303864,92.247864,91.721901
955,7.958333,0.010335,0.593565,0.029097,0.804193,-196.319565,92.246017,91.712440
956,7.966667,0.009857,0.595273,0.028539,0.802956,-196.333450,92.247139,91.687950
957,7.975000,0.009735,0.596877,0.027360,0.801808,-196.348160,92.250389,91.652534
958,7.983333,0.008724,0.598456,0.026479,0.800671,-196.364014,92.251747,91.607704
959,7.991667,0.006466,0.600113,0.025460,0.799484,-196.382172,92.246155,91.552124
960,8.000000,0.004487,0.601812,0.025118,0.798230,-196.404572,92.237236,91.480240
961,8.008333,0.002494,0.603521,0.025054,0.796950,-196.422134,92.227318,91.392136
962,8.016667,0.000111,0.605253,0.023985,0.795671,-196.438660,92.225151,91.294899
963,8.025000,-0.003048,0.606833,0.022211,0.794513,-196.468811,92.225616,91.192337
964,8.033333,-0.006174,0.607719,0.020769,0.793857,-196.513199,92.234543,91.079865
965,8.041667,-0.008806,0.608932,0.021355,0.792886,-196.563263,92.246315,90.980461
966,8.050000,-0.012210,0.609619,0.021023,0.792322,-196.614258,92.257187,90.890991
967,8.058333,-0.015027,0.609649,0.020130,0.792274,-196.660660,92.263054,90.817986
968,8.066667,-0.015942,0.610128,0.020033,0.791889,-196.704910,92.269966,90.758469
969,8.075000,-0.017108,0.610698,0.020854,0.791404,-196.749298,92.274025,90.707954
970,8.083333,-0.018834,0.610909,0.021264,0.791191,-196.794006,92.276283,90.672508
971,8.091667,-0.020282,0.610925,0.021561,0.791135,-196.829849,92.277260,90.646538
972,8.100000,-0.021392,0.611137,0.021602,0.790941,-196.854630,92.275658,90.620659
973,8.108333,-0.021929,0.611416,0.021503,0.790713,-196.867554,92.274567,90.598419
974,8.116667,-0.022103,0.611456,0.021159,0.790687,-196.864792,92.275475,90.581551
975,8.125000,-0.021882,0.611588,0.020808,0.790600,-196.853424,92.277504,90.570030
976,8.133333,-0.021469,0.611619,0.020175,0.790604,-196.830444,92.278740,90.564926
977,8.141667,-0.020902,0.611606,0.019684,0.790642,-196.806198,92.278069,90.570709
978,8.150000,-0.020119,0.611783,0.019277,0.790535,-196.780212,92.276672,90.591034
979,8.158333,-0.019408,0.612087,0.019421,0.790314,-196.756729,92.277054,90.622711
980,8.166667,-0.018129,0.612351,0.019993,0.790126,-196.732849,92.274979,90.664490
981,8.175000,-0.016646,0.612069,0.020241,0.790370,-196.712250,92.276314,90.712067
982,8.183333,-0.016286,0.611610,0.020531,0.790726,-196.689423,92.265144,90.770409
983,8.191667,-0.014148,0.611380,0.021200,0.790927,-196.664520,92.257484,90.847870
984,8.200000,-0.011102,0.611839,0.022815,0.790575,-196.639160,92.249336,90.939308
985,8.208333,-0.006828,0.611671,0.023691,0.790728,-196.615341,92.252869,91.032043
986,8.216667,-0.006068,0.611096,0.024883,0.791142,-196.562546,92.232094,91.130707
987,8.225000,-0.003222,0.610814,0.024931,0.791375,-196.511383,92.221954,91.233788
988,8.233333,-0.000299,0.610094,0.024570,0.791948,-196.458649,92.225060,91.316483
989,8.241667,0.002359,0.609684,0.024577,0.792260,-196.398529,92.233635,91.395065
990,8.250000,0.005098,0.609640,0.024381,0.792287,-196.345291,92.241005,91.458244
991,8.258333,0.007754,0.609741,0.024267,0.792191,-196.309433,92.245461,91.514954
992,8.266667,0.009119,0.609531,0.024328,0.792336,-196.290802,92.247040,91.565758
993,8.275000,0.009779,0.609455,0.024985,0.792366,-196.276123,92.248581,91.609581
994,8.283333,0.010455,0.609539,0.025886,0.792264,-196.259293,92.245659,91.640640
995,8.291667,0.011203,0.609627,0.026072,0.792180,-196.244232,92.247406,91.659935
996,8.300000,0.011852,0.609778,0.025965,0.792058,-196.226273,92.248627,91.666489
997,8.308333,0.011828,0.610031,0.025709,0.791872,-196.221680,92.248077,91.667152
998,8.316667,0.011356,0.610350,0.025638,0.791636,-196.228714,92.247383,91.662224
999,8.325000,0.010693,0.610593,0.025612,0.791458,-196.237457,92.244499,91.643761
1000,8.333333,0.009961,0.610767,0.025403,0.791340,-196.250534,92.241882,91.618179
1001,8.341667,0.009517,0.610869,0.024760,0.791287,-196.273178,92.246368,91.580269
1002,8.350000,0.008460,0.611181,0.024603,0.791063,-196.296936,92.247780,91.537399
1003,8.358333,0.006744,0.611296,0.024423,0.790997,-196.324249,92.245529,91.487190
1004,8.366667,0.004285,0.611106,0.023978,0.791174,-196.358673,92.244675,91.426414
1005,8.375000,0.001361,0.611120,0.023718,0.791182,-196.404434,92.237602,91.345581
1006,8.383333,-0.001796,0.611461,0.023578,0.790921,-196.452881,92.229034,91.259399
1007,8.391667,-0.004786,0.611430,0.023010,0.790950,-196.497055,92.226349,91.167946
1008,8.400000,-0.006096,0.611426,0.022298,0.790964,-196.546310,92.251274,91.063293
1009,8.408333,-0.009153,0.611697,0.022268,0.790725,-196.582733,92.256958,90.969948
1010,8.416667,-0.012089,0.611579,0.021528,0.790798,-196.616379,92.256241,90.893753
1011,8.425000,-0.014725,0.611061,0.020086,0.791192,-196.653122,92.261497,90.827660
1012,8.433333,-0.015107,0.610978,0.019738,0.791257,-196.690125,92.270195,90.778076
1013,8.441667,-0.016072,0.610796,0.020123,0.791369,-196.726089,92.275612,90.739967
1014,8.450000,-0.017170,0.610650,0.021099,0.791433,-196.761826,92.274780,90.714966
1015,8.458333,-0.018454,0.610372,0.021843,0.791599,-196.797668,92.274597,90.708138
1016,8.466667,-0.019172,0.610211,0.022545,0.791686,-196.823303,92.273521,90.700653
1017,8.475000,-0.019634,0.609980,0.022780,0.791846,-196.834106,92.272118,90.697304
1018,8.483333,-0.019765,0.609732,0.022701,0.792036,-196.832474,92.271378,90.697670
1019,8.491667,-0.019159,0.609469,0.022515,0.792259,-196.819016,92.270790,90.701660
1020,8.500000,-0.018255,0.609197,0.022096,0.792501,-196.792770,92.269882,90.710815
1021,8.508333,-0.016754,0.609122,0.021223,0.792616,-196.753662,92.269638,90.729660
1022,8.516667,-0.015458,0.608859,0.020197,0.792871,-196.714081,92.269539,90.757896
1023,8.525000,-0.013932,0.608728,0.019739,0.793011,-196.677124,92.269333,90.798492
1024,8.533333,-0.012110,0.608766,0.019769,0.793011,-196.645157,92.268127,90.847610
1025,8.541667,-0.010951,0.609467,0.020889,0.792461,-196.610077,92.248009,90.922684
1026,8.550000,-0.008554,0.609290,0.020785,0.792629,-196.576080,92.238815,91.004631
1027,8.558333,-0.006062,0.608254,0.020524,0.793454,-196.536484,92.222191,91.098518
1028,8.566667,-0.003199,0.608073,0.021953,0.793571,-196.497757,92.215691,91.203247
1029,8.575000,-0.000289,0.607727,0.023040,0.793812,-196.456940,92.215057,91.297722
1030,8.583333,0.001646,0.606767,0.023563,0.794529,-196.413254,92.224121,91.377327
1031,8.591667,0.003910,0.606521,0.024008,0.794695,-196.371063,92.233940,91.448006
1032,8.600000,0.006332,0.606569,0.023873,0.794647,-196.336884,92.238129,91.509941
1033,8.608333,0.008146,0.606671,0.024130,0.794545,-196.311386,92.242897,91.556541
1034,8.616667,0.009271,0.606467,0.024409,0.794680,-196.288010,92.246071,91.589340
1035,8.625000,0.009866,0.606296,0.024518,0.794800,-196.272293,92.246086,91.613548
1036,8.633333,0.010271,0.606122,0.024537,0.794927,-196.260910,92.246613,91.630058
1037,8.641667,0.010709,0.606007,0.024607,0.795007,-196.255569,92.247398,91.638687
1038,8.650000,0.010909,0.606055,0.024693,0.794964,-196.255783,92.248199,91.638527
1039,8.658333,0.009879,0.606373,0.024205,0.794751,-196.254425,92.254280,91.626778
1040,8.666667,0.009572,0.606329,0.024261,0.794786,-196.271042,92.250389,91.609863
1041,8.675000,0.009089,0.606390,0.024403,0.794741,-196.294556,92.246223,91.582932
1042,8.683333,0.007146,0.606988,0.023674,0.794326,-196.306717,92.250038,91.549843
1043,8.691667,0.005553,0.606866,0.023445,0.794439,-196.340912,92.243118,91.498466
1044,8.700000,0.003610,0.606585,0.023686,0.794657,-196.377853,92.234131,91.434517
1045,8.708333,0.001341,0.606254,0.023579,0.794921,-196.416519,92.226639,91.356529
1046,8.716667,-0.000987,0.606582,0.023021,0.794687,-196.451752,92.217392,91.281113
1047,8.725000,-0.004055,0.606958,0.021970,0.794420,-196.494476,92.220764,91.187782
1048,8.733333,-0.006794,0.606558,0.020765,0.794739,-196.536346,92.231438,91.086723
1049,8.741667,-0.008988,0.606808,0.021223,0.794514,-196.575195,92.242630,91.003601
1050,8.750000,-0.011380,0.606878,0.020931,0.794438,-196.614624,92.252060,90.927567
1051,8.758333,-0.014023,0.606652,0.020345,0.794583,-196.652039,92.258049,90.861801
1052,8.766667,-0.015937,0.606415,0.020073,0.794736,-196.684784,92.258148,90.815338
1053,8.775000,-0.017236,0.606254,0.020230,0.794827,-196.716614,92.255867,90.785629
1054,8.783333,-0.018465,0.606044,0.020220,0.794960,-196.753616,92.257217,90.760521
1055,8.791667,-0.017460,0.605953,0.020433,0.795047,-196.780319,92.262985,90.745720
1056,8.800000,-0.017223,0.605619,0.020722,0.795298,-196.794006,92.265961,90.732742
1057,8.808333,-0.017200,0.605312,0.020730,0.795533,-196.796188,92.265541,90.724983
1058,8.816667,-0.017105,0.605046,0.020406,0.795745,-196.783051,92.264595,90.724457
1059,8.825000,-0.016691,0.604925,0.020164,0.795852,-196.761185,92.262665,90.730103
1060,8.833333,-0.017854,0.604996,0.019920,0.795779,-196.735962,92.255669,90.749634
1061,8.841667,-0.017292,0.605126,0.019898,0.795693,-196.710358,92.254936,90.781006
1062,8.850000,-0.016309,0.605246,0.019942,0.795621,-196.688980,92.253510,90.818840
1063,8.858333,-0.014256,0.605161,0.020363,0.795715,-196.669525,92.254517,90.868774
1064,8.866667,-0.011773,0.604932,0.021212,0.795908,-196.642609,92.244560,90.937737
1065,8.875000,-0.009339,0.604715,0.022786,0.796062,-196.619904,92.244301,91.019943
1066,8.883333,-0.007133,0.603981,0.022985,0.796635,-196.585175,92.231575,91.112267
1067,8.891667,-0.004698,0.603524,0.022852,0.797004,-196.547836,92.221947,91.199432
1068,8.900000,-0.002432,0.603967,0.023272,0.796666,-196.494873,92.228607,91.287643
1069,8.908333,0.000096,0.603290,0.023937,0.797163,-196.455765,92.222771,91.360954
1070,8.916667,0.002350,0.602576,0.024117,0.797694,-196.422455,92.226257,91.418610
1071,8.925000,0.004276,0.602121,0.023938,0.798035,-196.384293,92.229897,91.471184
1072,8.933333,0.004915,0.602679,0.023492,0.797623,-196.328018,92.247726,91.509804
1073,8.941667,0.005873,0.602582,0.022866,0.797708,-196.300476,92.256760,91.539360
1074,8.950000,0.007100,0.602474,0.022790,0.797782,-196.294983,92.263878,91.564598
1075,8.958333,0.007438,0.602480,0.023128,0.797764,-196.298935,92.265877,91.584450
1076,8.966667,0.007330,0.602497,0.023613,0.797738,-196.308670,92.267464,91.592316
1077,8.975000,0.006933,0.602518,0.023699,0.797723,-196.314056,92.267662,91.590828
1078,8.983333,0.006558,0.602616,0.023488,0.797659,-196.321274,92.266693,91.577995
1079,8.991667,0.005804,0.602765,0.023303,0.797558,-196.327026,92.264084,91.551567
1080,9.000000,0.004505,0.602907,0.023114,0.797464,-196.335953,92.255516,91.510330
1081,9.008333,0.003985,0.602708,0.023188,0.797615,-196.366043,92.238342,91.469757
1082,9.016667,0.002590,0.602585,0.023734,0.797698,-196.408524,92.228249,91.412590
1083,9.025000,0.000649,0.602705,0.024112,0.797600,-196.445740,92.221909,91.352852
1084,9.033333,-0.002470,0.603455,0.023029,0.797061,-196.474762,92.231346,91.280998
1085,9.041667,-0.004606,0.603476,0.022206,0.797059,-196.517929,92.225960,91.196846
1086,9.050000,-0.006777,0.603705,0.021722,0.796883,-196.557739,92.226608,91.101227
1087,9.058333,-0.008336,0.603951,0.021833,0.796679,-196.589813,92.239555,91.016396
1088,9.066667,-0.010894,0.604082,0.021426,0.796560,-196.619827,92.246994,90.945000
1089,9.075000,-0.013467,0.604142,0.020562,0.796498,-196.648544,92.254417,90.883438
1090,9.083333,-0.015374,0.604351,0.020414,0.796308,-196.670609,92.255791,90.837936
1091,9.091667,-0.016718,0.604364,0.020286,0.796275,-196.692841,92.255943,90.807220
1092,9.100000,-0.017618,0.604283,0.020287,0.796316,-196.717178,92.257927,90.786018
1093,9.108333,-0.016774,0.604207,0.020404,0.796390,-196.741699,92.265450,90.774734
1094,9.116667,-0.018050,0.604048,0.020714,0.796475,-196.757065,92.259270,90.773514
1095,9.125000,-0.017207,0.604066,0.020958,0.796473,-196.766830,92.262825,90.778816
1096,9.133333,-0.017743,0.603671,0.021118,0.796756,-196.758240,92.258186,90.789375
1097,9.141667,-0.017336,0.603598,0.021199,0.796819,-196.739883,92.254623,90.806732
1098,9.150000,-0.016466,0.603661,0.021210,0.796789,-196.715698,92.252563,90.827858
1099,9.158333,-0.015005,0.603679,0.021058,0.796808,-196.687241,92.250443,90.860435
1100,9.166667,-0.013047,0.603551,0.020979,0.796942,-196.659088,92.248573,90.906868
1101,9.175000,-0.010879,0.603660,0.021801,0.796870,-196.627457,92.242416,90.969864
1102,9.183333,-0.008160,0.603418,0.021665,0.797089,-196.593719,92.232170,91.051498
1103,9.191667,-0.006400,0.603101,0.021975,0.797336,-196.562057,92.224068,91.131302
1104,9.200000,-0.003868,0.602631,0.022560,0.797691,-196.523880,92.219193,91.219177
1105,9.208333,-0.001952,0.602846,0.022949,0.797525,-196.468903,92.228386,91.296318
1106,9.216667,0.000420,0.602523,0.023567,0.797753,-196.431732,92.225327,91.359970
1107,9.225000,0.002484,0.602015,0.023567,0.798133,-196.397064,92.225204,91.412392
1108,9.233333,0.003474,0.602296,0.022916,0.797936,-196.354294,92.238274,91.460434
1109,9.241667,0.004606,0.602587,0.023140,0.797704,-196.337433,92.243439,91.501266
1110,9.250000,0.005487,0.602606,0.023261,0.797681,-196.334549,92.250931,91.531509
1111,9.258333,0.005693,0.602544,0.023299,0.797725,-196.332687,92.257378,91.550888
1112,9.266667,0.005682,0.602559,0.023478,0.797709,-196.329163,92.260590,91.557571
1113,9.275000,0.005299,0.602567,0.023272,0.797711,-196.327042,92.261757,91.547356
1114,9.283333,0.004744,0.602691,0.023014,0.797629,-196.328644,92.260658,91.528740
1115,9.291667,0.003963,0.602847,0.022628,0.797526,-196.342651,92.256912,91.505585
1116,9.300000,0.003964,0.602725,0.023245,0.797600,-196.369705,92.237022,91.480690
1117,9.308333,0.003184,0.602510,0.023680,0.797754,-196.399216,92.228905,91.434166
1118,9.316667,0.001476,0.602621,0.024101,0.797662,-196.421951,92.221695,91.376152
1119,9.325000,-0.001027,0.603161,0.022959,0.797288,-196.431595,92.229202,91.312286
1120,9.333333,-0.002989,0.603117,0.021854,0.797347,-196.472427,92.225853,91.235321
1121,9.341667,-0.005345,0.602996,0.020962,0.797451,-196.515762,92.223495,91.152115
1122,9.350000,-0.007557,0.603272,0.021041,0.797222,-196.554398,92.228653,91.072380
1123,9.358333,-0.009682,0.603346,0.021524,0.797130,-196.589935,92.238358,91.000237
1124,9.366667,-0.011644,0.603299,0.021292,0.797145,-196.626343,92.245323,90.944565
1125,9.375000,-0.013527,0.603191,0.021117,0.797203,-196.660919,92.251167,90.900444
1126,9.383333,-0.014986,0.603330,0.021464,0.797062,-196.690094,92.250008,90.870987
1127,9.391667,-0.015818,0.603260,0.021548,0.797097,-196.714874,92.251228,90.852997
1128,9.400000,-0.016606,0.603025,0.021590,0.797257,-196.729584,92.252235,90.840393
1129,9.408333,-0.016560,0.602812,0.021561,0.797420,-196.732712,92.252838,90.834717
1130,9.416667,-0.016371,0.602648,0.021465,0.797550,-196.726074,92.253281,90.832344
1131,9.425000,-0.016023,0.602515,0.021227,0.797664,-196.709579,92.252144,90.839180
1132,9.433333,-0.015297,0.602531,0.021085,0.797670,-196.690262,92.250183,90.855568
1133,9.441667,-0.014154,0.602402,0.020933,0.797793,-196.670883,92.249313,90.884415
1134,9.450000,-0.012793,0.602286,0.021104,0.797899,-196.653275,92.246506,90.925255
1135,9.458333,-0.010617,0.602386,0.022708,0.797811,-196.629700,92.243271,90.988243
1136,9.466667,-0.009326,0.602265,0.021954,0.797940,-196.597198,92.246468,91.062012
1137,9.475000,-0.006909,0.601751,0.022116,0.798348,-196.570877,92.228813,91.138039
1138,9.483333,-0.004509,0.601151,0.022384,0.798809,-196.539932,92.221138,91.212776
1139,9.491667,-0.002535,0.601213,0.022554,0.798766,-196.483109,92.227196,91.286751
1140,9.500000,-0.000561,0.600944,0.022807,0.798966,-196.441177,92.232964,91.338226
1141,9.508333,0.001543,0.600524,0.023308,0.799266,-196.406372,92.226364,91.384315
1142,9.516667,0.003029,0.600084,0.023124,0.799597,-196.386871,92.226013,91.423409
1143,9.525000,0.003904,0.600073,0.023353,0.799595,-196.378510,92.231377,91.456192
1144,9.533333,0.004482,0.600198,0.023628,0.799490,-196.377319,92.235794,91.485367
1145,9.541667,0.004514,0.600451,0.024018,0.799288,-196.381958,92.239853,91.502769
1146,9.550000,0.004620,0.600547,0.024197,0.799210,-196.385345,92.241463,91.504761
1147,9.558333,0.004167,0.600496,0.024196,0.799251,-196.388931,92.239586,91.493858
1148,9.566667,0.003776,0.600390,0.023873,0.799342,-196.391586,92.234390,91.470032
1149,9.575000,0.003037,0.600274,0.023820,0.799434,-196.393997,92.228073,91.429825
1150,9.583333,0.001861,0.600388,0.023684,0.799356,-196.405411,92.223206,91.384979
1151,9.591667,-0.000168,0.600872,0.022555,0.799027,-196.421494,92.232384,91.330513
1152,9.600000,-0.002478,0.601105,0.021860,0.798868,-196.447586,92.233086,91.271744
1153,9.608333,-0.005349,0.601269,0.020675,0.798761,-196.485382,92.233284,91.194778
1154,9.616667,-0.006793,0.601403,0.020636,0.798651,-196.522354,92.223335,91.119957
1155,9.625000,-0.008043,0.601376,0.020631,0.798659,-196.557617,92.229935,91.047798
1156,9.633333,-0.009685,0.601073,0.020633,0.798869,-196.585327,92.236557,90.993210
1157,9.641667,-0.011827,0.600999,0.021211,0.798881,-196.616699,92.246262,90.947327
1158,9.650000,-0.013107,0.600920,0.021184,0.798921,-196.645035,92.248978,90.919289
1159,9.658333,-0.014013,0.600925,0.021377,0.798897,-196.669128,92.246910,90.905136
1160,9.666667,-0.014530,0.600725,0.021668,0.799030,-196.690170,92.247948,90.900940
1161,9.675000,-0.014678,0.600423,0.022314,0.799237,-196.704178,92.250671,90.903877
1162,9.683333,-0.014651,0.600117,0.022673,0.799457,-196.708435,92.250534,90.911995
1163,9.691667,-0.014007,0.599807,0.022724,0.799699,-196.700363,92.247627,90.925545
1164,9.700000,-0.013023,0.599466,0.022806,0.799969,-196.678802,92.244682,90.945511
1165,9.708333,-0.011260,0.598852,0.021715,0.800486,-196.645782,92.235252,90.974678
1166,9.716667,-0.009623,0.598773,0.021881,0.800562,-196.609726,92.230370,91.016510
1167,9.725000,-0.008511,0.599096,0.020545,0.800368,-196.560043,92.239014,91.070427
1168,9.733333,-0.006020,0.598900,0.020877,0.800529,-196.527435,92.219917,91.144165
1169,9.741667,-0.004013,0.598295,0.021086,0.800988,-196.499817,92.216927,91.211571
1170,9.750000,-0.001763,0.598205,0.022067,0.801037,-196.478455,92.217239,91.279785
1171,9.758333,-0.000330,0.598516,0.022427,0.800797,-196.452667,92.229858,91.331551
1172,9.766667,0.000338,0.598521,0.022732,0.800785,-196.437500,92.234711,91.375282
1173,9.775000,0.002100,0.598433,0.023658,0.800821,-196.425110,92.227921,91.414536
1174,9.783333,0.002944,0.598427,0.024098,0.800809,-196.415024,92.224487,91.437012
1175,9.791667,0.003322,0.598520,0.023898,0.800745,-196.407684,92.228027,91.443176
1176,9.800000,0.003331,0.598690,0.023610,0.800626,-196.405457,92.229263,91.445763
1177,9.808333,0.003070,0.598859,0.023607,0.800501,-196.406219,92.227104,91.437073
1178,9.816667,0.002642,0.598789,0.023575,0.800556,-196.409973,92.225410,91.418060
1179,9.825000,0.001769,0.598547,0.023355,0.800745,-196.421463,92.224487,91.388496
1180,9.833333,0.000077,0.598801,0.022671,0.800577,-196.428268,92.232491,91.347939
1181,9.841667,-0.001571,0.598800,0.022063,0.800593,-196.447983,92.234344,91.299133
1182,9.850000,-0.003177,0.598481,0.021542,0.800841,-196.482574,92.227570,91.243454
1183,9.858333,-0.004927,0.598751,0.021363,0.800635,-196.511963,92.217667,91.176483
1184,9.866667,-0.006482,0.598999,0.020807,0.800454,-196.539963,92.222176,91.104218
1185,9.875000,-0.008136,0.599105,0.021213,0.800348,-196.566666,92.232803,91.044579
1186,9.883333,-0.009507,0.598975,0.020615,0.800446,-196.586792,92.236595,90.994209
1187,9.891667,-0.011099,0.598635,0.020158,0.800691,-196.611511,92.239670,90.959938
1188,9.900000,-0.012562,0.598709,0.021541,0.800578,-196.639114,92.248070,90.941528
1189,9.908333,-0.013319,0.598714,0.022042,0.800549,-196.661987,92.248405,90.935974
1190,9.916667,-0.013359,0.598680,0.022467,0.800562,-196.682846,92.247292,90.943871
1191,9.925000,-0.013024,0.598259,0.022759,0.800874,-196.695496,92.244980,90.959145
1192,9.933333,-0.012556,0.597675,0.023095,0.801307,-196.697128,92.243881,90.981720
1193,9.941667,-0.011368,0.597104,0.022693,0.801762,-196.685272,92.238014,91.006844
1194,9.950000,-0.010079,0.596795,0.022697,0.802009,-196.665268,92.236389,91.038376
1195,9.958333,-0.008548,0.596511,0.022253,0.802251,-196.627853,92.227974,91.080627
1196,9.966667,-0.006808,0.595955,0.021491,0.802702,-196.580872,92.222389,91.127762
1197,9.975000,-0.004591,0.595449,0.021117,0.803102,-196.522217,92.215195,91.184059
1198,9.983333,-0.002825,0.594969,0.020609,0.803480,-196.481308,92.224701,91.227654
1199,9.991667,-0.001424,0.594703,0.020555,0.803681,-196.453873,92.229500,91.267273
1200,10.000000,-0.000217,0.594595,0.021358,0.803741,-196.439713,92.225090,91.307571
1201,10.008333,0.000298,0.594393,0.022248,0.803867,-196.444260,92.224442,91.339088
1202,10.016667,0.000872,0.594220,0.023275,0.803965,-196.464844,92.228714,91.361832
1203,10.025000,0.000784,0.594142,0.024052,0.804000,-196.487335,92.229187,91.374397
1204,10.033333,0.000119,0.594050,0.024317,0.804061,-196.508911,92.227455,91.376076
1205,10.041667,-0.000352,0.594017,0.024542,0.804078,-196.528503,92.226654,91.364235
1206,10.050000,-0.000864,0.594097,0.024722,0.804013,-196.547287,92.226791,91.343353
1207,10.058333,-0.002127,0.594309,0.024507,0.803861,-196.564453,92.221619,91.313644
1208,10.066667,-0.003846,0.594504,0.024299,0.803717,-196.580551,92.216614,91.271271
1209,10.075000,-0.005427,0.594688,0.023868,0.803584,-196.595886,92.217010,91.217789
1210,10.083333,-0.007076,0.594951,0.023132,0.803398,-196.611069,92.228020,91.149147
1211,10.091667,-0.008128,0.595048,0.022084,0.803345,-196.610245,92.228409,91.093521
1212,10.100000,-0.009112,0.594885,0.020831,0.803490,-196.603790,92.228691,91.041397
1213,10.108333,-0.009663,0.594756,0.020002,0.803600,-196.595612,92.232986,91.000053
1214,10.116667,-0.010030,0.594588,0.019596,0.803729,-196.586777,92.235870,90.978592
1215,10.125000,-0.010209,0.594493,0.019343,0.803804,-196.579010,92.235863,90.968201
1216,10.133333,-0.009933,0.594417,0.019124,0.803868,-196.573196,92.237061,90.971527
1217,10.141667,-0.009402,0.594176,0.019172,0.804051,-196.566269,92.234436,90.987938
1218,10.150000,-0.008526,0.593978,0.019396,0.804202,-196.559113,92.231186,91.015900
1219,10.158333,-0.008239,0.594370,0.019510,0.803913,-196.543701,92.237282,91.056099
1220,10.166667,-0.007955,0.594139,0.019599,0.804084,-196.540649,92.240265,91.105774
1221,10.175000,-0.005301,0.593732,0.020949,0.804373,-196.534592,92.223564,91.177467
1222,10.183333,-0.003653,0.593513,0.022043,0.804514,-196.530777,92.216599,91.237190
1223,10.191667,-0.002290,0.593147,0.022574,0.804775,-196.522507,92.218552,91.280930
1224,10.200000,-0.001145,0.592739,0.022956,0.805066,-196.508484,92.220963,91.314522
1225,10.208333,-0.000413,0.592479,0.023387,0.805246,-196.495590,92.224236,91.335800
1226,10.216667,-0.000188,0.592364,0.023291,0.805334,-196.482025,92.223839,91.347107
1227,10.225000,-0.000002,0.592353,0.022943,0.805352,-196.469650,92.222908,91.345535
1228,10.233333,-0.000297,0.592353,0.022666,0.805360,-196.467026,92.225609,91.335884
1229,10.241667,-0.000702,0.592334,0.022269,0.805384,-196.476013,92.226555,91.321060
1230,10.250000,-0.001655,0.592416,0.022067,0.805329,-196.490616,92.224579,91.296074
1231,10.258333,-0.002922,0.592757,0.022046,0.805074,-196.506714,92.220291,91.258453
1232,10.266667,-0.004086,0.593086,0.021877,0.804832,-196.518768,92.217743,91.212822
1233,10.275000,-0.005634,0.592947,0.021038,0.804947,-196.533997,92.218880,91.155586
1234,10.283333,-0.006927,0.593035,0.020977,0.804874,-196.550995,92.224060,91.103081
1235,10.291667,-0.008054,0.592901,0.020611,0.804971,-196.568710,92.228096,91.059952
1236,10.300000,-0.009001,0.592612,0.020190,0.805185,-196.587784,92.232635,91.034576
1237,10.308333,-0.009461,0.592451,0.020588,0.805288,-196.606369,92.237137,91.023819
1238,10.316667,-0.009777,0.592407,0.021238,0.805300,-196.624344,92.235939,91.026062
1239,10.325000,-0.009669,0.592254,0.021717,0.805400,-196.638031,92.233604,91.039368
1240,10.333333,-0.009253,0.592024,0.022063,0.805565,-196.639206,92.230965,91.057945
1241,10.341667,-0.008336,0.591816,0.022176,0.805725,-196.631271,92.227844,91.085762
1242,10.350000,-0.007332,0.591607,0.022074,0.805891,-196.612045,92.223129,91.119141
1243,10.358333,-0.006271,0.591281,0.021716,0.806149,-196.579224,92.215988,91.156853
1244,10.366667,-0.004966,0.591094,0.021365,0.806304,-196.543167,92.214432,91.191238
1245,10.375000,-0.003262,0.590869,0.020977,0.806488,-196.506348,92.216530,91.223694
1246,10.383333,-0.002323,0.590751,0.021120,0.806574,-196.487930,92.221039,91.251122
1247,10.391667,-0.002107,0.590733,0.021581,0.806576,-196.487198,92.223564,91.271614
1248,10.400000,-0.001815,0.590826,0.022367,0.806487,-196.501068,92.223358,91.286888
1249,10.408333,-0.001886,0.590827,0.023119,0.806464,-196.520340,92.222252,91.293236
1250,10.416667,-0.002663,0.590967,0.023416,0.806351,-196.538101,92.218781,91.289780
1251,10.425000,-0.003060,0.591215,0.023751,0.806159,-196.551987,92.215439,91.276917
1252,10.433333,-0.003837,0.591447,0.023602,0.805989,-196.564163,92.213097,91.255203
1253,10.441667,-0.004724,0.591542,0.023060,0.805930,-196.575256,92.213737,91.219536
1254,10.450000,-0.005861,0.591541,0.022477,0.805940,-196.583908,92.216484,91.177620
1255,10.458333,-0.006891,0.591640,0.021885,0.805876,-196.585861,92.219383,91.135963
1256,10.466667,-0.007635,0.591753,0.021223,0.805804,-196.578903,92.223885,91.097527
1257,10.475000,-0.007815,0.591770,0.020561,0.805807,-196.567322,92.226479,91.068810
1258,10.483333,-0.008031,0.591787,0.020018,0.805806,-196.556168,92.227539,91.053970
1259,10.491667,-0.008560,0.592278,0.019102,0.805461,-196.533783,92.237335,91.055939
1260,10.500000,-0.008779,0.592358,0.018757,0.805409,-196.526108,92.242439,91.065613
1261,10.508333,-0.008863,0.592138,0.018265,0.805581,-196.521652,92.248917,91.087471
1262,10.516667,-0.006122,0.592149,0.019678,0.805565,-196.512070,92.226028,91.138870
1263,10.525000,-0.004629,0.592212,0.020532,0.805507,-196.522339,92.215805,91.186089
1264,10.533333,-0.003911,0.592510,0.021662,0.805262,-196.537628,92.211845,91.224739
1265,10.541667,-0.003635,0.592640,0.022948,0.805132,-196.553864,92.211243,91.256355
1266,10.550000,-0.003461,0.592674,0.023652,0.805088,-196.567230,92.212585,91.275650
1267,10.558333,-0.003537,0.592724,0.023889,0.805043,-196.578903,92.214371,91.286781
1268,10.566667,-0.003666,0.592883,0.024202,0.804917,-196.587708,92.211708,91.286224
1269,10.575000,-0.004218,0.593036,0.024308,0.804798,-196.597031,92.211304,91.276810
1270,10.583333,-0.004830,0.593082,0.024146,0.804765,-196.604095,92.209587,91.258263
1271,10.591667,-0.005728,0.593181,0.024016,0.804690,-196.610901,92.208260,91.229416
1272,10.600000,-0.006239,0.593339,0.023440,0.804587,-196.615952,92.215057,91.194916
1273,10.608333,-0.006788,0.593485,0.022669,0.804497,-196.608765,92.218651,91.159172
1274,10.616667,-0.006983,0.593715,0.021872,0.804348,-196.590347,92.219925,91.130127
1275,10.625000,-0.006945,0.593818,0.021016,0.804295,-196.566437,92.219620,91.109650
1276,10.633333,-0.007509,0.594164,0.019573,0.804071,-196.530701,92.230545,91.098381
1277,10.641667,-0.007695,0.594141,0.018568,0.804110,-196.504623,92.237610,91.097481
1278,10.650000,-0.005904,0.594035,0.018868,0.804196,-196.484802,92.225922,91.117294
1279,10.658333,-0.005017,0.594042,0.019251,0.804188,-196.481720,92.223656,91.134903
1280,10.666667,-0.004826,0.594148,0.019895,0.804095,-196.495529,92.220177,91.154739
1281,10.675000,-0.005414,0.594219,0.020439,0.804025,-196.524521,92.218193,91.168411
1282,10.683333,-0.005585,0.594403,0.021637,0.803857,-196.561661,92.218193,91.180252
1283,10.691667,-0.005796,0.594642,0.022872,0.803645,-196.596695,92.215263,91.191582
1284,10.700000,-0.006329,0.594731,0.023850,0.803546,-196.620972,92.211388,91.205429
1285,10.708333,-0.006280,0.594671,0.024438,0.803573,-196.632874,92.209076,91.224449
1286,10.716667,-0.005655,0.594412,0.024792,0.803759,-196.633072,92.207382,91.245087
1287,10.725000,-0.005379,0.594254,0.024987,0.803871,-196.629303,92.209236,91.258202
1288,10.733333,-0.005040,0.594193,0.024906,0.803921,-196.623688,92.208588,91.263557
1289,10.741667,-0.005084,0.594124,0.024754,0.803976,-196.618851,92.209923,91.257195
1290,10.750000,-0.005352,0.594152,0.024442,0.803963,-196.612549,92.208687,91.239426
1291,10.758333,-0.005913,0.594200,0.023676,0.803947,-196.604996,92.209633,91.215019
1292,10.766667,-0.005966,0.594369,0.022739,0.803848,-196.591461,92.212448,91.185921
1293,10.775000,-0.005992,0.594339,0.021660,0.803901,-196.569138,92.215187,91.161774
1294,10.783333,-0.005903,0.594282,0.020676,0.803969,-196.537430,92.215866,91.143463
1295,10.791667,-0.005641,0.594484,0.020120,0.803836,-196.508667,92.217461,91.131302
1296,10.800000,-0.005848,0.594641,0.019501,0.803733,-196.494705,92.222534,91.117035
1297,10.808333,-0.006211,0.594678,0.019173,0.803711,-196.496414,92.224556,91.104416
1298,10.816667,-0.007041,0.594972,0.018684,0.803499,-196.499268,92.231819,91.099541
1299,10.825000,-0.007633,0.594837,0.018889,0.803588,-196.516876,92.235458,91.108253
1300,10.833333,-0.006313,0.594369,0.020190,0.803914,-196.532974,92.218872,91.140388
1301,10.841667,-0.005315,0.594008,0.021226,0.804161,-196.549164,92.214287,91.178497
1302,10.850000,-0.004747,0.594023,0.022156,0.804129,-196.557083,92.208199,91.213219
1303,10.858333,-0.004430,0.594015,0.022685,0.804122,-196.563248,92.206863,91.237289
1304,10.866667,-0.004225,0.593995,0.023106,0.804126,-196.568970,92.209152,91.251839
1305,10.875000,-0.004138,0.593897,0.023287,0.804193,-196.572922,92.210320,91.256699
1306,10.883333,-0.004446,0.593781,0.023315,0.804277,-196.574753,92.208382,91.253082
1307,10.891667,-0.004764,0.593687,0.023069,0.804351,-196.574860,92.207611,91.237961
1308,10.900000,-0.005358,0.593674,0.022623,0.804370,-196.575333,92.210052,91.214020
1309,10.908333,-0.006020,0.593741,0.021881,0.804336,-196.573776,92.212952,91.185555
1310,10.916667,-0.006323,0.593749,0.021097,0.804349,-196.568176,92.217079,91.156120
1311,10.925000,-0.007478,0.594275,0.019907,0.803981,-196.541946,92.229225,91.130905
1312,10.933333,-0.007950,0.594245,0.019096,0.804018,-196.529160,92.236084,91.120117
1313,10.941667,-0.006276,0.594096,0.019690,0.804129,-196.517014,92.220154,91.135063
1314,10.950000,-0.005527,0.594075,0.019936,0.804144,-196.517151,92.217369,91.145966
1315,10.958333,-0.005509,0.594131,0.020317,0.804092,-196.531693,92.218346,91.155716
1316,10.966667,-0.005803,0.594208,0.021165,0.804012,-196.556610,92.216751,91.165535
1317,10.975000,-0.005959,0.594373,0.021973,0.803867,-196.578735,92.215607,91.176247
1318,10.983333,-0.005938,0.594472,0.022522,0.803779,-196.592789,92.213646,91.189667
1319,10.991667,-0.005930,0.594422,0.022967,0.803804,-196.596664,92.210548,91.206100
1320,11.000000,-0.005588,0.594265,0.023179,0.803916,-196.591431,92.206558,91.221443
1321,11.008333,-0.005277,0.594160,0.023166,0.803996,-196.587219,92.207268,91.228020
1322,11.016667,-0.005267,0.594018,0.022967,0.804106,-196.582077,92.207405,91.227760
1323,11.025000,-0.005410,0.593865,0.022478,0.804233,-196.574677,92.209755,91.218575
1324,11.033333,-0.005175,0.593749,0.021903,0.804336,-196.565826,92.212738,91.205185
1325,11.041667,-0.005393,0.593556,0.021343,0.804492,-196.555908,92.214142,91.187439
1326,11.050000,-0.005660,0.593540,0.020745,0.804517,-196.545822,92.215714,91.165993
1327,11.058333,-0.005998,0.593541,0.020358,0.804524,-196.538467,92.217598,91.149452
1328,11.066667,-0.005956,0.593570,0.020266,0.804505,-196.531860,92.217880,91.144844
1329,11.075000,-0.005977,0.593499,0.020106,0.804561,-196.534424,92.218056,91.146759
1330,11.083333,-0.005890,0.593544,0.020599,0.804516,-196.546555,92.216866,91.156754
1331,11.091667,-0.005656,0.593577,0.021030,0.804482,-196.557861,92.215965,91.171959
1332,11.100000,-0.005307,0.593646,0.021607,0.804419,-196.567398,92.213745,91.186516
1333,11.108333,-0.005354,0.593620,0.022008,0.804427,-196.575211,92.212502,91.194366
1334,11.116667,-0.005492,0.593567,0.022260,0.804458,-196.582275,92.213036,91.196259
1335,11.125000,-0.005555,0.593597,0.022435,0.804431,-196.586411,92.214294,91.193626
1336,11.133333,-0.005585,0.593618,0.022233,0.804421,-196.583191,92.213974,91.189507
1337,11.141667,-0.005595,0.593558,0.021765,0.804478,-196.575195,92.213493,91.186829
1338,11.150000,-0.005561,0.593597,0.021496,0.804456,-196.563141,92.213318,91.180786
1339,11.158333,-0.005568,0.593507,0.020998,0.804535,-196.550491,92.213531,91.171577
1340,11.166667,-0.005725,0.593504,0.020580,0.804548,-196.541672,92.215904,91.158951
1341,11.175000,-0.006066,0.593481,0.020416,0.804566,-196.541016,92.217392,91.151161
1342,11.183333,-0.005909,0.593457,0.020359,0.804586,-196.541626,92.214928,91.158806
1343,11.191667,-0.005629,0.593456,0.020677,0.804581,-196.546600,92.212769,91.173676
1344,11.200000,-0.005369,0.593523,0.021120,0.804522,-196.552856,92.214111,91.184601
1345,11.208333,-0.005238,0.593524,0.021393,0.804515,-196.557648,92.212372,91.192429
1346,11.216667,-0.005486,0.593636,0.021598,0.804425,-196.561844,92.211540,91.194466
1347,11.225000,-0.005450,0.593574,0.021634,0.804470,-196.564041,92.212349,91.190987
1348,11.233333,-0.005604,0.593480,0.021448,0.804543,-196.563904,92.212814,91.182480
1349,11.241667,-0.005684,0.593549,0.021369,0.804494,-196.561386,92.213570,91.170654
1350,11.250000,-0.005681,0.593525,0.021048,0.804520,-196.552780,92.213524,91.159904
1351,11.258333,-0.005545,0.593562,0.020715,0.804502,-196.540146,92.212708,91.159409
1352,11.266667,-0.005546,0.593545,0.020575,0.804519,-196.539413,92.212830,91.161743
1353,11.275000,-0.005740,0.593603,0.020789,0.804469,-196.546417,92.214958,91.164131
1354,11.283333,-0.005984,0.593657,0.021115,0.804419,-196.553345,92.215416,91.163376
1355,11.291667,-0.006080,0.593582,0.021111,0.804474,-196.553329,92.213913,91.162834
1356,11.300000,-0.005886,0.593621,0.021121,0.804446,-196.547073,92.212715,91.159988
1357,11.308333,-0.005683,0.593647,0.020889,0.804434,-196.538651,92.212418,91.160744
1358,11.316667,-0.005687,0.593641,0.020831,0.804441,-196.540588,92.214325,91.160614
1359,11.325000,-0.005931,0.593584,0.020928,0.804478,-196.547226,92.214615,91.161003
1360,11.333333,-0.006141,0.593619,0.021120,0.804446,-196.549515,92.212471,91.162506
1361,11.341667,-0.005881,0.593615,0.021085,0.804452,-196.546783,92.211380,91.163025
1362,11.350000,-0.005783,0.593593,0.020866,0.804474,-196.542328,92.211357,91.164253
1363,11.358333,-0.005975,0.593619,0.020935,0.804452,-196.546173,92.214188,91.163002
1364,11.366667,-0.005881,0.593668,0.021068,0.804413,-196.548218,92.214188,91.162361
1365,11.375000,-0.005854,0.593611,0.021145,0.804453,-196.548645,92.213501,91.163025
1366,11.383333,-0.006097,0.593579,0.021022,0.804478,-196.544785,92.209503,91.162781
1367,11.391667,-0.005919,0.593605,0.020835,0.804465,-196.544281,92.210121,91.162750
1368,11.400000,-0.005876,0.593628,0.020898,0.804447,-196.545288,92.211548,91.161278
1369,11.408333,-0.005828,0.593603,0.020983,0.804463,-196.545227,92.211685,91.160950
1370,11.416667,-0.005968,0.593577,0.020952,0.804482,-196.543335,92.211044,91.159950
1371,11.425000,-0.005709,0.593600,0.020960,0.804467,-196.543320,92.211533,91.159554
1372,11.433333,-0.005685,0.593630,0.020920,0.804446,-196.543839,92.211639,91.159073
1373,11.441667,-0.005777,0.593627,0.020902,0.804448,-196.542984,92.210625,91.158356
1374,11.450000,-0.005815,0.593621,0.020895,0.804453,-196.543854,92.212067,91.158524
1375,11.458333,-0.005761,0.593580,0.020954,0.804481,-196.544632,92.212502,91.158348
1376,11.466667,-0.005796,0.593556,0.020974,0.804498,-196.544968,92.211731,91.158493
1377,11.475000,-0.005811,0.593614,0.021036,0.804454,-196.545868,92.211487,91.157730
1378,11.483333,-0.005801,0.593585,0.021037,0.804476,-196.547180,92.212471,91.157623
1379,11.491667,-0.005707,0.593586,0.021056,0.804475,-196.547867,92.212212,91.158257
1380,11.500000,-0.005739,0.593560,0.020953,0.804497,-196.549408,92.213287,91.157982
1381,11.508333,-0.005749,0.593527,0.020856,0.804523,-196.549713,92.211540,91.157738
1382,11.516667,-0.005756,0.593545,0.020793,0.804512,-196.549301,92.211273,91.157570
1383,11.525000,-0.005813,0.593599,0.020879,0.804469,-196.549759,92.211349,91.158035
1384,11.533333,-0.005740,0.593618,0.021060,0.804451,-196.549591,92.212029,91.158775
1385,11.541667,-0.005769,0.593549,0.021008,0.804503,-196.549164,92.211632,91.159050
1386,11.550000,-0.005790,0.593526,0.020937,0.804522,-196.548141,92.211052,91.159187
1387,11.558333,-0.005691,0.593553,0.020908,0.804503,-196.547058,92.210899,91.158600
1388,11.566667,-0.005569,0.593574,0.020897,0.804489,-196.546860,92.210922,91.158607
1389,11.575000,-0.005696,0.593619,0.020962,0.804453,-196.546814,92.211861,91.157875
1390,11.583333,-0.005728,0.593594,0.020873,0.804474,-196.546173,92.210976,91.157852
1391,11.591667,-0.005777,0.593599,0.020957,0.804467,-196.546326,92.210899,91.156784
1392,11.600000,-0.005718,0.593569,0.021030,0.804488,-196.546112,92.211273,91.156487
1393,11.608333,-0.005773,0.593538,0.020937,0.804513,-196.546005,92.211319,91.157066
