Format Version,1.25,Take Name,Take 2025-11-27 05.10.53 PM,Take Notes,,Capture Frame Rate,120.000000,Export Frame Rate,120.000000,Capture Start Time,2025-11-27 05.10.53.918 PM,Capture Start Frame,46535,Total Frames in Take,1344,Total Exported Frames,1344,Rotation Type,Quaternion,Length Units,Centimeters,Coordinate Space,Global

,Type,Rigid Body,Rigid Body,Rigid Body,Rigid Body,Rigid Body,Rigid Body,Rigid Body
,Name,SEE_large,SEE_large,SEE_large,SEE_large,SEE_large,SEE_large,SEE_large
,ID,B4680608301811F031C44B617C10C291,B4680608301811F031C44B617C10C291,B4680608301811F031C44B617C10C291,B4680608301811F031C44B617C10C291,B4680608301811F031C44B617C10C291,B4680608301811F031C44B617C10C291,B4680608301811F031C44B617C10C291
,Parent,,,,,,,
,,Rotation,Rotation,Rotation,Rotation,Position,Position,Position
Frame,Time (Seconds),X,Y,Z,W,X,Y,Z
0,0.000000,-0.007128,0.398961,0.007773,0.916907,-215.904480,92.240181,83.886650
1,0.008333,-0.007140,0.399024,0.007797,0.916879,-215.905350,92.241676,83.885933
2,0.016667,-0.007012,0.398951,0.007808,0.916912,-215.906006,92.241547,83.886665
3,0.025000,-0.006940,0.398999,0.007888,0.916891,-215.907150,92.242188,83.886024
4,0.033333,-0.007083,0.398978,0.007892,0.916899,-215.906570,92.241043,83.885506
5,0.041667,-0.007214,0.399007,0.007879,0.916885,-215.906235,92.240829,83.884499
6,0.050000,-0.007109,0.398969,0.007857,0.916903,-215.905884,92.240417,83.884430
7,0.058333,-0.007174,0.398968,0.007747,0.916904,-215.905167,92.240738,83.883530
8,0.066667,-0.007252,0.398941,0.007818,0.916915,-215.904053,92.241028,83.883652
9,0.075000,-0.007147,0.398912,0.007798,0.916928,-215.903381,92.241623,83.883743
10,0.083333,-0.007155,0.398968,0.007778,0.916904,-215.902954,92.240974,83.884079
11,0.091667,-0.007240,0.398982,0.007785,0.916897,-215.901764,92.240128,83.884224
12,0.100000,-0.007370,0.398949,0.007659,0.916912,-215.900757,92.239647,83.883965
13,0.108333,-0.007292,0.398972,0.007621,0.916902,-215.901276,92.241524,83.883789
14,0.116667,-0.007137,0.398977,0.007626,0.916901,-215.901535,92.241585,83.884674
15,0.125000,-0.007023,0.399001,0.007588,0.916892,-215.902359,92.242729,83.884293
16,0.133333,-0.007102,0.399005,0.007657,0.916889,-215.901993,92.241577,83.883858
17,0.141667,-0.007175,0.398937,0.007527,0.916919,-215.903091,92.241531,83.884300
18,0.150000,-0.007209,0.398963,0.007631,0.916907,-215.902634,92.241066,83.883377
19,0.158333,-0.007170,0.398941,0.007720,0.916916,-215.903519,92.240509,83.883369
20,0.166667,-0.007246,0.398912,0.007697,0.916928,-215.904587,92.242050,83.882889
21,0.175000,-0.007235,0.398941,0.007590,0.916917,-215.904922,92.241272,83.882431
22,0.183333,-0.007238,0.398937,0.007544,0.916919,-215.905212,92.240746,83.882370
23,0.191667,-0.007340,0.398992,0.007641,0.916893,-215.904755,92.240524,83.881744
24,0.200000,-0.007388,0.398984,0.007564,0.916897,-215.904327,92.241043,83.881218
25,0.208333,-0.007382,0.398919,0.007545,0.916925,-215.904160,92.241371,83.881317
26,0.216667,-0.007171,0.398985,0.007604,0.916898,-215.902084,92.241760,83.881516
27,0.225000,-0.007135,0.398979,0.007646,0.916900,-215.901688,92.241844,83.881630
28,0.233333,-0.007201,0.398957,0.007738,0.916909,-215.901367,92.242500,83.881744
29,0.241667,-0.007285,0.398967,0.007752,0.916903,-215.900452,92.242035,83.881775
30,0.250000,-0.007286,0.398958,0.007615,0.916909,-215.899826,92.241791,83.882446
31,0.258333,-0.007257,0.399008,0.007713,0.916887,-215.899612,92.240845,83.881760
32,0.266667,-0.007127,0.398997,0.007661,0.916893,-215.899155,92.241356,83.881798
33,0.275000,-0.007216,0.398988,0.007554,0.916897,-215.899628,92.242447,83.881226
34,0.283333,-0.007309,0.398978,0.007553,0.916900,-215.900726,92.243317,83.880913
35,0.291667,-0.007229,0.398989,0.007531,0.916896,-215.901489,92.242722,83.882133
36,0.300000,-0.007133,0.399013,0.007626,0.916886,-215.901855,92.240295,83.881477
37,0.308333,-0.007200,0.398980,0.007654,0.916899,-215.902542,92.241508,83.882126
38,0.316667,-0.007278,0.398961,0.007670,0.916907,-215.902832,92.240578,83.881691
39,0.325000,-0.007258,0.398957,0.007789,0.916908,-215.902618,92.240509,83.881195
40,0.333333,-0.007282,0.398947,0.007629,0.916913,-215.903290,92.240837,83.880791
41,0.341667,-0.007287,0.398943,0.007770,0.916914,-215.903137,92.240105,83.879898
42,0.350000,-0.007319,0.398949,0.007755,0.916911,-215.902679,92.240829,83.880226
43,0.358333,-0.007259,0.399005,0.007721,0.916887,-215.902298,92.240753,83.879494
44,0.366667,-0.007249,0.398950,0.007768,0.916911,-215.900543,92.242004,83.879005
45,0.375000,-0.007180,0.398951,0.007848,0.916911,-215.898773,92.242744,83.879753
46,0.383333,-0.007085,0.399001,0.007977,0.916888,-215.896912,92.242226,83.880104
47,0.391667,-0.007140,0.399052,0.007873,0.916867,-215.895767,92.241112,83.879715
48,0.400000,-0.007173,0.399035,0.007786,0.916875,-215.894562,92.241119,83.879097
49,0.408333,-0.007347,0.399018,0.007687,0.916881,-215.893646,92.242523,83.879570
50,0.416667,-0.007246,0.398961,0.007762,0.916906,-215.892532,92.242859,83.879242
51,0.425000,-0.007196,0.398982,0.007808,0.916897,-215.890503,92.243408,83.879967
52,0.433333,-0.007296,0.398984,0.007795,0.916896,-215.890259,92.243187,83.880196
53,0.441667,-0.007254,0.399003,0.007784,0.916888,-215.890289,92.243332,83.881073
54,0.450000,-0.007267,0.398985,0.007757,0.916896,-215.890411,92.243996,83.881096
55,0.458333,-0.007127,0.399015,0.007806,0.916883,-215.890839,92.242996,83.882233
56,0.466667,-0.007305,0.398988,0.007802,0.916894,-215.892670,92.243996,83.882439
57,0.475000,-0.007347,0.398921,0.007775,0.916923,-215.894531,92.245193,83.881935
58,0.483333,-0.007339,0.398959,0.007820,0.916906,-215.895035,92.243439,83.881813
59,0.491667,-0.007278,0.398976,0.007763,0.916900,-215.895874,92.241196,83.880890
60,0.500000,-0.007343,0.399035,0.007801,0.916873,-215.896912,92.241371,83.880775
61,0.508333,-0.007282,0.399027,0.007937,0.916876,-215.898132,92.241028,83.881287
62,0.516667,-0.007241,0.399029,0.007862,0.916876,-215.898712,92.241646,83.882095
63,0.525000,-0.007294,0.399039,0.007897,0.916871,-215.897491,92.242050,83.881241
64,0.533333,-0.007272,0.399002,0.007949,0.916887,-215.896790,92.241577,83.880791
65,0.541667,-0.007449,0.399034,0.007790,0.916873,-215.895386,92.241875,83.880737
66,0.550000,-0.007343,0.398972,0.007797,0.916901,-215.892822,92.241898,83.879837
67,0.558333,-0.007275,0.399000,0.007713,0.916889,-215.891449,92.243698,83.879539
68,0.566667,-0.007076,0.399073,0.007826,0.916858,-215.889069,92.243546,83.878899
69,0.575000,-0.007130,0.399025,0.007824,0.916879,-215.888519,92.245041,83.878922
70,0.583333,-0.007226,0.398966,0.007866,0.916904,-215.888901,92.245422,83.878906
71,0.591667,-0.007393,0.398941,0.007740,0.916914,-215.889603,92.246506,83.877686
72,0.600000,-0.007512,0.399015,0.007897,0.916880,-215.891647,92.245636,83.875526
73,0.608333,-0.007572,0.398997,0.008018,0.916886,-215.896561,92.243782,83.874916
74,0.616667,-0.007692,0.398887,0.008020,0.916933,-215.904922,92.242767,83.875862
75,0.625000,-0.007701,0.398930,0.008229,0.916912,-215.911179,92.243385,83.877792
76,0.633333,-0.007612,0.398799,0.008517,0.916967,-215.920975,92.243134,83.880058
77,0.641667,-0.007597,0.398702,0.008874,0.917006,-215.933273,92.241005,83.883896
78,0.650000,-0.007646,0.398658,0.009387,0.917020,-215.950485,92.241600,83.887161
79,0.658333,-0.007759,0.398530,0.009960,0.917068,-215.968918,92.243340,83.889862
80,0.666667,-0.008006,0.398388,0.010203,0.917125,-215.987579,92.247093,83.888565
81,0.675000,-0.008041,0.398555,0.010909,0.917044,-216.002029,92.244675,83.890121
82,0.683333,-0.008302,0.398560,0.011145,0.917037,-216.020325,92.247322,83.891640
83,0.691667,-0.008492,0.398465,0.011462,0.917072,-216.033936,92.249634,83.890999
84,0.700000,-0.008461,0.398444,0.011922,0.917076,-216.042236,92.249084,83.893745
85,0.708333,-0.008520,0.398462,0.012407,0.917062,-216.046936,92.248840,83.894913
86,0.716667,-0.008532,0.398464,0.012536,0.917059,-216.048615,92.248955,83.894028
87,0.725000,-0.008414,0.398440,0.012568,0.917069,-216.044861,92.247536,83.893875
88,0.733333,-0.008470,0.398406,0.012399,0.917086,-216.043640,92.248306,83.892479
89,0.741667,-0.008489,0.398423,0.012339,0.917080,-216.043610,92.248116,83.891762
90,0.750000,-0.008487,0.398469,0.012327,0.917060,-216.049774,92.249321,83.891518
91,0.758333,-0.008310,0.398465,0.012654,0.917059,-216.058228,92.250755,83.894585
92,0.766667,-0.007776,0.398444,0.015307,0.917032,-216.091248,92.232361,83.908943
93,0.775000,-0.007647,0.398548,0.016057,0.916975,-216.111084,92.229485,83.919388
94,0.783333,-0.007799,0.398736,0.016875,0.916877,-216.132401,92.225868,83.928017
95,0.791667,-0.008263,0.398623,0.016879,0.916923,-216.143616,92.229492,83.935921
96,0.800000,-0.008711,0.398594,0.016785,0.916932,-216.158371,92.235558,83.935738
97,0.808333,-0.009160,0.398510,0.016659,0.916967,-216.174408,92.241196,83.938538
98,0.816667,-0.009470,0.398501,0.016732,0.916967,-216.189835,92.242989,83.940338
99,0.825000,-0.009427,0.398565,0.017138,0.916931,-216.202209,92.244339,83.943794
100,0.833333,-0.009359,0.398627,0.017705,0.916895,-216.212433,92.243698,83.947166
101,0.841667,-0.009354,0.398704,0.018219,0.916851,-216.219421,92.241226,83.949646
102,0.850000,-0.009350,0.398674,0.018630,0.916856,-216.224640,92.239487,83.951935
103,0.858333,-0.009507,0.398630,0.019129,0.916863,-216.228729,92.241028,83.953362
104,0.866667,-0.009500,0.398625,0.019159,0.916865,-216.229202,92.240875,83.952309
105,0.875000,-0.009410,0.398610,0.018971,0.916876,-216.229538,92.240433,83.951584
106,0.883333,-0.009526,0.398576,0.018886,0.916891,-216.232819,92.241547,83.949852
107,0.891667,-0.009674,0.398552,0.018865,0.916901,-216.238159,92.244652,83.949486
108,0.900000,-0.010465,0.398637,0.019876,0.916834,-216.247559,92.252724,83.947769
109,0.908333,-0.010806,0.398632,0.020454,0.916819,-216.257507,92.256149,83.949181
110,0.916667,-0.010940,0.398534,0.020794,0.916853,-216.270447,92.256783,83.949760
111,0.925000,-0.011228,0.398493,0.021018,0.916862,-216.285080,92.257401,83.950348
112,0.933333,-0.011522,0.398334,0.021468,0.916917,-216.301804,92.256332,83.950356
113,0.941667,-0.011801,0.398183,0.021943,0.916968,-216.318207,92.255302,83.953407
114,0.950000,-0.012066,0.398042,0.022505,0.917012,-216.333389,92.253380,83.956238
115,0.958333,-0.012225,0.397887,0.023029,0.917064,-216.346329,92.251518,83.957657
116,0.966667,-0.012332,0.397794,0.023492,0.917091,-216.356354,92.251312,83.959923
117,0.975000,-0.012422,0.397724,0.023758,0.917113,-216.365311,92.252716,83.961594
118,0.983333,-0.012354,0.397726,0.024207,0.917102,-216.372726,92.252800,83.960823
119,0.991667,-0.012513,0.397716,0.024367,0.917100,-216.380096,92.254456,83.962120
120,1.000000,-0.012491,0.397681,0.024483,0.917112,-216.387085,92.254242,83.962868
121,1.008333,-0.012451,0.397625,0.024778,0.917129,-216.391785,92.253227,83.961418
122,1.016667,-0.012538,0.397732,0.024692,0.917084,-216.393356,92.254807,83.959755
123,1.025000,-0.012534,0.397786,0.024704,0.917060,-216.390274,92.254234,83.959007
124,1.033333,-0.012435,0.397792,0.024692,0.917059,-216.383545,92.253288,83.958611
125,1.041667,-0.012320,0.397888,0.024576,0.917022,-216.375977,92.251495,83.957848
126,1.050000,-0.012281,0.397929,0.024322,0.917011,-216.369751,92.251282,83.958199
127,1.058333,-0.012361,0.397993,0.024102,0.916988,-216.367172,92.253098,83.956894
128,1.066667,-0.012496,0.397885,0.023972,0.917037,-216.369446,92.254326,83.955734
129,1.075000,-0.012458,0.397841,0.023813,0.917061,-216.372208,92.255272,83.955696
130,1.083333,-0.012547,0.397802,0.023848,0.917076,-216.378906,92.257645,83.955132
131,1.091667,-0.012339,0.397879,0.023800,0.917046,-216.382812,92.259911,83.956535
132,1.100000,-0.012350,0.397932,0.023746,0.917025,-216.385315,92.260674,83.956444
133,1.108333,-0.012314,0.397879,0.023815,0.917046,-216.385910,92.260742,83.957397
134,1.116667,-0.012280,0.397949,0.023821,0.917016,-216.385361,92.261543,83.958710
135,1.125000,-0.012195,0.397932,0.023937,0.917021,-216.384201,92.259804,83.959183
136,1.133333,-0.012228,0.397966,0.024119,0.917001,-216.383362,92.258690,83.959991
137,1.141667,-0.012263,0.398021,0.024352,0.916971,-216.386276,92.258507,83.960144
138,1.150000,-0.012312,0.398055,0.024448,0.916953,-216.388107,92.256989,83.960434
139,1.158333,-0.012338,0.398133,0.024571,0.916915,-216.389389,92.255714,83.959511
140,1.166667,-0.012387,0.398191,0.024751,0.916885,-216.391846,92.254570,83.959892
141,1.175000,-0.012413,0.398249,0.024759,0.916859,-216.393631,92.254860,83.959908
142,1.183333,-0.012313,0.398295,0.024779,0.916840,-216.393997,92.254562,83.958954
143,1.191667,-0.012213,0.398286,0.024837,0.916843,-216.392334,92.252609,83.958878
144,1.200000,-0.012267,0.398247,0.024766,0.916862,-216.392044,92.253075,83.958420
145,1.208333,-0.012319,0.398174,0.024697,0.916895,-216.391495,92.253235,83.958527
146,1.216667,-0.012309,0.398197,0.024598,0.916888,-216.391617,92.253075,83.958069
147,1.225000,-0.012233,0.398195,0.024653,0.916888,-216.393829,92.252548,83.958000
148,1.233333,-0.012293,0.398203,0.024590,0.916885,-216.396881,92.254372,83.957382
149,1.241667,-0.012366,0.398191,0.024492,0.916892,-216.399689,92.256966,83.957443
150,1.250000,-0.012292,0.398185,0.024493,0.916896,-216.401382,92.258110,83.957970
151,1.258333,-0.012246,0.398233,0.024612,0.916872,-216.402649,92.259483,83.958649
152,1.266667,-0.012167,0.398203,0.024582,0.916887,-216.402740,92.258621,83.960014
153,1.275000,-0.012311,0.398231,0.024386,0.916878,-216.403610,92.259888,83.960243
154,1.283333,-0.012338,0.398209,0.024519,0.916884,-216.402298,92.258736,83.960632
155,1.291667,-0.012341,0.398220,0.024453,0.916881,-216.400360,92.259346,83.961029
156,1.300000,-0.012431,0.398191,0.024642,0.916887,-216.398163,92.258812,83.960266
157,1.308333,-0.012408,0.398245,0.024604,0.916865,-216.395447,92.258057,83.960373
158,1.316667,-0.012472,0.398241,0.024587,0.916867,-216.394455,92.256615,83.959686
159,1.325000,-0.012470,0.398282,0.024778,0.916844,-216.394302,92.256157,83.958649
160,1.333333,-0.012413,0.398271,0.024694,0.916851,-216.396027,92.257118,83.958725
161,1.341667,-0.012381,0.398291,0.024792,0.916840,-216.397934,92.257347,83.957848
162,1.350000,-0.012444,0.398345,0.024707,0.916818,-216.399719,92.258354,83.956146
163,1.358333,-0.012572,0.398273,0.024659,0.916849,-216.402145,92.259094,83.954483
164,1.366667,-0.012528,0.398203,0.024667,0.916880,-216.403503,92.259727,83.954575
165,1.375000,-0.012403,0.398213,0.024603,0.916879,-216.403992,92.259232,83.955696
166,1.383333,-0.012362,0.398295,0.024715,0.916841,-216.404648,92.259613,83.956436
167,1.391667,-0.012362,0.398297,0.024635,0.916842,-216.406464,92.260963,83.956123
168,1.400000,-0.012387,0.398246,0.024643,0.916864,-216.409424,92.261162,83.956505
169,1.408333,-0.012296,0.398300,0.024628,0.916842,-216.411850,92.260933,83.958740
170,1.416667,-0.012131,0.398355,0.024651,0.916820,-216.413452,92.261253,83.960365
171,1.425000,-0.012025,0.398355,0.024715,0.916819,-216.413116,92.261353,83.960899
172,1.433333,-0.011997,0.398413,0.024887,0.916790,-216.412262,92.260811,83.961823
173,1.441667,-0.012130,0.398446,0.024966,0.916772,-216.411469,92.259476,83.961853
174,1.450000,-0.012290,0.398355,0.025012,0.916808,-216.409225,92.258232,83.961464
175,1.458333,-0.012355,0.398380,0.025026,0.916796,-216.406982,92.258598,83.961006
176,1.466667,-0.012364,0.398357,0.025208,0.916801,-216.404556,92.256584,83.960800
177,1.475000,-0.012336,0.398316,0.025168,0.916820,-216.403625,92.256989,83.960007
178,1.483333,-0.012286,0.398317,0.025035,0.916824,-216.401886,92.257141,83.959946
179,1.491667,-0.012372,0.398315,0.025006,0.916825,-216.401031,92.256134,83.958206
180,1.500000,-0.012350,0.398283,0.024873,0.916842,-216.401047,92.256157,83.957497
181,1.508333,-0.012362,0.398317,0.024760,0.916830,-216.402786,92.258224,83.956955
182,1.516667,-0.012498,0.398359,0.024843,0.916808,-216.404007,92.258766,83.955696
183,1.525000,-0.012509,0.398321,0.024752,0.916827,-216.405624,92.260345,83.955688
184,1.533333,-0.012314,0.398306,0.024808,0.916834,-216.406937,92.261520,83.956268
185,1.541667,-0.012084,0.398317,0.024820,0.916833,-216.408203,92.262199,83.956917
186,1.550000,-0.012050,0.398316,0.024710,0.916836,-216.409988,92.263092,83.957001
187,1.558333,-0.012111,0.398356,0.024683,0.916819,-216.410355,92.262367,83.958237
188,1.566667,-0.012144,0.398350,0.024794,0.916818,-216.411560,92.261932,83.959114
189,1.575000,-0.012019,0.398375,0.024732,0.916810,-216.412064,92.261505,83.960976
190,1.583333,-0.011965,0.398316,0.024746,0.916836,-216.410797,92.261086,83.961800
191,1.591667,-0.011957,0.398346,0.024927,0.916819,-216.409683,92.260086,83.962196
192,1.600000,-0.012157,0.398290,0.024959,0.916839,-216.409012,92.259888,83.962257
193,1.608333,-0.012213,0.398320,0.025009,0.916824,-216.407471,92.258713,83.962059
194,1.616667,-0.012331,0.398294,0.025056,0.916833,-216.405441,92.258034,83.960457
195,1.625000,-0.012533,0.398301,0.024946,0.916830,-216.402954,92.257484,83.959724
196,1.633333,-0.012632,0.398263,0.024902,0.916846,-216.401596,92.257126,83.958611
197,1.641667,-0.012565,0.398310,0.024900,0.916827,-216.400986,92.256966,83.958382
198,1.650000,-0.012515,0.398342,0.024961,0.916812,-216.401886,92.257362,83.957497
199,1.658333,-0.012380,0.398316,0.024922,0.916826,-216.401855,92.257851,83.958145
200,1.666667,-0.012357,0.398225,0.024926,0.916866,-216.404343,92.259201,83.956932
201,1.675000,-0.012394,0.398258,0.025084,0.916847,-216.405869,92.259598,83.957069
202,1.683333,-0.012457,0.398283,0.025018,0.916837,-216.408356,92.261887,83.956757
203,1.691667,-0.012336,0.398281,0.024959,0.916841,-216.409775,92.261131,83.958809
204,1.700000,-0.012353,0.398262,0.024719,0.916855,-216.411011,92.261368,83.958885
205,1.708333,-0.012273,0.398326,0.024805,0.916826,-216.411545,92.261871,83.959221
206,1.716667,-0.012195,0.398270,0.024909,0.916849,-216.411453,92.263153,83.959824
207,1.725000,-0.012145,0.398272,0.024984,0.916847,-216.410995,92.263771,83.961952
208,1.733333,-0.012108,0.398252,0.024932,0.916857,-216.410278,92.262993,83.963028
209,1.741667,-0.012255,0.398246,0.024918,0.916858,-216.409119,92.262230,83.962692
210,1.750000,-0.012297,0.398273,0.024889,0.916847,-216.408127,92.262001,83.960815
211,1.758333,-0.012228,0.398300,0.024887,0.916836,-216.406845,92.261139,83.960983
212,1.766667,-0.012206,0.398282,0.024884,0.916844,-216.404861,92.258575,83.960930
213,1.775000,-0.012418,0.398298,0.024958,0.916832,-216.403915,92.258606,83.960007
214,1.783333,-0.012461,0.398299,0.024829,0.916835,-216.403015,92.257568,83.957855
215,1.791667,-0.012472,0.398311,0.024856,0.916829,-216.402435,92.257462,83.957497
216,1.800000,-0.012432,0.398319,0.024961,0.916823,-216.402405,92.258286,83.957008
217,1.808333,-0.012289,0.398314,0.024859,0.916830,-216.403442,92.259171,83.956512
218,1.816667,-0.012269,0.398277,0.024886,0.916846,-216.404770,92.259468,83.956276
219,1.825000,-0.012335,0.398277,0.024896,0.916844,-216.406769,92.258919,83.956329
220,1.833333,-0.012348,0.398282,0.024855,0.916843,-216.408615,92.259895,83.956619
221,1.841667,-0.012244,0.398340,0.024747,0.916822,-216.410309,92.259697,83.957161
222,1.850000,-0.012173,0.398336,0.024621,0.916828,-216.412491,92.260071,83.957954
223,1.858333,-0.012264,0.398399,0.024730,0.916797,-216.412598,92.260536,83.959396
224,1.866667,-0.012058,0.398354,0.024710,0.916820,-216.412537,92.258850,83.961273
225,1.875000,-0.012019,0.398324,0.024747,0.916832,-216.412689,92.258553,83.961174
226,1.883333,-0.012087,0.398353,0.024870,0.916815,-216.411972,92.258705,83.962234
227,1.891667,-0.012134,0.398391,0.024920,0.916797,-216.410568,92.259689,83.961578
228,1.900000,-0.012345,0.398322,0.024874,0.916825,-216.408966,92.260132,83.960762
229,1.908333,-0.012416,0.398356,0.024903,0.916809,-216.406982,92.258934,83.961151
230,1.916667,-0.012304,0.398355,0.024958,0.916809,-216.405624,92.258240,83.960594
231,1.925000,-0.012283,0.398321,0.025011,0.916823,-216.404724,92.257614,83.959503
232,1.933333,-0.012316,0.398334,0.024891,0.916820,-216.403992,92.258766,83.957848
233,1.941667,-0.012356,0.398293,0.024763,0.916841,-216.403381,92.257996,83.956596
234,1.950000,-0.012339,0.398333,0.024716,0.916825,-216.404053,92.258743,83.956062
235,1.958333,-0.012247,0.398370,0.024813,0.916807,-216.404419,92.257828,83.956131
236,1.966667,-0.012314,0.398319,0.024784,0.916829,-216.405624,92.258858,83.955719
237,1.975000,-0.012279,0.398249,0.024716,0.916862,-216.407150,92.259926,83.955338
238,1.983333,-0.012200,0.398231,0.024681,0.916872,-216.408615,92.260780,83.956406
239,1.991667,-0.012092,0.398291,0.024703,0.916847,-216.409653,92.260399,83.957420
240,2.000000,-0.012116,0.398321,0.024622,0.916836,-216.411545,92.260765,83.958450
241,2.008333,-0.012151,0.398339,0.024715,0.916825,-216.412231,92.259918,83.959221
242,2.016667,-0.012224,0.398326,0.024558,0.916834,-216.413284,92.260490,83.960197
243,2.025000,-0.012207,0.398344,0.024549,0.916826,-216.412827,92.259911,83.961288
244,2.033333,-0.012163,0.398363,0.024631,0.916817,-216.411682,92.259338,83.961082
245,2.041667,-0.012225,0.398364,0.024692,0.916814,-216.410950,92.259689,83.960983
246,2.050000,-0.012395,0.398359,0.024825,0.916810,-216.409714,92.259888,83.960571
247,2.058333,-0.012321,0.398389,0.025039,0.916792,-216.407532,92.258446,83.960953
248,2.066667,-0.012288,0.398390,0.025097,0.916790,-216.406342,92.257401,83.960609
249,2.075000,-0.012311,0.398351,0.025082,0.916807,-216.405457,92.257301,83.960091
250,2.083333,-0.012294,0.398334,0.024998,0.916817,-216.404373,92.255707,83.959846
251,2.091667,-0.012439,0.398321,0.024998,0.916821,-216.404968,92.256332,83.957855
252,2.100000,-0.012438,0.398311,0.024971,0.916826,-216.406219,92.256348,83.957062
253,2.108333,-0.012333,0.398336,0.024901,0.916818,-216.407104,92.257317,83.956436
254,2.116667,-0.012402,0.398330,0.024912,0.916820,-216.408081,92.258553,83.955551
255,2.125000,-0.012300,0.398337,0.024840,0.916820,-216.408752,92.259224,83.955688
256,2.133333,-0.012255,0.398330,0.024740,0.916827,-216.410141,92.260460,83.956871
257,2.141667,-0.012231,0.398361,0.024671,0.916815,-216.411011,92.259644,83.956825
258,2.150000,-0.012302,0.398368,0.024551,0.916814,-216.411407,92.259399,83.956757
259,2.158333,-0.012266,0.398343,0.024564,0.916825,-216.411758,92.259636,83.957932
260,2.166667,-0.012178,0.398362,0.024556,0.916819,-216.411591,92.260468,83.960251
261,2.175000,-0.012196,0.398355,0.024665,0.916819,-216.412109,92.261620,83.959076
262,2.183333,-0.012156,0.398359,0.024620,0.916818,-216.411209,92.260742,83.960030
263,2.191667,-0.012208,0.398318,0.024660,0.916834,-216.409561,92.261162,83.959946
264,2.200000,-0.012258,0.398317,0.024645,0.916835,-216.407104,92.260536,83.959824
265,2.208333,-0.012202,0.398297,0.024637,0.916845,-216.405701,92.260262,83.959686
266,2.216667,-0.012342,0.398336,0.024686,0.916824,-216.404297,92.260078,83.960060
267,2.225000,-0.012506,0.398267,0.024641,0.916853,-216.403656,92.259514,83.958115
268,2.233333,-0.012439,0.398322,0.024545,0.916833,-216.402771,92.257622,83.956551
269,2.241667,-0.012439,0.398281,0.024636,0.916848,-216.403503,92.257126,83.955948
270,2.250000,-0.012411,0.398319,0.024692,0.916831,-216.403915,92.258453,83.955711
271,2.258333,-0.012389,0.398290,0.024765,0.916842,-216.405075,92.259026,83.955246
272,2.266667,-0.012370,0.398342,0.024724,0.916820,-216.407562,92.259239,83.954788
273,2.275000,-0.012349,0.398313,0.024682,0.916834,-216.408630,92.259338,83.954765
274,2.283333,-0.012342,0.398356,0.024687,0.916816,-216.409760,92.260757,83.954582
275,2.291667,-0.012165,0.398343,0.024709,0.916823,-216.410370,92.260315,83.956390
276,2.300000,-0.012005,0.398382,0.024710,0.916808,-216.411118,92.259453,83.957687
277,2.308333,-0.011959,0.398426,0.024742,0.916789,-216.412689,92.258987,83.959167
278,2.316667,-0.012040,0.398376,0.024872,0.916806,-216.412003,92.258873,83.960190
279,2.325000,-0.012150,0.398322,0.024857,0.916828,-216.411835,92.258087,83.961739
280,2.333333,-0.012228,0.398367,0.024905,0.916807,-216.411163,92.257439,83.960754
281,2.341667,-0.012332,0.398381,0.024882,0.916799,-216.410248,92.258377,83.961327
282,2.350000,-0.012352,0.398359,0.024925,0.916808,-216.409164,92.258102,83.961296
283,2.358333,-0.012393,0.398393,0.024844,0.916795,-216.408493,92.259888,83.961082
284,2.366667,-0.012281,0.398344,0.024930,0.916815,-216.406555,92.258675,83.959633
285,2.375000,-0.012198,0.398308,0.024812,0.916835,-216.404968,92.258781,83.960495
286,2.383333,-0.012177,0.398318,0.025020,0.916825,-216.404205,92.258766,83.958618
287,2.391667,-0.012229,0.398352,0.024833,0.916815,-216.403870,92.258156,83.958122
288,2.400000,-0.012483,0.398342,0.024760,0.916818,-216.404846,92.258430,83.955963
289,2.408333,-0.012545,0.398335,0.024707,0.916821,-216.405609,92.258827,83.955261
290,2.416667,-0.012461,0.398285,0.024695,0.916844,-216.406296,92.259491,83.954742
291,2.425000,-0.012397,0.398312,0.024660,0.916835,-216.408066,92.261230,83.954926
292,2.433333,-0.012210,0.398303,0.024623,0.916842,-216.409332,92.261055,83.954636
293,2.441667,-0.012158,0.398340,0.024556,0.916828,-216.410141,92.262283,83.955208
294,2.450000,-0.012126,0.398346,0.024537,0.916827,-216.410477,92.262894,83.956406
295,2.458333,-0.012168,0.398353,0.024666,0.916820,-216.411163,92.262611,83.957222
296,2.466667,-0.012186,0.398340,0.024594,0.916827,-216.411209,92.261490,83.958176
297,2.475000,-0.012204,0.398320,0.024659,0.916834,-216.409821,92.259537,83.959358
298,2.483333,-0.012292,0.398355,0.024757,0.916815,-216.408951,92.259178,83.960266
299,2.491667,-0.012349,0.398379,0.024885,0.916800,-216.408661,92.260101,83.960854
300,2.500000,-0.012418,0.398285,0.024848,0.916841,-216.407440,92.258034,83.960762
301,2.508333,-0.012490,0.398264,0.024849,0.916849,-216.406662,92.257835,83.960655
302,2.516667,-0.012405,0.398325,0.024815,0.916825,-216.405304,92.257370,83.960495
303,2.525000,-0.012376,0.398355,0.025027,0.916807,-216.405273,92.257591,83.959579
304,2.533333,-0.012405,0.398378,0.024991,0.916797,-216.406082,92.256622,83.959099
305,2.541667,-0.012369,0.398334,0.024831,0.916821,-216.405792,92.256996,83.958557
306,2.550000,-0.012426,0.398309,0.024919,0.916829,-216.405731,92.256805,83.957077
307,2.558333,-0.012506,0.398299,0.024900,0.916832,-216.406433,92.258667,83.955727
308,2.566667,-0.012469,0.398344,0.024875,0.916814,-216.406967,92.258545,83.955940
309,2.575000,-0.012483,0.398343,0.024748,0.916818,-216.408279,92.259239,83.955566
310,2.583333,-0.012260,0.398351,0.024750,0.916817,-216.408844,92.259491,83.955643
311,2.591667,-0.012262,0.398342,0.024695,0.916822,-216.410278,92.261276,83.955612
312,2.600000,-0.012350,0.398320,0.024674,0.916831,-216.410660,92.261559,83.956184
313,2.608333,-0.012321,0.398374,0.024662,0.916809,-216.411041,92.261154,83.957642
314,2.616667,-0.012263,0.398306,0.024645,0.916840,-216.410538,92.259911,83.959213
315,2.625000,-0.012169,0.398306,0.024814,0.916836,-216.409760,92.259789,83.960327
316,2.633333,-0.012157,0.398266,0.024690,0.916857,-216.409393,92.260933,83.960686
317,2.641667,-0.012304,0.398350,0.024754,0.916817,-216.408234,92.259987,83.961136
318,2.650000,-0.012548,0.398369,0.024807,0.916804,-216.407150,92.260010,83.961182
319,2.658333,-0.012555,0.398365,0.024858,0.916804,-216.406342,92.258926,83.961197
320,2.666667,-0.012385,0.398336,0.025003,0.916815,-216.405396,92.258629,83.960991
321,2.675000,-0.012423,0.398353,0.025149,0.916803,-216.405075,92.259209,83.960342
322,2.683333,-0.012424,0.398349,0.025142,0.916805,-216.405457,92.257622,83.959824
323,2.691667,-0.012483,0.398365,0.025071,0.916799,-216.406326,92.257263,83.958664
324,2.700000,-0.012536,0.398317,0.025117,0.916818,-216.406754,92.256744,83.957771
325,2.708333,-0.012532,0.398317,0.024978,0.916822,-216.407867,92.257401,83.956261
326,2.716667,-0.012545,0.398298,0.024943,0.916831,-216.409119,92.259575,83.955475
327,2.725000,-0.012419,0.398278,0.024998,0.916840,-216.408569,92.260567,83.955627
328,2.733333,-0.012186,0.398355,0.024922,0.916812,-216.409271,92.260933,83.956261
329,2.741667,-0.012105,0.398344,0.024694,0.916824,-216.410141,92.263054,83.956718
330,2.750000,-0.012062,0.398331,0.024769,0.916828,-216.409851,92.262154,83.957291
331,2.758333,-0.012202,0.398357,0.024703,0.916817,-216.409760,92.262840,83.958145
332,2.766667,-0.012385,0.398335,0.024700,0.916824,-216.409225,92.261955,83.959023
333,2.775000,-0.012381,0.398316,0.024654,0.916833,-216.408493,92.260750,83.960205
334,2.783333,-0.012365,0.398270,0.024712,0.916852,-216.408188,92.260818,83.960129
335,2.791667,-0.012249,0.398354,0.024741,0.916816,-216.407684,92.260513,83.961609
336,2.800000,-0.012223,0.398329,0.024813,0.916825,-216.406982,92.260277,83.960899
337,2.808333,-0.012230,0.398299,0.024807,0.916839,-216.406494,92.260460,83.961159
338,2.816667,-0.012308,0.398351,0.024844,0.916814,-216.405273,92.259460,83.960625
339,2.825000,-0.012269,0.398322,0.024832,0.916827,-216.404419,92.259315,83.960220
340,2.833333,-0.012311,0.398273,0.024874,0.916847,-216.404816,92.260262,83.959068
341,2.841667,-0.012305,0.398299,0.024717,0.916840,-216.404800,92.259529,83.957092
342,2.850000,-0.012395,0.398353,0.024785,0.916813,-216.405396,92.260452,83.955711
343,2.858333,-0.012359,0.398317,0.024740,0.916831,-216.406281,92.260635,83.955444
344,2.866667,-0.012268,0.398265,0.024601,0.916858,-216.406830,92.260902,83.954674
345,2.875000,-0.012359,0.398338,0.024569,0.916826,-216.407684,92.260742,83.954979
346,2.883333,-0.012468,0.398291,0.024455,0.916848,-216.408035,92.262337,83.954559
347,2.891667,-0.012384,0.398322,0.024446,0.916836,-216.407425,92.261688,83.955002
348,2.900000,-0.012259,0.398330,0.024377,0.916836,-216.406845,92.261749,83.956245
349,2.908333,-0.012283,0.398388,0.024463,0.916808,-216.406204,92.260414,83.956177
350,2.916667,-0.012401,0.398351,0.024521,0.916821,-216.405701,92.260765,83.956512
351,2.925000,-0.012398,0.398377,0.024451,0.916812,-216.403580,92.259567,83.957848
352,2.933333,-0.012500,0.398384,0.024444,0.916808,-216.400879,92.259956,83.959999
353,2.941667,-0.012434,0.398443,0.024471,0.916782,-216.397980,92.258659,83.963310
354,2.950000,-0.012342,0.398550,0.024328,0.916741,-216.394180,92.257896,83.968094
355,2.958333,-0.012228,0.398618,0.024243,0.916715,-216.388412,92.255714,83.973122
356,2.966667,-0.012164,0.398684,0.024149,0.916690,-216.382782,92.255867,83.978386
357,2.975000,-0.011942,0.398719,0.024303,0.916673,-216.377182,92.254662,83.984245
358,2.983333,-0.011648,0.398748,0.024106,0.916670,-216.372925,92.255112,83.993011
359,2.991667,-0.011474,0.398818,0.023722,0.916651,-216.368607,92.256317,84.002068
360,3.000000,-0.011163,0.398931,0.023414,0.916614,-216.362335,92.257759,84.011963
361,3.008333,-0.010694,0.399046,0.023131,0.916577,-216.358017,92.260345,84.024673
362,3.016667,-0.010143,0.399225,0.022826,0.916513,-216.354126,92.263786,84.044525
363,3.025000,-0.009731,0.399350,0.022616,0.916468,-216.350891,92.263779,84.072876
364,3.033333,-0.008588,0.399044,0.022033,0.916627,-216.346451,92.257271,84.107414
365,3.041667,-0.006614,0.400126,0.024519,0.916108,-216.331619,92.231331,84.160446
366,3.050000,-0.004986,0.399467,0.023359,0.916436,-216.327881,92.239830,84.194061
367,3.058333,-0.003484,0.398969,0.022129,0.916691,-216.314529,92.246780,84.222725
368,3.066667,-0.002400,0.398943,0.021397,0.916723,-216.290588,92.249725,84.251228
369,3.075000,-0.001540,0.398951,0.020946,0.916732,-216.269470,92.255424,84.271446
370,3.083333,-0.000306,0.400485,0.024061,0.915987,-216.241150,92.225464,84.306862
371,3.091667,0.000651,0.399920,0.026747,0.916159,-216.249847,92.198479,84.316788
372,3.100000,0.001246,0.399785,0.027435,0.916197,-216.241714,92.190765,84.325096
373,3.108333,0.001959,0.399692,0.027862,0.916224,-216.234451,92.188034,84.333405
374,3.116667,0.002266,0.399547,0.028099,0.916279,-216.230484,92.188942,84.340546
375,3.125000,0.002304,0.399533,0.028069,0.916286,-216.228577,92.193398,84.346489
376,3.133333,0.002213,0.399579,0.027735,0.916276,-216.230194,92.197556,84.351418
377,3.141667,0.002088,0.399630,0.027166,0.916272,-216.232422,92.202950,84.357521
378,3.150000,0.002124,0.399706,0.026516,0.916257,-216.234711,92.209183,84.365395
379,3.158333,0.001644,0.399695,0.023853,0.916336,-216.247818,92.235985,84.381218
380,3.166667,0.001542,0.399340,0.023498,0.916500,-216.250854,92.241135,84.384193
381,3.175000,0.001788,0.399187,0.023453,0.916568,-216.253067,92.243614,84.398010
382,3.183333,0.002177,0.399317,0.023830,0.916501,-216.253113,92.245010,84.413895
383,3.191667,0.002482,0.399495,0.024049,0.916417,-216.254974,92.246628,84.426643
384,3.200000,0.002613,0.399459,0.024231,0.916427,-216.257935,92.246925,84.434448
385,3.208333,0.002614,0.399406,0.024403,0.916445,-216.260986,92.246132,84.439629
386,3.216667,0.002545,0.399374,0.024403,0.916460,-216.265778,92.247353,84.441338
387,3.225000,0.002425,0.399338,0.024536,0.916472,-216.270996,92.248169,84.437798
388,3.233333,0.002261,0.399238,0.024630,0.916514,-216.274551,92.246452,84.429840
389,3.241667,0.001954,0.399206,0.024554,0.916530,-216.280121,92.243095,84.415298
390,3.250000,0.001910,0.399341,0.026877,0.916407,-216.268875,92.221283,84.382111
391,3.258333,0.001329,0.399517,0.025957,0.916357,-216.269592,92.225471,84.353409
392,3.266667,0.000462,0.398917,0.023711,0.916681,-216.283081,92.242958,84.316948
393,3.275000,-0.001149,0.398404,0.022493,0.916934,-216.299850,92.253319,84.270332
394,3.283333,-0.003000,0.398362,0.022063,0.916958,-216.314697,92.255852,84.236801
395,3.291667,-0.003992,0.398331,0.021752,0.916975,-216.327530,92.260933,84.229034
396,3.300000,-0.004015,0.398234,0.021623,0.917020,-216.331070,92.283615,84.243340
397,3.308333,-0.003475,0.398209,0.021485,0.917036,-216.324356,92.325157,84.272247
398,3.316667,-0.002993,0.398242,0.024992,0.916935,-216.340454,92.373215,84.310654
399,3.325000,-0.002634,0.397997,0.024879,0.917045,-216.318054,92.443054,84.314468
400,3.333333,-0.003067,0.398033,0.023390,0.917068,-216.298584,92.512665,84.310600
401,3.341667,-0.003737,0.398171,0.022461,0.917029,-216.297821,92.565033,84.314835
402,3.350000,-0.003437,0.398109,0.022521,0.917055,-216.305069,92.612663,84.335838
403,3.358333,-0.003041,0.398184,0.022889,0.917015,-216.308167,92.655464,84.355530
404,3.366667,-0.003061,0.398292,0.022999,0.916965,-216.309448,92.703476,84.370003
405,3.375000,-0.003158,0.398621,0.022561,0.916833,-216.310257,92.761169,84.387215
406,3.383333,-0.003590,0.398764,0.022161,0.916779,-216.311295,92.825462,84.395729
407,3.391667,-0.003557,0.398559,0.021885,0.916875,-216.308762,92.886566,84.404541
408,3.400000,-0.003238,0.398415,0.021971,0.916937,-216.300659,92.940628,84.415726
409,3.408333,-0.002965,0.398378,0.022342,0.916944,-216.291382,92.987762,84.423325
410,3.416667,-0.003889,0.398464,0.023636,0.916871,-216.284805,93.037231,84.429489
411,3.425000,-0.003445,0.398403,0.024519,0.916876,-216.281891,93.093781,84.430656
412,3.433333,-0.003256,0.398317,0.024473,0.916916,-216.282059,93.147781,84.431343
413,3.441667,-0.003743,0.398459,0.024381,0.916855,-216.296799,93.204124,84.443718
414,3.450000,-0.004488,0.398570,0.023290,0.916831,-216.287201,93.265465,84.439835
415,3.458333,-0.005103,0.398885,0.022479,0.916712,-216.278030,93.328247,84.435265
416,3.466667,-0.005634,0.399442,0.021585,0.916487,-216.273117,93.397690,84.434036
417,3.475000,-0.005763,0.399624,0.021150,0.916417,-216.269333,93.459839,84.429779
418,3.483333,-0.005586,0.399461,0.021186,0.916488,-216.265945,93.517700,84.428421
419,3.491667,-0.006151,0.399147,0.022399,0.916593,-216.266159,93.574448,84.432526
420,3.500000,-0.006423,0.399815,0.024579,0.916244,-216.257431,93.608574,84.452873
421,3.508333,-0.006893,0.399236,0.023403,0.916523,-216.260651,93.663689,84.454086
422,3.516667,-0.006437,0.398481,0.022603,0.916875,-216.260239,93.715218,84.447922
423,3.525000,-0.007054,0.398769,0.021596,0.916770,-216.260574,93.757576,84.460159
424,3.533333,-0.007340,0.398964,0.020911,0.916699,-216.258194,93.801483,84.471146
425,3.541667,-0.007453,0.399181,0.020080,0.916622,-216.256897,93.849274,84.478340
426,3.550000,-0.007830,0.399190,0.019306,0.916631,-216.254562,93.903198,84.479958
427,3.558333,-0.008544,0.399112,0.018796,0.916670,-216.251617,93.960724,84.477432
428,3.566667,-0.009351,0.398804,0.018308,0.916806,-216.252731,94.027931,84.473022
429,3.575000,-0.009512,0.398794,0.019790,0.916778,-216.268204,94.081017,84.475197
430,3.583333,-0.010244,0.399154,0.021441,0.916576,-216.255432,94.146889,84.467575
431,3.591667,-0.010663,0.399420,0.021935,0.916444,-216.243668,94.204369,84.460815
432,3.600000,-0.010659,0.399611,0.021599,0.916368,-216.235764,94.258156,84.455643
433,3.608333,-0.010672,0.399808,0.020898,0.916298,-216.230606,94.309196,84.452728
434,3.616667,-0.011036,0.400015,0.019763,0.916229,-216.230011,94.359657,84.447189
435,3.625000,-0.011554,0.400017,0.018830,0.916242,-216.231888,94.408859,84.438858
436,3.633333,-0.012307,0.400032,0.018215,0.916238,-216.236710,94.456955,84.431290
437,3.641667,-0.013285,0.399981,0.017753,0.916255,-216.241364,94.507828,84.428909
438,3.650000,-0.014211,0.399882,0.018097,0.916278,-216.241547,94.560829,84.428032
439,3.658333,-0.015167,0.400382,0.021192,0.915978,-216.235977,94.598328,84.430786
440,3.666667,-0.015945,0.400373,0.021626,0.915958,-216.232269,94.643883,84.429817
441,3.675000,-0.016451,0.400373,0.021383,0.915955,-216.227417,94.688309,84.429375
442,3.683333,-0.016711,0.399905,0.019798,0.916190,-216.228271,94.739418,84.423950
443,3.691667,-0.016903,0.399527,0.018553,0.916378,-216.225143,94.785713,84.415588
444,3.700000,-0.016917,0.399493,0.017642,0.916410,-216.220261,94.826912,84.408897
445,3.708333,-0.016892,0.399581,0.016848,0.916387,-216.216873,94.868507,84.405975
446,3.716667,-0.016707,0.399788,0.016620,0.916305,-216.213257,94.908035,84.403526
447,3.725000,-0.016610,0.399697,0.018295,0.916314,-216.227676,94.932816,84.406052
448,3.733333,-0.017295,0.400167,0.018137,0.916099,-216.213745,94.978157,84.398232
449,3.741667,-0.017889,0.400288,0.017552,0.916047,-216.203522,95.019806,84.389786
450,3.750000,-0.018015,0.401442,0.019327,0.915503,-216.189453,95.039642,84.400513
451,3.758333,-0.019039,0.400772,0.017075,0.915821,-216.194962,95.091270,84.382156
452,3.766667,-0.019898,0.400325,0.015113,0.916033,-216.199112,95.139114,84.366013
453,3.775000,-0.021447,0.400474,0.015164,0.915931,-216.199356,95.185242,84.353241
454,3.783333,-0.022351,0.400435,0.014746,0.915934,-216.199081,95.224960,84.341301
455,3.791667,-0.022629,0.400497,0.014642,0.915901,-216.197510,95.250000,84.336227
456,3.800000,-0.022468,0.400692,0.014809,0.915817,-216.195465,95.269470,84.337830
457,3.808333,-0.022397,0.400793,0.015093,0.915770,-216.192490,95.284943,84.341820
458,3.816667,-0.022541,0.400843,0.015366,0.915741,-216.190689,95.295662,84.349228
459,3.825000,-0.022786,0.400875,0.015625,0.915716,-216.186783,95.306091,84.355431
460,3.833333,-0.022972,0.400891,0.015769,0.915702,-216.184402,95.317818,84.362709
461,3.841667,-0.023168,0.400879,0.016040,0.915697,-216.183594,95.333481,84.369049
462,3.850000,-0.023315,0.401000,0.017386,0.915616,-216.196686,95.347923,84.380722
463,3.858333,-0.023531,0.401006,0.017222,0.915611,-216.183563,95.379105,84.375366
464,3.866667,-0.023700,0.400916,0.016779,0.915654,-216.173218,95.413025,84.369987
465,3.875000,-0.023927,0.400950,0.016283,0.915643,-216.166107,95.446465,84.362419
466,3.883333,-0.024011,0.401027,0.015802,0.915615,-216.161728,95.482033,84.356552
467,3.891667,-0.024010,0.401014,0.015556,0.915625,-216.158813,95.509277,84.351257
468,3.900000,-0.023647,0.401020,0.015562,0.915632,-216.156891,95.530739,84.349312
469,3.908333,-0.023247,0.401030,0.015603,0.915637,-216.156418,95.547485,84.348854
470,3.916667,-0.022877,0.400973,0.015747,0.915669,-216.157288,95.562347,84.349571
471,3.925000,-0.022420,0.401047,0.015823,0.915646,-216.158463,95.577469,84.352440
472,3.933333,-0.021853,0.401042,0.015933,0.915661,-216.159027,95.595650,84.356216
473,3.941667,-0.021418,0.401079,0.015782,0.915657,-216.156723,95.617691,84.357849
474,3.950000,-0.021139,0.401238,0.015608,0.915597,-216.152573,95.642670,84.355629
475,3.958333,-0.021181,0.401472,0.015329,0.915498,-216.147141,95.669235,84.354546
476,3.966667,-0.022527,0.401708,0.015990,0.915351,-216.142899,95.706001,84.350655
477,3.975000,-0.023151,0.402293,0.018283,0.915035,-216.128204,95.716164,84.351967
478,3.983333,-0.023199,0.402592,0.018396,0.914901,-216.118164,95.731506,84.353043
479,3.991667,-0.023557,0.402447,0.016807,0.914986,-216.134827,95.759193,84.363037
480,4.000000,-0.023358,0.402522,0.018361,0.914928,-216.119003,95.761642,84.357002
481,4.008333,-0.023728,0.402653,0.017728,0.914873,-216.114166,95.785141,84.355156
482,4.016667,-0.024057,0.402807,0.017388,0.914803,-216.113464,95.807739,84.353058
483,4.025000,-0.024316,0.402782,0.016987,0.914815,-216.114929,95.826950,84.351906
484,4.033333,-0.024561,0.402757,0.016774,0.914824,-216.117523,95.843307,84.350098
485,4.041667,-0.024738,0.402622,0.017071,0.914873,-216.119690,95.854973,84.347008
486,4.050000,-0.025152,0.402183,0.015384,0.915084,-216.126984,95.881050,84.343422
487,4.058333,-0.024952,0.402666,0.016824,0.914852,-216.112335,95.883904,84.345406
488,4.066667,-0.025459,0.402423,0.014695,0.914982,-216.105988,95.928261,84.338898
489,4.075000,-0.025935,0.401956,0.013232,0.915196,-216.091400,95.979485,84.322845
490,4.083333,-0.026503,0.401572,0.012413,0.915360,-216.070587,96.038742,84.303925
491,4.091667,-0.027783,0.401713,0.012096,0.915264,-216.045166,96.109535,84.284142
492,4.100000,-0.028953,0.402094,0.011737,0.915065,-216.016006,96.183769,84.269104
493,4.108333,-0.031119,0.402982,0.012149,0.914598,-215.986160,96.263741,84.256256
494,4.116667,-0.032125,0.404488,0.014044,0.913871,-215.953964,96.309364,84.257332
495,4.125000,-0.033113,0.403998,0.011663,0.914086,-215.946274,96.375984,84.240288
496,4.133333,-0.033498,0.403422,0.009675,0.914350,-215.944534,96.427254,84.226471
497,4.141667,-0.033425,0.403267,0.009124,0.914426,-215.949829,96.459976,84.221230
498,4.150000,-0.033175,0.403434,0.009083,0.914362,-215.958664,96.490959,84.219368
499,4.158333,-0.032841,0.403532,0.009305,0.914329,-215.970703,96.519920,84.212456
500,4.166667,-0.032638,0.403716,0.009816,0.914249,-215.980362,96.548172,84.206497
501,4.175000,-0.032478,0.403848,0.010147,0.914193,-215.984680,96.571251,84.202484
502,4.183333,-0.032486,0.403949,0.010408,0.914145,-215.983124,96.588913,84.198502
503,4.191667,-0.032815,0.403985,0.010227,0.914120,-215.981079,96.603264,84.192589
504,4.200000,-0.033178,0.403972,0.009985,0.914115,-215.982239,96.616760,84.185425
505,4.208333,-0.033649,0.403889,0.009619,0.914138,-215.986725,96.629974,84.181908
506,4.216667,-0.033942,0.403726,0.009484,0.914201,-215.992355,96.639084,84.179047
507,4.225000,-0.034123,0.403653,0.009471,0.914226,-215.996521,96.647766,84.177490
508,4.233333,-0.034185,0.403623,0.009574,0.914237,-215.997742,96.653336,84.177429
509,4.241667,-0.034196,0.403568,0.009591,0.914260,-215.997070,96.656395,84.177628
510,4.250000,-0.034301,0.403631,0.009651,0.914228,-215.993286,96.655838,84.178505
511,4.258333,-0.034182,0.403735,0.009628,0.914187,-215.988129,96.652092,84.181007
512,4.266667,-0.033976,0.403758,0.009676,0.914183,-215.985626,96.647896,84.184441
513,4.275000,-0.033933,0.403791,0.009773,0.914170,-215.985107,96.643532,84.187149
514,4.283333,-0.034034,0.403857,0.009901,0.914135,-215.985016,96.643463,84.188515
515,4.291667,-0.034007,0.403905,0.009938,0.914115,-215.982956,96.646362,84.189621
516,4.300000,-0.034073,0.403919,0.009936,0.914106,-215.980438,96.649872,84.189583
517,4.308333,-0.034144,0.403912,0.009867,0.914107,-215.979034,96.650681,84.187988
518,4.316667,-0.034059,0.403832,0.009858,0.914146,-215.980148,96.647598,84.187271
519,4.325000,-0.033973,0.403823,0.009705,0.914155,-215.982895,96.645264,84.187881
520,4.333333,-0.033910,0.403875,0.009841,0.914133,-215.985229,96.644775,84.186661
521,4.341667,-0.034014,0.403827,0.009833,0.914150,-215.987808,96.645737,84.184387
522,4.350000,-0.034121,0.403759,0.009928,0.914175,-215.990417,96.647255,84.181953
523,4.358333,-0.034134,0.403666,0.010005,0.914215,-215.991837,96.649094,84.179779
524,4.366667,-0.034075,0.403690,0.009822,0.914208,-215.993469,96.650223,84.178360
525,4.375000,-0.034149,0.403647,0.009831,0.914224,-215.994904,96.648621,84.177261
526,4.383333,-0.034193,0.403602,0.009781,0.914243,-215.994690,96.646942,84.178177
527,4.391667,-0.034064,0.403625,0.009642,0.914239,-215.994217,96.645203,84.179298
528,4.400000,-0.034123,0.403702,0.009724,0.914202,-215.993423,96.646957,84.180359
529,4.408333,-0.034161,0.403710,0.009716,0.914198,-215.992050,96.648918,84.180946
530,4.416667,-0.034118,0.403773,0.009761,0.914171,-215.988831,96.650139,84.183029
531,4.425000,-0.034124,0.403762,0.009830,0.914175,-215.986542,96.650146,84.185791
532,4.433333,-0.034033,0.403870,0.009976,0.914129,-215.983582,96.647606,84.187592
533,4.441667,-0.034022,0.403907,0.009914,0.914113,-215.981384,96.645798,84.189468
534,4.450000,-0.034071,0.403918,0.009882,0.914107,-215.979935,96.644531,84.190277
535,4.458333,-0.034036,0.403891,0.009801,0.914121,-215.979858,96.644928,84.189911
536,4.466667,-0.034137,0.403924,0.009807,0.914103,-215.979263,96.646507,84.188492
537,4.475000,-0.034123,0.403843,0.009754,0.914140,-215.982239,96.647934,84.186722
538,4.483333,-0.034240,0.403820,0.009785,0.914145,-215.983963,96.648010,84.183891
539,4.491667,-0.034172,0.403783,0.009760,0.914164,-215.986923,96.647049,84.182747
540,4.500000,-0.034150,0.403813,0.009829,0.914151,-215.989609,96.646690,84.181206
541,4.508333,-0.034176,0.403788,0.009749,0.914162,-215.991806,96.646095,84.179840
542,4.516667,-0.034208,0.403721,0.009661,0.914191,-215.993744,96.647385,84.178780
543,4.525000,-0.034251,0.403647,0.009668,0.914222,-215.995193,96.649178,84.177917
544,4.533333,-0.034166,0.403661,0.009928,0.914216,-215.995575,96.649467,84.178238
545,4.541667,-0.034224,0.403651,0.009916,0.914219,-215.994781,96.649002,84.178749
546,4.550000,-0.034151,0.403747,0.009820,0.914181,-215.993027,96.648338,84.180908
547,4.558333,-0.033975,0.403804,0.009798,0.914162,-215.990143,96.646774,84.182655
548,4.566667,-0.034074,0.403877,0.009823,0.914126,-215.987823,96.647568,84.184036
549,4.575000,-0.034326,0.403818,0.009838,0.914142,-215.985443,96.646767,84.185638
550,4.583333,-0.034297,0.403868,0.009735,0.914122,-215.983078,96.645760,84.187668
551,4.591667,-0.034276,0.403843,0.009823,0.914133,-215.981750,96.647034,84.188828
552,4.600000,-0.034192,0.403889,0.009731,0.914117,-215.980438,96.646385,84.189262
553,4.608333,-0.034087,0.403925,0.009627,0.914106,-215.980988,96.645866,84.190567
554,4.616667,-0.033998,0.403914,0.009731,0.914113,-215.981262,96.645401,84.189278
555,4.625000,-0.033942,0.403911,0.009925,0.914115,-215.983032,96.646332,84.188431
556,4.633333,-0.034043,0.403831,0.009961,0.914146,-215.985184,96.647522,84.186554
557,4.641667,-0.034061,0.403806,0.009898,0.914157,-215.986755,96.648193,84.183708
558,4.650000,-0.034168,0.403736,0.009829,0.914185,-215.989502,96.648247,84.181175
559,4.658333,-0.034166,0.403674,0.009759,0.914213,-215.991394,96.647308,84.179573
560,4.666667,-0.034106,0.403713,0.009744,0.914198,-215.992111,96.647499,84.178558
561,4.675000,-0.034030,0.403761,0.009778,0.914179,-215.992401,96.647919,84.177750
562,4.683333,-0.034089,0.403714,0.009861,0.914197,-215.992783,96.648270,84.177673
563,4.691667,-0.034110,0.403701,0.009733,0.914203,-215.992096,96.647102,84.177979
564,4.700000,-0.034229,0.403649,0.009721,0.914222,-215.990707,96.647957,84.178940
565,4.708333,-0.034157,0.403730,0.009654,0.914189,-215.987808,96.648003,84.180626
566,4.716667,-0.034006,0.403780,0.009665,0.914173,-215.985291,96.646957,84.182701
567,4.725000,-0.034089,0.403822,0.009772,0.914150,-215.983887,96.648132,84.185669
568,4.733333,-0.034150,0.403829,0.009830,0.914144,-215.981888,96.647957,84.186455
569,4.741667,-0.034192,0.403859,0.009959,0.914128,-215.980316,96.647148,84.188225
570,4.750000,-0.034093,0.403890,0.009848,0.914119,-215.979889,96.647087,84.189453
571,4.758333,-0.034035,0.403854,0.009847,0.914137,-215.979721,96.645966,84.190857
572,4.766667,-0.034085,0.403893,0.009811,0.914118,-215.979980,96.645416,84.189018
573,4.775000,-0.034165,0.403923,0.009739,0.914103,-215.981537,96.644760,84.186951
574,4.783333,-0.034009,0.403872,0.009673,0.914132,-215.983109,96.645607,84.185425
575,4.791667,-0.034063,0.403844,0.009780,0.914141,-215.986038,96.648094,84.183029
576,4.800000,-0.034073,0.403783,0.009767,0.914168,-215.988495,96.649696,84.180710
577,4.808333,-0.034062,0.403762,0.009778,0.914177,-215.990524,96.650116,84.179016
578,4.816667,-0.034177,0.403690,0.009774,0.914205,-215.991501,96.649590,84.178307
579,4.825000,-0.034237,0.403700,0.009674,0.914199,-215.992554,96.649040,84.178680
580,4.833333,-0.034145,0.403695,0.009628,0.914205,-215.992218,96.648712,84.177391
581,4.841667,-0.034186,0.403660,0.009641,0.914219,-215.991043,96.647987,84.178040
582,4.850000,-0.034251,0.403712,0.009697,0.914194,-215.989105,96.648247,84.179649
583,4.858333,-0.034252,0.403742,0.009662,0.914180,-215.986328,96.648582,84.181236
584,4.866667,-0.034164,0.403842,0.009679,0.914139,-215.983673,96.648666,84.183067
585,4.875000,-0.034160,0.403816,0.009718,0.914151,-215.981750,96.646873,84.185448
586,4.883333,-0.034099,0.403856,0.009841,0.914134,-215.979630,96.646019,84.187965
587,4.891667,-0.033993,0.403893,0.009799,0.914122,-215.978790,96.645111,84.189873
588,4.900000,-0.034048,0.403934,0.009844,0.914101,-215.977997,96.645088,84.190407
589,4.908333,-0.034232,0.403907,0.009899,0.914106,-215.978699,96.647385,84.191826
590,4.916667,-0.034207,0.403832,0.009840,0.914141,-215.979172,96.649750,84.191422
591,4.925000,-0.034282,0.403841,0.009793,0.914134,-215.980957,96.655365,84.190475
592,4.933333,-0.034542,0.403836,0.009691,0.914128,-215.983154,96.661865,84.191093
593,4.941667,-0.034819,0.403887,0.009591,0.914096,-215.985107,96.670303,84.191780
594,4.950000,-0.034915,0.403793,0.009470,0.914135,-215.987564,96.677788,84.192482
595,4.958333,-0.035313,0.403825,0.009611,0.914104,-215.988678,96.684288,84.194405
596,4.966667,-0.035454,0.403781,0.009465,0.914120,-215.989639,96.688988,84.200165
597,4.975000,-0.035631,0.403864,0.009577,0.914075,-215.988739,96.694168,84.206635
598,4.983333,-0.035857,0.403904,0.009727,0.914047,-215.985794,96.700356,84.216125
599,4.991667,-0.036077,0.403962,0.009808,0.914011,-215.981125,96.705269,84.227829
600,5.000000,-0.036378,0.403972,0.009860,0.913995,-215.977020,96.711311,84.242126
601,5.008333,-0.036808,0.403997,0.009840,0.913966,-215.973923,96.720787,84.258354
602,5.016667,-0.037076,0.404011,0.009820,0.913950,-215.968506,96.729996,84.276360
603,5.025000,-0.037491,0.403921,0.009622,0.913975,-215.962509,96.736519,84.295341
604,5.033333,-0.037831,0.403874,0.009315,0.913985,-215.955048,96.738968,84.313637
605,5.041667,-0.038277,0.403729,0.008851,0.914035,-215.944839,96.742607,84.333809
606,5.050000,-0.038456,0.403605,0.008373,0.914086,-215.933395,96.745529,84.353760
607,5.058333,-0.038769,0.403538,0.007737,0.914108,-215.922089,96.750450,84.372696
608,5.066667,-0.039370,0.403367,0.006748,0.914166,-215.912247,96.755745,84.389313
609,5.075000,-0.038343,0.404488,0.009567,0.913689,-215.889069,96.722099,84.427361
610,5.083333,-0.037718,0.404736,0.010418,0.913596,-215.874405,96.704391,84.459930
611,5.091667,-0.036925,0.405159,0.011655,0.913426,-215.855621,96.675690,84.499878
612,5.100000,-0.035842,0.406042,0.013255,0.913055,-215.827896,96.634636,84.544495
613,5.108333,-0.035074,0.406372,0.014156,0.912925,-215.794281,96.598801,84.590942
614,5.116667,-0.035174,0.405811,0.012773,0.913190,-215.764999,96.587738,84.637329
615,5.125000,-0.035879,0.405974,0.011951,0.913102,-215.732864,96.558517,84.680878
616,5.133333,-0.035962,0.406518,0.011355,0.912864,-215.690475,96.515694,84.723595
617,5.141667,-0.034906,0.406623,0.009920,0.912875,-215.643265,96.463997,84.776970
618,5.150000,-0.033044,0.408386,0.012386,0.912127,-215.583374,96.382996,84.860901
619,5.158333,-0.032115,0.408340,0.011711,0.912190,-215.551178,96.332977,84.917923
620,5.166667,-0.031187,0.408314,0.011880,0.912232,-215.511871,96.280197,84.977806
621,5.175000,-0.030045,0.408215,0.012349,0.912308,-215.464615,96.221161,85.045502
622,5.183333,-0.028611,0.410379,0.014647,0.911348,-215.411957,96.118881,85.144157
623,5.191667,-0.026977,0.410232,0.012879,0.911491,-215.373138,96.050522,85.214203
624,5.200000,-0.025991,0.410120,0.012501,0.911575,-215.329224,95.990776,85.284393
625,5.208333,-0.025931,0.410477,0.012663,0.911414,-215.291595,95.941368,85.342491
626,5.216667,-0.025479,0.412687,0.017031,0.910357,-215.234802,95.855835,85.432571
627,5.225000,-0.024736,0.412104,0.015321,0.910672,-215.193817,95.811005,85.498672
628,5.233333,-0.024045,0.412306,0.013881,0.910622,-215.155502,95.775780,85.556747
629,5.241667,-0.024044,0.412808,0.012404,0.910416,-215.121490,95.749763,85.609474
630,5.250000,-0.024701,0.412724,0.011022,0.910454,-215.085785,95.736855,85.663651
631,5.258333,-0.025175,0.413222,0.011679,0.910207,-215.043228,95.712090,85.729805
632,5.266667,-0.024899,0.414485,0.013334,0.909618,-215.002304,95.682266,85.799042
633,5.275000,-0.024815,0.415147,0.014593,0.909299,-214.963409,95.660446,85.863602
634,5.283333,-0.024733,0.415367,0.015455,0.909186,-214.923859,95.646324,85.926399
635,5.291667,-0.025360,0.415722,0.015889,0.908999,-214.882874,95.643867,85.989708
636,5.300000,-0.026527,0.416347,0.015712,0.908683,-214.842407,95.657928,86.046532
637,5.308333,-0.026722,0.416631,0.015656,0.908548,-214.793320,95.677567,86.102417
638,5.316667,-0.026597,0.418223,0.018035,0.907776,-214.723999,95.672913,86.194183
639,5.325000,-0.027429,0.418630,0.016564,0.907592,-214.678192,95.702545,86.261070
640,5.333333,-0.028567,0.418814,0.015814,0.907485,-214.634964,95.738060,86.317787
641,5.341667,-0.029549,0.418864,0.013899,0.907461,-214.578171,95.773193,86.378311
642,5.350000,-0.030411,0.419123,0.012863,0.907329,-214.526962,95.801170,86.444084
643,5.358333,-0.032300,0.419321,0.012660,0.907175,-214.451187,95.841194,86.497345
644,5.366667,-0.034280,0.421277,0.014571,0.906167,-214.379593,95.873299,86.560211
645,5.375000,-0.035892,0.422089,0.014428,0.905729,-214.329483,95.911652,86.621574
646,5.383333,-0.036934,0.422288,0.013006,0.905616,-214.279358,95.964195,86.686523
647,5.391667,-0.038170,0.422728,0.012336,0.905368,-214.231415,96.024635,86.750664
648,5.400000,-0.039382,0.423176,0.011978,0.905112,-214.189194,96.081802,86.803871
649,5.408333,-0.040777,0.423903,0.011175,0.904720,-214.144653,96.137207,86.852226
650,5.416667,-0.042234,0.424490,0.010037,0.904391,-214.093994,96.190468,86.899147
651,5.425000,-0.043296,0.424753,0.009132,0.904227,-214.043472,96.237091,86.951103
652,5.433333,-0.043669,0.426119,0.010591,0.903551,-213.983368,96.260239,87.014839
653,5.441667,-0.044950,0.426449,0.010410,0.903334,-213.927414,96.287109,87.064865
654,5.450000,-0.045616,0.427347,0.011247,0.902866,-213.871674,96.302139,87.124924
655,5.458333,-0.046879,0.427445,0.009643,0.902774,-213.834351,96.342552,87.184235
656,5.466667,-0.048256,0.427679,0.008766,0.902599,-213.790298,96.378258,87.233406
657,5.475000,-0.049798,0.428250,0.007960,0.902252,-213.724487,96.408958,87.274467
658,5.483333,-0.051612,0.428606,0.006606,0.901992,-213.663177,96.434052,87.310997
659,5.491667,-0.053227,0.428647,0.005343,0.901887,-213.603378,96.456619,87.350449
660,5.500000,-0.052854,0.430463,0.007811,0.901026,-213.537552,96.449120,87.414688
661,5.508333,-0.052612,0.431568,0.008725,0.900503,-213.480804,96.457779,87.469856
662,5.516667,-0.052930,0.431645,0.008544,0.900449,-213.426636,96.465340,87.517372
663,5.525000,-0.053500,0.431805,0.008450,0.900339,-213.371857,96.464233,87.558037
664,5.533333,-0.053904,0.432636,0.007819,0.899922,-213.315536,96.461716,87.595688
665,5.541667,-0.053552,0.433101,0.006283,0.899731,-213.262344,96.452682,87.638130
666,5.550000,-0.053064,0.434380,0.007351,0.899135,-213.191223,96.429840,87.690750
667,5.558333,-0.052755,0.434964,0.006945,0.898874,-213.127930,96.420059,87.737167
668,5.566667,-0.052197,0.435634,0.007257,0.898580,-213.074921,96.401604,87.782608
669,5.575000,-0.051843,0.435804,0.006625,0.898523,-213.028580,96.383728,87.827538
670,5.583333,-0.051925,0.435873,0.006691,0.898484,-212.975143,96.367844,87.871864
671,5.591667,-0.052886,0.436275,0.006704,0.898233,-212.919357,96.350494,87.908630
672,5.600000,-0.053246,0.438168,0.009064,0.897269,-212.852722,96.312920,87.956253
673,5.608333,-0.053198,0.438711,0.009120,0.897006,-212.801437,96.291061,87.990540
674,5.616667,-0.052533,0.438853,0.009718,0.896969,-212.743759,96.261368,88.033241
675,5.625000,-0.050998,0.438637,0.009015,0.897171,-212.680649,96.224770,88.080315
676,5.633333,-0.050757,0.439065,0.008184,0.896983,-212.621735,96.186577,88.117523
677,5.641667,-0.050961,0.440617,0.009026,0.896202,-212.553146,96.139946,88.158188
678,5.650000,-0.051098,0.441394,0.009030,0.895812,-212.483597,96.106300,88.195824
679,5.658333,-0.051613,0.441345,0.008809,0.895809,-212.420471,96.084633,88.232422
680,5.666667,-0.051187,0.441941,0.008557,0.895541,-212.362213,96.068344,88.271828
681,5.675000,-0.050816,0.442831,0.008474,0.895124,-212.300964,96.055138,88.307541
682,5.683333,-0.050550,0.443113,0.008248,0.895002,-212.242432,96.044014,88.337204
683,5.691667,-0.050490,0.443948,0.010041,0.894573,-212.176422,96.017700,88.382477
684,5.700000,-0.049582,0.444497,0.010367,0.894347,-212.119476,95.988205,88.426620
685,5.708333,-0.049391,0.445075,0.010488,0.894069,-212.069611,95.967499,88.460175
686,5.716667,-0.048852,0.445373,0.009435,0.893962,-212.012833,95.949844,88.498535
687,5.725000,-0.049021,0.445712,0.008790,0.893790,-211.948303,95.927132,88.544617
688,5.733333,-0.048971,0.446210,0.008067,0.893551,-211.886566,95.909882,88.583229
689,5.741667,-0.048847,0.447718,0.009099,0.892793,-211.821335,95.887245,88.628876
690,5.750000,-0.049328,0.448446,0.009542,0.892397,-211.759155,95.873711,88.662193
691,5.758333,-0.049937,0.449293,0.010218,0.891929,-211.689575,95.854439,88.692421
692,5.766667,-0.050206,0.449755,0.010654,0.891676,-211.628128,95.837875,88.731712
693,5.775000,-0.049849,0.450211,0.010744,0.891465,-211.570145,95.821159,88.767517
694,5.783333,-0.049814,0.450647,0.010219,0.891253,-211.506699,95.812172,88.799538
695,5.791667,-0.049393,0.452152,0.012012,0.890491,-211.430450,95.791473,88.843727
696,5.800000,-0.048517,0.452202,0.010619,0.890532,-211.370560,95.777061,88.876389
697,5.808333,-0.048014,0.452547,0.010026,0.890391,-211.309647,95.754204,88.912567
698,5.816667,-0.047384,0.453183,0.009472,0.890107,-211.246613,95.739929,88.953506
699,5.825000,-0.048103,0.453765,0.009197,0.889775,-211.184998,95.721962,88.994690
700,5.833333,-0.049176,0.454240,0.009005,0.889476,-211.122650,95.707298,89.024124
701,5.841667,-0.049518,0.455795,0.010489,0.888644,-211.043381,95.684761,89.066299
702,5.850000,-0.049845,0.456366,0.009902,0.888340,-210.974640,95.681259,89.093521
703,5.858333,-0.049692,0.457026,0.010071,0.888007,-210.909439,95.663902,89.124710
704,5.866667,-0.050124,0.456980,0.010123,0.888006,-210.850174,95.651619,89.154060
705,5.875000,-0.051207,0.457159,0.010181,0.887851,-210.780914,95.647598,89.178719
706,5.883333,-0.052201,0.457361,0.008874,0.887703,-210.718369,95.653206,89.200027
707,5.891667,-0.049637,0.459103,0.010934,0.886928,-210.632507,95.609428,89.260170
708,5.900000,-0.047442,0.459953,0.011592,0.886599,-210.553955,95.575806,89.310364
709,5.908333,-0.046519,0.460450,0.011983,0.886385,-210.483002,95.556175,89.345978
710,5.916667,-0.047451,0.460832,0.011118,0.886148,-210.418274,95.544632,89.383537
711,5.925000,-0.047850,0.461785,0.011255,0.885629,-210.347488,95.526001,89.419449
712,5.933333,-0.047135,0.463502,0.013559,0.884737,-210.270340,95.487679,89.461098
713,5.941667,-0.047409,0.463863,0.013568,0.884534,-210.204742,95.476654,89.496269
714,5.950000,-0.047020,0.464616,0.014707,0.884141,-210.125763,95.456337,89.536858
715,5.958333,-0.047339,0.465369,0.015194,0.883720,-210.061737,95.449234,89.560600
716,5.966667,-0.048179,0.465700,0.013339,0.883530,-210.007828,95.458374,89.578850
717,5.975000,-0.048725,0.466236,0.012677,0.883227,-209.932114,95.455276,89.606689
718,5.983333,-0.048355,0.467744,0.014886,0.882415,-209.847229,95.429489,89.650223
719,5.991667,-0.046825,0.468051,0.014673,0.882338,-209.765594,95.402885,89.686287
720,6.000000,-0.045827,0.468624,0.014829,0.882084,-209.701752,95.378258,89.710632
721,6.008333,-0.045415,0.469370,0.015140,0.881703,-209.644913,95.358208,89.743362
722,6.016667,-0.045349,0.469615,0.015120,0.881576,-209.576385,95.344994,89.777756
723,6.025000,-0.046897,0.469577,0.012964,0.881550,-209.512680,95.338638,89.811157
724,6.033333,-0.046343,0.471328,0.014586,0.880619,-209.428818,95.300934,89.849426
725,6.041667,-0.046451,0.472604,0.014179,0.879936,-209.363419,95.286446,89.878868
726,6.050000,-0.047001,0.472706,0.014208,0.879851,-209.290390,95.277313,89.903946
727,6.058333,-0.047521,0.473372,0.014736,0.879456,-209.211349,95.265793,89.934807
728,6.066667,-0.048292,0.474124,0.015284,0.879000,-209.132568,95.252235,89.970139
729,6.075000,-0.048865,0.474024,0.014170,0.879041,-209.072037,95.257233,89.984459
730,6.083333,-0.048413,0.475394,0.015794,0.878298,-208.993439,95.232323,90.011703
731,6.091667,-0.048248,0.475960,0.015336,0.878009,-208.917053,95.216820,90.040382
732,6.100000,-0.048432,0.475937,0.014340,0.878028,-208.848068,95.204659,90.066284
733,6.108333,-0.048756,0.476489,0.012925,0.877732,-208.778412,95.192078,90.084770
734,6.116667,-0.049437,0.477360,0.012531,0.877227,-208.707672,95.184341,90.108200
735,6.125000,-0.049657,0.478143,0.012358,0.876790,-208.633286,95.178238,90.138252
736,6.133333,-0.048558,0.478807,0.013545,0.876472,-208.557098,95.152557,90.178177
737,6.141667,-0.047412,0.479870,0.015201,0.875926,-208.479950,95.126801,90.221817
738,6.150000,-0.046639,0.481088,0.016455,0.875276,-208.405823,95.096413,90.253639
739,6.158333,-0.046808,0.481721,0.016650,0.874915,-208.339615,95.074417,90.270897
740,6.166667,-0.047425,0.482197,0.017013,0.874613,-208.264511,95.058662,90.294380
741,6.175000,-0.047780,0.483151,0.017444,0.874059,-208.180359,95.047585,90.330910
742,6.183333,-0.048245,0.483482,0.016805,0.873863,-208.101486,95.046913,90.356728
743,6.191667,-0.048302,0.483768,0.015362,0.873727,-208.028275,95.043739,90.378853
744,6.200000,-0.048105,0.484859,0.015158,0.873137,-207.951050,95.032425,90.403023
745,6.208333,-0.047485,0.485486,0.014936,0.872826,-207.879929,95.016495,90.429840
746,6.216667,-0.047316,0.485579,0.014939,0.872783,-207.807114,94.999435,90.456047
747,6.225000,-0.045744,0.486670,0.016387,0.872234,-207.723053,94.964005,90.500519
748,6.233333,-0.046658,0.487376,0.016261,0.871793,-207.655762,94.957298,90.519356
749,6.241667,-0.048092,0.487572,0.015252,0.871624,-207.590149,94.960297,90.528641
750,6.250000,-0.048866,0.487726,0.014268,0.871512,-207.524582,94.962158,90.541626
751,6.258333,-0.048687,0.488398,0.014911,0.871134,-207.445786,94.952354,90.576622
752,6.266667,-0.048685,0.489107,0.015290,0.870730,-207.375626,94.943108,90.608513
753,6.275000,-0.046112,0.491204,0.018166,0.869633,-207.286575,94.900833,90.651230
754,6.283333,-0.045846,0.492051,0.018435,0.869163,-207.216476,94.886002,90.664932
755,6.291667,-0.046339,0.492382,0.018225,0.868954,-207.142563,94.877037,90.683121
756,6.300000,-0.046852,0.492130,0.016430,0.869105,-207.065247,94.874557,90.698151
757,6.308333,-0.047933,0.492310,0.014716,0.868974,-206.996231,94.881248,90.705940
758,6.316667,-0.048405,0.493243,0.014599,0.868421,-206.925415,94.877777,90.724106
759,6.325000,-0.045494,0.495494,0.017706,0.867239,-206.823257,94.828949,90.791885
760,6.333333,-0.046229,0.495739,0.017095,0.867072,-206.746552,94.816208,90.823341
761,6.341667,-0.046347,0.495990,0.016893,0.866926,-206.680435,94.804893,90.848404
762,6.350000,-0.046290,0.496696,0.016964,0.866523,-206.612640,94.792816,90.862289
763,6.358333,-0.047268,0.497712,0.016469,0.865897,-206.534332,94.791023,90.870094
764,6.366667,-0.048545,0.497921,0.015789,0.865719,-206.461838,94.793228,90.881897
765,6.375000,-0.049747,0.497961,0.015714,0.865629,-206.384537,94.786552,90.899879
766,6.383333,-0.046469,0.500018,0.019532,0.864547,-206.278137,94.730621,90.967590
767,6.391667,-0.046541,0.500810,0.019497,0.864085,-206.211166,94.726593,90.980377
768,6.400000,-0.045714,0.501594,0.019822,0.863667,-206.141327,94.711464,90.992477
769,6.408333,-0.044878,0.502274,0.020772,0.863293,-206.061432,94.697845,91.007683
770,6.416667,-0.044154,0.502686,0.019953,0.863110,-205.978424,94.688103,91.028473
771,6.425000,-0.045227,0.502856,0.018947,0.862978,-205.897003,94.676796,91.048729
772,6.433333,-0.045530,0.503912,0.019505,0.862334,-205.813049,94.653496,91.071075
773,6.441667,-0.045808,0.504749,0.019569,0.861828,-205.740540,94.639992,91.084808
774,6.450000,-0.045272,0.505464,0.019284,0.861444,-205.669113,94.625427,91.102661
775,6.458333,-0.044792,0.505919,0.018842,0.861211,-205.590347,94.613472,91.124054
776,6.466667,-0.044811,0.506638,0.018379,0.860797,-205.509476,94.603416,91.144150
777,6.475000,-0.045338,0.507377,0.018379,0.860335,-205.423187,94.597290,91.163513
778,6.483333,-0.045200,0.508295,0.019562,0.859774,-205.339951,94.582375,91.181915
779,6.491667,-0.045455,0.509007,0.020400,0.859319,-205.266541,94.567642,91.200981
780,6.500000,-0.045750,0.509377,0.020731,0.859077,-205.188934,94.558922,91.216911
781,6.508333,-0.046380,0.509747,0.020085,0.858838,-205.107880,94.559288,91.227982
782,6.516667,-0.047090,0.510377,0.018977,0.858451,-205.017975,94.566635,91.231384
783,6.525000,-0.047406,0.511211,0.018657,0.857944,-204.938721,94.565361,91.232529
784,6.533333,-0.043768,0.512862,0.020975,0.857098,-204.836624,94.510620,91.293282
785,6.541667,-0.042865,0.512976,0.019915,0.857101,-204.757278,94.496262,91.318596
786,6.550000,-0.043451,0.513403,0.020031,0.856813,-204.674652,94.470840,91.342697
787,6.558333,-0.044363,0.513956,0.019492,0.856447,-204.599838,94.461952,91.353355
788,6.566667,-0.045183,0.514852,0.018513,0.855888,-204.525131,94.457733,91.358612
789,6.575000,-0.045975,0.515325,0.018121,0.855569,-204.442123,94.456032,91.373932
790,6.583333,-0.044676,0.516687,0.020033,0.854773,-204.349762,94.428543,91.410103
791,6.591667,-0.044982,0.517053,0.020836,0.854516,-204.268997,94.418449,91.433899
792,6.600000,-0.045309,0.517751,0.021467,0.854061,-204.195694,94.410194,91.437515
793,6.608333,-0.045256,0.518816,0.021658,0.853413,-204.122253,94.398567,91.446930
794,6.616667,-0.045678,0.519752,0.021515,0.852824,-204.038025,94.393433,91.463036
795,6.625000,-0.045783,0.520381,0.021266,0.852441,-203.947998,94.391869,91.476280
796,6.633333,-0.045895,0.521202,0.021090,0.851937,-203.866669,94.377312,91.496101
797,6.641667,-0.046424,0.521884,0.021662,0.851477,-203.792221,94.359329,91.513710
798,6.650000,-0.045939,0.522349,0.021967,0.851210,-203.709625,94.328018,91.529724
799,6.658333,-0.045109,0.522893,0.021596,0.850930,-203.630142,94.304924,91.538963
800,6.666667,-0.044854,0.523226,0.020533,0.850765,-203.548508,94.293007,91.546188
801,6.675000,-0.044776,0.523895,0.020317,0.850363,-203.465454,94.280235,91.559166
802,6.683333,-0.044611,0.524987,0.020671,0.849689,-203.388382,94.265999,91.573128
803,6.691667,-0.044633,0.525759,0.021614,0.849187,-203.308136,94.258911,91.577705
804,6.700000,-0.044915,0.526135,0.021792,0.848935,-203.231735,94.253891,91.568222
805,6.708333,-0.044714,0.527102,0.021417,0.848355,-203.153687,94.247498,91.560005
806,6.716667,-0.044500,0.527975,0.021120,0.847830,-203.080612,94.243401,91.557068
807,6.725000,-0.044517,0.528584,0.021068,0.847451,-203.011917,94.242157,91.557350
808,6.733333,-0.044701,0.529081,0.021399,0.847123,-202.944946,94.242928,91.555878
809,6.741667,-0.044765,0.529531,0.021599,0.846833,-202.883560,94.241219,91.546303
810,6.750000,-0.045166,0.529644,0.021649,0.846740,-202.820114,94.241241,91.534645
811,6.758333,-0.045101,0.529968,0.021650,0.846541,-202.757782,94.243263,91.526886
812,6.766667,-0.044969,0.530595,0.021513,0.846159,-202.698441,94.242378,91.523537
813,6.775000,-0.046134,0.531627,0.022102,0.845432,-202.643845,94.232910,91.519524
814,6.783333,-0.046687,0.532458,0.022198,0.844876,-202.592941,94.218895,91.515450
815,6.791667,-0.046621,0.533110,0.022700,0.844456,-202.539032,94.206085,91.512436
816,6.800000,-0.046359,0.533534,0.022839,0.844198,-202.483017,94.192924,91.505257
817,6.808333,-0.046285,0.533895,0.022912,0.843972,-202.430038,94.178993,91.493782
818,6.816667,-0.046266,0.534397,0.022732,0.843660,-202.380539,94.165161,91.482368
819,6.825000,-0.045805,0.534762,0.021867,0.843477,-202.327179,94.145157,91.483017
820,6.833333,-0.045342,0.534871,0.021336,0.843447,-202.271820,94.124825,91.478195
821,6.841667,-0.044633,0.535177,0.021491,0.843286,-202.217056,94.100761,91.469177
822,6.850000,-0.044280,0.535539,0.021890,0.843065,-202.163177,94.071571,91.458801
823,6.858333,-0.044113,0.535979,0.021893,0.842793,-202.114609,94.044167,91.448280
824,6.866667,-0.044355,0.536337,0.021763,0.842557,-202.070755,94.014915,91.431587
825,6.875000,-0.044459,0.536821,0.021633,0.842246,-202.029175,93.986549,91.414474
826,6.883333,-0.044236,0.537484,0.021692,0.841834,-201.987106,93.953186,91.398987
827,6.891667,-0.043333,0.538048,0.022427,0.841501,-201.938248,93.914253,91.384651
828,6.900000,-0.042226,0.538640,0.022984,0.841163,-201.888870,93.880806,91.373184
829,6.908333,-0.041456,0.539104,0.023459,0.840891,-201.843765,93.856506,91.363289
830,6.916667,-0.041957,0.539521,0.023862,0.840587,-201.800201,93.833389,91.354286
831,6.925000,-0.042234,0.540038,0.024134,0.840234,-201.760345,93.811234,91.343285
832,6.933333,-0.042225,0.540348,0.024038,0.840037,-201.723068,93.782639,91.336906
833,6.941667,-0.041559,0.540550,0.023537,0.839955,-201.683640,93.742577,91.334389
834,6.950000,-0.040035,0.540712,0.023497,0.839926,-201.640320,93.696060,91.330673
835,6.958333,-0.038465,0.540934,0.023706,0.839850,-201.590012,93.645653,91.324348
836,6.966667,-0.037416,0.541265,0.023670,0.839685,-201.535217,93.597015,91.317436
837,6.975000,-0.037015,0.541907,0.023965,0.839281,-201.488312,93.554222,91.312813
838,6.983333,-0.036935,0.542420,0.024437,0.838940,-201.441879,93.506599,91.308083
839,6.991667,-0.036796,0.542954,0.024459,0.838599,-201.398178,93.461205,91.304291
840,7.000000,-0.036075,0.543418,0.024846,0.838319,-201.350754,93.413628,91.300362
841,7.008333,-0.034889,0.543894,0.025590,0.838037,-201.298523,93.367233,91.299248
842,7.016667,-0.033724,0.544495,0.025997,0.837682,-201.246094,93.329140,91.300934
843,7.025000,-0.032692,0.544846,0.025663,0.837506,-201.196472,93.295303,91.305573
844,7.033333,-0.031939,0.545075,0.025227,0.837399,-201.147217,93.265175,91.308899
845,7.041667,-0.031424,0.545232,0.024983,0.837323,-201.098602,93.243149,91.308907
846,7.050000,-0.031089,0.545279,0.024724,0.837313,-201.050873,93.228584,91.305428
847,7.058333,-0.030534,0.545530,0.024793,0.837168,-201.002319,93.217903,91.304062
848,7.066667,-0.029916,0.546135,0.025164,0.836785,-200.953125,93.207893,91.305229
849,7.075000,-0.029618,0.546743,0.025458,0.836389,-200.901825,93.203583,91.308632
850,7.083333,-0.029107,0.547520,0.025823,0.835888,-200.842911,93.203751,91.310486
851,7.091667,-0.030665,0.548193,0.025426,0.835403,-200.787140,93.198441,91.317001
852,7.100000,-0.031496,0.548755,0.025054,0.835014,-200.738403,93.198921,91.322380
853,7.108333,-0.031668,0.549053,0.024729,0.834821,-200.695068,93.205437,91.325974
854,7.116667,-0.031476,0.549419,0.024739,0.834588,-200.651291,93.212906,91.330605
855,7.125000,-0.031749,0.549762,0.025026,0.834342,-200.599365,93.222702,91.335556
856,7.133333,-0.032357,0.550199,0.025044,0.834031,-200.545929,93.238670,91.338623
857,7.141667,-0.033044,0.550662,0.024877,0.833703,-200.487656,93.260277,91.338249
858,7.150000,-0.033554,0.550881,0.024836,0.833539,-200.430634,93.282387,91.339378
859,7.158333,-0.033932,0.551185,0.024914,0.833321,-200.374023,93.296577,91.338669
860,7.166667,-0.034110,0.551392,0.024763,0.833181,-200.323013,93.302826,91.338516
861,7.175000,-0.034133,0.551711,0.024685,0.832971,-200.275162,93.308495,91.336098
862,7.183333,-0.034360,0.552189,0.024666,0.832646,-200.230377,93.316200,91.335556
863,7.191667,-0.035074,0.552794,0.024821,0.832210,-200.181580,93.325851,91.337296
864,7.200000,-0.035772,0.553469,0.025127,0.831722,-200.128357,93.333885,91.338402
865,7.208333,-0.035858,0.554048,0.025485,0.831322,-200.076584,93.337288,91.340767
866,7.216667,-0.035547,0.554741,0.025834,0.830862,-200.021774,93.338463,91.344200
867,7.225000,-0.035248,0.555264,0.025743,0.830528,-199.968735,93.334076,91.343887
868,7.233333,-0.035092,0.555319,0.025469,0.830507,-199.918610,93.328461,91.340828
869,7.241667,-0.034580,0.555348,0.025495,0.830508,-199.867584,93.319962,91.340515
870,7.250000,-0.034241,0.555663,0.025817,0.830301,-199.817856,93.310394,91.340866
871,7.258333,-0.034526,0.556158,0.025935,0.829954,-199.771240,93.303207,91.340942
872,7.266667,-0.035038,0.556656,0.025876,0.829601,-199.721420,93.301750,91.340858
873,7.275000,-0.035348,0.557122,0.026234,0.829263,-199.674561,93.302025,91.339302
874,7.283333,-0.035619,0.557668,0.026674,0.828871,-199.626678,93.300163,91.336990
875,7.291667,-0.035867,0.558237,0.026717,0.828475,-199.582886,93.296524,91.332893
876,7.300000,-0.036806,0.558567,0.026350,0.828224,-199.543427,93.286942,91.330414
877,7.308333,-0.036869,0.558913,0.026188,0.827992,-199.501221,93.274818,91.327271
878,7.316667,-0.036464,0.559334,0.026337,0.827721,-199.459564,93.263184,91.325775
879,7.325000,-0.035932,0.559472,0.026080,0.827659,-199.415405,93.242676,91.323189
880,7.333333,-0.035538,0.559726,0.025800,0.827513,-199.366333,93.222305,91.317177
881,7.341667,-0.035112,0.560111,0.025652,0.827276,-199.316559,93.207420,91.313766
882,7.350000,-0.034843,0.560506,0.025548,0.827023,-199.272964,93.196602,91.304871
883,7.358333,-0.034994,0.560919,0.025475,0.826738,-199.234329,93.189270,91.291664
884,7.366667,-0.033853,0.561140,0.025680,0.826629,-199.192566,93.185448,91.278473
885,7.375000,-0.033226,0.561086,0.025755,0.826689,-199.146164,93.181702,91.267929
886,7.383333,-0.033047,0.561130,0.025748,0.826667,-199.104843,93.175125,91.259514
887,7.391667,-0.034739,0.561603,0.025366,0.826288,-199.072235,93.155418,91.258514
888,7.400000,-0.035043,0.562370,0.025685,0.825744,-199.040314,93.133720,91.257385
889,7.408333,-0.034432,0.562823,0.026001,0.825450,-199.006409,93.118408,91.254410
890,7.416667,-0.034184,0.563096,0.026122,0.825271,-198.975098,93.108406,91.245110
891,7.425000,-0.034038,0.563307,0.025928,0.825139,-198.946655,93.106285,91.231369
892,7.433333,-0.034009,0.563675,0.025667,0.824897,-198.920135,93.105675,91.218948
893,7.441667,-0.033973,0.564088,0.025344,0.824626,-198.896072,93.103271,91.211304
894,7.450000,-0.033994,0.564476,0.025260,0.824362,-198.875549,93.096275,91.207863
895,7.458333,-0.034022,0.564776,0.025412,0.824151,-198.858490,93.081879,91.208412
896,7.466667,-0.033782,0.564862,0.025619,0.824096,-198.842545,93.060394,91.209335
897,7.475000,-0.033362,0.564924,0.026312,0.824048,-198.822556,93.027863,91.216133
898,7.483333,-0.032868,0.564973,0.026744,0.824020,-198.799255,92.993477,91.219742
899,7.491667,-0.032320,0.565119,0.026779,0.823941,-198.772507,92.961914,91.224396
900,7.500000,-0.031814,0.565272,0.026642,0.823860,-198.740112,92.934189,91.221497
901,7.508333,-0.031223,0.565648,0.026657,0.823624,-198.702881,92.908943,91.211433
902,7.516667,-0.031624,0.566176,0.026263,0.823258,-198.651505,92.874252,91.192917
903,7.525000,-0.031693,0.566942,0.025942,0.822739,-198.592728,92.840050,91.174446
904,7.533333,-0.031251,0.567308,0.026038,0.822501,-198.527451,92.799477,91.157829
905,7.541667,-0.030361,0.567659,0.026801,0.822267,-198.457382,92.748131,91.139603
906,7.550000,-0.028266,0.568174,0.027367,0.821967,-198.388702,92.696991,91.109207
907,7.558333,-0.028013,0.569038,0.027764,0.821365,-198.311798,92.636696,91.076141
908,7.566667,-0.027696,0.570010,0.028272,0.820684,-198.237686,92.585991,91.046974
909,7.575000,-0.027479,0.570812,0.028267,0.820134,-198.156128,92.546249,91.009590
910,7.583333,-0.026833,0.572121,0.028184,0.819246,-198.064545,92.517502,90.964462
911,7.591667,-0.027160,0.572904,0.028344,0.818682,-197.978363,92.502686,90.925812
912,7.600000,-0.027237,0.573504,0.029350,0.818224,-197.882614,92.495255,90.883034
913,7.608333,-0.027008,0.574468,0.028777,0.817575,-197.780426,92.493645,90.826836
914,7.616667,-0.026630,0.575368,0.027894,0.816985,-197.685532,92.495438,90.778778
915,7.625000,-0.026257,0.576329,0.028136,0.816311,-197.584839,92.495377,90.737762
916,7.633333,-0.026201,0.577104,0.028315,0.815759,-197.488007,92.499237,90.690689
917,7.641667,-0.026524,0.578217,0.028362,0.814958,-197.399643,92.506859,90.648743
918,7.650000,-0.027206,0.579266,0.028119,0.814199,-197.320312,92.512711,90.612045
919,7.658333,-0.027696,0.580132,0.028464,0.813554,-197.239304,92.515594,90.581749
920,7.666667,-0.027180,0.580911,0.028485,0.813014,-197.169525,92.518951,90.552666
921,7.675000,-0.026651,0.581141,0.028038,0.812883,-197.105560,92.521378,90.525833
922,7.683333,-0.025977,0.581272,0.027978,0.812813,-197.049850,92.519806,90.501350
923,7.691667,-0.025582,0.581601,0.028021,0.812589,-196.998535,92.514870,90.477448
924,7.700000,-0.025118,0.582176,0.028571,0.812173,-196.958130,92.513443,90.453888
925,7.708333,-0.025342,0.582653,0.028817,0.811815,-196.929001,92.516861,90.432571
926,7.716667,-0.025614,0.583025,0.028756,0.811541,-196.906616,92.521744,90.416176
927,7.725000,-0.025982,0.583356,0.028514,0.811300,-196.884247,92.522964,90.401466
928,7.733333,-0.025862,0.583633,0.028369,0.811110,-196.866852,92.522453,90.390167
929,7.741667,-0.025769,0.583714,0.028280,0.811058,-196.856552,92.518501,90.383896
930,7.750000,-0.025668,0.583640,0.028096,0.811120,-196.857285,92.513824,90.384880
931,7.758333,-0.025638,0.583504,0.028214,0.811215,-196.868896,92.508873,90.391014
932,7.766667,-0.025545,0.583311,0.028582,0.811344,-196.885269,92.507523,90.402184
933,7.775000,-0.025559,0.583124,0.028959,0.811464,-196.903580,92.514641,90.411392
934,7.783333,-0.025460,0.582933,0.028865,0.811608,-196.917374,92.520432,90.417183
935,7.791667,-0.025504,0.582739,0.028477,0.811760,-196.929901,92.523849,90.424072
936,7.800000,-0.025441,0.582532,0.028377,0.811914,-196.943222,92.525169,90.435989
937,7.808333,-0.025409,0.582278,0.028336,0.812099,-196.960144,92.525108,90.450562
938,7.816667,-0.025383,0.581842,0.028146,0.812418,-196.974808,92.519966,90.464333
939,7.825000,-0.025298,0.581492,0.027705,0.812686,-196.988052,92.516396,90.474045
940,7.833333,-0.025370,0.581351,0.027412,0.812795,-196.997101,92.513344,90.476555
941,7.841667,-0.025489,0.581292,0.026926,0.812850,-197.002945,92.513397,90.477539
942,7.850000,-0.025758,0.581364,0.026670,0.812798,-197.006058,92.515602,90.475861
943,7.858333,-0.025643,0.581334,0.026409,0.812832,-197.003357,92.516045,90.468285
944,7.866667,-0.025675,0.581538,0.026223,0.812691,-196.997147,92.511879,90.452538
945,7.875000,-0.026123,0.581886,0.025353,0.812455,-196.990265,92.495262,90.434258
946,7.883333,-0.026915,0.582187,0.024622,0.812236,-196.983566,92.459564,90.409714
947,7.891667,-0.028764,0.582503,0.023733,0.811973,-196.982391,92.389282,90.382248
948,7.900000,-0.029039,0.582395,0.023688,0.812042,-196.990067,92.281700,90.351723
949,7.908333,-0.030077,0.582154,0.021838,0.812229,-196.979675,92.267181,90.341240
950,7.916667,-0.029818,0.582055,0.020404,0.812346,-196.947021,92.264664,90.336784
951,7.925000,-0.028333,0.581733,0.019489,0.812653,-196.911758,92.272690,90.335495
952,7.933333,-0.026768,0.581201,0.019320,0.813090,-196.877060,92.281586,90.334923
953,7.941667,-0.025348,0.580752,0.019364,0.813456,-196.840790,92.284233,90.343452
954,7.950000,-0.024238,0.580492,0.019219,0.813678,-196.812973,92.291466,90.361282
955,7.958333,-0.023572,0.580659,0.019171,0.813580,-196.800125,92.298561,90.386612
956,7.966667,-0.022575,0.580453,0.019589,0.813745,-196.787994,92.297379,90.427261
957,7.975000,-0.021291,0.579941,0.020289,0.814127,-196.777725,92.286049,90.478951
958,7.983333,-0.022183,0.579749,0.021530,0.814208,-196.775375,92.261436,90.540817
959,7.991667,-0.021192,0.579199,0.021964,0.814615,-196.772888,92.253761,90.609787
960,8.000000,-0.019209,0.578527,0.022146,0.815136,-196.763535,92.254829,90.680542
961,8.008333,-0.016240,0.577820,0.022565,0.815691,-196.733780,92.252548,90.764633
962,8.016667,-0.013029,0.577246,0.023339,0.816133,-196.691284,92.238197,90.857346
963,8.025000,-0.010542,0.576757,0.023392,0.816513,-196.649246,92.222275,90.942505
964,8.033333,-0.007602,0.576588,0.023730,0.816655,-196.588028,92.218872,91.046829
965,8.041667,-0.004352,0.576431,0.023795,0.816788,-196.524612,92.219505,91.147820
966,8.050000,-0.001014,0.576306,0.024133,0.816877,-196.463531,92.224632,91.236481
967,8.058333,0.002446,0.576606,0.025297,0.816627,-196.397324,92.234024,91.324074
968,8.066667,0.005097,0.576189,0.024678,0.816928,-196.343781,92.239258,91.402519
969,8.075000,0.007080,0.576239,0.024275,0.816890,-196.314545,92.240753,91.466850
970,8.083333,0.008062,0.576551,0.025019,0.816638,-196.302002,92.240669,91.534149
971,8.091667,0.009690,0.577308,0.026284,0.816046,-196.296280,92.236252,91.603127
972,8.100000,0.010850,0.577824,0.026751,0.815651,-196.297577,92.237953,91.652885
973,8.108333,0.011665,0.578065,0.027025,0.815460,-196.298157,92.239510,91.688278
974,8.116667,0.012521,0.578147,0.027016,0.815389,-196.296204,92.242470,91.707245
975,8.125000,0.012392,0.578373,0.026805,0.815238,-196.292053,92.241333,91.717049
976,8.133333,0.012483,0.578758,0.026756,0.814965,-196.286362,92.240860,91.716591
977,8.141667,0.012639,0.579127,0.026495,0.814708,-196.282196,92.243546,91.706085
978,8.150000,0.012088,0.579603,0.026251,0.814387,-196.278061,92.245560,91.683792
979,8.158333,0.011078,0.580056,0.025653,0.814097,-196.273895,92.245956,91.652222
980,8.166667,0.009938,0.580628,0.025474,0.813710,-196.279587,92.243721,91.614906
981,8.175000,0.008286,0.581261,0.025253,0.813283,-196.302490,92.240601,91.565155
982,8.183333,0.006582,0.581436,0.025050,0.813180,-196.338287,92.238815,91.510979
983,8.191667,0.004467,0.581993,0.025733,0.812774,-196.385590,92.241165,91.440262
984,8.200000,0.002714,0.582695,0.025422,0.812289,-196.426559,92.234901,91.370758
985,8.208333,0.000449,0.583381,0.024916,0.811816,-196.461807,92.225243,91.290703
986,8.216667,-0.002938,0.583609,0.023858,0.811679,-196.502792,92.226532,91.192223
987,8.225000,-0.006789,0.584111,0.023078,0.811317,-196.542206,92.226974,91.093353
988,8.233333,-0.009718,0.584498,0.022127,0.811035,-196.569794,92.228333,90.992317
989,8.241667,-0.011947,0.584640,0.020086,0.810956,-196.594543,92.233543,90.891731
990,8.250000,-0.014040,0.584949,0.019921,0.810704,-196.622681,92.249283,90.804588
991,8.258333,-0.015131,0.585530,0.019652,0.810271,-196.645416,92.251678,90.738800
992,8.266667,-0.017688,0.585989,0.020255,0.809872,-196.679657,92.259178,90.682381
993,8.275000,-0.019519,0.586143,0.019834,0.809730,-196.710617,92.258408,90.636864
994,8.283333,-0.020719,0.586277,0.019584,0.809609,-196.743851,92.258522,90.599655
995,8.291667,-0.021598,0.586279,0.019833,0.809578,-196.776062,92.259560,90.576218
996,8.300000,-0.022314,0.586156,0.020240,0.809638,-196.803360,92.261597,90.564903
997,8.308333,-0.022573,0.586024,0.020713,0.809714,-196.820068,92.262039,90.563393
998,8.316667,-0.022910,0.585932,0.020969,0.809765,-196.826752,92.261398,90.565636
999,8.325000,-0.022528,0.585808,0.020938,0.809866,-196.821335,92.261177,90.573021
1000,8.333333,-0.021907,0.585683,0.020813,0.809977,-196.806488,92.260078,90.583839
1001,8.341667,-0.020730,0.585568,0.020542,0.810098,-196.779037,92.255913,90.601967
1002,8.350000,-0.020295,0.585956,0.019830,0.809846,-196.736633,92.264244,90.627350
1003,8.358333,-0.017025,0.585994,0.020545,0.809876,-196.702347,92.262817,90.676529
1004,8.366667,-0.013531,0.585845,0.019928,0.810065,-196.666702,92.255302,90.731522
1005,8.375000,-0.011099,0.585703,0.019263,0.810221,-196.634216,92.258255,90.792061
1006,8.383333,-0.010664,0.585860,0.018444,0.810132,-196.588272,92.260376,90.870811
1007,8.391667,-0.009356,0.585740,0.019511,0.810210,-196.553436,92.235100,90.964996
1008,8.400000,-0.007380,0.585294,0.020328,0.810533,-196.526810,92.214111,91.067520
1009,8.408333,-0.004433,0.584780,0.021529,0.810894,-196.493851,92.206238,91.167099
1010,8.416667,-0.000962,0.584447,0.023022,0.811104,-196.453735,92.211464,91.265884
1011,8.425000,0.001672,0.584699,0.023861,0.810897,-196.423645,92.220833,91.352707
1012,8.433333,0.004189,0.584950,0.024442,0.810690,-196.392929,92.226913,91.435173
1013,8.441667,0.006471,0.585163,0.025589,0.810486,-196.358704,92.233955,91.501617
1014,8.450000,0.008612,0.585048,0.025845,0.810541,-196.325104,92.243340,91.558548
1015,8.458333,0.009546,0.584711,0.024704,0.810809,-196.298965,92.239914,91.600052
1016,8.466667,0.010019,0.584745,0.024611,0.810782,-196.286499,92.241226,91.627815
1017,8.475000,0.010238,0.584787,0.024699,0.810746,-196.277100,92.239227,91.647789
1018,8.483333,0.010729,0.584564,0.025125,0.810887,-196.273392,92.244232,91.663795
1019,8.491667,0.010782,0.584512,0.025514,0.810912,-196.271332,92.244728,91.668770
1020,8.500000,0.010867,0.584479,0.025323,0.810941,-196.273788,92.245155,91.665352
1021,8.508333,0.010673,0.584523,0.025362,0.810910,-196.281021,92.245285,91.652039
1022,8.516667,0.010348,0.584674,0.024815,0.810823,-196.291229,92.244514,91.627350
1023,8.525000,0.009665,0.584704,0.024631,0.810815,-196.304489,92.239090,91.598610
1024,8.533333,0.008091,0.584968,0.025819,0.810605,-196.326935,92.241821,91.555466
1025,8.541667,0.006739,0.585113,0.025038,0.810537,-196.353012,92.238419,91.497650
1026,8.550000,0.004327,0.585240,0.024149,0.810489,-196.386917,92.231583,91.431358
1027,8.558333,0.001993,0.585174,0.023651,0.810561,-196.421890,92.225800,91.353584
1028,8.566667,-0.000463,0.584840,0.023099,0.810820,-196.454498,92.219963,91.268387
1029,8.575000,-0.003378,0.584719,0.022094,0.810928,-196.492050,92.219757,91.176216
1030,8.583333,-0.006856,0.585129,0.021045,0.810638,-196.531143,92.220505,91.073395
1031,8.591667,-0.009343,0.585384,0.020139,0.810452,-196.562927,92.226318,90.976730
1032,8.600000,-0.012070,0.585645,0.018924,0.810257,-196.582184,92.241600,90.889816
1033,8.608333,-0.013661,0.585218,0.018851,0.810542,-196.615723,92.247551,90.814240
1034,8.616667,-0.014924,0.585216,0.019432,0.810507,-196.647781,92.247185,90.759163
1035,8.625000,-0.016962,0.585169,0.019573,0.810498,-196.680573,92.246941,90.715149
1036,8.633333,-0.019116,0.585053,0.020592,0.810508,-196.717163,92.253159,90.678772
1037,8.641667,-0.020179,0.584720,0.020839,0.810717,-196.750046,92.254402,90.654198
1038,8.650000,-0.020644,0.584360,0.021081,0.810958,-196.780350,92.256493,90.641243
1039,8.658333,-0.020973,0.584094,0.021319,0.811135,-196.800415,92.258034,90.636894
1040,8.666667,-0.021150,0.583813,0.021343,0.811332,-196.809616,92.256630,90.641869
1041,8.675000,-0.020753,0.583803,0.021474,0.811346,-196.805161,92.255173,90.655067
1042,8.683333,-0.020305,0.583840,0.021626,0.811326,-196.790009,92.253700,90.671631
1043,8.691667,-0.019589,0.583898,0.021668,0.811301,-196.762390,92.248291,90.695084
1044,8.700000,-0.018417,0.584160,0.021754,0.811138,-196.724121,92.245422,90.725540
1045,8.708333,-0.016209,0.584154,0.021047,0.811208,-196.682037,92.241547,90.771004
1046,8.716667,-0.014336,0.583976,0.020314,0.811390,-196.643799,92.243637,90.822784
1047,8.725000,-0.012033,0.583933,0.019497,0.811478,-196.608978,92.240051,90.885185
1048,8.733333,-0.009664,0.584280,0.020005,0.811248,-196.570541,92.226982,90.963570
1049,8.741667,-0.007529,0.584417,0.020549,0.811158,-196.535690,92.213867,91.060982
1050,8.750000,-0.004640,0.584041,0.021243,0.811433,-196.497086,92.211395,91.155823
1051,8.758333,-0.001031,0.583766,0.022426,0.811611,-196.452179,92.214134,91.244164
1052,8.766667,0.001285,0.583945,0.023521,0.811452,-196.422150,92.218567,91.327194
1053,8.775000,0.003058,0.584036,0.024026,0.811367,-196.397354,92.224754,91.401268
1054,8.783333,0.005275,0.584314,0.024778,0.811132,-196.367371,92.229477,91.464340
1055,8.791667,0.007221,0.584334,0.025446,0.811082,-196.341522,92.239258,91.516869
1056,8.800000,0.009259,0.584068,0.025020,0.811266,-196.317764,92.238235,91.561211
1057,8.808333,0.009337,0.584129,0.024967,0.811223,-196.305252,92.236618,91.590485
1058,8.816667,0.009967,0.584061,0.024759,0.811271,-196.301010,92.238823,91.606453
1059,8.825000,0.009577,0.584085,0.024947,0.811253,-196.299927,92.237907,91.612556
1060,8.833333,0.009537,0.583958,0.024784,0.811350,-196.299973,92.236366,91.610733
1061,8.841667,0.009213,0.584010,0.024891,0.811313,-196.304291,92.236343,91.600708
1062,8.850000,0.009443,0.584058,0.025031,0.811271,-196.311646,92.237747,91.582176
1063,8.858333,0.008556,0.584178,0.025845,0.811169,-196.326599,92.243340,91.551498
1064,8.866667,0.007021,0.584222,0.025536,0.811162,-196.347198,92.241264,91.507088
1065,8.875000,0.005083,0.584223,0.024586,0.811205,-196.371902,92.233673,91.451958
1066,8.883333,0.003093,0.584178,0.023801,0.811270,-196.401459,92.227509,91.386566
1067,8.891667,0.001026,0.584143,0.023562,0.811308,-196.430878,92.219864,91.314354
1068,8.900000,-0.001290,0.583938,0.022740,0.811479,-196.464355,92.219894,91.230843
1069,8.908333,-0.004538,0.583868,0.021341,0.811556,-196.502518,92.223328,91.137459
1070,8.916667,-0.007200,0.584556,0.020832,0.811054,-196.534256,92.223305,91.041862
1071,8.925000,-0.009471,0.584711,0.020047,0.810939,-196.563431,92.229095,90.953758
1072,8.933333,-0.012378,0.584898,0.018653,0.810798,-196.581345,92.244377,90.875008
1073,8.941667,-0.013712,0.584702,0.018773,0.810915,-196.612152,92.245178,90.811172
1074,8.950000,-0.014978,0.584747,0.019279,0.810849,-196.643280,92.244736,90.764801
1075,8.958333,-0.016340,0.584771,0.019520,0.810799,-196.675140,92.244896,90.728951
1076,8.966667,-0.018487,0.584652,0.020991,0.810802,-196.709793,92.250023,90.708351
1077,8.975000,-0.019392,0.584268,0.021332,0.811048,-196.742279,92.250839,90.698425
1078,8.983333,-0.019896,0.583988,0.021778,0.811226,-196.770203,92.250809,90.695404
1079,8.991667,-0.019818,0.583735,0.021900,0.811407,-196.786850,92.253319,90.697540
1080,9.000000,-0.019526,0.583525,0.022436,0.811551,-196.790634,92.252106,90.709396
1081,9.008333,-0.019013,0.583373,0.022310,0.811675,-196.778885,92.248894,90.732231
1082,9.016667,-0.018278,0.583303,0.022431,0.811739,-196.759216,92.246040,90.758621
1083,9.025000,-0.016741,0.583234,0.021753,0.811840,-196.723862,92.239853,90.790909
1084,9.033333,-0.014824,0.583069,0.021107,0.812013,-196.680420,92.238998,90.831863
1085,9.041667,-0.012634,0.582905,0.019899,0.812198,-196.638611,92.240288,90.878319
1086,9.050000,-0.010595,0.583273,0.019887,0.811964,-196.595795,92.231300,90.944748
1087,9.058333,-0.008409,0.583543,0.020222,0.811787,-196.555466,92.218895,91.025330
1088,9.066667,-0.005960,0.583260,0.020368,0.812008,-196.515244,92.210678,91.115448
1089,9.075000,-0.002761,0.583092,0.021541,0.812116,-196.474213,92.211609,91.199966
1090,9.083333,-0.000009,0.582993,0.022969,0.812152,-196.446579,92.217743,91.280869
1091,9.091667,0.001547,0.583253,0.024092,0.811932,-196.435242,92.220840,91.354088
1092,9.100000,0.003014,0.583428,0.025331,0.811764,-196.427094,92.226418,91.423965
1093,9.108333,0.004494,0.583511,0.026215,0.811670,-196.414352,92.230484,91.476990
1094,9.116667,0.005983,0.583419,0.026701,0.811711,-196.397263,92.232689,91.513847
1095,9.125000,0.007405,0.583497,0.026680,0.811643,-196.377014,92.237122,91.540520
1096,9.133333,0.007615,0.583655,0.026444,0.811535,-196.355957,92.237305,91.553833
1097,9.141667,0.008161,0.583836,0.025997,0.811414,-196.339355,92.241211,91.550240
1098,9.150000,0.008103,0.584052,0.025520,0.811274,-196.326965,92.242874,91.536179
1099,9.158333,0.007523,0.584261,0.025195,0.811140,-196.330292,92.243980,91.517708
1100,9.166667,0.006385,0.584674,0.024971,0.810859,-196.351608,92.239151,91.495468
1101,9.175000,0.004978,0.585136,0.024472,0.810551,-196.381210,92.233589,91.465813
1102,9.183333,0.003586,0.585613,0.024342,0.810217,-196.413528,92.227997,91.424416
1103,9.191667,0.002233,0.585921,0.024110,0.810007,-196.441727,92.223183,91.369118
1104,9.200000,0.000585,0.586051,0.023594,0.809930,-196.463943,92.218933,91.304085
1105,9.208333,-0.001748,0.586251,0.022972,0.809802,-196.487823,92.218384,91.225502
1106,9.216667,-0.005020,0.586718,0.021724,0.809484,-196.518845,92.218300,91.136665
1107,9.225000,-0.007588,0.587358,0.020778,0.809025,-196.543533,92.221069,91.047226
1108,9.233333,-0.009347,0.588149,0.020152,0.808447,-196.566681,92.227165,90.968307
1109,9.241667,-0.011231,0.588457,0.019307,0.808220,-196.588272,92.239227,90.897957
1110,9.250000,-0.012767,0.588781,0.018915,0.807970,-196.606613,92.247665,90.842026
1111,9.258333,-0.014106,0.588968,0.018798,0.807815,-196.628387,92.249069,90.803406
1112,9.266667,-0.015340,0.589262,0.019066,0.807572,-196.652527,92.247101,90.777214
1113,9.275000,-0.016929,0.589614,0.020684,0.807243,-196.681183,92.250916,90.766235
1114,9.283333,-0.017188,0.589804,0.021254,0.807083,-196.703842,92.249603,90.764900
1115,9.291667,-0.017195,0.589894,0.021781,0.807004,-196.726471,92.249695,90.773842
1116,9.300000,-0.017086,0.589482,0.022289,0.807293,-196.742203,92.248573,90.795876
1117,9.308333,-0.016835,0.589177,0.022584,0.807513,-196.746506,92.247093,90.821526
1118,9.316667,-0.016274,0.588848,0.022902,0.807755,-196.741043,92.245880,90.853325
1119,9.325000,-0.015086,0.588720,0.022957,0.807870,-196.722061,92.242920,90.890846
1120,9.333333,-0.013063,0.588490,0.022403,0.808089,-196.690125,92.238632,90.932564
1121,9.341667,-0.010290,0.588163,0.022008,0.808378,-196.640533,92.227577,90.985847
1122,9.350000,-0.008375,0.587794,0.021515,0.808681,-196.590240,92.217461,91.046303
1123,9.358333,-0.006405,0.587514,0.020966,0.808917,-196.533859,92.209747,91.106895
1124,9.366667,-0.003460,0.587238,0.021109,0.809132,-196.469559,92.208519,91.171471
1125,9.375000,-0.000792,0.587155,0.021414,0.809191,-196.419937,92.220009,91.231987
1126,9.383333,0.000591,0.587007,0.021166,0.809305,-196.392288,92.230263,91.285851
1127,9.391667,0.001676,0.587194,0.021779,0.809151,-196.384216,92.232254,91.333679
1128,9.400000,0.002972,0.587654,0.022863,0.808784,-196.391357,92.226868,91.380608
1129,9.408333,0.003669,0.587871,0.024069,0.808588,-196.411301,92.227516,91.419647
1130,9.416667,0.003660,0.587942,0.024955,0.808510,-196.434875,92.226410,91.446938
1131,9.425000,0.003630,0.587978,0.025931,0.808453,-196.456497,92.224388,91.460617
1132,9.433333,0.002983,0.587964,0.026482,0.808448,-196.476624,92.222504,91.461342
1133,9.441667,0.002937,0.588083,0.026833,0.808350,-196.494873,92.222855,91.451126
1134,9.450000,0.002034,0.588209,0.026552,0.808271,-196.510300,92.222176,91.428741
1135,9.458333,0.001285,0.588584,0.026441,0.808002,-196.526413,92.222984,91.393066
1136,9.466667,0.000874,0.589051,0.026250,0.807669,-196.543030,92.225792,91.344574
1137,9.475000,-0.001410,0.589633,0.025896,0.807255,-196.561737,92.217209,91.287460
1138,9.483333,-0.004236,0.589915,0.024602,0.807079,-196.585403,92.213402,91.216019
1139,9.491667,-0.006547,0.589959,0.023365,0.807068,-196.602432,92.215118,91.133514
1140,9.500000,-0.008541,0.590205,0.022319,0.806899,-196.607681,92.221466,91.050171
1141,9.508333,-0.009288,0.590571,0.021109,0.806656,-196.597702,92.225883,90.978271
1142,9.516667,-0.010476,0.590982,0.019903,0.806371,-196.592300,92.234932,90.920357
1143,9.525000,-0.011681,0.591394,0.018884,0.806077,-196.588715,92.244110,90.875229
1144,9.533333,-0.012386,0.591765,0.018590,0.805801,-196.584854,92.246758,90.845253
1145,9.541667,-0.012860,0.591798,0.018230,0.805778,-196.581375,92.246170,90.826782
1146,9.550000,-0.012954,0.591829,0.018155,0.805755,-196.578979,92.246338,90.820923
1147,9.558333,-0.012680,0.591850,0.018233,0.805743,-196.575912,92.244675,90.825859
1148,9.566667,-0.012355,0.591873,0.018379,0.805727,-196.573730,92.243317,90.843468
1149,9.575000,-0.011679,0.591870,0.018603,0.805734,-196.571381,92.241119,90.871452
1150,9.583333,-0.010575,0.591774,0.019103,0.805808,-196.566147,92.233170,90.918694
1151,9.591667,-0.009504,0.591414,0.019923,0.806066,-196.562302,92.225197,90.973518
1152,9.600000,-0.008400,0.591057,0.020833,0.806317,-196.565598,92.221443,91.041908
1153,9.608333,-0.006606,0.590859,0.021989,0.806448,-196.558487,92.211441,91.123779
1154,9.616667,-0.004041,0.591188,0.023243,0.806189,-196.545410,92.205994,91.211319
1155,9.625000,-0.001444,0.591076,0.024031,0.806257,-196.528625,92.213646,91.279861
1156,9.633333,0.000897,0.590613,0.024794,0.806573,-196.507874,92.220940,91.332733
1157,9.641667,0.001790,0.590185,0.024976,0.806880,-196.492188,92.225731,91.375885
1158,9.650000,0.002340,0.589975,0.025055,0.807030,-196.475403,92.223778,91.407425
1159,9.658333,0.002721,0.590009,0.025044,0.807004,-196.459610,92.223351,91.426781
1160,9.666667,0.003047,0.590030,0.024841,0.806993,-196.441895,92.223175,91.434029
1161,9.675000,0.003223,0.590197,0.024419,0.806884,-196.423584,92.225456,91.429367
1162,9.683333,0.003637,0.590302,0.023851,0.806822,-196.406967,92.226578,91.410103
1163,9.691667,0.003214,0.590311,0.023358,0.806831,-196.396225,92.227379,91.383530
1164,9.700000,0.002526,0.590299,0.022676,0.806862,-196.398682,92.230675,91.350754
1165,9.708333,0.001343,0.590363,0.022070,0.806835,-196.424744,92.235458,91.309380
1166,9.716667,-0.000114,0.590455,0.022281,0.806763,-196.458466,92.229095,91.269180
1167,9.725000,-0.002479,0.590657,0.022696,0.806600,-196.499420,92.220222,91.217667
1168,9.733333,-0.005417,0.590671,0.022365,0.806584,-196.541016,92.218948,91.153000
1169,9.741667,-0.007834,0.590894,0.022278,0.806404,-196.577286,92.222282,91.083298
1170,9.750000,-0.009263,0.591049,0.021570,0.806294,-196.599091,92.224762,91.018799
1171,9.758333,-0.010141,0.591344,0.021220,0.806077,-196.609436,92.228851,90.967163
1172,9.766667,-0.011617,0.591516,0.021006,0.805936,-196.624573,92.240883,90.925179
1173,9.775000,-0.012833,0.591568,0.020833,0.805884,-196.638809,92.249512,90.899895
1174,9.783333,-0.014402,0.591952,0.020219,0.805591,-196.644867,92.261673,90.884422
1175,9.791667,-0.015788,0.591908,0.020198,0.805598,-196.662735,92.270714,90.878510
1176,9.800000,-0.014542,0.591573,0.020817,0.805851,-196.671967,92.253242,90.892426
1177,9.808333,-0.013474,0.591047,0.021274,0.806244,-196.676041,92.244263,90.907394
1178,9.816667,-0.012282,0.590680,0.021579,0.806524,-196.662491,92.238602,90.927010
1179,9.825000,-0.010810,0.590492,0.021232,0.806692,-196.633942,92.230331,90.955910
1180,9.833333,-0.009541,0.590486,0.021215,0.806712,-196.605896,92.226746,90.995583
1181,9.841667,-0.008678,0.590436,0.021172,0.806760,-196.584290,92.222557,91.044312
1182,9.850000,-0.007152,0.590343,0.021474,0.806835,-196.552109,92.214272,91.107697
1183,9.858333,-0.004737,0.590318,0.021839,0.806861,-196.512329,92.210999,91.170181
1184,9.866667,-0.001989,0.590120,0.021927,0.807016,-196.468826,92.214760,91.226913
1185,9.875000,-0.000014,0.590002,0.021830,0.807107,-196.444534,92.227509,91.271492
1186,9.883333,0.001105,0.590228,0.022277,0.806928,-196.439148,92.229713,91.313751
1187,9.891667,0.002045,0.590343,0.023128,0.806818,-196.440323,92.227577,91.348633
1188,9.900000,0.002237,0.590276,0.023571,0.806854,-196.440002,92.225006,91.370399
1189,9.908333,0.002458,0.590321,0.023842,0.806812,-196.439606,92.223984,91.379181
1190,9.916667,0.002481,0.590381,0.023825,0.806769,-196.438141,92.224541,91.376350
1191,9.925000,0.002315,0.590514,0.023435,0.806683,-196.435852,92.226067,91.362038
1192,9.933333,0.001815,0.590544,0.023016,0.806675,-196.435898,92.229004,91.335091
1193,9.941667,0.000992,0.590508,0.022412,0.806720,-196.444214,92.232498,91.300377
1194,9.950000,-0.000276,0.590552,0.022329,0.806690,-196.463242,92.226692,91.261139
1195,9.958333,-0.002367,0.590667,0.022367,0.806602,-196.489441,92.218941,91.208702
1196,9.966667,-0.005238,0.590762,0.021943,0.806530,-196.520432,92.217918,91.140656
1197,9.975000,-0.007517,0.590889,0.021336,0.806436,-196.541565,92.218605,91.071854
1198,9.983333,-0.008891,0.591149,0.020785,0.806246,-196.558655,92.220764,91.014854
1199,9.991667,-0.009647,0.591403,0.020459,0.806058,-196.571320,92.224831,90.974190
1200,10.000000,-0.010140,0.591601,0.020324,0.805911,-196.582962,92.230469,90.948891
1201,10.008333,-0.011020,0.591653,0.020906,0.805846,-196.599670,92.238441,90.936699
1202,10.016667,-0.011422,0.591635,0.021317,0.805843,-196.615585,92.240295,90.937630
1203,10.025000,-0.011434,0.591575,0.021830,0.805873,-196.630280,92.238655,90.949699
1204,10.033333,-0.011024,0.591369,0.022232,0.806019,-196.636169,92.234596,90.967278
1205,10.041667,-0.010156,0.590979,0.022182,0.806318,-196.628525,92.227760,90.990891
1206,10.050000,-0.009444,0.590667,0.021986,0.806561,-196.610611,92.223022,91.021446
1207,10.058333,-0.008545,0.590340,0.021870,0.806813,-196.584442,92.219460,91.059052
1208,10.066667,-0.006897,0.589988,0.021557,0.807095,-196.545837,92.212372,91.105476
1209,10.075000,-0.005017,0.589754,0.021518,0.807280,-196.500427,92.209869,91.148659
1210,10.083333,-0.002389,0.589462,0.021390,0.807509,-196.455734,92.212593,91.192535
1211,10.091667,-0.000851,0.589382,0.021255,0.807574,-196.432434,92.222939,91.229973
1212,10.100000,-0.000212,0.589447,0.021396,0.807524,-196.427429,92.227219,91.259644
1213,10.108333,0.000209,0.589652,0.022041,0.807356,-196.443039,92.228035,91.285423
1214,10.116667,0.000639,0.589849,0.023180,0.807181,-196.462570,92.226089,91.304031
1215,10.125000,0.000565,0.590006,0.024028,0.807041,-196.483368,92.225021,91.310898
1216,10.133333,0.000121,0.590103,0.024575,0.806954,-196.500702,92.223099,91.305023
1217,10.141667,-0.000865,0.590204,0.024629,0.806878,-196.517746,92.220818,91.283485
1218,10.150000,-0.002380,0.590644,0.024495,0.806557,-196.536057,92.214111,91.251038
1219,10.158333,-0.004281,0.590847,0.023675,0.806425,-196.553391,92.212448,91.208061
1220,10.166667,-0.006146,0.590724,0.022833,0.806527,-196.568771,92.216072,91.152969
1221,10.175000,-0.007523,0.590741,0.022356,0.806517,-196.574875,92.217537,91.100189
1222,10.183333,-0.008230,0.590925,0.021443,0.806399,-196.570618,92.219910,91.049210
1223,10.191667,-0.008706,0.591072,0.020583,0.806309,-196.558502,92.221001,91.012558
1224,10.200000,-0.008995,0.591290,0.019756,0.806166,-196.545929,92.222176,90.990021
1225,10.208333,-0.008949,0.591593,0.019284,0.805956,-196.535904,92.223778,90.981140
1226,10.216667,-0.008892,0.591707,0.019158,0.805876,-196.524948,92.224091,90.982780
1227,10.225000,-0.008540,0.591620,0.019217,0.805942,-196.515503,92.223907,90.998901
1228,10.233333,-0.007793,0.591480,0.019724,0.806041,-196.503342,92.220474,91.029236
1229,10.241667,-0.007515,0.591700,0.019856,0.805878,-196.482849,92.226028,91.070732
1230,10.250000,-0.005451,0.591350,0.020862,0.806126,-196.483429,92.215355,91.127663
1231,10.258333,-0.003319,0.591526,0.022054,0.805977,-196.492233,92.210213,91.185120
1232,10.266667,-0.001693,0.591742,0.022826,0.805803,-196.497360,92.212456,91.234428
1233,10.275000,-0.000710,0.591674,0.023290,0.805841,-196.497726,92.219887,91.268005
1234,10.283333,-0.000188,0.591612,0.023798,0.805871,-196.496811,92.222908,91.288925
1235,10.291667,0.000086,0.591597,0.023993,0.805877,-196.496292,92.224648,91.297821
1236,10.300000,0.000015,0.591598,0.023958,0.805877,-196.495819,92.223648,91.294739
1237,10.308333,-0.000659,0.591724,0.023513,0.805798,-196.495789,92.223045,91.276474
1238,10.316667,-0.001555,0.591902,0.023070,0.805678,-196.494965,92.219635,91.249840
1239,10.325000,-0.002839,0.592042,0.022606,0.805585,-196.492691,92.214355,91.205643
1240,10.333333,-0.004362,0.591929,0.021690,0.805686,-196.488602,92.213181,91.154510
1241,10.341667,-0.006439,0.592280,0.020363,0.805449,-196.482391,92.222794,91.100601
1242,10.350000,-0.008217,0.592120,0.019487,0.805573,-196.497421,92.229668,91.052887
1243,10.358333,-0.009492,0.591883,0.018733,0.805750,-196.516998,92.238327,91.020897
1244,10.366667,-0.009060,0.591676,0.019447,0.805891,-196.533081,92.228477,91.011658
1245,10.375000,-0.008660,0.591239,0.020052,0.806201,-196.551392,92.224449,91.012367
1246,10.383333,-0.008643,0.590852,0.020913,0.806463,-196.567215,92.222939,91.027306
1247,10.391667,-0.008415,0.590505,0.021524,0.806703,-196.579605,92.220932,91.051918
1248,10.400000,-0.008020,0.590205,0.022071,0.806912,-196.584305,92.217110,91.083389
1249,10.408333,-0.006870,0.589933,0.022582,0.807107,-196.578766,92.213097,91.123833
1250,10.416667,-0.005851,0.589804,0.022759,0.807204,-196.564102,92.210732,91.162086
1251,10.425000,-0.004311,0.589750,0.022962,0.807248,-196.541122,92.208954,91.199577
1252,10.433333,-0.002768,0.589448,0.022982,0.807475,-196.516769,92.211304,91.226585
1253,10.441667,-0.001700,0.588933,0.022843,0.807857,-196.490234,92.212990,91.242249
1254,10.450000,-0.001169,0.588579,0.022553,0.808124,-196.467072,92.217583,91.247513
1255,10.458333,-0.000981,0.588429,0.022113,0.808246,-196.453720,92.220757,91.245918
1256,10.466667,-0.001336,0.588423,0.021809,0.808258,-196.456070,92.221329,91.238976
1257,10.475000,-0.001970,0.588480,0.022068,0.808208,-196.472855,92.219040,91.225502
1258,10.483333,-0.003083,0.588665,0.022212,0.808066,-196.497055,92.218605,91.203819
1259,10.491667,-0.004805,0.588958,0.022338,0.807841,-196.523911,92.217384,91.171509
1260,10.500000,-0.006146,0.588996,0.022128,0.807810,-196.543243,92.213509,91.137909
1261,10.508333,-0.007368,0.589017,0.021775,0.807794,-196.554794,92.214874,91.104164
1262,10.516667,-0.008104,0.589092,0.021337,0.807743,-196.555740,92.215645,91.075470
1263,10.525000,-0.008411,0.589306,0.020921,0.807595,-196.546585,92.216766,91.056732
1264,10.533333,-0.008326,0.589475,0.020536,0.807483,-196.537201,92.219109,91.050842
1265,10.541667,-0.007813,0.589584,0.020428,0.807411,-196.527985,92.219383,91.058632
1266,10.550000,-0.007445,0.589630,0.020580,0.807377,-196.519516,92.215141,91.081177
1267,10.558333,-0.006245,0.589708,0.020964,0.807320,-196.510574,92.210548,91.115349
1268,10.566667,-0.004803,0.589622,0.021306,0.807384,-196.499710,92.209808,91.151428
1269,10.575000,-0.003330,0.589499,0.021721,0.807471,-196.485443,92.211235,91.181534
1270,10.583333,-0.002105,0.589339,0.021943,0.807585,-196.472382,92.212357,91.206604
1271,10.591667,-0.001774,0.589315,0.022097,0.807599,-196.471741,92.216614,91.223068
1272,10.600000,-0.001709,0.589385,0.022382,0.807540,-196.470901,92.216515,91.231720
1273,10.608333,-0.001909,0.589375,0.022317,0.807549,-196.470108,92.216812,91.229622
1274,10.616667,-0.002243,0.589282,0.022191,0.807620,-196.471817,92.214783,91.215408
1275,10.625000,-0.002963,0.589296,0.021920,0.807614,-196.476089,92.214737,91.194138
1276,10.633333,-0.003902,0.589404,0.021645,0.807539,-196.484268,92.214127,91.169395
1277,10.641667,-0.004911,0.589505,0.021433,0.807465,-196.494827,92.212502,91.141815
1278,10.650000,-0.006043,0.589491,0.020952,0.807481,-196.503967,92.212845,91.110458
1279,10.658333,-0.007045,0.589456,0.020632,0.807506,-196.512589,92.215218,91.086319
1280,10.666667,-0.007646,0.589293,0.020460,0.807624,-196.520889,92.217049,91.077194
1281,10.675000,-0.007474,0.589165,0.020734,0.807712,-196.526749,92.215797,91.085320
1282,10.683333,-0.007095,0.589083,0.021225,0.807762,-196.531006,92.213470,91.102524
1283,10.691667,-0.006118,0.589061,0.021646,0.807776,-196.527115,92.211548,91.125702
1284,10.700000,-0.005194,0.588947,0.021772,0.807862,-196.516403,92.211189,91.146393
1285,10.708333,-0.004336,0.588751,0.021584,0.808015,-196.502441,92.212799,91.162178
1286,10.716667,-0.003705,0.588572,0.021542,0.808149,-196.488434,92.213402,91.171944
1287,10.725000,-0.003375,0.588504,0.021535,0.808201,-196.480942,92.214600,91.178856
1288,10.733333,-0.003299,0.588550,0.021707,0.808163,-196.484619,92.214966,91.183182
1289,10.741667,-0.003637,0.588673,0.021852,0.808068,-196.489975,92.214470,91.182121
1290,10.750000,-0.003902,0.588739,0.021775,0.808021,-196.495117,92.213631,91.177162
1291,10.758333,-0.004287,0.588809,0.021585,0.807972,-196.497101,92.211357,91.166588
1292,10.766667,-0.004679,0.588986,0.021455,0.807845,-196.499069,92.212212,91.150803
1293,10.775000,-0.005337,0.589022,0.021220,0.807820,-196.501877,92.212296,91.131721
1294,10.783333,-0.006185,0.589012,0.021009,0.807827,-196.509689,92.213455,91.111771
1295,10.791667,-0.006719,0.588912,0.020785,0.807902,-196.520645,92.214218,91.102417
1296,10.800000,-0.006737,0.588854,0.021005,0.807938,-196.526688,92.212234,91.106033
1297,10.808333,-0.006445,0.588806,0.021305,0.807968,-196.525436,92.210518,91.114304
1298,10.816667,-0.005988,0.588739,0.021377,0.808018,-196.514893,92.209427,91.126404
1299,10.825000,-0.005306,0.588632,0.021279,0.808104,-196.502258,92.210640,91.136078
1300,10.833333,-0.005108,0.588627,0.021119,0.808113,-196.499710,92.214462,91.141518
1301,10.841667,-0.005130,0.588752,0.021277,0.808017,-196.505646,92.213974,91.143227
1302,10.850000,-0.005154,0.588834,0.021443,0.807953,-196.512146,92.214333,91.139709
1303,10.858333,-0.005549,0.588873,0.021461,0.807921,-196.515961,92.213371,91.132072
1304,10.866667,-0.005905,0.588832,0.021256,0.807954,-196.517761,92.212685,91.119286
1305,10.875000,-0.006308,0.588865,0.021056,0.807932,-196.514755,92.211441,91.108612
1306,10.883333,-0.006362,0.588884,0.020854,0.807924,-196.509186,92.209183,91.109924
1307,10.891667,-0.005975,0.588956,0.020923,0.807872,-196.505844,92.209778,91.120270
1308,10.900000,-0.005433,0.589028,0.020940,0.807823,-196.502625,92.210510,91.132042
1309,10.908333,-0.005127,0.589010,0.021139,0.807833,-196.501419,92.212578,91.138145
1310,10.916667,-0.005165,0.588992,0.021252,0.807843,-196.501572,92.213188,91.139969
1311,10.925000,-0.005220,0.588967,0.021216,0.807861,-196.503006,92.213181,91.136230
1312,10.933333,-0.005560,0.588953,0.021151,0.807871,-196.505066,92.212585,91.128540
1313,10.941667,-0.006027,0.588940,0.021019,0.807881,-196.507614,92.211792,91.117676
1314,10.950000,-0.006184,0.588946,0.020910,0.807878,-196.511810,92.210785,91.115402
1315,10.958333,-0.006202,0.588977,0.021063,0.807851,-196.514374,92.209923,91.119133
1316,10.966667,-0.006064,0.588906,0.021192,0.807901,-196.512756,92.209549,91.122398
1317,10.975000,-0.005958,0.588843,0.021153,0.807949,-196.510544,92.210403,91.121277
1318,10.983333,-0.005827,0.588819,0.021127,0.807968,-196.506195,92.210815,91.118011
1319,10.991667,-0.005824,0.588856,0.021094,0.807942,-196.507156,92.211777,91.118935
1320,11.000000,-0.005851,0.588857,0.021105,0.807940,-196.508484,92.211449,91.119194
1321,11.008333,-0.005998,0.588867,0.021053,0.807933,-196.509857,92.210594,91.116844
1322,11.016667,-0.006166,0.588851,0.021079,0.807943,-196.512085,92.211281,91.116486
1323,11.025000,-0.006077,0.588833,0.021052,0.807958,-196.513962,92.211792,91.117737
1324,11.033333,-0.006023,0.588880,0.021091,0.807923,-196.513916,92.210976,91.118378
1325,11.041667,-0.005984,0.588900,0.021185,0.807906,-196.512878,92.211128,91.119209
1326,11.050000,-0.006049,0.588858,0.021096,0.807939,-196.511749,92.210220,91.121590
1327,11.058333,-0.005918,0.588856,0.021099,0.807941,-196.509491,92.209579,91.122612
1328,11.066667,-0.005982,0.588848,0.021022,0.807948,-196.509354,92.210510,91.123886
1329,11.075000,-0.005852,0.588878,0.021002,0.807928,-196.508255,92.210266,91.124962
1330,11.083333,-0.005758,0.588879,0.020996,0.807928,-196.508545,92.210617,91.124893
1331,11.091667,-0.005873,0.588857,0.020987,0.807943,-196.509033,92.210808,91.123535
1332,11.100000,-0.005815,0.588861,0.021030,0.807940,-196.509399,92.210403,91.122536
1333,11.108333,-0.005814,0.588849,0.020966,0.807950,-196.509628,92.210678,91.121513
1334,11.116667,-0.005901,0.588893,0.021087,0.807914,-196.509552,92.211281,91.120186
1335,11.125000,-0.005875,0.588874,0.021158,0.807926,-196.509842,92.210701,91.118690
1336,11.133333,-0.006026,0.588829,0.021060,0.807961,-196.510086,92.211487,91.116936
1337,11.141667,-0.005978,0.588862,0.021124,0.807935,-196.510254,92.211136,91.116089
1338,11.150000,-0.005970,0.588854,0.021072,0.807943,-196.510025,92.210808,91.115257
1339,11.158333,-0.006109,0.588906,0.021047,0.807904,-196.509995,92.210464,91.114609
1340,11.166667,-0.006108,0.588875,0.021081,0.807926,-196.509949,92.211609,91.114311
1341,11.175000,-0.006029,0.588860,0.021074,0.807938,-196.510086,92.211906,91.114929
1342,11.183333,-0.006023,0.588869,0.021115,0.807930,-196.510727,92.212227,91.115837
1343,11.191667,-0.006147,0.588829,0.021189,0.807956,-196.511017,92.212067,91.116997
