Format Version,1.25,Take Name,Take 2025-11-27 05.08.03 PM,Take Notes,,Capture Frame Rate,120.000000,Export Frame Rate,120.000000,Capture Start Time,2025-11-27 05.08.03.871 PM,Capture Start Frame,26130,Total Frames in Take,1462,Total Exported Frames,1462,Rotation Type,Quaternion,Length Units,Centimeters,Coordinate Space,Global

,Type,Rigid Body,Rigid Body,Rigid Body,Rigid Body,Rigid Body,Rigid Body,Rigid Body
,Name,SEE_large,SEE_large,SEE_large,SEE_large,SEE_large,SEE_large,SEE_large
,ID,B4680608301811F031C44B617C10C291,B4680608301811F031C44B617C10C291,B4680608301811F031C44B617C10C291,B4680608301811F031C44B617C10C291,B4680608301811F031C44B617C10C291,B4680608301811F031C44B617C10C291,B4680608301811F031C44B617C10C291
,Parent,,,,,,,
,,Rotation,Rotation,Rotation,Rotation,Position,Position,Position
Frame,Time (Seconds),X,Y,Z,W,X,Y,Z
0,0.000000,-0.006459,0.406745,0.009478,0.913470,-215.884979,92.231888,83.918716
1,0.008333,-0.006267,0.407867,0.011194,0.912951,-215.870850,92.217865,83.931931
2,0.016667,-0.006337,0.407931,0.010937,0.912925,-215.867615,92.218903,83.933044
3,0.025000,-0.006259,0.407891,0.011215,0.912940,-215.866516,92.215721,83.933708
4,0.033333,-0.006051,0.407800,0.011688,0.912977,-215.869003,92.211761,83.934097
5,0.041667,-0.005897,0.407724,0.012108,0.913006,-215.871552,92.209206,83.933578
6,0.050000,-0.005992,0.407669,0.012258,0.913028,-215.873199,92.207520,83.933342
7,0.058333,-0.006049,0.407657,0.012269,0.913033,-215.872192,92.207962,83.931580
8,0.066667,-0.006184,0.407724,0.012141,0.913004,-215.872604,92.210381,83.930550
9,0.075000,-0.006206,0.407689,0.012062,0.913020,-215.873413,92.211121,83.929619
10,0.083333,-0.006110,0.407741,0.012071,0.912997,-215.873413,92.210678,83.928665
11,0.091667,-0.005947,0.407746,0.012073,0.912996,-215.874695,92.209618,83.928925
12,0.100000,-0.005911,0.407728,0.012148,0.913003,-215.875427,92.209091,83.929138
13,0.108333,-0.005959,0.407750,0.012098,0.912994,-215.876419,92.208992,83.930000
14,0.116667,-0.005943,0.407755,0.012040,0.912993,-215.876801,92.208946,83.929375
15,0.125000,-0.005950,0.407779,0.012044,0.912982,-215.876587,92.209442,83.929024
16,0.133333,-0.006269,0.407241,0.010557,0.913238,-215.883392,92.222549,83.924446
17,0.141667,-0.006561,0.406778,0.009422,0.913455,-215.884354,92.232079,83.917778
18,0.150000,-0.006288,0.407923,0.011124,0.912927,-215.870972,92.218063,83.931190
19,0.158333,-0.006548,0.407304,0.009646,0.913218,-215.873672,92.230423,83.924339
20,0.166667,-0.006270,0.407965,0.011053,0.912909,-215.867020,92.217621,83.933456
21,0.175000,-0.006235,0.407885,0.011298,0.912942,-215.867783,92.217117,83.935387
22,0.183333,-0.006091,0.407759,0.011697,0.912995,-215.869003,92.212730,83.934288
23,0.191667,-0.005999,0.407663,0.012000,0.913034,-215.871735,92.208786,83.933815
24,0.200000,-0.005853,0.407647,0.012195,0.913039,-215.872406,92.207024,83.932617
25,0.208333,-0.005990,0.407724,0.012225,0.913004,-215.872910,92.208107,83.932106
26,0.216667,-0.006100,0.407741,0.012117,0.912997,-215.873123,92.209053,83.930603
27,0.225000,-0.006121,0.407774,0.012107,0.912982,-215.873596,92.209747,83.929474
28,0.233333,-0.006161,0.407768,0.012143,0.912984,-215.873672,92.210220,83.929131
29,0.241667,-0.006103,0.407777,0.012180,0.912980,-215.874405,92.210495,83.928802
30,0.250000,-0.006268,0.407154,0.010664,0.913276,-215.882462,92.221977,83.923164
31,0.258333,-0.006187,0.407710,0.011548,0.913017,-215.876175,92.213516,83.926628
32,0.266667,-0.006144,0.407856,0.011585,0.912952,-215.874237,92.213776,83.928505
33,0.275000,-0.006049,0.407839,0.011643,0.912960,-215.874893,92.213783,83.929642
34,0.283333,-0.005965,0.407802,0.011856,0.912974,-215.875870,92.211845,83.931175
35,0.291667,-0.005926,0.407709,0.011994,0.913014,-215.876434,92.211136,83.932938
36,0.300000,-0.005953,0.407764,0.012136,0.912987,-215.876358,92.210121,83.932968
37,0.308333,-0.006021,0.407766,0.012009,0.912987,-215.875793,92.209915,83.933075
38,0.316667,-0.006070,0.407724,0.011938,0.913007,-215.875122,92.209312,83.934212
39,0.325000,-0.006112,0.407763,0.011879,0.912990,-215.873627,92.208763,83.934471
40,0.333333,-0.005924,0.407762,0.011959,0.912991,-215.873047,92.208672,83.933762
41,0.341667,-0.005892,0.407715,0.012037,0.913011,-215.873550,92.209732,83.934418
42,0.350000,-0.006011,0.407726,0.012090,0.913004,-215.873260,92.209831,83.934334
43,0.358333,-0.006037,0.407713,0.012017,0.913011,-215.873306,92.209900,83.933258
44,0.366667,-0.006220,0.407239,0.010732,0.913237,-215.879852,92.220566,83.925507
45,0.375000,-0.006164,0.407801,0.011770,0.912974,-215.874023,92.211494,83.930298
46,0.383333,-0.006277,0.407212,0.010212,0.913255,-215.879944,92.226006,83.922729
47,0.391667,-0.006326,0.406683,0.008945,0.913504,-215.882324,92.237289,83.913284
48,0.400000,-0.006617,0.406606,0.008304,0.913542,-215.881256,92.243484,83.908607
49,0.408333,-0.006414,0.407868,0.010565,0.912957,-215.870956,92.225082,83.926170
50,0.416667,-0.006579,0.407221,0.009377,0.913258,-215.876740,92.233757,83.919533
51,0.425000,-0.006625,0.406603,0.008309,0.913543,-215.880722,92.240974,83.911041
52,0.433333,-0.006238,0.407993,0.010661,0.912902,-215.869720,92.220566,83.928833
53,0.441667,-0.006254,0.408018,0.010814,0.912888,-215.869095,92.218819,83.930222
54,0.450000,-0.006481,0.407098,0.009614,0.913311,-215.878159,92.228386,83.920990
55,0.458333,-0.006274,0.407690,0.011132,0.913031,-215.872116,92.217285,83.929703
56,0.466667,-0.006273,0.407876,0.011297,0.912946,-215.870209,92.215546,83.931877
57,0.475000,-0.006132,0.407820,0.011604,0.912968,-215.872162,92.213463,83.932617
58,0.483333,-0.006259,0.407175,0.010481,0.913269,-215.880325,92.223282,83.925644
59,0.491667,-0.005969,0.407775,0.011829,0.912986,-215.872650,92.212112,83.932724
60,0.500000,-0.006345,0.407319,0.010519,0.913203,-215.876480,92.222473,83.926651
61,0.508333,-0.006077,0.407887,0.011567,0.912939,-215.870453,92.213928,83.932220
62,0.516667,-0.006038,0.407885,0.011455,0.912941,-215.868927,92.215179,83.933189
63,0.525000,-0.006005,0.407831,0.011570,0.912964,-215.870285,92.214760,83.933372
64,0.533333,-0.005913,0.407789,0.011837,0.912980,-215.872925,92.212112,83.932724
65,0.541667,-0.005812,0.407722,0.011921,0.913010,-215.875275,92.210335,83.931908
66,0.550000,-0.006160,0.407259,0.010689,0.913229,-215.882629,92.220230,83.927559
67,0.558333,-0.005980,0.407768,0.011790,0.912990,-215.876938,92.210594,83.932205
68,0.566667,-0.006223,0.407341,0.010445,0.913195,-215.881210,92.221786,83.926376
69,0.575000,-0.006481,0.406910,0.009375,0.913397,-215.883774,92.232368,83.920135
70,0.583333,-0.006264,0.407951,0.011144,0.912914,-215.872284,92.216888,83.933899
71,0.591667,-0.006433,0.407123,0.009222,0.913304,-215.878479,92.232330,83.924248
72,0.600000,-0.006165,0.407801,0.010658,0.912988,-215.871841,92.221794,83.932533
73,0.608333,-0.006078,0.407925,0.011142,0.912927,-215.871399,92.218727,83.933914
74,0.616667,-0.006032,0.407900,0.011505,0.912934,-215.872742,92.214813,83.934715
75,0.625000,-0.005927,0.407759,0.011850,0.912994,-215.875198,92.209915,83.935966
76,0.633333,-0.006252,0.407211,0.010781,0.913249,-215.882828,92.221054,83.931808
77,0.641667,-0.006050,0.407632,0.011805,0.913050,-215.876083,92.212685,83.935226
78,0.650000,-0.006043,0.407840,0.011819,0.912957,-215.873474,92.212898,83.935486
79,0.658333,-0.006009,0.407787,0.011760,0.912982,-215.873138,92.212914,83.936623
80,0.666667,-0.005868,0.407752,0.011811,0.912998,-215.873383,92.211189,83.936501
81,0.675000,-0.006088,0.407235,0.010577,0.913242,-215.881348,92.221802,83.929520
82,0.683333,-0.005994,0.407761,0.011841,0.912992,-215.874222,92.212029,83.933655
83,0.691667,-0.006050,0.407886,0.011861,0.912936,-215.871552,92.212837,83.933815
84,0.700000,-0.006041,0.407881,0.011878,0.912938,-215.870041,92.212036,83.934250
85,0.708333,-0.005963,0.407803,0.011966,0.912972,-215.870209,92.210014,83.933304
86,0.716667,-0.005957,0.407796,0.012107,0.912973,-215.870575,92.207771,83.932480
87,0.725000,-0.005978,0.407731,0.012104,0.913002,-215.870926,92.207954,83.932083
88,0.733333,-0.006006,0.407694,0.012174,0.913018,-215.871429,92.209732,83.930550
89,0.741667,-0.005953,0.407704,0.012206,0.913013,-215.871735,92.209152,83.931473
90,0.750000,-0.006019,0.407716,0.012137,0.913008,-215.872574,92.210037,83.931175
91,0.758333,-0.005972,0.407740,0.012021,0.913000,-215.872238,92.210381,83.931046
92,0.766667,-0.005888,0.407728,0.011991,0.913006,-215.872696,92.209373,83.931129
93,0.775000,-0.005954,0.407766,0.012058,0.912988,-215.874146,92.210541,83.932251
94,0.783333,-0.006000,0.407819,0.011993,0.912964,-215.876007,92.211411,83.932182
95,0.791667,-0.006267,0.407318,0.010813,0.913201,-215.883850,92.222382,83.925751
96,0.800000,-0.006233,0.407770,0.011819,0.912987,-215.878601,92.212761,83.930710
97,0.808333,-0.006402,0.407207,0.010173,0.913257,-215.884583,92.225800,83.924133
98,0.816667,-0.006585,0.406669,0.008885,0.913509,-215.887787,92.235619,83.915344
99,0.825000,-0.006682,0.406473,0.007973,0.913604,-215.889099,92.244492,83.911171
100,0.833333,-0.006697,0.406540,0.007908,0.913574,-215.892456,92.246368,83.910057
101,0.841667,-0.006770,0.406662,0.008201,0.913517,-215.901657,92.245720,83.910301
102,0.850000,-0.007238,0.406695,0.008301,0.913498,-215.915039,92.250092,83.908691
103,0.858333,-0.007635,0.406714,0.008703,0.913482,-215.928955,92.251793,83.906845
104,0.866667,-0.007964,0.406855,0.009404,0.913409,-215.945389,92.250839,83.906433
105,0.875000,-0.008134,0.406884,0.009790,0.913391,-215.960480,92.250229,83.907547
106,0.883333,-0.007982,0.406950,0.010439,0.913356,-215.972443,92.248772,83.909973
107,0.891667,-0.007845,0.406952,0.010936,0.913350,-215.983490,92.246567,83.913231
108,0.900000,-0.007768,0.406950,0.011396,0.913346,-215.991516,92.245010,83.913574
109,0.908333,-0.007830,0.406949,0.011618,0.913344,-215.999252,92.244682,83.915237
110,0.916667,-0.008006,0.407014,0.011668,0.913312,-216.008377,92.244232,83.916969
111,0.925000,-0.007933,0.407063,0.011858,0.913289,-216.019348,92.241699,83.920105
112,0.933333,-0.008124,0.407204,0.011963,0.913223,-216.032028,92.240654,83.922623
113,0.941667,-0.008254,0.407243,0.012103,0.913203,-216.046005,92.240234,83.924660
114,0.950000,-0.008311,0.407195,0.012241,0.913221,-216.062195,92.238373,83.928314
115,0.958333,-0.008247,0.407244,0.012569,0.913196,-216.078903,92.236267,83.933258
116,0.966667,-0.007986,0.407354,0.013075,0.913142,-216.094788,92.235687,83.936859
117,0.975000,-0.007978,0.407287,0.013410,0.913167,-216.105988,92.237701,83.940750
118,0.983333,-0.007852,0.407237,0.013669,0.913187,-216.114944,92.235359,83.942947
119,0.991667,-0.007732,0.407311,0.013774,0.913153,-216.121918,92.233437,83.944077
120,1.000000,-0.007918,0.407364,0.013919,0.913125,-216.124847,92.231323,83.945412
121,1.008333,-0.007892,0.407336,0.014022,0.913137,-216.127090,92.230064,83.945854
122,1.016667,-0.007678,0.407393,0.014078,0.913112,-216.129715,92.228180,83.944603
123,1.025000,-0.007762,0.407345,0.013873,0.913136,-216.135864,92.229584,83.945389
124,1.033333,-0.007962,0.407332,0.014034,0.913138,-216.145676,92.230179,83.946648
125,1.041667,-0.007750,0.407018,0.016438,0.913239,-216.177444,92.214172,83.956863
126,1.050000,-0.008705,0.406651,0.018351,0.913358,-216.192581,92.221077,83.966995
127,1.058333,-0.009387,0.406448,0.019850,0.913410,-216.201691,92.226585,83.977989
128,1.066667,-0.009812,0.406219,0.021053,0.913480,-216.210678,92.230240,83.988831
129,1.075000,-0.010104,0.405959,0.021395,0.913585,-216.206436,92.235092,83.989693
130,1.083333,-0.010802,0.405592,0.021420,0.913739,-216.211945,92.248375,83.990189
131,1.091667,-0.010966,0.404951,0.020757,0.914037,-216.217377,92.255783,83.992531
132,1.100000,-0.011157,0.404769,0.020587,0.914119,-216.225464,92.259720,83.992538
133,1.108333,-0.011157,0.404764,0.020745,0.914118,-216.233368,92.260513,83.992706
134,1.116667,-0.011046,0.404766,0.020969,0.914113,-216.241501,92.259422,83.992645
135,1.125000,-0.011144,0.404769,0.021034,0.914109,-216.248611,92.260170,83.992882
136,1.133333,-0.011100,0.404699,0.021418,0.914132,-216.254547,92.258926,83.993896
137,1.141667,-0.011223,0.404731,0.021776,0.914108,-216.262772,92.260010,83.994415
138,1.150000,-0.011167,0.404724,0.021924,0.914108,-216.270523,92.260994,83.994820
139,1.158333,-0.011303,0.404631,0.022017,0.914145,-216.279984,92.263321,83.994614
140,1.166667,-0.011452,0.404562,0.022099,0.914172,-216.290466,92.264519,83.993355
141,1.175000,-0.011595,0.404550,0.022218,0.914173,-216.301514,92.265656,83.991776
142,1.183333,-0.011734,0.404516,0.022371,0.914182,-216.314056,92.266205,83.990761
143,1.191667,-0.011855,0.404491,0.022520,0.914188,-216.326279,92.268608,83.991005
144,1.200000,-0.011855,0.404457,0.022688,0.914199,-216.339188,92.270164,83.989616
145,1.208333,-0.011918,0.404404,0.022782,0.914219,-216.351395,92.268135,83.991135
146,1.216667,-0.012469,0.404488,0.023093,0.914167,-216.365189,92.263733,83.993378
147,1.225000,-0.012798,0.404422,0.023381,0.914184,-216.377289,92.262054,83.994637
148,1.233333,-0.012850,0.404316,0.023751,0.914221,-216.390656,92.260796,83.995667
149,1.241667,-0.012803,0.404299,0.024063,0.914221,-216.401413,92.259544,83.995384
150,1.250000,-0.012905,0.404231,0.024340,0.914242,-216.406723,92.259445,83.996094
151,1.258333,-0.012925,0.403936,0.024444,0.914369,-216.408997,92.259445,83.996094
152,1.266667,-0.012526,0.402766,0.024373,0.914893,-216.403793,92.259964,83.996460
153,1.275000,-0.012265,0.400799,0.024439,0.915758,-216.395569,92.260780,83.998581
154,1.283333,-0.012170,0.399134,0.024377,0.916488,-216.385239,92.260811,84.000267
155,1.291667,-0.012403,0.398851,0.024149,0.916614,-216.377380,92.264702,83.999123
156,1.300000,-0.012485,0.398932,0.023864,0.916585,-216.373444,92.264809,83.995735
157,1.308333,-0.012670,0.398956,0.023545,0.916580,-216.372803,92.266479,83.992943
158,1.316667,-0.012775,0.398903,0.023208,0.916610,-216.372421,92.268517,83.991745
159,1.325000,-0.012774,0.398879,0.022925,0.916628,-216.371841,92.268341,83.989914
160,1.333333,-0.012908,0.398822,0.023033,0.916648,-216.372543,92.269844,83.988373
161,1.341667,-0.012746,0.398802,0.023060,0.916659,-216.371323,92.268318,83.989319
162,1.350000,-0.012744,0.398848,0.023259,0.916634,-216.374130,92.269463,83.989677
163,1.358333,-0.012601,0.398906,0.023434,0.916606,-216.375183,92.267960,83.990807
164,1.366667,-0.012410,0.398958,0.023475,0.916585,-216.376801,92.267029,83.991776
165,1.375000,-0.012383,0.398934,0.023593,0.916592,-216.377594,92.265236,83.993500
166,1.383333,-0.012429,0.398986,0.023656,0.916568,-216.379333,92.264786,83.993874
167,1.391667,-0.012642,0.398968,0.023683,0.916572,-216.383026,92.265205,83.994980
168,1.400000,-0.012574,0.399038,0.023911,0.916536,-216.384460,92.263588,83.997017
169,1.408333,-0.012496,0.399088,0.023989,0.916514,-216.388611,92.263763,83.998016
170,1.416667,-0.012536,0.399130,0.024050,0.916493,-216.394165,92.264465,83.997383
171,1.425000,-0.012400,0.399176,0.024182,0.916472,-216.397766,92.263199,83.998093
172,1.433333,-0.012407,0.399278,0.024184,0.916427,-216.399033,92.262169,83.998985
173,1.441667,-0.012349,0.399325,0.024281,0.916405,-216.397614,92.261642,83.999252
174,1.450000,-0.012340,0.399264,0.024273,0.916431,-216.395065,92.261185,83.999321
175,1.458333,-0.012385,0.399304,0.024393,0.916411,-216.392639,92.259850,83.999260
176,1.466667,-0.012285,0.399271,0.024278,0.916429,-216.391281,92.259102,83.998932
177,1.475000,-0.012169,0.399267,0.024265,0.916433,-216.390732,92.259201,83.997002
178,1.483333,-0.012165,0.399258,0.024250,0.916437,-216.390488,92.260513,83.996536
179,1.491667,-0.012123,0.399183,0.024196,0.916472,-216.390411,92.261330,83.996384
180,1.500000,-0.012134,0.399166,0.024132,0.916481,-216.390198,92.262665,83.996704
181,1.508333,-0.012097,0.399204,0.024186,0.916463,-216.390823,92.261612,83.996552
182,1.516667,-0.012112,0.399242,0.024248,0.916445,-216.392563,92.263168,83.996971
183,1.525000,-0.012113,0.399312,0.024319,0.916412,-216.394424,92.260864,83.997581
184,1.533333,-0.012130,0.399382,0.024391,0.916380,-216.397095,92.259796,83.999161
185,1.541667,-0.012230,0.399408,0.024468,0.916365,-216.398926,92.259010,84.000839
186,1.550000,-0.012183,0.399433,0.024575,0.916352,-216.399475,92.257111,84.001587
187,1.558333,-0.012212,0.399389,0.024679,0.916368,-216.400391,92.257385,84.002457
188,1.566667,-0.012253,0.399382,0.024589,0.916373,-216.400070,92.257950,84.002754
189,1.575000,-0.012195,0.399435,0.024687,0.916348,-216.402023,92.258286,84.003464
190,1.583333,-0.012005,0.399467,0.024765,0.916334,-216.404373,92.258606,84.003807
191,1.591667,-0.012072,0.399514,0.024954,0.916308,-216.404587,92.258896,84.003624
192,1.600000,-0.012143,0.399494,0.024997,0.916315,-216.404510,92.258255,84.003723
193,1.608333,-0.012210,0.399446,0.024851,0.916339,-216.403442,92.258606,84.003006
194,1.616667,-0.012170,0.399486,0.024732,0.916325,-216.400665,92.257050,84.002640
195,1.625000,-0.012132,0.399733,0.024644,0.916220,-216.402893,92.256615,83.997932
196,1.633333,-0.011938,0.399840,0.024529,0.916179,-216.404846,92.256073,83.996025
197,1.641667,-0.011833,0.399838,0.024377,0.916185,-216.406128,92.256836,83.995575
198,1.650000,-0.011867,0.399877,0.024476,0.916165,-216.406586,92.258171,83.994835
199,1.658333,-0.011927,0.399787,0.024520,0.916202,-216.407700,92.255798,83.995407
200,1.666667,-0.012089,0.399804,0.024511,0.916193,-216.411346,92.257515,83.995476
201,1.675000,-0.012045,0.399866,0.024570,0.916165,-216.413666,92.256744,83.994949
202,1.683333,-0.012142,0.399859,0.024758,0.916162,-216.416519,92.257568,83.996185
203,1.691667,-0.012159,0.399678,0.024823,0.916239,-216.416428,92.257240,84.000549
204,1.700000,-0.012189,0.399612,0.025161,0.916258,-216.416290,92.256248,84.003677
205,1.708333,-0.012075,0.399613,0.025150,0.916259,-216.416168,92.257011,84.005699
206,1.716667,-0.012048,0.399642,0.025276,0.916244,-216.416855,92.256721,84.006546
207,1.725000,-0.012103,0.399625,0.025110,0.916255,-216.417694,92.257324,84.006111
208,1.733333,-0.012144,0.399678,0.025026,0.916234,-216.416809,92.255768,84.005508
209,1.741667,-0.012312,0.399694,0.025152,0.916221,-216.416718,92.255493,84.004570
210,1.750000,-0.012270,0.399656,0.025133,0.916238,-216.416168,92.255730,84.004303
211,1.758333,-0.012273,0.399664,0.025021,0.916238,-216.415619,92.257439,84.003922
212,1.766667,-0.012145,0.399674,0.025097,0.916233,-216.413879,92.255928,84.002831
213,1.775000,-0.012079,0.399661,0.025000,0.916243,-216.413467,92.257317,84.002563
214,1.783333,-0.012120,0.399694,0.024935,0.916229,-216.413528,92.257736,84.000908
215,1.791667,-0.012217,0.399705,0.024876,0.916225,-216.414185,92.257286,84.000793
216,1.800000,-0.012156,0.399709,0.025031,0.916220,-216.414139,92.258453,84.000656
217,1.808333,-0.012146,0.399693,0.025063,0.916226,-216.415070,92.258873,84.000870
218,1.816667,-0.012137,0.399639,0.024936,0.916253,-216.416428,92.259697,84.000244
219,1.825000,-0.012255,0.399709,0.025017,0.916219,-216.417282,92.258278,84.000626
220,1.833333,-0.012188,0.399726,0.025074,0.916211,-216.417770,92.256683,84.002220
221,1.841667,-0.012172,0.399737,0.025115,0.916205,-216.418869,92.256310,84.003448
222,1.850000,-0.012336,0.399737,0.025126,0.916202,-216.420410,92.256516,84.002953
223,1.858333,-0.012263,0.399726,0.025108,0.916209,-216.421158,92.256653,84.003426
224,1.866667,-0.012258,0.399753,0.025164,0.916196,-216.421219,92.257179,84.003716
225,1.875000,-0.012225,0.399738,0.025189,0.916202,-216.419800,92.255318,84.004211
226,1.883333,-0.012206,0.399727,0.025254,0.916205,-216.418457,92.255119,84.004852
227,1.891667,-0.012159,0.399728,0.025248,0.916205,-216.417984,92.255753,84.004639
228,1.900000,-0.012194,0.399731,0.025174,0.916206,-216.416794,92.255463,84.004120
229,1.908333,-0.012297,0.399716,0.025133,0.916212,-216.415482,92.255630,84.003464
230,1.916667,-0.012331,0.399662,0.024997,0.916239,-216.414886,92.256851,84.002586
231,1.925000,-0.012175,0.399640,0.024993,0.916251,-216.413589,92.256943,84.002121
232,1.933333,-0.012068,0.399662,0.024958,0.916243,-216.413422,92.255791,84.002235
233,1.941667,-0.012202,0.399735,0.024994,0.916209,-216.413956,92.256454,84.001526
234,1.950000,-0.012318,0.399698,0.024990,0.916223,-216.415314,92.258224,84.001442
235,1.958333,-0.012304,0.399657,0.025052,0.916240,-216.416473,92.257843,84.000580
236,1.966667,-0.012325,0.399734,0.024980,0.916208,-216.416931,92.256134,84.000107
237,1.975000,-0.012344,0.399767,0.025064,0.916191,-216.418198,92.256088,84.000687
238,1.983333,-0.012237,0.399714,0.025070,0.916215,-216.419174,92.258110,84.001823
239,1.991667,-0.012123,0.399716,0.024981,0.916219,-216.419357,92.257950,84.003098
240,2.000000,-0.012092,0.399709,0.025030,0.916220,-216.420105,92.257797,84.003593
241,2.008333,-0.012027,0.399694,0.025141,0.916225,-216.419464,92.257568,84.004097
242,2.016667,-0.012171,0.399749,0.025117,0.916200,-216.419189,92.258522,84.004280
243,2.025000,-0.012209,0.399699,0.025107,0.916221,-216.418701,92.257950,84.004059
244,2.033333,-0.012239,0.399653,0.025026,0.916243,-216.417831,92.258133,84.003975
245,2.041667,-0.012301,0.399821,0.025251,0.916163,-216.419861,92.258385,84.002457
246,2.050000,-0.012196,0.399892,0.025197,0.916135,-216.420059,92.256126,84.002464
247,2.058333,-0.012152,0.399944,0.025131,0.916114,-216.420242,92.257309,84.001511
248,2.066667,-0.012196,0.399915,0.025151,0.916126,-216.419800,92.256142,84.001137
249,2.075000,-0.012314,0.399861,0.025187,0.916147,-216.419846,92.256477,83.999596
250,2.083333,-0.012280,0.399850,0.024990,0.916157,-216.419724,92.257309,83.999214
251,2.091667,-0.012287,0.399898,0.025151,0.916132,-216.420273,92.257751,83.998688
252,2.100000,-0.012148,0.399872,0.025219,0.916143,-216.421555,92.257988,83.997765
253,2.108333,-0.012274,0.399924,0.025336,0.916116,-216.423981,92.257492,83.997307
254,2.116667,-0.012333,0.399900,0.025233,0.916128,-216.426178,92.257950,83.997856
255,2.125000,-0.012224,0.399944,0.025199,0.916112,-216.428543,92.256325,83.998672
256,2.133333,-0.012156,0.399944,0.025170,0.916113,-216.429550,92.257729,83.999786
257,2.141667,-0.012166,0.399931,0.025249,0.916116,-216.429443,92.257545,83.999260
258,2.150000,-0.012196,0.399948,0.025219,0.916110,-216.428879,92.256004,83.999367
259,2.158333,-0.012219,0.399985,0.025222,0.916093,-216.428726,92.255318,84.000679
260,2.166667,-0.012234,0.400001,0.025263,0.916085,-216.428757,92.255653,84.001541
261,2.175000,-0.012321,0.399959,0.025250,0.916102,-216.428680,92.256042,84.001633
262,2.183333,-0.012292,0.399976,0.025298,0.916094,-216.428711,92.256706,84.002174
263,2.191667,-0.012242,0.399950,0.025333,0.916105,-216.428085,92.256859,84.002266
264,2.200000,-0.012217,0.399971,0.025223,0.916099,-216.427139,92.256042,84.001747
265,2.208333,-0.012213,0.400012,0.025255,0.916081,-216.426880,92.256683,84.000160
266,2.216667,-0.012288,0.399953,0.025229,0.916106,-216.426941,92.257446,84.000221
267,2.225000,-0.012328,0.399926,0.025228,0.916117,-216.426041,92.257195,83.999611
268,2.233333,-0.012268,0.399926,0.025138,0.916120,-216.425781,92.258331,83.998932
269,2.241667,-0.012164,0.399896,0.025162,0.916135,-216.424469,92.256134,83.997879
270,2.250000,-0.012117,0.399921,0.025121,0.916125,-216.424728,92.255333,83.997284
271,2.258333,-0.012302,0.399875,0.024965,0.916147,-216.427063,92.257797,83.998024
272,2.266667,-0.012232,0.399886,0.025078,0.916140,-216.427994,92.257462,83.997826
273,2.275000,-0.012194,0.399877,0.025184,0.916142,-216.428711,92.256729,83.998642
274,2.283333,-0.012115,0.399964,0.025220,0.916104,-216.429474,92.255890,83.998833
275,2.291667,-0.012084,0.399950,0.025185,0.916111,-216.430801,92.255768,84.000023
276,2.300000,-0.012183,0.399952,0.025249,0.916107,-216.431519,92.256111,84.000793
277,2.308333,-0.012324,0.399893,0.025196,0.916133,-216.431396,92.255745,84.001190
278,2.316667,-0.012287,0.399975,0.025275,0.916095,-216.430710,92.254631,84.001472
279,2.325000,-0.012240,0.399929,0.025321,0.916115,-216.430069,92.254791,84.001297
280,2.333333,-0.012167,0.399959,0.025395,0.916100,-216.428467,92.254745,84.002739
281,2.341667,-0.012109,0.399948,0.025404,0.916106,-216.427734,92.255646,84.003220
282,2.350000,-0.012117,0.399904,0.025250,0.916129,-216.427231,92.255630,84.002396
283,2.358333,-0.012286,0.399941,0.025143,0.916114,-216.427307,92.256462,84.001434
284,2.366667,-0.012166,0.399695,0.024918,0.916229,-216.423416,92.255661,84.002235
285,2.375000,-0.012184,0.399670,0.025125,0.916234,-216.421509,92.255264,84.003090
286,2.383333,-0.012285,0.399641,0.025192,0.916243,-216.421204,92.256012,84.002670
287,2.391667,-0.012260,0.399671,0.025135,0.916232,-216.422150,92.257156,84.001534
288,2.400000,-0.012290,0.399699,0.025131,0.916219,-216.422989,92.256859,84.000710
289,2.408333,-0.012226,0.399705,0.025044,0.916220,-216.424149,92.257545,84.000084
290,2.416667,-0.012169,0.399711,0.025069,0.916218,-216.423462,92.255226,84.000946
291,2.425000,-0.012232,0.399694,0.025116,0.916223,-216.424393,92.254860,84.001961
292,2.433333,-0.012416,0.399905,0.025236,0.916125,-216.428207,92.256561,84.000000
293,2.441667,-0.012326,0.399978,0.025155,0.916097,-216.430756,92.256096,83.999588
294,2.450000,-0.012271,0.399983,0.025119,0.916096,-216.432022,92.254272,83.999725
295,2.458333,-0.012104,0.399970,0.025216,0.916102,-216.432312,92.253357,84.000938
296,2.466667,-0.012223,0.400022,0.025243,0.916076,-216.432098,92.253159,84.001625
297,2.475000,-0.012262,0.400072,0.025271,0.916053,-216.431519,92.254204,84.002403
298,2.483333,-0.012244,0.400018,0.025291,0.916076,-216.430847,92.253403,84.002449
299,2.491667,-0.012207,0.400025,0.025234,0.916076,-216.429779,92.253555,84.002808
300,2.500000,-0.012176,0.400018,0.025273,0.916078,-216.429184,92.254448,84.002060
301,2.508333,-0.012232,0.400002,0.025152,0.916087,-216.428299,92.255661,84.001610
302,2.516667,-0.012310,0.399993,0.025046,0.916093,-216.427902,92.255959,83.999733
303,2.525000,-0.012286,0.399980,0.025055,0.916099,-216.427200,92.256493,83.998871
304,2.533333,-0.012059,0.400001,0.024970,0.916095,-216.428085,92.257751,83.997154
305,2.541667,-0.012072,0.400073,0.024877,0.916066,-216.429398,92.257378,83.995743
306,2.550000,-0.012114,0.400065,0.024978,0.916066,-216.429993,92.256775,83.995155
307,2.558333,-0.012230,0.400136,0.024955,0.916034,-216.430420,92.256165,83.994957
308,2.566667,-0.012187,0.400135,0.024920,0.916036,-216.431396,92.255493,83.994987
309,2.575000,-0.012142,0.400098,0.024900,0.916054,-216.432983,92.255455,83.995705
310,2.583333,-0.012062,0.400173,0.025023,0.916019,-216.433136,92.254364,83.996407
311,2.591667,-0.012104,0.400209,0.025108,0.916000,-216.434052,92.255745,83.996292
312,2.600000,-0.012148,0.400130,0.025096,0.916034,-216.434509,92.255402,83.996918
313,2.608333,-0.012120,0.400159,0.025014,0.916024,-216.434387,92.254593,83.997787
314,2.616667,-0.012230,0.400192,0.025223,0.916002,-216.434662,92.253326,83.998329
315,2.625000,-0.012222,0.400228,0.025189,0.915988,-216.434647,92.253174,84.000084
316,2.633333,-0.012186,0.400211,0.025186,0.915996,-216.433929,92.253723,84.000000
317,2.641667,-0.012198,0.400239,0.025182,0.915984,-216.434052,92.254288,84.000214
318,2.650000,-0.012198,0.400247,0.025232,0.915979,-216.432693,92.255013,83.999313
319,2.658333,-0.012127,0.400266,0.025193,0.915973,-216.432159,92.254555,83.998657
320,2.666667,-0.012068,0.400224,0.025235,0.915990,-216.432404,92.254974,83.996971
321,2.675000,-0.012145,0.400214,0.025238,0.915994,-216.431778,92.255447,83.996735
322,2.683333,-0.012259,0.400233,0.025173,0.915986,-216.431763,92.255516,83.995834
323,2.691667,-0.012292,0.400220,0.025216,0.915990,-216.432663,92.254028,83.995049
324,2.700000,-0.012247,0.400280,0.025192,0.915965,-216.433899,92.255371,83.995277
325,2.708333,-0.012186,0.400249,0.025224,0.915978,-216.435028,92.254532,83.994797
326,2.716667,-0.012260,0.400319,0.025299,0.915944,-216.435623,92.255562,83.994553
327,2.725000,-0.012237,0.400273,0.025364,0.915963,-216.435974,92.255112,83.994850
328,2.733333,-0.012224,0.400354,0.025364,0.915928,-216.436890,92.255775,83.995453
329,2.741667,-0.012198,0.400326,0.025341,0.915941,-216.438156,92.254906,83.995514
330,2.750000,-0.012389,0.400304,0.025267,0.915950,-216.437347,92.254784,83.995827
331,2.758333,-0.012396,0.400269,0.025230,0.915967,-216.436340,92.255531,83.996513
332,2.766667,-0.012367,0.400255,0.025242,0.915973,-216.435822,92.256279,83.996513
333,2.775000,-0.012229,0.400281,0.025294,0.915962,-216.435074,92.257133,83.998047
334,2.783333,-0.012204,0.400360,0.025257,0.915929,-216.434311,92.255440,83.997826
335,2.791667,-0.012175,0.400337,0.025162,0.915942,-216.434021,92.255318,83.998337
336,2.800000,-0.012215,0.400275,0.025240,0.915966,-216.433426,92.255142,83.997879
337,2.808333,-0.012272,0.400296,0.025267,0.915955,-216.432999,92.254868,83.997711
338,2.816667,-0.012193,0.400252,0.025433,0.915971,-216.432358,92.254486,83.997208
339,2.825000,-0.012243,0.400245,0.025378,0.915975,-216.432602,92.255188,83.996849
340,2.833333,-0.012156,0.400270,0.025422,0.915964,-216.432526,92.255318,83.996513
341,2.841667,-0.012186,0.400229,0.025380,0.915982,-216.433716,92.254982,83.995399
342,2.850000,-0.012304,0.400306,0.025321,0.915949,-216.434296,92.254982,83.994003
343,2.858333,-0.012418,0.400248,0.025261,0.915974,-216.434662,92.254082,83.994720
344,2.866667,-0.012337,0.400246,0.025287,0.915976,-216.434937,92.254166,83.994423
345,2.875000,-0.012221,0.400269,0.025283,0.915967,-216.435654,92.255180,83.994743
346,2.883333,-0.012161,0.400250,0.025106,0.915981,-216.436035,92.256630,83.994598
347,2.891667,-0.012192,0.400314,0.025132,0.915952,-216.437317,92.256744,83.994614
348,2.900000,-0.012347,0.400304,0.025206,0.915953,-216.437531,92.256760,83.994835
349,2.908333,-0.012379,0.400329,0.025286,0.915939,-216.436249,92.256096,83.995934
350,2.916667,-0.012308,0.400255,0.025277,0.915972,-216.436264,92.255112,83.997505
351,2.925000,-0.012280,0.400309,0.025355,0.915947,-216.434937,92.254601,83.997498
352,2.933333,-0.012185,0.400354,0.025380,0.915928,-216.434662,92.253883,83.999039
353,2.941667,-0.012196,0.400347,0.025415,0.915930,-216.434189,92.253998,83.998985
354,2.950000,-0.012199,0.400320,0.025530,0.915939,-216.434357,92.253906,83.998962
355,2.958333,-0.012235,0.400349,0.025461,0.915927,-216.434052,92.254662,83.998901
356,2.966667,-0.012229,0.400346,0.025447,0.915929,-216.434219,92.254776,83.997284
357,2.975000,-0.012197,0.400235,0.025368,0.915980,-216.433929,92.254982,83.996277
358,2.983333,-0.012299,0.400255,0.025350,0.915970,-216.433929,92.255234,83.995476
359,2.991667,-0.012179,0.400269,0.025329,0.915967,-216.434357,92.255165,83.995285
360,3.000000,-0.012117,0.400290,0.025242,0.915961,-216.434341,92.256348,83.994637
361,3.008333,-0.012318,0.400285,0.025220,0.915961,-216.434662,92.256042,83.993301
362,3.016667,-0.012394,0.400270,0.025229,0.915966,-216.435699,92.256287,83.993958
363,3.025000,-0.012374,0.400245,0.025323,0.915975,-216.436218,92.255249,83.993919
364,3.033333,-0.012315,0.400316,0.025386,0.915943,-216.436600,92.253677,83.993820
365,3.041667,-0.012222,0.400298,0.025232,0.915956,-216.437225,92.254379,83.996078
366,3.050000,-0.012264,0.400300,0.025387,0.915950,-216.437714,92.254349,83.995750
367,3.058333,-0.012271,0.400339,0.025515,0.915930,-216.437180,92.254120,83.996101
368,3.066667,-0.012302,0.400315,0.025525,0.915939,-216.436935,92.254471,83.996956
369,3.075000,-0.012231,0.400303,0.025464,0.915947,-216.436127,92.253937,83.997902
370,3.083333,-0.012274,0.400297,0.025377,0.915952,-216.435333,92.254105,83.998535
371,3.091667,-0.012163,0.400268,0.025438,0.915964,-216.434616,92.252563,83.998322
372,3.100000,-0.012131,0.400253,0.025465,0.915971,-216.433548,92.252136,83.998856
373,3.108333,-0.012100,0.400261,0.025401,0.915969,-216.433258,92.253319,83.998123
374,3.116667,-0.012102,0.400256,0.025153,0.915978,-216.434021,92.255844,83.997879
375,3.125000,-0.012163,0.400252,0.025200,0.915978,-216.433899,92.256516,83.995483
376,3.133333,-0.012224,0.400284,0.025160,0.915964,-216.432861,92.255928,83.994934
377,3.141667,-0.012213,0.400295,0.025182,0.915959,-216.431641,92.256866,83.995262
378,3.150000,-0.012224,0.400217,0.025151,0.915994,-216.430923,92.256805,83.994789
379,3.158333,-0.012230,0.400229,0.025080,0.915990,-216.429764,92.255867,83.994431
380,3.166667,-0.012252,0.400210,0.025167,0.915996,-216.430801,92.256264,83.993233
381,3.175000,-0.012320,0.400236,0.025075,0.915986,-216.430756,92.257561,83.992355
382,3.183333,-0.012239,0.400268,0.025087,0.915973,-216.428116,92.256905,83.992477
383,3.191667,-0.012273,0.400189,0.024916,0.916012,-216.424744,92.256584,83.996384
384,3.200000,-0.012226,0.400246,0.024843,0.915990,-216.420242,92.256889,83.999481
385,3.208333,-0.012136,0.400200,0.024835,0.916011,-216.415741,92.257843,84.004807
386,3.216667,-0.012049,0.400220,0.024695,0.916007,-216.410858,92.259529,84.010841
387,3.225000,-0.011735,0.400238,0.024377,0.916012,-216.405960,92.262360,84.019684
388,3.233333,-0.011455,0.400246,0.024113,0.916019,-216.402054,92.263779,84.029587
389,3.241667,-0.011354,0.400358,0.023939,0.915976,-216.399170,92.263023,84.044914
390,3.250000,-0.011196,0.400420,0.023926,0.915951,-216.395264,92.260788,84.059761
391,3.258333,-0.010725,0.400452,0.023802,0.915946,-216.393967,92.258545,84.076996
392,3.266667,-0.009884,0.400515,0.023700,0.915930,-216.392136,92.255722,84.097328
393,3.275000,-0.008868,0.401756,0.026289,0.915326,-216.376541,92.234436,84.137192
394,3.283333,-0.008157,0.401430,0.025158,0.915508,-216.373520,92.244324,84.157341
395,3.291667,-0.007214,0.400630,0.023907,0.915899,-216.371887,92.257629,84.179909
396,3.300000,-0.005405,0.400224,0.022432,0.916127,-216.359497,92.256889,84.208977
397,3.308333,-0.003565,0.400502,0.022056,0.916023,-216.343430,92.251793,84.240158
398,3.316667,-0.002330,0.400538,0.021664,0.916021,-216.327744,92.251137,84.267754
399,3.325000,-0.001537,0.400292,0.021356,0.916137,-216.309662,92.253441,84.292564
400,3.333333,-0.000344,0.401320,0.024870,0.915600,-216.282654,92.226501,84.330406
401,3.341667,0.000170,0.401403,0.025380,0.915550,-216.269730,92.222862,84.344589
402,3.350000,0.000461,0.401226,0.025335,0.915629,-216.264755,92.220757,84.352936
403,3.358333,0.000809,0.400801,0.026004,0.915796,-216.272827,92.210617,84.363022
404,3.366667,0.000628,0.400765,0.023313,0.915884,-216.279129,92.233368,84.383713
405,3.375000,0.001050,0.400612,0.023315,0.915950,-216.278458,92.236275,84.393227
406,3.383333,0.001425,0.400631,0.023313,0.915942,-216.278488,92.237541,84.400642
407,3.391667,0.001518,0.400612,0.023356,0.915949,-216.278671,92.235519,84.405128
408,3.400000,0.001361,0.400571,0.023423,0.915965,-216.280441,92.236694,84.409698
409,3.408333,0.001547,0.400584,0.023206,0.915965,-216.280060,92.236572,84.413925
410,3.416667,0.001803,0.400573,0.023305,0.915967,-216.279572,92.235313,84.422615
411,3.425000,0.001815,0.400503,0.023444,0.915994,-216.278656,92.238358,84.435005
412,3.433333,0.001974,0.400349,0.023273,0.916065,-216.266113,92.243874,84.438698
413,3.441667,0.002129,0.400245,0.022400,0.916132,-216.256973,92.253860,84.442719
414,3.450000,0.002275,0.400179,0.021930,0.916172,-216.253159,92.260262,84.446144
415,3.458333,0.002335,0.400102,0.021745,0.916210,-216.257004,92.262665,84.448906
416,3.466667,0.002429,0.400161,0.022056,0.916176,-216.261047,92.260017,84.451973
417,3.475000,0.001897,0.399822,0.022838,0.916306,-216.268784,92.260986,84.454849
418,3.483333,0.001752,0.399940,0.023070,0.916249,-216.273712,92.258194,84.448586
419,3.491667,0.001774,0.400167,0.023109,0.916149,-216.278931,92.252930,84.434959
420,3.500000,0.001645,0.400130,0.022895,0.916171,-216.285782,92.249756,84.418968
421,3.508333,0.001320,0.400017,0.022799,0.916223,-216.293671,92.251190,84.402176
422,3.516667,0.001730,0.400729,0.025508,0.915840,-216.291290,92.229042,84.394753
423,3.525000,0.001702,0.400800,0.026140,0.915791,-216.297867,92.226257,84.387321
424,3.533333,0.001260,0.400523,0.026693,0.915897,-216.306717,92.227646,84.365311
425,3.541667,0.000894,0.400182,0.026758,0.916045,-216.316605,92.229675,84.355583
426,3.550000,0.000527,0.399841,0.025161,0.916239,-216.329651,92.253075,84.361427
427,3.558333,0.000446,0.399290,0.023728,0.916517,-216.332214,92.292366,84.376816
428,3.566667,0.000541,0.400241,0.026903,0.916015,-216.313263,92.320862,84.415359
429,3.575000,0.001305,0.399478,0.026879,0.916348,-216.311691,92.409508,84.429047
430,3.583333,0.001847,0.400011,0.028707,0.916059,-216.292862,92.458252,84.452126
431,3.591667,0.001034,0.399101,0.026659,0.916519,-216.299515,92.525108,84.445465
432,3.600000,0.000367,0.398340,0.025521,0.916883,-216.311218,92.575577,84.445610
433,3.608333,0.000747,0.398424,0.025028,0.916860,-216.314011,92.619362,84.464409
434,3.616667,0.001541,0.398565,0.024507,0.916811,-216.313004,92.669975,84.486778
435,3.625000,0.002521,0.398664,0.024264,0.916773,-216.310883,92.722496,84.498825
436,3.633333,0.002504,0.398747,0.023698,0.916752,-216.310257,92.779884,84.505447
437,3.641667,0.001485,0.398745,0.022708,0.916779,-216.309326,92.843941,84.510872
438,3.650000,0.000061,0.398789,0.022199,0.916774,-216.303513,92.902542,84.513611
439,3.658333,-0.000994,0.398759,0.022331,0.916783,-216.294357,92.952240,84.517006
440,3.666667,-0.001635,0.398754,0.022773,0.916774,-216.288666,92.997154,84.523300
441,3.675000,-0.002188,0.398854,0.023524,0.916710,-216.287537,93.042633,84.531883
442,3.683333,-0.003342,0.398871,0.024899,0.916663,-216.292236,93.101562,84.537659
443,3.691667,-0.003630,0.399183,0.024991,0.916524,-216.294403,93.168365,84.539833
444,3.700000,-0.003056,0.399494,0.024276,0.916409,-216.296265,93.235977,84.541283
445,3.708333,-0.002419,0.399822,0.023108,0.916298,-216.295547,93.308708,84.543755
446,3.716667,-0.001717,0.400069,0.022464,0.916208,-216.288879,93.370750,84.547195
447,3.725000,-0.001752,0.400265,0.022634,0.916118,-216.283493,93.425613,84.547417
448,3.733333,-0.002303,0.400345,0.023080,0.916071,-216.280701,93.474648,84.547333
449,3.741667,-0.002844,0.400391,0.023413,0.916041,-216.278259,93.520538,84.552803
450,3.750000,-0.002965,0.400277,0.023675,0.916084,-216.274811,93.564865,84.559105
451,3.758333,-0.003682,0.400325,0.024706,0.916033,-216.273239,93.619629,84.560364
452,3.766667,-0.004400,0.400199,0.024910,0.916079,-216.273071,93.672188,84.561859
453,3.775000,-0.004215,0.400192,0.024178,0.916103,-216.272568,93.720711,84.568398
454,3.783333,-0.003426,0.400848,0.025722,0.915777,-216.263931,93.746635,84.584824
455,3.791667,-0.003169,0.401154,0.025544,0.915649,-216.260742,93.791153,84.595848
456,3.800000,-0.003267,0.401286,0.025237,0.915599,-216.263412,93.841484,84.601501
457,3.808333,-0.003923,0.400929,0.023432,0.915801,-216.273209,93.911369,84.602081
458,3.816667,-0.004416,0.400279,0.022084,0.916116,-216.275375,93.977448,84.594002
459,3.825000,-0.005189,0.399878,0.021038,0.916312,-216.270828,94.041649,84.584633
460,3.833333,-0.005954,0.399568,0.020257,0.916461,-216.264816,94.106659,84.575615
461,3.841667,-0.007096,0.399759,0.020898,0.916355,-216.261261,94.167183,84.570862
462,3.850000,-0.007894,0.400093,0.021674,0.916184,-216.254349,94.218643,84.564911
463,3.858333,-0.008344,0.400265,0.022161,0.916094,-216.247391,94.265282,84.559219
464,3.866667,-0.008861,0.400464,0.021676,0.916013,-216.245224,94.314217,84.555397
465,3.875000,-0.009807,0.400689,0.020934,0.915922,-216.245010,94.363792,84.553505
466,3.883333,-0.010879,0.400777,0.019833,0.915896,-216.248352,94.421074,84.549919
467,3.891667,-0.011622,0.400916,0.019973,0.915823,-216.264633,94.467941,84.551399
468,3.900000,-0.012137,0.400924,0.019574,0.915822,-216.255493,94.520134,84.541634
469,3.908333,-0.011946,0.400834,0.019258,0.915870,-216.248749,94.573662,84.536560
470,3.916667,-0.011722,0.400682,0.019011,0.915945,-216.245605,94.624565,84.533615
471,3.925000,-0.012065,0.400868,0.020189,0.915834,-216.241592,94.674904,84.532341
472,3.933333,-0.012103,0.400851,0.020777,0.915828,-216.236252,94.718124,84.533005
473,3.941667,-0.012131,0.400930,0.020807,0.915792,-216.233856,94.755127,84.533508
474,3.950000,-0.012208,0.401057,0.020851,0.915734,-216.234680,94.789848,84.531555
475,3.958333,-0.012281,0.401832,0.022668,0.915350,-216.227905,94.805321,84.535538
476,3.966667,-0.012769,0.401923,0.022250,0.915314,-216.223816,94.839081,84.530655
477,3.975000,-0.013273,0.401653,0.022631,0.915416,-216.230057,94.872444,84.525810
478,3.983333,-0.013991,0.401766,0.022078,0.915370,-216.222519,94.913559,84.518272
479,3.991667,-0.015227,0.401464,0.019224,0.915547,-216.223495,94.973694,84.507538
480,4.000000,-0.016340,0.400988,0.017603,0.915768,-216.222076,95.021706,84.493851
481,4.008333,-0.017168,0.400935,0.016435,0.915798,-216.214783,95.068047,84.482941
482,4.016667,-0.017716,0.400949,0.015572,0.915797,-216.206284,95.110611,84.469490
483,4.025000,-0.018391,0.400786,0.014438,0.915873,-216.203720,95.151642,84.458725
484,4.033333,-0.019432,0.400570,0.013332,0.915963,-216.205048,95.194069,84.451607
485,4.041667,-0.020591,0.400683,0.014189,0.915875,-216.204285,95.230591,84.445000
486,4.050000,-0.020786,0.401018,0.015229,0.915708,-216.202026,95.254448,84.446190
487,4.058333,-0.020500,0.401142,0.015831,0.915650,-216.198395,95.272148,84.450012
488,4.066667,-0.020145,0.401220,0.016189,0.915617,-216.196030,95.285645,84.455330
489,4.075000,-0.019871,0.401269,0.016563,0.915595,-216.194031,95.299843,84.458664
490,4.083333,-0.019650,0.401344,0.016710,0.915564,-216.191071,95.314941,84.464188
491,4.091667,-0.019082,0.401372,0.018723,0.915525,-216.206604,95.321114,84.482452
492,4.100000,-0.018684,0.401544,0.018429,0.915464,-216.195465,95.345062,84.484192
493,4.108333,-0.018712,0.401830,0.017887,0.915348,-216.186783,95.377708,84.484657
494,4.116667,-0.018728,0.402030,0.017669,0.915265,-216.180710,95.408401,84.483368
495,4.125000,-0.018818,0.402146,0.017623,0.915213,-216.176605,95.439583,84.482719
496,4.133333,-0.018975,0.402227,0.017264,0.915181,-216.174774,95.471390,84.482040
497,4.141667,-0.019242,0.402291,0.016923,0.915153,-216.172501,95.500587,84.478966
498,4.150000,-0.019263,0.402284,0.016548,0.915163,-216.169662,95.526085,84.474594
499,4.158333,-0.019353,0.402178,0.016201,0.915213,-216.166168,95.546768,84.470245
500,4.166667,-0.019237,0.402119,0.015764,0.915249,-216.163818,95.563255,84.467110
501,4.175000,-0.019252,0.402128,0.015468,0.915250,-216.162231,95.580101,84.464653
502,4.183333,-0.018660,0.402032,0.015623,0.915302,-216.160660,95.602005,84.460831
503,4.191667,-0.018622,0.401958,0.015442,0.915338,-216.159698,95.627304,84.458992
504,4.200000,-0.018794,0.401997,0.015413,0.915318,-216.157532,95.649521,84.455658
505,4.208333,-0.019062,0.402128,0.015450,0.915254,-216.154266,95.669853,84.453979
506,4.216667,-0.019393,0.402225,0.015534,0.915204,-216.150833,95.693306,84.455109
507,4.225000,-0.019624,0.402473,0.015471,0.915091,-216.145493,95.716812,84.452972
508,4.233333,-0.019952,0.402641,0.015260,0.915013,-216.141205,95.737457,84.454117
509,4.241667,-0.020059,0.402734,0.015044,0.914974,-216.136139,95.753738,84.453560
510,4.250000,-0.021170,0.402782,0.016411,0.914904,-216.135880,95.779732,84.455963
511,4.258333,-0.021841,0.402798,0.016912,0.914872,-216.137222,95.800957,84.457909
512,4.266667,-0.022284,0.402654,0.017037,0.914923,-216.139984,95.817642,84.457779
513,4.275000,-0.022591,0.402615,0.017127,0.914930,-216.142319,95.831543,84.459152
514,4.283333,-0.022583,0.402543,0.017121,0.914963,-216.143341,95.845451,84.460800
515,4.291667,-0.022587,0.402527,0.017332,0.914965,-216.142532,95.858025,84.460304
516,4.300000,-0.022731,0.402346,0.017364,0.915041,-216.140930,95.871010,84.460190
517,4.308333,-0.022691,0.402789,0.017095,0.914852,-216.132187,95.880905,84.454987
518,4.316667,-0.022665,0.403263,0.016821,0.914649,-216.120667,95.897614,84.452698
519,4.325000,-0.022751,0.403564,0.016701,0.914516,-216.105560,95.927452,84.446167
520,4.333333,-0.023145,0.403497,0.016397,0.914541,-216.082886,95.976776,84.433403
521,4.341667,-0.023208,0.403969,0.017137,0.914318,-216.049881,96.027611,84.425850
522,4.350000,-0.023641,0.404520,0.017055,0.914064,-216.019730,96.097252,84.416916
523,4.358333,-0.024309,0.404961,0.017124,0.913850,-215.997559,96.167747,84.407135
524,4.366667,-0.025218,0.405311,0.016801,0.913677,-215.980560,96.235161,84.394547
525,4.375000,-0.026977,0.405322,0.015352,0.913647,-215.976379,96.315033,84.376961
526,4.383333,-0.028072,0.405003,0.013464,0.913785,-215.973846,96.378601,84.359146
527,4.391667,-0.028946,0.404511,0.011837,0.913998,-215.976639,96.428123,84.343597
528,4.400000,-0.030318,0.404128,0.010477,0.914140,-215.986328,96.477631,84.330536
529,4.408333,-0.030868,0.404253,0.010533,0.914066,-215.991638,96.508705,84.326347
530,4.416667,-0.031083,0.404376,0.011018,0.913998,-215.994232,96.532913,84.326347
531,4.425000,-0.031056,0.404548,0.011452,0.913918,-215.990921,96.552177,84.323166
532,4.433333,-0.030969,0.404722,0.011529,0.913842,-215.986847,96.571625,84.320473
533,4.441667,-0.031081,0.404727,0.011663,0.913835,-215.987610,96.588043,84.315353
534,4.450000,-0.031285,0.404746,0.011771,0.913818,-215.993118,96.603256,84.308205
535,4.458333,-0.031297,0.404630,0.011845,0.913868,-215.999054,96.615150,84.304993
536,4.466667,-0.031491,0.404617,0.011924,0.913866,-216.005234,96.625610,84.300140
537,4.475000,-0.031602,0.404642,0.011949,0.913851,-216.008545,96.632225,84.297516
538,4.483333,-0.031753,0.404650,0.011999,0.913841,-216.008453,96.637192,84.295403
539,4.491667,-0.031862,0.404732,0.012005,0.913801,-216.006882,96.641068,84.292290
540,4.500000,-0.031807,0.404734,0.011978,0.913803,-216.004471,96.642250,84.291611
541,4.508333,-0.031779,0.404720,0.011967,0.913810,-216.002487,96.641335,84.292259
542,4.516667,-0.031853,0.404680,0.011852,0.913827,-216.001175,96.637581,84.295921
543,4.525000,-0.031864,0.404617,0.011834,0.913854,-215.998032,96.634033,84.297676
544,4.533333,-0.031795,0.404703,0.011795,0.913819,-215.995193,96.632988,84.299606
545,4.541667,-0.031566,0.404645,0.011923,0.913851,-215.992813,96.634712,84.303436
546,4.550000,-0.031534,0.404702,0.012004,0.913826,-215.990906,96.638580,84.305016
547,4.558333,-0.031709,0.404685,0.012088,0.913826,-215.989944,96.639946,84.305153
548,4.566667,-0.031865,0.404702,0.011976,0.913815,-215.991501,96.637741,84.304611
549,4.575000,-0.031802,0.404653,0.011822,0.913841,-215.992813,96.636421,84.306198
550,4.583333,-0.031577,0.404652,0.011748,0.913850,-215.994812,96.634880,84.306351
551,4.591667,-0.031374,0.404686,0.011882,0.913840,-215.996796,96.635178,84.304398
552,4.600000,-0.031454,0.404729,0.011862,0.913818,-215.999344,96.635681,84.302490
553,4.608333,-0.031581,0.404764,0.011911,0.913798,-216.001984,96.636330,84.299828
554,4.616667,-0.031526,0.404754,0.011998,0.913803,-216.004654,96.636147,84.298302
555,4.625000,-0.031664,0.404758,0.012256,0.913793,-216.006287,96.635651,84.296509
556,4.633333,-0.031702,0.404758,0.012277,0.913792,-216.007416,96.634796,84.295341
557,4.641667,-0.031593,0.404720,0.012241,0.913813,-216.007751,96.633217,84.296509
558,4.650000,-0.031505,0.404678,0.012161,0.913835,-216.006134,96.633446,84.296455
559,4.658333,-0.031506,0.404667,0.012064,0.913842,-216.003632,96.635033,84.296730
560,4.666667,-0.031623,0.404732,0.011995,0.913810,-216.001556,96.635368,84.297195
561,4.675000,-0.031645,0.404739,0.011863,0.913808,-215.998108,96.635811,84.298096
562,4.683333,-0.031619,0.404696,0.011822,0.913828,-215.994858,96.635757,84.300354
563,4.691667,-0.031682,0.404682,0.011774,0.913833,-215.992432,96.636429,84.302719
564,4.700000,-0.031558,0.404651,0.011627,0.913852,-215.990158,96.636368,84.304413
565,4.708333,-0.031477,0.404676,0.011627,0.913844,-215.988586,96.635223,84.305748
566,4.716667,-0.031549,0.404693,0.011629,0.913834,-215.988968,96.635719,84.305992
567,4.725000,-0.031752,0.404691,0.011875,0.913825,-215.991287,96.636093,84.305176
568,4.733333,-0.031698,0.404718,0.011855,0.913815,-215.994644,96.637558,84.305290
569,4.741667,-0.031510,0.404696,0.011872,0.913831,-215.997025,96.636993,84.304474
570,4.750000,-0.031585,0.404686,0.012033,0.913831,-215.999863,96.636086,84.303024
571,4.758333,-0.031604,0.404702,0.011868,0.913825,-216.002625,96.634270,84.301620
572,4.766667,-0.031638,0.404662,0.011951,0.913841,-216.004318,96.633682,84.298401
573,4.775000,-0.031539,0.404682,0.011844,0.913837,-216.005798,96.635216,84.296646
574,4.783333,-0.031444,0.404753,0.011789,0.913809,-216.005920,96.635559,84.295074
575,4.791667,-0.031363,0.404726,0.011766,0.913824,-216.005798,96.634720,84.295074
576,4.800000,-0.031376,0.404753,0.011792,0.913812,-216.002945,96.632927,84.296013
577,4.808333,-0.031458,0.404788,0.011812,0.913793,-216.000031,96.632019,84.295731
578,4.816667,-0.031467,0.404750,0.011648,0.913812,-215.998032,96.633064,84.295982
579,4.825000,-0.031517,0.404790,0.011580,0.913793,-215.995499,96.633888,84.297066
580,4.833333,-0.031588,0.404754,0.011561,0.913807,-215.993317,96.634521,84.297928
581,4.841667,-0.031573,0.404761,0.011648,0.913803,-215.991928,96.636307,84.300270
582,4.850000,-0.031564,0.404728,0.011478,0.913820,-215.989548,96.635155,84.302155
583,4.858333,-0.031526,0.404752,0.011519,0.913810,-215.989349,96.634445,84.303955
584,4.866667,-0.031429,0.404768,0.011629,0.913805,-215.990479,96.633736,84.305504
585,4.875000,-0.031415,0.404774,0.011714,0.913802,-215.992279,96.633980,84.305397
586,4.883333,-0.031355,0.404809,0.011598,0.913790,-215.994354,96.632011,84.303650
587,4.891667,-0.031360,0.404845,0.011600,0.913774,-215.996628,96.631027,84.302406
588,4.900000,-0.031533,0.404831,0.011603,0.913774,-215.999771,96.631950,84.300163
589,4.908333,-0.031376,0.404824,0.011593,0.913783,-216.001419,96.632065,84.298935
590,4.916667,-0.031331,0.404788,0.011640,0.913799,-216.003799,96.631592,84.297852
591,4.925000,-0.031216,0.404778,0.011562,0.913809,-216.005234,96.631104,84.297012
592,4.933333,-0.031212,0.404815,0.011660,0.913791,-216.004761,96.631905,84.295616
593,4.941667,-0.031225,0.404884,0.011739,0.913759,-216.004517,96.631744,84.294464
594,4.950000,-0.031363,0.404913,0.011676,0.913743,-216.003342,96.632317,84.294304
595,4.958333,-0.031500,0.404851,0.011681,0.913765,-216.001053,96.633087,84.294472
596,4.966667,-0.031462,0.404853,0.011566,0.913767,-215.998413,96.632828,84.295448
597,4.975000,-0.031315,0.404835,0.011595,0.913780,-215.995499,96.631775,84.296928
598,4.983333,-0.031166,0.404832,0.011607,0.913786,-215.992996,96.631760,84.299728
599,4.991667,-0.031184,0.404839,0.011558,0.913783,-215.990524,96.632057,84.301781
600,5.000000,-0.031221,0.404858,0.011495,0.913774,-215.988403,96.632233,84.302834
601,5.008333,-0.031230,0.404808,0.011447,0.913797,-215.988617,96.632729,84.303345
602,5.016667,-0.031345,0.404830,0.011377,0.913784,-215.989395,96.633186,84.304062
603,5.025000,-0.031377,0.404798,0.011466,0.913796,-215.990952,96.632446,84.303902
604,5.033333,-0.031337,0.404741,0.011455,0.913822,-215.993530,96.632507,84.303925
605,5.041667,-0.031201,0.404769,0.011418,0.913815,-215.995880,96.633301,84.303024
606,5.050000,-0.031222,0.404869,0.011270,0.913772,-215.998489,96.632118,84.300323
607,5.058333,-0.031232,0.404837,0.011270,0.913786,-216.001343,96.631996,84.297806
608,5.066667,-0.031313,0.404872,0.011291,0.913767,-216.003372,96.631073,84.295639
609,5.075000,-0.031348,0.404919,0.011474,0.913743,-216.004364,96.630562,84.295242
610,5.083333,-0.031364,0.404892,0.011543,0.913754,-216.004272,96.630737,84.294357
611,5.091667,-0.031238,0.404872,0.011521,0.913767,-216.003677,96.629456,84.294250
612,5.100000,-0.031188,0.404883,0.011560,0.913763,-216.002914,96.629089,84.294830
613,5.108333,-0.031244,0.404848,0.011492,0.913778,-216.000031,96.629318,84.293556
614,5.116667,-0.031168,0.404849,0.011547,0.913779,-215.997238,96.631035,84.295547
615,5.125000,-0.031200,0.404819,0.011415,0.913793,-215.994644,96.631714,84.296867
616,5.133333,-0.031141,0.404901,0.011375,0.913759,-215.991623,96.631996,84.298546
617,5.141667,-0.031113,0.404881,0.011417,0.913769,-215.989334,96.632034,84.300583
618,5.150000,-0.031195,0.404824,0.011299,0.913793,-215.988068,96.631393,84.301506
619,5.158333,-0.031256,0.404848,0.011183,0.913781,-215.987137,96.631882,84.302948
620,5.166667,-0.031286,0.404820,0.011127,0.913794,-215.987518,96.634560,84.304581
621,5.175000,-0.031411,0.404840,0.011180,0.913780,-215.989395,96.638206,84.305832
622,5.183333,-0.031447,0.404796,0.011166,0.913798,-215.991501,96.642662,84.306213
623,5.191667,-0.031568,0.404721,0.010909,0.913830,-215.994644,96.649414,84.307472
624,5.200000,-0.031811,0.404728,0.010937,0.913818,-215.997360,96.656334,84.306610
625,5.208333,-0.032030,0.404753,0.010788,0.913801,-215.999527,96.663635,84.307190
626,5.216667,-0.032268,0.404749,0.010623,0.913796,-216.000748,96.671036,84.307999
627,5.225000,-0.032630,0.404680,0.010430,0.913817,-216.001434,96.677811,84.312126
628,5.233333,-0.032772,0.404720,0.010321,0.913795,-215.998810,96.683937,84.321472
629,5.241667,-0.032995,0.404754,0.010179,0.913773,-215.994522,96.693001,84.330139
630,5.250000,-0.033220,0.404686,0.009745,0.913800,-215.988922,96.703926,84.342354
631,5.258333,-0.033516,0.404687,0.009339,0.913793,-215.981964,96.716675,84.357384
632,5.266667,-0.033944,0.404665,0.009018,0.913791,-215.973755,96.727814,84.369621
633,5.275000,-0.034346,0.404470,0.008605,0.913866,-215.966873,96.738396,84.383904
634,5.283333,-0.034534,0.404301,0.008153,0.913937,-215.957779,96.748627,84.398972
635,5.291667,-0.034702,0.404912,0.010082,0.913641,-215.944260,96.739906,84.429787
636,5.300000,-0.035072,0.404620,0.010389,0.913753,-215.938919,96.741333,84.453270
637,5.308333,-0.035382,0.403837,0.008526,0.914107,-215.942200,96.756516,84.468285
638,5.316667,-0.035479,0.403702,0.007315,0.914173,-215.935684,96.763893,84.486427
639,5.325000,-0.034925,0.403938,0.007165,0.914091,-215.920776,96.753525,84.507980
640,5.333333,-0.034129,0.404464,0.007721,0.913884,-215.902420,96.734192,84.542938
641,5.341667,-0.033526,0.406215,0.011371,0.913092,-215.873093,96.687141,84.596458
642,5.350000,-0.033545,0.406594,0.012432,0.912908,-215.846985,96.656151,84.641388
643,5.358333,-0.033967,0.405754,0.011302,0.913281,-215.827103,96.647736,84.676308
644,5.366667,-0.033461,0.405705,0.011622,0.913317,-215.793564,96.622925,84.714760
645,5.375000,-0.033394,0.405729,0.011374,0.913312,-215.753586,96.604874,84.758408
646,5.383333,-0.033038,0.407681,0.014634,0.912409,-215.699799,96.540520,84.830978
647,5.391667,-0.031070,0.408005,0.014326,0.912338,-215.646942,96.477272,84.899590
648,5.400000,-0.030139,0.407833,0.012846,0.912469,-215.613174,96.424652,84.950150
649,5.408333,-0.029876,0.408369,0.012182,0.912246,-215.580490,96.363457,85.003296
650,5.416667,-0.029674,0.408665,0.012507,0.912116,-215.538544,96.299004,85.064117
651,5.425000,-0.029284,0.408528,0.013417,0.912177,-215.493423,96.244415,85.131950
652,5.433333,-0.026978,0.408983,0.014155,0.912033,-215.441208,96.171707,85.209694
653,5.441667,-0.025025,0.409613,0.014164,0.911806,-215.392120,96.091011,85.285065
654,5.450000,-0.024244,0.409902,0.013570,0.911706,-215.350098,96.019485,85.349861
655,5.458333,-0.024633,0.410336,0.012981,0.911509,-215.317368,95.970078,85.407005
656,5.466667,-0.024277,0.410920,0.014131,0.911239,-215.272995,95.918091,85.479858
657,5.475000,-0.023087,0.411105,0.014259,0.911184,-215.227631,95.867134,85.551003
658,5.483333,-0.022274,0.412001,0.013801,0.910807,-215.188095,95.823059,85.617805
659,5.491667,-0.019190,0.414162,0.016302,0.909855,-215.132004,95.735619,85.718246
660,5.500000,-0.019631,0.414546,0.015986,0.909676,-215.094803,95.696518,85.779312
661,5.508333,-0.019551,0.414987,0.016363,0.909470,-215.058273,95.670250,85.841713
662,5.516667,-0.018682,0.415860,0.017504,0.909068,-215.023163,95.651039,85.907181
663,5.525000,-0.017809,0.416348,0.018657,0.908839,-214.983124,95.633476,85.974983
664,5.533333,-0.018098,0.416160,0.019255,0.908907,-214.941238,95.623528,86.038620
665,5.541667,-0.019124,0.416487,0.019623,0.908729,-214.900299,95.622009,86.106140
666,5.550000,-0.020093,0.417092,0.020473,0.908412,-214.862305,95.633476,86.172279
667,5.558333,-0.020705,0.417347,0.020526,0.908279,-214.818390,95.649696,86.238121
668,5.566667,-0.021589,0.417333,0.020126,0.908274,-214.761017,95.665443,86.311310
669,5.575000,-0.021969,0.417894,0.019689,0.908017,-214.720459,95.676529,86.384926
670,5.583333,-0.022803,0.418547,0.018800,0.907714,-214.669891,95.697205,86.437134
671,5.591667,-0.023827,0.419099,0.017907,0.907451,-214.613037,95.722290,86.494118
672,5.600000,-0.024860,0.419800,0.016442,0.907127,-214.545746,95.743378,86.554802
673,5.608333,-0.026386,0.420602,0.015640,0.906727,-214.479828,95.775116,86.608147
674,5.616667,-0.027831,0.421340,0.015471,0.906344,-214.419525,95.818352,86.666763
675,5.625000,-0.029222,0.422024,0.016143,0.905970,-214.366791,95.866974,86.732002
676,5.633333,-0.030533,0.422420,0.016594,0.905734,-214.308685,95.924805,86.801247
677,5.641667,-0.031657,0.422829,0.016805,0.905501,-214.260132,95.987694,86.866386
678,5.650000,-0.032404,0.423555,0.016454,0.905141,-214.210587,96.044762,86.917145
679,5.658333,-0.033647,0.424480,0.016046,0.904670,-214.159973,96.096832,86.962982
680,5.666667,-0.035187,0.425022,0.015037,0.904374,-214.110703,96.142998,87.011848
681,5.675000,-0.036385,0.425170,0.013619,0.904279,-214.062164,96.186142,87.067078
682,5.683333,-0.038239,0.425588,0.012524,0.904022,-214.012863,96.225418,87.125412
683,5.691667,-0.040267,0.426319,0.011319,0.903606,-213.959885,96.261879,87.173286
684,5.700000,-0.041661,0.427124,0.010459,0.903172,-213.908936,96.294304,87.220093
685,5.708333,-0.042715,0.427612,0.009775,0.902900,-213.860870,96.323570,87.272484
686,5.716667,-0.043491,0.427874,0.009398,0.902742,-213.809937,96.352859,87.327766
687,5.725000,-0.044573,0.428201,0.008830,0.902540,-213.754135,96.386185,87.379196
688,5.733333,-0.045621,0.428645,0.007985,0.902285,-213.699310,96.419373,87.420181
689,5.741667,-0.045958,0.429026,0.007045,0.902095,-213.642975,96.450211,87.462532
690,5.750000,-0.046084,0.429403,0.006114,0.901916,-213.585663,96.478340,87.511452
691,5.758333,-0.046826,0.430017,0.005852,0.901587,-213.521759,96.496040,87.559090
692,5.766667,-0.047111,0.431266,0.008040,0.900958,-213.454651,96.486404,87.617012
693,5.775000,-0.046532,0.433128,0.012087,0.900050,-213.385178,96.456573,87.684860
694,5.783333,-0.045455,0.434113,0.012282,0.899627,-213.325073,96.436783,87.738708
695,5.791667,-0.044823,0.434878,0.011763,0.899296,-213.272827,96.424126,87.780373
696,5.800000,-0.044632,0.434999,0.011359,0.899252,-213.214874,96.416245,87.819649
697,5.808333,-0.045513,0.435822,0.011900,0.898803,-213.152618,96.403870,87.863983
698,5.816667,-0.046067,0.436708,0.011894,0.898345,-213.094620,96.386520,87.902565
699,5.825000,-0.046379,0.437560,0.011406,0.897920,-213.038940,96.370155,87.941071
700,5.833333,-0.046184,0.438155,0.011727,0.897636,-212.973816,96.352531,87.992294
701,5.841667,-0.046262,0.438712,0.012258,0.897352,-212.915375,96.336914,88.035797
702,5.850000,-0.046525,0.439121,0.012457,0.897136,-212.860825,96.325508,88.069870
703,5.858333,-0.046461,0.439604,0.012936,0.896896,-212.805893,96.305298,88.108482
704,5.866667,-0.046351,0.439804,0.013974,0.896788,-212.743729,96.273651,88.158585
705,5.875000,-0.045309,0.439599,0.013254,0.896953,-212.680939,96.231003,88.206390
706,5.883333,-0.044229,0.440069,0.012962,0.896780,-212.628906,96.195480,88.240959
707,5.891667,-0.043411,0.441389,0.012776,0.896174,-212.576157,96.151947,88.286057
708,5.900000,-0.043532,0.442371,0.012152,0.895692,-212.516708,96.115479,88.327362
709,5.908333,-0.043931,0.442854,0.011988,0.895437,-212.457275,96.088821,88.367676
710,5.916667,-0.043878,0.443801,0.013272,0.894952,-212.394623,96.066460,88.409988
711,5.925000,-0.043879,0.444414,0.014223,0.894633,-212.330887,96.045097,88.444176
712,5.933333,-0.043954,0.444258,0.014622,0.894701,-212.265152,96.030075,88.475014
713,5.941667,-0.043771,0.444704,0.015797,0.894468,-212.194244,96.007057,88.518593
714,5.950000,-0.043456,0.445622,0.016738,0.894009,-212.133240,95.986702,88.560402
715,5.958333,-0.042485,0.445741,0.014969,0.894028,-212.077377,95.961990,88.597954
716,5.966667,-0.041926,0.446451,0.014506,0.893708,-212.025314,95.938522,88.628029
717,5.975000,-0.040940,0.447254,0.014282,0.893355,-211.959427,95.910194,88.669136
718,5.983333,-0.041499,0.447937,0.013854,0.892994,-211.902237,95.884216,88.709946
719,5.991667,-0.042158,0.448381,0.013984,0.892738,-211.845993,95.864487,88.749313
720,6.000000,-0.042516,0.448943,0.014749,0.892426,-211.784485,95.848640,88.792419
721,6.008333,-0.042966,0.449313,0.015477,0.892206,-211.717300,95.840553,88.833084
722,6.016667,-0.042993,0.449908,0.015760,0.891900,-211.651352,95.834854,88.867172
723,6.025000,-0.042681,0.450965,0.016490,0.891368,-211.584305,95.817169,88.906021
724,6.033333,-0.042583,0.451507,0.016917,0.891090,-211.510086,95.790947,88.952469
725,6.041667,-0.042161,0.451444,0.015575,0.891167,-211.445160,95.776329,88.988441
726,6.050000,-0.041353,0.452365,0.014704,0.890753,-211.380554,95.753510,89.015457
727,6.058333,-0.040731,0.454073,0.014674,0.889912,-211.315872,95.728378,89.050797
728,6.066667,-0.040272,0.454943,0.014049,0.889499,-211.255402,95.713196,89.079651
729,6.075000,-0.039937,0.455253,0.014177,0.889353,-211.192184,95.700531,89.110535
730,6.083333,-0.040721,0.456021,0.014890,0.888912,-211.126205,95.686325,89.153236
731,6.091667,-0.042109,0.456705,0.015342,0.888489,-211.060791,95.668556,89.189682
732,6.100000,-0.042669,0.457234,0.015112,0.888194,-210.992935,95.652824,89.221992
733,6.108333,-0.042303,0.458048,0.015631,0.887783,-210.924011,95.632454,89.259743
734,6.116667,-0.041696,0.458838,0.016268,0.887392,-210.853455,95.613678,89.299812
735,6.125000,-0.042247,0.459025,0.016125,0.887272,-210.786316,95.605469,89.329742
736,6.133333,-0.042546,0.459444,0.016547,0.887033,-210.722855,95.594498,89.360863
737,6.141667,-0.041147,0.460099,0.016164,0.886766,-210.646729,95.568741,89.407852
738,6.150000,-0.040467,0.460778,0.014971,0.886466,-210.578339,95.551514,89.441017
739,6.158333,-0.040257,0.461309,0.014676,0.886204,-210.509583,95.535294,89.468903
740,6.166667,-0.040337,0.461886,0.015195,0.885891,-210.439880,95.524200,89.497559
741,6.175000,-0.040060,0.462549,0.015358,0.885555,-210.365387,95.514320,89.527283
742,6.183333,-0.040925,0.463335,0.014811,0.885114,-210.294373,95.500999,89.565491
743,6.191667,-0.041577,0.464333,0.015745,0.884544,-210.221024,95.480820,89.607849
744,6.200000,-0.041980,0.464895,0.016954,0.884207,-210.146957,95.462952,89.647552
745,6.208333,-0.042355,0.465179,0.017306,0.884034,-210.080750,95.455017,89.676483
746,6.216667,-0.042267,0.465775,0.017829,0.883713,-210.012741,95.445969,89.707092
747,6.225000,-0.042143,0.466551,0.018471,0.883297,-209.936829,95.429543,89.745750
748,6.233333,-0.042117,0.467125,0.018394,0.882996,-209.870575,95.422951,89.779144
749,6.241667,-0.041565,0.467622,0.017302,0.882781,-209.802887,95.406555,89.810547
750,6.250000,-0.040747,0.468698,0.016979,0.882255,-209.732010,95.383125,89.831589
751,6.258333,-0.040196,0.469607,0.016237,0.881811,-209.662766,95.364090,89.855446
752,6.266667,-0.040095,0.469901,0.015470,0.881672,-209.587738,95.347229,89.887985
753,6.275000,-0.039641,0.470594,0.016721,0.881300,-209.516769,95.328369,89.921585
754,6.283333,-0.040563,0.471828,0.017353,0.880586,-209.450195,95.304016,89.954597
755,6.291667,-0.041257,0.472680,0.016787,0.880108,-209.387497,95.285095,89.976524
756,6.300000,-0.041364,0.473145,0.016684,0.879855,-209.315414,95.268723,90.007492
757,6.308333,-0.041443,0.473788,0.017174,0.879495,-209.238602,95.254120,90.046066
758,6.316667,-0.041512,0.474455,0.017312,0.879130,-209.163879,95.250496,90.080170
759,6.325000,-0.042296,0.475103,0.017765,0.878733,-209.088989,95.244293,90.109222
760,6.333333,-0.042502,0.475656,0.018075,0.878418,-209.009415,95.230194,90.141602
761,6.341667,-0.041895,0.475877,0.017806,0.878333,-208.929230,95.210251,90.174370
762,6.350000,-0.041123,0.476351,0.017173,0.878125,-208.856384,95.194748,90.199402
763,6.358333,-0.040413,0.477253,0.017672,0.877658,-208.791214,95.173546,90.228203
764,6.366667,-0.039843,0.477938,0.018010,0.877305,-208.719589,95.151482,90.253990
765,6.375000,-0.039512,0.478330,0.017577,0.877114,-208.644348,95.145317,90.279434
766,6.383333,-0.040564,0.479226,0.017149,0.876586,-208.573822,95.133568,90.312080
767,6.391667,-0.041352,0.480248,0.017718,0.875978,-208.499603,95.120743,90.349487
768,6.400000,-0.042253,0.480897,0.017890,0.875575,-208.430435,95.111588,90.374626
769,6.408333,-0.042981,0.481623,0.017968,0.875140,-208.354309,95.099869,90.391800
770,6.416667,-0.042819,0.482156,0.019009,0.874832,-208.276993,95.077835,90.417130
771,6.425000,-0.042571,0.482827,0.019293,0.874467,-208.203201,95.055847,90.445335
772,6.433333,-0.042544,0.483515,0.018959,0.874096,-208.129791,95.042641,90.473595
773,6.441667,-0.041407,0.484339,0.018239,0.873710,-208.044647,95.021339,90.503433
774,6.450000,-0.041292,0.485242,0.017639,0.873226,-207.965424,95.010284,90.526733
775,6.458333,-0.041557,0.485860,0.016673,0.872889,-207.890076,95.002831,90.548035
776,6.466667,-0.042223,0.486459,0.016394,0.872529,-207.815384,94.988785,90.577690
777,6.475000,-0.042019,0.487174,0.017356,0.872121,-207.739944,94.961060,90.611588
778,6.483333,-0.041787,0.487786,0.017992,0.871777,-207.673691,94.941071,90.635109
779,6.491667,-0.041737,0.488123,0.017982,0.871591,-207.606201,94.932411,90.657166
780,6.500000,-0.041487,0.488732,0.018839,0.871243,-207.527466,94.916344,90.684616
781,6.508333,-0.041448,0.489397,0.019395,0.870860,-207.447220,94.907173,90.717537
782,6.516667,-0.042355,0.489934,0.019470,0.870512,-207.380371,94.904572,90.742264
783,6.525000,-0.043041,0.490504,0.019576,0.870156,-207.312042,94.899483,90.764664
784,6.533333,-0.043543,0.491158,0.019862,0.869755,-207.236023,94.886017,90.792923
785,6.541667,-0.043291,0.491592,0.019236,0.869536,-207.156235,94.864052,90.817902
786,6.550000,-0.042702,0.492093,0.018584,0.869296,-207.084473,94.846794,90.836372
787,6.558333,-0.041701,0.493318,0.018718,0.868647,-207.008835,94.827393,90.857315
788,6.566667,-0.041228,0.494706,0.018635,0.867882,-206.928391,94.813477,90.881439
789,6.575000,-0.040785,0.495246,0.017963,0.867609,-206.848785,94.813438,90.898788
790,6.583333,-0.041563,0.495506,0.017818,0.867427,-206.765961,94.805901,90.919083
791,6.591667,-0.042170,0.496357,0.018713,0.866892,-206.690735,94.792595,90.946991
792,6.600000,-0.042295,0.497222,0.019155,0.866380,-206.628799,94.776688,90.976219
793,6.608333,-0.042374,0.497721,0.019486,0.866082,-206.571915,94.764603,90.997078
794,6.616667,-0.042099,0.498267,0.020641,0.865755,-206.499863,94.744286,91.019989
795,6.625000,-0.041890,0.498979,0.021180,0.865342,-206.408905,94.731972,91.047028
796,6.633333,-0.041831,0.499429,0.021503,0.865077,-206.318405,94.725044,91.065269
797,6.641667,-0.042242,0.500113,0.021950,0.864650,-206.236404,94.719025,91.086456
798,6.650000,-0.042384,0.500898,0.022846,0.864166,-206.160919,94.704521,91.114166
799,6.658333,-0.041858,0.501281,0.022605,0.863976,-206.090836,94.687279,91.138557
800,6.666667,-0.041226,0.501821,0.021712,0.863716,-206.017441,94.674316,91.153511
801,6.675000,-0.040934,0.502907,0.020736,0.863122,-205.932922,94.661728,91.167236
802,6.683333,-0.040254,0.504128,0.020519,0.862446,-205.846115,94.648376,91.181854
803,6.691667,-0.041263,0.505086,0.020290,0.861843,-205.760880,94.632408,91.197037
804,6.700000,-0.041986,0.505432,0.019865,0.861616,-205.689667,94.623238,91.213165
805,6.708333,-0.041768,0.505768,0.020448,0.861415,-205.611588,94.609138,91.241745
806,6.716667,-0.041221,0.506548,0.021218,0.860965,-205.535431,94.592171,91.266663
807,6.725000,-0.041043,0.507411,0.020929,0.860472,-205.457489,94.581184,91.280746
808,6.733333,-0.041283,0.508166,0.020838,0.860017,-205.375763,94.572655,91.291389
809,6.741667,-0.042309,0.509114,0.021593,0.859387,-205.291321,94.558807,91.310295
810,6.750000,-0.043035,0.509394,0.022358,0.859166,-205.206039,94.548492,91.337128
811,6.758333,-0.043530,0.509492,0.023008,0.859066,-205.126312,94.541229,91.356308
812,6.766667,-0.042993,0.510187,0.023746,0.858660,-205.045410,94.525978,91.376968
813,6.775000,-0.041897,0.511291,0.022198,0.858099,-204.960938,94.509125,91.393509
814,6.783333,-0.041756,0.512170,0.021176,0.857607,-204.878418,94.490311,91.402985
815,6.791667,-0.042688,0.512738,0.020534,0.857237,-204.793213,94.466820,91.420860
816,6.800000,-0.043703,0.513366,0.020748,0.856805,-204.703049,94.450752,91.449181
817,6.808333,-0.043848,0.514118,0.021478,0.856329,-204.626038,94.439407,91.468468
818,6.816667,-0.043639,0.514673,0.021274,0.856011,-204.553192,94.430695,91.480850
819,6.825000,-0.043109,0.515291,0.021468,0.855661,-204.471619,94.420624,91.504189
820,6.833333,-0.042295,0.516263,0.021800,0.855107,-204.383057,94.412308,91.531464
821,6.841667,-0.042176,0.516876,0.021617,0.854748,-204.299667,94.411430,91.552399
822,6.850000,-0.042123,0.517316,0.022108,0.854472,-204.219315,94.413528,91.563583
823,6.858333,-0.042236,0.517999,0.023332,0.854019,-204.140884,94.402672,91.579788
824,6.866667,-0.042243,0.518489,0.023947,0.853704,-204.059784,94.390511,91.600761
825,6.875000,-0.041728,0.519160,0.023926,0.853323,-203.976318,94.385170,91.614967
826,6.883333,-0.040314,0.520182,0.022718,0.852801,-203.890472,94.370964,91.625175
827,6.891667,-0.039954,0.521383,0.022402,0.852093,-203.808640,94.356613,91.634560
828,6.900000,-0.040162,0.522471,0.022727,0.851407,-203.731033,94.339775,91.647003
829,6.908333,-0.039464,0.522635,0.022162,0.851354,-203.651840,94.325645,91.655922
830,6.916667,-0.038029,0.522947,0.022738,0.851213,-203.562668,94.306847,91.673309
831,6.925000,-0.039367,0.523587,0.022944,0.850753,-203.474609,94.279839,91.693329
832,6.933333,-0.040174,0.524296,0.022551,0.850289,-203.391907,94.267845,91.696190
833,6.941667,-0.041612,0.525113,0.022262,0.849723,-203.319717,94.259773,91.701637
834,6.950000,-0.042670,0.525891,0.022768,0.849176,-203.251678,94.246849,91.707863
835,6.958333,-0.042763,0.526840,0.023479,0.848564,-203.178665,94.231705,91.709793
836,6.966667,-0.042090,0.527645,0.023845,0.848086,-203.101349,94.229385,91.707733
837,6.975000,-0.041989,0.527860,0.023343,0.847971,-203.022385,94.229034,91.698837
838,6.983333,-0.041874,0.528128,0.022900,0.847823,-202.952225,94.231209,91.692795
839,6.991667,-0.041821,0.528638,0.022985,0.847505,-202.889389,94.231865,91.693138
840,7.000000,-0.041906,0.529243,0.023817,0.847100,-202.829697,94.228409,91.693901
841,7.008333,-0.041769,0.530066,0.024571,0.846571,-202.771118,94.222710,91.690773
842,7.016667,-0.041718,0.530911,0.024502,0.846045,-202.713470,94.217590,91.681297
843,7.025000,-0.041637,0.531694,0.024347,0.845562,-202.655914,94.215645,91.666962
844,7.033333,-0.041530,0.532182,0.024024,0.845270,-202.601974,94.213654,91.654900
845,7.041667,-0.041536,0.532347,0.023846,0.845170,-202.547333,94.206772,91.647079
846,7.050000,-0.041318,0.532589,0.024145,0.845020,-202.488846,94.197495,91.643234
847,7.058333,-0.039943,0.532898,0.023494,0.844909,-202.429825,94.177383,91.639534
848,7.066667,-0.041364,0.533638,0.023672,0.844369,-202.371857,94.146240,91.636131
849,7.075000,-0.041518,0.534215,0.023801,0.843993,-202.317474,94.121918,91.630951
850,7.083333,-0.041240,0.534656,0.023420,0.843738,-202.263428,94.099480,91.625786
851,7.091667,-0.041407,0.535013,0.022974,0.843516,-202.213882,94.084999,91.618141
852,7.100000,-0.041177,0.535140,0.022995,0.843446,-202.168350,94.069359,91.605438
853,7.108333,-0.040827,0.535305,0.022989,0.843358,-202.118469,94.040588,91.591888
854,7.116667,-0.039718,0.535980,0.023340,0.842973,-202.070099,94.011292,91.579613
855,7.125000,-0.039223,0.536650,0.023782,0.842557,-202.022812,93.980949,91.566910
856,7.133333,-0.039015,0.537336,0.024329,0.842114,-201.974365,93.947479,91.555328
857,7.141667,-0.038939,0.538083,0.025140,0.841617,-201.930496,93.916634,91.545746
858,7.150000,-0.038864,0.538558,0.025426,0.841308,-201.888733,93.886513,91.540535
859,7.158333,-0.038314,0.538816,0.025232,0.841174,-201.849716,93.858322,91.526077
860,7.166667,-0.037502,0.539036,0.025393,0.841064,-201.809189,93.828735,91.506210
861,7.175000,-0.036822,0.539369,0.025732,0.840870,-201.766281,93.801773,91.488327
862,7.183333,-0.036435,0.539778,0.026064,0.840614,-201.722794,93.776085,91.476204
863,7.191667,-0.035418,0.539938,0.025635,0.840568,-201.675247,93.738052,91.471031
864,7.200000,-0.034086,0.540332,0.025364,0.840379,-201.634430,93.698189,91.470215
865,7.208333,-0.034978,0.540881,0.025213,0.839993,-201.590271,93.646278,91.473076
866,7.216667,-0.034455,0.541506,0.025248,0.839611,-201.545029,93.594963,91.466530
867,7.225000,-0.033833,0.542018,0.025795,0.839289,-201.499222,93.546211,91.455582
868,7.233333,-0.033624,0.542352,0.025857,0.839080,-201.453812,93.503822,91.449394
869,7.241667,-0.033809,0.542937,0.026450,0.838676,-201.408035,93.459244,91.447067
870,7.250000,-0.032991,0.543299,0.027091,0.838453,-201.360657,93.414322,91.449341
871,7.258333,-0.031932,0.543621,0.027051,0.838287,-201.306793,93.365303,91.449287
872,7.266667,-0.030571,0.543948,0.026047,0.838157,-201.253967,93.320587,91.447411
873,7.275000,-0.029653,0.544306,0.025935,0.837961,-201.203629,93.282822,91.442680
874,7.283333,-0.029159,0.544349,0.026052,0.837947,-201.152512,93.249390,91.437027
875,7.291667,-0.028587,0.544593,0.026153,0.837805,-201.104874,93.225708,91.433975
876,7.300000,-0.027532,0.545255,0.026382,0.837402,-201.055557,93.206718,91.436470
877,7.308333,-0.026731,0.546067,0.026397,0.836899,-201.004608,93.197052,91.440712
878,7.316667,-0.026094,0.546525,0.026304,0.836623,-200.957443,93.189842,91.441055
879,7.325000,-0.025627,0.546798,0.026675,0.836447,-200.910660,93.184975,91.439316
880,7.333333,-0.025579,0.546845,0.026941,0.836409,-200.862244,93.185150,91.439865
881,7.341667,-0.027418,0.547197,0.027047,0.836117,-200.811630,93.177055,91.446777
882,7.350000,-0.028204,0.547884,0.026978,0.835643,-200.757431,93.174057,91.451904
883,7.358333,-0.028440,0.548565,0.026810,0.835194,-200.703430,93.180939,91.454498
884,7.366667,-0.028610,0.549077,0.026977,0.834846,-200.649521,93.187424,91.462303
885,7.375000,-0.028735,0.549544,0.026929,0.834536,-200.598145,93.195053,91.467323
886,7.383333,-0.029180,0.549918,0.026936,0.834274,-200.548386,93.213150,91.471169
887,7.391667,-0.029662,0.550176,0.026508,0.834100,-200.500443,93.238297,91.471848
888,7.400000,-0.030283,0.550459,0.026144,0.833903,-200.452850,93.262611,91.471222
889,7.408333,-0.030983,0.550895,0.025863,0.833598,-200.403381,93.284515,91.472725
890,7.416667,-0.031229,0.551589,0.025923,0.833128,-200.350311,93.295357,91.475983
891,7.425000,-0.030768,0.552263,0.026006,0.832696,-200.292206,93.299492,91.479614
892,7.433333,-0.030779,0.552764,0.026164,0.832358,-200.237701,93.302773,91.481445
893,7.441667,-0.030986,0.553049,0.026348,0.832155,-200.186966,93.308762,91.482201
894,7.450000,-0.031487,0.553158,0.026433,0.832061,-200.136475,93.320770,91.482063
895,7.458333,-0.032133,0.553338,0.026365,0.831919,-200.084503,93.330368,91.480698
896,7.466667,-0.032219,0.553605,0.026537,0.831733,-200.033264,93.337646,91.480827
897,7.475000,-0.032229,0.553921,0.026794,0.831514,-199.982864,93.338425,91.481934
898,7.483333,-0.031796,0.554417,0.027218,0.831186,-199.932266,93.330833,91.484467
899,7.491667,-0.031576,0.555283,0.027781,0.830597,-199.883133,93.319374,91.481499
900,7.500000,-0.031755,0.556082,0.027890,0.830052,-199.833130,93.306801,91.478622
901,7.508333,-0.031875,0.556687,0.027531,0.829654,-199.782120,93.294395,91.475090
902,7.516667,-0.031933,0.557003,0.027004,0.829457,-199.735779,93.289925,91.471848
903,7.525000,-0.032111,0.557197,0.026717,0.829329,-199.690430,93.291786,91.472397
904,7.533333,-0.032204,0.557255,0.026734,0.829286,-199.641418,93.292671,91.471085
905,7.541667,-0.032336,0.557509,0.027182,0.829096,-199.591019,93.294037,91.466034
906,7.550000,-0.031848,0.557811,0.027499,0.828901,-199.540573,93.288368,91.463623
907,7.558333,-0.031254,0.558241,0.027791,0.828624,-199.492325,93.278076,91.463432
908,7.566667,-0.030305,0.558561,0.027612,0.828449,-199.444778,93.265244,91.466454
909,7.575000,-0.029614,0.559010,0.027871,0.828163,-199.399872,93.251167,91.465134
910,7.583333,-0.029388,0.559238,0.027742,0.828022,-199.358231,93.237190,91.459129
911,7.591667,-0.029284,0.559388,0.027116,0.827945,-199.316711,93.218491,91.451775
912,7.600000,-0.030295,0.559887,0.026552,0.827589,-199.276978,93.197372,91.447159
913,7.608333,-0.030634,0.560489,0.026164,0.827181,-199.238953,93.185127,91.438354
914,7.616667,-0.030712,0.560961,0.025934,0.826866,-199.199295,93.176514,91.426102
915,7.625000,-0.030733,0.561457,0.025804,0.826532,-199.153061,93.167503,91.412064
916,7.633333,-0.030640,0.562074,0.025869,0.826115,-199.104767,93.159897,91.400620
917,7.641667,-0.030712,0.562405,0.026106,0.825879,-199.060516,93.147369,91.393158
918,7.650000,-0.030774,0.562703,0.026450,0.825662,-199.022705,93.131233,91.387268
919,7.658333,-0.030771,0.563166,0.026567,0.825343,-198.990082,93.114113,91.385582
920,7.666667,-0.030494,0.563664,0.026636,0.825011,-198.961578,93.103508,91.382835
921,7.675000,-0.030385,0.563976,0.026543,0.824805,-198.936981,93.098175,91.373535
922,7.683333,-0.030383,0.564131,0.026561,0.824699,-198.912292,93.093376,91.360283
923,7.691667,-0.030297,0.564355,0.026445,0.824552,-198.889389,93.093307,91.349152
924,7.700000,-0.030360,0.564489,0.026458,0.824457,-198.867996,93.088829,91.341805
925,7.708333,-0.030319,0.564641,0.026441,0.824356,-198.851334,93.084816,91.336967
926,7.716667,-0.030261,0.564763,0.026458,0.824274,-198.838776,93.082603,91.332954
927,7.725000,-0.030419,0.564829,0.026560,0.824219,-198.829819,93.079384,91.329552
928,7.733333,-0.030381,0.564808,0.026462,0.824238,-198.823486,93.073502,91.330856
929,7.741667,-0.030319,0.564771,0.026513,0.824265,-198.818558,93.062485,91.336502
930,7.750000,-0.030039,0.564738,0.026751,0.824290,-198.814255,93.044968,91.345566
931,7.758333,-0.029585,0.564625,0.027202,0.824369,-198.805862,93.019760,91.358345
932,7.766667,-0.028954,0.564732,0.027869,0.824296,-198.791458,92.988846,91.369324
933,7.775000,-0.028202,0.564790,0.028369,0.824264,-198.770096,92.957764,91.375145
934,7.783333,-0.027607,0.564925,0.028534,0.824186,-198.745560,92.940842,91.374084
935,7.791667,-0.027508,0.565019,0.028616,0.824122,-198.716873,92.930046,91.359657
936,7.800000,-0.027670,0.565502,0.028661,0.823785,-198.683182,92.924873,91.342842
937,7.808333,-0.027519,0.566087,0.028668,0.823387,-198.638687,92.912643,91.326775
938,7.816667,-0.026310,0.566544,0.027790,0.823142,-198.582581,92.881592,91.308189
939,7.825000,-0.025073,0.567311,0.027302,0.822669,-198.519547,92.838737,91.279945
940,7.833333,-0.025937,0.567967,0.026686,0.822209,-198.453232,92.775711,91.257561
941,7.841667,-0.025828,0.568395,0.027064,0.821905,-198.382721,92.706955,91.235847
942,7.850000,-0.025078,0.568857,0.028178,0.821571,-198.303757,92.638870,91.210991
943,7.858333,-0.023787,0.569943,0.029358,0.820815,-198.216171,92.580620,91.180359
944,7.866667,-0.023648,0.570883,0.029306,0.820167,-198.138245,92.543800,91.148750
945,7.875000,-0.023836,0.571371,0.029108,0.819829,-198.052841,92.520493,91.107597
946,7.883333,-0.023509,0.572032,0.029029,0.819380,-197.964127,92.505737,91.059341
947,7.891667,-0.023159,0.573095,0.029774,0.818621,-197.875351,92.498405,91.017746
948,7.900000,-0.023277,0.574022,0.030390,0.817945,-197.775772,92.487938,90.977982
949,7.908333,-0.022707,0.575172,0.029329,0.817191,-197.669296,92.482803,90.932838
950,7.916667,-0.022856,0.576025,0.028887,0.816602,-197.573196,92.486641,90.890083
951,7.925000,-0.022706,0.577019,0.029898,0.815867,-197.487915,92.489128,90.846581
952,7.933333,-0.022964,0.577745,0.029929,0.815345,-197.402557,92.496315,90.800041
953,7.941667,-0.023290,0.578385,0.029493,0.814898,-197.319977,92.513229,90.757423
954,7.950000,-0.023275,0.579137,0.028656,0.814394,-197.249023,92.519081,90.723701
955,7.958333,-0.024123,0.580037,0.028657,0.813728,-197.174057,92.512566,90.688225
956,7.966667,-0.024330,0.580802,0.028773,0.813172,-197.106857,92.505470,90.656197
957,7.975000,-0.023723,0.581245,0.028407,0.812886,-197.044724,92.494888,90.639809
958,7.983333,-0.022820,0.581834,0.029195,0.812463,-196.997360,92.500587,90.624107
959,7.991667,-0.022263,0.581979,0.029021,0.812381,-196.951492,92.501205,90.605766
960,8.000000,-0.022191,0.582301,0.029001,0.812153,-196.912643,92.504990,90.585274
961,8.008333,-0.021928,0.582589,0.029106,0.811949,-196.879898,92.508713,90.566940
962,8.016667,-0.021717,0.582960,0.029022,0.811692,-196.852081,92.511574,90.552940
963,8.025000,-0.021633,0.583417,0.028694,0.811378,-196.828766,92.511932,90.540985
964,8.033333,-0.021534,0.583790,0.028343,0.811124,-196.808182,92.511353,90.531227
965,8.041667,-0.021284,0.584045,0.027703,0.810969,-196.794098,92.505104,90.524284
966,8.050000,-0.020951,0.583989,0.026931,0.811044,-196.793732,92.497841,90.525208
967,8.058333,-0.020760,0.583807,0.026498,0.811194,-196.803955,92.494370,90.527824
968,8.066667,-0.020871,0.583439,0.026581,0.811453,-196.823151,92.494324,90.530769
969,8.075000,-0.021195,0.583183,0.026801,0.811622,-196.844528,92.498085,90.533051
970,8.083333,-0.021417,0.582795,0.026643,0.811900,-196.863480,92.500511,90.536690
971,8.091667,-0.021947,0.582446,0.026764,0.812132,-196.882538,92.505043,90.542603
972,8.100000,-0.022156,0.582138,0.026559,0.812354,-196.897919,92.503609,90.547668
973,8.108333,-0.022351,0.581960,0.026112,0.812491,-196.911926,92.501152,90.549286
974,8.116667,-0.022721,0.581719,0.025743,0.812665,-196.926163,92.495735,90.548668
975,8.125000,-0.023131,0.581488,0.025102,0.812839,-196.942078,92.481644,90.541641
976,8.133333,-0.023803,0.581095,0.024035,0.813132,-196.958084,92.442772,90.529282
977,8.141667,-0.025211,0.580899,0.023844,0.813236,-196.975388,92.373993,90.508804
978,8.150000,-0.028977,0.581032,0.023719,0.813019,-196.994186,92.270126,90.491150
979,8.158333,-0.029499,0.581026,0.022451,0.813040,-196.994324,92.260857,90.485291
980,8.166667,-0.027318,0.581494,0.021670,0.812803,-196.960464,92.277092,90.485741
981,8.175000,-0.025299,0.581330,0.021511,0.812990,-196.918137,92.287460,90.485672
982,8.183333,-0.023492,0.581385,0.022016,0.812991,-196.873688,92.283882,90.491005
983,8.191667,-0.021953,0.581270,0.021939,0.813119,-196.827942,92.276199,90.504654
984,8.200000,-0.022535,0.580830,0.020845,0.813446,-196.789154,92.266182,90.522156
985,8.208333,-0.021933,0.580799,0.020138,0.813502,-196.754700,92.259583,90.549004
986,8.216667,-0.020976,0.580419,0.020212,0.813797,-196.733688,92.261642,90.583923
987,8.225000,-0.019870,0.579682,0.020819,0.814335,-196.718094,92.260162,90.626526
988,8.233333,-0.017523,0.579055,0.021145,0.814826,-196.704788,92.250809,90.687042
989,8.241667,-0.014945,0.578206,0.021237,0.815477,-196.688339,92.247856,90.756561
990,8.250000,-0.012896,0.577899,0.021190,0.815731,-196.661835,92.243103,90.829308
991,8.258333,-0.010940,0.577515,0.020682,0.816045,-196.628876,92.233910,90.906784
992,8.266667,-0.008632,0.577582,0.020775,0.816023,-196.585922,92.220520,90.991234
993,8.275000,-0.005926,0.577775,0.021433,0.815893,-196.529572,92.211075,91.086105
994,8.283333,-0.002815,0.577677,0.021668,0.815973,-196.482452,92.218712,91.170227
995,8.291667,-0.000133,0.578170,0.022544,0.815605,-196.436798,92.226875,91.249763
996,8.300000,0.002259,0.578840,0.023743,0.815092,-196.400803,92.230675,91.332077
997,8.308333,0.003868,0.579108,0.024811,0.814864,-196.388138,92.237946,91.398216
998,8.316667,0.005231,0.579112,0.025595,0.814830,-196.379776,92.241676,91.455025
999,8.325000,0.005997,0.579415,0.026067,0.814594,-196.372467,92.242081,91.499535
1000,8.333333,0.007109,0.580274,0.026538,0.813958,-196.361298,92.238319,91.538582
1001,8.341667,0.007598,0.581320,0.026634,0.813203,-196.348404,92.237946,91.565643
1002,8.350000,0.007992,0.582006,0.026007,0.812729,-196.333618,92.236176,91.575989
1003,8.358333,0.007957,0.582833,0.026083,0.812134,-196.320587,92.242180,91.569534
1004,8.366667,0.008251,0.583124,0.024736,0.811964,-196.304733,92.237816,91.551903
1005,8.375000,0.007355,0.583608,0.025086,0.811615,-196.308487,92.244499,91.526352
1006,8.383333,0.006427,0.584166,0.025142,0.811219,-196.326935,92.243027,91.497765
1007,8.391667,0.005468,0.584857,0.024598,0.810745,-196.357269,92.236694,91.462036
1008,8.400000,0.004193,0.585577,0.024040,0.810249,-196.392120,92.233917,91.416702
1009,8.408333,0.002731,0.586319,0.023540,0.809734,-196.425827,92.230087,91.360840
1010,8.416667,0.000747,0.586697,0.022982,0.809480,-196.452026,92.225372,91.296242
1011,8.425000,-0.001751,0.586937,0.022414,0.809320,-196.479645,92.220512,91.212234
1012,8.433333,-0.004875,0.587645,0.021319,0.808823,-196.511108,92.221291,91.117210
1013,8.441667,-0.007463,0.588530,0.020408,0.808184,-196.538620,92.224434,91.021957
1014,8.450000,-0.010026,0.589207,0.019608,0.807682,-196.564392,92.227730,90.936287
1015,8.458333,-0.012688,0.589670,0.018984,0.807321,-196.592545,92.241005,90.856865
1016,8.466667,-0.014078,0.589850,0.018648,0.807175,-196.615524,92.249542,90.798347
1017,8.475000,-0.015472,0.590237,0.019207,0.806853,-196.643188,92.257454,90.754601
1018,8.483333,-0.016598,0.590629,0.019508,0.806537,-196.669357,92.256348,90.727287
1019,8.491667,-0.017242,0.590961,0.019871,0.806271,-196.695602,92.250923,90.713699
1020,8.500000,-0.017826,0.591202,0.020493,0.806066,-196.721069,92.249260,90.705124
1021,8.508333,-0.018047,0.591180,0.021022,0.806064,-196.741898,92.248177,90.708633
1022,8.516667,-0.018098,0.591089,0.021916,0.806105,-196.755722,92.250320,90.719658
1023,8.525000,-0.017872,0.591030,0.022190,0.806146,-196.755920,92.251549,90.736214
1024,8.533333,-0.015474,0.591165,0.022195,0.806097,-196.747238,92.260406,90.759102
1025,8.541667,-0.013820,0.590775,0.021988,0.806418,-196.723145,92.264763,90.782234
1026,8.550000,-0.012108,0.590602,0.021770,0.806578,-196.688873,92.265961,90.813240
1027,8.558333,-0.010933,0.590982,0.020033,0.806362,-196.629669,92.268814,90.856895
1028,8.566667,-0.011020,0.591019,0.020337,0.806326,-196.586533,92.243454,90.915413
1029,8.575000,-0.008893,0.590820,0.019982,0.806507,-196.545227,92.226151,90.983849
1030,8.583333,-0.006768,0.591235,0.019895,0.806225,-196.493881,92.227051,91.067146
1031,8.591667,-0.002813,0.590962,0.020817,0.806425,-196.462555,92.216705,91.156883
1032,8.600000,-0.000559,0.590770,0.021339,0.806558,-196.447891,92.220757,91.241920
1033,8.608333,0.001168,0.590963,0.022472,0.806385,-196.440369,92.226807,91.314224
1034,8.616667,0.002632,0.591153,0.023907,0.806201,-196.429443,92.224831,91.379189
1035,8.625000,0.003693,0.591312,0.024784,0.806054,-196.416992,92.225471,91.430923
1036,8.633333,0.004827,0.591536,0.025444,0.805863,-196.404694,92.227364,91.470467
1037,8.641667,0.005704,0.591660,0.025655,0.805759,-196.394699,92.232094,91.495758
1038,8.650000,0.006194,0.591689,0.025476,0.805740,-196.383881,92.234985,91.507278
1039,8.658333,0.006306,0.591789,0.025267,0.805672,-196.371490,92.236237,91.507828
1040,8.666667,0.006462,0.591959,0.024963,0.805555,-196.357803,92.234718,91.494217
1041,8.675000,0.006121,0.592091,0.024577,0.805473,-196.346115,92.230797,91.470581
1042,8.683333,0.004949,0.592300,0.024165,0.805340,-196.340973,92.227951,91.435844
1043,8.691667,0.004061,0.592362,0.023256,0.805326,-196.349960,92.230354,91.395462
1044,8.700000,0.001892,0.592472,0.021614,0.805299,-196.374603,92.242661,91.341034
1045,8.708333,0.000503,0.592165,0.021428,0.805532,-196.426849,92.237564,91.290771
1046,8.716667,-0.001376,0.592135,0.021749,0.805544,-196.480804,92.230087,91.231537
1047,8.725000,-0.004492,0.592834,0.022429,0.805000,-196.538422,92.223541,91.157410
1048,8.733333,-0.007081,0.593475,0.022233,0.804514,-196.584351,92.228287,91.078514
1049,8.741667,-0.009096,0.593818,0.022223,0.804241,-196.617722,92.228600,91.001366
1050,8.750000,-0.011471,0.594447,0.022409,0.803741,-196.640106,92.235809,90.937653
1051,8.758333,-0.013805,0.594749,0.022396,0.803481,-196.654968,92.247841,90.871590
1052,8.766667,-0.015028,0.594909,0.021752,0.803358,-196.664139,92.253082,90.819031
1053,8.775000,-0.014125,0.595256,0.021325,0.803129,-196.673706,92.263237,90.782265
1054,8.783333,-0.013817,0.595283,0.020893,0.803125,-196.680405,92.271599,90.757645
1055,8.791667,-0.014168,0.595316,0.020900,0.803095,-196.686676,92.271629,90.744362
1056,8.800000,-0.014582,0.595308,0.021060,0.803089,-196.695099,92.270012,90.743080
1057,8.808333,-0.014501,0.595274,0.021285,0.803110,-196.704620,92.269310,90.755135
1058,8.816667,-0.014106,0.594991,0.021631,0.803317,-196.707779,92.266464,90.774605
1059,8.825000,-0.013333,0.594749,0.022257,0.803492,-196.703278,92.267303,90.800514
1060,8.833333,-0.015602,0.594776,0.021928,0.803441,-196.669327,92.265434,90.831535
1061,8.841667,-0.014266,0.594381,0.021431,0.803772,-196.640640,92.247894,90.874886
1062,8.850000,-0.011218,0.594215,0.021830,0.803932,-196.609314,92.234573,90.931915
1063,8.858333,-0.008621,0.593763,0.021471,0.804308,-196.576675,92.228493,90.993263
1064,8.866667,-0.007100,0.594467,0.021420,0.803803,-196.526733,92.231491,91.067856
1065,8.875000,-0.004213,0.594436,0.021991,0.803831,-196.488892,92.220711,91.149185
1066,8.883333,-0.001819,0.594143,0.021800,0.804062,-196.457458,92.223198,91.218018
1067,8.891667,0.000389,0.594009,0.022125,0.804154,-196.435059,92.228554,91.280197
1068,8.900000,0.001699,0.594088,0.023476,0.804056,-196.421814,92.229622,91.334068
1069,8.908333,0.002344,0.594121,0.024454,0.804000,-196.414108,92.228592,91.376709
1070,8.916667,0.004065,0.594573,0.026844,0.803583,-196.394669,92.211304,91.414551
1071,8.925000,0.004002,0.594295,0.025156,0.803843,-196.391098,92.228867,91.429527
1072,8.933333,0.004281,0.594362,0.024934,0.803799,-196.382660,92.230400,91.436577
1073,8.941667,0.004385,0.594533,0.024930,0.803673,-196.372955,92.229027,91.430054
1074,8.950000,0.004151,0.594557,0.024742,0.803662,-196.365936,92.227539,91.413986
1075,8.958333,0.003685,0.594274,0.024845,0.803870,-196.377777,92.223000,91.377426
1076,8.966667,0.002255,0.594778,0.024679,0.803508,-196.392776,92.225441,91.342171
1077,8.975000,0.001273,0.594892,0.023384,0.803464,-196.421799,92.228966,91.313011
1078,8.983333,0.000593,0.595292,0.024811,0.803126,-196.439880,92.208572,91.262749
1079,8.991667,-0.002344,0.595193,0.022246,0.803272,-196.467468,92.221710,91.192154
1080,9.000000,-0.004784,0.595176,0.021628,0.803290,-196.488495,92.220375,91.115585
1081,9.008333,-0.006844,0.595130,0.020722,0.803333,-196.510727,92.224770,91.036987
1082,9.016667,-0.008861,0.595006,0.019954,0.803425,-196.534485,92.234917,90.959549
1083,9.025000,-0.010783,0.595140,0.019825,0.803305,-196.555023,92.240196,90.902748
1084,9.033333,-0.012614,0.595066,0.019921,0.803331,-196.573563,92.241356,90.864845
1085,9.041667,-0.011679,0.595236,0.020063,0.803215,-196.598755,92.256409,90.840012
1086,9.050000,-0.013761,0.595064,0.020698,0.803294,-196.617523,92.258369,90.822258
1087,9.058333,-0.015005,0.594840,0.021122,0.803427,-196.638184,92.255905,90.818138
1088,9.066667,-0.015217,0.594580,0.021287,0.803611,-196.657272,92.254318,90.824142
1089,9.075000,-0.015833,0.594569,0.021454,0.803603,-196.668243,92.264740,90.842239
1090,9.083333,-0.014790,0.593887,0.022357,0.804102,-196.683762,92.255379,90.875221
1091,9.091667,-0.013150,0.593129,0.022589,0.804683,-196.685486,92.243759,90.915016
1092,9.100000,-0.011323,0.592791,0.023180,0.804943,-196.670898,92.234001,90.960625
1093,9.108333,-0.009408,0.592044,0.023494,0.805508,-196.645981,92.227745,91.004410
1094,9.116667,-0.007884,0.591185,0.022736,0.806177,-196.612091,92.227844,91.061371
1095,9.125000,-0.005956,0.590536,0.022191,0.806684,-196.568558,92.226166,91.119171
1096,9.133333,-0.003718,0.589902,0.021634,0.807177,-196.517502,92.222801,91.172600
1097,9.141667,-0.001535,0.589455,0.021297,0.807519,-196.465759,92.228577,91.220200
1098,9.150000,-0.000050,0.589010,0.021465,0.807840,-196.432251,92.237770,91.259369
1099,9.158333,0.001164,0.588771,0.021910,0.808002,-196.414917,92.240234,91.295662
1100,9.166667,0.001798,0.588723,0.022510,0.808019,-196.414703,92.238495,91.325935
1101,9.175000,0.001824,0.588728,0.023138,0.807998,-196.429428,92.236069,91.347412
1102,9.183333,0.001703,0.588653,0.023746,0.808035,-196.448349,92.236069,91.359917
1103,9.191667,0.001526,0.588563,0.024149,0.808089,-196.467239,92.236145,91.361313
1104,9.200000,0.000971,0.588562,0.024339,0.808085,-196.482880,92.233887,91.353371
1105,9.208333,0.000511,0.588689,0.024479,0.807989,-196.497665,92.232765,91.334572
1106,9.216667,-0.000398,0.588844,0.024586,0.807872,-196.510757,92.231331,91.300682
1107,9.225000,-0.001970,0.588928,0.024172,0.807822,-196.522552,92.228195,91.250473
1108,9.233333,-0.003663,0.589032,0.023177,0.807769,-196.538025,92.224541,91.189743
1109,9.241667,-0.005888,0.589093,0.021894,0.807747,-196.554428,92.224976,91.118225
1110,9.250000,-0.007825,0.589174,0.020718,0.807702,-196.563309,92.229874,91.048782
1111,9.258333,-0.009173,0.589504,0.020222,0.807460,-196.564941,92.230919,90.984955
1112,9.266667,-0.010421,0.589726,0.019399,0.807303,-196.564224,92.232368,90.933220
1113,9.275000,-0.011559,0.589778,0.018654,0.807267,-196.564117,92.237480,90.891022
1114,9.283333,-0.012082,0.589933,0.018354,0.807153,-196.562973,92.240364,90.863083
1115,9.291667,-0.011844,0.590279,0.018589,0.806898,-196.557205,92.238274,90.860222
1116,9.300000,-0.011744,0.590301,0.018586,0.806884,-196.555450,92.238159,90.860771
1117,9.308333,-0.011532,0.590242,0.018614,0.806930,-196.554413,92.234352,90.872734
1118,9.316667,-0.011008,0.590070,0.018757,0.807059,-196.553284,92.230049,90.902267
1119,9.325000,-0.009843,0.589947,0.019320,0.807151,-196.550720,92.224304,90.944298
1120,9.333333,-0.008521,0.589638,0.019996,0.807375,-196.550903,92.222755,90.993973
1121,9.341667,-0.007206,0.588712,0.020507,0.808051,-196.548660,92.222626,91.063622
1122,9.350000,-0.005342,0.588503,0.021650,0.808188,-196.540543,92.216499,91.132675
1123,9.358333,-0.003303,0.588298,0.022659,0.808320,-196.523392,92.213257,91.199532
1124,9.366667,-0.001711,0.588233,0.023627,0.808344,-196.506912,92.215202,91.257660
1125,9.375000,-0.000166,0.588030,0.024210,0.808476,-196.492661,92.217903,91.304382
1126,9.383333,0.000876,0.587803,0.024379,0.808636,-196.479279,92.221046,91.336708
1127,9.391667,0.001610,0.587624,0.024296,0.808768,-196.467285,92.224899,91.355766
1128,9.400000,0.001999,0.587507,0.024098,0.808858,-196.453033,92.225433,91.364487
1129,9.408333,0.002024,0.587438,0.023682,0.808920,-196.437653,92.226295,91.360985
1130,9.416667,0.001786,0.587345,0.022804,0.809013,-196.420364,92.226616,91.342888
1131,9.425000,0.001459,0.587278,0.022009,0.809085,-196.412506,92.230209,91.318321
1132,9.433333,0.000643,0.587131,0.021568,0.809204,-196.416641,92.231644,91.289238
1133,9.441667,-0.000593,0.587232,0.022056,0.809118,-196.441666,92.225746,91.249832
1134,9.450000,-0.002450,0.587199,0.022279,0.809132,-196.477127,92.218460,91.203781
1135,9.458333,-0.004698,0.587363,0.021952,0.809012,-196.517120,92.219284,91.147369
1136,9.466667,-0.006753,0.587644,0.021496,0.808806,-196.551773,92.222183,91.088272
1137,9.475000,-0.008569,0.588001,0.021199,0.808537,-196.572830,92.222122,91.032921
1138,9.483333,-0.009947,0.588435,0.021070,0.808209,-196.588394,92.224663,90.982826
1139,9.491667,-0.011513,0.588475,0.020414,0.808176,-196.605042,92.229996,90.939972
1140,9.500000,-0.012538,0.588433,0.019938,0.808203,-196.620239,92.234268,90.913528
1141,9.508333,-0.013213,0.588465,0.020733,0.808149,-196.637268,92.242371,90.903328
1142,9.516667,-0.013563,0.588247,0.020901,0.808297,-196.649323,92.243469,90.906136
1143,9.525000,-0.013142,0.588028,0.021138,0.808457,-196.653732,92.241455,90.915085
1144,9.533333,-0.012404,0.587721,0.020957,0.808697,-196.644211,92.234703,90.930847
1145,9.541667,-0.011364,0.587497,0.020786,0.808880,-196.625961,92.228752,90.953667
1146,9.550000,-0.009907,0.587558,0.020918,0.808851,-196.598404,92.223190,90.988991
1147,9.558333,-0.008196,0.587428,0.020822,0.808967,-196.572418,92.222145,91.038986
1148,9.566667,-0.006567,0.587281,0.020859,0.809088,-196.543854,92.220345,91.088593
1149,9.575000,-0.004440,0.587160,0.021313,0.809178,-196.502686,92.214874,91.141792
1150,9.583333,-0.002180,0.586901,0.021307,0.809375,-196.462280,92.216530,91.189430
1151,9.591667,-0.000972,0.587037,0.021760,0.809267,-196.436142,92.221817,91.232925
1152,9.600000,-0.000120,0.587061,0.021777,0.809249,-196.427231,92.227364,91.269089
1153,9.608333,0.000402,0.587185,0.022228,0.809148,-196.436417,92.227760,91.296410
1154,9.616667,0.000830,0.587410,0.023043,0.808961,-196.448654,92.225143,91.315590
1155,9.625000,0.000823,0.587575,0.023600,0.808825,-196.460861,92.222153,91.321060
1156,9.633333,0.000372,0.587717,0.023737,0.808718,-196.469543,92.220558,91.312950
1157,9.641667,-0.000326,0.587884,0.023559,0.808602,-196.476227,92.220116,91.292274
1158,9.650000,-0.001268,0.588024,0.023211,0.808509,-196.481842,92.219421,91.261742
1159,9.658333,-0.002379,0.587951,0.022632,0.808576,-196.488647,92.218468,91.218811
1160,9.666667,-0.003761,0.588068,0.021805,0.808509,-196.497070,92.218689,91.164360
1161,9.675000,-0.005284,0.588514,0.020896,0.808200,-196.502914,92.217834,91.104095
1162,9.683333,-0.006894,0.588734,0.019959,0.808051,-196.508209,92.221420,91.046356
1163,9.691667,-0.008847,0.589315,0.018883,0.807634,-196.499390,92.233276,91.001144
1164,9.700000,-0.009450,0.589185,0.018784,0.807724,-196.506363,92.229927,90.972740
1165,9.708333,-0.009117,0.588994,0.018907,0.807864,-196.514603,92.225426,90.958733
1166,9.716667,-0.009105,0.588816,0.019122,0.807990,-196.520370,92.223534,90.955940
1167,9.725000,-0.009088,0.588646,0.019227,0.808111,-196.524368,92.221252,90.966713
1168,9.733333,-0.008660,0.588516,0.019688,0.808200,-196.527832,92.221245,90.989471
1169,9.741667,-0.007967,0.588211,0.020113,0.808418,-196.532227,92.222847,91.027657
1170,9.750000,-0.006792,0.587878,0.020428,0.808663,-196.534973,92.220261,91.074173
1171,9.758333,-0.005056,0.587728,0.021408,0.808759,-196.532074,92.215591,91.129044
1172,9.766667,-0.003466,0.587362,0.022113,0.809014,-196.521042,92.215553,91.177460
1173,9.775000,-0.002476,0.587097,0.023026,0.809185,-196.506958,92.213615,91.218445
1174,9.783333,-0.001687,0.586968,0.023436,0.809269,-196.495941,92.215431,91.249374
1175,9.791667,-0.001154,0.586881,0.023557,0.809330,-196.486465,92.217445,91.267792
1176,9.800000,-0.000859,0.586797,0.023241,0.809400,-196.475784,92.218979,91.270813
1177,9.808333,-0.000788,0.586633,0.022777,0.809532,-196.463531,92.217674,91.262733
1178,9.816667,-0.001179,0.586559,0.022204,0.809601,-196.455536,92.219009,91.243950
1179,9.825000,-0.001788,0.586547,0.021802,0.809620,-196.458481,92.218857,91.216820
1180,9.833333,-0.003204,0.586595,0.021560,0.809587,-196.479263,92.218987,91.182716
1181,9.841667,-0.004630,0.586795,0.021334,0.809441,-196.502090,92.217903,91.145882
1182,9.850000,-0.006103,0.587100,0.021051,0.809218,-196.524567,92.218750,91.103844
1183,9.858333,-0.007518,0.587347,0.020588,0.809038,-196.538300,92.220146,91.062698
1184,9.866667,-0.008243,0.587691,0.020586,0.808782,-196.543182,92.219627,91.031364
1185,9.875000,-0.008571,0.587883,0.020355,0.808644,-196.548874,92.221329,91.016586
1186,9.883333,-0.008637,0.588036,0.020506,0.808528,-196.555374,92.224075,91.012993
1187,9.891667,-0.008674,0.587978,0.020757,0.808564,-196.561172,92.222771,91.022095
1188,9.900000,-0.008400,0.587878,0.021179,0.808629,-196.566467,92.222839,91.040245
1189,9.908333,-0.007761,0.587696,0.021205,0.808767,-196.564636,92.220757,91.062920
1190,9.916667,-0.006765,0.587607,0.021317,0.808837,-196.549347,92.217880,91.087273
1191,9.925000,-0.005452,0.587580,0.021233,0.808869,-196.523911,92.213425,91.116554
1192,9.933333,-0.004271,0.587387,0.021109,0.809020,-196.490417,92.208519,91.144905
1193,9.941667,-0.003043,0.587244,0.021037,0.809131,-196.464676,92.212852,91.167999
1194,9.950000,-0.002501,0.587359,0.021150,0.809046,-196.451874,92.215096,91.188614
1195,9.958333,-0.002339,0.587575,0.021439,0.808882,-196.455185,92.214737,91.203545
1196,9.966667,-0.002338,0.587812,0.022121,0.808692,-196.473373,92.214455,91.211288
1197,9.975000,-0.002958,0.588009,0.022557,0.808534,-196.492188,92.213753,91.211594
1198,9.983333,-0.003343,0.588266,0.022742,0.808341,-196.508392,92.212639,91.203621
1199,9.991667,-0.004135,0.588461,0.022471,0.808203,-196.522980,92.212715,91.183456
1200,10.000000,-0.004963,0.588721,0.022326,0.808013,-196.537369,92.214966,91.157982
1201,10.008333,-0.005825,0.588938,0.022036,0.807857,-196.546753,92.213203,91.130211
1202,10.016667,-0.006459,0.589125,0.021802,0.807722,-196.547501,92.214806,91.103966
1203,10.025000,-0.006910,0.589155,0.021249,0.807711,-196.537231,92.215187,91.082130
1204,10.033333,-0.006828,0.589329,0.020733,0.807598,-196.519363,92.215363,91.064995
1205,10.041667,-0.007563,0.589914,0.019526,0.807195,-196.484207,92.226974,91.054543
1206,10.050000,-0.007518,0.589937,0.018895,0.807193,-196.460999,92.232452,91.054726
1207,10.058333,-0.007416,0.589940,0.018436,0.807202,-196.444748,92.240753,91.062286
1208,10.066667,-0.005386,0.589997,0.019549,0.807150,-196.438248,92.224342,91.087967
1209,10.075000,-0.004909,0.589931,0.020216,0.807185,-196.453781,92.218857,91.103569
1210,10.083333,-0.005702,0.590234,0.020334,0.806956,-196.473969,92.221436,91.116615
1211,10.091667,-0.005603,0.590089,0.021224,0.807039,-196.515533,92.216377,91.125641
1212,10.100000,-0.005721,0.590050,0.021963,0.807048,-196.545929,92.211571,91.134552
1213,10.108333,-0.005719,0.590128,0.022560,0.806974,-196.563614,92.209091,91.146996
1214,10.116667,-0.005608,0.590200,0.022943,0.806911,-196.564896,92.207260,91.164108
1215,10.125000,-0.005225,0.590287,0.023062,0.806847,-196.561447,92.207184,91.180542
1216,10.133333,-0.004833,0.590313,0.023257,0.806825,-196.556335,92.207413,91.190025
1217,10.141667,-0.004681,0.590250,0.023330,0.806870,-196.551544,92.209068,91.191605
1218,10.150000,-0.004911,0.590070,0.023077,0.807007,-196.546387,92.209862,91.181923
1219,10.158333,-0.005101,0.590022,0.022682,0.807052,-196.540329,92.210480,91.166397
1220,10.166667,-0.005406,0.589929,0.022077,0.807135,-196.532501,92.210312,91.145538
1221,10.175000,-0.005693,0.589984,0.021676,0.807104,-196.522491,92.210159,91.120491
1222,10.183333,-0.006693,0.590519,0.020505,0.806736,-196.495987,92.220390,91.094307
1223,10.191667,-0.007294,0.590682,0.019544,0.806635,-196.471985,92.227234,91.071205
1224,10.200000,-0.007634,0.590678,0.018755,0.806653,-196.454651,92.235168,91.059036
1225,10.208333,-0.006268,0.590651,0.019343,0.806671,-196.443863,92.222687,91.065994
1226,10.216667,-0.005881,0.590463,0.019766,0.806801,-196.451874,92.219040,91.067940
1227,10.225000,-0.006600,0.590724,0.019542,0.806610,-196.454681,92.224144,91.071892
1228,10.233333,-0.006883,0.590628,0.019728,0.806673,-196.474945,92.225685,91.084663
1229,10.241667,-0.007273,0.590467,0.020013,0.806781,-196.496719,92.228027,91.104156
1230,10.250000,-0.005609,0.590415,0.021521,0.806794,-196.515900,92.214203,91.134850
1231,10.258333,-0.005151,0.590211,0.022196,0.806927,-196.534317,92.211349,91.152275
1232,10.266667,-0.005159,0.590169,0.022546,0.806948,-196.547607,92.209511,91.162308
1233,10.275000,-0.005389,0.590202,0.022887,0.806913,-196.556961,92.208313,91.167137
1234,10.283333,-0.005636,0.590279,0.022999,0.806852,-196.562302,92.207161,91.168396
1235,10.291667,-0.005579,0.590398,0.023007,0.806765,-196.562149,92.207207,91.168411
1236,10.300000,-0.005416,0.590383,0.022894,0.806780,-196.559174,92.208237,91.166748
1237,10.308333,-0.005340,0.590347,0.022616,0.806815,-196.555206,92.210411,91.160683
1238,10.316667,-0.005585,0.590299,0.022317,0.806857,-196.548279,92.211464,91.150024
1239,10.325000,-0.005637,0.590283,0.022087,0.806874,-196.536224,92.210487,91.136459
1240,10.333333,-0.005567,0.590287,0.021721,0.806882,-196.521240,92.210075,91.121712
1241,10.341667,-0.006234,0.590694,0.020528,0.806610,-196.490585,92.219666,91.103287
1242,10.350000,-0.006729,0.590807,0.019731,0.806544,-196.469147,92.224693,91.082344
1243,10.358333,-0.007037,0.590810,0.019120,0.806554,-196.456146,92.231552,91.070175
1244,10.366667,-0.007487,0.590773,0.018555,0.806590,-196.455399,92.238884,91.065193
1245,10.375000,-0.007929,0.590657,0.018474,0.806672,-196.462189,92.241707,91.065773
1246,10.383333,-0.008426,0.590559,0.018640,0.806735,-196.476349,92.243645,91.075607
1247,10.391667,-0.008317,0.590318,0.018799,0.806909,-196.495529,92.244736,91.094261
1248,10.400000,-0.005435,0.590508,0.021184,0.806735,-196.501862,92.214149,91.131851
1249,10.408333,-0.005130,0.590391,0.021727,0.806809,-196.516479,92.212639,91.144539
1250,10.416667,-0.005086,0.590309,0.022048,0.806860,-196.528152,92.210052,91.150703
1251,10.425000,-0.005282,0.590328,0.022256,0.806840,-196.536987,92.210487,91.152794
1252,10.433333,-0.005510,0.590252,0.022024,0.806900,-196.541534,92.210922,91.148643
1253,10.441667,-0.005622,0.590388,0.021999,0.806800,-196.540665,92.210754,91.144119
1254,10.450000,-0.005568,0.590369,0.021887,0.806818,-196.535034,92.210609,91.141060
1255,10.458333,-0.005505,0.590335,0.021740,0.806847,-196.525406,92.210648,91.133987
1256,10.466667,-0.006173,0.590749,0.020904,0.806561,-196.503479,92.219444,91.120979
1257,10.475000,-0.006491,0.590737,0.020071,0.806589,-196.490036,92.222389,91.102341
1258,10.483333,-0.007108,0.590766,0.019746,0.806570,-196.479370,92.228683,91.083260
1259,10.491667,-0.007640,0.590673,0.019140,0.806648,-196.471985,92.232651,91.073578
1260,10.500000,-0.007875,0.590626,0.018810,0.806688,-196.471420,92.238037,91.071663
1261,10.508333,-0.008110,0.590596,0.018716,0.806710,-196.482803,92.241737,91.077263
1262,10.516667,-0.008186,0.590473,0.018964,0.806793,-196.497589,92.242950,91.085556
1263,10.525000,-0.008364,0.590486,0.019322,0.806773,-196.510651,92.243942,91.092590
1264,10.533333,-0.006188,0.590561,0.021104,0.806693,-196.511154,92.217819,91.115982
1265,10.541667,-0.005570,0.590386,0.021580,0.806813,-196.514862,92.211540,91.124672
1266,10.550000,-0.005377,0.590317,0.021668,0.806863,-196.513641,92.208458,91.126541
1267,10.558333,-0.006123,0.590699,0.020888,0.806599,-196.497025,92.217186,91.123466
1268,10.566667,-0.006396,0.590675,0.020428,0.806626,-196.489395,92.220833,91.114769
1269,10.575000,-0.006931,0.590702,0.019977,0.806612,-196.480835,92.225029,91.101257
1270,10.583333,-0.007119,0.590711,0.019488,0.806616,-196.476532,92.229935,91.096291
1271,10.591667,-0.007458,0.590702,0.019248,0.806626,-196.479080,92.233414,91.096367
1272,10.600000,-0.007763,0.590555,0.019135,0.806733,-196.490402,92.237511,91.099182
1273,10.608333,-0.007986,0.590481,0.019236,0.806783,-196.499527,92.239311,91.098946
1274,10.616667,-0.008076,0.590527,0.019387,0.806744,-196.505905,92.241135,91.094765
1275,10.625000,-0.008095,0.590535,0.019494,0.806736,-196.505875,92.241325,91.090149
1276,10.633333,-0.008002,0.590588,0.019250,0.806704,-196.499359,92.242622,91.086380
1277,10.641667,-0.008031,0.590624,0.019057,0.806682,-196.488968,92.240799,91.083275
1278,10.650000,-0.007836,0.590612,0.018989,0.806694,-196.486923,92.241219,91.085846
1279,10.658333,-0.007560,0.590658,0.019189,0.806658,-196.488647,92.240662,91.089211
1280,10.666667,-0.006646,0.590739,0.019339,0.806604,-196.490692,92.242142,91.088066
1281,10.675000,-0.007106,0.590766,0.019383,0.806579,-196.489410,92.239258,91.088135
1282,10.683333,-0.007832,0.590757,0.019501,0.806576,-196.488052,92.235527,91.097031
1283,10.691667,-0.007819,0.590774,0.019532,0.806563,-196.485321,92.234482,91.104248
1284,10.700000,-0.007628,0.590827,0.019509,0.806527,-196.483139,92.234840,91.106560
1285,10.708333,-0.007613,0.590863,0.019405,0.806502,-196.479614,92.234436,91.108315
1286,10.716667,-0.007644,0.590852,0.019381,0.806511,-196.476974,92.232941,91.111282
1287,10.725000,-0.007405,0.590871,0.019410,0.806499,-196.476776,92.233505,91.112694
1288,10.733333,-0.007394,0.590904,0.019384,0.806475,-196.478027,92.233231,91.112839
1289,10.741667,-0.007494,0.590920,0.019497,0.806460,-196.479172,92.232582,91.110786
1290,10.750000,-0.007459,0.590901,0.019414,0.806476,-196.480469,92.231956,91.108513
1291,10.758333,-0.007358,0.590885,0.019361,0.806490,-196.482529,92.232964,91.106476
1292,10.766667,-0.007441,0.590852,0.019431,0.806511,-196.483887,92.233040,91.104218
1293,10.775000,-0.007498,0.590834,0.019511,0.806522,-196.485260,92.233421,91.101852
1294,10.783333,-0.007628,0.590817,0.019541,0.806533,-196.487457,92.233963,91.100510
1295,10.791667,-0.007692,0.590770,0.019500,0.806568,-196.489090,92.234840,91.098663
1296,10.800000,-0.007788,0.590751,0.019504,0.806580,-196.489624,92.235413,91.097740
1297,10.808333,-0.007887,0.590745,0.019393,0.806587,-196.487946,92.236008,91.098137
1298,10.816667,-0.007883,0.590829,0.019387,0.806525,-196.486084,92.236824,91.097939
1299,10.825000,-0.007802,0.590805,0.019157,0.806549,-196.484116,92.236069,91.098709
1300,10.833333,-0.007648,0.590799,0.019187,0.806555,-196.482712,92.236755,91.100426
1301,10.841667,-0.007545,0.590805,0.019262,0.806549,-196.481369,92.235916,91.103111
1302,10.850000,-0.007615,0.590846,0.019368,0.806516,-196.479446,92.235016,91.104515
1303,10.858333,-0.007530,0.590871,0.019218,0.806502,-196.477982,92.234673,91.107025
1304,10.866667,-0.005996,0.590836,0.020447,0.806510,-196.477661,92.215446,91.118965
1305,10.875000,-0.005488,0.591276,0.020703,0.806185,-196.467560,92.209778,91.126564
1306,10.883333,-0.005048,0.591407,0.020975,0.806084,-196.466309,92.206779,91.128250
1307,10.891667,-0.005011,0.591331,0.020917,0.806142,-196.468018,92.207298,91.127876
1308,10.900000,-0.005483,0.591287,0.020782,0.806175,-196.470581,92.210686,91.124084
1309,10.908333,-0.006005,0.591108,0.020302,0.806314,-196.473831,92.215935,91.119293
1310,10.916667,-0.006523,0.591004,0.020002,0.806394,-196.477539,92.223076,91.112244
1311,10.925000,-0.007211,0.590869,0.019613,0.806497,-196.482513,92.230385,91.105171
1312,10.933333,-0.007733,0.590768,0.019196,0.806576,-196.487793,92.236412,91.098999
1313,10.941667,-0.008206,0.590695,0.019045,0.806628,-196.492142,92.241249,91.094734
1314,10.950000,-0.008658,0.590596,0.018922,0.806699,-196.495407,92.243591,91.092590
1315,10.958333,-0.008730,0.590546,0.018915,0.806735,-196.497040,92.244080,91.091408
1316,10.966667,-0.008588,0.590614,0.018950,0.806686,-196.495285,92.244164,91.091965
1317,10.975000,-0.008449,0.590648,0.018883,0.806664,-196.491760,92.243126,91.094444
1318,10.983333,-0.008274,0.590706,0.018909,0.806623,-196.487778,92.239975,91.097572
1319,10.991667,-0.007904,0.590760,0.019060,0.806584,-196.484650,92.237610,91.101250
1320,11.000000,-0.005770,0.591065,0.019254,0.806373,-196.485275,92.245972,91.106445
1321,11.008333,-0.004047,0.591233,0.019504,0.806255,-196.486298,92.250977,91.108337
1322,11.016667,-0.003257,0.591277,0.019642,0.806223,-196.486633,92.251801,91.108742
1323,11.025000,-0.003435,0.591210,0.019682,0.806270,-196.485794,92.247581,91.109451
1324,11.033333,-0.004183,0.591293,0.019740,0.806204,-196.482391,92.244789,91.115883
1325,11.041667,-0.004449,0.591312,0.019663,0.806191,-196.481110,92.242966,91.118065
1326,11.050000,-0.003949,0.591394,0.019732,0.806131,-196.483505,92.244980,91.115410
1327,11.058333,-0.003889,0.591430,0.019664,0.806107,-196.484070,92.245567,91.114731
1328,11.066667,-0.004087,0.591372,0.019522,0.806152,-196.484863,92.244949,91.113586
1329,11.075000,-0.004506,0.591298,0.019527,0.806204,-196.485184,92.244957,91.112724
1330,11.083333,-0.005054,0.591219,0.019559,0.806258,-196.486343,92.243698,91.110924
1331,11.091667,-0.007128,0.590920,0.019604,0.806460,-196.485535,92.234138,91.104095
1332,11.100000,-0.007884,0.590780,0.019603,0.806556,-196.487396,92.231125,91.100052
1333,11.108333,-0.007936,0.590726,0.019490,0.806598,-196.489792,92.232582,91.099945
1334,11.116667,-0.007842,0.590724,0.019392,0.806603,-196.489151,92.234787,91.100723
1335,11.125000,-0.007794,0.590744,0.019304,0.806590,-196.487152,92.236198,91.101707
1336,11.133333,-0.007744,0.590731,0.019212,0.806603,-196.485962,92.236870,91.102982
1337,11.141667,-0.007845,0.590789,0.019235,0.806558,-196.483246,92.236084,91.104279
1338,11.150000,-0.007880,0.590779,0.019247,0.806566,-196.481613,92.236031,91.106552
1339,11.158333,-0.005808,0.590767,0.020631,0.806557,-196.480087,92.212860,91.121574
1340,11.166667,-0.005189,0.591248,0.020872,0.806203,-196.468765,92.207085,91.129578
1341,11.175000,-0.004752,0.591372,0.021196,0.806106,-196.466934,92.202255,91.133636
1342,11.183333,-0.004783,0.591381,0.021184,0.806100,-196.467453,92.203156,91.132942
1343,11.191667,-0.005076,0.591323,0.020977,0.806146,-196.469406,92.207359,91.129143
1344,11.200000,-0.005675,0.591245,0.020548,0.806210,-196.472305,92.212395,91.124390
1345,11.208333,-0.006252,0.591054,0.020113,0.806357,-196.476715,92.220154,91.118103
1346,11.216667,-0.006880,0.590907,0.019590,0.806472,-196.480896,92.227859,91.110016
1347,11.225000,-0.007644,0.590734,0.019187,0.806602,-196.485855,92.235100,91.102753
1348,11.233333,-0.008211,0.590631,0.019039,0.806675,-196.491058,92.241058,91.096260
1349,11.241667,-0.008563,0.590552,0.018814,0.806735,-196.493500,92.243484,91.093117
1350,11.250000,-0.008798,0.590578,0.018869,0.806712,-196.496002,92.245552,91.091255
1351,11.258333,-0.008939,0.590572,0.018933,0.806714,-196.496552,92.245018,91.090828
1352,11.266667,-0.008700,0.590568,0.018794,0.806722,-196.494354,92.244781,91.093163
1353,11.275000,-0.008485,0.590598,0.018823,0.806702,-196.490631,92.242355,91.095985
1354,11.283333,-0.008175,0.590696,0.018979,0.806630,-196.486465,92.239471,91.099609
1355,11.291667,-0.007772,0.590746,0.019094,0.806594,-196.483002,92.236893,91.103844
1356,11.300000,-0.007651,0.590826,0.019341,0.806531,-196.480362,92.234566,91.107330
1357,11.308333,-0.007452,0.590877,0.019450,0.806493,-196.479126,92.231789,91.110298
1358,11.316667,-0.007279,0.590875,0.019531,0.806494,-196.479294,92.229805,91.111397
1359,11.325000,-0.007130,0.590893,0.019589,0.806480,-196.479782,92.228828,91.112015
1360,11.333333,-0.007192,0.590892,0.019566,0.806481,-196.480469,92.227325,91.112152
1361,11.341667,-0.007064,0.590900,0.019513,0.806478,-196.481491,92.228600,91.111076
1362,11.350000,-0.007124,0.590923,0.019598,0.806459,-196.482376,92.229301,91.108795
1363,11.358333,-0.007184,0.590886,0.019440,0.806488,-196.484070,92.229759,91.107925
1364,11.366667,-0.007369,0.590859,0.019426,0.806507,-196.485138,92.231049,91.105927
1365,11.375000,-0.007510,0.590767,0.019295,0.806577,-196.486847,92.232300,91.103813
1366,11.383333,-0.007679,0.590745,0.019310,0.806590,-196.488205,92.233376,91.102257
1367,11.391667,-0.007830,0.590750,0.019390,0.806584,-196.489868,92.234184,91.101387
1368,11.400000,-0.007905,0.590740,0.019439,0.806589,-196.490585,92.234116,91.100487
1369,11.408333,-0.007906,0.590731,0.019403,0.806597,-196.490204,92.234360,91.100952
1370,11.416667,-0.007906,0.590740,0.019268,0.806593,-196.489029,92.234467,91.102150
1371,11.425000,-0.007798,0.590786,0.019205,0.806562,-196.487213,92.233429,91.104156
1372,11.433333,-0.007724,0.590810,0.019125,0.806547,-196.485062,92.232689,91.105797
1373,11.441667,-0.007589,0.590806,0.019273,0.806548,-196.483337,92.231522,91.108566
1374,11.450000,-0.007507,0.590797,0.019329,0.806554,-196.482605,92.232063,91.110588
1375,11.458333,-0.007517,0.590827,0.019392,0.806531,-196.482437,92.230698,91.112259
1376,11.466667,-0.005976,0.590762,0.020350,0.806567,-196.483307,92.211769,91.122314
1377,11.475000,-0.005536,0.591233,0.020676,0.806217,-196.473053,92.206772,91.129059
1378,11.483333,-0.005235,0.591328,0.020880,0.806144,-196.472656,92.204254,91.130524
1379,11.491667,-0.005290,0.591239,0.020745,0.806212,-196.472885,92.204979,91.129776
1380,11.500000,-0.005692,0.591177,0.020671,0.806257,-196.475098,92.208496,91.126396
1381,11.508333,-0.006017,0.591100,0.020418,0.806317,-196.477783,92.213539,91.121040
1382,11.516667,-0.006523,0.590969,0.020017,0.806420,-196.481461,92.220360,91.114929
1383,11.525000,-0.007138,0.590852,0.019533,0.806512,-196.484787,92.225845,91.108711
1384,11.533333,-0.007769,0.590769,0.019149,0.806576,-196.488403,92.230812,91.103157
1385,11.541667,-0.008145,0.590721,0.019040,0.806610,-196.492081,92.235687,91.099228
1386,11.550000,-0.008471,0.590652,0.018909,0.806660,-196.494156,92.237938,91.097176
1387,11.558333,-0.008486,0.590589,0.018848,0.806708,-196.493423,92.238907,91.096756
1388,11.566667,-0.008476,0.590591,0.018875,0.806706,-196.490997,92.239395,91.097221
1389,11.575000,-0.008315,0.590638,0.018896,0.806672,-196.488083,92.238281,91.099609
1390,11.583333,-0.008149,0.590710,0.018937,0.806621,-196.485764,92.236290,91.103104
1391,11.591667,-0.007823,0.590739,0.019034,0.806600,-196.483810,92.234245,91.105942
1392,11.600000,-0.007686,0.590789,0.019238,0.806560,-196.483475,92.231468,91.107674
1393,11.608333,-0.007661,0.590834,0.019413,0.806523,-196.483246,92.228737,91.108910
1394,11.616667,-0.007362,0.590823,0.019494,0.806532,-196.483917,92.226723,91.109756
1395,11.625000,-0.007155,0.590838,0.019515,0.806523,-196.483963,92.225510,91.109787
1396,11.633333,-0.005702,0.590978,0.019619,0.806429,-196.488373,92.233696,91.108582
1397,11.641667,-0.005265,0.590998,0.019635,0.806417,-196.490112,92.235870,91.107559
1398,11.650000,-0.005576,0.591039,0.019637,0.806385,-196.490875,92.234695,91.106239
1399,11.658333,-0.005655,0.591001,0.019518,0.806414,-196.491760,92.235146,91.103355
1400,11.666667,-0.005794,0.591007,0.019609,0.806407,-196.492188,92.237518,91.101250
1401,11.675000,-0.005829,0.590991,0.019462,0.806423,-196.489700,92.238754,91.100258
1402,11.683333,-0.005773,0.590949,0.019402,0.806455,-196.488312,92.239525,91.097626
1403,11.691667,-0.005790,0.590969,0.019362,0.806441,-196.486664,92.240318,91.097435
1404,11.700000,-0.005859,0.590984,0.019352,0.806430,-196.485275,92.241058,91.097488
1405,11.708333,-0.005815,0.591002,0.019397,0.806416,-196.484131,92.240509,91.098618
1406,11.716667,-0.005662,0.591033,0.019347,0.806395,-196.482666,92.241089,91.099854
1407,11.725000,-0.005579,0.591033,0.019370,0.806396,-196.481674,92.240868,91.101440
1408,11.733333,-0.005559,0.591033,0.019462,0.806394,-196.480957,92.241051,91.104843
1409,11.741667,-0.005543,0.590996,0.019497,0.806420,-196.480835,92.239807,91.104851
1410,11.750000,-0.005524,0.591018,0.019488,0.806404,-196.481354,92.239029,91.106102
1411,11.758333,-0.005370,0.591050,0.019574,0.806380,-196.482590,92.238953,91.106140
1412,11.766667,-0.005451,0.591056,0.019516,0.806376,-196.483414,92.238441,91.107323
1413,11.775000,-0.005327,0.591026,0.019559,0.806398,-196.485046,92.237587,91.106087
1414,11.783333,-0.005244,0.591033,0.019576,0.806393,-196.486160,92.238388,91.105286
1415,11.791667,-0.005273,0.591065,0.019547,0.806370,-196.486633,92.239365,91.103882
1416,11.800000,-0.005386,0.591033,0.019428,0.806395,-196.487106,92.238388,91.102745
1417,11.808333,-0.005318,0.590982,0.019381,0.806435,-196.488739,92.238388,91.100342
1418,11.816667,-0.005461,0.590971,0.019457,0.806440,-196.490295,92.238731,91.098557
1419,11.825000,-0.005528,0.590972,0.019559,0.806436,-196.491898,92.239929,91.097221
1420,11.833333,-0.005501,0.590952,0.019528,0.806451,-196.492386,92.241158,91.097092
1421,11.841667,-0.005509,0.590929,0.019449,0.806470,-196.491318,92.241203,91.096909
1422,11.850000,-0.005595,0.590976,0.019327,0.806438,-196.488983,92.240410,91.097229
1423,11.858333,-0.005604,0.590994,0.019263,0.806426,-196.487976,92.240417,91.098640
1424,11.866667,-0.005593,0.590997,0.019359,0.806422,-196.487793,92.240776,91.101013
1425,11.875000,-0.005528,0.590993,0.019351,0.806425,-196.486786,92.241768,91.103661
1426,11.883333,-0.005515,0.590973,0.019371,0.806440,-196.486557,92.241104,91.105148
1427,11.891667,-0.005377,0.590942,0.019318,0.806465,-196.487106,92.240822,91.106277
1428,11.900000,-0.005277,0.590960,0.019452,0.806449,-196.488312,92.239685,91.107460
1429,11.908333,-0.005269,0.591001,0.019393,0.806421,-196.488632,92.238708,91.108292
1430,11.916667,-0.005224,0.591017,0.019456,0.806407,-196.489502,92.238937,91.107872
1431,11.925000,-0.005203,0.591020,0.019509,0.806404,-196.489777,92.239403,91.106842
1432,11.933333,-0.005165,0.591014,0.019555,0.806408,-196.489792,92.239403,91.106651
1433,11.941667,-0.005242,0.591029,0.019483,0.806398,-196.489258,92.239075,91.104149
1434,11.950000,-0.005389,0.591023,0.019410,0.806403,-196.488617,92.238327,91.102341
1435,11.958333,-0.005473,0.591029,0.019500,0.806396,-196.488617,92.238869,91.099739
1436,11.966667,-0.005540,0.590995,0.019420,0.806422,-196.487946,92.238670,91.098251
1437,11.975000,-0.005647,0.591013,0.019456,0.806408,-196.486511,92.238640,91.096634
1438,11.983333,-0.005631,0.590991,0.019485,0.806423,-196.485184,92.238754,91.096123
1439,11.991667,-0.005543,0.590978,0.019316,0.806437,-196.483948,92.240448,91.096428
1440,12.000000,-0.005498,0.591043,0.019429,0.806387,-196.483170,92.240883,91.096298
1441,12.008333,-0.005474,0.591042,0.019467,0.806387,-196.482971,92.241302,91.097397
1442,12.016667,-0.005531,0.591023,0.019525,0.806400,-196.482788,92.240974,91.099388
1443,12.025000,-0.005410,0.591019,0.019562,0.806402,-196.482651,92.240669,91.100685
1444,12.033333,-0.005357,0.591016,0.019485,0.806407,-196.484100,92.239876,91.102592
1445,12.041667,-0.005284,0.591054,0.019456,0.806380,-196.485336,92.239479,91.103813
1446,12.050000,-0.005252,0.591034,0.019433,0.806395,-196.487122,92.239143,91.105232
1447,12.058333,-0.005284,0.591032,0.019408,0.806397,-196.488846,92.238716,91.105827
1448,12.066667,-0.005325,0.591036,0.019401,0.806395,-196.490128,92.237503,91.104843
1449,12.075000,-0.005329,0.590984,0.019407,0.806432,-196.490723,92.236725,91.103668
1450,12.083333,-0.005271,0.590960,0.019512,0.806447,-196.491470,92.237564,91.102127
1451,12.091667,-0.005438,0.590968,0.019579,0.806439,-196.492676,92.237312,91.101250
1452,12.100000,-0.005603,0.590915,0.019576,0.806477,-196.493118,92.237724,91.099365
1453,12.108333,-0.005653,0.590916,0.019524,0.806477,-196.493256,92.238510,91.097855
1454,12.116667,-0.005789,0.590923,0.019447,0.806473,-196.490341,92.237778,91.095924
1455,12.125000,-0.005741,0.590916,0.019289,0.806482,-196.488983,92.238190,91.095268
1456,12.133333,-0.005584,0.590919,0.019339,0.806480,-196.487000,92.238899,91.094429
1457,12.141667,-0.005715,0.590945,0.019442,0.806457,-196.484848,92.239120,91.094162
1458,12.150000,-0.005774,0.590932,0.019493,0.806465,-196.483795,92.239067,91.096237
1459,12.158333,-0.005807,0.590939,0.019486,0.806460,-196.482697,92.238243,91.097649
1460,12.166667,-0.005704,0.590947,0.019436,0.806456,-196.482773,92.238350,91.098274
1461,12.175000,-0.005708,0.590935,0.019493,0.806464,-196.483231,92.237244,91.099342
