Format Version,1.25,Take Name,Take 2025-11-27 05.13.51 PM,Take Notes,,Capture Frame Rate,120.000000,Export Frame Rate,120.000000,Capture Start Time,2025-11-27 05.13.52.069 PM,Capture Start Frame,67912,Total Frames in Take,1319,Total Exported Frames,1319,Rotation Type,Quaternion,Length Units,Centimeters,Coordinate Space,Global

,Type,Rigid Body,Rigid Body,Rigid Body,Rigid Body,Rigid Body,Rigid Body,Rigid Body
,Name,SEE_large,SEE_large,SEE_large,SEE_large,SEE_large,SEE_large,SEE_large
,ID,B4680608301811F031C44B617C10C291,B4680608301811F031C44B617C10C291,B4680608301811F031C44B617C10C291,B4680608301811F031C44B617C10C291,B4680608301811F031C44B617C10C291,B4680608301811F031C44B617C10C291,B4680608301811F031C44B617C10C291
,Parent,,,,,,,
,,Rotation,Rotation,Rotation,Rotation,Position,Position,Position
Frame,Time (Seconds),X,Y,Z,W,X,Y,Z
0,0.000000,0.008315,0.927961,0.021969,0.371935,-215.052322,92.170776,84.196259
1,0.008333,0.008258,0.927952,0.021652,0.371979,-215.051895,92.169029,84.195168
2,0.016667,0.006727,0.927732,0.021638,0.372558,-215.059418,92.182655,84.204277
3,0.025000,0.007972,0.927910,0.021599,0.372092,-215.051315,92.173935,84.197182
4,0.033333,0.008473,0.927973,0.021559,0.371926,-215.047455,92.170494,84.191956
5,0.041667,0.006964,0.927780,0.021488,0.372443,-215.055511,92.182831,84.201820
6,0.050000,0.006995,0.927813,0.021352,0.372368,-215.055161,92.184364,84.202698
7,0.058333,0.006910,0.927805,0.021362,0.372388,-215.053818,92.185226,84.202614
8,0.066667,0.006683,0.927790,0.021379,0.372429,-215.054291,92.186203,84.203758
9,0.075000,0.007643,0.927963,0.021586,0.371968,-215.045929,92.176178,84.198341
10,0.083333,0.008283,0.928003,0.021626,0.371852,-215.047318,92.171455,84.198448
11,0.091667,0.008464,0.927987,0.021611,0.371888,-215.050079,92.168991,84.197868
12,0.100000,0.008505,0.927952,0.021777,0.371966,-215.051224,92.168007,84.198494
13,0.108333,0.008483,0.927961,0.021845,0.371941,-215.051392,92.168945,84.199928
14,0.116667,0.007919,0.927878,0.022802,0.372101,-215.053223,92.170563,84.197433
15,0.125000,0.007808,0.927843,0.022607,0.372204,-215.051529,92.167809,84.196823
16,0.133333,0.007672,0.927863,0.022971,0.372135,-215.053513,92.169548,84.196449
17,0.141667,0.008575,0.928016,0.022553,0.371758,-215.053970,92.174980,84.200844
18,0.150000,0.007102,0.927806,0.021950,0.372349,-215.060608,92.184387,84.206673
19,0.158333,0.006758,0.927758,0.021653,0.372493,-215.061615,92.183418,84.206306
20,0.166667,0.006856,0.927748,0.021545,0.372521,-215.060165,92.183838,84.206268
21,0.175000,0.006837,0.927776,0.021498,0.372456,-215.056854,92.185196,84.205833
22,0.183333,0.006572,0.927812,0.021481,0.372370,-215.053650,92.186043,84.205269
23,0.191667,0.008006,0.927969,0.021507,0.371951,-215.043900,92.174385,84.195908
24,0.200000,0.008502,0.928017,0.021584,0.371814,-215.043182,92.171387,84.191971
25,0.208333,0.008786,0.928055,0.022321,0.371669,-215.047501,92.172531,84.192810
26,0.216667,0.008895,0.928016,0.021951,0.371787,-215.046188,92.169907,84.191452
27,0.225000,0.007371,0.927832,0.021644,0.372296,-215.054916,92.180161,84.200821
28,0.233333,0.007003,0.927747,0.021693,0.372512,-215.057678,92.180901,84.204933
29,0.241667,0.008218,0.927947,0.021630,0.371993,-215.049667,92.171913,84.199211
30,0.250000,0.008736,0.928025,0.022277,0.371750,-215.051727,92.172394,84.199974
31,0.258333,0.008615,0.928020,0.022581,0.371747,-215.053345,92.172760,84.199059
32,0.266667,0.008559,0.927967,0.022081,0.371908,-215.052216,92.169884,84.198616
33,0.275000,0.008515,0.927961,0.021769,0.371943,-215.051270,92.168770,84.198936
34,0.283333,0.008340,0.927953,0.021656,0.371973,-215.051132,92.168602,84.199074
35,0.291667,0.007593,0.927825,0.022052,0.372285,-215.050262,92.167595,84.194199
36,0.300000,0.008134,0.927942,0.021773,0.371999,-215.051086,92.170639,84.196701
37,0.308333,0.008345,0.927970,0.021776,0.371924,-215.050766,92.170830,84.196701
38,0.316667,0.008343,0.927982,0.021745,0.371897,-215.050049,92.170982,84.195168
39,0.325000,0.008392,0.927972,0.021747,0.371920,-215.049057,92.170235,84.194122
40,0.333333,0.008499,0.927995,0.021678,0.371864,-215.048096,92.170250,84.192917
41,0.341667,0.007009,0.927800,0.021673,0.372382,-215.054352,92.182312,84.201065
42,0.350000,0.006941,0.927768,0.021544,0.372471,-215.055389,92.185585,84.202652
43,0.358333,0.008109,0.927958,0.021574,0.371972,-215.045685,92.174049,84.194374
44,0.366667,0.008499,0.928015,0.021489,0.371825,-215.045578,92.170151,84.193085
45,0.375000,0.008813,0.928056,0.022315,0.371668,-215.049118,92.172722,84.194412
46,0.383333,0.008729,0.928008,0.022077,0.371803,-215.048080,92.169373,84.193123
47,0.391667,0.008706,0.927958,0.021691,0.371952,-215.048676,92.167915,84.194000
48,0.400000,0.008597,0.927968,0.021675,0.371930,-215.048737,92.167992,84.196083
49,0.408333,0.008470,0.927958,0.021888,0.371946,-215.048859,92.168541,84.198830
50,0.416667,0.008407,0.927967,0.021766,0.371930,-215.049774,92.168159,84.197083
51,0.425000,0.008564,0.927982,0.022503,0.371847,-215.052628,92.171371,84.199150
52,0.433333,0.008084,0.927896,0.022935,0.372044,-215.051773,92.170158,84.197083
53,0.441667,0.007152,0.927788,0.022068,0.372385,-215.056870,92.182159,84.207741
54,0.450000,0.008230,0.927947,0.021673,0.371990,-215.049561,92.170288,84.199478
55,0.458333,0.008660,0.927988,0.021636,0.371880,-215.048721,92.165405,84.195526
56,0.466667,0.007377,0.927793,0.021644,0.372395,-215.056183,92.176605,84.202484
57,0.475000,0.008720,0.928020,0.022458,0.371750,-215.052444,92.172203,84.196106
58,0.483333,0.007481,0.927824,0.022016,0.372293,-215.058563,92.180023,84.201088
59,0.491667,0.008439,0.927971,0.021581,0.371932,-215.051682,92.168175,84.193687
60,0.500000,0.008795,0.928001,0.021509,0.371852,-215.053436,92.165886,84.192848
61,0.508333,0.007393,0.927847,0.022460,0.372211,-215.066284,92.182419,84.205421
62,0.516667,0.008260,0.927932,0.022155,0.371999,-215.060669,92.171280,84.199974
63,0.525000,0.008577,0.927982,0.021684,0.371894,-215.060593,92.166840,84.197777
64,0.533333,0.008695,0.928017,0.022435,0.371759,-215.065338,92.171272,84.201759
65,0.541667,0.008644,0.928006,0.022596,0.371779,-215.065353,92.172173,84.202103
66,0.550000,0.008693,0.927997,0.022599,0.371801,-215.063614,92.173622,84.202919
67,0.558333,0.007942,0.927832,0.022403,0.372239,-215.057999,92.167664,84.196091
68,0.566667,0.008209,0.927943,0.021814,0.371994,-215.055130,92.168289,84.197708
69,0.575000,0.008520,0.928022,0.022612,0.371741,-215.056107,92.173988,84.199196
70,0.583333,0.008457,0.927960,0.022150,0.371925,-215.053101,92.170883,84.196907
71,0.591667,0.008465,0.927964,0.021757,0.371938,-215.051346,92.169151,84.196754
72,0.600000,0.008304,0.927977,0.021715,0.371912,-215.050156,92.169655,84.196404
73,0.608333,0.006931,0.927820,0.021566,0.372340,-215.058380,92.181038,84.204338
74,0.616667,0.008203,0.928001,0.022417,0.371811,-215.056091,92.175079,84.198685
75,0.625000,0.007261,0.927820,0.022149,0.372299,-215.064072,92.181496,84.203491
76,0.633333,0.006891,0.927857,0.022540,0.372191,-215.073273,92.185852,84.206238
77,0.641667,0.006522,0.927841,0.022056,0.372267,-215.078568,92.186203,84.203476
78,0.650000,0.005984,0.927899,0.021724,0.372149,-215.088486,92.186958,84.201851
79,0.658333,0.006235,0.928182,0.022393,0.371400,-215.097092,92.187508,84.195328
80,0.666667,0.005419,0.928104,0.022792,0.371583,-215.117233,92.192490,84.202232
81,0.675000,0.005731,0.928353,0.023073,0.370938,-215.124817,92.186317,84.197891
82,0.683333,0.004943,0.928260,0.023120,0.371180,-215.141159,92.191383,84.206818
83,0.691667,0.005633,0.928525,0.023291,0.370496,-215.139908,92.184105,84.202080
84,0.700000,0.005786,0.928627,0.023637,0.370216,-215.139893,92.179581,84.199074
85,0.708333,0.005779,0.928706,0.023938,0.369997,-215.141464,92.180504,84.200874
86,0.716667,0.005589,0.928768,0.024103,0.369834,-215.144379,92.182205,84.203735
87,0.725000,0.005168,0.928915,0.024150,0.369469,-215.147568,92.184212,84.203926
88,0.733333,0.005243,0.928968,0.024426,0.369315,-215.150803,92.182388,84.206497
89,0.741667,0.005000,0.929101,0.024501,0.368980,-215.154724,92.183525,84.208839
90,0.750000,0.004693,0.929322,0.024699,0.368413,-215.152054,92.185226,84.217728
91,0.758333,0.004524,0.929373,0.024839,0.368278,-215.160416,92.188194,84.219543
92,0.766667,0.004215,0.929377,0.024907,0.368268,-215.166046,92.188438,84.221634
93,0.775000,0.004168,0.929388,0.024998,0.368234,-215.173889,92.189102,84.223091
94,0.783333,0.004134,0.929369,0.025239,0.368264,-215.182526,92.187431,84.223984
95,0.791667,0.003859,0.929413,0.025556,0.368135,-215.194199,92.187241,84.224991
96,0.800000,0.003659,0.929470,0.025840,0.367973,-215.204956,92.188225,84.227638
97,0.808333,0.003396,0.929538,0.026103,0.367785,-215.215729,92.187973,84.230652
98,0.816667,0.003106,0.929585,0.026183,0.367663,-215.228851,92.186890,84.234985
99,0.825000,0.002993,0.929625,0.026261,0.367557,-215.242355,92.186432,84.239372
100,0.833333,0.002910,0.929622,0.026437,0.367553,-215.256500,92.184647,84.243790
101,0.841667,0.002429,0.929669,0.026658,0.367423,-215.271973,92.184799,84.248329
102,0.850000,0.002437,0.929667,0.026870,0.367412,-215.285919,92.181084,84.252518
103,0.858333,0.002178,0.929680,0.026995,0.367370,-215.296982,92.179596,84.256714
104,0.866667,0.001964,0.929636,0.026976,0.367486,-215.303223,92.179718,84.257095
105,0.875000,0.001881,0.929663,0.026917,0.367420,-215.306564,92.178253,84.259178
106,0.883333,0.001790,0.929558,0.026928,0.367687,-215.311172,92.178436,84.263313
107,0.891667,0.001743,0.929546,0.026960,0.367716,-215.314148,92.178864,84.264641
108,0.900000,0.001498,0.929587,0.026969,0.367611,-215.312881,92.179909,84.269890
109,0.908333,0.001092,0.929690,0.026865,0.367361,-215.315628,92.183121,84.270645
110,0.916667,0.000773,0.929825,0.026901,0.367018,-215.321259,92.183479,84.269890
111,0.925000,0.000634,0.929743,0.026945,0.367221,-215.334991,92.182243,84.272491
112,0.933333,0.000313,0.929763,0.027211,0.367152,-215.354507,92.183899,84.278122
113,0.941667,-0.000845,0.929779,0.027017,0.367124,-215.372330,92.191528,84.275261
114,0.950000,-0.001260,0.929731,0.027357,0.367220,-215.388748,92.192055,84.275864
115,0.958333,-0.002109,0.929771,0.027590,0.367097,-215.405014,92.194115,84.277954
116,0.966667,-0.002666,0.929771,0.027646,0.367089,-215.419632,92.193245,84.279808
117,0.975000,-0.002971,0.929831,0.027768,0.366924,-215.434601,92.193520,84.281746
118,0.983333,-0.003313,0.929816,0.027749,0.366961,-215.448792,92.198975,84.284470
119,0.991667,-0.003602,0.929823,0.027883,0.366932,-215.457123,92.200439,84.287933
120,1.000000,-0.003730,0.929839,0.028073,0.366875,-215.465668,92.203407,84.288994
121,1.008333,-0.003902,0.929852,0.028180,0.366832,-215.474228,92.204544,84.290138
122,1.016667,-0.004208,0.929876,0.028292,0.366759,-215.483170,92.205925,84.291016
123,1.025000,-0.004357,0.929881,0.028500,0.366729,-215.490967,92.206177,84.290985
124,1.033333,-0.004631,0.929930,0.028651,0.366589,-215.498474,92.206993,84.288841
125,1.041667,-0.004816,0.929937,0.028973,0.366544,-215.506027,92.206757,84.288086
126,1.050000,-0.004926,0.930067,0.029070,0.366204,-215.513031,92.208237,84.287392
127,1.058333,-0.004903,0.930248,0.029183,0.365736,-215.517670,92.209915,84.284798
128,1.066667,-0.004763,0.930568,0.029240,0.364919,-215.516922,92.208557,84.281052
129,1.075000,-0.004632,0.930813,0.029252,0.364294,-215.515167,92.208626,84.278122
130,1.083333,-0.004599,0.930875,0.029165,0.364144,-215.513260,92.209373,84.276924
131,1.091667,-0.004396,0.930909,0.029001,0.364073,-215.511871,92.209778,84.278008
132,1.100000,-0.004487,0.930944,0.028855,0.363992,-215.513031,92.210388,84.278748
133,1.108333,-0.004545,0.930941,0.029069,0.363982,-215.515930,92.211250,84.279350
134,1.116667,-0.004579,0.930936,0.029338,0.363974,-215.519806,92.211746,84.280304
135,1.125000,-0.004815,0.930877,0.029434,0.364112,-215.522644,92.211952,84.281120
136,1.133333,-0.004890,0.930840,0.029598,0.364195,-215.524338,92.210564,84.282341
137,1.141667,-0.004723,0.930813,0.029529,0.364271,-215.526230,92.209991,84.281822
138,1.150000,-0.004788,0.930852,0.029422,0.364178,-215.525360,92.209480,84.282753
139,1.158333,-0.004644,0.930871,0.029436,0.364131,-215.524292,92.209198,84.283539
140,1.166667,-0.004738,0.930863,0.029344,0.364158,-215.523453,92.209587,84.282356
141,1.175000,-0.004935,0.930925,0.029367,0.363993,-215.521576,92.209572,84.282501
142,1.183333,-0.004576,0.930896,0.029411,0.364069,-215.522247,92.209450,84.283554
143,1.191667,-0.004677,0.930942,0.029520,0.363941,-215.523224,92.212143,84.283798
144,1.200000,-0.004767,0.930938,0.029615,0.363943,-215.524750,92.213020,84.282700
145,1.208333,-0.004916,0.930932,0.029484,0.363968,-215.526398,92.213806,84.282959
146,1.216667,-0.004973,0.930919,0.029619,0.363988,-215.527924,92.215141,84.281578
147,1.225000,-0.005009,0.930949,0.029665,0.363908,-215.530563,92.215157,84.282295
148,1.233333,-0.004980,0.930950,0.029618,0.363910,-215.532761,92.215836,84.280273
149,1.241667,-0.005035,0.930962,0.029646,0.363876,-215.534393,92.214409,84.279922
150,1.250000,-0.004972,0.930942,0.029978,0.363899,-215.536972,92.213097,84.279243
151,1.258333,-0.004956,0.930970,0.029924,0.363834,-215.539856,92.212738,84.276947
152,1.266667,-0.004719,0.930987,0.030069,0.363781,-215.544556,92.210556,84.276268
153,1.275000,-0.004659,0.930961,0.030091,0.363847,-215.548157,92.209663,84.273544
154,1.283333,-0.004601,0.930954,0.030252,0.363852,-215.550522,92.208183,84.275002
155,1.291667,-0.004657,0.930939,0.030280,0.363886,-215.552338,92.208534,84.275108
156,1.300000,-0.004689,0.930946,0.030111,0.363883,-215.552979,92.209129,84.274910
157,1.308333,-0.004838,0.930931,0.030009,0.363928,-215.552689,92.209641,84.276611
158,1.316667,-0.004768,0.930916,0.030008,0.363967,-215.550415,92.209747,84.276596
159,1.325000,-0.004681,0.930919,0.029998,0.363961,-215.545578,92.207970,84.279434
160,1.333333,-0.004895,0.930962,0.030043,0.363845,-215.545135,92.210945,84.277267
161,1.341667,-0.004952,0.930956,0.029868,0.363875,-215.541870,92.210670,84.278748
162,1.350000,-0.004895,0.930955,0.029873,0.363876,-215.539978,92.211761,84.280273
163,1.358333,-0.005013,0.930940,0.029792,0.363920,-215.537857,92.212303,84.279785
164,1.366667,-0.005148,0.930953,0.029839,0.363882,-215.536804,92.213310,84.279671
165,1.375000,-0.005202,0.930928,0.029857,0.363943,-215.536713,92.214188,84.278641
166,1.383333,-0.005288,0.930954,0.029899,0.363872,-215.537262,92.214378,84.278061
167,1.391667,-0.005298,0.930933,0.029900,0.363926,-215.537384,92.212402,84.278130
168,1.400000,-0.005166,0.930968,0.029903,0.363837,-215.539459,92.211342,84.276535
169,1.408333,-0.004886,0.930975,0.029899,0.363824,-215.544724,92.210724,84.275208
170,1.416667,-0.004814,0.930992,0.029975,0.363776,-215.548080,92.208244,84.273315
171,1.425000,-0.004672,0.930956,0.029993,0.363866,-215.551682,92.207100,84.272865
172,1.433333,-0.004840,0.930929,0.029985,0.363935,-215.553665,92.209061,84.272911
173,1.441667,-0.004923,0.930928,0.030102,0.363926,-215.554352,92.208572,84.273521
174,1.450000,-0.005142,0.930924,0.030233,0.363922,-215.557144,92.209389,84.275070
175,1.458333,-0.005011,0.930923,0.030292,0.363922,-215.557312,92.209946,84.276337
176,1.466667,-0.004944,0.930920,0.030119,0.363944,-215.558044,92.210472,84.275352
177,1.475000,-0.004877,0.930925,0.030166,0.363930,-215.557281,92.209045,84.276817
178,1.483333,-0.004885,0.930935,0.030069,0.363913,-215.555389,92.208008,84.276985
179,1.491667,-0.004901,0.930926,0.030074,0.363936,-215.553802,92.209091,84.276787
180,1.500000,-0.004882,0.930956,0.030093,0.363856,-215.552765,92.208954,84.276108
181,1.508333,-0.004787,0.930961,0.030084,0.363845,-215.552002,92.209259,84.276505
182,1.516667,-0.004842,0.930971,0.030098,0.363817,-215.551498,92.210449,84.275879
183,1.525000,-0.004842,0.930960,0.030184,0.363838,-215.551636,92.209328,84.275162
184,1.533333,-0.004913,0.930943,0.030114,0.363888,-215.553238,92.210320,84.273865
185,1.541667,-0.004886,0.930949,0.030182,0.363867,-215.552765,92.209633,84.273994
186,1.550000,-0.004872,0.930959,0.030198,0.363840,-215.553574,92.209938,84.274117
187,1.558333,-0.004861,0.930966,0.030015,0.363837,-215.554016,92.210060,84.273979
188,1.566667,-0.004972,0.930968,0.030124,0.363822,-215.555649,92.209694,84.273094
189,1.575000,-0.004980,0.930950,0.030263,0.363857,-215.556580,92.208855,84.274353
190,1.583333,-0.004813,0.930941,0.030093,0.363895,-215.558105,92.208412,84.274216
191,1.591667,-0.005011,0.930951,0.029933,0.363880,-215.558502,92.208519,84.274017
192,1.600000,-0.004915,0.930939,0.029993,0.363907,-215.557571,92.208008,84.273514
193,1.608333,-0.004842,0.930934,0.030084,0.363914,-215.558197,92.208229,84.275780
194,1.616667,-0.004959,0.930941,0.030233,0.363882,-215.558044,92.208832,84.275749
195,1.625000,-0.004940,0.930924,0.030273,0.363923,-215.556717,92.209663,84.276138
196,1.633333,-0.004939,0.930950,0.030153,0.363866,-215.555649,92.209137,84.277290
197,1.641667,-0.004895,0.930951,0.030184,0.363862,-215.553757,92.208023,84.276024
198,1.650000,-0.004920,0.930949,0.030185,0.363867,-215.554077,92.208496,84.276268
199,1.658333,-0.004997,0.930941,0.030165,0.363888,-215.553192,92.207314,84.274414
200,1.666667,-0.004954,0.930950,0.030059,0.363874,-215.552856,92.207504,84.274727
201,1.675000,-0.004940,0.930963,0.030077,0.363840,-215.553253,92.208252,84.274147
202,1.683333,-0.004675,0.930964,0.030154,0.363835,-215.551926,92.207672,84.273872
203,1.691667,-0.004701,0.930949,0.030051,0.363880,-215.552704,92.208183,84.273308
204,1.700000,-0.004888,0.930986,0.029967,0.363789,-215.552948,92.208389,84.272484
205,1.708333,-0.004784,0.930978,0.030058,0.363805,-215.553329,92.207359,84.272217
206,1.716667,-0.004874,0.930976,0.029948,0.363818,-215.553879,92.208878,84.271965
207,1.725000,-0.004813,0.930969,0.029931,0.363836,-215.552902,92.209808,84.269646
208,1.733333,-0.004880,0.930975,0.030202,0.363800,-215.552856,92.210121,84.270576
209,1.741667,-0.004900,0.930979,0.030073,0.363799,-215.552048,92.211082,84.269897
210,1.750000,-0.004859,0.930989,0.030067,0.363775,-215.551132,92.209602,84.270363
211,1.758333,-0.004902,0.930951,0.029992,0.363877,-215.550812,92.209930,84.271088
212,1.766667,-0.004982,0.930950,0.030042,0.363876,-215.549545,92.210358,84.270363
213,1.775000,-0.004993,0.930992,0.030039,0.363768,-215.548798,92.209091,84.271584
214,1.783333,-0.005019,0.930989,0.030068,0.363772,-215.548523,92.209877,84.270668
215,1.791667,-0.004898,0.931013,0.030200,0.363700,-215.548370,92.210335,84.270607
216,1.800000,-0.004770,0.930989,0.030178,0.363766,-215.551086,92.210182,84.270905
217,1.808333,-0.004806,0.930947,0.030230,0.363868,-215.554550,92.210373,84.271255
218,1.816667,-0.004988,0.930945,0.030334,0.363863,-215.555481,92.209068,84.271690
219,1.825000,-0.005084,0.930917,0.030400,0.363928,-215.556366,92.208557,84.270111
220,1.833333,-0.005277,0.930935,0.030576,0.363864,-215.557007,92.207909,84.270271
221,1.841667,-0.005125,0.930932,0.030540,0.363878,-215.556671,92.208115,84.270653
222,1.850000,-0.005240,0.930921,0.030320,0.363922,-215.558243,92.208839,84.270683
223,1.858333,-0.005045,0.930926,0.030305,0.363913,-215.559204,92.208656,84.271629
224,1.866667,-0.004887,0.930928,0.030494,0.363896,-215.559387,92.208771,84.271904
225,1.875000,-0.004979,0.930907,0.030448,0.363952,-215.560944,92.209412,84.272247
226,1.883333,-0.005077,0.930929,0.030409,0.363898,-215.560822,92.208176,84.271919
227,1.891667,-0.005063,0.930944,0.030217,0.363875,-215.560287,92.207870,84.271408
228,1.900000,-0.004961,0.930924,0.030263,0.363924,-215.559982,92.207710,84.272652
229,1.908333,-0.004960,0.930923,0.030369,0.363916,-215.559509,92.207794,84.272537
230,1.916667,-0.004981,0.930958,0.030457,0.363820,-215.558655,92.207130,84.272186
231,1.925000,-0.004916,0.930926,0.030258,0.363918,-215.557693,92.208130,84.270653
232,1.933333,-0.004800,0.930939,0.030185,0.363893,-215.556763,92.207306,84.271408
233,1.941667,-0.004816,0.930952,0.030181,0.363859,-215.556641,92.208702,84.271278
234,1.950000,-0.004864,0.930968,0.030235,0.363813,-215.556122,92.208977,84.270248
235,1.958333,-0.004676,0.930985,0.030267,0.363770,-215.556259,92.208099,84.270737
236,1.966667,-0.004693,0.930988,0.030291,0.363760,-215.556335,92.208725,84.270203
237,1.975000,-0.004784,0.930994,0.030129,0.363758,-215.557175,92.209839,84.270142
238,1.983333,-0.004846,0.930974,0.030159,0.363805,-215.558456,92.208603,84.270622
239,1.991667,-0.004987,0.930944,0.030327,0.363867,-215.559311,92.209152,84.269363
240,2.000000,-0.005004,0.930936,0.030482,0.363874,-215.560440,92.208839,84.269600
241,2.008333,-0.004949,0.930932,0.030484,0.363884,-215.561813,92.208694,84.270195
242,2.016667,-0.005029,0.930921,0.030472,0.363912,-215.562790,92.208488,84.270630
243,2.025000,-0.004997,0.930909,0.030356,0.363955,-215.562469,92.208618,84.270027
244,2.033333,-0.005072,0.930934,0.030385,0.363885,-215.562576,92.208687,84.270348
245,2.041667,-0.004996,0.930927,0.030315,0.363910,-215.562302,92.208824,84.270622
246,2.050000,-0.005068,0.930919,0.030375,0.363924,-215.562256,92.208221,84.270775
247,2.058333,-0.004945,0.930923,0.030404,0.363915,-215.561676,92.207474,84.272675
248,2.066667,-0.004981,0.930941,0.030315,0.363875,-215.561218,92.208084,84.273117
249,2.075000,-0.004895,0.930945,0.030230,0.363874,-215.559647,92.207382,84.273048
250,2.083333,-0.004912,0.930942,0.030243,0.363880,-215.558716,92.207466,84.274673
251,2.091667,-0.004806,0.930956,0.030265,0.363844,-215.557510,92.207626,84.276161
252,2.100000,-0.004807,0.930952,0.030122,0.363866,-215.556595,92.209534,84.275909
253,2.108333,-0.004787,0.930973,0.030325,0.363795,-215.556030,92.209282,84.276840
254,2.116667,-0.004759,0.930987,0.030191,0.363771,-215.554901,92.208580,84.276978
255,2.125000,-0.004736,0.930967,0.030189,0.363822,-215.555405,92.207520,84.278175
256,2.133333,-0.004711,0.930964,0.030227,0.363827,-215.555389,92.207565,84.277657
257,2.141667,-0.004931,0.930952,0.030274,0.363852,-215.556747,92.208450,84.276833
258,2.150000,-0.004934,0.930979,0.030198,0.363787,-215.555359,92.209190,84.277031
259,2.158333,-0.004788,0.930964,0.030204,0.363828,-215.554947,92.208710,84.277405
260,2.166667,-0.004895,0.930983,0.030188,0.363780,-215.554260,92.209114,84.275803
261,2.175000,-0.004887,0.930987,0.030042,0.363781,-215.554626,92.209068,84.274864
262,2.183333,-0.004856,0.930991,0.030091,0.363768,-215.556686,92.208626,84.275749
263,2.191667,-0.004770,0.930976,0.030195,0.363797,-215.557861,92.208878,84.275047
264,2.200000,-0.004771,0.930962,0.030276,0.363827,-215.558075,92.208603,84.276016
265,2.208333,-0.004868,0.930959,0.030287,0.363833,-215.557510,92.208664,84.274628
266,2.216667,-0.004905,0.930978,0.030225,0.363788,-215.556290,92.207230,84.273369
267,2.225000,-0.004774,0.930974,0.030222,0.363800,-215.555527,92.207787,84.274155
268,2.233333,-0.004806,0.930974,0.030219,0.363802,-215.555862,92.208900,84.274719
269,2.241667,-0.004731,0.930970,0.030331,0.363802,-215.555161,92.208214,84.275711
270,2.250000,-0.004858,0.930966,0.030165,0.363824,-215.555145,92.208763,84.275154
271,2.258333,-0.004774,0.930985,0.030184,0.363776,-215.553421,92.208008,84.275284
272,2.266667,-0.004641,0.930995,0.029989,0.363768,-215.552444,92.207397,84.275421
273,2.275000,-0.004742,0.931005,0.029989,0.363740,-215.552307,92.208282,84.275337
274,2.283333,-0.004726,0.930997,0.030171,0.363747,-215.552658,92.207565,84.276146
275,2.291667,-0.004791,0.930999,0.030147,0.363743,-215.553696,92.207832,84.275314
276,2.300000,-0.004871,0.930964,0.030140,0.363833,-215.555023,92.208168,84.274590
277,2.308333,-0.004916,0.930963,0.030237,0.363827,-215.555786,92.208427,84.274567
278,2.316667,-0.004997,0.930974,0.030224,0.363799,-215.556427,92.209389,84.273705
279,2.325000,-0.004777,0.930987,0.030321,0.363760,-215.559891,92.207436,84.271011
280,2.333333,-0.004590,0.930956,0.030294,0.363843,-215.563705,92.205589,84.268555
281,2.341667,-0.004463,0.930991,0.030223,0.363762,-215.564545,92.203659,84.269051
282,2.350000,-0.004598,0.930983,0.030232,0.363779,-215.565369,92.204201,84.268311
283,2.358333,-0.004720,0.930987,0.030391,0.363755,-215.565079,92.204819,84.268929
284,2.366667,-0.004725,0.930971,0.030435,0.363791,-215.565567,92.205391,84.268936
285,2.375000,-0.004671,0.930977,0.030401,0.363780,-215.565536,92.205399,84.268143
286,2.383333,-0.004730,0.930953,0.030438,0.363838,-215.566284,92.204674,84.268982
287,2.391667,-0.004636,0.930971,0.030429,0.363794,-215.565536,92.204552,84.268234
288,2.400000,-0.004548,0.930964,0.030359,0.363818,-215.565033,92.204269,84.268913
289,2.408333,-0.004676,0.930971,0.030346,0.363799,-215.565414,92.206207,84.268524
290,2.416667,-0.004684,0.930948,0.030168,0.363873,-215.564301,92.204025,84.267319
291,2.425000,-0.004705,0.930981,0.030247,0.363781,-215.563843,92.204590,84.267776
292,2.433333,-0.004749,0.930973,0.030254,0.363802,-215.564346,92.204956,84.267395
293,2.441667,-0.004680,0.930978,0.030231,0.363791,-215.564911,92.205231,84.267197
294,2.450000,-0.004614,0.930998,0.030306,0.363735,-215.564804,92.204941,84.267822
295,2.458333,-0.004774,0.930985,0.030330,0.363763,-215.561752,92.205559,84.271828
296,2.466667,-0.004917,0.930958,0.030366,0.363828,-215.560181,92.207970,84.274010
297,2.475000,-0.005225,0.930950,0.030243,0.363854,-215.559570,92.209251,84.273827
298,2.483333,-0.005070,0.930934,0.030290,0.363893,-215.559677,92.208893,84.275215
299,2.491667,-0.005061,0.930939,0.030287,0.363882,-215.560287,92.209686,84.274445
300,2.500000,-0.004955,0.930944,0.030204,0.363878,-215.561584,92.209824,84.274475
301,2.508333,-0.005002,0.930926,0.030233,0.363919,-215.562317,92.208961,84.273575
302,2.516667,-0.004967,0.930961,0.030278,0.363826,-215.562103,92.208557,84.273376
303,2.525000,-0.004946,0.930974,0.030298,0.363793,-215.561966,92.208305,84.273109
304,2.533333,-0.004852,0.930965,0.030203,0.363824,-215.560989,92.207947,84.272018
305,2.541667,-0.004846,0.930982,0.030171,0.363785,-215.561340,92.209396,84.272400
306,2.550000,-0.004894,0.930975,0.030374,0.363784,-215.560364,92.209892,84.272591
307,2.558333,-0.004829,0.930955,0.030272,0.363846,-215.560028,92.208801,84.270844
308,2.566667,-0.004859,0.930957,0.030106,0.363853,-215.558960,92.207718,84.269676
309,2.575000,-0.004935,0.930957,0.030189,0.363844,-215.559036,92.208115,84.270088
310,2.583333,-0.004962,0.930969,0.030234,0.363810,-215.558792,92.209076,84.270828
311,2.591667,-0.005071,0.930986,0.030294,0.363759,-215.557724,92.208725,84.271767
312,2.600000,-0.004919,0.930972,0.030305,0.363797,-215.557999,92.209030,84.270401
313,2.608333,-0.004882,0.930952,0.030258,0.363852,-215.559509,92.208801,84.271683
314,2.616667,-0.005008,0.930951,0.030293,0.363851,-215.560150,92.209427,84.271576
315,2.625000,-0.004964,0.930956,0.030369,0.363831,-215.560074,92.208549,84.271240
316,2.633333,-0.004924,0.930962,0.030266,0.363825,-215.560394,92.208473,84.271271
317,2.641667,-0.004796,0.930940,0.030297,0.363882,-215.560959,92.206505,84.271095
318,2.650000,-0.004978,0.930967,0.030179,0.363819,-215.561920,92.206650,84.271027
319,2.658333,-0.004850,0.930954,0.030209,0.363851,-215.562195,92.207092,84.270111
320,2.666667,-0.005289,0.931056,0.030535,0.363558,-215.562408,92.204712,84.273598
321,2.675000,-0.005084,0.930971,0.030383,0.363790,-215.562439,92.207024,84.270615
322,2.683333,-0.004893,0.930946,0.030402,0.363855,-215.561600,92.207214,84.269157
323,2.691667,-0.004850,0.930968,0.030198,0.363817,-215.561432,92.207451,84.269730
324,2.700000,-0.004960,0.930960,0.030295,0.363828,-215.561371,92.207375,84.268448
325,2.708333,-0.005040,0.930956,0.030274,0.363840,-215.560730,92.208023,84.268631
326,2.716667,-0.004927,0.930965,0.030245,0.363821,-215.560333,92.208817,84.268875
327,2.725000,-0.004873,0.930957,0.030237,0.363841,-215.560120,92.208244,84.268883
328,2.733333,-0.004894,0.930970,0.030141,0.363817,-215.560013,92.208733,84.270340
329,2.741667,-0.004886,0.930974,0.030127,0.363809,-215.559738,92.209106,84.269821
330,2.750000,-0.004840,0.930974,0.030189,0.363802,-215.560028,92.209801,84.270248
331,2.758333,-0.005009,0.930984,0.030202,0.363774,-215.559204,92.208092,84.270401
332,2.766667,-0.004953,0.930994,0.030335,0.363738,-215.559555,92.207703,84.270653
333,2.775000,-0.004994,0.930967,0.030375,0.363804,-215.560120,92.208076,84.271088
334,2.783333,-0.005079,0.930964,0.030259,0.363819,-215.560242,92.208923,84.270767
335,2.791667,-0.004942,0.930964,0.030282,0.363818,-215.560440,92.208565,84.271553
336,2.800000,-0.004854,0.930945,0.030296,0.363869,-215.559769,92.208305,84.271393
337,2.808333,-0.005001,0.930972,0.030226,0.363802,-215.560776,92.209618,84.270866
338,2.816667,-0.004898,0.930977,0.030154,0.363798,-215.560074,92.206879,84.271172
339,2.825000,-0.004879,0.930997,0.030106,0.363750,-215.560730,92.208359,84.270325
340,2.833333,-0.004956,0.930966,0.030183,0.363821,-215.560333,92.210152,84.270584
341,2.841667,-0.004979,0.930965,0.030228,0.363822,-215.559631,92.210426,84.269524
342,2.850000,-0.004988,0.930966,0.030215,0.363820,-215.558838,92.208328,84.270294
343,2.858333,-0.005044,0.930970,0.030176,0.363812,-215.558441,92.208061,84.269424
344,2.866667,-0.005031,0.930999,0.030233,0.363734,-215.558411,92.208443,84.269676
345,2.875000,-0.004817,0.930998,0.030216,0.363740,-215.557770,92.207916,84.269730
346,2.883333,-0.004858,0.930977,0.030181,0.363795,-215.558762,92.209251,84.269257
347,2.891667,-0.004898,0.930977,0.030051,0.363805,-215.558121,92.209648,84.270447
348,2.900000,-0.004912,0.930976,0.030085,0.363805,-215.557556,92.210457,84.269890
349,2.908333,-0.004889,0.931005,0.030009,0.363738,-215.556076,92.208549,84.271187
350,2.916667,-0.004970,0.930977,0.030064,0.363804,-215.555923,92.208969,84.271797
351,2.925000,-0.005012,0.930963,0.030266,0.363823,-215.555954,92.209999,84.271095
352,2.933333,-0.004794,0.930978,0.030282,0.363787,-215.554733,92.208153,84.271935
353,2.941667,-0.004797,0.930989,0.030158,0.363768,-215.553787,92.207886,84.271332
354,2.950000,-0.004830,0.930987,0.029966,0.363788,-215.552109,92.207512,84.269485
355,2.958333,-0.004718,0.930989,0.030014,0.363782,-215.551376,92.207748,84.267960
356,2.966667,-0.004797,0.930998,0.029997,0.363758,-215.549850,92.208313,84.267281
357,2.975000,-0.004685,0.931022,0.029878,0.363709,-215.548203,92.207771,84.269958
358,2.983333,-0.004706,0.931034,0.030048,0.363662,-215.547424,92.207649,84.274391
359,2.991667,-0.004865,0.931105,0.030282,0.363460,-215.542603,92.204613,84.286781
360,3.000000,-0.004557,0.931064,0.029989,0.363593,-215.537003,92.208557,84.290268
361,3.008333,-0.004898,0.931198,0.030410,0.363211,-215.529343,92.208382,84.300690
362,3.016667,-0.005014,0.931190,0.030707,0.363203,-215.523605,92.209778,84.306297
363,3.025000,-0.005236,0.931196,0.030914,0.363169,-215.519302,92.210617,84.313202
364,3.033333,-0.005005,0.931201,0.030919,0.363157,-215.514832,92.208977,84.322685
365,3.041667,-0.004872,0.931242,0.031272,0.363024,-215.511871,92.209969,84.331581
366,3.050000,-0.003943,0.931245,0.031910,0.362972,-215.504105,92.208542,84.349815
367,3.058333,-0.003567,0.931224,0.032319,0.362995,-215.496582,92.209007,84.370461
368,3.066667,-0.000888,0.931276,0.032395,0.362870,-215.487457,92.210152,84.412727
369,3.075000,-0.000066,0.931215,0.033001,0.362973,-215.478256,92.209229,84.447182
370,3.083333,0.000231,0.931206,0.033564,0.362946,-215.465042,92.207596,84.480835
371,3.091667,0.000947,0.931214,0.033912,0.362890,-215.446884,92.207375,84.515694
372,3.100000,0.001521,0.931234,0.034129,0.362817,-215.425949,92.209396,84.547302
373,3.108333,0.002204,0.931250,0.034279,0.362759,-215.408615,92.213158,84.573715
374,3.116667,0.002593,0.931301,0.034565,0.362598,-215.393570,92.217003,84.595963
375,3.125000,0.002367,0.931194,0.034641,0.362866,-215.388397,92.225288,84.617531
376,3.133333,0.002755,0.931106,0.034906,0.363064,-215.385406,92.225571,84.630386
377,3.141667,0.003069,0.931071,0.035176,0.363126,-215.383240,92.225784,84.644699
378,3.150000,0.003189,0.930996,0.035574,0.363278,-215.382797,92.225937,84.658020
379,3.158333,0.003232,0.930941,0.035916,0.363386,-215.382858,92.226593,84.667976
380,3.166667,0.003370,0.930934,0.035947,0.363399,-215.383530,92.227112,84.672539
381,3.175000,0.003156,0.930925,0.036100,0.363410,-215.383072,92.226707,84.675682
382,3.183333,0.004906,0.931102,0.036223,0.362921,-215.372772,92.211189,84.671684
383,3.191667,0.005974,0.931147,0.036357,0.362778,-215.373474,92.203392,84.672318
384,3.200000,0.006321,0.931148,0.036499,0.362755,-215.375183,92.200890,84.675568
385,3.208333,0.006565,0.931112,0.036858,0.362808,-215.373367,92.200317,84.685730
386,3.216667,0.006723,0.931073,0.037232,0.362865,-215.371613,92.201698,84.698738
387,3.225000,0.006773,0.931091,0.037592,0.362781,-215.371521,92.204842,84.715195
388,3.233333,0.006732,0.931064,0.038032,0.362807,-215.371567,92.206474,84.727448
389,3.241667,0.006879,0.931049,0.038307,0.362813,-215.371658,92.208107,84.738800
390,3.250000,0.006862,0.931056,0.038443,0.362781,-215.374451,92.207260,84.746841
391,3.258333,0.006832,0.931052,0.038407,0.362795,-215.379288,92.209373,84.748756
392,3.266667,0.006660,0.931059,0.038421,0.362778,-215.385101,92.210564,84.747841
393,3.275000,0.006375,0.931062,0.038349,0.362784,-215.393234,92.213043,84.740746
394,3.283333,0.006263,0.931074,0.038106,0.362780,-215.399643,92.212883,84.728874
395,3.291667,0.005402,0.931120,0.037524,0.362736,-215.408737,92.214180,84.706635
396,3.300000,0.002652,0.930939,0.036938,0.363291,-215.427643,92.231438,84.691574
397,3.308333,0.002784,0.931134,0.036537,0.362831,-215.433090,92.224533,84.656311
398,3.316667,0.002218,0.931205,0.036189,0.362688,-215.441681,92.221581,84.623016
399,3.325000,0.001772,0.931204,0.035649,0.362748,-215.449280,92.219337,84.600334
400,3.333333,0.001581,0.931212,0.035706,0.362722,-215.458221,92.217049,84.598434
401,3.341667,0.001840,0.931182,0.036879,0.362679,-215.467575,92.224380,84.625900
402,3.350000,0.002508,0.931144,0.038229,0.362633,-215.472000,92.248398,84.656929
403,3.358333,0.002950,0.931106,0.038981,0.362648,-215.471298,92.288246,84.675827
404,3.366667,0.003632,0.931083,0.038895,0.362709,-215.463181,92.333626,84.680748
405,3.375000,0.004318,0.931096,0.040294,0.362517,-215.456894,92.390015,84.679794
406,3.383333,0.004530,0.931080,0.041246,0.362447,-215.452454,92.438354,84.687637
407,3.391667,0.003017,0.931002,0.040661,0.362729,-215.460327,92.497993,84.701172
408,3.400000,0.005417,0.930989,0.038229,0.362999,-215.457748,92.571548,84.715195
409,3.408333,0.005884,0.931007,0.037292,0.363044,-215.443878,92.630783,84.725754
410,3.416667,0.005926,0.931090,0.036761,0.362883,-215.432709,92.685234,84.737007
411,3.425000,0.005555,0.931161,0.036278,0.362756,-215.429810,92.732079,84.748398
412,3.433333,0.003097,0.930927,0.036159,0.363397,-215.441162,92.796341,84.773369
413,3.441667,0.004082,0.930946,0.036601,0.363296,-215.439575,92.826134,84.785988
414,3.450000,0.003070,0.930937,0.037447,0.363243,-215.441772,92.872307,84.792168
415,3.458333,0.002273,0.930888,0.038218,0.363292,-215.436508,92.926033,84.799057
416,3.466667,0.002007,0.930873,0.038727,0.363279,-215.432861,92.981026,84.805336
417,3.475000,0.001058,0.930892,0.037943,0.363316,-215.435974,93.056473,84.801781
418,3.483333,0.004870,0.931184,0.034946,0.362837,-215.440582,93.148514,84.804855
419,3.491667,0.005693,0.931149,0.034392,0.362969,-215.443512,93.210770,84.802917
420,3.500000,0.005573,0.931130,0.033714,0.363084,-215.446854,93.268051,84.803139
421,3.508333,0.004684,0.931203,0.033323,0.362944,-215.445831,93.319473,84.804176
422,3.516667,0.003787,0.931274,0.033251,0.362780,-215.440842,93.370613,84.809944
423,3.525000,0.002118,0.931396,0.033553,0.362452,-215.434174,93.428406,84.818047
424,3.533333,0.001748,0.931334,0.034099,0.362562,-215.422638,93.476212,84.836975
425,3.541667,0.001550,0.931255,0.034113,0.362764,-215.415192,93.524567,84.842102
426,3.550000,0.001398,0.931201,0.034041,0.362912,-215.414124,93.573051,84.840408
427,3.558333,0.000684,0.931099,0.033426,0.363231,-215.423279,93.635895,84.831512
428,3.566667,0.001526,0.931212,0.034738,0.362815,-215.426331,93.686897,84.838333
429,3.575000,0.001805,0.931206,0.034594,0.362844,-215.419861,93.730591,84.836891
430,3.583333,0.004550,0.931434,0.032173,0.362456,-215.416382,93.792175,84.842575
431,3.591667,0.004369,0.931519,0.031561,0.362294,-215.408249,93.838463,84.844391
432,3.600000,0.003627,0.931563,0.031106,0.362229,-215.401291,93.886765,84.847466
433,3.608333,0.000756,0.931406,0.030920,0.362664,-215.405518,93.959297,84.858185
434,3.616667,0.001184,0.931540,0.030751,0.362335,-215.397354,94.004433,84.851837
435,3.625000,0.001326,0.931518,0.030464,0.362414,-215.395523,94.054893,84.850731
436,3.633333,0.001497,0.931466,0.030110,0.362576,-215.393066,94.103523,84.847870
437,3.641667,0.000417,0.931310,0.028850,0.363083,-215.398697,94.164230,84.830223
438,3.650000,-0.000010,0.931305,0.028746,0.363103,-215.400177,94.211304,84.821877
439,3.658333,0.000174,0.931356,0.028864,0.362963,-215.399673,94.265396,84.818283
440,3.666667,0.002296,0.931483,0.028178,0.362686,-215.402802,94.340500,84.811989
441,3.675000,0.002188,0.931492,0.027768,0.362694,-215.400192,94.395493,84.806206
442,3.683333,-0.001024,0.931327,0.026862,0.363192,-215.405441,94.471954,84.809273
443,3.691667,-0.000874,0.931507,0.026609,0.362749,-215.391586,94.513336,84.800308
444,3.700000,-0.000852,0.931566,0.026245,0.362622,-215.382797,94.555023,84.793243
445,3.708333,-0.000828,0.931624,0.025754,0.362510,-215.374207,94.592049,84.789833
446,3.716667,-0.000516,0.931753,0.025356,0.362206,-215.366028,94.628067,84.791367
447,3.725000,-0.001736,0.931810,0.024178,0.362136,-215.368866,94.676247,84.784836
448,3.733333,-0.002115,0.931810,0.023719,0.362165,-215.369537,94.712418,84.782433
449,3.741667,-0.002383,0.931838,0.023654,0.362095,-215.374039,94.749130,84.777275
450,3.750000,-0.002893,0.931837,0.023443,0.362107,-215.377625,94.787712,84.765831
451,3.758333,-0.002888,0.931877,0.022839,0.362044,-215.376862,94.824753,84.756950
452,3.766667,-0.000667,0.931855,0.020545,0.362248,-215.376328,94.875618,84.751312
453,3.775000,-0.000436,0.931879,0.019610,0.362239,-215.371490,94.914619,84.746651
454,3.783333,-0.000774,0.931893,0.019289,0.362220,-215.368317,94.948692,84.742287
455,3.791667,-0.003181,0.931654,0.019234,0.362824,-215.374939,95.003510,84.752716
456,3.800000,-0.002339,0.931874,0.020607,0.362188,-215.364883,95.029358,84.736954
457,3.808333,-0.002427,0.931942,0.020448,0.362022,-215.360138,95.058784,84.729126
458,3.816667,-0.002657,0.932028,0.020400,0.361803,-215.350418,95.088753,84.728851
459,3.825000,-0.003840,0.932007,0.019332,0.361904,-215.347168,95.132721,84.723511
460,3.833333,-0.003981,0.931940,0.019205,0.362082,-215.339279,95.161095,84.726547
461,3.841667,-0.005343,0.932014,0.019079,0.361880,-215.314438,95.197266,84.736168
462,3.850000,-0.005426,0.931993,0.019190,0.361926,-215.309052,95.219200,84.739571
463,3.858333,-0.004817,0.931969,0.019440,0.361984,-215.318161,95.232819,84.732750
464,3.866667,-0.004232,0.931997,0.019670,0.361908,-215.327316,95.240471,84.726372
465,3.875000,-0.003871,0.931989,0.019797,0.361926,-215.329865,95.251305,84.723625
466,3.883333,-0.003754,0.932011,0.019623,0.361879,-215.326996,95.271782,84.724304
467,3.891667,-0.003844,0.932014,0.019315,0.361887,-215.323593,95.296471,84.723404
468,3.900000,-0.003787,0.932036,0.018975,0.361850,-215.318878,95.323250,84.722099
469,3.908333,-0.003744,0.932073,0.018745,0.361767,-215.314392,95.349236,84.721504
470,3.916667,-0.003831,0.932149,0.018386,0.361589,-215.308899,95.379227,84.721222
471,3.925000,-0.001560,0.932111,0.016750,0.361781,-215.307800,95.423607,84.719002
472,3.933333,-0.001045,0.932107,0.016194,0.361818,-215.303848,95.449219,84.718849
473,3.941667,-0.001103,0.932135,0.016097,0.361751,-215.302582,95.466606,84.715836
474,3.950000,-0.001229,0.932217,0.016312,0.361531,-215.302628,95.479607,84.717484
475,3.958333,-0.001519,0.932244,0.016538,0.361450,-215.300659,95.493202,84.716591
476,3.966667,-0.001711,0.932272,0.016591,0.361373,-215.299149,95.507172,84.715355
477,3.975000,-0.004101,0.931976,0.016751,0.362111,-215.309525,95.545555,84.729126
478,3.983333,-0.004940,0.932033,0.016774,0.361950,-215.305145,95.570801,84.723885
479,3.991667,-0.004136,0.932355,0.016498,0.361145,-215.289093,95.585449,84.711037
480,4.000000,-0.003955,0.932472,0.016356,0.360849,-215.284042,95.607414,84.702309
481,4.008333,-0.003683,0.932550,0.017030,0.360620,-215.283417,95.637253,84.698318
482,4.016667,-0.004726,0.932540,0.016165,0.360673,-215.288513,95.674614,84.687538
483,4.025000,-0.004692,0.932511,0.015778,0.360765,-215.287491,95.690254,84.688042
484,4.033333,-0.004563,0.932534,0.016008,0.360697,-215.285660,95.703491,84.690079
485,4.041667,-0.004575,0.932537,0.016222,0.360682,-215.284439,95.720222,84.690651
486,4.050000,-0.004704,0.932576,0.016228,0.360579,-215.281052,95.734695,84.690300
487,4.058333,-0.004651,0.932584,0.016026,0.360566,-215.278030,95.750519,84.688278
488,4.066667,-0.004655,0.932611,0.016176,0.360492,-215.272614,95.762558,84.690346
489,4.075000,-0.004555,0.932653,0.016258,0.360378,-215.268372,95.776871,84.693405
490,4.083333,-0.004501,0.932667,0.016406,0.360338,-215.263153,95.790939,84.695396
491,4.091667,-0.004342,0.932657,0.016621,0.360355,-215.255142,95.803505,84.699097
492,4.100000,-0.004428,0.932694,0.016688,0.360254,-215.242004,95.823616,84.701950
493,4.108333,-0.004725,0.932761,0.016582,0.360083,-215.222549,95.857071,84.702721
494,4.116667,-0.005531,0.932872,0.016244,0.359799,-215.197891,95.910492,84.692749
495,4.125000,-0.005938,0.932939,0.015692,0.359645,-215.173935,95.973099,84.679855
496,4.133333,-0.004125,0.933017,0.013379,0.359560,-215.155060,96.053581,84.664879
497,4.141667,-0.005492,0.933052,0.012037,0.359497,-215.140564,96.141136,84.659729
498,4.150000,-0.008352,0.933704,0.009985,0.357810,-215.097778,96.223251,84.630615
499,4.158333,-0.007801,0.933710,0.009246,0.357827,-215.087555,96.265236,84.624107
500,4.166667,-0.006912,0.933730,0.009117,0.357795,-215.082413,96.301506,84.615387
501,4.175000,-0.006682,0.933731,0.008750,0.357805,-215.083450,96.341034,84.605721
502,4.183333,-0.006814,0.933711,0.008546,0.357861,-215.090591,96.379890,84.598099
503,4.191667,-0.008116,0.933667,0.007928,0.357963,-215.088364,96.428535,84.595695
504,4.200000,-0.008417,0.933487,0.007711,0.358429,-215.104126,96.458122,84.588264
505,4.208333,-0.008499,0.933302,0.007758,0.358908,-215.117554,96.477310,84.574821
506,4.216667,-0.008960,0.933248,0.007754,0.359038,-215.121918,96.494499,84.566048
507,4.225000,-0.009197,0.933228,0.007738,0.359084,-215.121201,96.511383,84.561493
508,4.233333,-0.009428,0.933308,0.007251,0.358880,-215.120773,96.531021,84.558266
509,4.241667,-0.007216,0.933224,0.005586,0.359178,-215.124390,96.560364,84.554466
510,4.250000,-0.008029,0.933139,0.004885,0.359393,-215.132935,96.592110,84.554169
511,4.258333,-0.008604,0.933228,0.004540,0.359153,-215.134079,96.609360,84.550064
512,4.266667,-0.009015,0.933295,0.004512,0.358970,-215.132645,96.618004,84.548706
513,4.275000,-0.009296,0.933288,0.004436,0.358982,-215.129303,96.622589,84.548660
514,4.283333,-0.009515,0.933300,0.004459,0.358943,-215.126801,96.622673,84.549377
515,4.291667,-0.009718,0.933241,0.004235,0.359095,-215.130783,96.623901,84.545731
516,4.300000,-0.009748,0.933204,0.004399,0.359187,-215.131683,96.619080,84.547630
517,4.308333,-0.009675,0.933173,0.004603,0.359267,-215.130875,96.615120,84.551636
518,4.316667,-0.009600,0.933157,0.004526,0.359313,-215.129974,96.614487,84.552818
519,4.325000,-0.008539,0.933077,0.004615,0.359545,-215.120941,96.605865,84.561737
520,4.333333,-0.008502,0.933108,0.004418,0.359468,-215.117188,96.609398,84.558311
521,4.341667,-0.008396,0.933112,0.004285,0.359461,-215.116547,96.611458,84.554855
522,4.350000,-0.008432,0.933161,0.004305,0.359333,-215.116928,96.609734,84.553627
523,4.358333,-0.008120,0.933152,0.004533,0.359361,-215.118744,96.606102,84.555779
524,4.366667,-0.008056,0.933145,0.004601,0.359381,-215.122101,96.602898,84.554871
525,4.375000,-0.008099,0.933122,0.004613,0.359440,-215.126556,96.601784,84.553078
526,4.383333,-0.008075,0.933100,0.004579,0.359497,-215.129425,96.602692,84.553055
527,4.391667,-0.008273,0.933105,0.004560,0.359480,-215.131851,96.605286,84.551361
528,4.400000,-0.008415,0.933112,0.004467,0.359459,-215.133957,96.607613,84.550789
529,4.408333,-0.008509,0.933104,0.004525,0.359477,-215.135696,96.606911,84.550102
530,4.416667,-0.008320,0.933099,0.004523,0.359495,-215.135834,96.605034,84.552002
531,4.425000,-0.008419,0.933067,0.004641,0.359574,-215.136078,96.603493,84.553558
532,4.433333,-0.008563,0.933049,0.004674,0.359616,-215.136047,96.603241,84.553284
533,4.441667,-0.008536,0.933050,0.004503,0.359616,-215.136414,96.606506,84.552132
534,4.450000,-0.008821,0.933033,0.004338,0.359656,-215.135452,96.608978,84.549683
535,4.458333,-0.008723,0.933022,0.004195,0.359689,-215.134247,96.610451,84.549797
536,4.466667,-0.008744,0.932996,0.004113,0.359756,-215.132782,96.611244,84.549194
537,4.475000,-0.008801,0.933029,0.004221,0.359668,-215.132065,96.610130,84.550049
538,4.483333,-0.008872,0.933004,0.004278,0.359731,-215.130539,96.607903,84.551102
539,4.491667,-0.008818,0.932997,0.004244,0.359750,-215.129379,96.608101,84.550697
540,4.500000,-0.008815,0.933008,0.004199,0.359724,-215.129684,96.609459,84.549057
541,4.508333,-0.009068,0.933005,0.004229,0.359725,-215.131927,96.611404,84.546654
542,4.516667,-0.009101,0.932985,0.004095,0.359777,-215.134186,96.612038,84.544823
543,4.525000,-0.009099,0.932985,0.004052,0.359778,-215.135574,96.611855,84.545319
544,4.533333,-0.009036,0.932963,0.004063,0.359837,-215.136337,96.610626,84.545563
545,4.541667,-0.008944,0.932974,0.004189,0.359809,-215.137268,96.609863,84.546875
546,4.550000,-0.009062,0.933001,0.004281,0.359735,-215.137390,96.609573,84.546585
547,4.558333,-0.008946,0.933000,0.004191,0.359742,-215.138657,96.610214,84.546227
548,4.566667,-0.008954,0.932984,0.004213,0.359781,-215.138672,96.611252,84.546814
549,4.575000,-0.009014,0.932976,0.004179,0.359801,-215.138062,96.611946,84.547653
550,4.583333,-0.009008,0.932990,0.004124,0.359766,-215.136749,96.611000,84.550323
551,4.591667,-0.009056,0.932971,0.004089,0.359814,-215.135406,96.611008,84.550301
552,4.600000,-0.009056,0.932986,0.004171,0.359775,-215.133545,96.610046,84.552261
553,4.608333,-0.008943,0.932968,0.004164,0.359825,-215.131805,96.610550,84.552032
554,4.616667,-0.008959,0.932972,0.004092,0.359815,-215.131088,96.612076,84.550323
555,4.625000,-0.008988,0.932987,0.003998,0.359777,-215.129379,96.612053,84.550240
556,4.633333,-0.009041,0.932988,0.004001,0.359773,-215.128677,96.612335,84.549973
557,4.641667,-0.009056,0.932994,0.004076,0.359755,-215.127808,96.612297,84.550697
558,4.650000,-0.009058,0.932976,0.004066,0.359803,-215.127533,96.611649,84.550598
559,4.658333,-0.008966,0.932979,0.004052,0.359796,-215.127808,96.611855,84.549866
560,4.666667,-0.009001,0.932982,0.004081,0.359787,-215.127869,96.612129,84.549110
561,4.675000,-0.008990,0.932956,0.004023,0.359855,-215.127914,96.611885,84.547447
562,4.683333,-0.008890,0.932987,0.004138,0.359777,-215.128250,96.612160,84.547989
563,4.691667,-0.008886,0.932985,0.004153,0.359782,-215.128830,96.612480,84.548225
564,4.700000,-0.008858,0.933004,0.004275,0.359732,-215.129639,96.610931,84.550079
565,4.708333,-0.008903,0.932978,0.004219,0.359799,-215.129761,96.610649,84.550316
566,4.716667,-0.008938,0.932995,0.004146,0.359755,-215.129852,96.610947,84.550064
567,4.725000,-0.008860,0.932981,0.004159,0.359791,-215.129471,96.610947,84.551147
568,4.733333,-0.008903,0.932979,0.004211,0.359797,-215.128067,96.610680,84.552841
569,4.741667,-0.008899,0.932988,0.004216,0.359773,-215.125992,96.610611,84.554489
570,4.750000,-0.008766,0.932992,0.004062,0.359767,-215.124298,96.611336,84.554482
571,4.758333,-0.008829,0.933010,0.004163,0.359719,-215.122086,96.610207,84.555695
572,4.766667,-0.008664,0.933016,0.004146,0.359707,-215.118286,96.610466,84.556358
573,4.775000,-0.008609,0.933040,0.004302,0.359644,-215.115784,96.610161,84.557465
574,4.783333,-0.008495,0.933065,0.004334,0.359582,-215.112228,96.608894,84.558556
575,4.791667,-0.008609,0.933096,0.004384,0.359497,-215.108612,96.610039,84.559425
576,4.800000,-0.008585,0.933125,0.004378,0.359423,-215.106415,96.610428,84.559196
577,4.808333,-0.008228,0.933092,0.004404,0.359516,-215.105087,96.608772,84.559837
578,4.816667,-0.008436,0.933105,0.004533,0.359475,-215.105850,96.609779,84.558098
579,4.825000,-0.008382,0.933138,0.004494,0.359394,-215.105652,96.609665,84.557320
580,4.833333,-0.008390,0.933108,0.004452,0.359471,-215.106491,96.610023,84.556190
581,4.841667,-0.009276,0.933169,0.004249,0.359294,-215.114258,96.617416,84.549423
582,4.850000,-0.009609,0.933208,0.004282,0.359183,-215.115707,96.620102,84.545174
583,4.858333,-0.009543,0.933251,0.004470,0.359071,-215.112045,96.619026,84.548454
584,4.866667,-0.009393,0.933268,0.004504,0.359031,-215.111252,96.618309,84.550705
585,4.875000,-0.009364,0.933262,0.004436,0.359048,-215.111328,96.616608,84.551102
586,4.883333,-0.009246,0.933247,0.004369,0.359090,-215.112274,96.615555,84.550797
587,4.891667,-0.009078,0.933238,0.004420,0.359117,-215.112350,96.614746,84.551216
588,4.900000,-0.008847,0.933252,0.004488,0.359086,-215.111877,96.614975,84.552803
589,4.908333,-0.008814,0.933236,0.004521,0.359126,-215.111115,96.614105,84.553894
590,4.916667,-0.008875,0.933248,0.004537,0.359094,-215.111023,96.614029,84.553894
591,4.925000,-0.009080,0.933264,0.004555,0.359048,-215.110153,96.612923,84.554161
592,4.933333,-0.009162,0.933253,0.004542,0.359074,-215.110092,96.613106,84.553108
593,4.941667,-0.009247,0.933258,0.004534,0.359059,-215.109985,96.613426,84.551819
594,4.950000,-0.009098,0.933244,0.004386,0.359102,-215.110703,96.616020,84.548927
595,4.958333,-0.009081,0.933284,0.004499,0.358997,-215.109924,96.614143,84.548775
596,4.966667,-0.009000,0.933284,0.004535,0.358997,-215.110428,96.613716,84.548729
597,4.975000,-0.009019,0.933277,0.004575,0.359015,-215.111969,96.614090,84.547493
598,4.983333,-0.009278,0.933273,0.004589,0.359019,-215.112549,96.615005,84.545738
599,4.991667,-0.009244,0.933280,0.004553,0.359002,-215.113159,96.614662,84.544197
600,5.000000,-0.009384,0.933299,0.004637,0.358947,-215.114334,96.615852,84.544876
601,5.008333,-0.009353,0.933284,0.004458,0.358990,-215.115356,96.618942,84.544632
602,5.016667,-0.009422,0.933265,0.004315,0.359039,-215.115356,96.622108,84.544586
603,5.025000,-0.009611,0.933292,0.004263,0.358965,-215.115311,96.627113,84.547401
604,5.033333,-0.009743,0.933275,0.004229,0.359006,-215.115005,96.632614,84.551331
605,5.041667,-0.009808,0.933262,0.004253,0.359037,-215.113327,96.639130,84.557495
606,5.050000,-0.008329,0.933326,0.004083,0.358910,-215.105682,96.632782,84.559158
607,5.058333,-0.009387,0.933149,0.003918,0.359346,-215.113144,96.651230,84.570549
608,5.066667,-0.009542,0.933305,0.003118,0.358944,-215.108200,96.659210,84.563950
609,5.075000,-0.009267,0.933322,0.002754,0.358910,-215.105957,96.666298,84.571144
610,5.083333,-0.009362,0.933348,0.002712,0.358841,-215.100128,96.672836,84.583946
611,5.091667,-0.009222,0.933383,0.002719,0.358753,-215.092728,96.679779,84.596207
612,5.100000,-0.009372,0.933422,0.002630,0.358648,-215.087799,96.690376,84.605103
613,5.108333,-0.009365,0.933488,0.002342,0.358479,-215.082336,96.701530,84.617249
614,5.116667,-0.009396,0.933533,0.002108,0.358362,-215.077301,96.711395,84.628616
615,5.125000,-0.009309,0.933549,0.002183,0.358323,-215.072769,96.717506,84.642082
616,5.133333,-0.009186,0.933584,0.002135,0.358235,-215.068893,96.720390,84.657249
617,5.141667,-0.008833,0.933613,0.001977,0.358170,-215.063995,96.719910,84.673676
618,5.150000,-0.008635,0.933709,0.001997,0.357922,-215.059998,96.721581,84.691589
619,5.158333,-0.008635,0.933788,0.002254,0.357717,-215.053818,96.720947,84.709023
620,5.166667,-0.007650,0.933536,0.002961,0.358389,-215.046265,96.710609,84.754013
621,5.175000,-0.007707,0.933430,0.002812,0.358667,-215.036087,96.697800,84.786530
622,5.183333,-0.008702,0.933481,0.002715,0.358511,-215.005829,96.692017,84.824623
623,5.191667,-0.008966,0.933797,0.003768,0.357672,-214.982788,96.646446,84.880783
624,5.200000,-0.010013,0.933878,0.005194,0.357415,-214.945953,96.609131,84.934372
625,5.208333,-0.011003,0.933976,0.005831,0.357120,-214.918106,96.581223,84.971886
626,5.216667,-0.011120,0.934210,0.006001,0.356499,-214.882538,96.551384,85.018692
627,5.225000,-0.009873,0.934537,0.006352,0.355674,-214.845032,96.508453,85.065872
628,5.233333,-0.009178,0.934953,0.007560,0.354574,-214.787674,96.483627,85.117470
629,5.241667,-0.007328,0.934928,0.008590,0.354659,-214.740341,96.425491,85.193230
630,5.250000,-0.007082,0.935219,0.009340,0.353876,-214.695007,96.333328,85.239517
631,5.258333,-0.009213,0.935451,0.009563,0.353208,-214.632370,96.280273,85.310432
632,5.266667,-0.008618,0.935499,0.010034,0.353082,-214.602570,96.215729,85.367203
633,5.275000,-0.007499,0.935730,0.011005,0.352466,-214.578461,96.142586,85.426270
634,5.283333,-0.004381,0.935733,0.011979,0.352478,-214.538437,96.053780,85.497658
635,5.291667,-0.004873,0.935821,0.013918,0.352168,-214.499420,95.966705,85.573036
636,5.300000,-0.005591,0.935884,0.015203,0.351936,-214.468079,95.896378,85.635971
637,5.308333,-0.005402,0.936025,0.015771,0.351539,-214.435455,95.835785,85.702858
638,5.316667,-0.003957,0.936182,0.016530,0.351103,-214.385681,95.774666,85.780579
639,5.325000,-0.004052,0.936106,0.016369,0.351314,-214.346344,95.742508,85.853798
640,5.333333,-0.003139,0.936256,0.015938,0.350943,-214.302490,95.715485,85.912697
641,5.341667,-0.003637,0.936852,0.016591,0.349314,-214.248703,95.659058,85.970360
642,5.350000,-0.004013,0.937198,0.017416,0.348339,-214.209915,95.618332,86.032661
643,5.358333,-0.003756,0.937520,0.017451,0.347474,-214.178421,95.595886,86.093575
644,5.366667,-0.003805,0.937792,0.018344,0.346691,-214.137390,95.584946,86.157684
645,5.375000,-0.003744,0.937896,0.017535,0.346453,-214.082809,95.577415,86.221466
646,5.383333,-0.003892,0.938129,0.016616,0.345864,-214.034729,95.574974,86.279526
647,5.391667,-0.003112,0.938397,0.016795,0.345137,-213.984589,95.567413,86.343933
648,5.400000,-0.003119,0.938475,0.016313,0.344947,-213.937958,95.579185,86.399910
649,5.408333,-0.003186,0.938624,0.015514,0.344579,-213.880630,95.593353,86.460152
650,5.416667,-0.005259,0.938654,0.014371,0.344520,-213.833878,95.628517,86.534576
651,5.425000,-0.008901,0.939201,0.014673,0.342938,-213.759918,95.656921,86.592361
652,5.433333,-0.006213,0.939091,0.012633,0.343379,-213.723022,95.680229,86.644478
653,5.441667,-0.005594,0.939324,0.011977,0.342776,-213.671967,95.671623,86.711052
654,5.450000,-0.006700,0.939559,0.011108,0.342143,-213.618820,95.693321,86.770393
655,5.458333,-0.009335,0.939649,0.009965,0.341867,-213.540390,95.750458,86.847725
656,5.466667,-0.006744,0.939662,0.007478,0.341955,-213.513565,95.800529,86.888901
657,5.475000,-0.005289,0.940171,0.005666,0.340615,-213.474487,95.849899,86.953445
658,5.483333,-0.008324,0.940457,0.006777,0.339742,-213.423584,95.884300,87.014839
659,5.491667,-0.010836,0.940598,0.003021,0.339336,-213.361710,95.990929,87.090157
660,5.500000,-0.011440,0.940828,0.001015,0.338691,-213.307816,96.044449,87.141891
661,5.508333,-0.014200,0.940980,0.000431,0.338163,-213.246201,96.081398,87.195999
662,5.516667,-0.013269,0.941132,-0.001630,0.337776,-213.194794,96.130829,87.253510
663,5.525000,-0.013407,0.941362,-0.003141,0.337117,-213.139511,96.171829,87.305550
664,5.533333,-0.013611,0.941623,-0.002151,0.336386,-213.087326,96.229973,87.353371
665,5.541667,-0.013828,0.941794,-0.002563,0.335897,-213.032059,96.273766,87.399811
666,5.550000,-0.014008,0.942140,-0.003403,0.334910,-212.972305,96.308601,87.448753
667,5.558333,-0.013684,0.942321,-0.004332,0.334402,-212.914856,96.340614,87.501900
668,5.566667,-0.014345,0.942471,-0.005277,0.333938,-212.862915,96.371803,87.547668
669,5.575000,-0.014734,0.942727,-0.006500,0.333178,-212.808319,96.402939,87.592278
670,5.583333,-0.014481,0.942971,-0.007760,0.332468,-212.751251,96.420448,87.634880
671,5.591667,-0.015679,0.943339,-0.007072,0.331385,-212.699310,96.420364,87.683922
672,5.600000,-0.016908,0.943582,-0.006051,0.330653,-212.649841,96.423416,87.728577
673,5.608333,-0.019359,0.943926,-0.005985,0.329535,-212.585693,96.443291,87.778816
674,5.616667,-0.020426,0.944084,-0.006376,0.329009,-212.528183,96.449089,87.823677
675,5.625000,-0.021123,0.944293,-0.006751,0.328359,-212.465408,96.448448,87.871681
676,5.633333,-0.020572,0.944403,-0.006515,0.328080,-212.403015,96.443321,87.930672
677,5.641667,-0.021316,0.944590,-0.006956,0.327485,-212.349823,96.442398,87.969940
678,5.650000,-0.020130,0.944689,-0.007270,0.327269,-212.297897,96.425316,88.017883
679,5.658333,-0.017279,0.945152,-0.007931,0.326076,-212.244888,96.407394,88.054504
680,5.666667,-0.016128,0.945372,-0.009736,0.325449,-212.184280,96.383133,88.094627
681,5.675000,-0.017520,0.945574,-0.010580,0.324762,-212.095169,96.391144,88.155052
682,5.683333,-0.017010,0.945724,-0.011097,0.324336,-212.040115,96.380714,88.195107
683,5.691667,-0.018320,0.946015,-0.008290,0.323499,-212.004929,96.351715,88.221230
684,5.700000,-0.018775,0.946081,-0.007971,0.323289,-211.955002,96.314034,88.254669
685,5.708333,-0.018285,0.946287,-0.008024,0.322711,-211.900146,96.283035,88.293831
686,5.716667,-0.020063,0.946611,-0.007126,0.321675,-211.823090,96.267799,88.342613
687,5.725000,-0.019176,0.946796,-0.005621,0.321212,-211.758011,96.234337,88.401062
688,5.733333,-0.018247,0.946837,-0.005643,0.321146,-211.709305,96.200600,88.435837
689,5.741667,-0.017423,0.947025,-0.007970,0.320589,-211.628632,96.157883,88.475471
690,5.750000,-0.016605,0.947343,-0.009234,0.319658,-211.563446,96.124474,88.511185
691,5.758333,-0.018613,0.947572,-0.008286,0.318892,-211.502960,96.086319,88.545151
692,5.766667,-0.019350,0.947721,-0.007101,0.318433,-211.456589,96.051331,88.572868
693,5.775000,-0.019090,0.948026,-0.005415,0.317575,-211.395386,96.045715,88.612274
694,5.783333,-0.018881,0.948250,-0.004774,0.316926,-211.344666,96.029015,88.642136
695,5.791667,-0.019104,0.948477,-0.003826,0.316246,-211.268036,96.014694,88.696167
696,5.800000,-0.019961,0.948746,-0.003942,0.315385,-211.207336,96.005333,88.733170
697,5.808333,-0.017966,0.948749,-0.004983,0.315480,-211.146164,95.968719,88.783920
698,5.816667,-0.015864,0.949098,-0.005551,0.314532,-211.090057,95.931915,88.812279
699,5.825000,-0.014614,0.949373,-0.006145,0.313750,-211.037781,95.905754,88.839325
700,5.833333,-0.016695,0.949516,-0.006009,0.313215,-210.973053,95.868744,88.876205
701,5.841667,-0.019701,0.949593,-0.005869,0.312810,-210.896515,95.855797,88.923515
702,5.850000,-0.020455,0.949919,-0.006450,0.311760,-210.834076,95.844696,88.958977
703,5.858333,-0.020253,0.950153,-0.006924,0.311049,-210.773300,95.831612,88.987259
704,5.866667,-0.019425,0.950467,-0.004896,0.310180,-210.714905,95.828850,89.013138
705,5.875000,-0.019836,0.950656,-0.003730,0.309590,-210.635666,95.816360,89.062462
706,5.883333,-0.017434,0.950788,-0.003683,0.309329,-210.567596,95.783768,89.107224
707,5.891667,-0.016729,0.951059,-0.003821,0.308532,-210.506821,95.770508,89.135956
708,5.900000,-0.016280,0.951345,-0.004240,0.307668,-210.436966,95.760147,89.167389
709,5.908333,-0.018752,0.951615,-0.002980,0.306705,-210.361404,95.733795,89.203995
710,5.916667,-0.018901,0.951880,-0.002961,0.305874,-210.296494,95.719566,89.236038
711,5.925000,-0.018950,0.952262,-0.002862,0.304681,-210.236816,95.702209,89.264648
712,5.933333,-0.019961,0.952383,-0.003715,0.304229,-210.180847,95.693565,89.298515
713,5.941667,-0.020773,0.952757,-0.004321,0.302993,-210.105652,95.695625,89.325668
714,5.950000,-0.019022,0.952920,-0.005753,0.302571,-210.030075,95.653328,89.363571
715,5.958333,-0.017808,0.953074,-0.005734,0.302160,-209.964783,95.621017,89.419746
716,5.966667,-0.016993,0.953430,-0.003997,0.301109,-209.914322,95.616150,89.450317
717,5.975000,-0.017037,0.953518,-0.003734,0.300829,-209.846756,95.606148,89.480080
718,5.983333,-0.017011,0.953740,-0.003895,0.300127,-209.774750,95.595627,89.518143
719,5.991667,-0.019230,0.954069,-0.002957,0.298955,-209.697052,95.559395,89.553680
720,6.000000,-0.018571,0.954428,-0.002683,0.297849,-209.626389,95.531555,89.570541
721,6.008333,-0.018485,0.954637,-0.002262,0.297191,-209.563782,95.518860,89.594742
722,6.016667,-0.019430,0.954862,-0.003154,0.296397,-209.482056,95.526901,89.636734
723,6.025000,-0.019528,0.954991,-0.003235,0.295974,-209.418915,95.517128,89.667770
724,6.033333,-0.018684,0.955222,-0.003162,0.295282,-209.355591,95.499115,89.693420
725,6.041667,-0.017884,0.955476,-0.003308,0.294507,-209.292862,95.480049,89.717445
726,6.050000,-0.016643,0.955571,-0.005072,0.294248,-209.213379,95.444817,89.759216
727,6.058333,-0.016761,0.955670,-0.006462,0.293891,-209.142609,95.430153,89.790634
728,6.066667,-0.017200,0.955772,-0.006881,0.293523,-209.075241,95.430756,89.835258
729,6.075000,-0.019155,0.956210,-0.003161,0.292037,-209.002213,95.420616,89.867058
730,6.083333,-0.019454,0.956350,-0.003151,0.291558,-208.909607,95.405830,89.904037
731,6.091667,-0.019471,0.956617,-0.002990,0.290682,-208.852219,95.385170,89.927765
732,6.100000,-0.019258,0.956890,-0.003283,0.289794,-208.795303,95.362511,89.943901
733,6.108333,-0.019477,0.957258,-0.003632,0.288556,-208.731750,95.338051,89.964027
734,6.116667,-0.020959,0.957308,-0.003333,0.288291,-208.644821,95.332039,90.005653
735,6.125000,-0.020778,0.957582,-0.002682,0.287397,-208.575958,95.311508,90.035667
736,6.133333,-0.020831,0.957775,-0.002339,0.286753,-208.510849,95.291527,90.057869
737,6.141667,-0.020225,0.957954,-0.001556,0.286205,-208.444183,95.271530,90.084610
738,6.150000,-0.020833,0.958105,-0.001176,0.285657,-208.357361,95.268982,90.120239
739,6.158333,-0.020434,0.958225,-0.001624,0.285279,-208.293335,95.258980,90.155029
740,6.166667,-0.019752,0.958417,-0.001918,0.284681,-208.226746,95.241219,90.185555
741,6.175000,-0.019876,0.958748,-0.001932,0.283555,-208.152725,95.227913,90.212486
742,6.183333,-0.021887,0.959086,-0.002768,0.282255,-208.059280,95.227943,90.232559
743,6.191667,-0.022134,0.959202,-0.002977,0.281837,-207.995483,95.204758,90.257713
744,6.200000,-0.020852,0.959403,-0.002886,0.281253,-207.929855,95.171532,90.281830
745,6.208333,-0.020296,0.959659,-0.002385,0.280423,-207.868820,95.149269,90.303215
746,6.216667,-0.020289,0.959858,-0.002158,0.279743,-207.796890,95.136177,90.326843
747,6.225000,-0.020541,0.959967,-0.001579,0.279354,-207.715790,95.125702,90.363556
748,6.233333,-0.019133,0.960151,-0.000628,0.278824,-207.639496,95.104813,90.402000
749,6.241667,-0.018411,0.960380,-0.000168,0.278086,-207.563782,95.093102,90.432922
750,6.250000,-0.018259,0.960680,-0.000082,0.277057,-207.490372,95.083023,90.457428
751,6.258333,-0.019408,0.960766,-0.000477,0.276680,-207.421295,95.080070,90.487274
752,6.266667,-0.018679,0.961062,-0.001134,0.275699,-207.338623,95.055336,90.506226
753,6.275000,-0.018475,0.961282,-0.001528,0.274942,-207.261276,95.037956,90.534149
754,6.283333,-0.019518,0.961446,-0.000918,0.274299,-207.183365,95.023941,90.562759
755,6.291667,-0.022407,0.961559,-0.001086,0.273680,-207.101517,95.041832,90.591331
756,6.300000,-0.020753,0.961671,-0.002502,0.273408,-207.035110,95.031776,90.606407
757,6.308333,-0.019106,0.962028,-0.003571,0.272258,-206.960968,95.013725,90.631676
758,6.316667,-0.018429,0.962410,-0.004512,0.270936,-206.886765,95.005501,90.656898
759,6.325000,-0.018663,0.962913,-0.002678,0.269154,-206.793976,94.973862,90.703705
760,6.333333,-0.018636,0.963022,-0.002300,0.268767,-206.719421,94.958366,90.730255
761,6.341667,-0.018077,0.963178,-0.001858,0.268248,-206.646973,94.935158,90.742752
762,6.350000,-0.019288,0.963063,-0.001281,0.268580,-206.588333,94.924156,90.771172
763,6.358333,-0.020175,0.963117,-0.000223,0.268326,-206.527161,94.910912,90.791229
764,6.366667,-0.021960,0.963395,-0.000532,0.267186,-206.444305,94.913635,90.811813
765,6.375000,-0.021079,0.963531,-0.002222,0.266755,-206.372253,94.891953,90.838127
766,6.383333,-0.020441,0.963759,-0.003544,0.265967,-206.302429,94.877144,90.856796
767,6.391667,-0.020013,0.964063,-0.003955,0.264891,-206.229477,94.871048,90.881241
768,6.400000,-0.018043,0.964379,-0.003509,0.263884,-206.146790,94.855843,90.905968
769,6.408333,-0.019414,0.964653,-0.002001,0.262799,-206.060715,94.835472,90.930466
770,6.416667,-0.019931,0.964872,-0.001831,0.261959,-205.985397,94.827637,90.945724
771,6.425000,-0.018940,0.965089,-0.001331,0.261231,-205.899719,94.805420,90.969688
772,6.433333,-0.019302,0.965338,-0.001155,0.260287,-205.824997,94.798508,90.981476
773,6.441667,-0.019452,0.965583,-0.000645,0.259366,-205.747345,94.785965,91.000519
774,6.450000,-0.020366,0.965619,-0.000932,0.259163,-205.678345,94.777817,91.028198
775,6.458333,-0.021096,0.965672,-0.001242,0.258903,-205.603409,94.757591,91.052628
776,6.466667,-0.021573,0.965820,-0.001530,0.258309,-205.527573,94.748535,91.073776
777,6.475000,-0.023479,0.966149,-0.001467,0.256910,-205.432098,94.754814,91.090576
778,6.483333,-0.022740,0.966317,-0.001678,0.256343,-205.354019,94.729866,91.116890
779,6.491667,-0.022465,0.966552,-0.001524,0.255481,-205.285889,94.713684,91.130676
780,6.500000,-0.022309,0.966712,-0.001509,0.254887,-205.216568,94.701569,91.141968
781,6.508333,-0.021141,0.966955,-0.001322,0.254065,-205.130905,94.683861,91.152885
782,6.516667,-0.020383,0.967254,-0.000814,0.252991,-205.050400,94.675240,91.177353
783,6.525000,-0.018724,0.967532,-0.000458,0.252055,-204.964371,94.655525,91.207291
784,6.533333,-0.018726,0.967727,-0.001572,0.251301,-204.875824,94.638283,91.228119
785,6.541667,-0.019277,0.967973,-0.002629,0.250301,-204.791565,94.626709,91.235855
786,6.550000,-0.020308,0.968329,-0.002298,0.248838,-204.710602,94.610733,91.245056
787,6.558333,-0.020947,0.968471,-0.001690,0.248241,-204.639053,94.603561,91.272789
788,6.566667,-0.019854,0.968513,-0.002222,0.248162,-204.564972,94.604919,91.290520
789,6.575000,-0.019714,0.968658,-0.002519,0.247602,-204.483459,94.608231,91.312599
790,6.583333,-0.021191,0.968936,-0.001221,0.246400,-204.397202,94.597260,91.330521
791,6.591667,-0.020997,0.969153,-0.000743,0.245561,-204.317307,94.581268,91.346977
792,6.600000,-0.021837,0.969395,-0.000998,0.244530,-204.243759,94.566284,91.358376
793,6.608333,-0.021414,0.969494,-0.001874,0.244170,-204.157349,94.530632,91.374825
794,6.616667,-0.021024,0.969706,-0.001857,0.243360,-204.076675,94.504288,91.376648
795,6.625000,-0.020161,0.969839,-0.001131,0.242907,-203.995850,94.484955,91.403961
796,6.633333,-0.019480,0.969999,-0.000631,0.242327,-203.917023,94.475060,91.430344
797,6.641667,-0.019634,0.970234,-0.000016,0.241371,-203.828857,94.461143,91.454086
798,6.650000,-0.020536,0.970554,-0.000279,0.240008,-203.745026,94.461678,91.460121
799,6.658333,-0.021747,0.970674,-0.000511,0.239414,-203.668350,94.459976,91.478447
800,6.666667,-0.022266,0.970885,-0.000450,0.238511,-203.596680,94.454727,91.492958
801,6.675000,-0.022652,0.971048,-0.000553,0.237807,-203.516815,94.445480,91.513756
802,6.683333,-0.022718,0.971116,-0.001290,0.237521,-203.431320,94.431763,91.533028
803,6.691667,-0.022537,0.971283,-0.001699,0.236852,-203.350540,94.421761,91.542404
804,6.700000,-0.022676,0.971484,-0.001779,0.236013,-203.270340,94.414864,91.550568
805,6.708333,-0.021709,0.971821,-0.001057,0.234718,-203.187271,94.399887,91.557449
806,6.716667,-0.022182,0.971914,-0.001393,0.234284,-203.108932,94.397644,91.584625
807,6.725000,-0.019897,0.972234,-0.001222,0.233159,-203.011749,94.368134,91.605515
808,6.733333,-0.020188,0.972442,-0.001005,0.232267,-202.926849,94.347290,91.614822
809,6.741667,-0.020474,0.972671,-0.000913,0.231282,-202.844833,94.332260,91.621193
810,6.750000,-0.019266,0.972914,-0.001750,0.230355,-202.765747,94.329483,91.616913
811,6.758333,-0.017349,0.973414,-0.002204,0.228384,-202.672531,94.309105,91.612312
812,6.766667,-0.019541,0.973524,-0.000899,0.227745,-202.598709,94.292671,91.635468
813,6.775000,-0.021626,0.973548,-0.000903,0.227455,-202.520020,94.288376,91.658829
814,6.783333,-0.022620,0.973528,-0.000939,0.227445,-202.451920,94.283569,91.667213
815,6.791667,-0.023014,0.973614,-0.000357,0.227039,-202.378159,94.274910,91.659950
816,6.800000,-0.022805,0.973857,0.000383,0.226014,-202.303619,94.261513,91.646179
817,6.808333,-0.023070,0.973942,0.000236,0.225621,-202.237183,94.253845,91.647675
818,6.816667,-0.023230,0.973970,-0.001004,0.225480,-202.169083,94.255737,91.662170
819,6.825000,-0.022916,0.974173,-0.001704,0.224631,-202.095978,94.253197,91.659615
820,6.833333,-0.022808,0.974476,-0.002377,0.223318,-202.026611,94.259109,91.646088
821,6.841667,-0.022239,0.974965,-0.001469,0.221238,-201.950836,94.245766,91.628395
822,6.850000,-0.022708,0.975192,-0.001029,0.220189,-201.889130,94.249504,91.620026
823,6.858333,-0.023818,0.975269,-0.001169,0.219732,-201.834793,94.259216,91.624107
824,6.866667,-0.022519,0.975220,-0.000709,0.220086,-201.776810,94.245796,91.638359
825,6.875000,-0.022654,0.975308,-0.000933,0.219681,-201.720215,94.233864,91.631012
826,6.883333,-0.020718,0.975327,-0.002433,0.219779,-201.666214,94.224327,91.616226
827,6.891667,-0.019450,0.975613,-0.002923,0.218615,-201.605865,94.206711,91.602989
828,6.900000,-0.019715,0.975855,-0.001706,0.217520,-201.541016,94.173141,91.594795
829,6.908333,-0.020980,0.975936,-0.001326,0.217039,-201.482010,94.164719,91.595993
830,6.916667,-0.021127,0.976039,-0.000960,0.216566,-201.430252,94.150879,91.591385
831,6.925000,-0.021394,0.976204,-0.000643,0.215794,-201.375153,94.134789,91.579994
832,6.933333,-0.021475,0.976376,-0.000550,0.215006,-201.323242,94.117378,91.564468
833,6.941667,-0.021586,0.976638,-0.000279,0.213803,-201.271088,94.102966,91.536469
834,6.950000,-0.021170,0.976649,-0.000375,0.213797,-201.220352,94.075081,91.521790
835,6.958333,-0.021918,0.976582,-0.000552,0.214027,-201.180359,94.060890,91.519302
836,6.966667,-0.022334,0.976575,-0.000396,0.214017,-201.143478,94.042618,91.516136
837,6.975000,-0.022046,0.976721,-0.000102,0.213380,-201.102356,94.010094,91.505661
838,6.983333,-0.021535,0.977073,0.001280,0.211810,-201.051544,93.961082,91.485840
839,6.991667,-0.020216,0.977156,0.002164,0.211548,-201.004440,93.909973,91.478470
840,7.000000,-0.020064,0.977188,0.002163,0.211416,-200.962250,93.871201,91.464737
841,7.008333,-0.020243,0.977140,0.001285,0.211625,-200.909775,93.837013,91.449028
842,7.016667,-0.020388,0.977212,0.001077,0.211283,-200.868149,93.810066,91.429825
843,7.025000,-0.019993,0.977342,0.001155,0.210719,-200.824768,93.780884,91.415550
844,7.033333,-0.020017,0.977681,0.002377,0.209125,-200.779984,93.752586,91.397522
845,7.041667,-0.019901,0.977880,0.003154,0.208193,-200.741699,93.714523,91.388237
846,7.050000,-0.019892,0.977989,0.003773,0.207673,-200.706192,93.679649,91.381630
847,7.058333,-0.020024,0.977981,0.003939,0.207694,-200.667603,93.648483,91.386948
848,7.066667,-0.020630,0.977984,0.004746,0.207602,-200.624008,93.607124,91.388695
849,7.075000,-0.020956,0.977988,0.005093,0.207542,-200.575882,93.560844,91.382278
850,7.083333,-0.020484,0.978122,0.005556,0.206946,-200.524948,93.509308,91.370979
851,7.091667,-0.018498,0.978304,0.006776,0.206236,-200.474121,93.445000,91.366035
852,7.100000,-0.016576,0.978539,0.007299,0.205262,-200.421661,93.380211,91.361984
853,7.108333,-0.016428,0.978602,0.007083,0.204981,-200.376602,93.340683,91.372871
854,7.116667,-0.016565,0.978677,0.007248,0.204608,-200.338913,93.311111,91.375778
855,7.125000,-0.017732,0.978667,0.007954,0.204531,-200.302170,93.299576,91.386604
856,7.133333,-0.017786,0.978773,0.008502,0.203998,-200.256180,93.280807,91.384270
857,7.141667,-0.015798,0.979162,0.009482,0.202246,-200.191208,93.244263,91.364563
858,7.150000,-0.015486,0.979201,0.009496,0.202080,-200.138443,93.224297,91.353348
859,7.158333,-0.014887,0.979270,0.009401,0.201794,-200.092392,93.213402,91.349007
860,7.166667,-0.014620,0.979298,0.008875,0.201701,-200.048019,93.208595,91.351845
861,7.175000,-0.014215,0.979334,0.008768,0.201561,-200.001663,93.205086,91.358437
862,7.183333,-0.016065,0.979365,0.009948,0.201214,-199.947495,93.193665,91.361458
863,7.191667,-0.016745,0.979402,0.010568,0.200945,-199.899078,93.189774,91.358498
864,7.200000,-0.017139,0.979497,0.011008,0.200424,-199.847107,93.191032,91.357124
865,7.208333,-0.016326,0.979724,0.011266,0.199365,-199.789734,93.186722,91.354385
866,7.216667,-0.016433,0.979829,0.011096,0.198852,-199.737244,93.196175,91.355583
867,7.225000,-0.016442,0.979900,0.010559,0.198532,-199.682419,93.210953,91.356339
868,7.233333,-0.016132,0.979973,0.010873,0.198176,-199.626541,93.228172,91.360878
869,7.241667,-0.016607,0.980034,0.010442,0.197860,-199.575562,93.251106,91.361824
870,7.250000,-0.017093,0.980240,0.009948,0.196819,-199.517532,93.271439,91.352486
871,7.258333,-0.018683,0.980317,0.008623,0.196353,-199.453278,93.296379,91.374519
872,7.266667,-0.019139,0.980334,0.007821,0.196258,-199.407257,93.307587,91.387474
873,7.275000,-0.018643,0.980569,0.007836,0.195128,-199.353180,93.310371,91.382164
874,7.283333,-0.018467,0.980719,0.007686,0.194398,-199.307617,93.315819,91.381821
875,7.291667,-0.017671,0.980923,0.007876,0.193433,-199.263931,93.315948,91.373482
876,7.300000,-0.016840,0.981019,0.008045,0.193014,-199.219818,93.313980,91.375389
877,7.308333,-0.016458,0.981116,0.008079,0.192547,-199.174591,93.314766,91.373672
878,7.316667,-0.016321,0.981133,0.008164,0.192470,-199.128967,93.314476,91.375504
879,7.325000,-0.016463,0.981107,0.008300,0.192586,-199.082230,93.309227,91.372269
880,7.333333,-0.018132,0.981037,0.007785,0.192812,-199.022614,93.315956,91.389359
881,7.341667,-0.018833,0.981225,0.007484,0.191797,-198.956985,93.310112,91.394417
882,7.350000,-0.019110,0.981354,0.006917,0.191134,-198.901123,93.304329,91.391998
883,7.358333,-0.017560,0.981575,0.006434,0.190159,-198.839050,93.285538,91.383018
884,7.366667,-0.017019,0.981733,0.006299,0.189395,-198.789139,93.275574,91.371666
885,7.375000,-0.016032,0.982111,0.006323,0.187515,-198.737610,93.268700,91.346260
886,7.383333,-0.015117,0.982234,0.006349,0.186945,-198.700607,93.264221,91.338417
887,7.391667,-0.014593,0.982325,0.006635,0.186496,-198.664825,93.257149,91.332588
888,7.400000,-0.014903,0.982370,0.007438,0.186205,-198.625046,93.241821,91.332375
889,7.408333,-0.017002,0.982216,0.007924,0.186815,-198.597946,93.249046,91.342888
890,7.416667,-0.017541,0.982200,0.008601,0.186820,-198.564453,93.238350,91.342316
891,7.425000,-0.017893,0.982182,0.008956,0.186866,-198.521667,93.219711,91.338654
892,7.433333,-0.017751,0.982197,0.008908,0.186799,-198.469162,93.195343,91.330246
893,7.441667,-0.019230,0.982160,0.008404,0.186872,-198.414001,93.192970,91.340981
894,7.450000,-0.018469,0.982174,0.008722,0.186861,-198.368698,93.174309,91.346268
895,7.458333,-0.018426,0.982271,0.008492,0.186365,-198.329086,93.167160,91.339027
896,7.466667,-0.017738,0.982556,0.008617,0.184919,-198.286621,93.158981,91.321838
897,7.475000,-0.017390,0.982700,0.008733,0.184177,-198.252914,93.156273,91.313080
898,7.483333,-0.016637,0.982987,0.008943,0.182700,-198.212173,93.145401,91.291313
899,7.491667,-0.015992,0.983110,0.009235,0.182083,-198.173874,93.130852,91.275009
900,7.500000,-0.015263,0.983214,0.009516,0.181569,-198.132904,93.107971,91.261192
901,7.508333,-0.014693,0.983249,0.009874,0.181406,-198.095657,93.090668,91.249390
902,7.516667,-0.014646,0.983247,0.009654,0.181430,-198.064865,93.081490,91.236801
903,7.525000,-0.016305,0.983163,0.008834,0.181785,-198.026031,93.091515,91.243073
904,7.533333,-0.016679,0.983066,0.008771,0.182279,-198.006088,93.093620,91.239182
905,7.541667,-0.016207,0.983218,0.009135,0.181484,-197.979706,93.085655,91.222397
906,7.550000,-0.016033,0.983220,0.009180,0.181488,-197.963684,93.080589,91.215408
907,7.558333,-0.015991,0.983214,0.009376,0.181514,-197.953293,93.078140,91.209564
908,7.566667,-0.016080,0.983219,0.009456,0.181475,-197.948151,93.076309,91.206627
909,7.575000,-0.016099,0.983200,0.009486,0.181573,-197.944962,93.070427,91.208107
910,7.583333,-0.015990,0.983204,0.009582,0.181554,-197.942200,93.060074,91.212234
911,7.591667,-0.015922,0.983184,0.009388,0.181678,-197.938126,93.041908,91.222115
912,7.600000,-0.015989,0.983222,0.009770,0.181445,-197.932526,93.019341,91.234131
913,7.608333,-0.015909,0.983247,0.009977,0.181309,-197.922806,92.993004,91.244225
914,7.616667,-0.016113,0.983333,0.010704,0.180783,-197.903229,92.955208,91.248360
915,7.625000,-0.016845,0.983234,0.010851,0.181243,-197.886856,92.939896,91.251541
916,7.633333,-0.017280,0.983225,0.011460,0.181212,-197.865479,92.929344,91.241287
917,7.641667,-0.016130,0.983382,0.011685,0.180451,-197.829956,92.908165,91.214745
918,7.650000,-0.015918,0.983469,0.011896,0.179981,-197.786484,92.887970,91.195831
919,7.658333,-0.016185,0.983535,0.012381,0.179568,-197.736984,92.862831,91.177437
920,7.666667,-0.015306,0.983741,0.012946,0.178471,-197.667679,92.813858,91.149277
921,7.675000,-0.015618,0.983729,0.009874,0.178705,-197.585114,92.747055,91.121521
922,7.683333,-0.012161,0.984223,0.012939,0.176039,-197.511612,92.688164,91.092194
923,7.691667,-0.012732,0.984285,0.013600,0.175602,-197.436844,92.638779,91.076553
924,7.700000,-0.013141,0.984355,0.012358,0.175271,-197.360687,92.597473,91.059265
925,7.708333,-0.012717,0.984559,0.009105,0.174351,-197.245697,92.516922,90.989456
926,7.716667,-0.013600,0.984636,0.005176,0.174012,-197.149628,92.455826,90.918854
927,7.725000,-0.009691,0.985199,0.013260,0.170627,-197.091156,92.481461,90.892776
928,7.733333,-0.010080,0.985147,0.012895,0.170933,-197.010391,92.497711,90.862862
929,7.741667,-0.009081,0.985252,0.013002,0.170373,-196.914398,92.488914,90.829330
930,7.750000,-0.009380,0.985345,0.010948,0.169965,-196.815231,92.473251,90.791969
931,7.758333,-0.011099,0.985648,0.009690,0.168170,-196.687637,92.464714,90.750031
932,7.766667,-0.012889,0.985853,0.008427,0.166904,-196.573135,92.474510,90.696503
933,7.775000,-0.013113,0.986089,0.012578,0.165226,-196.510101,92.530167,90.676025
934,7.783333,-0.010208,0.986291,0.011196,0.164317,-196.439270,92.534485,90.629227
935,7.791667,-0.009697,0.986510,0.010930,0.163050,-196.365967,92.540886,90.598999
936,7.800000,-0.010679,0.986596,0.008697,0.162598,-196.285385,92.526062,90.548912
937,7.808333,-0.011337,0.986524,0.006714,0.163082,-196.222610,92.505058,90.508690
938,7.816667,-0.011183,0.986405,0.004696,0.163886,-196.185150,92.473289,90.474121
939,7.825000,-0.009022,0.986543,0.003677,0.163212,-196.142532,92.437416,90.430038
940,7.833333,-0.008247,0.986577,0.003595,0.163047,-196.110016,92.429863,90.406044
941,7.841667,-0.010880,0.986698,0.006029,0.162088,-196.075180,92.425850,90.396095
942,7.850000,-0.011665,0.986706,0.006628,0.161960,-196.047333,92.434952,90.384102
943,7.858333,-0.009504,0.987035,0.013233,0.159675,-196.036377,92.486504,90.400604
944,7.866667,-0.009818,0.987096,0.013013,0.159298,-196.007156,92.495659,90.395294
945,7.875000,-0.009908,0.987120,0.012828,0.159158,-195.980118,92.504005,90.391266
946,7.883333,-0.011096,0.987005,0.010322,0.159974,-195.952850,92.489883,90.390038
947,7.891667,-0.012270,0.986900,0.007835,0.160673,-195.942200,92.472931,90.389526
948,7.900000,-0.010984,0.987156,0.011377,0.158977,-195.962372,92.493835,90.408936
949,7.908333,-0.010785,0.987161,0.012237,0.158891,-195.978195,92.497925,90.417244
950,7.916667,-0.010742,0.987111,0.012470,0.159192,-195.992111,92.502907,90.421356
951,7.925000,-0.011357,0.986896,0.009717,0.160663,-195.996826,92.489708,90.420555
952,7.933333,-0.011772,0.986741,0.007295,0.161713,-196.006165,92.469887,90.412079
953,7.941667,-0.012004,0.986712,0.005140,0.161956,-196.023239,92.452141,90.402672
954,7.950000,-0.011534,0.986685,0.004618,0.162169,-196.039124,92.440170,90.400299
955,7.958333,-0.011135,0.986709,0.004505,0.162051,-196.053162,92.431381,90.398926
956,7.966667,-0.008905,0.986688,0.005472,0.162286,-196.101562,92.406036,90.377678
957,7.975000,-0.008894,0.986758,0.005332,0.161867,-196.118561,92.381638,90.369530
958,7.983333,-0.009333,0.986841,0.005618,0.161329,-196.122925,92.329117,90.359619
959,7.991667,-0.008709,0.986727,0.003627,0.162116,-196.124161,92.294121,90.346130
960,8.000000,-0.009579,0.986653,0.004706,0.162487,-196.091278,92.274895,90.336868
961,8.008333,-0.008765,0.986546,0.005131,0.163167,-196.049850,92.269638,90.333382
962,8.016667,-0.005697,0.986588,0.005054,0.163050,-196.001358,92.263374,90.333054
963,8.025000,-0.005469,0.986564,0.003459,0.163249,-195.959869,92.254158,90.353546
964,8.033333,-0.006419,0.986482,0.001969,0.163730,-195.933380,92.249168,90.377495
965,8.041667,-0.007126,0.986218,-0.001731,0.165287,-195.921509,92.268715,90.413269
966,8.050000,-0.007065,0.986290,-0.003379,0.164837,-195.908768,92.272964,90.446991
967,8.058333,-0.006361,0.986287,-0.002796,0.164896,-195.902084,92.270737,90.499023
968,8.066667,-0.003491,0.986222,-0.001497,0.165386,-195.889740,92.248337,90.558769
969,8.075000,-0.000384,0.986192,-0.000866,0.165605,-195.866394,92.234764,90.615868
970,8.083333,0.003155,0.986331,0.000721,0.164744,-195.831207,92.224380,90.677048
971,8.091667,-0.000291,0.987195,0.008785,0.159275,-195.778519,92.169258,90.775146
972,8.100000,0.000555,0.987328,0.011745,0.158260,-195.736557,92.160835,90.850922
973,8.108333,0.002830,0.987438,0.017762,0.156980,-195.687988,92.176369,90.942719
974,8.116667,0.007934,0.987531,0.021470,0.155749,-195.619278,92.174164,91.011795
975,8.125000,0.010626,0.987420,0.024745,0.155812,-195.565109,92.182182,91.090187
976,8.133333,0.012131,0.987440,0.025381,0.155471,-195.505432,92.188057,91.146317
977,8.141667,0.012494,0.987547,0.025354,0.154765,-195.455811,92.189171,91.193771
978,8.150000,0.012064,0.987664,0.024836,0.154135,-195.429932,92.195847,91.240646
979,8.158333,0.011078,0.987765,0.025185,0.153502,-195.418457,92.203011,91.287865
980,8.166667,0.012218,0.987533,0.027190,0.154561,-195.466522,92.193489,91.329079
981,8.175000,0.012715,0.987459,0.028309,0.154793,-195.493393,92.185715,91.356789
982,8.183333,0.011957,0.987499,0.029141,0.154446,-195.493057,92.193291,91.373146
983,8.191667,0.012818,0.987586,0.029327,0.153785,-195.483810,92.183891,91.365059
984,8.200000,0.014862,0.987675,0.029035,0.153081,-195.487213,92.166901,91.343109
985,8.208333,0.013299,0.987672,0.028720,0.153305,-195.475143,92.179260,91.326370
986,8.216667,0.013646,0.987817,0.027602,0.152543,-195.457535,92.176231,91.276009
987,8.225000,0.013381,0.987891,0.026060,0.152360,-195.446457,92.177994,91.229515
988,8.233333,0.012449,0.987970,0.024317,0.152211,-195.444656,92.184502,91.190033
989,8.241667,0.011779,0.988062,0.022193,0.151997,-195.448578,92.182831,91.146240
990,8.250000,0.013434,0.987983,0.021538,0.152462,-195.527908,92.159409,91.079674
991,8.258333,0.011188,0.988045,0.019758,0.152482,-195.588058,92.160500,91.012985
992,8.266667,0.006138,0.987905,0.018312,0.153851,-195.671173,92.180565,90.963516
993,8.275000,0.003997,0.987887,0.017270,0.154160,-195.741440,92.177101,90.895149
994,8.283333,0.003449,0.987958,0.018776,0.153543,-195.805954,92.193161,90.814842
995,8.291667,0.001854,0.987966,0.017986,0.153609,-195.844177,92.205559,90.760246
996,8.300000,0.001199,0.987958,0.014740,0.154017,-195.873611,92.231300,90.708572
997,8.308333,0.001819,0.987959,0.009982,0.154386,-195.902573,92.265816,90.655502
998,8.316667,0.003376,0.987774,0.006596,0.155717,-195.964737,92.269142,90.597023
999,8.325000,0.001243,0.987763,0.005125,0.155875,-195.993729,92.279846,90.550980
1000,8.333333,0.000173,0.987747,0.004006,0.156009,-195.998398,92.276611,90.521355
1001,8.341667,0.000139,0.987743,0.003349,0.156054,-195.991714,92.276466,90.503372
1002,8.350000,-0.002871,0.987833,0.000647,0.155493,-195.942276,92.291374,90.519051
1003,8.358333,-0.003753,0.987729,-0.001390,0.156127,-195.924011,92.283371,90.519440
1004,8.366667,-0.004214,0.987686,-0.003464,0.156357,-195.909012,92.264313,90.520638
1005,8.375000,-0.002410,0.987744,-0.004047,0.156010,-195.889740,92.252037,90.509590
1006,8.383333,0.000729,0.987442,-0.001624,0.157974,-195.920807,92.220078,90.570610
1007,8.391667,0.003108,0.987234,-0.000700,0.159243,-195.915466,92.206833,90.611198
1008,8.400000,0.002822,0.988064,0.014814,0.153301,-195.882401,92.201065,90.725182
1009,8.408333,0.004635,0.987999,0.018707,0.153251,-195.843002,92.204834,90.792282
1010,8.416667,0.004988,0.987925,0.019954,0.153563,-195.795319,92.196228,90.856812
1011,8.425000,0.002874,0.987892,0.019441,0.153891,-195.719757,92.198166,90.920471
1012,8.433333,0.001708,0.987876,0.017582,0.154235,-195.626785,92.203323,90.978577
1013,8.441667,0.004849,0.988031,0.017275,0.153211,-195.537430,92.196365,91.021004
1014,8.450000,0.012556,0.987823,0.019973,0.153780,-195.529785,92.150589,91.048622
1015,8.458333,0.016156,0.987687,0.022015,0.154040,-195.500427,92.139633,91.091522
1016,8.466667,0.017240,0.987607,0.023833,0.154167,-195.477264,92.138962,91.134811
1017,8.475000,0.014736,0.987548,0.025020,0.154614,-195.475281,92.163536,91.181381
1018,8.483333,0.013878,0.987564,0.025608,0.154498,-195.473999,92.170975,91.213768
1019,8.491667,0.012641,0.987631,0.025634,0.154169,-195.479935,92.180382,91.242035
1020,8.500000,0.009865,0.987701,0.025649,0.153924,-195.487305,92.203125,91.276146
1021,8.508333,0.007725,0.987759,0.025210,0.153745,-195.486084,92.221191,91.297981
1022,8.516667,0.006012,0.987797,0.024745,0.153650,-195.486969,92.236038,91.303787
1023,8.525000,0.004950,0.987815,0.024645,0.153592,-195.493637,92.246071,91.294182
1024,8.533333,0.004349,0.987825,0.024345,0.153594,-195.500732,92.249306,91.271194
1025,8.541667,0.006785,0.987930,0.023717,0.152922,-195.504730,92.227852,91.215057
1026,8.550000,0.007246,0.987991,0.022463,0.152695,-195.516418,92.222305,91.160080
1027,8.558333,0.011603,0.987889,0.022101,0.153143,-195.569626,92.178551,91.061981
1028,8.566667,0.008584,0.987783,0.019954,0.154314,-195.617905,92.194000,90.994789
1029,8.575000,0.007504,0.987660,0.017828,0.155415,-195.657059,92.188744,90.929688
1030,8.583333,0.005769,0.987593,0.015713,0.156140,-195.708252,92.187813,90.856285
1031,8.591667,0.003816,0.987620,0.013258,0.156255,-195.759155,92.178413,90.776352
1032,8.600000,0.000965,0.987539,0.009895,0.157061,-195.800858,92.172134,90.721321
1033,8.608333,0.001102,0.987453,0.005467,0.157815,-195.832108,92.181541,90.681839
1034,8.616667,0.001865,0.987243,-0.000119,0.159209,-195.861465,92.213280,90.646851
1035,8.625000,0.005329,0.987475,0.006105,0.157565,-195.896225,92.268623,90.661942
1036,8.633333,0.005165,0.987478,0.007679,0.157483,-195.920929,92.278275,90.664978
1037,8.641667,0.004612,0.987408,0.007690,0.157940,-195.933899,92.275993,90.663261
1038,8.650000,0.004870,0.987375,0.007562,0.158144,-195.939133,92.271217,90.660759
1039,8.658333,0.005819,0.987314,0.007578,0.158492,-195.933792,92.260170,90.662888
1040,8.666667,0.006478,0.987240,0.008172,0.158897,-195.924133,92.264053,90.672935
1041,8.675000,0.008702,0.987130,0.008957,0.159430,-195.888504,92.258408,90.685883
1042,8.683333,0.003303,0.987673,0.014113,0.155860,-195.813583,92.205322,90.761482
1043,8.691667,0.003297,0.987637,0.014508,0.156053,-195.765762,92.189995,90.798363
1044,8.700000,0.002466,0.987506,0.013822,0.156956,-195.719727,92.170670,90.843597
1045,8.708333,0.004311,0.987490,0.016581,0.156746,-195.674469,92.181946,90.915184
1046,8.716667,0.004570,0.987551,0.018805,0.156103,-195.626801,92.195061,90.982086
1047,8.725000,0.007703,0.987465,0.020517,0.156309,-195.607452,92.183289,91.042183
1048,8.733333,0.010143,0.987480,0.021662,0.155919,-195.592041,92.170418,91.099503
1049,8.741667,0.010797,0.987450,0.022521,0.155944,-195.580429,92.172234,91.148720
1050,8.750000,0.010601,0.987437,0.023789,0.155854,-195.566803,92.176994,91.186890
1051,8.758333,0.009322,0.987407,0.024792,0.155965,-195.557465,92.191414,91.221825
1052,8.766667,0.008377,0.987406,0.025172,0.155965,-195.534042,92.199516,91.242615
1053,8.775000,0.008021,0.987428,0.025395,0.155810,-195.505234,92.204842,91.245476
1054,8.783333,0.009309,0.987515,0.024498,0.155329,-195.469650,92.197212,91.227219
1055,8.791667,0.009663,0.987532,0.023435,0.155364,-195.451492,92.201454,91.211807
1056,8.800000,0.009435,0.987580,0.022357,0.155235,-195.446655,92.209053,91.192276
1057,8.808333,0.008911,0.987604,0.021552,0.155222,-195.460663,92.214172,91.168610
1058,8.816667,0.007894,0.987632,0.020895,0.155191,-195.488907,92.215096,91.142441
1059,8.825000,0.008625,0.987498,0.021002,0.155985,-195.586578,92.191681,91.081451
1060,8.833333,0.006658,0.987413,0.020172,0.156732,-195.652252,92.184906,91.035545
1061,8.841667,0.005002,0.987318,0.019515,0.157471,-195.704025,92.175163,90.982780
1062,8.850000,0.004148,0.987259,0.018366,0.158006,-195.747910,92.169479,90.919235
1063,8.858333,0.004033,0.987320,0.017030,0.157775,-195.782425,92.158371,90.839989
1064,8.866667,0.002276,0.987367,0.014378,0.157777,-195.806961,92.167923,90.774658
1065,8.875000,0.001769,0.987303,0.009307,0.158569,-195.818817,92.183189,90.720566
1066,8.883333,0.002681,0.987167,0.003296,0.159632,-195.818619,92.204361,90.674683
1067,8.891667,0.002908,0.986934,-0.000865,0.161095,-195.837585,92.228653,90.639885
1068,8.900000,0.000847,0.987042,-0.001080,0.160459,-195.859085,92.230644,90.641556
1069,8.908333,-0.000209,0.987050,-0.001046,0.160408,-195.880447,92.230614,90.641075
1070,8.916667,-0.000288,0.987040,-0.000798,0.160469,-195.891357,92.226532,90.643341
1071,8.925000,0.000754,0.987032,-0.000355,0.160522,-195.887115,92.216171,90.653397
1072,8.933333,0.002700,0.987028,0.000501,0.160527,-195.870026,92.211952,90.667763
1073,8.941667,0.007151,0.987197,0.009055,0.159091,-195.860870,92.252136,90.706406
1074,8.950000,0.009100,0.987093,0.011782,0.159456,-195.835541,92.260475,90.742973
1075,8.958333,0.010404,0.987007,0.011497,0.159925,-195.806885,92.248917,90.785942
1076,8.966667,0.005377,0.987361,0.016328,0.157554,-195.752106,92.200943,90.865929
1077,8.975000,0.004411,0.987277,0.015794,0.158162,-195.700211,92.180954,90.910652
1078,8.983333,0.004106,0.987169,0.015087,0.158912,-195.651474,92.169014,90.940369
1079,8.991667,0.007604,0.987330,0.018321,0.157436,-195.602158,92.170242,90.983894
1080,9.000000,0.009354,0.987157,0.021230,0.158061,-195.599152,92.184013,91.036942
1081,9.008333,0.010477,0.987144,0.022269,0.157925,-195.581085,92.190567,91.071770
1082,9.016667,0.011058,0.987065,0.022852,0.158298,-195.579391,92.186729,91.109062
1083,9.025000,0.010178,0.987105,0.022721,0.158128,-195.586670,92.188728,91.134872
1084,9.033333,0.009062,0.987133,0.022477,0.158052,-195.597153,92.190163,91.149261
1085,9.041667,0.006711,0.987135,0.022159,0.158203,-195.607529,92.205429,91.164917
1086,9.050000,0.005089,0.987157,0.021945,0.158158,-195.610168,92.213730,91.161980
1087,9.058333,0.005066,0.987261,0.021185,0.157612,-195.603867,92.203552,91.140182
1088,9.066667,0.007617,0.987101,0.021781,0.158424,-195.646881,92.177841,91.094757
1089,9.075000,0.009648,0.986995,0.017968,0.159451,-195.671829,92.203880,91.033211
1090,9.083333,0.009573,0.986956,0.016145,0.159896,-195.670776,92.207680,90.970520
1091,9.091667,0.008473,0.986907,0.014042,0.160456,-195.678345,92.201942,90.916618
1092,9.100000,0.006389,0.986946,0.011548,0.160509,-195.700943,92.187088,90.850700
1093,9.108333,0.004362,0.987112,0.008902,0.159725,-195.728439,92.173729,90.785690
1094,9.116667,0.001846,0.987174,0.007607,0.159458,-195.744781,92.182106,90.759346
1095,9.125000,-0.000670,0.987202,0.006973,0.159321,-195.761047,92.194817,90.751152
1096,9.133333,-0.002692,0.987158,0.006580,0.159587,-195.782364,92.199142,90.746994
1097,9.141667,-0.000499,0.987348,0.014176,0.157932,-195.829300,92.243843,90.767326
1098,9.150000,-0.000583,0.987283,0.016282,0.158134,-195.858002,92.252037,90.778687
1099,9.158333,-0.000448,0.987232,0.017146,0.158362,-195.875183,92.247414,90.785034
1100,9.166667,-0.001228,0.987249,0.018901,0.158054,-195.879288,92.227554,90.792831
1101,9.175000,-0.000845,0.987193,0.019594,0.158322,-195.874969,92.210274,90.797218
1102,9.183333,0.000137,0.987137,0.020245,0.158590,-195.860031,92.197350,90.799347
1103,9.191667,0.001134,0.987122,0.019748,0.158742,-195.832001,92.179001,90.810768
1104,9.200000,0.001890,0.987060,0.018899,0.159224,-195.790375,92.163124,90.821404
1105,9.208333,0.001247,0.986970,0.016426,0.160061,-195.740341,92.150299,90.838425
1106,9.216667,0.001289,0.986927,0.015107,0.160455,-195.683182,92.146721,90.867851
1107,9.225000,0.002055,0.986970,0.015510,0.160140,-195.639664,92.155022,90.901619
1108,9.233333,0.002380,0.987074,0.016401,0.159408,-195.606659,92.167648,90.935806
1109,9.241667,0.004538,0.987212,0.016343,0.158509,-195.568329,92.156914,90.964195
1110,9.250000,0.006374,0.987466,0.018237,0.156643,-195.558609,92.172089,91.004524
1111,9.258333,0.007507,0.987325,0.021171,0.157116,-195.606995,92.175201,91.044304
1112,9.266667,0.007452,0.987301,0.022433,0.157091,-195.635101,92.172577,91.066772
1113,9.275000,0.005588,0.987372,0.022399,0.156727,-195.655899,92.180519,91.073898
1114,9.283333,0.004088,0.987412,0.022120,0.156561,-195.674927,92.183281,91.070511
1115,9.291667,0.002444,0.987435,0.021449,0.156545,-195.685440,92.188408,91.060028
1116,9.300000,0.000987,0.987477,0.020595,0.156412,-195.692093,92.194031,91.042595
1117,9.308333,-0.000039,0.987530,0.019634,0.156204,-195.695038,92.199265,91.008575
1118,9.316667,-0.000814,0.987586,0.018738,0.155957,-195.703186,92.201653,90.966728
1119,9.325000,-0.001238,0.987636,0.017418,0.155787,-195.713028,92.203827,90.919319
1120,9.333333,-0.000892,0.987670,0.016005,0.155727,-195.713699,92.191574,90.860100
1121,9.341667,0.003073,0.987495,0.019312,0.156431,-195.765335,92.180481,90.799454
1122,9.350000,0.002888,0.987340,0.019084,0.157442,-195.781006,92.172211,90.771324
1123,9.358333,0.001792,0.987261,0.018284,0.158046,-195.785934,92.165604,90.752396
1124,9.366667,0.000783,0.987243,0.016580,0.158353,-195.786377,92.157089,90.740593
1125,9.375000,-0.000643,0.987205,0.014009,0.158836,-195.783676,92.141846,90.734100
1126,9.383333,-0.001134,0.987250,0.012876,0.158651,-195.777878,92.132607,90.748444
1127,9.391667,0.002795,0.987468,0.021026,0.156390,-195.785278,92.165329,90.813286
1128,9.400000,0.002964,0.987554,0.023090,0.155550,-195.776825,92.179176,90.873482
1129,9.408333,0.001849,0.987571,0.022656,0.155519,-195.760193,92.191376,90.932785
1130,9.416667,0.001163,0.987607,0.021478,0.155465,-195.729492,92.187202,90.976074
1131,9.425000,0.000529,0.987617,0.020276,0.155567,-195.698776,92.188660,91.010269
1132,9.433333,0.000547,0.987666,0.019828,0.155315,-195.669525,92.194336,91.032661
1133,9.441667,0.001118,0.987710,0.019734,0.155044,-195.644348,92.200134,91.049988
1134,9.450000,0.001753,0.987731,0.019715,0.154907,-195.618378,92.202827,91.054245
1135,9.458333,0.002055,0.987715,0.019780,0.154999,-195.595490,92.208931,91.048729
1136,9.466667,0.002305,0.987699,0.019325,0.155153,-195.576584,92.212753,91.031357
1137,9.475000,0.002037,0.987695,0.018644,0.155267,-195.566299,92.214516,91.013245
1138,9.483333,0.001534,0.987659,0.017924,0.155584,-195.572418,92.216873,90.993202
1139,9.491667,0.000451,0.987550,0.016757,0.156412,-195.588913,92.205627,90.963593
1140,9.500000,-0.000939,0.987444,0.014711,0.157282,-195.618622,92.190804,90.930023
1141,9.508333,-0.002515,0.987432,0.012717,0.157512,-195.661636,92.174767,90.889954
1142,9.516667,-0.002856,0.987459,0.011656,0.157417,-195.699295,92.161743,90.846390
1143,9.525000,-0.000512,0.987234,0.013167,0.158733,-195.779312,92.128998,90.790070
1144,9.533333,0.002398,0.987262,0.021145,0.157674,-195.831787,92.161575,90.781975
1145,9.541667,0.002081,0.987149,0.022494,0.158198,-195.853577,92.162827,90.773430
1146,9.550000,0.001585,0.987104,0.022404,0.158499,-195.860321,92.164162,90.762619
1147,9.558333,0.001075,0.987130,0.021893,0.158409,-195.860596,92.166481,90.758690
1148,9.566667,0.000766,0.987186,0.021545,0.158108,-195.855301,92.170837,90.761078
1149,9.575000,0.000282,0.987240,0.021332,0.157803,-195.839462,92.176689,90.769127
1150,9.583333,-0.000174,0.987306,0.021080,0.157423,-195.811371,92.182175,90.784004
1151,9.591667,0.001976,0.987216,0.022199,0.157822,-195.805939,92.165848,90.805069
1152,9.600000,0.002758,0.987235,0.021426,0.157801,-195.781830,92.154808,90.837433
1153,9.608333,0.002372,0.987159,0.020233,0.158437,-195.749222,92.151047,90.872025
1154,9.616667,0.002439,0.987163,0.019424,0.158512,-195.707642,92.154205,90.907600
1155,9.625000,0.002597,0.987195,0.019562,0.158291,-195.670914,92.167023,90.938171
1156,9.633333,0.003130,0.987350,0.019723,0.157296,-195.646240,92.179581,90.966270
1157,9.641667,0.002730,0.987474,0.019509,0.156548,-195.621796,92.192665,90.994568
1158,9.650000,0.001850,0.987587,0.019282,0.155871,-195.604034,92.202820,91.020096
1159,9.658333,0.001002,0.987632,0.019184,0.155606,-195.604034,92.210823,91.040512
1160,9.666667,0.000451,0.987653,0.019032,0.155496,-195.611099,92.212288,91.047432
1161,9.675000,0.000042,0.987641,0.018991,0.155579,-195.618500,92.213387,91.041138
1162,9.683333,-0.000171,0.987632,0.018644,0.155676,-195.628723,92.212822,91.020050
1163,9.691667,-0.000394,0.987606,0.018443,0.155865,-195.639481,92.212006,90.991440
1164,9.700000,-0.000157,0.987572,0.017889,0.156145,-195.652954,92.206627,90.951447
1165,9.708333,-0.000073,0.987520,0.017242,0.156547,-195.665039,92.197182,90.900383
1166,9.716667,-0.000618,0.987432,0.015893,0.157240,-195.683197,92.188194,90.853737
1167,9.725000,-0.000878,0.987352,0.013187,0.157993,-195.698685,92.162407,90.807877
1168,9.733333,-0.000015,0.987157,0.013014,0.159224,-195.741806,92.131973,90.775459
1169,9.741667,-0.000384,0.987097,0.013406,0.159559,-195.758072,92.127853,90.774605
1170,9.750000,0.002830,0.987237,0.021263,0.157806,-195.779343,92.163322,90.809097
1171,9.758333,0.003046,0.987234,0.023538,0.157497,-195.782623,92.177078,90.844673
1172,9.766667,0.002372,0.987256,0.023332,0.157405,-195.782333,92.176048,90.879303
1173,9.775000,0.001352,0.987261,0.022168,0.157551,-195.776611,92.182617,90.915405
1174,9.783333,0.000784,0.987251,0.020755,0.157808,-195.749420,92.174377,90.941414
1175,9.791667,0.000557,0.987257,0.019875,0.157890,-195.718521,92.174164,90.963158
1176,9.800000,0.001140,0.987304,0.019593,0.157627,-195.686081,92.180298,90.982483
1177,9.808333,0.001091,0.987351,0.019557,0.157334,-195.657593,92.189827,90.993599
1178,9.816667,0.001622,0.987408,0.019176,0.157018,-195.628540,92.196678,90.993011
1179,9.825000,0.001732,0.987437,0.018601,0.156908,-195.608200,92.203606,90.991585
1180,9.833333,0.001179,0.987419,0.018415,0.157047,-195.599899,92.209015,90.981880
1181,9.841667,0.000306,0.987366,0.017574,0.157478,-195.607071,92.207169,90.966644
1182,9.850000,-0.000209,0.987385,0.017499,0.157365,-195.628891,92.206177,90.951691
1183,9.858333,-0.001089,0.987387,0.016673,0.157443,-195.656769,92.203354,90.928223
1184,9.866667,-0.001868,0.987391,0.015181,0.157558,-195.684036,92.191872,90.895256
1185,9.875000,-0.002319,0.987394,0.012775,0.157747,-195.702591,92.170738,90.853592
1186,9.883333,0.003661,0.987346,0.020275,0.157240,-195.779144,92.171547,90.824425
1187,9.891667,0.003127,0.987272,0.021139,0.157598,-195.794159,92.172356,90.826439
1188,9.900000,0.002873,0.987137,0.022350,0.158281,-195.807785,92.171852,90.821060
1189,9.908333,0.002278,0.987109,0.021907,0.158529,-195.812439,92.162933,90.828583
1190,9.916667,0.002087,0.987063,0.021257,0.158905,-195.804733,92.156464,90.833046
1191,9.925000,0.001532,0.987088,0.019754,0.158952,-195.783508,92.151184,90.836418
1192,9.933333,0.000100,0.987047,0.017176,0.159507,-195.754211,92.142792,90.846756
1193,9.941667,-0.000495,0.987037,0.015395,0.159752,-195.720306,92.137817,90.866020
1194,9.950000,0.000017,0.987068,0.015703,0.159532,-195.683914,92.145409,90.896133
1195,9.958333,0.001199,0.987210,0.018856,0.158300,-195.664825,92.176834,90.935135
1196,9.966667,0.002098,0.987312,0.020090,0.157499,-195.651108,92.201599,90.974113
1197,9.975000,0.001977,0.987380,0.020843,0.156978,-195.642944,92.212868,90.995613
1198,9.983333,0.001397,0.987445,0.020816,0.156581,-195.641769,92.216400,91.005394
1199,9.991667,0.000836,0.987489,0.020068,0.156407,-195.647491,92.213402,91.003181
1200,10.000000,0.000327,0.987493,0.019115,0.156503,-195.656403,92.207245,90.991005
1201,10.008333,-0.000550,0.987432,0.018185,0.156993,-195.670563,92.205223,90.972267
1202,10.016667,-0.000630,0.987436,0.017517,0.157044,-195.682220,92.198410,90.944763
1203,10.025000,-0.001186,0.987372,0.016049,0.157601,-195.687820,92.185265,90.906143
1204,10.033333,-0.001895,0.987309,0.013553,0.158223,-195.694595,92.167969,90.866974
1205,10.041667,-0.001620,0.987294,0.012489,0.158407,-195.702988,92.151924,90.834274
1206,10.050000,-0.001596,0.987241,0.012769,0.158712,-195.715668,92.146301,90.819435
1207,10.058333,-0.001614,0.987217,0.013383,0.158811,-195.725555,92.139023,90.817879
1208,10.066667,-0.001566,0.987183,0.013964,0.158970,-195.735443,92.132439,90.832100
1209,10.075000,-0.001844,0.987121,0.014812,0.159278,-195.740585,92.137695,90.858810
1210,10.083333,-0.000026,0.987189,0.018897,0.158434,-195.740204,92.162804,90.899048
1211,10.091667,0.001477,0.987231,0.020884,0.157912,-195.727890,92.181305,90.937820
1212,10.100000,0.002076,0.987216,0.021633,0.157898,-195.707520,92.190865,90.955841
1213,10.108333,0.002244,0.987242,0.020993,0.157819,-195.687164,92.196381,90.963081
1214,10.116667,0.002333,0.987288,0.020382,0.157610,-195.667297,92.197609,90.963379
1215,10.125000,0.001578,0.987293,0.019503,0.157701,-195.650452,92.197777,90.953094
1216,10.133333,0.000500,0.987291,0.017946,0.157904,-195.645645,92.194519,90.943550
1217,10.141667,-0.000827,0.987288,0.015593,0.158172,-195.648605,92.185303,90.922401
1218,10.150000,-0.002193,0.987295,0.013359,0.158321,-195.658936,92.175652,90.896774
1219,10.158333,-0.002589,0.987291,0.012509,0.158407,-195.669968,92.171700,90.872749
1220,10.166667,-0.003023,0.987258,0.012192,0.158629,-195.685181,92.168358,90.854752
1221,10.175000,-0.002799,0.987274,0.012412,0.158521,-195.698410,92.157631,90.842651
1222,10.183333,-0.002599,0.987210,0.012897,0.158883,-195.716995,92.150703,90.845070
1223,10.191667,-0.002967,0.987102,0.013721,0.159473,-195.733109,92.150414,90.854088
1224,10.200000,-0.002241,0.987024,0.014547,0.159896,-195.731384,92.143036,90.855812
1225,10.208333,-0.001661,0.986983,0.015219,0.160095,-195.720322,92.142227,90.865829
1226,10.216667,-0.000711,0.986989,0.015275,0.160058,-195.701630,92.143242,90.871674
1227,10.225000,-0.000020,0.987000,0.015359,0.159985,-195.683548,92.148445,90.875229
1228,10.233333,0.000322,0.987043,0.015075,0.159746,-195.673630,92.154747,90.877586
1229,10.241667,-0.000168,0.987115,0.014338,0.159367,-195.670212,92.157211,90.872437
1230,10.250000,-0.000952,0.987202,0.013575,0.158891,-195.675079,92.160568,90.869499
1231,10.258333,-0.001862,0.987255,0.013124,0.158591,-195.686417,92.161789,90.873367
1232,10.266667,-0.002410,0.987242,0.013065,0.158669,-195.695694,92.164032,90.876312
1233,10.275000,-0.002644,0.987198,0.013442,0.158910,-195.699692,92.164093,90.876648
1234,10.283333,-0.002563,0.987127,0.013745,0.159327,-195.696381,92.160912,90.873909
1235,10.291667,-0.002188,0.987045,0.013994,0.159816,-195.688049,92.155182,90.866982
1236,10.300000,-0.001719,0.987026,0.014273,0.159915,-195.682281,92.155533,90.864006
1237,10.308333,-0.001235,0.987039,0.014588,0.159811,-195.676163,92.153564,90.867699
1238,10.316667,-0.000824,0.987061,0.014473,0.159692,-195.676132,92.154953,90.870956
1239,10.325000,-0.000937,0.987128,0.014205,0.159295,-195.682083,92.156403,90.872391
1240,10.333333,-0.001094,0.987177,0.013758,0.159035,-195.688187,92.156944,90.868126
1241,10.341667,-0.001458,0.987196,0.013468,0.158937,-195.696609,92.157524,90.869827
1242,10.350000,-0.001874,0.987195,0.013591,0.158927,-195.702774,92.157814,90.871201
1243,10.358333,-0.001856,0.987153,0.013653,0.159181,-195.704620,92.156921,90.872009
1244,10.366667,-0.001967,0.987099,0.014077,0.159480,-195.701340,92.154366,90.870056
1245,10.375000,-0.001751,0.987047,0.014161,0.159797,-195.698517,92.154366,90.867943
1246,10.383333,-0.001730,0.987050,0.014184,0.159774,-195.694244,92.151184,90.867516
1247,10.391667,-0.001681,0.987023,0.014363,0.159929,-195.690643,92.153954,90.869072
1248,10.400000,-0.001388,0.987055,0.014579,0.159713,-195.686111,92.154724,90.869835
1249,10.408333,-0.001226,0.987074,0.014398,0.159611,-195.682449,92.156151,90.868721
1250,10.416667,-0.001244,0.987098,0.014362,0.159467,-195.680527,92.156921,90.868599
1251,10.425000,-0.001342,0.987101,0.014178,0.159466,-195.679626,92.156929,90.868141
1252,10.433333,-0.001375,0.987090,0.014131,0.159534,-195.680710,92.158226,90.868721
1253,10.441667,-0.001424,0.987096,0.014133,0.159500,-195.681442,92.157990,90.866997
1254,10.450000,-0.001640,0.987087,0.013976,0.159565,-195.682800,92.157570,90.866318
1255,10.458333,-0.001608,0.987068,0.013995,0.159680,-195.684479,92.156509,90.868660
1256,10.466667,-0.001691,0.987080,0.014030,0.159604,-195.684967,92.154846,90.867058
1257,10.475000,-0.001713,0.987078,0.014199,0.159600,-195.686523,92.154541,90.867630
1258,10.483333,-0.001760,0.987066,0.014143,0.159682,-195.687531,92.153877,90.867462
1259,10.491667,-0.001739,0.987066,0.014139,0.159682,-195.688492,92.153854,90.867432
1260,10.500000,-0.001663,0.987072,0.014186,0.159643,-195.689224,92.153641,90.868309
1261,10.508333,-0.001718,0.987067,0.014279,0.159660,-195.689575,92.153145,90.868637
1262,10.516667,-0.001628,0.987068,0.014155,0.159667,-195.690842,92.153587,90.868828
1263,10.525000,-0.001550,0.987079,0.014178,0.159600,-195.691193,92.154137,90.869041
1264,10.533333,-0.001576,0.987073,0.014119,0.159642,-195.690170,92.152298,90.869339
1265,10.541667,-0.001632,0.987081,0.014094,0.159592,-195.691528,92.154137,90.869362
1266,10.550000,-0.001509,0.987077,0.013826,0.159640,-195.690292,92.154327,90.867004
1267,10.558333,-0.001710,0.987079,0.013836,0.159627,-195.690765,92.155266,90.867332
1268,10.566667,-0.001582,0.987083,0.013936,0.159594,-195.689774,92.154419,90.868210
1269,10.575000,-0.001739,0.987082,0.013899,0.159600,-195.689575,92.153450,90.867760
1270,10.583333,-0.001690,0.987085,0.013991,0.159576,-195.690750,92.154640,90.867241
1271,10.591667,-0.001599,0.987076,0.014174,0.159614,-195.689606,92.154503,90.867149
1272,10.600000,-0.001758,0.987070,0.014064,0.159664,-195.689331,92.153664,90.867172
1273,10.608333,-0.001806,0.987070,0.013989,0.159668,-195.689041,92.152931,90.866386
1274,10.616667,-0.001818,0.987062,0.014070,0.159710,-195.688553,92.152809,90.866341
1275,10.625000,-0.001714,0.987059,0.013961,0.159739,-195.687347,92.152824,90.866486
1276,10.633333,-0.001697,0.987054,0.014192,0.159748,-195.687286,92.153755,90.868759
1277,10.641667,-0.001691,0.987059,0.014191,0.159721,-195.686508,92.154305,90.869270
1278,10.650000,-0.001596,0.987058,0.014265,0.159720,-195.685211,92.154823,90.870880
1279,10.658333,-0.001570,0.987069,0.014275,0.159653,-195.684433,92.155464,90.873375
1280,10.666667,-0.001491,0.987080,0.014162,0.159594,-195.683151,92.155724,90.872284
1281,10.675000,-0.001403,0.987083,0.014283,0.159563,-195.681961,92.156807,90.874207
1282,10.683333,-0.001453,0.987088,0.014234,0.159539,-195.681915,92.157677,90.875366
1283,10.691667,-0.001539,0.987088,0.014176,0.159543,-195.682220,92.158333,90.875610
1284,10.700000,-0.001518,0.987096,0.014064,0.159502,-195.681747,92.157654,90.875786
1285,10.708333,-0.001646,0.987101,0.013941,0.159482,-195.682175,92.157486,90.874901
1286,10.716667,-0.001788,0.987092,0.013786,0.159547,-195.681259,92.155960,90.873566
1287,10.725000,-0.001762,0.987086,0.013774,0.159589,-195.682526,92.156105,90.873444
1288,10.733333,-0.001745,0.987077,0.013879,0.159632,-195.682587,92.156670,90.871696
1289,10.741667,-0.001858,0.987071,0.013890,0.159668,-195.683212,92.154602,90.872055
1290,10.750000,-0.001813,0.987062,0.014148,0.159705,-195.683212,92.154732,90.870705
1291,10.758333,-0.001620,0.987061,0.014378,0.159689,-195.683212,92.154709,90.870758
1292,10.766667,-0.001685,0.987066,0.014320,0.159663,-195.682968,92.154686,90.869965
1293,10.775000,-0.001585,0.987048,0.014137,0.159794,-195.682693,92.155060,90.869629
1294,10.783333,-0.001658,0.987049,0.014184,0.159780,-195.681793,92.154724,90.870926
1295,10.791667,-0.001662,0.987043,0.014070,0.159830,-195.680847,92.153450,90.871201
1296,10.800000,-0.001547,0.987056,0.014140,0.159744,-195.679962,92.154945,90.871735
1297,10.808333,-0.001415,0.987065,0.014276,0.159679,-195.678482,92.155579,90.872246
1298,10.816667,-0.001605,0.987065,0.014310,0.159675,-195.677109,92.155037,90.872826
1299,10.825000,-0.001791,0.987068,0.014253,0.159657,-195.678238,92.156334,90.873749
1300,10.833333,-0.001699,0.987061,0.014278,0.159697,-195.678558,92.156586,90.873596
1301,10.841667,-0.001591,0.987059,0.014267,0.159714,-195.679688,92.155975,90.874985
1302,10.850000,-0.001634,0.987071,0.014216,0.159644,-195.680710,92.156792,90.875122
1303,10.858333,-0.001603,0.987079,0.014132,0.159599,-195.681946,92.157051,90.875130
1304,10.866667,-0.001523,0.987085,0.014115,0.159568,-195.682983,92.155754,90.875641
1305,10.875000,-0.001870,0.987084,0.014074,0.159571,-195.684402,92.154976,90.874084
1306,10.883333,-0.001805,0.987075,0.013991,0.159638,-195.685089,92.154648,90.873604
1307,10.891667,-0.001839,0.987068,0.014071,0.159675,-195.686432,92.154037,90.872200
1308,10.900000,-0.001838,0.987076,0.014129,0.159615,-195.686829,92.153824,90.871101
1309,10.908333,-0.001823,0.987073,0.014286,0.159622,-195.687576,92.155197,90.871132
1310,10.916667,-0.001814,0.987065,0.014278,0.159676,-195.688309,92.155273,90.870628
1311,10.925000,-0.001712,0.987061,0.014234,0.159704,-195.687897,92.153862,90.870949
1312,10.933333,-0.001817,0.987063,0.014062,0.159703,-195.687912,92.153748,90.869370
1313,10.941667,-0.001720,0.987050,0.014175,0.159775,-195.687607,92.152809,90.871353
1314,10.950000,-0.001731,0.987062,0.014243,0.159697,-195.686783,92.153008,90.870316
1315,10.958333,-0.001672,0.987067,0.014056,0.159681,-195.686325,92.154022,90.870049
1316,10.966667,-0.001584,0.987069,0.014115,0.159667,-195.685333,92.154404,90.871292
1317,10.975000,-0.001564,0.987061,0.014040,0.159724,-195.683746,92.153023,90.873489
1318,10.983333,-0.001444,0.987054,0.014089,0.159759,-195.683075,92.155495,90.873566
