Format Version,1.25,Take Name,Take 2025-11-27 05.06.20 PM,Take Notes,,Capture Frame Rate,120.000000,Export Frame Rate,120.000000,Capture Start Time,2025-11-27 05.06.20.762 PM,Capture Start Frame,13757,Total Frames in Take,1300,Total Exported Frames,1300,Rotation Type,Quaternion,Length Units,Centimeters,Coordinate Space,Global

,Type,Rigid Body,Rigid Body,Rigid Body,Rigid Body,Rigid Body,Rigid Body,Rigid Body
,Name,SEE_large,SEE_large,SEE_large,SEE_large,SEE_large,SEE_large,SEE_large
,ID,B4680608301811F031C44B617C10C291,B4680608301811F031C44B617C10C291,B4680608301811F031C44B617C10C291,B4680608301811F031C44B617C10C291,B4680608301811F031C44B617C10C291,B4680608301811F031C44B617C10C291,B4680608301811F031C44B617C10C291
,Parent,,,,,,,
,,Rotation,Rotation,Rotation,Rotation,Position,Position,Position
Frame,Time (Seconds),X,Y,Z,W,X,Y,Z
0,0.000000,-0.007088,0.399735,0.009132,0.916558,-215.898315,92.234261,83.990685
1,0.008333,-0.007230,0.399757,0.009210,0.916546,-215.897491,92.235680,83.990715
2,0.016667,-0.007328,0.399735,0.009242,0.916555,-215.895981,92.235222,83.990517
3,0.025000,-0.007307,0.399699,0.009216,0.916571,-215.895325,92.233505,83.990799
4,0.033333,-0.007338,0.399743,0.009150,0.916552,-215.894409,92.233459,83.990715
5,0.041667,-0.007211,0.399771,0.009144,0.916541,-215.893677,92.233452,83.989098
6,0.050000,-0.007128,0.399751,0.009136,0.916551,-215.893585,92.233810,83.988152
7,0.058333,-0.007138,0.399735,0.009128,0.916557,-215.893890,92.233864,83.986816
8,0.066667,-0.007349,0.399715,0.009055,0.916565,-215.894440,92.233932,83.984207
9,0.075000,-0.007446,0.399703,0.008967,0.916571,-215.895172,92.234879,83.983704
10,0.083333,-0.007515,0.399664,0.008956,0.916587,-215.896103,92.235451,83.983139
11,0.091667,-0.007515,0.399681,0.008948,0.916580,-215.897842,92.234421,83.981621
12,0.100000,-0.007615,0.399701,0.008928,0.916570,-215.898682,92.235489,83.982574
13,0.108333,-0.007504,0.399693,0.008998,0.916574,-215.898392,92.235931,83.984016
14,0.116667,-0.007411,0.399672,0.009027,0.916584,-215.897675,92.235634,83.986145
15,0.125000,-0.007217,0.399749,0.009173,0.916550,-215.898300,92.234161,83.987801
16,0.133333,-0.007140,0.399743,0.009174,0.916554,-215.898422,92.233315,83.989365
17,0.141667,-0.007227,0.399706,0.009158,0.916569,-215.898224,92.233177,83.991776
18,0.150000,-0.007221,0.399741,0.009201,0.916554,-215.897369,92.233368,83.991554
19,0.158333,-0.007346,0.399716,0.009104,0.916564,-215.896820,92.233315,83.990250
20,0.166667,-0.007274,0.399735,0.009056,0.916557,-215.896133,92.233665,83.988983
21,0.175000,-0.007309,0.399687,0.009063,0.916578,-215.896011,92.233566,83.986740
22,0.183333,-0.007342,0.399701,0.009015,0.916572,-215.896698,92.233452,83.984772
23,0.191667,-0.007439,0.399705,0.008960,0.916570,-215.896896,92.234398,83.981918
24,0.200000,-0.007471,0.399694,0.008950,0.916575,-215.897110,92.234253,83.978577
25,0.208333,-0.007361,0.399656,0.008977,0.916592,-215.896652,92.233864,83.976875
26,0.216667,-0.007586,0.399591,0.008747,0.916621,-215.898270,92.238121,83.974380
27,0.225000,-0.007455,0.399622,0.008920,0.916606,-215.896866,92.237099,83.974030
28,0.233333,-0.007422,0.399648,0.009013,0.916594,-215.896896,92.236748,83.975830
29,0.241667,-0.007405,0.399677,0.009143,0.916580,-215.896790,92.236244,83.977638
30,0.250000,-0.007289,0.399721,0.009053,0.916563,-215.897018,92.234741,83.980324
31,0.258333,-0.007235,0.399774,0.008993,0.916541,-215.896393,92.233620,83.982681
32,0.266667,-0.007086,0.399714,0.009014,0.916568,-215.896057,92.233200,83.985863
33,0.275000,-0.007205,0.399746,0.009082,0.916553,-215.896317,92.233505,83.986900
34,0.283333,-0.007234,0.399734,0.009109,0.916557,-215.895752,92.233032,83.989037
35,0.291667,-0.007325,0.399692,0.009157,0.916575,-215.895493,92.233429,83.990738
36,0.300000,-0.007277,0.399708,0.009150,0.916568,-215.895157,92.233635,83.991470
37,0.308333,-0.007123,0.399745,0.009049,0.916554,-215.894913,92.233887,83.991142
38,0.316667,-0.007058,0.399742,0.009010,0.916556,-215.894897,92.233261,83.989456
39,0.325000,-0.007097,0.399739,0.009009,0.916557,-215.895218,92.233574,83.987991
40,0.333333,-0.007149,0.399762,0.009098,0.916546,-215.895874,92.233917,83.986008
41,0.341667,-0.007164,0.399761,0.009151,0.916546,-215.897400,92.234489,83.985260
42,0.350000,-0.007158,0.399744,0.009146,0.916553,-215.898224,92.234215,83.982887
43,0.358333,-0.007203,0.399700,0.009170,0.916572,-215.899017,92.234955,83.982018
44,0.366667,-0.007377,0.399609,0.008935,0.916613,-215.901138,92.237747,83.980003
45,0.375000,-0.007262,0.399685,0.009121,0.916579,-215.900452,92.236534,83.980492
46,0.383333,-0.007222,0.399653,0.009015,0.916594,-215.901428,92.234680,83.981964
47,0.391667,-0.007246,0.399705,0.008988,0.916571,-215.901917,92.233131,83.981972
48,0.400000,-0.007192,0.399669,0.009041,0.916587,-215.901657,92.231255,83.982292
49,0.408333,-0.007227,0.399658,0.009060,0.916591,-215.901520,92.231110,83.985039
50,0.416667,-0.007245,0.399676,0.009121,0.916583,-215.900848,92.232330,83.986420
51,0.425000,-0.007313,0.399713,0.009162,0.916566,-215.901062,92.233795,83.987396
52,0.433333,-0.007235,0.399729,0.009147,0.916559,-215.900772,92.234550,83.988564
53,0.441667,-0.007188,0.399744,0.009111,0.916553,-215.900970,92.233162,83.987877
54,0.450000,-0.007177,0.399746,0.009102,0.916552,-215.900848,92.233749,83.988663
55,0.458333,-0.007183,0.399752,0.009052,0.916550,-215.900543,92.233879,83.986931
56,0.466667,-0.007254,0.399679,0.008948,0.916583,-215.900681,92.234093,83.986046
57,0.475000,-0.007236,0.399699,0.009036,0.916573,-215.900345,92.234840,83.984604
58,0.483333,-0.007173,0.399708,0.009181,0.916568,-215.900070,92.234604,83.982864
59,0.491667,-0.007218,0.399699,0.009298,0.916571,-215.899796,92.233948,83.980446
60,0.500000,-0.007342,0.399688,0.009185,0.916576,-215.900208,92.234161,83.978790
61,0.508333,-0.007269,0.399738,0.009082,0.916555,-215.898392,92.234138,83.977676
62,0.516667,-0.007331,0.399732,0.008847,0.916560,-215.897705,92.235497,83.977196
63,0.525000,-0.007345,0.399731,0.008971,0.916559,-215.897339,92.235245,83.978020
64,0.533333,-0.007351,0.399720,0.008977,0.916564,-215.897491,92.235878,83.978531
65,0.541667,-0.007349,0.399746,0.008860,0.916554,-215.897339,92.234810,83.979256
66,0.550000,-0.007395,0.399709,0.008740,0.916570,-215.897064,92.235077,83.980240
67,0.558333,-0.007357,0.399690,0.008790,0.916579,-215.897552,92.235855,83.981522
68,0.566667,-0.007287,0.399649,0.008923,0.916596,-215.897995,92.234375,83.982887
69,0.575000,-0.007246,0.399697,0.008949,0.916575,-215.898102,92.233231,83.983963
70,0.583333,-0.007226,0.399733,0.009052,0.916558,-215.899033,92.232773,83.985603
71,0.591667,-0.007257,0.399698,0.009149,0.916573,-215.900116,92.232239,83.986168
72,0.600000,-0.007153,0.399677,0.009243,0.916581,-215.898926,92.233391,83.987602
73,0.608333,-0.007227,0.399683,0.009244,0.916578,-215.897964,92.234299,83.986954
74,0.616667,-0.007255,0.399711,0.009203,0.916566,-215.896561,92.234459,83.985306
75,0.625000,-0.007219,0.399745,0.009290,0.916551,-215.895813,92.233635,83.983818
76,0.633333,-0.007300,0.399735,0.009350,0.916554,-215.894913,92.233192,83.983185
77,0.641667,-0.007349,0.399751,0.009320,0.916547,-215.894287,92.232986,83.982147
78,0.650000,-0.007359,0.399762,0.009205,0.916543,-215.892334,92.234680,83.981606
79,0.658333,-0.007302,0.399701,0.009120,0.916571,-215.890503,92.235390,83.981308
80,0.666667,-0.007300,0.399711,0.009110,0.916567,-215.890198,92.236282,83.980316
81,0.675000,-0.007326,0.399702,0.009281,0.916569,-215.890045,92.234749,83.978073
82,0.683333,-0.007339,0.399751,0.009215,0.916548,-215.889862,92.235580,83.977234
83,0.691667,-0.007390,0.399701,0.009078,0.916571,-215.889404,92.235794,83.978104
84,0.700000,-0.007191,0.399697,0.009217,0.916573,-215.888458,92.235771,83.980087
85,0.708333,-0.007201,0.399739,0.009148,0.916555,-215.888474,92.236435,83.983261
86,0.716667,-0.007220,0.399732,0.009074,0.916559,-215.888885,92.235344,83.986328
87,0.725000,-0.007130,0.399786,0.009070,0.916536,-215.889069,92.235443,83.986420
88,0.733333,-0.007170,0.399773,0.009066,0.916542,-215.890472,92.235519,83.986160
89,0.741667,-0.007237,0.399782,0.009157,0.916536,-215.891602,92.235313,83.986137
90,0.750000,-0.007309,0.399766,0.009229,0.916542,-215.892609,92.235390,83.987114
91,0.758333,-0.007453,0.399727,0.009310,0.916556,-215.893005,92.235764,83.985970
92,0.766667,-0.007216,0.399769,0.009285,0.916541,-215.893417,92.235985,83.985817
93,0.775000,-0.007240,0.399757,0.009320,0.916545,-215.892120,92.237732,83.985672
94,0.783333,-0.007144,0.399768,0.009265,0.916542,-215.891098,92.238342,83.987106
95,0.791667,-0.007215,0.399700,0.009283,0.916571,-215.889816,92.238358,83.986458
96,0.800000,-0.007292,0.399693,0.009282,0.916573,-215.889481,92.239433,83.987892
97,0.808333,-0.007317,0.399686,0.009181,0.916577,-215.890244,92.241127,83.987801
98,0.816667,-0.007412,0.399681,0.009194,0.916578,-215.892319,92.240433,83.987221
99,0.825000,-0.007454,0.399673,0.009288,0.916580,-215.895599,92.240662,83.985970
100,0.833333,-0.007535,0.399619,0.009283,0.916603,-215.900970,92.239693,83.985756
101,0.841667,-0.007505,0.399586,0.009395,0.916617,-215.904922,92.238770,83.987976
102,0.850000,-0.007435,0.399561,0.009496,0.916627,-215.910858,92.238487,83.988808
103,0.858333,-0.007630,0.399520,0.009483,0.916644,-215.921478,92.242065,83.989723
104,0.866667,-0.007811,0.399415,0.009706,0.916686,-215.937836,92.244743,83.990463
105,0.875000,-0.007867,0.399256,0.010257,0.916748,-215.955948,92.244827,83.991470
106,0.883333,-0.008059,0.399283,0.010806,0.916729,-215.973587,92.241814,83.996315
107,0.891667,-0.008263,0.399377,0.011256,0.916681,-215.990616,92.239128,83.998459
108,0.900000,-0.008222,0.399451,0.011814,0.916642,-216.003677,92.236259,83.999809
109,0.908333,-0.008242,0.399430,0.012302,0.916644,-216.013962,92.235199,84.001930
110,0.916667,-0.008225,0.399150,0.012959,0.916757,-216.021896,92.233849,84.005318
111,0.925000,-0.007835,0.399261,0.013164,0.916710,-216.023727,92.235474,84.002617
112,0.933333,-0.008263,0.399125,0.013315,0.916763,-216.027802,92.235634,84.005745
113,0.941667,-0.008541,0.399083,0.013334,0.916778,-216.031387,92.235619,84.007164
114,0.950000,-0.008346,0.399046,0.013273,0.916797,-216.035751,92.237961,84.004234
115,0.958333,-0.008335,0.398897,0.013340,0.916861,-216.043854,92.239799,84.006683
116,0.966667,-0.008583,0.398977,0.013353,0.916824,-216.054398,92.239265,84.009407
117,0.975000,-0.008527,0.398891,0.013828,0.916854,-216.065842,92.240921,84.012291
118,0.983333,-0.008474,0.398796,0.014314,0.916889,-216.079880,92.239723,84.017822
119,0.991667,-0.008592,0.398779,0.014736,0.916888,-216.094330,92.238976,84.023018
120,1.000000,-0.008580,0.398740,0.016950,0.916867,-216.130035,92.224449,84.034416
121,1.008333,-0.008596,0.398742,0.017414,0.916857,-216.146973,92.223198,84.037773
122,1.016667,-0.008638,0.398820,0.017798,0.916816,-216.157364,92.221504,84.043327
123,1.025000,-0.008719,0.399033,0.018406,0.916710,-216.166061,92.219116,84.046783
124,1.033333,-0.008826,0.399220,0.018705,0.916622,-216.174957,92.219765,84.049713
125,1.041667,-0.008889,0.399233,0.018347,0.916623,-216.172287,92.222504,84.044586
126,1.050000,-0.009219,0.399180,0.017640,0.916657,-216.174347,92.231216,84.039558
127,1.058333,-0.009479,0.399082,0.016916,0.916710,-216.182449,92.240402,84.034363
128,1.066667,-0.009760,0.398981,0.016878,0.916752,-216.193680,92.245361,84.031876
129,1.075000,-0.009999,0.398952,0.017241,0.916755,-216.206070,92.249985,84.032112
130,1.083333,-0.010165,0.399008,0.017614,0.916722,-216.218658,92.249390,84.032784
131,1.091667,-0.010143,0.399119,0.018035,0.916666,-216.229767,92.249771,84.034966
132,1.100000,-0.010286,0.399250,0.018236,0.916603,-216.239624,92.248940,84.035828
133,1.108333,-0.010698,0.399193,0.018431,0.916619,-216.247742,92.247513,84.037888
134,1.116667,-0.010756,0.399233,0.018886,0.916592,-216.255768,92.249268,84.041504
135,1.125000,-0.010672,0.399205,0.019216,0.916598,-216.263992,92.250931,84.044724
136,1.133333,-0.010579,0.399291,0.019453,0.916557,-216.272614,92.250832,84.047676
137,1.141667,-0.010832,0.399264,0.019585,0.916563,-216.282471,92.252327,84.048393
138,1.150000,-0.011099,0.399247,0.019693,0.916565,-216.293793,92.254501,84.048882
139,1.158333,-0.011334,0.399242,0.020095,0.916555,-216.305679,92.254463,84.047775
140,1.166667,-0.011374,0.399150,0.020447,0.916587,-216.318054,92.255836,84.048607
141,1.175000,-0.011491,0.399032,0.020788,0.916629,-216.330429,92.255646,84.048424
142,1.183333,-0.011482,0.399046,0.021411,0.916609,-216.343613,92.255699,84.049019
143,1.191667,-0.012106,0.399084,0.022626,0.916555,-216.358948,92.260986,84.048752
144,1.200000,-0.012444,0.399006,0.023282,0.916568,-216.372162,92.264107,84.048553
145,1.208333,-0.012529,0.398907,0.023854,0.916596,-216.381668,92.261818,84.047859
146,1.216667,-0.012604,0.398922,0.023983,0.916584,-216.390366,92.260498,84.048378
147,1.225000,-0.012541,0.398967,0.024158,0.916561,-216.397400,92.260361,84.049782
148,1.233333,-0.012661,0.398963,0.024454,0.916553,-216.402527,92.258095,84.051079
149,1.241667,-0.012571,0.398902,0.024789,0.916572,-216.408112,92.256096,84.053246
150,1.250000,-0.012550,0.398822,0.025012,0.916601,-216.414825,92.255783,84.055046
151,1.258333,-0.012729,0.398796,0.025090,0.916608,-216.421631,92.254272,84.057320
152,1.266667,-0.012572,0.398764,0.025227,0.916620,-216.427521,92.254616,84.057396
153,1.275000,-0.012938,0.398820,0.025102,0.916594,-216.434341,92.253754,84.058006
154,1.283333,-0.013374,0.398761,0.025046,0.916616,-216.435959,92.254532,84.058342
155,1.291667,-0.013357,0.398727,0.024965,0.916633,-216.434570,92.254532,84.058807
156,1.300000,-0.013203,0.398840,0.025109,0.916582,-216.430038,92.253296,84.061035
157,1.308333,-0.012694,0.398873,0.025047,0.916576,-216.425705,92.253784,84.062317
158,1.316667,-0.012792,0.398955,0.024759,0.916547,-216.423920,92.254547,84.063393
159,1.325000,-0.012970,0.398918,0.024718,0.916562,-216.425156,92.254768,84.062378
160,1.333333,-0.013072,0.398822,0.024797,0.916600,-216.427750,92.254784,84.060181
161,1.341667,-0.013101,0.398827,0.024694,0.916600,-216.429657,92.254036,84.059196
162,1.350000,-0.012788,0.398791,0.025075,0.916610,-216.430847,92.255470,84.056419
163,1.358333,-0.012548,0.398838,0.025154,0.916590,-216.427567,92.255562,84.054649
164,1.366667,-0.012421,0.398922,0.025183,0.916555,-216.424683,92.255661,84.055000
165,1.375000,-0.012418,0.399001,0.025151,0.916521,-216.421753,92.255058,84.054680
166,1.383333,-0.012881,0.399043,0.024898,0.916504,-216.421814,92.254517,84.056442
167,1.391667,-0.012906,0.398918,0.024906,0.916557,-216.420319,92.254776,84.054291
168,1.400000,-0.012920,0.399014,0.024835,0.916518,-216.419983,92.256958,84.054146
169,1.408333,-0.012970,0.399051,0.024694,0.916505,-216.423325,92.256699,84.055702
170,1.416667,-0.012963,0.399034,0.024595,0.916515,-216.425613,92.255226,84.056793
171,1.425000,-0.013053,0.399137,0.024572,0.916469,-216.428253,92.255768,84.057304
172,1.433333,-0.012923,0.399162,0.024765,0.916455,-216.432144,92.258163,84.057236
173,1.441667,-0.013056,0.399226,0.024964,0.916420,-216.437195,92.257057,84.059456
174,1.450000,-0.013194,0.399332,0.025020,0.916370,-216.441177,92.256531,84.060211
175,1.458333,-0.013159,0.399335,0.025091,0.916367,-216.445160,92.254150,84.061096
176,1.466667,-0.013227,0.399330,0.025117,0.916368,-216.448334,92.252213,84.062401
177,1.475000,-0.013267,0.399338,0.025287,0.916359,-216.449234,92.251953,84.063004
178,1.483333,-0.013268,0.399352,0.025380,0.916350,-216.450150,92.251732,84.062546
179,1.491667,-0.013230,0.399391,0.025477,0.916331,-216.449570,92.252258,84.060371
180,1.500000,-0.013253,0.399342,0.025388,0.916355,-216.447922,92.251953,84.059380
181,1.508333,-0.013230,0.399303,0.025249,0.916376,-216.446304,92.251534,84.059280
182,1.516667,-0.013295,0.399337,0.025304,0.916359,-216.445129,92.251717,84.059357
183,1.525000,-0.013363,0.399256,0.025274,0.916393,-216.443985,92.252609,84.058929
184,1.533333,-0.013387,0.399299,0.025064,0.916381,-216.442200,92.253601,84.058304
185,1.541667,-0.013442,0.399304,0.024976,0.916380,-216.440552,92.255074,84.057877
186,1.550000,-0.013267,0.399328,0.024965,0.916372,-216.438843,92.253944,84.058266
187,1.558333,-0.013297,0.399408,0.024977,0.916337,-216.438507,92.255028,84.061180
188,1.566667,-0.013280,0.399399,0.024855,0.916344,-216.438034,92.255669,84.062546
189,1.575000,-0.013287,0.399457,0.025034,0.916314,-216.438248,92.255531,84.062424
190,1.583333,-0.013385,0.399460,0.024903,0.916315,-216.440536,92.255432,84.062157
191,1.591667,-0.013463,0.399399,0.024943,0.916339,-216.442734,92.254326,84.062424
192,1.600000,-0.013354,0.399321,0.024975,0.916374,-216.445236,92.253319,84.062744
193,1.608333,-0.013266,0.399320,0.025066,0.916373,-216.447906,92.252396,84.063110
194,1.616667,-0.013151,0.399328,0.025092,0.916370,-216.450531,92.253014,84.062538
195,1.625000,-0.013167,0.399337,0.025168,0.916364,-216.452286,92.252960,84.061165
196,1.633333,-0.013141,0.399350,0.025298,0.916355,-216.453461,92.252014,84.060059
197,1.641667,-0.013027,0.399383,0.025340,0.916341,-216.452927,92.252441,84.058449
198,1.650000,-0.013055,0.399362,0.025334,0.916350,-216.452606,92.251678,84.057114
199,1.658333,-0.013115,0.399357,0.025346,0.916351,-216.451340,92.251434,84.055618
200,1.666667,-0.013104,0.399366,0.025426,0.916345,-216.448807,92.252693,84.054893
201,1.675000,-0.013063,0.399360,0.025455,0.916348,-216.446091,92.253189,84.054192
202,1.683333,-0.013144,0.399370,0.025137,0.916351,-216.444946,92.253998,84.055534
203,1.691667,-0.013257,0.399344,0.025114,0.916361,-216.442245,92.253586,84.055420
204,1.700000,-0.013372,0.399387,0.025072,0.916342,-216.440842,92.254097,84.056938
205,1.708333,-0.013411,0.399344,0.025050,0.916361,-216.440292,92.254677,84.057877
206,1.716667,-0.013332,0.399300,0.024945,0.916384,-216.439682,92.254166,84.059334
207,1.725000,-0.013312,0.399320,0.025026,0.916373,-216.440536,92.254074,84.060661
208,1.733333,-0.013334,0.399389,0.024966,0.916345,-216.441864,92.254120,84.061821
209,1.741667,-0.013280,0.399365,0.025001,0.916355,-216.444138,92.253883,84.062164
210,1.750000,-0.013235,0.399372,0.025140,0.916349,-216.446518,92.251793,84.062973
211,1.758333,-0.013320,0.399326,0.025265,0.916364,-216.449265,92.252007,84.062981
212,1.766667,-0.013252,0.399372,0.025321,0.916344,-216.450882,92.250969,84.062294
213,1.775000,-0.013250,0.399348,0.025344,0.916353,-216.452789,92.250999,84.061111
214,1.783333,-0.013196,0.399319,0.025345,0.916367,-216.454453,92.250191,84.060387
215,1.791667,-0.013129,0.399393,0.025457,0.916332,-216.454666,92.250221,84.058800
216,1.800000,-0.012977,0.399388,0.025562,0.916334,-216.454132,92.250420,84.058266
217,1.808333,-0.012999,0.399353,0.025569,0.916349,-216.452438,92.251549,84.057205
218,1.816667,-0.013208,0.399399,0.025541,0.916326,-216.450455,92.251259,84.055695
219,1.825000,-0.013210,0.399388,0.025370,0.916336,-216.447952,92.252014,84.055168
220,1.833333,-0.013087,0.399361,0.025268,0.916352,-216.445679,92.252022,84.055145
221,1.841667,-0.013175,0.399354,0.025163,0.916357,-216.443176,92.253685,84.056297
222,1.850000,-0.013194,0.399317,0.025203,0.916371,-216.441345,92.253075,84.057503
223,1.858333,-0.013266,0.399397,0.025190,0.916336,-216.440552,92.253502,84.059402
224,1.866667,-0.013257,0.399360,0.025201,0.916352,-216.440659,92.253548,84.059883
225,1.875000,-0.013311,0.399333,0.025033,0.916368,-216.441589,92.254051,84.059616
226,1.883333,-0.013407,0.399355,0.024984,0.916358,-216.442581,92.253571,84.060822
227,1.891667,-0.013331,0.399375,0.025157,0.916346,-216.444229,92.252571,84.062538
228,1.900000,-0.013301,0.399376,0.025176,0.916345,-216.447021,92.253838,84.063400
229,1.908333,-0.013181,0.399360,0.025275,0.916351,-216.449142,92.252693,84.063148
230,1.916667,-0.013179,0.399390,0.025260,0.916338,-216.451645,92.252136,84.062561
231,1.925000,-0.013183,0.399374,0.025280,0.916345,-216.453094,92.251160,84.060463
232,1.933333,-0.013169,0.399397,0.025230,0.916336,-216.453735,92.250664,84.060219
233,1.941667,-0.013166,0.399397,0.025397,0.916331,-216.454071,92.250786,84.058197
234,1.950000,-0.013104,0.399429,0.025464,0.916317,-216.453888,92.250916,84.057434
235,1.958333,-0.013056,0.399432,0.025420,0.916318,-216.452438,92.251404,84.056396
236,1.966667,-0.013075,0.399410,0.025418,0.916326,-216.450760,92.250984,84.056107
237,1.975000,-0.013092,0.399372,0.025493,0.916341,-216.447906,92.251511,84.055367
238,1.983333,-0.013195,0.399365,0.025301,0.916348,-216.445206,92.252663,84.055290
239,1.991667,-0.013259,0.399369,0.025255,0.916346,-216.442368,92.252159,84.056244
240,2.000000,-0.013241,0.399340,0.025216,0.916360,-216.440414,92.253998,84.056953
241,2.008333,-0.013166,0.399397,0.025096,0.916340,-216.439789,92.253685,84.058525
242,2.016667,-0.013178,0.399383,0.025080,0.916346,-216.440460,92.254051,84.060051
243,2.025000,-0.013165,0.399390,0.025109,0.916343,-216.442200,92.254547,84.060043
244,2.033333,-0.013118,0.399346,0.025096,0.916363,-216.444855,92.254181,84.062042
245,2.041667,-0.013151,0.399422,0.025242,0.916325,-216.447266,92.253944,84.062714
246,2.050000,-0.013145,0.399425,0.025344,0.916321,-216.449921,92.252739,84.063034
247,2.058333,-0.013124,0.399469,0.025155,0.916307,-216.451599,92.251274,84.063080
248,2.066667,-0.013149,0.399394,0.025249,0.916337,-216.452759,92.250824,84.061874
249,2.075000,-0.013277,0.399380,0.025213,0.916343,-216.454178,92.251480,84.060463
250,2.083333,-0.013193,0.399349,0.025378,0.916353,-216.455338,92.250710,84.059494
251,2.091667,-0.013152,0.399365,0.025456,0.916344,-216.454910,92.251373,84.058563
252,2.100000,-0.013082,0.399358,0.025345,0.916351,-216.453903,92.250916,84.057739
253,2.108333,-0.013136,0.399412,0.025455,0.916324,-216.452545,92.251518,84.056450
254,2.116667,-0.013051,0.399423,0.025506,0.916319,-216.450790,92.252022,84.055313
255,2.125000,-0.013028,0.399403,0.025389,0.916331,-216.448685,92.252304,84.055939
256,2.133333,-0.013100,0.399342,0.025413,0.916356,-216.447861,92.253647,84.056129
257,2.141667,-0.013121,0.399340,0.025283,0.916360,-216.445709,92.253700,84.056244
258,2.150000,-0.013237,0.399360,0.025135,0.916354,-216.443848,92.253922,84.056793
259,2.158333,-0.013267,0.399371,0.025204,0.916347,-216.441559,92.254059,84.057831
260,2.166667,-0.013332,0.399367,0.025182,0.916348,-216.441727,92.254471,84.058853
261,2.175000,-0.013264,0.399344,0.025080,0.916362,-216.443604,92.254684,84.059784
262,2.183333,-0.013261,0.399365,0.025175,0.916350,-216.444580,92.254433,84.061440
263,2.191667,-0.013163,0.399390,0.025094,0.916343,-216.446167,92.253815,84.062294
264,2.200000,-0.013218,0.399364,0.025127,0.916353,-216.448395,92.252861,84.063148
265,2.208333,-0.013200,0.399351,0.025092,0.916360,-216.451447,92.252739,84.062218
266,2.216667,-0.013211,0.399382,0.025276,0.916341,-216.453079,92.252640,84.060791
267,2.225000,-0.013239,0.399390,0.025328,0.916336,-216.454910,92.252869,84.060303
268,2.233333,-0.013233,0.399398,0.025437,0.916329,-216.455261,92.252831,84.058807
269,2.241667,-0.013041,0.399378,0.025463,0.916340,-216.455322,92.251343,84.058350
270,2.250000,-0.013038,0.399378,0.025447,0.916340,-216.455002,92.250839,84.058365
271,2.258333,-0.013036,0.399400,0.025508,0.916329,-216.452835,92.250732,84.057602
272,2.266667,-0.013094,0.399384,0.025517,0.916335,-216.450912,92.250435,84.056892
273,2.275000,-0.013219,0.399415,0.025436,0.916322,-216.449738,92.252396,84.056564
274,2.283333,-0.013238,0.399391,0.025476,0.916331,-216.447754,92.251930,84.056931
275,2.291667,-0.013242,0.399348,0.025418,0.916351,-216.445511,92.253410,84.058502
276,2.300000,-0.013337,0.399332,0.025294,0.916361,-216.443848,92.253426,84.059402
277,2.308333,-0.013337,0.399358,0.025160,0.916353,-216.444275,92.253410,84.060356
278,2.316667,-0.013261,0.399443,0.025197,0.916316,-216.446732,92.253296,84.061562
279,2.325000,-0.013179,0.399460,0.025198,0.916310,-216.449692,92.253632,84.063934
280,2.333333,-0.013213,0.399460,0.025305,0.916306,-216.450592,92.252365,84.066177
281,2.341667,-0.013313,0.399423,0.025344,0.916320,-216.453552,92.251648,84.067604
282,2.350000,-0.013365,0.399422,0.025536,0.916314,-216.456360,92.250877,84.069221
283,2.358333,-0.013292,0.399490,0.025629,0.916283,-216.459274,92.248894,84.069183
284,2.366667,-0.013323,0.399505,0.025471,0.916280,-216.462418,92.249451,84.068207
285,2.375000,-0.013367,0.399528,0.025684,0.916264,-216.463852,92.249504,84.066940
286,2.383333,-0.013383,0.399519,0.025819,0.916263,-216.463547,92.248795,84.065681
287,2.391667,-0.013162,0.399459,0.025777,0.916294,-216.462967,92.248566,84.064178
288,2.400000,-0.013192,0.399485,0.025583,0.916288,-216.462463,92.249016,84.063271
289,2.408333,-0.013244,0.399496,0.025664,0.916280,-216.460297,92.249580,84.059799
290,2.416667,-0.013275,0.399504,0.025717,0.916275,-216.458466,92.251167,84.057251
291,2.425000,-0.013278,0.399442,0.025679,0.916303,-216.455872,92.251945,84.056557
292,2.433333,-0.013204,0.399392,0.025535,0.916329,-216.453842,92.251541,84.056549
293,2.441667,-0.013154,0.399369,0.025569,0.916339,-216.451355,92.250267,84.056297
294,2.450000,-0.013099,0.399443,0.025649,0.916306,-216.449402,92.251244,84.057114
295,2.458333,-0.013337,0.399502,0.025593,0.916278,-216.449432,92.253044,84.057762
296,2.466667,-0.013378,0.399484,0.025602,0.916285,-216.450211,92.253197,84.058472
297,2.475000,-0.013300,0.399464,0.025429,0.916299,-216.451355,92.253036,84.059700
298,2.483333,-0.013165,0.399397,0.025333,0.916333,-216.453842,92.252663,84.061531
299,2.491667,-0.013060,0.399437,0.025339,0.916317,-216.455414,92.252701,84.063515
300,2.500000,-0.013074,0.399429,0.025403,0.916319,-216.457458,92.252937,84.063751
301,2.508333,-0.013203,0.399454,0.025467,0.916304,-216.460251,92.252464,84.063522
302,2.516667,-0.013146,0.399474,0.025416,0.916298,-216.462708,92.251457,84.063026
303,2.525000,-0.013219,0.399531,0.025493,0.916270,-216.464478,92.250908,84.062492
304,2.533333,-0.013353,0.399500,0.025599,0.916278,-216.465027,92.250214,84.060707
305,2.541667,-0.013408,0.399477,0.025710,0.916285,-216.464874,92.249146,84.059402
306,2.550000,-0.013366,0.399540,0.025707,0.916258,-216.464066,92.249565,84.058975
307,2.558333,-0.013162,0.399531,0.025734,0.916264,-216.463470,92.249985,84.056839
308,2.566667,-0.013193,0.399508,0.025657,0.916276,-216.461487,92.251282,84.054802
309,2.575000,-0.013191,0.399501,0.025601,0.916280,-216.458710,92.250710,84.054802
310,2.583333,-0.013208,0.399431,0.025580,0.916311,-216.456345,92.251755,84.053291
311,2.591667,-0.013144,0.399438,0.025577,0.916309,-216.453629,92.252197,84.053192
312,2.600000,-0.013077,0.399431,0.025481,0.916316,-216.452316,92.251854,84.053894
313,2.608333,-0.013058,0.399416,0.025350,0.916326,-216.452606,92.253098,84.055244
314,2.616667,-0.013133,0.399486,0.025323,0.916296,-216.452377,92.253838,84.055443
315,2.625000,-0.013200,0.399485,0.025327,0.916295,-216.453308,92.254471,84.056488
316,2.633333,-0.013193,0.399456,0.025250,0.916310,-216.454575,92.253693,84.058174
317,2.641667,-0.013222,0.399499,0.025330,0.916288,-216.456573,92.254196,84.059471
318,2.650000,-0.013172,0.399496,0.025456,0.916287,-216.458679,92.253426,84.061172
319,2.658333,-0.013180,0.399502,0.025463,0.916284,-216.460709,92.252365,84.061256
320,2.666667,-0.013220,0.399475,0.025446,0.916296,-216.462326,92.252090,84.061096
321,2.675000,-0.013235,0.399456,0.025387,0.916305,-216.462631,92.251930,84.059944
322,2.683333,-0.013246,0.399502,0.025506,0.916282,-216.462326,92.251480,84.059319
323,2.691667,-0.013228,0.399543,0.025530,0.916263,-216.461868,92.250801,84.058182
324,2.700000,-0.013203,0.399494,0.025564,0.916284,-216.459747,92.249977,84.057877
325,2.708333,-0.013213,0.399491,0.025541,0.916286,-216.458267,92.250259,84.057571
326,2.716667,-0.013240,0.399494,0.025653,0.916281,-216.456085,92.250694,84.055641
327,2.725000,-0.013225,0.399497,0.025714,0.916278,-216.454102,92.251366,84.054604
328,2.733333,-0.013186,0.399459,0.025607,0.916299,-216.451553,92.251442,84.054596
329,2.741667,-0.013002,0.399472,0.025582,0.916296,-216.450424,92.251022,84.053925
330,2.750000,-0.013174,0.399432,0.025479,0.916314,-216.450333,92.252563,84.055046
331,2.758333,-0.013200,0.399398,0.025458,0.916329,-216.450546,92.252136,84.056000
332,2.766667,-0.013067,0.399392,0.025482,0.916333,-216.450684,92.252785,84.057480
333,2.775000,-0.013137,0.399461,0.025364,0.916305,-216.452698,92.253258,84.058113
334,2.783333,-0.013095,0.399429,0.025509,0.916316,-216.455215,92.252449,84.059204
335,2.791667,-0.013186,0.399421,0.025469,0.916319,-216.458084,92.251709,84.061241
336,2.800000,-0.013181,0.399462,0.025498,0.916300,-216.459778,92.251434,84.062683
337,2.808333,-0.013245,0.399494,0.025462,0.916287,-216.462158,92.250580,84.063652
338,2.816667,-0.013401,0.399506,0.025427,0.916280,-216.464066,92.249611,84.063622
339,2.825000,-0.013360,0.399554,0.025660,0.916253,-216.464615,92.247658,84.063271
340,2.833333,-0.013301,0.399561,0.025753,0.916248,-216.464905,92.248528,84.062706
341,2.841667,-0.013211,0.399546,0.025757,0.916256,-216.463882,92.249252,84.062157
342,2.850000,-0.013133,0.399488,0.025760,0.916282,-216.461365,92.249916,84.060234
343,2.858333,-0.013099,0.399490,0.025704,0.916284,-216.459442,92.250351,84.059105
344,2.866667,-0.013251,0.399511,0.025651,0.916274,-216.457016,92.251846,84.056221
345,2.875000,-0.013291,0.399468,0.025685,0.916291,-216.454346,92.251167,84.054230
346,2.883333,-0.013257,0.399450,0.025578,0.916302,-216.452148,92.251930,84.053131
347,2.891667,-0.013240,0.399384,0.025443,0.916335,-216.450043,92.252724,84.052185
348,2.900000,-0.013186,0.399361,0.025365,0.916348,-216.448761,92.254204,84.050934
349,2.908333,-0.013161,0.399426,0.025419,0.916319,-216.447830,92.253494,84.051422
350,2.916667,-0.013222,0.399413,0.025458,0.916322,-216.449829,92.253426,84.052887
351,2.925000,-0.013216,0.399427,0.025481,0.916315,-216.452164,92.251358,84.053719
352,2.933333,-0.013299,0.399455,0.025452,0.916303,-216.456055,92.250854,84.054443
353,2.941667,-0.013219,0.399483,0.025471,0.916291,-216.458847,92.251030,84.056801
354,2.950000,-0.013227,0.399464,0.025532,0.916298,-216.461899,92.251564,84.058281
355,2.958333,-0.013194,0.399495,0.025466,0.916286,-216.464661,92.252327,84.059273
356,2.966667,-0.013149,0.399520,0.025624,0.916272,-216.467102,92.250427,84.059219
357,2.975000,-0.012999,0.399549,0.025677,0.916260,-216.466705,92.250099,84.060783
358,2.983333,-0.013045,0.399560,0.025584,0.916257,-216.464966,92.248619,84.061066
359,2.991667,-0.013193,0.399457,0.025568,0.916301,-216.462326,92.249115,84.060410
360,3.000000,-0.013290,0.399461,0.025627,0.916296,-216.459412,92.249481,84.058502
361,3.008333,-0.013247,0.399434,0.025674,0.916307,-216.456863,92.249283,84.056877
362,3.016667,-0.013126,0.399473,0.025695,0.916291,-216.453903,92.250740,84.054787
363,3.025000,-0.013070,0.399444,0.025651,0.916306,-216.451218,92.251816,84.054207
364,3.033333,-0.013035,0.399420,0.025587,0.916318,-216.449020,92.252533,84.052734
365,3.041667,-0.013103,0.399431,0.025572,0.916313,-216.447189,92.253342,84.051056
366,3.050000,-0.013142,0.399452,0.025479,0.916306,-216.446899,92.253105,84.051147
367,3.058333,-0.013088,0.399430,0.025386,0.916319,-216.448425,92.252960,84.051102
368,3.066667,-0.013092,0.399381,0.025425,0.916339,-216.451385,92.252335,84.052727
369,3.075000,-0.013053,0.399453,0.025498,0.916306,-216.453934,92.251495,84.052780
370,3.083333,-0.012939,0.399483,0.025446,0.916296,-216.457062,92.251068,84.053703
371,3.091667,-0.012939,0.399489,0.025452,0.916293,-216.461441,92.250610,84.055222
372,3.100000,-0.013046,0.399508,0.025552,0.916281,-216.465088,92.251045,84.056107
373,3.108333,-0.013268,0.399585,0.025551,0.916244,-216.469055,92.250946,84.056786
374,3.116667,-0.013193,0.399561,0.025701,0.916251,-216.469025,92.247826,84.057060
375,3.125000,-0.013146,0.399505,0.025648,0.916278,-216.468597,92.248627,84.058685
376,3.133333,-0.013156,0.399535,0.025673,0.916264,-216.466873,92.249649,84.058815
377,3.141667,-0.013187,0.399460,0.025562,0.916299,-216.464279,92.250221,84.058014
378,3.150000,-0.013258,0.399448,0.025617,0.916302,-216.459991,92.250710,84.057655
379,3.158333,-0.013265,0.399455,0.025575,0.916300,-216.456009,92.252197,84.056770
380,3.166667,-0.013112,0.399468,0.025610,0.916295,-216.451294,92.251656,84.056007
381,3.175000,-0.013155,0.399497,0.025503,0.916285,-216.447327,92.253372,84.054535
382,3.183333,-0.013211,0.399556,0.025517,0.916258,-216.442627,92.252678,84.053612
383,3.191667,-0.013228,0.399625,0.025413,0.916231,-216.439941,92.252426,84.053696
384,3.200000,-0.013311,0.399626,0.025334,0.916232,-216.436386,92.253944,84.054611
385,3.208333,-0.013268,0.399612,0.025225,0.916241,-216.432770,92.255814,84.056694
386,3.216667,-0.013178,0.399612,0.025014,0.916248,-216.430328,92.255264,84.061745
387,3.225000,-0.012982,0.399598,0.024775,0.916264,-216.429520,92.255806,84.068153
388,3.233333,-0.012827,0.399619,0.024643,0.916261,-216.429977,92.256775,84.076042
389,3.241667,-0.012612,0.399665,0.024619,0.916244,-216.431473,92.256844,84.084496
390,3.250000,-0.012507,0.399627,0.024545,0.916264,-216.434723,92.257301,84.096436
391,3.258333,-0.012124,0.399622,0.024631,0.916269,-216.436844,92.255852,84.110062
392,3.266667,-0.012105,0.399601,0.024517,0.916281,-216.437576,92.259285,84.127151
393,3.275000,-0.011740,0.399511,0.024327,0.916330,-216.433960,92.261292,84.147385
394,3.283333,-0.010812,0.399433,0.024145,0.916381,-216.423874,92.265717,84.171967
395,3.291667,-0.009795,0.399438,0.023887,0.916397,-216.411041,92.268524,84.195541
396,3.300000,-0.008563,0.399624,0.023776,0.916331,-216.393692,92.267410,84.224945
397,3.308333,-0.006487,0.399695,0.023202,0.916332,-216.369659,92.257515,84.265274
398,3.316667,-0.004717,0.399671,0.022092,0.916380,-216.340942,92.255722,84.297180
399,3.325000,-0.002794,0.400952,0.024426,0.915769,-216.298599,92.229996,84.337570
400,3.333333,-0.001564,0.401451,0.024702,0.915546,-216.265610,92.223618,84.362808
401,3.341667,-0.000934,0.401121,0.023671,0.915719,-216.268021,92.227364,84.385963
402,3.350000,-0.000661,0.400920,0.023335,0.915816,-216.251541,92.229340,84.393326
403,3.358333,-0.000469,0.401015,0.022445,0.915797,-216.225571,92.235321,84.396240
404,3.366667,-0.000525,0.400825,0.020976,0.915914,-216.211014,92.247337,84.396278
405,3.375000,-0.000409,0.400732,0.019963,0.915978,-216.208679,92.257538,84.397369
406,3.383333,-0.000225,0.400570,0.019791,0.916052,-216.213577,92.262253,84.402588
407,3.391667,-0.000086,0.400566,0.020065,0.916048,-216.221527,92.262993,84.409050
408,3.400000,0.000026,0.400574,0.020565,0.916033,-216.229172,92.261971,84.416496
409,3.408333,0.000209,0.400554,0.020894,0.916035,-216.236252,92.260811,84.424057
410,3.416667,0.000736,0.400747,0.023261,0.915893,-216.262604,92.243500,84.450439
411,3.425000,0.000904,0.400819,0.023369,0.915859,-216.257233,92.246605,84.457008
412,3.433333,0.000834,0.400785,0.022703,0.915891,-216.247604,92.255150,84.466393
413,3.441667,0.000829,0.400736,0.022142,0.915926,-216.243881,92.263710,84.476128
414,3.450000,0.001183,0.400511,0.022150,0.916024,-216.242096,92.269859,84.491310
415,3.458333,0.001266,0.400388,0.022488,0.916069,-216.239243,92.270782,84.503639
416,3.466667,0.001500,0.400349,0.022837,0.916077,-216.238434,92.268005,84.514397
417,3.475000,0.001817,0.400364,0.023181,0.916061,-216.237350,92.263588,84.522247
418,3.483333,0.001907,0.400364,0.023512,0.916053,-216.236755,92.261040,84.526314
419,3.491667,0.001723,0.400296,0.023805,0.916075,-216.237900,92.261520,84.521957
420,3.500000,0.001582,0.400366,0.023824,0.916044,-216.237732,92.259468,84.512024
421,3.508333,0.001206,0.400570,0.023746,0.915958,-216.239212,92.257233,84.492676
422,3.516667,0.000943,0.400661,0.023470,0.915925,-216.246887,92.253418,84.463379
423,3.525000,0.000562,0.400702,0.023917,0.915896,-216.275360,92.241028,84.439674
424,3.533333,-0.000100,0.400639,0.023893,0.915925,-216.293640,92.236259,84.409836
425,3.541667,-0.000170,0.401029,0.026080,0.915694,-216.287903,92.216476,84.381660
426,3.550000,-0.000283,0.401098,0.025856,0.915670,-216.296570,92.221741,84.378830
427,3.558333,0.000052,0.400908,0.026148,0.915745,-216.309998,92.236397,84.410950
428,3.566667,0.000529,0.400121,0.025158,0.916117,-216.328140,92.275719,84.449799
429,3.575000,0.001350,0.399828,0.026299,0.916212,-216.347595,92.307007,84.482040
430,3.583333,0.001248,0.399820,0.025996,0.916224,-216.330078,92.357368,84.490608
431,3.591667,0.002140,0.399834,0.025391,0.916234,-216.308121,92.423767,84.488770
432,3.600000,0.001667,0.400670,0.027468,0.915809,-216.292068,92.478386,84.502235
433,3.608333,0.001192,0.400710,0.027908,0.915779,-216.292099,92.532913,84.514030
434,3.616667,0.001529,0.400680,0.028346,0.915778,-216.295364,92.576935,84.533508
435,3.625000,0.002542,0.400647,0.029051,0.915769,-216.296524,92.617256,84.553787
436,3.633333,0.003511,0.400241,0.029359,0.915933,-216.299820,92.657005,84.565445
437,3.641667,0.003191,0.400063,0.025434,0.916129,-216.293884,92.737259,84.568962
438,3.650000,0.002148,0.399661,0.023153,0.916368,-216.285706,92.808014,84.564575
439,3.658333,0.000633,0.399570,0.021376,0.916453,-216.272552,92.876694,84.562286
440,3.666667,-0.000859,0.399667,0.021326,0.916412,-216.266678,92.931824,84.569359
441,3.675000,-0.001898,0.399707,0.021789,0.916382,-216.266846,92.977180,84.572647
442,3.683333,-0.002282,0.399649,0.022432,0.916391,-216.268921,93.021996,84.575096
443,3.691667,-0.003139,0.399832,0.023813,0.916274,-216.274353,93.080635,84.578392
444,3.700000,-0.002992,0.400916,0.026350,0.915731,-216.272659,93.127022,84.598495
445,3.708333,-0.002674,0.400567,0.024248,0.915942,-216.281265,93.209709,84.599190
446,3.716667,-0.002295,0.400209,0.022390,0.916148,-216.282623,93.290146,84.597954
447,3.725000,-0.002071,0.400264,0.021502,0.916145,-216.279739,93.357056,84.593582
448,3.733333,-0.002253,0.400369,0.021304,0.916104,-216.277527,93.414207,84.594810
449,3.741667,-0.002837,0.400383,0.021820,0.916084,-216.276413,93.462082,84.597870
450,3.750000,-0.003365,0.400317,0.022637,0.916091,-216.275162,93.505234,84.604736
451,3.758333,-0.003419,0.400221,0.024486,0.916085,-216.287781,93.534431,84.620064
452,3.766667,-0.003810,0.400176,0.024122,0.916113,-216.275162,93.587990,84.624298
453,3.775000,-0.004462,0.400463,0.024039,0.915987,-216.266006,93.649948,84.620171
454,3.783333,-0.004796,0.400614,0.023432,0.915935,-216.258148,93.706604,84.617165
455,3.791667,-0.004745,0.400787,0.022259,0.915889,-216.252609,93.761131,84.621300
456,3.800000,-0.004184,0.400943,0.021288,0.915846,-216.246628,93.813637,84.631752
457,3.808333,-0.003936,0.400968,0.020864,0.915846,-216.243652,93.864220,84.637604
458,3.816667,-0.003846,0.401064,0.020539,0.915812,-216.243530,93.914001,84.639648
459,3.825000,-0.004178,0.402008,0.023189,0.915333,-216.235809,93.945587,84.653610
460,3.833333,-0.005108,0.401972,0.023244,0.915343,-216.236282,94.000069,84.658142
461,3.841667,-0.005810,0.401157,0.022092,0.915724,-216.242691,94.066933,84.650337
462,3.850000,-0.006263,0.400412,0.021172,0.916069,-216.244385,94.132812,84.638939
463,3.858333,-0.007374,0.400542,0.021707,0.915991,-216.241974,94.196297,84.627083
464,3.866667,-0.008357,0.400718,0.021520,0.915911,-216.237854,94.254257,84.617607
465,3.875000,-0.008979,0.401482,0.022731,0.915541,-216.229935,94.293922,84.626381
466,3.883333,-0.010109,0.401015,0.020344,0.915790,-216.237213,94.357498,84.613838
467,3.891667,-0.011262,0.400909,0.020443,0.915821,-216.264862,94.404373,84.620216
468,3.900000,-0.012172,0.400863,0.019411,0.915852,-216.251038,94.465599,84.605774
469,3.908333,-0.012637,0.400894,0.018224,0.915856,-216.242645,94.530357,84.593071
470,3.916667,-0.012398,0.400950,0.017832,0.915842,-216.234512,94.592133,84.585709
471,3.925000,-0.012188,0.401012,0.018193,0.915811,-216.230606,94.641182,84.583786
472,3.933333,-0.011951,0.401080,0.018896,0.915770,-216.225250,94.682762,84.587059
473,3.941667,-0.012289,0.401281,0.020144,0.915651,-216.221039,94.726532,84.585724
474,3.950000,-0.012558,0.401380,0.020941,0.915586,-216.219254,94.768227,84.584343
475,3.958333,-0.012564,0.401566,0.021001,0.915503,-216.216446,94.804260,84.581688
476,3.966667,-0.012654,0.401835,0.021073,0.915382,-216.225082,94.833900,84.585617
477,3.975000,-0.013163,0.401903,0.019841,0.915373,-216.211884,94.873329,84.576218
478,3.983333,-0.014187,0.402044,0.018358,0.915326,-216.201645,94.918129,84.565239
479,3.991667,-0.014992,0.402623,0.019644,0.915032,-216.189880,94.942024,84.562912
480,4.000000,-0.016099,0.402615,0.019285,0.915025,-216.187424,94.978828,84.557915
481,4.008333,-0.017008,0.402623,0.018791,0.915015,-216.187866,95.015831,84.553284
482,4.016667,-0.017964,0.401971,0.016647,0.915325,-216.196564,95.067070,84.539520
483,4.025000,-0.018669,0.401522,0.015240,0.915532,-216.199539,95.113899,84.525284
484,4.033333,-0.018982,0.401299,0.014393,0.915637,-216.193741,95.154915,84.512672
485,4.041667,-0.019008,0.401183,0.013418,0.915703,-216.188263,95.191422,84.505829
486,4.050000,-0.018963,0.401156,0.013426,0.915715,-216.184998,95.222626,84.503227
487,4.058333,-0.019858,0.401370,0.014727,0.915582,-216.182037,95.254578,84.499275
488,4.066667,-0.020172,0.401475,0.015546,0.915516,-216.178650,95.279846,84.500900
489,4.075000,-0.019976,0.401536,0.015810,0.915489,-216.176056,95.298294,84.505913
490,4.083333,-0.019673,0.401743,0.016144,0.915399,-216.172714,95.313049,84.511475
491,4.091667,-0.019706,0.401796,0.016491,0.915369,-216.169601,95.328560,84.519257
492,4.100000,-0.019654,0.401716,0.017294,0.915390,-216.167786,95.346680,84.528641
493,4.108333,-0.019072,0.401876,0.017527,0.915328,-216.162796,95.365082,84.533112
494,4.116667,-0.018779,0.402134,0.017653,0.915218,-216.157013,95.385445,84.537018
495,4.125000,-0.018681,0.402479,0.017706,0.915068,-216.148041,95.409889,84.539528
496,4.133333,-0.018608,0.402757,0.017712,0.914946,-216.137909,95.437912,84.540215
497,4.141667,-0.018621,0.402948,0.017518,0.914866,-216.132858,95.466606,84.538193
498,4.150000,-0.018378,0.403517,0.019180,0.914587,-216.126465,95.483757,84.544624
499,4.158333,-0.018453,0.403523,0.019075,0.914585,-216.130142,95.510239,84.543610
500,4.166667,-0.018803,0.402806,0.017157,0.914931,-216.140884,95.545753,84.533218
501,4.175000,-0.019870,0.401835,0.015075,0.915372,-216.144806,95.582115,84.522911
502,4.183333,-0.020634,0.401771,0.013831,0.915403,-216.137985,95.608780,84.508652
503,4.191667,-0.020995,0.401585,0.013241,0.915485,-216.135864,95.627937,84.508568
504,4.200000,-0.021192,0.401584,0.013318,0.915480,-216.133209,95.644608,84.510750
505,4.208333,-0.020181,0.401886,0.013983,0.915361,-216.128922,95.665756,84.511688
506,4.216667,-0.019781,0.402183,0.014175,0.915236,-216.122864,95.686958,84.510529
507,4.225000,-0.019957,0.402619,0.014126,0.915041,-216.116852,95.707367,84.507126
508,4.233333,-0.020450,0.402702,0.014118,0.914994,-216.115707,95.731140,84.507050
509,4.241667,-0.020921,0.402860,0.014219,0.914912,-216.116714,95.754333,84.503563
510,4.250000,-0.021080,0.402744,0.014086,0.914962,-216.118973,95.772781,84.503914
511,4.258333,-0.022052,0.402712,0.015262,0.914934,-216.121170,95.796570,84.504242
512,4.266667,-0.022303,0.402767,0.015663,0.914897,-216.122055,95.813927,84.505241
513,4.275000,-0.022600,0.402759,0.015853,0.914890,-216.122681,95.827820,84.504387
514,4.283333,-0.022818,0.402804,0.016108,0.914860,-216.121414,95.842484,84.503838
515,4.291667,-0.023163,0.402913,0.016161,0.914803,-216.119766,95.857536,84.502998
516,4.300000,-0.023327,0.402895,0.016148,0.914807,-216.118362,95.873962,84.500923
517,4.308333,-0.023459,0.402852,0.016078,0.914823,-216.118042,95.890045,84.498199
518,4.316667,-0.023672,0.402987,0.016058,0.914759,-216.113922,95.903984,84.496788
519,4.325000,-0.023617,0.403085,0.016250,0.914714,-216.106110,95.914078,84.498627
520,4.333333,-0.023666,0.403193,0.016269,0.914664,-216.095139,95.931900,84.498550
521,4.341667,-0.023736,0.403733,0.016042,0.914428,-216.079529,95.958847,84.491814
522,4.350000,-0.023680,0.403954,0.015686,0.914338,-216.056488,96.005157,84.483932
523,4.358333,-0.023572,0.404202,0.015106,0.914241,-216.031555,96.071365,84.473946
524,4.366667,-0.023489,0.405060,0.016501,0.913839,-216.001678,96.126785,84.469032
525,4.375000,-0.024405,0.405506,0.016454,0.913618,-215.979355,96.194321,84.454010
526,4.383333,-0.024752,0.405668,0.015581,0.913553,-215.960663,96.269073,84.437218
527,4.391667,-0.026609,0.406147,0.015112,0.913295,-215.947983,96.335304,84.425720
528,4.400000,-0.029063,0.405601,0.012687,0.913500,-215.953110,96.400711,84.405838
529,4.408333,-0.030621,0.404902,0.010622,0.913785,-215.956970,96.450539,84.386642
530,4.416667,-0.030978,0.404586,0.009715,0.913923,-215.958481,96.489113,84.376717
531,4.425000,-0.031268,0.404569,0.009671,0.913922,-215.962311,96.522011,84.370369
532,4.433333,-0.031816,0.404663,0.009778,0.913860,-215.964935,96.553558,84.364220
533,4.441667,-0.032028,0.404636,0.009787,0.913865,-215.962402,96.577347,84.361374
534,4.450000,-0.032173,0.404647,0.010019,0.913852,-215.958878,96.595856,84.358429
535,4.458333,-0.032180,0.404717,0.010283,0.913818,-215.957886,96.610054,84.356949
536,4.466667,-0.032233,0.404694,0.010427,0.913824,-215.960388,96.623108,84.355598
537,4.475000,-0.032369,0.404664,0.010572,0.913831,-215.965317,96.634232,84.355232
538,4.483333,-0.032627,0.404652,0.010717,0.913826,-215.971130,96.644432,84.352547
539,4.491667,-0.032721,0.404705,0.010658,0.913800,-215.974304,96.652901,84.350021
540,4.500000,-0.032628,0.404688,0.010445,0.913813,-215.974426,96.659157,84.348747
541,4.508333,-0.032671,0.404766,0.010527,0.913776,-215.972687,96.663666,84.346931
542,4.516667,-0.032582,0.404746,0.010502,0.913788,-215.972931,96.664009,84.346352
543,4.525000,-0.032545,0.404714,0.010476,0.913804,-215.971497,96.660072,84.348801
544,4.533333,-0.032542,0.404670,0.010292,0.913826,-215.969513,96.655327,84.350937
545,4.541667,-0.032654,0.404579,0.010239,0.913863,-215.967697,96.651428,84.352592
546,4.550000,-0.032759,0.404585,0.010382,0.913855,-215.965912,96.652031,84.352318
547,4.558333,-0.032791,0.404652,0.010573,0.913821,-215.963882,96.655243,84.354065
548,4.566667,-0.032654,0.404732,0.010756,0.913789,-215.961456,96.658340,84.355461
549,4.575000,-0.032713,0.404768,0.010746,0.913771,-215.960876,96.658257,84.356781
550,4.583333,-0.032816,0.404639,0.010638,0.913826,-215.960312,96.654678,84.357857
551,4.591667,-0.032691,0.404600,0.010562,0.913848,-215.959137,96.649887,84.356804
552,4.600000,-0.032512,0.404561,0.010358,0.913874,-215.961121,96.650383,84.357178
553,4.608333,-0.032582,0.404659,0.010572,0.913826,-215.963531,96.651581,84.354454
554,4.616667,-0.032712,0.404672,0.010619,0.913815,-215.965271,96.655807,84.352318
555,4.625000,-0.032797,0.404724,0.010755,0.913787,-215.965851,96.657799,84.350990
556,4.633333,-0.032770,0.404694,0.010668,0.913802,-215.967316,96.657982,84.348320
557,4.641667,-0.032717,0.404694,0.010460,0.913807,-215.969849,96.655807,84.348076
558,4.650000,-0.032606,0.404636,0.010456,0.913836,-215.972763,96.654022,84.347359
559,4.658333,-0.032543,0.404540,0.010387,0.913882,-215.975433,96.652916,84.346947
560,4.666667,-0.032632,0.404592,0.010443,0.913855,-215.976089,96.654198,84.346748
561,4.675000,-0.032592,0.404672,0.010550,0.913820,-215.974609,96.657310,84.345993
562,4.683333,-0.032685,0.404735,0.010544,0.913789,-215.971069,96.658966,84.345451
563,4.691667,-0.032669,0.404735,0.010468,0.913790,-215.966843,96.657570,84.346825
564,4.700000,-0.032702,0.404665,0.010363,0.913821,-215.963028,96.655022,84.349106
565,4.708333,-0.032556,0.404578,0.010392,0.913865,-215.959793,96.651711,84.352531
566,4.716667,-0.032682,0.404599,0.010267,0.913852,-215.957855,96.652359,84.353714
567,4.725000,-0.032774,0.404661,0.010435,0.913820,-215.955765,96.652771,84.352921
568,4.733333,-0.032883,0.404669,0.010568,0.913811,-215.955353,96.653770,84.353928
569,4.741667,-0.032817,0.404675,0.010647,0.913809,-215.955322,96.655029,84.354507
570,4.750000,-0.032705,0.404633,0.010618,0.913833,-215.957382,96.653618,84.355072
571,4.758333,-0.032611,0.404623,0.010583,0.913841,-215.959930,96.652397,84.354996
572,4.766667,-0.032543,0.404641,0.010620,0.913835,-215.963531,96.652084,84.353661
573,4.775000,-0.032578,0.404634,0.010642,0.913836,-215.967606,96.651779,84.352890
574,4.783333,-0.032578,0.404651,0.010639,0.913829,-215.971039,96.654480,84.351555
575,4.791667,-0.032573,0.404673,0.010586,0.913820,-215.973480,96.655190,84.349792
576,4.800000,-0.032629,0.404691,0.010571,0.913810,-215.975952,96.655472,84.348488
577,4.808333,-0.032595,0.404699,0.010530,0.913808,-215.976532,96.655998,84.348976
578,4.816667,-0.032683,0.404646,0.010492,0.913829,-215.975052,96.655373,84.348701
579,4.825000,-0.032595,0.404646,0.010465,0.913832,-215.973541,96.653709,84.349709
580,4.833333,-0.032615,0.404721,0.010539,0.913798,-215.970703,96.653214,84.349403
581,4.841667,-0.032656,0.404724,0.010588,0.913795,-215.967911,96.653481,84.350372
582,4.850000,-0.032740,0.404719,0.010710,0.913792,-215.965134,96.655396,84.350769
583,4.858333,-0.032774,0.404660,0.010822,0.913816,-215.962387,96.655212,84.352020
584,4.866667,-0.032686,0.404599,0.010614,0.913848,-215.961075,96.654701,84.353615
585,4.875000,-0.032600,0.404644,0.010597,0.913832,-215.958649,96.653709,84.354500
586,4.883333,-0.032639,0.404682,0.010634,0.913813,-215.958221,96.653603,84.354111
587,4.891667,-0.032703,0.404681,0.010630,0.913811,-215.958862,96.653473,84.354187
588,4.900000,-0.032734,0.404658,0.010566,0.913821,-215.959747,96.653870,84.352783
589,4.908333,-0.032647,0.404652,0.010532,0.913827,-215.961624,96.655067,84.351799
590,4.916667,-0.032515,0.404672,0.010554,0.913823,-215.963989,96.654289,84.350975
591,4.925000,-0.032614,0.404684,0.010466,0.913815,-215.966507,96.653519,84.349487
592,4.933333,-0.032590,0.404682,0.010451,0.913817,-215.968750,96.653435,84.350044
593,4.941667,-0.032687,0.404671,0.010485,0.913818,-215.970901,96.653572,84.349144
594,4.950000,-0.032709,0.404672,0.010480,0.913817,-215.971710,96.655357,84.348579
595,4.958333,-0.032687,0.404663,0.010579,0.913820,-215.971451,96.656471,84.349098
596,4.966667,-0.032744,0.404641,0.010571,0.913828,-215.969681,96.655876,84.350143
597,4.975000,-0.032754,0.404629,0.010342,0.913836,-215.967865,96.655235,84.350769
598,4.983333,-0.032684,0.404615,0.010379,0.913844,-215.965393,96.652802,84.351906
599,4.991667,-0.032641,0.404638,0.010322,0.913836,-215.963226,96.653633,84.353569
600,5.000000,-0.032673,0.404576,0.010387,0.913861,-215.960815,96.653755,84.354744
601,5.008333,-0.032746,0.404588,0.010449,0.913853,-215.958984,96.653900,84.355270
602,5.016667,-0.032677,0.404597,0.010567,0.913850,-215.957993,96.653259,84.356514
603,5.025000,-0.032566,0.404599,0.010714,0.913851,-215.957687,96.653145,84.357727
604,5.033333,-0.032621,0.404649,0.010715,0.913827,-215.958862,96.651955,84.357330
605,5.041667,-0.032624,0.404648,0.010662,0.913828,-215.960876,96.650558,84.357246
606,5.050000,-0.032593,0.404682,0.010683,0.913814,-215.962463,96.650558,84.356049
607,5.058333,-0.032541,0.404648,0.010731,0.913830,-215.964386,96.651443,84.353874
608,5.066667,-0.032585,0.404680,0.010658,0.913816,-215.966415,96.652733,84.352470
609,5.075000,-0.032708,0.404722,0.010483,0.913794,-215.967743,96.653824,84.350624
610,5.083333,-0.032781,0.404684,0.010328,0.913811,-215.969208,96.654770,84.349472
611,5.091667,-0.032682,0.404630,0.010369,0.913837,-215.969254,96.654388,84.347404
612,5.100000,-0.032599,0.404636,0.010406,0.913837,-215.969116,96.653740,84.348068
613,5.108333,-0.032592,0.404677,0.010484,0.913819,-215.967728,96.653397,84.348259
614,5.116667,-0.032596,0.404680,0.010509,0.913817,-215.965485,96.654099,84.348938
615,5.125000,-0.032688,0.404671,0.010562,0.913817,-215.962891,96.654243,84.349213
616,5.133333,-0.032731,0.404642,0.010533,0.913829,-215.960724,96.653366,84.350136
617,5.141667,-0.032820,0.404658,0.010563,0.913818,-215.958832,96.652382,84.352547
618,5.150000,-0.032731,0.404645,0.010527,0.913827,-215.957504,96.651901,84.353622
619,5.158333,-0.032649,0.404631,0.010658,0.913835,-215.955826,96.650856,84.354736
620,5.166667,-0.032591,0.404640,0.010752,0.913832,-215.955475,96.652367,84.356506
621,5.175000,-0.032636,0.404688,0.010720,0.913809,-215.955536,96.653984,84.357155
622,5.183333,-0.032652,0.404709,0.010631,0.913801,-215.956970,96.656181,84.357941
623,5.191667,-0.032685,0.404691,0.010475,0.913809,-215.958710,96.659477,84.358940
624,5.200000,-0.032809,0.404600,0.010483,0.913845,-215.960571,96.663734,84.359497
625,5.208333,-0.032959,0.404603,0.010243,0.913841,-215.964218,96.671555,84.362206
626,5.216667,-0.033069,0.404640,0.010055,0.913823,-215.966660,96.680672,84.364388
627,5.225000,-0.033324,0.404625,0.010031,0.913820,-215.968842,96.688850,84.369209
628,5.233333,-0.033534,0.404526,0.009951,0.913857,-215.969971,96.698196,84.375679
629,5.241667,-0.033772,0.404472,0.009600,0.913876,-215.968414,96.706619,84.381233
630,5.250000,-0.033954,0.404342,0.009140,0.913932,-215.964127,96.713463,84.389290
631,5.258333,-0.034171,0.404292,0.008765,0.913949,-215.958878,96.720032,84.398956
632,5.266667,-0.034464,0.404224,0.008296,0.913973,-215.954041,96.730621,84.407166
633,5.275000,-0.034402,0.405124,0.010472,0.913554,-215.942856,96.723175,84.429428
634,5.283333,-0.034958,0.405112,0.010380,0.913540,-215.940643,96.736267,84.442642
635,5.291667,-0.035846,0.404246,0.008693,0.913906,-215.946793,96.759079,84.449577
636,5.300000,-0.036132,0.403860,0.007309,0.914078,-215.944168,96.773773,84.461121
637,5.308333,-0.036143,0.403795,0.006724,0.914110,-215.937042,96.781105,84.477844
638,5.316667,-0.036150,0.403937,0.006210,0.914051,-215.928024,96.786591,84.497101
639,5.325000,-0.036206,0.404103,0.005996,0.913977,-215.917664,96.786514,84.519806
640,5.333333,-0.035358,0.404907,0.006876,0.913648,-215.899612,96.769165,84.553215
641,5.341667,-0.034394,0.406703,0.011097,0.912845,-215.872986,96.722786,84.607162
642,5.350000,-0.034229,0.407049,0.011691,0.912690,-215.853745,96.701599,84.647606
643,5.358333,-0.034154,0.406177,0.010105,0.913100,-215.836960,96.693390,84.682587
644,5.366667,-0.034133,0.405950,0.009925,0.913204,-215.808838,96.676666,84.717758
645,5.375000,-0.033981,0.406121,0.009850,0.913134,-215.778976,96.655884,84.748489
646,5.383333,-0.034616,0.406884,0.008914,0.912780,-215.748383,96.633064,84.784973
647,5.391667,-0.033997,0.407496,0.009206,0.912528,-215.705688,96.588020,84.833244
648,5.400000,-0.031655,0.409296,0.012794,0.911763,-215.648148,96.502769,84.916931
649,5.408333,-0.030703,0.409202,0.012176,0.911846,-215.612411,96.443619,84.976822
650,5.416667,-0.030699,0.409151,0.011715,0.911875,-215.575409,96.384369,85.029694
651,5.425000,-0.030159,0.410240,0.014549,0.911363,-215.519714,96.312538,85.101440
652,5.433333,-0.029288,0.410214,0.014571,0.911403,-215.482025,96.261993,85.164024
653,5.441667,-0.027141,0.410509,0.014127,0.911343,-215.444763,96.198364,85.229286
654,5.450000,-0.025716,0.410701,0.013222,0.911311,-215.395050,96.125725,85.301407
655,5.458333,-0.024867,0.410814,0.012772,0.911290,-215.348984,96.052078,85.369888
656,5.466667,-0.024288,0.411546,0.013122,0.910971,-215.316055,95.991287,85.434883
657,5.475000,-0.023625,0.412409,0.014952,0.910570,-215.270813,95.931259,85.515060
658,5.483333,-0.022329,0.412890,0.016255,0.910362,-215.226410,95.870750,85.590935
659,5.491667,-0.020901,0.413372,0.015655,0.910188,-215.187408,95.811714,85.658394
660,5.500000,-0.021398,0.413884,0.014315,0.909965,-215.147324,95.769432,85.721832
661,5.508333,-0.022453,0.414088,0.013872,0.909854,-215.107086,95.734116,85.779457
662,5.516667,-0.022371,0.414899,0.014464,0.909478,-215.063568,95.705811,85.848053
663,5.525000,-0.021198,0.415930,0.015455,0.909018,-215.023712,95.691971,85.913406
664,5.533333,-0.020548,0.416237,0.015893,0.908885,-214.982727,95.676598,85.974121
665,5.541667,-0.020945,0.416388,0.016053,0.908804,-214.938858,95.662102,86.039360
666,5.550000,-0.021471,0.416849,0.016156,0.908579,-214.899414,95.659424,86.101616
667,5.558333,-0.021898,0.418107,0.018997,0.907935,-214.854980,95.653000,86.179832
668,5.566667,-0.021882,0.418521,0.019699,0.907730,-214.805573,95.660416,86.252289
669,5.575000,-0.022438,0.417998,0.017715,0.907998,-214.764999,95.675491,86.323242
670,5.583333,-0.023075,0.418398,0.016227,0.907825,-214.722397,95.689735,86.380600
671,5.591667,-0.024180,0.419113,0.015149,0.907486,-214.680954,95.716820,86.438110
672,5.600000,-0.025194,0.418960,0.014185,0.907544,-214.623993,95.757256,86.491165
673,5.608333,-0.027343,0.419305,0.012846,0.907343,-214.565659,95.788589,86.548271
674,5.616667,-0.029072,0.421274,0.013680,0.906364,-214.503662,95.798172,86.617073
675,5.625000,-0.030193,0.421457,0.012613,0.906258,-214.449265,95.838745,86.671227
676,5.633333,-0.030892,0.421968,0.012548,0.905997,-214.395264,95.883873,86.731522
677,5.641667,-0.031697,0.422286,0.012282,0.905825,-214.339706,95.937691,86.798691
678,5.650000,-0.033221,0.422945,0.012811,0.905456,-214.289673,96.008163,86.858772
679,5.658333,-0.034787,0.423844,0.012513,0.904980,-214.236588,96.074516,86.906990
680,5.666667,-0.036424,0.424436,0.011516,0.904652,-214.179138,96.133026,86.952553
681,5.675000,-0.038195,0.424788,0.010239,0.904429,-214.120667,96.184814,86.997948
682,5.683333,-0.039304,0.426386,0.011958,0.903608,-214.057571,96.206558,87.068901
683,5.691667,-0.040673,0.427389,0.012260,0.903069,-214.006989,96.232826,87.135300
684,5.700000,-0.041443,0.427807,0.010697,0.902856,-213.958115,96.269676,87.195435
685,5.708333,-0.042685,0.428120,0.009790,0.902660,-213.907867,96.308098,87.248650
686,5.716667,-0.044354,0.428329,0.009537,0.902484,-213.853668,96.344521,87.299515
687,5.725000,-0.045955,0.428777,0.008801,0.902198,-213.797806,96.382904,87.349426
688,5.733333,-0.047264,0.429236,0.007538,0.901923,-213.744904,96.422325,87.394020
689,5.741667,-0.047885,0.429552,0.006580,0.901748,-213.695282,96.454018,87.432816
690,5.750000,-0.047639,0.431001,0.008658,0.901052,-213.631607,96.462875,87.492561
691,5.758333,-0.047752,0.431691,0.009335,0.900708,-213.573242,96.478859,87.548592
692,5.766667,-0.047954,0.431687,0.009133,0.900702,-213.520309,96.487762,87.598160
693,5.775000,-0.048480,0.431938,0.008980,0.900554,-213.470032,96.495422,87.642273
694,5.783333,-0.048371,0.433278,0.010267,0.899903,-213.411118,96.487396,87.694496
695,5.791667,-0.047768,0.434242,0.010036,0.899473,-213.356598,96.480881,87.745476
696,5.800000,-0.047514,0.434505,0.009596,0.899364,-213.296127,96.475128,87.795189
697,5.808333,-0.047527,0.434539,0.009742,0.899345,-213.235519,96.467934,87.839020
698,5.816667,-0.048325,0.435440,0.009916,0.898865,-213.181976,96.454651,87.884781
699,5.825000,-0.049390,0.436018,0.008329,0.898543,-213.136978,96.448051,87.921417
700,5.833333,-0.049953,0.436455,0.007201,0.898309,-213.081573,96.440331,87.958763
701,5.841667,-0.050274,0.436726,0.006216,0.898167,-213.014297,96.435501,88.001144
702,5.850000,-0.049863,0.438374,0.008212,0.897371,-212.943726,96.408859,88.050995
703,5.858333,-0.049780,0.439217,0.008536,0.896960,-212.887573,96.395805,88.080856
704,5.866667,-0.049674,0.439554,0.009776,0.896788,-212.827057,96.369102,88.115746
705,5.875000,-0.049690,0.439452,0.009635,0.896839,-212.766052,96.340439,88.160332
706,5.883333,-0.049137,0.438882,0.008529,0.897160,-212.707016,96.307396,88.202446
707,5.891667,-0.047836,0.439983,0.010024,0.896675,-212.644272,96.260574,88.246086
708,5.900000,-0.047267,0.441406,0.010236,0.896003,-212.585205,96.218506,88.292419
709,5.908333,-0.047228,0.442121,0.009714,0.895659,-212.526794,96.183235,88.331436
710,5.916667,-0.047419,0.442650,0.009368,0.895391,-212.469772,96.153236,88.369751
711,5.925000,-0.046973,0.443688,0.010438,0.894889,-212.409561,96.118912,88.413040
712,5.933333,-0.046771,0.444329,0.011169,0.894572,-212.349991,96.094040,88.453743
713,5.941667,-0.047135,0.444487,0.011562,0.894469,-212.286896,96.076927,88.487915
714,5.950000,-0.047202,0.445199,0.012009,0.894106,-212.219482,96.059052,88.526131
715,5.958333,-0.046437,0.445760,0.011628,0.893872,-212.162827,96.039864,88.561607
716,5.966667,-0.045772,0.446004,0.010701,0.893796,-212.111420,96.023079,88.593025
717,5.975000,-0.045053,0.446045,0.009654,0.893824,-212.054520,96.003838,88.630341
718,5.983333,-0.044797,0.446105,0.008497,0.893818,-211.987137,95.983162,88.666061
719,5.991667,-0.044903,0.447837,0.009875,0.892933,-211.919052,95.941216,88.717445
720,6.000000,-0.045426,0.448493,0.010172,0.892573,-211.863800,95.915070,88.755630
721,6.008333,-0.045599,0.448734,0.011382,0.892429,-211.805801,95.898605,88.798904
722,6.016667,-0.045458,0.449050,0.012031,0.892268,-211.745407,95.891846,88.837440
723,6.025000,-0.045388,0.449444,0.011304,0.892083,-211.688278,95.889290,88.868782
724,6.033333,-0.045534,0.450042,0.010710,0.891782,-211.627319,95.876900,88.901543
725,6.041667,-0.045626,0.451501,0.012401,0.891017,-211.549255,95.842987,88.951820
726,6.050000,-0.045329,0.451611,0.011391,0.890990,-211.480667,95.822174,88.994583
727,6.058333,-0.044752,0.452492,0.010858,0.890579,-211.418991,95.802826,89.024971
728,6.066667,-0.044561,0.453597,0.010805,0.890027,-211.359833,95.786995,89.052422
729,6.075000,-0.043947,0.453849,0.010346,0.889934,-211.297272,95.778496,89.083633
730,6.083333,-0.043801,0.453863,0.010061,0.889938,-211.228470,95.774811,89.112030
731,6.091667,-0.044629,0.455524,0.011522,0.889030,-211.152054,95.752205,89.160202
732,6.100000,-0.046391,0.456247,0.011332,0.888571,-211.085770,95.733795,89.191032
733,6.108333,-0.046801,0.456862,0.011470,0.888232,-211.024124,95.711334,89.218727
734,6.116667,-0.046358,0.457673,0.011706,0.887834,-210.954880,95.691483,89.258423
735,6.125000,-0.045280,0.458257,0.011415,0.887592,-210.886078,95.677681,89.303825
736,6.133333,-0.044818,0.458461,0.011959,0.887503,-210.822388,95.662430,89.335098
737,6.141667,-0.044262,0.459797,0.013959,0.886811,-210.746185,95.632774,89.375381
738,6.150000,-0.043812,0.460427,0.013747,0.886509,-210.668991,95.613678,89.416328
739,6.158333,-0.044048,0.460589,0.012346,0.886434,-210.598785,95.604469,89.447182
740,6.166667,-0.044542,0.460807,0.011259,0.886310,-210.532593,95.596504,89.470818
741,6.175000,-0.044135,0.461438,0.010702,0.886009,-210.460358,95.591270,89.503136
742,6.183333,-0.043696,0.461721,0.010449,0.885887,-210.390091,95.591805,89.527939
743,6.191667,-0.044327,0.463258,0.011647,0.885038,-210.316681,95.570084,89.572754
744,6.200000,-0.045241,0.464090,0.012017,0.884551,-210.246857,95.549515,89.607651
745,6.208333,-0.045843,0.464820,0.012601,0.884128,-210.176163,95.529991,89.639099
746,6.216667,-0.046361,0.465147,0.012587,0.883929,-210.114716,95.519608,89.663406
747,6.225000,-0.046037,0.465824,0.012498,0.883591,-210.046173,95.506973,89.698830
748,6.233333,-0.045171,0.467077,0.015167,0.882932,-209.956528,95.476372,89.745087
749,6.241667,-0.045269,0.467508,0.014783,0.882705,-209.887009,95.476387,89.778542
750,6.250000,-0.045124,0.467806,0.013726,0.882572,-209.822845,95.466362,89.807129
751,6.258333,-0.044650,0.468481,0.013223,0.882246,-209.758087,95.448563,89.828148
752,6.266667,-0.044492,0.468919,0.012404,0.882033,-209.684326,95.433762,89.850525
753,6.275000,-0.045342,0.468531,0.010376,0.882222,-209.621475,95.433746,89.876511
754,6.283333,-0.045265,0.469780,0.011506,0.881547,-209.547287,95.414825,89.912498
755,6.291667,-0.044811,0.471905,0.013304,0.880410,-209.473343,95.370827,89.960579
756,6.300000,-0.044366,0.472884,0.014552,0.879887,-209.401062,95.337883,90.005203
757,6.308333,-0.043535,0.473408,0.016527,0.879612,-209.320312,95.304344,90.046295
758,6.316667,-0.043450,0.473596,0.015512,0.879533,-209.256012,95.302948,90.078110
759,6.325000,-0.043697,0.474304,0.015452,0.879140,-209.182709,95.292458,90.100082
760,6.333333,-0.043438,0.475818,0.016714,0.878311,-209.094910,95.269112,90.138824
761,6.341667,-0.043517,0.476643,0.017112,0.877852,-209.018524,95.255211,90.168800
762,6.350000,-0.042799,0.476561,0.016303,0.877948,-208.938782,95.236755,90.199104
763,6.358333,-0.042220,0.477126,0.015772,0.877679,-208.873489,95.222359,90.222206
764,6.366667,-0.041584,0.478146,0.015966,0.877150,-208.806702,95.203438,90.251610
765,6.375000,-0.041432,0.478186,0.015261,0.877148,-208.738449,95.198654,90.276863
766,6.383333,-0.040731,0.478770,0.017016,0.876830,-208.646942,95.174622,90.307396
767,6.391667,-0.042108,0.479684,0.016876,0.876268,-208.573654,95.163696,90.340500
768,6.400000,-0.043036,0.480821,0.016780,0.875601,-208.507034,95.151726,90.370087
769,6.408333,-0.043872,0.481538,0.016109,0.875178,-208.439880,95.140282,90.392319
770,6.416667,-0.044044,0.482170,0.016080,0.874822,-208.365158,95.121742,90.418915
771,6.425000,-0.044631,0.482422,0.015863,0.874657,-208.295990,95.115326,90.436684
772,6.433333,-0.044699,0.483460,0.017424,0.874051,-208.217361,95.096138,90.463028
773,6.441667,-0.044782,0.484186,0.016728,0.873658,-208.138901,95.092163,90.482597
774,6.450000,-0.044308,0.484606,0.015835,0.873466,-208.054520,95.079842,90.506187
775,6.458333,-0.043871,0.485088,0.015032,0.873235,-207.977478,95.067039,90.524490
776,6.466667,-0.044790,0.485653,0.014156,0.872889,-207.905609,95.059135,90.548012
777,6.475000,-0.045684,0.486380,0.014061,0.872439,-207.831268,95.044930,90.580482
778,6.483333,-0.044798,0.487421,0.015831,0.871873,-207.753159,95.013237,90.620918
779,6.491667,-0.044156,0.487923,0.016652,0.871610,-207.684738,94.991692,90.655823
780,6.500000,-0.043363,0.488510,0.017216,0.871310,-207.616455,94.973663,90.686867
781,6.508333,-0.042915,0.489254,0.017612,0.870907,-207.537704,94.951439,90.713295
782,6.516667,-0.042907,0.490105,0.017841,0.870424,-207.458786,94.936852,90.738449
783,6.525000,-0.043035,0.490936,0.018018,0.869945,-207.385208,94.925301,90.766594
784,6.533333,-0.043563,0.491609,0.018383,0.869532,-207.313187,94.911804,90.792473
785,6.541667,-0.044484,0.491914,0.018756,0.869304,-207.241608,94.905983,90.817474
786,6.550000,-0.044727,0.492052,0.017873,0.869232,-207.169312,94.899559,90.836861
787,6.558333,-0.044764,0.492678,0.016598,0.868901,-207.094864,94.892296,90.850533
788,6.566667,-0.044848,0.493894,0.015983,0.868218,-207.016800,94.885368,90.865524
789,6.575000,-0.042990,0.495617,0.017547,0.867299,-206.917648,94.851265,90.911446
790,6.583333,-0.043378,0.496013,0.017506,0.867054,-206.835968,94.841736,90.932281
791,6.591667,-0.044228,0.496158,0.017320,0.866932,-206.765366,94.832542,90.944405
792,6.600000,-0.044762,0.496863,0.016983,0.866508,-206.699234,94.829079,90.958145
793,6.608333,-0.045349,0.497248,0.015972,0.866275,-206.634003,94.834282,90.969032
794,6.616667,-0.045970,0.497697,0.014987,0.866002,-206.555756,94.835297,90.979347
795,6.625000,-0.043040,0.499675,0.017919,0.864958,-206.444977,94.787117,91.041618
796,6.633333,-0.042258,0.500502,0.018925,0.864496,-206.362503,94.771400,91.070251
797,6.641667,-0.042617,0.500746,0.019643,0.864321,-206.292099,94.758163,91.083260
798,6.650000,-0.043238,0.501214,0.020018,0.864011,-206.225922,94.744553,91.101288
799,6.658333,-0.043422,0.501795,0.020187,0.863660,-206.149460,94.733582,91.125626
800,6.666667,-0.043376,0.501919,0.019119,0.863615,-206.070496,94.722618,91.146439
801,6.675000,-0.042078,0.503151,0.018914,0.862967,-205.983109,94.699959,91.166672
802,6.683333,-0.041732,0.504206,0.018899,0.862367,-205.899551,94.686882,91.186119
803,6.691667,-0.041058,0.504951,0.018988,0.861962,-205.817383,94.677040,91.204056
804,6.700000,-0.040589,0.505255,0.018393,0.861819,-205.739502,94.670197,91.214775
805,6.708333,-0.042007,0.505907,0.018651,0.861363,-205.661865,94.649879,91.237633
806,6.716667,-0.041943,0.506843,0.020587,0.860771,-205.583115,94.616600,91.255775
807,6.725000,-0.041944,0.507635,0.020901,0.860297,-205.508179,94.600723,91.276299
808,6.733333,-0.042139,0.508457,0.019892,0.859826,-205.427673,94.597504,91.296806
809,6.741667,-0.042860,0.509199,0.020289,0.859342,-205.347916,94.590942,91.311996
810,6.750000,-0.043455,0.510132,0.021084,0.858739,-205.263138,94.580612,91.330650
811,6.758333,-0.043875,0.510300,0.021510,0.858607,-205.180664,94.571709,91.348412
812,6.766667,-0.043658,0.510577,0.022010,0.858441,-205.106689,94.556183,91.366043
813,6.775000,-0.042469,0.511754,0.022981,0.857774,-205.025269,94.536354,91.388252
814,6.783333,-0.041570,0.512615,0.022180,0.857325,-204.940628,94.525330,91.408905
815,6.791667,-0.041143,0.513260,0.021491,0.856977,-204.851990,94.507248,91.423996
816,6.800000,-0.041122,0.513901,0.021758,0.856587,-204.765152,94.488380,91.446129
817,6.808333,-0.041615,0.514481,0.022067,0.856207,-204.686981,94.472015,91.458939
818,6.816667,-0.041931,0.514997,0.021757,0.855889,-204.615997,94.462234,91.467438
819,6.825000,-0.040994,0.515736,0.022487,0.855471,-204.530914,94.446480,91.490105
820,6.833333,-0.040869,0.516363,0.022392,0.855101,-204.446060,94.442657,91.515640
821,6.841667,-0.040687,0.517314,0.022202,0.854540,-204.359787,94.439850,91.539650
822,6.850000,-0.040537,0.518165,0.022377,0.854026,-204.278229,94.435539,91.556839
823,6.858333,-0.040717,0.518863,0.022660,0.853587,-204.195953,94.428024,91.569916
824,6.866667,-0.041941,0.519337,0.022309,0.853248,-204.122238,94.425491,91.582260
825,6.875000,-0.042252,0.519972,0.022361,0.852845,-204.032822,94.415802,91.601799
826,6.883333,-0.041833,0.520834,0.023424,0.852310,-203.947754,94.399284,91.615898
827,6.891667,-0.041008,0.522066,0.023405,0.851597,-203.864838,94.385246,91.624031
828,6.900000,-0.040515,0.523164,0.022812,0.850963,-203.785294,94.378624,91.632858
829,6.908333,-0.040126,0.523615,0.021951,0.850726,-203.709747,94.366302,91.644440
830,6.916667,-0.039631,0.523597,0.021634,0.850769,-203.624222,94.353600,91.660767
831,6.925000,-0.040550,0.524177,0.021436,0.850373,-203.536560,94.331383,91.685715
832,6.933333,-0.041138,0.524947,0.021053,0.849879,-203.455688,94.314507,91.698814
833,6.941667,-0.041637,0.525916,0.020270,0.849275,-203.380249,94.300247,91.700813
834,6.950000,-0.042204,0.526512,0.019979,0.848884,-203.311325,94.294563,91.705719
835,6.958333,-0.042945,0.527036,0.019654,0.848529,-203.240448,94.293556,91.709961
836,6.966667,-0.043912,0.527592,0.018917,0.848151,-203.167297,94.296471,91.707001
837,6.975000,-0.044761,0.527943,0.018115,0.847906,-203.085617,94.302231,91.700241
838,6.983333,-0.044201,0.528518,0.018086,0.847578,-203.007980,94.300117,91.696678
839,6.991667,-0.044262,0.529073,0.018088,0.847228,-202.941650,94.303101,91.687958
840,7.000000,-0.044761,0.529416,0.017611,0.846998,-202.878860,94.304718,91.682243
841,7.008333,-0.045074,0.529870,0.017020,0.846709,-202.819611,94.305359,91.679016
842,7.016667,-0.043135,0.532047,0.022401,0.845319,-202.740234,94.253807,91.699532
843,7.025000,-0.042889,0.532754,0.022711,0.844877,-202.685730,94.248238,91.693130
844,7.033333,-0.042668,0.533207,0.022783,0.844601,-202.634354,94.243248,91.681847
845,7.041667,-0.042732,0.533264,0.022608,0.844567,-202.580856,94.240402,91.672737
846,7.050000,-0.042572,0.533257,0.022976,0.844569,-202.522690,94.233162,91.671066
847,7.058333,-0.041810,0.533344,0.022731,0.844559,-202.458435,94.219093,91.669342
848,7.066667,-0.040903,0.534119,0.022862,0.844110,-202.397964,94.202278,91.661530
849,7.075000,-0.040311,0.534743,0.022844,0.843744,-202.339645,94.187370,91.650597
850,7.083333,-0.041476,0.535294,0.022357,0.843351,-202.284882,94.163925,91.647842
851,7.091667,-0.041678,0.535941,0.021938,0.842940,-202.236588,94.143745,91.640511
852,7.100000,-0.041536,0.536534,0.021684,0.842577,-202.191498,94.125938,91.631355
853,7.108333,-0.041119,0.536892,0.021687,0.842369,-202.146072,94.106316,91.620247
854,7.116667,-0.040621,0.537403,0.021880,0.842063,-202.098892,94.084763,91.611710
855,7.125000,-0.039791,0.537914,0.022248,0.841766,-202.049210,94.056221,91.601646
856,7.133333,-0.039611,0.538378,0.022845,0.841462,-201.995819,94.018982,91.587585
857,7.141667,-0.039417,0.538928,0.023099,0.841112,-201.947647,93.983360,91.573929
858,7.150000,-0.039800,0.539516,0.023605,0.840703,-201.902863,93.950859,91.560295
859,7.158333,-0.039776,0.539823,0.023720,0.840504,-201.862167,93.920189,91.549011
860,7.166667,-0.039239,0.540121,0.023525,0.840343,-201.821732,93.893425,91.538902
861,7.175000,-0.038691,0.540448,0.023725,0.840152,-201.779434,93.869888,91.524338
862,7.183333,-0.038090,0.540962,0.024314,0.839832,-201.732178,93.843628,91.505791
863,7.191667,-0.037637,0.541356,0.024608,0.839590,-201.684875,93.814072,91.491142
864,7.200000,-0.036449,0.541548,0.024173,0.839531,-201.637863,93.776703,91.488853
865,7.208333,-0.035325,0.541814,0.023712,0.839421,-201.595596,93.737885,91.490082
866,7.216667,-0.034211,0.542144,0.023776,0.839252,-201.554398,93.698540,91.485825
867,7.225000,-0.034459,0.542721,0.023683,0.838872,-201.513809,93.653458,91.480598
868,7.233333,-0.034160,0.543309,0.023673,0.838503,-201.469604,93.605438,91.471138
869,7.241667,-0.033305,0.543872,0.024232,0.838157,-201.422256,93.553467,91.461578
870,7.250000,-0.033233,0.544454,0.024848,0.837764,-201.373810,93.503586,91.459503
871,7.258333,-0.032815,0.545027,0.025093,0.837400,-201.322861,93.456543,91.461861
872,7.266667,-0.032298,0.545231,0.025436,0.837277,-201.269943,93.410965,91.462006
873,7.275000,-0.031255,0.545087,0.024673,0.837433,-201.216858,93.367729,91.468277
874,7.283333,-0.029987,0.545275,0.024322,0.837367,-201.169250,93.327591,91.466972
875,7.291667,-0.028819,0.545718,0.024444,0.837117,-201.119904,93.291496,91.464020
876,7.300000,-0.027880,0.546327,0.024856,0.836739,-201.067520,93.259781,91.460953
877,7.308333,-0.027323,0.546821,0.025023,0.836430,-201.014572,93.239296,91.460709
878,7.316667,-0.027011,0.547285,0.025048,0.836135,-200.969269,93.225395,91.461906
879,7.325000,-0.026586,0.547464,0.025206,0.836027,-200.921371,93.215477,91.461548
880,7.333333,-0.026515,0.547487,0.025246,0.836013,-200.872726,93.212952,91.457771
881,7.341667,-0.026604,0.547827,0.025316,0.835785,-200.820465,93.209251,91.461235
882,7.350000,-0.028268,0.548710,0.025131,0.835157,-200.768799,93.196068,91.469109
883,7.358333,-0.028832,0.549530,0.025563,0.834585,-200.712830,93.190231,91.474342
884,7.366667,-0.028877,0.550034,0.025908,0.834241,-200.656754,93.193726,91.481026
885,7.375000,-0.028792,0.550427,0.026246,0.833974,-200.604507,93.197380,91.485649
886,7.383333,-0.029138,0.550825,0.026035,0.833706,-200.556473,93.208702,91.485344
887,7.391667,-0.029834,0.551179,0.025322,0.833469,-200.512054,93.228462,91.482628
888,7.400000,-0.030376,0.551671,0.024893,0.833137,-200.463013,93.251045,91.484566
889,7.408333,-0.031093,0.551986,0.024768,0.832905,-200.411041,93.272430,91.489555
890,7.416667,-0.031467,0.552418,0.024814,0.832603,-200.361252,93.295135,91.494934
891,7.425000,-0.031342,0.553007,0.025344,0.832201,-200.305847,93.305862,91.497993
892,7.433333,-0.031357,0.553429,0.025490,0.831916,-200.251175,93.312225,91.501503
893,7.441667,-0.031540,0.553711,0.025471,0.831722,-200.197952,93.319923,91.506271
894,7.450000,-0.032070,0.553899,0.025155,0.831586,-200.144119,93.328613,91.506310
895,7.458333,-0.032409,0.554151,0.024893,0.831413,-200.094437,93.340172,91.502541
896,7.466667,-0.032755,0.554369,0.024871,0.831254,-200.044540,93.351135,91.500870
897,7.475000,-0.032872,0.554636,0.025479,0.831053,-199.993576,93.351242,91.504349
898,7.483333,-0.032641,0.555228,0.026056,0.830649,-199.945633,93.349564,91.505997
899,7.491667,-0.032575,0.556061,0.026193,0.830090,-199.896469,93.343727,91.502510
900,7.500000,-0.032541,0.556964,0.026531,0.829475,-199.846436,93.334183,91.500336
901,7.508333,-0.032780,0.557513,0.026498,0.829098,-199.796234,93.326012,91.497078
902,7.516667,-0.032913,0.557811,0.026002,0.828907,-199.744675,93.319725,91.493019
903,7.525000,-0.032943,0.558022,0.025799,0.828771,-199.693314,93.317757,91.493683
904,7.533333,-0.032984,0.558214,0.025507,0.828649,-199.646271,93.319542,91.495888
905,7.541667,-0.032824,0.558552,0.025731,0.828420,-199.597382,93.318680,91.493515
906,7.550000,-0.032324,0.558757,0.026158,0.828288,-199.547348,93.314880,91.489418
907,7.558333,-0.031592,0.558840,0.026048,0.828264,-199.499100,93.303345,91.487572
908,7.566667,-0.031011,0.559239,0.026427,0.828005,-199.451126,93.292221,91.486237
909,7.575000,-0.030478,0.559687,0.026481,0.827720,-199.406113,93.281570,91.485352
910,7.583333,-0.029791,0.559941,0.025727,0.827597,-199.364502,93.270149,91.479446
911,7.591667,-0.029488,0.560348,0.025514,0.827339,-199.323318,93.254791,91.472450
912,7.600000,-0.029434,0.560740,0.025083,0.827089,-199.282959,93.241127,91.469925
913,7.608333,-0.029078,0.561304,0.024833,0.826726,-199.238937,93.228088,91.466484
914,7.616667,-0.030446,0.561979,0.024867,0.826217,-199.194733,93.211311,91.463333
915,7.625000,-0.031223,0.562502,0.025243,0.825821,-199.148544,93.199142,91.454414
916,7.633333,-0.031273,0.562951,0.025264,0.825512,-199.103317,93.190674,91.444054
917,7.641667,-0.031207,0.563333,0.025176,0.825256,-199.056076,93.181206,91.431946
918,7.650000,-0.031087,0.563808,0.025123,0.824938,-199.015076,93.168663,91.422211
919,7.658333,-0.031149,0.564206,0.025314,0.824658,-198.979355,93.152008,91.413651
920,7.666667,-0.031078,0.564444,0.025286,0.824499,-198.946411,93.137390,91.408043
921,7.675000,-0.030890,0.564487,0.025251,0.824478,-198.914322,93.123016,91.405663
922,7.683333,-0.030507,0.564529,0.025552,0.824453,-198.878998,93.106453,91.404739
923,7.691667,-0.030256,0.564753,0.025870,0.824300,-198.838516,93.086174,91.401176
924,7.700000,-0.029823,0.565337,0.026615,0.823891,-198.789337,93.050476,91.397568
925,7.708333,-0.029100,0.566015,0.027303,0.823428,-198.735992,93.009682,91.393784
926,7.716667,-0.027990,0.566603,0.027269,0.823064,-198.680756,92.970947,91.383537
927,7.725000,-0.026813,0.566832,0.026282,0.822977,-198.630066,92.930168,91.367958
928,7.733333,-0.025919,0.567329,0.026168,0.822667,-198.580734,92.888916,91.342163
929,7.741667,-0.024976,0.567945,0.026199,0.822270,-198.517181,92.837585,91.312454
930,7.750000,-0.024840,0.568863,0.026419,0.821633,-198.445541,92.779877,91.294418
931,7.758333,-0.025184,0.569314,0.026895,0.821294,-198.364502,92.724777,91.274231
932,7.766667,-0.024770,0.569922,0.027470,0.820866,-198.281296,92.673256,91.240662
933,7.775000,-0.024068,0.571174,0.028826,0.819969,-198.185425,92.619736,91.197464
934,7.783333,-0.023738,0.571999,0.028008,0.819432,-198.091782,92.583618,91.160751
935,7.791667,-0.022970,0.572672,0.027746,0.818993,-197.995926,92.559090,91.119217
936,7.800000,-0.021710,0.573832,0.028218,0.818199,-197.895081,92.544746,91.077621
937,7.808333,-0.021526,0.574922,0.029253,0.817402,-197.800232,92.530968,91.038055
938,7.816667,-0.020975,0.576129,0.028902,0.816578,-197.685760,92.510849,90.989723
939,7.825000,-0.020240,0.577133,0.027790,0.815926,-197.577621,92.502617,90.936646
940,7.833333,-0.019439,0.578162,0.027584,0.815224,-197.489929,92.506653,90.894936
941,7.841667,-0.019152,0.578929,0.028088,0.814669,-197.398926,92.518654,90.851646
942,7.850000,-0.019390,0.579475,0.027283,0.814303,-197.312790,92.538521,90.808250
943,7.858333,-0.019336,0.580379,0.026652,0.813681,-197.233124,92.545868,90.770798
944,7.866667,-0.019377,0.581303,0.026779,0.813015,-197.148453,92.546707,90.731194
945,7.875000,-0.019913,0.582455,0.026851,0.812175,-197.073242,92.542580,90.700874
946,7.883333,-0.021162,0.583054,0.027037,0.811707,-197.004395,92.528358,90.672264
947,7.891667,-0.023712,0.583164,0.026652,0.811571,-196.938782,92.504913,90.646759
948,7.900000,-0.023042,0.583687,0.025872,0.811240,-196.882324,92.494270,90.618965
949,7.908333,-0.022795,0.584019,0.025013,0.811034,-196.834976,92.493477,90.593460
950,7.916667,-0.022832,0.584546,0.024257,0.810677,-196.798172,92.499390,90.569344
951,7.925000,-0.023154,0.584952,0.023645,0.810393,-196.766922,92.507843,90.545189
952,7.933333,-0.023698,0.585196,0.023207,0.810213,-196.739960,92.510292,90.519424
953,7.941667,-0.024154,0.585150,0.022347,0.810257,-196.721863,92.503998,90.493912
954,7.950000,-0.024470,0.585077,0.021615,0.810321,-196.707733,92.467506,90.460739
955,7.958333,-0.024491,0.584776,0.020529,0.810565,-196.703430,92.403183,90.422256
956,7.966667,-0.027682,0.584294,0.019388,0.810838,-196.701462,92.279022,90.389503
957,7.975000,-0.028471,0.583165,0.017936,0.811656,-196.710175,92.250809,90.378937
958,7.983333,-0.028352,0.582507,0.017567,0.812141,-196.714493,92.262711,90.393211
959,7.991667,-0.027619,0.582306,0.018490,0.812290,-196.730362,92.270103,90.420280
960,8.000000,-0.027026,0.582346,0.020156,0.812242,-196.753876,92.271919,90.451782
961,8.008333,-0.026076,0.582961,0.022325,0.811775,-196.776337,92.267838,90.491745
962,8.016667,-0.025067,0.583060,0.023312,0.811707,-196.794479,92.265457,90.531158
963,8.025000,-0.024127,0.583313,0.023899,0.811538,-196.807343,92.267357,90.572685
964,8.033333,-0.023357,0.582853,0.024064,0.811886,-196.816467,92.269577,90.622292
965,8.041667,-0.022643,0.582232,0.024632,0.812334,-196.817642,92.265274,90.674019
966,8.050000,-0.021388,0.581992,0.025698,0.812507,-196.810089,92.260422,90.738968
967,8.058333,-0.019515,0.581987,0.027267,0.812506,-196.792664,92.251808,90.806160
968,8.066667,-0.017209,0.581862,0.028092,0.812620,-196.762543,92.244347,90.877281
969,8.075000,-0.014147,0.581302,0.027534,0.813099,-196.724548,92.239143,90.954659
970,8.083333,-0.011176,0.580926,0.027085,0.813429,-196.675476,92.225159,91.046913
971,8.091667,-0.008715,0.580400,0.027260,0.813828,-196.612656,92.214569,91.144981
972,8.100000,-0.005722,0.579407,0.027107,0.814568,-196.550812,92.213615,91.233047
973,8.108333,-0.002363,0.579337,0.027906,0.814607,-196.485901,92.210617,91.319313
974,8.116667,0.000282,0.579165,0.028309,0.814719,-196.421356,92.221710,91.399452
975,8.125000,0.003384,0.579012,0.027962,0.814833,-196.356583,92.235519,91.464005
976,8.133333,0.008607,0.580119,0.026934,0.814041,-196.293945,92.250519,91.518646
977,8.141667,0.012162,0.582094,0.025774,0.812622,-196.236404,92.255577,91.558922
978,8.150000,0.013938,0.584365,0.024611,0.810998,-196.193451,92.264977,91.584053
979,8.158333,0.014233,0.587168,0.024149,0.808980,-196.165802,92.266258,91.607307
980,8.166667,0.013163,0.590229,0.024425,0.806759,-196.158661,92.261253,91.626877
981,8.175000,0.011942,0.592940,0.024903,0.804773,-196.165817,92.255035,91.643333
982,8.183333,0.011084,0.596267,0.025966,0.802289,-196.198563,92.254448,91.655334
983,8.191667,0.011706,0.599261,0.026231,0.800038,-196.241211,92.257141,91.661316
984,8.200000,0.012292,0.601880,0.026446,0.798054,-196.281509,92.262306,91.653595
985,8.208333,0.011806,0.604338,0.026593,0.796197,-196.320084,92.263321,91.637642
986,8.216667,0.009521,0.607170,0.026239,0.794082,-196.345322,92.267746,91.608727
987,8.225000,0.007566,0.608977,0.025981,0.792726,-196.373398,92.264427,91.568619
988,8.233333,0.004723,0.609300,0.025303,0.792522,-196.395401,92.257080,91.503906
989,8.241667,0.003437,0.609196,0.024961,0.792619,-196.416397,92.252899,91.435257
990,8.250000,0.000838,0.608799,0.024770,0.792938,-196.453720,92.235031,91.343979
991,8.258333,-0.003472,0.608708,0.023816,0.793029,-196.477402,92.217552,91.251770
992,8.266667,-0.007196,0.608479,0.022264,0.793225,-196.495026,92.220345,91.150848
993,8.275000,-0.009194,0.608242,0.021169,0.793416,-196.510452,92.233185,91.057091
994,8.283333,-0.011363,0.608409,0.021067,0.793263,-196.525635,92.244843,90.976677
995,8.291667,-0.013178,0.608695,0.020287,0.793035,-196.544189,92.254898,90.904549
996,8.300000,-0.015023,0.608695,0.019176,0.793030,-196.561005,92.259682,90.848991
997,8.308333,-0.016310,0.608512,0.018450,0.793162,-196.574600,92.259445,90.809456
998,8.316667,-0.017343,0.608067,0.018050,0.793491,-196.587677,92.261543,90.780174
999,8.325000,-0.018073,0.607656,0.017860,0.793794,-196.600281,92.263702,90.760735
1000,8.333333,-0.018426,0.607330,0.017956,0.794033,-196.614197,92.263550,90.751976
1001,8.341667,-0.018619,0.607001,0.018387,0.794271,-196.628677,92.262955,90.754341
1002,8.350000,-0.018487,0.606728,0.019002,0.794467,-196.643692,92.261223,90.769783
1003,8.358333,-0.017895,0.606451,0.019730,0.794675,-196.660431,92.259521,90.802063
1004,8.366667,-0.017252,0.606184,0.020873,0.794863,-196.677536,92.256752,90.843002
1005,8.375000,-0.016370,0.605761,0.022171,0.795169,-196.694351,92.251595,90.892517
1006,8.383333,-0.015263,0.605026,0.023261,0.795719,-196.699188,92.245308,90.942627
1007,8.391667,-0.013801,0.604265,0.024423,0.796290,-196.688416,92.237343,91.002586
1008,8.400000,-0.012067,0.603261,0.024669,0.797071,-196.667496,92.234047,91.072723
1009,8.408333,-0.009479,0.602492,0.024809,0.797683,-196.636642,92.226341,91.151390
1010,8.416667,-0.006814,0.601530,0.024961,0.798431,-196.591675,92.219254,91.232407
1011,8.425000,-0.003113,0.600630,0.024925,0.799132,-196.540955,92.218712,91.313820
1012,8.433333,-0.000345,0.599983,0.024914,0.799625,-196.487213,92.219925,91.378632
1013,8.441667,0.002760,0.599434,0.025156,0.800024,-196.434921,92.230270,91.438446
1014,8.450000,0.004347,0.598655,0.024498,0.800621,-196.387207,92.238533,91.481522
1015,8.458333,0.005460,0.598044,0.024158,0.801081,-196.339920,92.243050,91.512253
1016,8.466667,0.006036,0.598197,0.023632,0.800978,-196.288940,92.258827,91.534576
1017,8.475000,0.006944,0.597908,0.023307,0.801195,-196.265793,92.267326,91.554291
1018,8.483333,0.007612,0.597607,0.023130,0.801419,-196.261292,92.273170,91.571068
1019,8.491667,0.007710,0.597317,0.023314,0.801629,-196.274231,92.274811,91.584732
1020,8.500000,0.008870,0.597138,0.024590,0.801713,-196.299576,92.261993,91.598869
1021,8.508333,0.009206,0.596966,0.025267,0.801816,-196.333344,92.259819,91.592087
1022,8.516667,0.008797,0.596899,0.025427,0.801865,-196.360703,92.258781,91.573494
1023,8.525000,0.007415,0.596748,0.025429,0.801992,-196.384933,92.255028,91.540123
1024,8.533333,0.004773,0.596594,0.025407,0.802127,-196.400131,92.241982,91.500648
1025,8.541667,0.002696,0.596591,0.025372,0.802140,-196.416504,92.232307,91.447899
1026,8.550000,0.001401,0.596389,0.024585,0.802318,-196.437378,92.231720,91.379639
1027,8.558333,-0.001907,0.596389,0.023403,0.802352,-196.453934,92.222069,91.298470
1028,8.566667,-0.004956,0.596715,0.022068,0.802134,-196.475632,92.217896,91.213287
1029,8.575000,-0.007801,0.597030,0.021120,0.801903,-196.493073,92.219093,91.126823
1030,8.583333,-0.009868,0.596970,0.020287,0.801946,-196.510086,92.224678,91.047707
1031,8.591667,-0.011419,0.596708,0.019510,0.802140,-196.528519,92.237564,90.977386
1032,8.600000,-0.012956,0.596573,0.019177,0.802225,-196.543045,92.244347,90.927109
1033,8.608333,-0.013951,0.596573,0.019170,0.802209,-196.559067,92.249229,90.893219
1034,8.616667,-0.014906,0.596558,0.019366,0.802198,-196.573364,92.248360,90.874092
1035,8.625000,-0.015647,0.596642,0.020147,0.802102,-196.589355,92.254044,90.864159
1036,8.633333,-0.015802,0.596639,0.020736,0.802086,-196.605133,92.255768,90.870743
1037,8.641667,-0.015569,0.596308,0.020680,0.802338,-196.618744,92.251678,90.884827
1038,8.650000,-0.015391,0.596140,0.021895,0.802434,-196.632095,92.251740,90.907097
1039,8.658333,-0.014545,0.595690,0.022717,0.802761,-196.646530,92.246231,90.944382
1040,8.666667,-0.013518,0.595071,0.023014,0.803230,-196.660080,92.240265,90.989937
1041,8.675000,-0.012313,0.594541,0.023778,0.803619,-196.663681,92.236778,91.042053
1042,8.683333,-0.011012,0.594219,0.024424,0.803857,-196.648682,92.227936,91.109398
1043,8.691667,-0.009088,0.594044,0.024709,0.804002,-196.619095,92.218163,91.186089
1044,8.700000,-0.006422,0.593842,0.024865,0.804171,-196.582336,92.206070,91.256645
1045,8.708333,-0.004062,0.593023,0.024881,0.804791,-196.540619,92.209259,91.314377
1046,8.716667,-0.002282,0.592289,0.025039,0.805333,-196.494980,92.215919,91.367386
1047,8.725000,0.001398,0.592300,0.024969,0.805329,-196.450058,92.229027,91.417732
1048,8.733333,0.003377,0.592423,0.024824,0.805237,-196.405289,92.232475,91.453743
1049,8.741667,0.004014,0.592302,0.024351,0.805338,-196.361832,92.233337,91.476395
1050,8.750000,0.005054,0.592086,0.023997,0.805502,-196.329239,92.239197,91.489075
1051,8.758333,0.006490,0.591918,0.023791,0.805621,-196.314514,92.249779,91.499405
1052,8.766667,0.007118,0.591938,0.023808,0.805600,-196.317520,92.254692,91.505577
1053,8.775000,0.006678,0.592153,0.024105,0.805437,-196.335968,92.252754,91.507210
1054,8.783333,0.005381,0.592362,0.024724,0.805275,-196.367401,92.245255,91.501625
1055,8.791667,0.003570,0.592402,0.025349,0.805236,-196.399918,92.236290,91.485085
1056,8.800000,0.002751,0.592398,0.025581,0.805234,-196.432175,92.232307,91.456993
1057,8.808333,0.001805,0.592309,0.025303,0.805311,-196.463867,92.235367,91.416153
1058,8.816667,-0.001131,0.592216,0.025168,0.805385,-196.489304,92.228439,91.364883
1059,8.825000,-0.003332,0.592486,0.024789,0.805192,-196.522873,92.220787,91.301086
1060,8.833333,-0.006179,0.593084,0.024093,0.804756,-196.553421,92.213577,91.231499
1061,8.841667,-0.008785,0.593223,0.023038,0.804661,-196.575974,92.219559,91.157257
1062,8.850000,-0.010427,0.593285,0.022348,0.804615,-196.587692,92.226486,91.081169
1063,8.858333,-0.011424,0.593128,0.021367,0.804744,-196.596497,92.234489,91.018799
1064,8.866667,-0.012489,0.593242,0.021449,0.804641,-196.603500,92.239403,90.975327
1065,8.875000,-0.013482,0.593449,0.021444,0.804473,-196.612534,92.243073,90.945702
1066,8.883333,-0.014181,0.593522,0.021429,0.804407,-196.622131,92.245522,90.931541
1067,8.891667,-0.014566,0.593376,0.021316,0.804511,-196.633667,92.249092,90.927193
1068,8.900000,-0.014685,0.593191,0.021490,0.804641,-196.644897,92.247414,90.935814
1069,8.908333,-0.014347,0.592969,0.022023,0.804796,-196.655350,92.243904,90.952820
1070,8.916667,-0.013693,0.592699,0.022647,0.804989,-196.658844,92.239731,90.978661
1071,8.925000,-0.012994,0.592203,0.023147,0.805351,-196.649658,92.235252,91.014580
1072,8.933333,-0.012081,0.591731,0.023033,0.805716,-196.632385,92.232803,91.054031
1073,8.941667,-0.010338,0.591470,0.022949,0.805934,-196.597031,92.223289,91.112289
1074,8.950000,-0.008011,0.591583,0.022537,0.805890,-196.555008,92.214455,91.170296
1075,8.958333,-0.005239,0.591436,0.022043,0.806034,-196.502182,92.209740,91.229202
1076,8.966667,-0.003209,0.590904,0.021534,0.806448,-196.450668,92.217667,91.277382
1077,8.975000,-0.001025,0.590738,0.021874,0.806566,-196.405914,92.225090,91.327660
1078,8.983333,0.000286,0.591015,0.022490,0.806347,-196.379822,92.226257,91.374115
1079,8.991667,0.001088,0.591274,0.023038,0.806141,-196.371155,92.227890,91.411728
1080,9.000000,0.002805,0.591508,0.023613,0.805948,-196.383423,92.233398,91.441872
1081,9.008333,0.003297,0.591557,0.024461,0.805886,-196.403625,92.233536,91.465271
1082,9.016667,0.003169,0.591600,0.025236,0.805830,-196.423569,92.232391,91.479340
1083,9.025000,0.002947,0.591560,0.025635,0.805848,-196.443375,92.232506,91.479294
1084,9.033333,0.002671,0.591580,0.025960,0.805824,-196.460922,92.231033,91.468361
1085,9.041667,0.002017,0.591557,0.025878,0.805845,-196.479477,92.233055,91.443573
1086,9.050000,-0.000330,0.591402,0.025426,0.805976,-196.492050,92.226669,91.410408
1087,9.058333,-0.001640,0.591603,0.025380,0.805828,-196.508102,92.225685,91.363945
1088,9.066667,-0.003107,0.592156,0.024918,0.805432,-196.527817,92.221092,91.308525
1089,9.075000,-0.005472,0.592831,0.023846,0.804955,-196.545776,92.214462,91.244339
1090,9.083333,-0.007998,0.593044,0.022666,0.804811,-196.557327,92.216766,91.174355
1091,9.091667,-0.009566,0.593059,0.021953,0.804803,-196.557907,92.221725,91.104065
1092,9.100000,-0.011350,0.593367,0.020363,0.804594,-196.549164,92.239548,91.044029
1093,9.108333,-0.011476,0.593225,0.019984,0.804707,-196.552399,92.236481,91.006317
1094,9.116667,-0.011578,0.593155,0.019858,0.804760,-196.557251,92.235229,90.981888
1095,9.125000,-0.011571,0.593225,0.019769,0.804711,-196.559387,92.236290,90.971664
1096,9.133333,-0.011450,0.593290,0.019805,0.804664,-196.559082,92.236801,90.972168
1097,9.141667,-0.011379,0.593275,0.019973,0.804671,-196.557999,92.236130,90.985809
1098,9.150000,-0.010989,0.593178,0.020317,0.804740,-196.557632,92.233833,91.011940
1099,9.158333,-0.010422,0.593168,0.020989,0.804737,-196.556519,92.227127,91.050735
1100,9.166667,-0.009530,0.593232,0.021851,0.804678,-196.559494,92.224251,91.106529
1101,9.175000,-0.007710,0.593296,0.022660,0.804628,-196.558395,92.218246,91.178062
1102,9.183333,-0.005856,0.593372,0.023540,0.804563,-196.549667,92.208908,91.245590
1103,9.191667,-0.004046,0.592891,0.024429,0.804902,-196.534317,92.211220,91.305634
1104,9.200000,-0.002702,0.592253,0.025254,0.805351,-196.514664,92.218086,91.356010
1105,9.208333,-0.000999,0.591763,0.025408,0.805711,-196.495728,92.223030,91.397896
1106,9.216667,0.001651,0.591850,0.025534,0.805642,-196.479355,92.231812,91.430801
1107,9.225000,0.002833,0.592002,0.025595,0.805525,-196.460968,92.232689,91.450310
1108,9.233333,0.002866,0.592085,0.025365,0.805471,-196.443115,92.231964,91.456947
1109,9.241667,0.002673,0.592057,0.024625,0.805516,-196.426529,92.233681,91.449936
1110,9.250000,0.002604,0.592021,0.024137,0.805557,-196.406799,92.231422,91.433754
1111,9.258333,0.001000,0.591868,0.023419,0.805694,-196.390411,92.226662,91.410103
1112,9.266667,0.000200,0.591693,0.022791,0.805841,-196.389389,92.227135,91.375458
1113,9.275000,-0.000637,0.591630,0.022200,0.805904,-196.404617,92.228355,91.336617
1114,9.283333,-0.002036,0.591639,0.021707,0.805908,-196.438293,92.229370,91.290428
1115,9.291667,-0.003957,0.591861,0.021871,0.805734,-196.479492,92.220840,91.242393
1116,9.300000,-0.006612,0.592118,0.022096,0.805521,-196.525131,92.217644,91.186996
1117,9.308333,-0.008929,0.591988,0.022163,0.805592,-196.561844,92.221573,91.139206
1118,9.316667,-0.010475,0.591899,0.022438,0.805632,-196.593018,92.228897,91.095192
1119,9.325000,-0.011415,0.591556,0.022539,0.805868,-196.615479,92.234909,91.061256
1120,9.333333,-0.011935,0.591181,0.022550,0.806135,-196.626862,92.235916,91.037193
1121,9.341667,-0.012239,0.591000,0.022428,0.806267,-196.629547,92.235016,91.024956
1122,9.350000,-0.012341,0.590998,0.022301,0.806270,-196.627808,92.233536,91.022285
1123,9.358333,-0.012141,0.591078,0.022114,0.806220,-196.621704,92.232162,91.032204
1124,9.366667,-0.011806,0.591059,0.022160,0.806237,-196.614700,92.232140,91.052940
1125,9.375000,-0.010887,0.590865,0.022331,0.806388,-196.599716,92.227318,91.087189
1126,9.383333,-0.009580,0.590842,0.022496,0.806417,-196.579681,92.220993,91.129402
1127,9.391667,-0.007693,0.591111,0.022378,0.806243,-196.550858,92.215073,91.175224
1128,9.400000,-0.005491,0.591058,0.022302,0.806302,-196.509964,92.208710,91.223503
1129,9.408333,-0.003794,0.590733,0.021845,0.806562,-196.466797,92.215622,91.264656
1130,9.416667,-0.002080,0.590394,0.021720,0.806820,-196.429321,92.224091,91.301277
1131,9.425000,-0.000675,0.590514,0.022288,0.806719,-196.406647,92.227119,91.337082
1132,9.433333,-0.000093,0.590766,0.022767,0.806522,-196.403824,92.226158,91.366402
1133,9.441667,0.000045,0.590908,0.023314,0.806402,-196.417786,92.224525,91.386116
1134,9.450000,-0.000160,0.590937,0.023794,0.806367,-196.435745,92.223213,91.396080
1135,9.458333,-0.000451,0.590831,0.024170,0.806433,-196.451752,92.222404,91.394600
1136,9.466667,-0.000614,0.590909,0.024303,0.806372,-196.468124,92.223610,91.382484
1137,9.475000,-0.001058,0.591165,0.024375,0.806182,-196.484558,92.224068,91.357185
1138,9.483333,-0.002238,0.591340,0.024293,0.806053,-196.499420,92.223373,91.317879
1139,9.491667,-0.003899,0.591626,0.023653,0.805857,-196.513565,92.219849,91.269646
1140,9.500000,-0.005965,0.591936,0.022665,0.805644,-196.527130,92.215515,91.214172
1141,9.508333,-0.007812,0.591868,0.021672,0.805706,-196.535324,92.217827,91.158974
1142,9.516667,-0.009841,0.592118,0.020653,0.805526,-196.527954,92.230774,91.112938
1143,9.525000,-0.011147,0.591965,0.019932,0.805640,-196.531448,92.242691,91.077019
1144,9.533333,-0.012179,0.591836,0.019245,0.805737,-196.539200,92.252960,91.057365
1145,9.541667,-0.010807,0.591883,0.020503,0.805690,-196.541809,92.233376,91.066727
1146,9.550000,-0.010079,0.591722,0.021313,0.805798,-196.549789,92.225906,91.084251
1147,9.558333,-0.009442,0.591602,0.021796,0.805880,-196.555298,92.220901,91.115036
1148,9.566667,-0.008562,0.591712,0.022109,0.805801,-196.559113,92.216782,91.156296
1149,9.575000,-0.006918,0.592041,0.022690,0.805559,-196.555679,92.212059,91.206467
1150,9.583333,-0.005430,0.591933,0.023543,0.805625,-196.542236,92.208939,91.255859
1151,9.591667,-0.004049,0.591440,0.024276,0.805974,-196.523621,92.213348,91.297821
1152,9.600000,-0.002646,0.591078,0.024642,0.806234,-196.505371,92.220512,91.332413
1153,9.608333,-0.001451,0.590856,0.024450,0.806405,-196.486328,92.223373,91.357399
1154,9.616667,-0.000590,0.590705,0.024036,0.806529,-196.466476,92.223587,91.369980
1155,9.625000,-0.000300,0.590569,0.023634,0.806641,-196.447693,92.223877,91.368744
1156,9.633333,-0.000570,0.590350,0.022950,0.806821,-196.429642,92.224464,91.355347
1157,9.641667,-0.001042,0.590156,0.022279,0.806981,-196.420990,92.228088,91.333214
1158,9.650000,-0.001796,0.590048,0.021729,0.807074,-196.429199,92.230797,91.304817
1159,9.658333,-0.002897,0.590164,0.021872,0.806982,-196.450729,92.226082,91.272858
1160,9.666667,-0.004232,0.590261,0.021903,0.806904,-196.477997,92.219955,91.235062
1161,9.675000,-0.006097,0.590356,0.021679,0.806829,-196.507156,92.216919,91.190712
1162,9.683333,-0.007591,0.590403,0.021668,0.806782,-196.531219,92.218285,91.155212
1163,9.691667,-0.008978,0.590355,0.021763,0.806800,-196.551178,92.220345,91.134651
1164,9.700000,-0.009575,0.590199,0.022037,0.806900,-196.569794,92.221260,91.126617
1165,9.708333,-0.009830,0.590055,0.022296,0.806995,-196.579987,92.222137,91.123466
1166,9.716667,-0.009784,0.589896,0.022346,0.807111,-196.581512,92.222542,91.123695
1167,9.725000,-0.009527,0.589773,0.022288,0.807205,-196.569244,92.220009,91.129128
1168,9.733333,-0.008842,0.589897,0.022031,0.807130,-196.552521,92.218521,91.141739
1169,9.741667,-0.007532,0.589969,0.021721,0.807099,-196.531128,92.216232,91.166756
1170,9.750000,-0.005885,0.589955,0.021873,0.807118,-196.504074,92.212173,91.200356
1171,9.758333,-0.004461,0.589801,0.021869,0.807240,-196.473236,92.214371,91.236160
1172,9.766667,-0.003399,0.589630,0.021671,0.807375,-196.446091,92.221733,91.263634
1173,9.775000,-0.002638,0.589529,0.021501,0.807457,-196.433182,92.227905,91.285797
1174,9.783333,-0.002216,0.589715,0.022016,0.807308,-196.436142,92.225876,91.303596
1175,9.791667,-0.002022,0.590012,0.022571,0.807076,-196.454590,92.226883,91.313187
1176,9.800000,-0.002286,0.590183,0.023320,0.806929,-196.472641,92.223785,91.312202
1177,9.808333,-0.002912,0.590299,0.023654,0.806833,-196.489334,92.222427,91.300293
1178,9.816667,-0.003746,0.590334,0.023716,0.806802,-196.503326,92.219864,91.281746
1179,9.825000,-0.004967,0.590537,0.023271,0.806660,-196.516006,92.215721,91.252289
1180,9.833333,-0.006133,0.590745,0.022754,0.806514,-196.527618,92.212395,91.220360
1181,9.841667,-0.007009,0.590817,0.022172,0.806471,-196.531006,92.211655,91.190552
1182,9.850000,-0.007487,0.590770,0.021718,0.806513,-196.524414,92.213585,91.166977
1183,9.858333,-0.007536,0.590676,0.021366,0.806590,-196.512466,92.215256,91.156616
1184,9.866667,-0.007004,0.590646,0.021173,0.806622,-196.498138,92.215141,91.162735
1185,9.875000,-0.006215,0.590632,0.021068,0.806642,-196.485245,92.214165,91.180519
1186,9.883333,-0.004963,0.590621,0.021274,0.806653,-196.471146,92.212692,91.213730
1187,9.891667,-0.004140,0.590529,0.021515,0.806719,-196.459595,92.216537,91.242096
1188,9.900000,-0.003233,0.590409,0.021680,0.806807,-196.448730,92.221001,91.264717
1189,9.908333,-0.002751,0.590344,0.021917,0.806849,-196.447998,92.225655,91.280930
1190,9.916667,-0.002452,0.590538,0.022323,0.806697,-196.454575,92.225853,91.291656
1191,9.925000,-0.002512,0.590663,0.022491,0.806601,-196.460541,92.225685,91.294426
1192,9.933333,-0.002882,0.590708,0.022448,0.806568,-196.462936,92.224922,91.288414
1193,9.941667,-0.003226,0.590742,0.022193,0.806549,-196.462967,92.223625,91.276802
1194,9.950000,-0.003719,0.590748,0.021823,0.806552,-196.460587,92.220917,91.258308
1195,9.958333,-0.004074,0.590761,0.021334,0.806554,-196.459335,92.217247,91.234863
1196,9.966667,-0.004781,0.590856,0.021117,0.806487,-196.467407,92.214882,91.208611
1197,9.975000,-0.005771,0.590980,0.020921,0.806394,-196.483734,92.215561,91.186485
1198,9.983333,-0.006312,0.591036,0.021144,0.806343,-196.496857,92.214409,91.181877
1199,9.991667,-0.006450,0.591070,0.021603,0.806305,-196.509583,92.212105,91.194092
1200,10.000000,-0.006124,0.590986,0.022015,0.806358,-196.515137,92.209534,91.215302
1201,10.008333,-0.005455,0.590974,0.022636,0.806355,-196.514816,92.210579,91.236046
1202,10.016667,-0.004796,0.590858,0.023033,0.806432,-196.512207,92.213646,91.251534
1203,10.025000,-0.004454,0.590780,0.023120,0.806489,-196.509460,92.216797,91.259346
1204,10.033333,-0.004339,0.590602,0.023032,0.806622,-196.502914,92.217430,91.258469
1205,10.041667,-0.004236,0.590315,0.022663,0.806843,-196.496002,92.217529,91.251152
1206,10.050000,-0.004411,0.590155,0.022332,0.806969,-196.488052,92.217278,91.237526
1207,10.058333,-0.004692,0.590061,0.021741,0.807052,-196.477722,92.214653,91.221481
1208,10.066667,-0.004945,0.590045,0.021095,0.807080,-196.466431,92.214836,91.202957
1209,10.075000,-0.004981,0.590203,0.020650,0.806975,-196.453766,92.213531,91.194992
1210,10.083333,-0.004986,0.590251,0.020414,0.806946,-196.451416,92.213905,91.192261
1211,10.091667,-0.004989,0.590188,0.020524,0.806990,-196.455688,92.214188,91.198067
1212,10.100000,-0.004960,0.590188,0.021158,0.806973,-196.465988,92.212326,91.211548
1213,10.108333,-0.004862,0.590190,0.021646,0.806959,-196.478012,92.214256,91.223167
1214,10.116667,-0.004771,0.590172,0.021990,0.806964,-196.487656,92.214554,91.230026
1215,10.125000,-0.004931,0.590201,0.022193,0.806936,-196.494568,92.214767,91.231712
1216,10.133333,-0.005082,0.590347,0.022287,0.806825,-196.499664,92.214302,91.228485
1217,10.141667,-0.005341,0.590312,0.022157,0.806853,-196.502518,92.214188,91.222069
1218,10.150000,-0.005598,0.590371,0.021985,0.806813,-196.503235,92.213470,91.211304
1219,10.158333,-0.005809,0.590366,0.021692,0.806824,-196.498459,92.213188,91.201363
1220,10.166667,-0.005413,0.590341,0.021463,0.806850,-196.487442,92.212570,91.204506
1221,10.175000,-0.004951,0.590285,0.021309,0.806898,-196.474533,92.212692,91.211357
1222,10.183333,-0.004637,0.590250,0.021259,0.806927,-196.462265,92.213158,91.214256
1223,10.191667,-0.004456,0.590278,0.021247,0.806908,-196.465439,92.215652,91.215744
1224,10.200000,-0.004654,0.590283,0.021426,0.806899,-196.473282,92.216354,91.214958
1225,10.208333,-0.004849,0.590309,0.021441,0.806878,-196.481216,92.214905,91.211357
1226,10.216667,-0.005301,0.590359,0.021484,0.806837,-196.485718,92.213203,91.205551
1227,10.225000,-0.005192,0.590379,0.021463,0.806824,-196.489258,92.212364,91.207642
1228,10.233333,-0.005196,0.590339,0.021456,0.806854,-196.489532,92.212395,91.210052
1229,10.241667,-0.005293,0.590324,0.021576,0.806861,-196.487518,92.212509,91.208344
1230,10.250000,-0.005505,0.590433,0.021371,0.806785,-196.482651,92.214890,91.202477
1231,10.258333,-0.005650,0.590507,0.021033,0.806738,-196.476044,92.219162,91.201530
1232,10.266667,-0.005601,0.590500,0.020879,0.806748,-196.468506,92.220383,91.200920
1233,10.275000,-0.005395,0.590533,0.020788,0.806728,-196.461197,92.220146,91.200111
1234,10.283333,-0.004945,0.590524,0.020885,0.806734,-196.461838,92.217667,91.203384
1235,10.291667,-0.004975,0.590486,0.021106,0.806756,-196.465439,92.216583,91.203674
1236,10.300000,-0.005055,0.590513,0.021120,0.806736,-196.468399,92.217438,91.204056
1237,10.308333,-0.005193,0.590488,0.021087,0.806754,-196.468552,92.217819,91.203674
1238,10.316667,-0.005318,0.590494,0.021068,0.806750,-196.466614,92.217621,91.202675
1239,10.325000,-0.004674,0.590556,0.021368,0.806700,-196.462341,92.210838,91.205719
1240,10.333333,-0.004379,0.590561,0.021472,0.806696,-196.461075,92.208549,91.203453
1241,10.341667,-0.004322,0.590599,0.021522,0.806667,-196.462708,92.207214,91.200722
1242,10.350000,-0.004314,0.590562,0.021587,0.806692,-196.463470,92.205109,91.200623
1243,10.358333,-0.004287,0.590550,0.021567,0.806701,-196.463593,92.204666,91.200157
1244,10.366667,-0.004261,0.590526,0.021532,0.806720,-196.462830,92.205719,91.200600
1245,10.375000,-0.004294,0.590600,0.021648,0.806663,-196.463089,92.204681,91.200134
1246,10.383333,-0.004241,0.590584,0.021593,0.806676,-196.463272,92.204353,91.200310
1247,10.391667,-0.004029,0.590567,0.021617,0.806689,-196.463470,92.205315,91.199318
1248,10.400000,-0.003998,0.590573,0.021696,0.806683,-196.462982,92.204414,91.200027
1249,10.408333,-0.004071,0.590577,0.021716,0.806679,-196.462814,92.203430,91.199684
1250,10.416667,-0.003996,0.590644,0.021722,0.806630,-196.463379,92.204636,91.199203
1251,10.425000,-0.004054,0.590603,0.021752,0.806659,-196.462570,92.203697,91.200417
1252,10.433333,-0.003976,0.590637,0.021806,0.806633,-196.462723,92.203728,91.200546
1253,10.441667,-0.004012,0.590621,0.021842,0.806643,-196.462646,92.202278,91.201172
1254,10.450000,-0.004051,0.590600,0.021794,0.806660,-196.462418,92.202553,91.201180
1255,10.458333,-0.003964,0.590592,0.021797,0.806666,-196.462097,92.202805,91.201538
1256,10.466667,-0.003955,0.590581,0.021681,0.806677,-196.461639,92.201530,91.202225
1257,10.475000,-0.003949,0.590549,0.021711,0.806700,-196.460907,92.201195,91.202278
1258,10.483333,-0.004034,0.590562,0.021770,0.806688,-196.461319,92.202026,91.202148
1259,10.491667,-0.004187,0.590548,0.021603,0.806703,-196.462250,92.202820,91.202805
1260,10.500000,-0.004393,0.590540,0.021474,0.806711,-196.463150,92.205139,91.203239
1261,10.508333,-0.004496,0.590525,0.021413,0.806723,-196.463272,92.207855,91.204468
1262,10.516667,-0.004691,0.590441,0.021218,0.806788,-196.464752,92.211845,91.206741
1263,10.525000,-0.004891,0.590271,0.020996,0.806917,-196.467407,92.216751,91.205780
1264,10.533333,-0.005018,0.590204,0.020734,0.806972,-196.467651,92.219917,91.204140
1265,10.541667,-0.004923,0.590408,0.021524,0.806803,-196.464111,92.211662,91.206543
1266,10.550000,-0.004885,0.590340,0.021300,0.806859,-196.467621,92.214676,91.209564
1267,10.558333,-0.004804,0.590353,0.021418,0.806847,-196.468658,92.215080,91.209389
1268,10.566667,-0.004827,0.590355,0.021410,0.806846,-196.468735,92.214676,91.209373
1269,10.575000,-0.004862,0.590373,0.021351,0.806833,-196.468307,92.213867,91.209274
1270,10.583333,-0.004751,0.590349,0.021307,0.806853,-196.468536,92.214363,91.208611
1271,10.591667,-0.004760,0.590314,0.021247,0.806880,-196.468109,92.214256,91.208420
1272,10.600000,-0.004638,0.590361,0.021276,0.806845,-196.468414,92.213928,91.208580
1273,10.608333,-0.004811,0.590337,0.021227,0.806864,-196.468491,92.214272,91.208580
1274,10.616667,-0.004880,0.590293,0.021242,0.806895,-196.468933,92.213921,91.208847
1275,10.625000,-0.004907,0.590329,0.021261,0.806868,-196.469238,92.213623,91.209145
1276,10.633333,-0.004940,0.590327,0.021305,0.806868,-196.469513,92.213455,91.208748
1277,10.641667,-0.004808,0.590343,0.021255,0.806858,-196.469666,92.213745,91.208618
1278,10.650000,-0.004850,0.590314,0.021202,0.806880,-196.470840,92.214180,91.208725
1279,10.658333,-0.004766,0.590329,0.021282,0.806868,-196.470566,92.214447,91.208687
1280,10.666667,-0.004788,0.590331,0.021261,0.806867,-196.470261,92.214493,91.209244
1281,10.675000,-0.004804,0.590321,0.021332,0.806872,-196.469849,92.214775,91.209724
1282,10.683333,-0.004753,0.590362,0.021421,0.806841,-196.469742,92.214401,91.209373
1283,10.691667,-0.004830,0.590332,0.021322,0.806865,-196.469757,92.214172,91.209854
1284,10.700000,-0.004751,0.590365,0.021377,0.806839,-196.469223,92.213661,91.209702
1285,10.708333,-0.004816,0.590353,0.021226,0.806852,-196.468613,92.214043,91.210106
1286,10.716667,-0.004819,0.590323,0.021230,0.806874,-196.468109,92.214195,91.210861
1287,10.725000,-0.004728,0.590334,0.021212,0.806866,-196.468002,92.214340,91.210632
1288,10.733333,-0.004757,0.590360,0.021263,0.806846,-196.467606,92.214378,91.210678
1289,10.741667,-0.004848,0.590318,0.021215,0.806878,-196.467636,92.214355,91.211052
1290,10.750000,-0.004890,0.590331,0.021275,0.806866,-196.467072,92.213081,91.210709
1291,10.758333,-0.004863,0.590327,0.021252,0.806870,-196.467850,92.214424,91.210114
1292,10.766667,-0.004827,0.590342,0.021252,0.806859,-196.466873,92.212769,91.210014
1293,10.775000,-0.004829,0.590353,0.021245,0.806851,-196.467239,92.213074,91.209366
1294,10.783333,-0.004775,0.590328,0.021189,0.806871,-196.467621,92.212143,91.209442
1295,10.791667,-0.004902,0.590306,0.021264,0.806885,-196.467880,92.213860,91.208817
1296,10.800000,-0.004819,0.590323,0.021291,0.806872,-196.468445,92.214165,91.208542
1297,10.808333,-0.004806,0.590329,0.021242,0.806869,-196.468887,92.213943,91.209023
1298,10.816667,-0.004910,0.590364,0.021268,0.806842,-196.469574,92.214439,91.208382
1299,10.825000,-0.004967,0.590349,0.021252,0.806853,-196.469879,92.214157,91.208130
