Format Version,1.25,Take Name,Take 2025-11-27 05.09.54 PM,Take Notes,,Capture Frame Rate,120.000000,Export Frame Rate,120.000000,Capture Start Time,2025-11-27 05.09.54.955 PM,Capture Start Frame,39459,Total Frames in Take,1606,Total Exported Frames,1606,Rotation Type,Quaternion,Length Units,Centimeters,Coordinate Space,Global

,Type,Rigid Body,Rigid Body,Rigid Body,Rigid Body,Rigid Body,Rigid Body,Rigid Body
,Name,SEE_large,SEE_large,SEE_large,SEE_large,SEE_large,SEE_large,SEE_large
,ID,B4680608301811F031C44B617C10C291,B4680608301811F031C44B617C10C291,B4680608301811F031C44B617C10C291,B4680608301811F031C44B617C10C291,B4680608301811F031C44B617C10C291,B4680608301811F031C44B617C10C291,B4680608301811F031C44B617C10C291
,Parent,,,,,,,
,,Rotation,Rotation,Rotation,Rotation,Position,Position,Position
Frame,Time (Seconds),X,Y,Z,W,X,Y,Z
0,0.000000,-0.007374,0.397894,0.009331,0.917354,-215.882965,92.244705,83.994644
1,0.008333,-0.007495,0.397839,0.009267,0.917378,-215.880844,92.244034,83.994713
2,0.016667,-0.007481,0.397880,0.009325,0.917360,-215.878769,92.243523,83.993927
3,0.025000,-0.007393,0.397904,0.009356,0.917350,-215.877838,92.244759,83.993698
4,0.033333,-0.007314,0.397859,0.009285,0.917370,-215.876465,92.246178,83.992485
5,0.041667,-0.007223,0.397811,0.009077,0.917394,-215.875275,92.246056,83.991211
6,0.050000,-0.007368,0.397827,0.009031,0.917387,-215.874725,92.245819,83.989677
7,0.058333,-0.007497,0.397879,0.008996,0.917363,-215.875671,92.245804,83.988556
8,0.066667,-0.007559,0.397865,0.009046,0.917368,-215.876312,92.245430,83.988937
9,0.075000,-0.007433,0.397896,0.009112,0.917355,-215.877625,92.244949,83.989059
10,0.083333,-0.007372,0.397936,0.009152,0.917338,-215.879990,92.245247,83.989273
11,0.091667,-0.007380,0.397888,0.009135,0.917359,-215.881424,92.244026,83.990044
12,0.100000,-0.007346,0.397929,0.009133,0.917341,-215.883301,92.244324,83.990471
13,0.108333,-0.007344,0.397930,0.009223,0.917340,-215.884186,92.243851,83.991371
14,0.116667,-0.007349,0.397906,0.009220,0.917351,-215.885025,92.244621,83.992149
15,0.125000,-0.007356,0.397864,0.009162,0.917369,-215.885071,92.244049,83.992905
16,0.133333,-0.007432,0.397907,0.009215,0.917350,-215.885193,92.244339,83.992775
17,0.141667,-0.007424,0.397924,0.009271,0.917342,-215.883682,92.244591,83.994217
18,0.150000,-0.007448,0.397914,0.009385,0.917345,-215.882034,92.244644,83.994125
19,0.158333,-0.007367,0.397987,0.009324,0.917314,-215.881302,92.244377,83.994995
20,0.166667,-0.007303,0.397908,0.009235,0.917350,-215.879852,92.243233,83.994446
21,0.175000,-0.007251,0.397898,0.009250,0.917355,-215.877945,92.243202,83.994598
22,0.183333,-0.007279,0.397843,0.009256,0.917378,-215.877014,92.242767,83.993126
23,0.191667,-0.007365,0.397868,0.009115,0.917368,-215.877365,92.243874,83.991043
24,0.200000,-0.007466,0.397883,0.009117,0.917361,-215.877396,92.245636,83.990219
25,0.208333,-0.007424,0.397871,0.009047,0.917367,-215.877991,92.245087,83.990036
26,0.216667,-0.007416,0.397883,0.008939,0.917363,-215.879700,92.245293,83.989182
27,0.225000,-0.007334,0.397899,0.009029,0.917356,-215.881638,92.245750,83.989113
28,0.233333,-0.007350,0.397928,0.009103,0.917342,-215.883636,92.245270,83.989403
29,0.241667,-0.007361,0.397905,0.009171,0.917351,-215.885345,92.245033,83.989304
30,0.250000,-0.007330,0.397931,0.009181,0.917340,-215.887192,92.243942,83.990379
31,0.258333,-0.007276,0.397985,0.009193,0.917317,-215.888245,92.241959,83.991524
32,0.266667,-0.007437,0.397962,0.009305,0.917324,-215.889557,92.241943,83.993057
33,0.275000,-0.007480,0.397905,0.009320,0.917349,-215.889526,92.242271,83.994476
34,0.283333,-0.007425,0.397901,0.009278,0.917352,-215.888336,92.242500,83.995331
35,0.291667,-0.007527,0.397903,0.009217,0.917350,-215.886810,92.243973,83.995667
36,0.300000,-0.007468,0.397822,0.009202,0.917386,-215.885071,92.244179,83.996155
37,0.308333,-0.007406,0.397840,0.009045,0.917380,-215.883942,92.243706,83.996292
38,0.316667,-0.007375,0.397890,0.009002,0.917359,-215.882462,92.243820,83.996170
39,0.325000,-0.007376,0.397904,0.009030,0.917353,-215.881256,92.243347,83.995483
40,0.333333,-0.007312,0.397889,0.009059,0.917360,-215.880325,92.243843,83.995468
41,0.341667,-0.007327,0.397884,0.009174,0.917361,-215.880371,92.242928,83.994576
42,0.350000,-0.007335,0.397876,0.009182,0.917364,-215.881607,92.242142,83.993340
43,0.358333,-0.007321,0.397876,0.009139,0.917365,-215.883133,92.241348,83.993385
44,0.366667,-0.007353,0.397957,0.009109,0.917329,-215.884537,92.240250,83.992599
45,0.375000,-0.007395,0.397938,0.009161,0.917337,-215.887024,92.239685,83.992760
46,0.383333,-0.007399,0.397907,0.009136,0.917350,-215.889236,92.240837,83.992744
47,0.391667,-0.007437,0.397869,0.009188,0.917366,-215.890671,92.240974,83.992729
48,0.400000,-0.007469,0.397892,0.009182,0.917356,-215.892410,92.240799,83.993927
49,0.408333,-0.007472,0.397944,0.009078,0.917334,-215.894028,92.240761,83.994476
50,0.416667,-0.007413,0.397988,0.009166,0.917315,-215.893250,92.240883,83.996254
51,0.425000,-0.007330,0.397927,0.009223,0.917342,-215.892548,92.240982,83.997665
52,0.433333,-0.007335,0.397914,0.009340,0.917346,-215.890854,92.240051,83.998749
53,0.441667,-0.007325,0.397871,0.009239,0.917366,-215.888947,92.240257,83.999794
54,0.450000,-0.007394,0.397877,0.009071,0.917364,-215.885406,92.240883,83.998505
55,0.458333,-0.007219,0.397919,0.009175,0.917346,-215.882843,92.240433,83.999130
56,0.466667,-0.007332,0.397896,0.009093,0.917356,-215.880417,92.241371,83.998184
57,0.475000,-0.007373,0.397918,0.009075,0.917346,-215.877457,92.242821,83.996788
58,0.483333,-0.007322,0.397876,0.009074,0.917365,-215.875885,92.242928,83.995445
59,0.491667,-0.007378,0.397857,0.009109,0.917373,-215.875595,92.244003,83.993980
60,0.500000,-0.007346,0.397827,0.009052,0.917386,-215.876816,92.245636,83.991989
61,0.508333,-0.007255,0.397852,0.009001,0.917377,-215.878387,92.245125,83.991890
62,0.516667,-0.007262,0.397863,0.008903,0.917373,-215.880630,92.243317,83.991364
63,0.525000,-0.007335,0.397936,0.009017,0.917339,-215.884659,92.242859,83.991035
64,0.533333,-0.007298,0.397974,0.009102,0.917322,-215.888474,92.242249,83.991554
65,0.541667,-0.007404,0.397942,0.009238,0.917334,-215.891556,92.241463,83.992226
66,0.550000,-0.007250,0.397914,0.009345,0.917347,-215.893768,92.240707,83.994362
67,0.558333,-0.007239,0.397963,0.009341,0.917325,-215.895874,92.240738,83.996208
68,0.566667,-0.007197,0.397989,0.009239,0.917315,-215.896317,92.240021,83.997765
69,0.575000,-0.007353,0.398000,0.009266,0.917309,-215.896790,92.238655,83.997925
70,0.583333,-0.007330,0.398023,0.009304,0.917299,-215.895081,92.237579,83.999908
71,0.591667,-0.007316,0.397955,0.009364,0.917328,-215.891907,92.237915,84.000969
72,0.600000,-0.007288,0.397946,0.009379,0.917332,-215.888733,92.237862,84.000374
73,0.608333,-0.007320,0.397929,0.009448,0.917338,-215.885849,92.239449,84.000305
74,0.616667,-0.007255,0.397906,0.009386,0.917350,-215.883163,92.239334,83.999557
75,0.625000,-0.007242,0.397877,0.009193,0.917364,-215.880829,92.240105,83.997612
76,0.633333,-0.007319,0.397890,0.009060,0.917359,-215.879532,92.241959,83.995132
77,0.641667,-0.007368,0.397903,0.009038,0.917353,-215.879471,92.243103,83.994522
78,0.650000,-0.007349,0.397879,0.009186,0.917363,-215.879654,92.242805,83.993073
79,0.658333,-0.007354,0.397850,0.008937,0.917377,-215.881729,92.242943,83.991791
80,0.666667,-0.007346,0.397871,0.008866,0.917369,-215.883469,92.242386,83.990440
81,0.675000,-0.007365,0.397913,0.008944,0.917350,-215.886230,92.242256,83.990753
82,0.683333,-0.007264,0.397913,0.009006,0.917350,-215.888855,92.242119,83.991661
83,0.691667,-0.007159,0.397937,0.009105,0.917340,-215.891449,92.241631,83.993614
84,0.700000,-0.007111,0.397925,0.009256,0.917344,-215.892792,92.240494,83.995094
85,0.708333,-0.007153,0.397944,0.009299,0.917335,-215.893372,92.239952,83.997269
86,0.716667,-0.007211,0.397916,0.009338,0.917346,-215.891998,92.237877,83.998695
87,0.725000,-0.007404,0.397939,0.009336,0.917335,-215.890930,92.238312,84.000137
88,0.733333,-0.007303,0.397889,0.009377,0.917357,-215.888885,92.237404,84.002075
89,0.741667,-0.007246,0.397894,0.009352,0.917355,-215.886765,92.238312,84.002670
90,0.750000,-0.007323,0.397857,0.009220,0.917372,-215.883804,92.239952,84.002678
91,0.758333,-0.007297,0.397853,0.009170,0.917375,-215.880890,92.239334,84.001419
92,0.766667,-0.007232,0.397917,0.009201,0.917347,-215.879578,92.239693,83.999809
93,0.775000,-0.007191,0.397883,0.009204,0.917362,-215.878708,92.239639,83.998734
94,0.783333,-0.007178,0.397896,0.009302,0.917355,-215.879013,92.240692,83.997879
95,0.791667,-0.007191,0.397907,0.009265,0.917351,-215.879562,92.241516,83.996353
96,0.800000,-0.007258,0.397919,0.009113,0.917347,-215.881210,92.240646,83.993874
97,0.808333,-0.007351,0.397962,0.009131,0.917327,-215.882538,92.240616,83.991463
98,0.816667,-0.007314,0.397926,0.009174,0.917343,-215.884155,92.240891,83.990929
99,0.825000,-0.007249,0.397863,0.009073,0.917372,-215.885712,92.240677,83.991013
100,0.833333,-0.007260,0.397880,0.009153,0.917363,-215.886658,92.239639,83.990349
101,0.841667,-0.007273,0.397890,0.009158,0.917359,-215.888031,92.240646,83.990639
102,0.850000,-0.007322,0.397876,0.009092,0.917365,-215.888901,92.241318,83.991440
103,0.858333,-0.007357,0.397937,0.009109,0.917338,-215.887802,92.240929,83.992271
104,0.866667,-0.007329,0.397929,0.009162,0.917341,-215.886505,92.239937,83.993385
105,0.875000,-0.007381,0.397951,0.008989,0.917333,-215.886642,92.239326,83.993614
106,0.883333,-0.007383,0.397913,0.009086,0.917349,-215.883896,92.239128,83.994934
107,0.891667,-0.007276,0.397902,0.009131,0.917354,-215.881760,92.239349,83.996445
108,0.900000,-0.007325,0.397888,0.009187,0.917359,-215.880157,92.240715,83.996140
109,0.908333,-0.007357,0.397920,0.009320,0.917343,-215.878342,92.240654,83.996452
110,0.916667,-0.007424,0.397903,0.009250,0.917351,-215.877182,92.239639,83.995911
111,0.925000,-0.007523,0.397850,0.009043,0.917375,-215.877029,92.241112,83.994987
112,0.933333,-0.007427,0.397844,0.009139,0.917378,-215.875870,92.241821,83.994263
113,0.941667,-0.007513,0.397858,0.008975,0.917373,-215.876389,92.243515,83.993011
114,0.950000,-0.007487,0.397891,0.009009,0.917358,-215.877563,92.243034,83.991966
115,0.958333,-0.007440,0.397910,0.009023,0.917350,-215.879364,92.243835,83.992142
116,0.966667,-0.007306,0.397823,0.009077,0.917388,-215.880707,92.242989,83.991905
117,0.975000,-0.007335,0.397873,0.008899,0.917368,-215.882355,92.243187,83.990662
118,0.983333,-0.007319,0.397886,0.008947,0.917362,-215.883682,92.242088,83.991005
119,0.991667,-0.007234,0.397885,0.009074,0.917362,-215.883896,92.239998,83.992470
120,1.000000,-0.007290,0.397874,0.009214,0.917365,-215.884308,92.239258,83.992073
121,1.008333,-0.007268,0.397909,0.009184,0.917350,-215.884567,92.239029,83.992615
122,1.016667,-0.007251,0.397948,0.009250,0.917333,-215.884262,92.238914,83.993134
123,1.025000,-0.007189,0.397977,0.009213,0.917321,-215.882797,92.240143,83.992432
124,1.033333,-0.007150,0.397932,0.009096,0.917342,-215.881439,92.241554,83.992592
125,1.041667,-0.007221,0.397947,0.009145,0.917334,-215.878723,92.242073,83.991547
126,1.050000,-0.007267,0.397946,0.009191,0.917334,-215.878296,92.241699,83.991409
127,1.058333,-0.007352,0.397914,0.009163,0.917347,-215.876266,92.242561,83.991074
128,1.066667,-0.007429,0.397922,0.009041,0.917345,-215.875198,92.242744,83.989716
129,1.075000,-0.007408,0.397922,0.009070,0.917345,-215.874481,92.242233,83.988678
130,1.083333,-0.007377,0.397992,0.009243,0.917313,-215.875214,92.241272,83.988060
131,1.091667,-0.007357,0.397911,0.009282,0.917348,-215.877396,92.240753,83.988602
132,1.100000,-0.007282,0.397933,0.009191,0.917340,-215.878326,92.240593,83.987839
133,1.108333,-0.007227,0.397947,0.009157,0.917334,-215.879303,92.241142,83.986458
134,1.116667,-0.007275,0.397929,0.009094,0.917342,-215.879639,92.241600,83.985344
135,1.125000,-0.007298,0.397994,0.009092,0.917314,-215.879517,92.241486,83.984932
136,1.133333,-0.007312,0.398016,0.009083,0.917304,-215.881378,92.241905,83.985748
137,1.141667,-0.007262,0.397995,0.009268,0.917312,-215.881058,92.240753,83.985909
138,1.150000,-0.007167,0.397965,0.009339,0.917325,-215.881012,92.240334,83.986374
139,1.158333,-0.007236,0.397933,0.009395,0.917338,-215.880630,92.240501,83.987457
140,1.166667,-0.007325,0.397943,0.009304,0.917334,-215.879395,92.240677,83.988068
141,1.175000,-0.007407,0.397972,0.009386,0.917319,-215.878113,92.239517,83.987717
142,1.183333,-0.007384,0.397954,0.009314,0.917329,-215.876892,92.239258,83.988014
143,1.191667,-0.007492,0.397957,0.009185,0.917328,-215.875534,92.239769,83.988319
144,1.200000,-0.007459,0.397946,0.009256,0.917332,-215.872986,92.240707,83.987556
145,1.208333,-0.007367,0.397913,0.009263,0.917347,-215.871567,92.242523,83.986862
146,1.216667,-0.007296,0.397925,0.009116,0.917344,-215.870956,92.243088,83.985428
147,1.225000,-0.007300,0.397950,0.009065,0.917333,-215.869492,92.243011,83.985397
148,1.233333,-0.007361,0.397902,0.009143,0.917353,-215.869553,92.243553,83.984825
149,1.241667,-0.007319,0.397907,0.009334,0.917349,-215.870071,92.242996,83.984558
150,1.250000,-0.007227,0.397931,0.009161,0.917341,-215.871399,92.244209,83.983650
151,1.258333,-0.007175,0.397974,0.009102,0.917324,-215.871780,92.242081,83.983078
152,1.266667,-0.007259,0.398005,0.009157,0.917309,-215.872864,92.240868,83.981796
153,1.275000,-0.007301,0.397975,0.009200,0.917321,-215.873581,92.241592,83.981720
154,1.283333,-0.007333,0.397988,0.009297,0.917314,-215.874069,92.241714,83.981613
155,1.291667,-0.007304,0.398009,0.009343,0.917305,-215.874954,92.241760,83.981880
156,1.300000,-0.007236,0.397982,0.009364,0.917317,-215.874405,92.242073,83.982811
157,1.308333,-0.007282,0.397966,0.009285,0.917324,-215.874786,92.242378,83.982643
158,1.316667,-0.007249,0.397985,0.009245,0.917317,-215.873718,92.241631,83.983490
159,1.325000,-0.007298,0.397993,0.009108,0.917314,-215.873428,92.242599,83.983704
160,1.333333,-0.007254,0.397983,0.009258,0.917317,-215.872055,92.241875,83.984337
161,1.341667,-0.007348,0.397938,0.009087,0.917338,-215.871933,92.241707,83.983925
162,1.350000,-0.007378,0.397923,0.009111,0.917344,-215.870972,92.242203,83.985909
163,1.358333,-0.007344,0.397937,0.009186,0.917337,-215.871140,92.241379,83.985580
164,1.366667,-0.007207,0.397906,0.009227,0.917351,-215.871048,92.243134,83.986115
165,1.375000,-0.007173,0.397877,0.009248,0.917364,-215.872360,92.243874,83.986595
166,1.383333,-0.007172,0.397833,0.009231,0.917383,-215.873260,92.243469,83.987366
167,1.391667,-0.007213,0.397927,0.009245,0.917342,-215.874237,92.241432,83.986893
168,1.400000,-0.007183,0.397914,0.009216,0.917348,-215.875671,92.241539,83.987656
169,1.408333,-0.007091,0.397948,0.009281,0.917334,-215.877075,92.241913,83.988129
170,1.416667,-0.007124,0.397876,0.009306,0.917364,-215.878601,92.241585,83.989586
171,1.425000,-0.007197,0.397932,0.009196,0.917341,-215.879684,92.243484,83.988449
172,1.433333,-0.007171,0.397929,0.009198,0.917342,-215.880402,92.241768,83.988579
173,1.441667,-0.007239,0.397965,0.009262,0.917325,-215.881104,92.241051,83.988548
174,1.450000,-0.007260,0.397942,0.009205,0.917336,-215.881256,92.240234,83.989624
175,1.458333,-0.007137,0.397928,0.009140,0.917343,-215.881393,92.239914,83.990059
176,1.466667,-0.007186,0.397900,0.009213,0.917355,-215.880539,92.240921,83.989807
177,1.475000,-0.007350,0.397884,0.009241,0.917360,-215.879395,92.240891,83.990036
178,1.483333,-0.007342,0.397905,0.009271,0.917351,-215.877823,92.240295,83.991364
179,1.491667,-0.007288,0.397883,0.009262,0.917360,-215.877319,92.240501,83.991142
180,1.500000,-0.007245,0.397885,0.009271,0.917360,-215.877609,92.240974,83.990227
181,1.508333,-0.007340,0.397895,0.009288,0.917355,-215.876526,92.240791,83.989563
182,1.516667,-0.007292,0.397880,0.009214,0.917362,-215.876266,92.241493,83.990517
183,1.525000,-0.007159,0.397888,0.009205,0.917360,-215.875412,92.241631,83.990402
184,1.533333,-0.007176,0.397945,0.009343,0.917334,-215.875504,92.240891,83.989258
185,1.541667,-0.007163,0.397902,0.009253,0.917354,-215.875320,92.241066,83.988678
186,1.550000,-0.007173,0.397904,0.009229,0.917353,-215.875412,92.241234,83.988380
187,1.558333,-0.007299,0.397897,0.009155,0.917355,-215.875931,92.242096,83.987213
188,1.566667,-0.007267,0.397933,0.009139,0.917340,-215.875885,92.241913,83.985413
189,1.575000,-0.007267,0.397889,0.009172,0.917359,-215.876892,92.241982,83.985779
190,1.583333,-0.007226,0.397921,0.009302,0.917344,-215.876892,92.241295,83.987007
191,1.591667,-0.007219,0.397968,0.009334,0.917324,-215.878891,92.240433,83.987144
192,1.600000,-0.007283,0.397930,0.009258,0.917340,-215.880066,92.240883,83.987602
193,1.608333,-0.007242,0.397916,0.009189,0.917347,-215.880203,92.240448,83.988342
194,1.616667,-0.007167,0.397914,0.009300,0.917348,-215.879730,92.239769,83.989090
195,1.625000,-0.007202,0.397938,0.009213,0.917338,-215.880417,92.240410,83.989777
196,1.633333,-0.007318,0.397962,0.009376,0.917325,-215.879776,92.240776,83.989738
197,1.641667,-0.007287,0.397928,0.009405,0.917340,-215.878876,92.239555,83.991173
198,1.650000,-0.007253,0.397969,0.009308,0.917323,-215.877823,92.239197,83.992043
199,1.658333,-0.007073,0.397936,0.009360,0.917338,-215.876648,92.238945,83.991211
200,1.666667,-0.006986,0.397916,0.009312,0.917348,-215.876694,92.239937,83.992554
201,1.675000,-0.007097,0.397927,0.009353,0.917342,-215.876007,92.240234,83.991791
202,1.683333,-0.007313,0.397926,0.009333,0.917341,-215.876251,92.240211,83.991112
203,1.691667,-0.007342,0.397921,0.009360,0.917342,-215.876724,92.239960,83.990921
204,1.700000,-0.007279,0.397903,0.009213,0.917352,-215.877502,92.239670,83.990486
205,1.708333,-0.007302,0.397889,0.009103,0.917360,-215.878296,92.241020,83.990715
206,1.716667,-0.007187,0.397911,0.009207,0.917350,-215.878876,92.240593,83.989655
207,1.725000,-0.007084,0.397896,0.009230,0.917357,-215.881012,92.240868,83.990128
208,1.733333,-0.007163,0.397896,0.009321,0.917355,-215.882660,92.240746,83.990440
209,1.741667,-0.007237,0.397960,0.009210,0.917328,-215.883728,92.240158,83.990128
210,1.750000,-0.007223,0.397906,0.009221,0.917351,-215.884094,92.239555,83.990852
211,1.758333,-0.007230,0.397936,0.009274,0.917338,-215.883591,92.238724,83.991806
212,1.766667,-0.007257,0.397909,0.009241,0.917350,-215.882584,92.238899,83.991714
213,1.775000,-0.007237,0.397937,0.009320,0.917337,-215.881805,92.239120,83.992119
214,1.783333,-0.007172,0.397921,0.009282,0.917345,-215.879898,92.239807,83.991463
215,1.791667,-0.007205,0.397899,0.009306,0.917354,-215.878250,92.239609,83.991135
216,1.800000,-0.007260,0.397925,0.009192,0.917343,-215.876953,92.239983,83.991364
217,1.808333,-0.007239,0.397905,0.009120,0.917353,-215.875748,92.239418,83.991295
218,1.816667,-0.007245,0.397903,0.009270,0.917352,-215.874939,92.240204,83.991104
219,1.825000,-0.007241,0.397911,0.009315,0.917348,-215.875168,92.240471,83.991089
220,1.833333,-0.007218,0.397831,0.009143,0.917385,-215.875412,92.240921,83.990097
221,1.841667,-0.007210,0.397862,0.009135,0.917372,-215.876099,92.241158,83.990005
222,1.850000,-0.007131,0.397955,0.009196,0.917331,-215.877151,92.241234,83.989456
223,1.858333,-0.007063,0.397869,0.009195,0.917369,-215.878677,92.239845,83.990082
224,1.866667,-0.007269,0.397973,0.009363,0.917321,-215.880661,92.238655,83.989754
225,1.875000,-0.007275,0.397940,0.009351,0.917335,-215.881393,92.238373,83.989891
226,1.883333,-0.007258,0.397946,0.009345,0.917332,-215.882065,92.238792,83.990547
227,1.891667,-0.007230,0.397919,0.009464,0.917343,-215.881989,92.238220,83.990555
228,1.900000,-0.007173,0.397954,0.009536,0.917328,-215.880890,92.238144,83.990639
229,1.908333,-0.007144,0.397963,0.009462,0.917325,-215.880173,92.238319,83.991577
230,1.916667,-0.007144,0.397951,0.009439,0.917330,-215.878891,92.238930,83.990707
231,1.925000,-0.007198,0.397992,0.009490,0.917312,-215.877029,92.238724,83.990639
232,1.933333,-0.007410,0.397960,0.009345,0.917325,-215.875702,92.240051,83.990883
233,1.941667,-0.007434,0.397921,0.009338,0.917342,-215.873581,92.240128,83.989731
234,1.950000,-0.007391,0.397907,0.009303,0.917349,-215.873032,92.239983,83.990295
235,1.958333,-0.007345,0.397948,0.009250,0.917332,-215.872742,92.240715,83.990654
236,1.966667,-0.007230,0.397907,0.009205,0.917351,-215.872818,92.240311,83.991386
237,1.975000,-0.007143,0.397905,0.009178,0.917353,-215.873627,92.240799,83.991203
238,1.983333,-0.007140,0.397910,0.009100,0.917352,-215.874908,92.241081,83.991089
239,1.991667,-0.007251,0.397928,0.009134,0.917342,-215.875961,92.241005,83.990967
240,2.000000,-0.007354,0.397965,0.009185,0.917325,-215.877960,92.240433,83.990623
241,2.008333,-0.007289,0.397956,0.009283,0.917329,-215.879684,92.240074,83.990646
242,2.016667,-0.007072,0.397965,0.009316,0.917326,-215.880005,92.239906,83.990326
243,2.025000,-0.007091,0.397970,0.009323,0.917324,-215.880798,92.239586,83.988884
244,2.033333,-0.007112,0.398005,0.009257,0.917309,-215.880371,92.240425,83.987862
245,2.041667,-0.007354,0.398010,0.009317,0.917304,-215.878708,92.240845,83.985901
246,2.050000,-0.007616,0.397931,0.008969,0.917340,-215.877365,92.243774,83.982285
247,2.058333,-0.007550,0.397938,0.009002,0.917337,-215.873581,92.242554,83.981697
248,2.066667,-0.007415,0.397919,0.009096,0.917346,-215.872025,92.242607,83.982239
249,2.075000,-0.007278,0.397888,0.009029,0.917361,-215.870026,92.243507,83.982574
250,2.083333,-0.007343,0.397891,0.009077,0.917358,-215.868637,92.243256,83.983040
251,2.091667,-0.007366,0.397906,0.009093,0.917352,-215.867569,92.243004,83.983414
252,2.100000,-0.007259,0.397915,0.009110,0.917348,-215.866989,92.242889,83.984627
253,2.108333,-0.007206,0.397878,0.009165,0.917364,-215.867661,92.241661,83.986633
254,2.116667,-0.007258,0.397914,0.009227,0.917348,-215.869263,92.241570,83.988174
255,2.125000,-0.007206,0.397954,0.009178,0.917331,-215.871078,92.241714,83.988930
256,2.133333,-0.007289,0.397955,0.009172,0.917330,-215.872650,92.241821,83.989891
257,2.141667,-0.007273,0.397944,0.009247,0.917334,-215.874390,92.241867,83.991051
258,2.150000,-0.007274,0.397899,0.009311,0.917353,-215.876343,92.242455,83.991196
259,2.158333,-0.007237,0.397937,0.009261,0.917337,-215.877060,92.241196,83.991539
260,2.166667,-0.007178,0.397969,0.009355,0.917323,-215.877579,92.239944,83.991013
261,2.175000,-0.007262,0.397961,0.009373,0.917326,-215.878372,92.241249,83.991119
262,2.183333,-0.007234,0.397937,0.009399,0.917336,-215.877457,92.240524,83.989418
263,2.191667,-0.007305,0.397867,0.009313,0.917367,-215.875931,92.241844,83.988327
264,2.200000,-0.007262,0.397891,0.009246,0.917357,-215.874023,92.242126,83.986580
265,2.208333,-0.007260,0.397936,0.009249,0.917338,-215.872543,92.241516,83.985107
266,2.216667,-0.007296,0.397940,0.009104,0.917337,-215.870926,92.242279,83.983391
267,2.225000,-0.007389,0.397917,0.009111,0.917346,-215.869171,92.242271,83.982506
268,2.233333,-0.007394,0.397955,0.009113,0.917330,-215.868088,92.243530,83.982735
269,2.241667,-0.007220,0.397909,0.009074,0.917352,-215.867737,92.244003,83.983917
270,2.250000,-0.007143,0.397888,0.009056,0.917362,-215.867157,92.242775,83.985420
271,2.258333,-0.007203,0.397884,0.008947,0.917364,-215.868042,92.241882,83.986382
272,2.266667,-0.007324,0.397962,0.009059,0.917328,-215.869400,92.242630,83.986855
273,2.275000,-0.007328,0.397916,0.009042,0.917348,-215.870239,92.243042,83.988045
274,2.283333,-0.007385,0.397919,0.009061,0.917346,-215.871399,92.242165,83.987625
275,2.291667,-0.007389,0.397889,0.009084,0.917359,-215.872101,92.241249,83.988930
276,2.300000,-0.007281,0.397915,0.009200,0.917347,-215.873367,92.241249,83.989830
277,2.308333,-0.007206,0.397908,0.009234,0.917351,-215.874435,92.241905,83.989967
278,2.316667,-0.007138,0.397913,0.009304,0.917349,-215.874939,92.241920,83.990227
279,2.325000,-0.007237,0.397920,0.009310,0.917344,-215.874786,92.241791,83.989319
280,2.333333,-0.007221,0.397973,0.009417,0.917320,-215.874557,92.240692,83.987900
281,2.341667,-0.007194,0.398003,0.009287,0.917309,-215.873932,92.239830,83.987442
282,2.350000,-0.007277,0.397972,0.009185,0.917323,-215.873199,92.240906,83.986618
283,2.358333,-0.007387,0.397965,0.009166,0.917325,-215.872223,92.241837,83.985298
284,2.366667,-0.007387,0.397937,0.009058,0.917338,-215.870361,92.242470,83.984215
285,2.375000,-0.007462,0.397942,0.009129,0.917335,-215.869980,92.243919,83.984161
286,2.383333,-0.007583,0.397921,0.009092,0.917343,-215.869736,92.243866,83.983643
287,2.391667,-0.007476,0.397919,0.008947,0.917346,-215.869476,92.243515,83.984001
288,2.400000,-0.007299,0.397934,0.008995,0.917341,-215.869217,92.242836,83.984322
289,2.408333,-0.007255,0.397952,0.009169,0.917332,-215.870071,92.242805,83.985268
290,2.416667,-0.007315,0.397894,0.009218,0.917356,-215.870789,92.242508,83.987411
291,2.425000,-0.007307,0.397946,0.009259,0.917333,-215.871384,92.241524,83.987923
292,2.433333,-0.007256,0.397902,0.009327,0.917352,-215.872452,92.241379,83.988960
293,2.441667,-0.007216,0.397909,0.009342,0.917349,-215.873413,92.241501,83.989426
294,2.450000,-0.007164,0.397954,0.009232,0.917331,-215.874527,92.240868,83.989143
295,2.458333,-0.007257,0.397970,0.009233,0.917323,-215.874741,92.241547,83.989708
296,2.466667,-0.007194,0.397975,0.009272,0.917321,-215.874832,92.241920,83.989471
297,2.475000,-0.007249,0.397970,0.009183,0.917324,-215.874390,92.242065,83.988609
298,2.483333,-0.007143,0.397949,0.009262,0.917333,-215.873764,92.241890,83.988815
299,2.491667,-0.007148,0.397914,0.009253,0.917348,-215.873718,92.241241,83.988632
300,2.500000,-0.007074,0.397942,0.009354,0.917336,-215.872162,92.241661,83.987770
301,2.508333,-0.007101,0.397891,0.009256,0.917358,-215.871689,92.242973,83.987869
302,2.516667,-0.007151,0.397881,0.009309,0.917362,-215.870926,92.243187,83.986977
303,2.525000,-0.007184,0.397906,0.009411,0.917350,-215.870117,92.243401,83.987251
304,2.533333,-0.007316,0.397879,0.009292,0.917362,-215.869980,92.241898,83.987778
305,2.541667,-0.007322,0.397910,0.009339,0.917348,-215.870529,92.241341,83.987396
306,2.550000,-0.007196,0.397952,0.009185,0.917332,-215.871262,92.241119,83.987442
307,2.558333,-0.007173,0.397950,0.009001,0.917335,-215.872574,92.241074,83.987770
308,2.566667,-0.007208,0.397912,0.009071,0.917350,-215.874023,92.240929,83.989426
309,2.575000,-0.007309,0.397889,0.009060,0.917360,-215.875839,92.240486,83.990143
310,2.583333,-0.007385,0.397908,0.009149,0.917350,-215.877182,92.241249,83.991081
311,2.591667,-0.007352,0.397938,0.009225,0.917336,-215.877625,92.241211,83.992264
312,2.600000,-0.007241,0.397884,0.009340,0.917360,-215.877487,92.239944,83.992622
313,2.608333,-0.007153,0.397911,0.009423,0.917348,-215.878479,92.239426,83.993217
314,2.616667,-0.007117,0.397946,0.009413,0.917333,-215.878479,92.239883,83.993340
315,2.625000,-0.007045,0.397955,0.009354,0.917330,-215.878433,92.239204,83.993317
316,2.633333,-0.007146,0.397976,0.009390,0.917320,-215.877197,92.240120,83.991096
317,2.641667,-0.007259,0.397980,0.009346,0.917318,-215.875931,92.239670,83.990303
318,2.650000,-0.007254,0.397921,0.009307,0.917344,-215.874359,92.240463,83.988968
319,2.658333,-0.007306,0.397930,0.009148,0.917341,-215.873260,92.241570,83.987274
320,2.666667,-0.007350,0.397925,0.009103,0.917343,-215.871552,92.241531,83.986374
321,2.675000,-0.007300,0.397900,0.009059,0.917355,-215.870209,92.243767,83.984871
322,2.683333,-0.007317,0.397875,0.009151,0.917365,-215.869095,92.243805,83.983788
323,2.691667,-0.007224,0.397924,0.009142,0.917344,-215.868134,92.244377,83.983475
324,2.700000,-0.007230,0.397951,0.009080,0.917333,-215.867783,92.243835,83.982933
325,2.708333,-0.007269,0.397936,0.009159,0.917339,-215.867325,92.243179,83.983788
326,2.716667,-0.007178,0.397947,0.009100,0.917335,-215.868042,92.243263,83.984146
327,2.725000,-0.007229,0.397920,0.009225,0.917345,-215.868073,92.243996,83.984200
328,2.733333,-0.007421,0.397912,0.009145,0.917348,-215.868561,92.245102,83.984879
329,2.741667,-0.007338,0.397925,0.009216,0.917342,-215.868332,92.244156,83.987289
330,2.750000,-0.007204,0.397941,0.009273,0.917336,-215.870026,92.243317,83.988480
331,2.758333,-0.007162,0.397893,0.009208,0.917358,-215.871094,92.242424,83.989822
332,2.766667,-0.007157,0.397838,0.009185,0.917382,-215.871933,92.242912,83.991714
333,2.775000,-0.007229,0.397876,0.009330,0.917363,-215.872330,92.241684,83.993111
334,2.783333,-0.007267,0.397917,0.009375,0.917345,-215.873260,92.241638,83.992264
335,2.791667,-0.007321,0.397971,0.009413,0.917320,-215.874741,92.240662,83.991211
336,2.800000,-0.007227,0.397913,0.009439,0.917346,-215.875626,92.240303,83.991829
337,2.808333,-0.007283,0.397966,0.009340,0.917324,-215.876007,92.241165,83.991013
338,2.816667,-0.007395,0.398000,0.009336,0.917308,-215.874939,92.242264,83.989426
339,2.825000,-0.007461,0.397995,0.009391,0.917309,-215.873840,92.241089,83.988258
340,2.833333,-0.007371,0.397969,0.009343,0.917322,-215.872330,92.242027,83.987007
341,2.841667,-0.007239,0.397947,0.009439,0.917331,-215.870071,92.242203,83.985611
342,2.850000,-0.007177,0.397933,0.009390,0.917338,-215.868469,92.243317,83.984444
343,2.858333,-0.007142,0.397886,0.009296,0.917360,-215.867538,92.243088,83.984970
344,2.866667,-0.007180,0.397872,0.009325,0.917366,-215.865753,92.242638,83.984909
345,2.875000,-0.007182,0.397920,0.009297,0.917345,-215.865067,92.244286,83.984131
346,2.883333,-0.007225,0.397919,0.009201,0.917346,-215.865967,92.244377,83.985443
347,2.891667,-0.007281,0.397911,0.009046,0.917350,-215.866638,92.244049,83.985367
348,2.900000,-0.007342,0.397899,0.008959,0.917356,-215.868546,92.243553,83.986885
349,2.908333,-0.007403,0.397921,0.009029,0.917345,-215.871567,92.244324,83.985939
350,2.916667,-0.007334,0.397900,0.009196,0.917354,-215.879700,92.243355,83.986496
351,2.925000,-0.007733,0.397824,0.009301,0.917382,-215.892151,92.246353,83.983749
352,2.933333,-0.008257,0.397770,0.009328,0.917401,-215.908463,92.247719,83.981934
353,2.941667,-0.008198,0.397716,0.009822,0.917419,-215.926880,92.245575,83.984283
354,2.950000,-0.008117,0.397613,0.010376,0.917459,-215.942719,92.244408,83.987022
355,2.958333,-0.008049,0.397641,0.010744,0.917443,-215.955994,92.242027,83.989349
356,2.966667,-0.008148,0.397660,0.011346,0.917427,-215.967041,92.239563,83.991425
357,2.975000,-0.008088,0.397640,0.011749,0.917431,-215.975281,92.236961,83.994186
358,2.983333,-0.008054,0.397484,0.012302,0.917491,-215.983032,92.237549,84.000084
359,2.991667,-0.008084,0.397424,0.012652,0.917512,-215.987228,92.238220,84.001534
360,3.000000,-0.008325,0.397481,0.012640,0.917486,-215.992111,92.235222,84.002907
361,3.008333,-0.008357,0.397447,0.012685,0.917499,-215.997498,92.237122,84.003799
362,3.016667,-0.008424,0.397453,0.012646,0.917497,-216.005539,92.237717,84.004951
363,3.025000,-0.008512,0.397363,0.012785,0.917533,-216.014618,92.237793,84.006424
364,3.033333,-0.008574,0.397362,0.013101,0.917528,-216.024612,92.237961,84.010002
365,3.041667,-0.008553,0.397396,0.013404,0.917509,-216.032837,92.235771,84.013657
366,3.050000,-0.008549,0.397503,0.013777,0.917458,-216.041733,92.234276,84.016273
367,3.058333,-0.008464,0.397510,0.014078,0.917451,-216.050262,92.233810,84.018288
368,3.066667,-0.008563,0.397466,0.014237,0.917467,-216.058731,92.234573,84.020050
369,3.075000,-0.008234,0.397373,0.014498,0.917506,-216.067322,92.234261,84.020409
370,3.083333,-0.008559,0.397367,0.014738,0.917502,-216.080597,92.236290,84.024200
371,3.091667,-0.008338,0.397190,0.016972,0.917542,-216.117096,92.221031,84.034653
372,3.100000,-0.008425,0.397252,0.017694,0.917500,-216.133194,92.220589,84.037781
373,3.108333,-0.008393,0.397439,0.018180,0.917410,-216.146500,92.218361,84.043457
374,3.116667,-0.008632,0.397708,0.018163,0.917292,-216.148590,92.221947,84.043007
375,3.125000,-0.008856,0.397761,0.017511,0.917279,-216.155380,92.230118,84.041199
376,3.133333,-0.009182,0.397691,0.017114,0.917314,-216.164047,92.239731,84.037659
377,3.141667,-0.009520,0.397524,0.016998,0.917385,-216.171082,92.246269,84.033875
378,3.150000,-0.009909,0.397518,0.017067,0.917382,-216.178391,92.249435,84.031906
379,3.158333,-0.009943,0.397505,0.017298,0.917383,-216.185501,92.249725,84.032394
380,3.166667,-0.009937,0.397585,0.017737,0.917340,-216.192291,92.247200,84.034897
381,3.175000,-0.010036,0.397646,0.017884,0.917310,-216.200348,92.247444,84.036804
382,3.183333,-0.010184,0.397730,0.018172,0.917266,-216.207092,92.247025,84.040169
383,3.191667,-0.010213,0.397762,0.018455,0.917246,-216.215698,92.247208,84.042580
384,3.200000,-0.010317,0.397964,0.018801,0.917151,-216.227676,92.247375,84.043922
385,3.208333,-0.010505,0.398017,0.018836,0.917124,-216.241699,92.250648,84.044617
386,3.216667,-0.010726,0.398046,0.019231,0.917101,-216.253922,92.250854,84.045265
387,3.225000,-0.011174,0.398059,0.019440,0.917086,-216.267685,92.252419,84.042900
388,3.233333,-0.011378,0.398146,0.019782,0.917038,-216.281250,92.252716,84.042953
389,3.241667,-0.011561,0.398219,0.019995,0.917000,-216.295547,92.253891,84.042488
390,3.250000,-0.011821,0.398125,0.020343,0.917030,-216.309570,92.254265,84.042236
391,3.258333,-0.012327,0.398275,0.021675,0.916927,-216.324493,92.259468,84.040474
392,3.266667,-0.012552,0.398356,0.022323,0.916873,-216.337036,92.262741,84.040779
393,3.275000,-0.012765,0.398203,0.022578,0.916931,-216.349121,92.264549,84.041550
394,3.283333,-0.012722,0.398208,0.023057,0.916917,-216.358444,92.262398,84.041916
395,3.291667,-0.012495,0.398146,0.023400,0.916938,-216.366486,92.261833,84.044685
396,3.300000,-0.012592,0.398160,0.023693,0.916923,-216.371780,92.260849,84.045067
397,3.308333,-0.012579,0.398185,0.023833,0.916909,-216.378433,92.259720,84.046555
398,3.316667,-0.012674,0.398069,0.024057,0.916952,-216.385406,92.259613,84.047348
399,3.325000,-0.012760,0.398059,0.024286,0.916950,-216.395782,92.260094,84.048965
400,3.333333,-0.012759,0.398012,0.024459,0.916965,-216.405014,92.260170,84.051064
401,3.341667,-0.012695,0.398051,0.024796,0.916940,-216.411804,92.259270,84.052711
402,3.350000,-0.012688,0.398103,0.025007,0.916912,-216.415710,92.259476,84.054222
403,3.358333,-0.012631,0.398204,0.025069,0.916867,-216.415619,92.258553,84.054298
404,3.366667,-0.012632,0.398357,0.024997,0.916803,-216.411346,92.257957,84.054642
405,3.375000,-0.012576,0.398506,0.024950,0.916740,-216.405243,92.258781,84.056633
406,3.383333,-0.012506,0.398534,0.024773,0.916734,-216.402191,92.258743,84.056755
407,3.391667,-0.012311,0.398548,0.024698,0.916732,-216.403442,92.259117,84.055893
408,3.400000,-0.012498,0.398447,0.024648,0.916775,-216.406219,92.259697,84.054405
409,3.408333,-0.012685,0.398426,0.024708,0.916780,-216.411011,92.260185,84.053574
410,3.416667,-0.012762,0.398384,0.024704,0.916797,-216.412857,92.259888,84.052757
411,3.425000,-0.012665,0.398334,0.024673,0.916821,-216.412735,92.260513,84.053123
412,3.433333,-0.012734,0.398387,0.024813,0.916793,-216.409653,92.261002,84.051506
413,3.441667,-0.012625,0.398572,0.024804,0.916715,-216.404205,92.260239,84.051010
414,3.450000,-0.012613,0.398573,0.024735,0.916716,-216.402084,92.260590,84.051575
415,3.458333,-0.012687,0.398563,0.024716,0.916720,-216.401291,92.260574,84.051720
416,3.466667,-0.012828,0.398542,0.024733,0.916727,-216.403458,92.262100,84.051613
417,3.475000,-0.012747,0.398544,0.024759,0.916726,-216.405960,92.261482,84.052864
418,3.483333,-0.012566,0.398597,0.024807,0.916705,-216.409378,92.261688,84.053894
419,3.491667,-0.012684,0.398638,0.025020,0.916679,-216.413544,92.262802,84.053627
420,3.500000,-0.013035,0.398703,0.024953,0.916648,-216.418579,92.260651,84.055489
421,3.508333,-0.013297,0.398759,0.024861,0.916622,-216.422012,92.258881,84.055939
422,3.516667,-0.013445,0.398825,0.025045,0.916586,-216.425903,92.256531,84.056381
423,3.525000,-0.013379,0.398866,0.025185,0.916566,-216.430496,92.255814,84.057755
424,3.533333,-0.013276,0.398892,0.025234,0.916554,-216.433792,92.254761,84.059517
425,3.541667,-0.012971,0.398818,0.025427,0.916586,-216.435745,92.256180,84.058533
426,3.550000,-0.013067,0.398892,0.025382,0.916553,-216.437714,92.257683,84.058884
427,3.558333,-0.013117,0.398896,0.025345,0.916552,-216.438385,92.255661,84.059059
428,3.566667,-0.013284,0.398941,0.025391,0.916529,-216.437744,92.255341,84.057968
429,3.575000,-0.013447,0.398997,0.025474,0.916500,-216.437241,92.254768,84.056358
430,3.583333,-0.013523,0.399015,0.025378,0.916493,-216.436890,92.255714,84.055801
431,3.591667,-0.013128,0.398944,0.025462,0.916528,-216.436859,92.256432,84.055046
432,3.600000,-0.012698,0.398938,0.025530,0.916535,-216.436478,92.257759,84.055641
433,3.608333,-0.012892,0.398989,0.025518,0.916510,-216.435333,92.257240,84.057251
434,3.616667,-0.013115,0.398996,0.025539,0.916503,-216.432373,92.256195,84.056541
435,3.625000,-0.013378,0.398973,0.025476,0.916511,-216.430206,92.256836,84.056335
436,3.633333,-0.013489,0.398966,0.025170,0.916521,-216.428543,92.256248,84.056183
437,3.641667,-0.013488,0.398993,0.025134,0.916510,-216.427917,92.255119,84.056328
438,3.650000,-0.013491,0.398983,0.025153,0.916514,-216.428665,92.256874,84.056915
439,3.658333,-0.013454,0.398973,0.025246,0.916516,-216.431000,92.258270,84.058159
440,3.666667,-0.013366,0.399006,0.025254,0.916503,-216.433838,92.257446,84.058281
441,3.675000,-0.013217,0.399008,0.025389,0.916501,-216.435593,92.255959,84.059509
442,3.683333,-0.012750,0.398963,0.025476,0.916524,-216.437408,92.255997,84.059349
443,3.691667,-0.012850,0.399054,0.025638,0.916479,-216.439392,92.255562,84.060493
444,3.700000,-0.013040,0.399024,0.025548,0.916492,-216.438873,92.255325,84.060020
445,3.708333,-0.013048,0.398952,0.025641,0.916520,-216.437943,92.255737,84.057816
446,3.716667,-0.013175,0.399018,0.025478,0.916494,-216.437744,92.255127,84.058289
447,3.725000,-0.012919,0.398987,0.025580,0.916509,-216.436340,92.256493,84.056557
448,3.733333,-0.012961,0.399066,0.025585,0.916473,-216.436264,92.256088,84.057243
449,3.741667,-0.012874,0.399012,0.025639,0.916497,-216.434998,92.258919,84.056061
450,3.750000,-0.013054,0.399089,0.025603,0.916462,-216.434616,92.259468,84.055893
451,3.758333,-0.013191,0.399083,0.025438,0.916467,-216.434341,92.257675,84.055374
452,3.766667,-0.013068,0.398938,0.025375,0.916534,-216.433884,92.259483,84.054741
453,3.775000,-0.013242,0.398951,0.025360,0.916526,-216.433640,92.259148,84.056679
454,3.783333,-0.013250,0.398964,0.025316,0.916521,-216.431610,92.258087,84.056892
455,3.791667,-0.013167,0.398943,0.025411,0.916529,-216.429932,92.256416,84.057892
456,3.800000,-0.013271,0.399028,0.025312,0.916493,-216.430664,92.256279,84.058060
457,3.808333,-0.013300,0.398972,0.025342,0.916516,-216.431351,92.256569,84.057945
458,3.816667,-0.013382,0.399002,0.025353,0.916502,-216.432739,92.257462,84.057686
459,3.825000,-0.013353,0.398984,0.025452,0.916507,-216.434769,92.256149,84.058319
460,3.833333,-0.013323,0.399048,0.025452,0.916480,-216.437027,92.256355,84.057961
461,3.841667,-0.013253,0.399014,0.025382,0.916498,-216.438934,92.256721,84.058914
462,3.850000,-0.013203,0.399039,0.025498,0.916484,-216.439941,92.256554,84.058746
463,3.858333,-0.012865,0.399009,0.025635,0.916498,-216.440231,92.257202,84.057457
464,3.866667,-0.012976,0.399044,0.025540,0.916484,-216.440918,92.257019,84.059692
465,3.875000,-0.012994,0.399026,0.025563,0.916491,-216.439011,92.255295,84.058678
466,3.883333,-0.013143,0.399070,0.025511,0.916471,-216.436676,92.254280,84.059090
467,3.891667,-0.013195,0.399003,0.025586,0.916498,-216.434860,92.254326,84.058853
468,3.900000,-0.013263,0.398944,0.025487,0.916525,-216.434662,92.255249,84.058693
469,3.908333,-0.013193,0.398978,0.025447,0.916513,-216.433502,92.255653,84.057358
470,3.916667,-0.013263,0.399028,0.025329,0.916493,-216.433090,92.256874,84.057297
471,3.925000,-0.013251,0.398971,0.025450,0.916514,-216.433029,92.257675,84.056305
472,3.933333,-0.013326,0.399017,0.025361,0.916496,-216.433380,92.257828,84.057076
473,3.941667,-0.013279,0.398985,0.025376,0.916510,-216.432541,92.258354,84.057648
474,3.950000,-0.013251,0.398978,0.025368,0.916514,-216.432159,92.259026,84.057983
475,3.958333,-0.013224,0.399004,0.025340,0.916504,-216.432281,92.259140,84.058990
476,3.966667,-0.013338,0.399015,0.025404,0.916496,-216.433289,92.258476,84.058823
477,3.975000,-0.013235,0.399032,0.025390,0.916490,-216.434784,92.257622,84.058189
478,3.983333,-0.013251,0.399059,0.025478,0.916475,-216.436218,92.256981,84.059364
479,3.991667,-0.013244,0.399024,0.025401,0.916493,-216.437881,92.256805,84.059052
480,4.000000,-0.013257,0.399044,0.025444,0.916483,-216.439682,92.255318,84.060043
481,4.008333,-0.013140,0.399028,0.025507,0.916490,-216.440842,92.254547,84.060783
482,4.016667,-0.013147,0.399059,0.025519,0.916476,-216.441086,92.254166,84.059525
483,4.025000,-0.013161,0.399038,0.025512,0.916485,-216.441086,92.253334,84.059509
484,4.033333,-0.013214,0.399036,0.025405,0.916488,-216.439346,92.253365,84.059036
485,4.041667,-0.013289,0.399060,0.025575,0.916472,-216.437622,92.253624,84.058441
486,4.050000,-0.013278,0.399069,0.025470,0.916471,-216.435410,92.254677,84.058258
487,4.058333,-0.013294,0.399013,0.025587,0.916492,-216.433304,92.256294,84.057251
488,4.066667,-0.013283,0.399017,0.025398,0.916495,-216.432648,92.257591,84.057877
489,4.075000,-0.013262,0.399024,0.025493,0.916490,-216.431381,92.258438,84.056633
490,4.083333,-0.013325,0.399055,0.025416,0.916478,-216.432495,92.258568,84.058205
491,4.091667,-0.013335,0.399034,0.025523,0.916484,-216.433121,92.256599,84.057228
492,4.100000,-0.013302,0.399073,0.025472,0.916469,-216.434402,92.255646,84.058670
493,4.108333,-0.013236,0.399035,0.025366,0.916489,-216.435059,92.256012,84.059731
494,4.116667,-0.013246,0.399015,0.025445,0.916496,-216.436081,92.256149,84.060204
495,4.125000,-0.013263,0.399009,0.025420,0.916499,-216.436417,92.256226,84.059799
496,4.133333,-0.013273,0.399002,0.025435,0.916501,-216.437149,92.255798,84.059578
497,4.141667,-0.013178,0.399022,0.025493,0.916492,-216.437744,92.255455,84.059784
498,4.150000,-0.013232,0.399054,0.025471,0.916478,-216.438049,92.254921,84.060104
499,4.158333,-0.013266,0.399031,0.025373,0.916490,-216.438599,92.254570,84.059372
500,4.166667,-0.013368,0.398982,0.025233,0.916514,-216.440109,92.255791,84.059097
501,4.175000,-0.013426,0.399031,0.025370,0.916488,-216.440002,92.256187,84.057281
502,4.183333,-0.013408,0.399015,0.025416,0.916494,-216.439850,92.255943,84.058372
503,4.191667,-0.013406,0.399005,0.025366,0.916500,-216.438629,92.255600,84.058182
504,4.200000,-0.013532,0.399037,0.025408,0.916483,-216.437622,92.255287,84.057564
505,4.208333,-0.013595,0.399030,0.025401,0.916485,-216.435410,92.256248,84.057335
506,4.216667,-0.013527,0.399012,0.025487,0.916492,-216.433304,92.255325,84.056831
507,4.225000,-0.013433,0.398986,0.025361,0.916508,-216.432648,92.257431,84.056877
508,4.233333,-0.013369,0.399021,0.025553,0.916488,-216.431122,92.257759,84.057564
509,4.241667,-0.013277,0.399011,0.025569,0.916494,-216.432236,92.256760,84.057732
510,4.250000,-0.013237,0.399061,0.025308,0.916479,-216.432999,92.256744,84.058289
511,4.258333,-0.013229,0.399012,0.025296,0.916501,-216.435287,92.256927,84.058472
512,4.266667,-0.013392,0.399047,0.025245,0.916485,-216.437561,92.257622,84.058586
513,4.275000,-0.013381,0.398972,0.025369,0.916515,-216.438126,92.257019,84.057899
514,4.283333,-0.013334,0.398976,0.025340,0.916514,-216.439178,92.256042,84.058449
515,4.291667,-0.013277,0.399020,0.025320,0.916497,-216.439148,92.255623,84.058205
516,4.300000,-0.013320,0.399098,0.025305,0.916462,-216.439560,92.255600,84.059135
517,4.308333,-0.013342,0.399073,0.025389,0.916471,-216.439743,92.255142,84.058907
518,4.316667,-0.013309,0.399072,0.025367,0.916472,-216.439148,92.254654,84.059265
519,4.325000,-0.013246,0.399041,0.025385,0.916486,-216.440063,92.255028,84.059074
520,4.333333,-0.013215,0.399135,0.025458,0.916443,-216.439819,92.254379,84.058174
521,4.341667,-0.013184,0.399098,0.025342,0.916463,-216.439194,92.254456,84.057655
522,4.350000,-0.013393,0.399090,0.025404,0.916462,-216.440079,92.255394,84.057816
523,4.358333,-0.013453,0.399071,0.025548,0.916465,-216.440506,92.255043,84.057945
524,4.366667,-0.013445,0.399099,0.025468,0.916456,-216.439697,92.254990,84.057510
525,4.375000,-0.013434,0.399054,0.025496,0.916475,-216.438934,92.255318,84.057007
526,4.383333,-0.013467,0.399032,0.025504,0.916483,-216.438370,92.256340,84.056953
527,4.391667,-0.013491,0.399062,0.025526,0.916469,-216.437622,92.256073,84.057457
528,4.400000,-0.013388,0.399059,0.025455,0.916474,-216.437744,92.257225,84.058495
529,4.408333,-0.013365,0.399090,0.025411,0.916462,-216.438324,92.257248,84.057938
530,4.416667,-0.013385,0.399102,0.025495,0.916454,-216.439911,92.255890,84.058327
531,4.425000,-0.013428,0.399070,0.025417,0.916470,-216.442154,92.255646,84.058510
532,4.433333,-0.013381,0.399031,0.025412,0.916488,-216.443848,92.254845,84.059456
533,4.441667,-0.013286,0.399105,0.025474,0.916455,-216.445297,92.254143,84.059448
534,4.450000,-0.013234,0.399187,0.025627,0.916416,-216.445709,92.253487,84.059944
535,4.458333,-0.013247,0.399166,0.025647,0.916424,-216.446136,92.253960,84.059532
536,4.466667,-0.013202,0.399145,0.025691,0.916433,-216.444824,92.253532,84.059868
537,4.475000,-0.013252,0.399132,0.025711,0.916437,-216.444641,92.254021,84.059845
538,4.483333,-0.013379,0.399146,0.025669,0.916430,-216.443848,92.253098,84.058914
539,4.491667,-0.013394,0.399098,0.025642,0.916452,-216.442444,92.253014,84.058174
540,4.500000,-0.013236,0.399096,0.025559,0.916457,-216.440826,92.253021,84.057884
541,4.508333,-0.013259,0.399097,0.025573,0.916456,-216.440292,92.253883,84.057564
542,4.516667,-0.013339,0.399116,0.025650,0.916445,-216.439651,92.255150,84.057312
543,4.525000,-0.013307,0.399067,0.025607,0.916468,-216.439346,92.255936,84.057755
544,4.533333,-0.013371,0.399062,0.025543,0.916471,-216.439575,92.256226,84.057877
545,4.541667,-0.013488,0.399092,0.025376,0.916461,-216.439606,92.257019,84.056763
546,4.550000,-0.013547,0.399110,0.025340,0.916453,-216.439240,92.255692,84.057205
547,4.558333,-0.013513,0.399084,0.025241,0.916467,-216.439651,92.255280,84.057434
548,4.566667,-0.013522,0.399055,0.025209,0.916481,-216.440369,92.256462,84.057739
549,4.575000,-0.013434,0.399034,0.025177,0.916492,-216.441223,92.255745,84.057991
550,4.583333,-0.013303,0.399088,0.025279,0.916468,-216.442108,92.255531,84.058235
551,4.591667,-0.013224,0.399116,0.025292,0.916456,-216.444183,92.255653,84.059441
552,4.600000,-0.013165,0.399097,0.025460,0.916461,-216.445282,92.256462,84.059753
553,4.608333,-0.013202,0.399128,0.025616,0.916442,-216.445038,92.255363,84.059334
554,4.616667,-0.013382,0.399107,0.025720,0.916446,-216.445831,92.255547,84.059685
555,4.625000,-0.013352,0.399097,0.025550,0.916456,-216.444580,92.254295,84.058151
556,4.633333,-0.013454,0.399073,0.025567,0.916464,-216.443085,92.253395,84.057220
557,4.641667,-0.013481,0.399120,0.025596,0.916442,-216.442291,92.253418,84.057793
558,4.650000,-0.013462,0.399119,0.025558,0.916444,-216.441101,92.253571,84.057777
559,4.658333,-0.013438,0.399129,0.025554,0.916440,-216.440720,92.254227,84.058006
560,4.666667,-0.013374,0.399144,0.025658,0.916432,-216.439865,92.254028,84.058388
561,4.675000,-0.013318,0.399087,0.025512,0.916461,-216.439819,92.253700,84.059021
562,4.683333,-0.012918,0.399050,0.025682,0.916478,-216.439743,92.255486,84.056717
563,4.691667,-0.013066,0.399088,0.025434,0.916467,-216.440704,92.256027,84.057945
564,4.700000,-0.013270,0.399117,0.025491,0.916449,-216.440369,92.253693,84.058632
565,4.708333,-0.013513,0.399104,0.025469,0.916452,-216.441254,92.253777,84.059418
566,4.716667,-0.013531,0.399135,0.025559,0.916436,-216.441254,92.253403,84.059090
567,4.725000,-0.013490,0.399160,0.025604,0.916424,-216.442154,92.252655,84.059006
568,4.733333,-0.013521,0.399112,0.025623,0.916444,-216.443298,92.253860,84.058815
569,4.741667,-0.013449,0.399104,0.025661,0.916448,-216.443298,92.254219,84.059509
570,4.750000,-0.013337,0.399100,0.025664,0.916451,-216.444260,92.255173,84.059258
571,4.758333,-0.013371,0.399085,0.025603,0.916459,-216.444580,92.255531,84.059174
572,4.766667,-0.013407,0.399180,0.025655,0.916416,-216.444534,92.255493,84.058815
573,4.775000,-0.013406,0.399162,0.025671,0.916423,-216.444275,92.254707,84.058449
574,4.783333,-0.013305,0.399153,0.025766,0.916426,-216.443558,92.255386,84.057739
575,4.791667,-0.013244,0.399179,0.025666,0.916418,-216.442657,92.254608,84.057747
576,4.800000,-0.013389,0.399112,0.025639,0.916446,-216.441422,92.254494,84.058289
577,4.808333,-0.013510,0.399094,0.025584,0.916454,-216.440109,92.253426,84.058884
578,4.816667,-0.013436,0.399065,0.025543,0.916468,-216.438812,92.252998,84.058914
579,4.825000,-0.013509,0.399086,0.025552,0.916458,-216.439102,92.254112,84.058258
580,4.833333,-0.013485,0.399063,0.025462,0.916471,-216.439606,92.254906,84.058472
581,4.841667,-0.013326,0.399059,0.025490,0.916474,-216.440079,92.254433,84.058479
582,4.850000,-0.013358,0.399127,0.025439,0.916445,-216.440659,92.255455,84.057877
583,4.858333,-0.013335,0.399111,0.025497,0.916451,-216.441345,92.254669,84.058563
584,4.866667,-0.013307,0.399124,0.025575,0.916444,-216.442368,92.255219,84.058960
585,4.875000,-0.013280,0.399145,0.025548,0.916436,-216.443085,92.255341,84.058449
586,4.883333,-0.013360,0.399120,0.025603,0.916444,-216.443130,92.255241,84.058235
587,4.891667,-0.013289,0.399170,0.025613,0.916423,-216.443176,92.255058,84.058075
588,4.900000,-0.013440,0.399108,0.025561,0.916449,-216.443771,92.255447,84.058365
589,4.908333,-0.013431,0.399103,0.025565,0.916451,-216.443466,92.254593,84.059433
590,4.916667,-0.013356,0.399093,0.025603,0.916455,-216.443512,92.254051,84.059509
591,4.925000,-0.013339,0.399127,0.025548,0.916443,-216.443420,92.253883,84.059341
592,4.933333,-0.013453,0.399110,0.025545,0.916449,-216.443085,92.254234,84.058731
593,4.941667,-0.013446,0.399106,0.025566,0.916450,-216.441818,92.254822,84.057571
594,4.950000,-0.013422,0.399060,0.025413,0.916474,-216.441559,92.257202,84.057304
595,4.958333,-0.013381,0.399052,0.025298,0.916482,-216.439819,92.257080,84.058189
596,4.966667,-0.013463,0.399017,0.025365,0.916494,-216.439102,92.256058,84.058075
597,4.975000,-0.013572,0.399060,0.025407,0.916472,-216.438293,92.256096,84.057259
598,4.983333,-0.013447,0.399044,0.025435,0.916480,-216.437653,92.255661,84.057144
599,4.991667,-0.013474,0.399069,0.025464,0.916468,-216.438034,92.256927,84.057823
600,5.000000,-0.013389,0.399035,0.025443,0.916485,-216.438766,92.257057,84.058418
601,5.008333,-0.013402,0.399080,0.025474,0.916464,-216.439514,92.256721,84.057487
602,5.016667,-0.013385,0.399075,0.025412,0.916468,-216.440491,92.257286,84.057983
603,5.025000,-0.013392,0.399123,0.025340,0.916449,-216.442062,92.257195,84.057884
604,5.033333,-0.013356,0.399138,0.025471,0.916440,-216.443542,92.255417,84.057457
605,5.041667,-0.013334,0.399130,0.025519,0.916442,-216.444366,92.255470,84.058418
606,5.050000,-0.013277,0.399106,0.025538,0.916453,-216.444305,92.254547,84.059608
607,5.058333,-0.013274,0.399102,0.025607,0.916453,-216.444138,92.254135,84.059761
608,5.066667,-0.013318,0.399110,0.025604,0.916449,-216.443817,92.253281,84.059280
609,5.075000,-0.013316,0.399158,0.025629,0.916427,-216.443176,92.252419,84.059532
610,5.083333,-0.013466,0.399143,0.025529,0.916434,-216.442368,92.252930,84.059433
611,5.091667,-0.013448,0.399092,0.025565,0.916456,-216.442413,92.253517,84.058502
612,5.100000,-0.013413,0.399060,0.025612,0.916469,-216.441208,92.253616,84.058205
613,5.108333,-0.013496,0.399102,0.025564,0.916451,-216.440063,92.254944,84.057922
614,5.116667,-0.013460,0.399117,0.025490,0.916447,-216.439728,92.254745,84.058609
615,5.125000,-0.013400,0.399086,0.025589,0.916459,-216.439194,92.255272,84.058266
616,5.133333,-0.013306,0.399107,0.025523,0.916452,-216.439240,92.255486,84.058609
617,5.141667,-0.013253,0.399148,0.025578,0.916434,-216.438812,92.254761,84.057907
618,5.150000,-0.013358,0.399127,0.025606,0.916440,-216.439301,92.254684,84.058418
619,5.158333,-0.013456,0.399099,0.025596,0.916452,-216.440231,92.254463,84.058258
620,5.166667,-0.013486,0.399114,0.025451,0.916449,-216.440247,92.254410,84.058266
621,5.175000,-0.013374,0.399119,0.025517,0.916446,-216.441681,92.253403,84.058319
622,5.183333,-0.013370,0.399135,0.025558,0.916438,-216.442963,92.253891,84.059486
623,5.191667,-0.013388,0.399120,0.025592,0.916444,-216.443588,92.255226,84.059662
624,5.200000,-0.013413,0.399118,0.025523,0.916446,-216.444183,92.255722,84.060516
625,5.208333,-0.013317,0.399052,0.025445,0.916478,-216.444656,92.255699,84.061310
626,5.216667,-0.013434,0.399149,0.025372,0.916437,-216.444153,92.257675,84.060997
627,5.225000,-0.013437,0.399109,0.025354,0.916454,-216.443665,92.256813,84.061646
628,5.233333,-0.013409,0.399122,0.025475,0.916446,-216.442459,92.255554,84.061569
629,5.241667,-0.013362,0.399115,0.025637,0.916445,-216.441849,92.254791,84.060600
630,5.250000,-0.013378,0.399105,0.025640,0.916449,-216.441040,92.254456,84.058228
631,5.258333,-0.013435,0.399197,0.025551,0.916411,-216.438248,92.254478,84.056473
632,5.266667,-0.013374,0.399238,0.025324,0.916400,-216.434387,92.255669,84.057457
633,5.275000,-0.013294,0.399172,0.025321,0.916430,-216.431808,92.256874,84.061127
634,5.283333,-0.013286,0.399242,0.025155,0.916404,-216.430161,92.258545,84.067329
635,5.291667,-0.013126,0.399176,0.024918,0.916442,-216.426971,92.259888,84.076157
636,5.300000,-0.012743,0.399131,0.024675,0.916473,-216.424484,92.260132,84.086685
637,5.308333,-0.012383,0.399145,0.024522,0.916476,-216.422775,92.260078,84.098801
638,5.316667,-0.011974,0.399205,0.024592,0.916454,-216.420700,92.258286,84.112579
639,5.325000,-0.011637,0.399132,0.024557,0.916491,-216.418930,92.259483,84.128433
640,5.333333,-0.011107,0.400131,0.027210,0.915986,-216.407196,92.240746,84.160744
641,5.341667,-0.010817,0.399685,0.026025,0.916219,-216.409164,92.252007,84.175079
642,5.350000,-0.010005,0.399259,0.024872,0.916446,-216.405609,92.262939,84.191147
643,5.358333,-0.009083,0.399122,0.024137,0.916535,-216.396835,92.269203,84.211945
644,5.366667,-0.007265,0.399216,0.023555,0.916525,-216.382645,92.260323,84.249786
645,5.375000,-0.005126,0.399344,0.022822,0.916503,-216.368515,92.254974,84.290649
646,5.383333,-0.003646,0.399204,0.021764,0.916597,-216.350250,92.260468,84.322289
647,5.391667,-0.001668,0.400572,0.024884,0.915926,-216.316650,92.239044,84.372124
648,5.400000,-0.000410,0.400931,0.025621,0.915750,-216.296204,92.234886,84.401031
649,5.408333,-0.000081,0.400372,0.024254,0.916031,-216.288040,92.247261,84.414299
650,5.416667,0.000038,0.400404,0.024448,0.916013,-216.289337,92.245705,84.436325
651,5.425000,0.000160,0.400591,0.024166,0.915938,-216.278870,92.244926,84.447441
652,5.433333,0.000274,0.400817,0.023872,0.915847,-216.259811,92.247139,84.450867
653,5.441667,0.000344,0.400721,0.023071,0.915910,-216.251450,92.256348,84.452736
654,5.450000,0.000438,0.400735,0.022355,0.915921,-216.248795,92.264191,84.454773
655,5.458333,0.000668,0.400804,0.022290,0.915892,-216.251251,92.267532,84.459290
656,5.466667,0.000916,0.400985,0.022481,0.915808,-216.254929,92.267319,84.466812
657,5.475000,0.001123,0.400932,0.022774,0.915824,-216.258194,92.267845,84.478798
658,5.483333,0.001182,0.400912,0.023259,0.915820,-216.258194,92.268600,84.491371
659,5.491667,0.001417,0.400934,0.023680,0.915800,-216.257019,92.267937,84.506737
660,5.500000,0.001723,0.400813,0.023805,0.915849,-216.255432,92.268188,84.522995
661,5.508333,0.002086,0.400741,0.024091,0.915872,-216.254517,92.269051,84.537552
662,5.516667,0.002140,0.400720,0.024254,0.915877,-216.255707,92.269981,84.546432
663,5.525000,0.002181,0.400706,0.024355,0.915881,-216.258377,92.270592,84.551323
664,5.533333,0.002155,0.400732,0.024507,0.915865,-216.261154,92.267883,84.550644
665,5.541667,0.001934,0.400753,0.024462,0.915857,-216.264816,92.267921,84.545837
666,5.550000,0.001811,0.400833,0.024610,0.915819,-216.268829,92.267845,84.537598
667,5.558333,0.001583,0.400836,0.024734,0.915814,-216.274597,92.268112,84.524101
668,5.566667,0.001368,0.400943,0.024710,0.915769,-216.280960,92.263832,84.501358
669,5.575000,0.000851,0.400800,0.024423,0.915840,-216.288712,92.260292,84.471764
670,5.583333,0.000142,0.400769,0.024237,0.915859,-216.297272,92.257034,84.436073
671,5.591667,-0.000129,0.400696,0.023491,0.915910,-216.307098,92.254654,84.408966
672,5.600000,-0.000134,0.400804,0.023073,0.915873,-216.315933,92.255470,84.395279
673,5.608333,0.000184,0.400483,0.023227,0.916010,-216.325027,92.260674,84.410316
674,5.616667,0.000667,0.400156,0.024060,0.916131,-216.334824,92.274300,84.449837
675,5.625000,0.001680,0.400007,0.025094,0.916167,-216.341919,92.295387,84.490372
676,5.633333,0.002499,0.400144,0.026733,0.916059,-216.341980,92.326920,84.517960
677,5.641667,0.004125,0.400190,0.027652,0.916006,-216.331238,92.371712,84.529724
678,5.650000,0.004249,0.400121,0.027456,0.916041,-216.318130,92.425110,84.536720
679,5.658333,0.002895,0.400022,0.028006,0.916073,-216.318436,92.490784,84.542358
680,5.666667,0.002768,0.400377,0.030054,0.915853,-216.315811,92.531242,84.559708
681,5.675000,0.003458,0.400533,0.030382,0.915772,-216.319351,92.577408,84.576691
682,5.683333,0.004213,0.400631,0.030376,0.915726,-216.321442,92.618668,84.591461
683,5.691667,0.004656,0.400507,0.030427,0.915777,-216.325882,92.664162,84.603165
684,5.700000,0.003940,0.400385,0.027026,0.915940,-216.319580,92.741814,84.611572
685,5.708333,0.002723,0.400008,0.024613,0.916177,-216.312881,92.808983,84.610107
686,5.716667,0.001193,0.399821,0.022752,0.916310,-216.303299,92.875443,84.608948
687,5.725000,0.000298,0.399822,0.022236,0.916323,-216.296127,92.928627,84.612221
688,5.733333,-0.000059,0.399948,0.022786,0.916255,-216.289658,92.973724,84.618401
689,5.741667,-0.000736,0.399864,0.023238,0.916280,-216.288132,93.022743,84.622154
690,5.750000,-0.001452,0.400107,0.024346,0.916144,-216.291519,93.084183,84.626144
691,5.758333,-0.001204,0.400445,0.024716,0.915987,-216.293640,93.149963,84.632614
692,5.766667,-0.000767,0.400589,0.024562,0.915928,-216.295044,93.218246,84.638588
693,5.775000,-0.000835,0.400495,0.023584,0.915995,-216.294617,93.292633,84.639076
694,5.783333,-0.000935,0.400350,0.023195,0.916068,-216.295975,93.357193,84.637962
695,5.791667,-0.001394,0.400335,0.023425,0.916068,-216.296524,93.410454,84.640053
696,5.800000,-0.002026,0.400402,0.024285,0.916016,-216.295837,93.454651,84.644463
697,5.808333,-0.002542,0.400385,0.024858,0.916006,-216.293152,93.494301,84.648994
698,5.816667,-0.002799,0.400232,0.025599,0.916052,-216.303421,93.532143,84.664192
699,5.825000,-0.002828,0.400154,0.024971,0.916103,-216.292389,93.583206,84.666428
700,5.833333,-0.003412,0.400437,0.024786,0.915983,-216.285995,93.645134,84.665588
701,5.841667,-0.003593,0.400707,0.024194,0.915880,-216.279053,93.704018,84.664673
702,5.850000,-0.003126,0.400955,0.023455,0.915792,-216.272324,93.758308,84.671074
703,5.858333,-0.002583,0.401061,0.022615,0.915768,-216.268448,93.817230,84.679558
704,5.866667,-0.002067,0.401097,0.022457,0.915758,-216.264694,93.866539,84.685043
705,5.875000,-0.002516,0.401029,0.022351,0.915789,-216.263275,93.912254,84.689400
706,5.883333,-0.003211,0.401063,0.023681,0.915739,-216.279938,93.948257,84.700211
707,5.891667,-0.004378,0.401065,0.023039,0.915749,-216.268661,94.005417,84.694588
708,5.900000,-0.004837,0.401906,0.023947,0.915355,-216.249771,94.049164,84.699661
709,5.908333,-0.005017,0.401926,0.023442,0.915358,-216.241119,94.107346,84.696167
710,5.916667,-0.005782,0.401180,0.023040,0.915691,-216.247421,94.178696,84.674484
711,5.925000,-0.006445,0.400904,0.022671,0.915817,-216.250916,94.239769,84.661514
712,5.933333,-0.007137,0.401760,0.024656,0.915385,-216.244049,94.278374,84.674438
713,5.941667,-0.006981,0.401120,0.022157,0.915731,-216.248657,94.351181,84.657753
714,5.950000,-0.007460,0.401130,0.022506,0.915714,-216.278488,94.395874,84.665009
715,5.958333,-0.008476,0.401243,0.022005,0.915668,-216.279907,94.451889,84.660110
716,5.966667,-0.009565,0.401351,0.020828,0.915638,-216.261551,94.513145,84.644363
717,5.975000,-0.010511,0.401035,0.019895,0.915787,-216.252716,94.572899,84.635994
718,5.983333,-0.010952,0.401017,0.019437,0.915799,-216.246841,94.623428,84.631775
719,5.991667,-0.011084,0.401028,0.019326,0.915795,-216.241669,94.666603,84.631310
720,6.000000,-0.011401,0.401115,0.020641,0.915724,-216.238312,94.715729,84.632843
721,6.008333,-0.011130,0.401166,0.021255,0.915691,-216.235703,94.757492,84.634071
722,6.016667,-0.011081,0.401094,0.021311,0.915722,-216.234085,94.794884,84.632767
723,6.025000,-0.011455,0.401178,0.021179,0.915684,-216.232132,94.828316,84.628983
724,6.033333,-0.011928,0.401554,0.021793,0.915498,-216.248901,94.855049,84.635803
725,6.041667,-0.012709,0.401701,0.020584,0.915451,-216.237518,94.895172,84.623756
726,6.050000,-0.013885,0.401660,0.019286,0.915480,-216.231796,94.939507,84.612236
727,6.058333,-0.013586,0.402314,0.020667,0.915167,-216.220993,94.970886,84.607872
728,6.066667,-0.013937,0.402330,0.019919,0.915172,-216.217545,95.009216,84.603104
729,6.075000,-0.014725,0.402350,0.019415,0.915161,-216.217041,95.043381,84.597794
730,6.083333,-0.015580,0.401744,0.017721,0.915448,-216.225647,95.090065,84.582047
731,6.091667,-0.016532,0.401188,0.016448,0.915699,-216.226669,95.134605,84.567673
732,6.100000,-0.017017,0.401006,0.015775,0.915781,-216.219955,95.173233,84.559914
733,6.108333,-0.017462,0.400792,0.015178,0.915877,-216.217133,95.209831,84.552917
734,6.116667,-0.018588,0.400594,0.016220,0.915923,-216.217667,95.245880,84.548225
735,6.125000,-0.018686,0.400650,0.016950,0.915884,-216.214615,95.270607,84.553093
736,6.133333,-0.018310,0.400752,0.017295,0.915840,-216.211945,95.288017,84.560539
737,6.141667,-0.017997,0.400935,0.017770,0.915757,-216.210220,95.303680,84.567017
738,6.150000,-0.017666,0.401102,0.018015,0.915686,-216.208405,95.319061,84.575447
739,6.158333,-0.017407,0.401148,0.018382,0.915663,-216.205460,95.334900,84.584747
740,6.166667,-0.016749,0.401273,0.018771,0.915613,-216.204315,95.354561,84.592781
741,6.175000,-0.016774,0.401425,0.019027,0.915540,-216.203094,95.376884,84.596321
742,6.183333,-0.016943,0.401582,0.019053,0.915468,-216.201065,95.400688,84.597023
743,6.191667,-0.017056,0.401851,0.018968,0.915350,-216.198761,95.427597,84.596191
744,6.200000,-0.017349,0.401997,0.019052,0.915278,-216.193893,95.454918,84.593254
745,6.208333,-0.017484,0.402206,0.018870,0.915188,-216.190811,95.482811,84.590706
746,6.216667,-0.017365,0.402936,0.020535,0.914833,-216.178925,95.491112,84.596039
747,6.225000,-0.017544,0.402711,0.018899,0.914964,-216.178726,95.523132,84.587357
748,6.233333,-0.017920,0.402224,0.017767,0.915194,-216.176697,95.549530,84.576828
749,6.241667,-0.018834,0.401910,0.016144,0.915343,-216.173248,95.580170,84.567924
750,6.250000,-0.019710,0.401665,0.014923,0.915453,-216.172455,95.608337,84.556419
751,6.258333,-0.020251,0.401465,0.014185,0.915541,-216.171616,95.629677,84.552589
752,6.266667,-0.019226,0.401508,0.014569,0.915538,-216.170319,95.653831,84.551788
753,6.275000,-0.018795,0.401572,0.014863,0.915514,-216.169159,95.672249,84.552551
754,6.283333,-0.019099,0.401875,0.015110,0.915371,-216.167191,95.689484,84.555344
755,6.291667,-0.019554,0.402086,0.015295,0.915266,-216.164429,95.711426,84.554306
756,6.300000,-0.019657,0.402190,0.015599,0.915213,-216.161484,95.731888,84.553513
757,6.308333,-0.019882,0.402360,0.015836,0.915128,-216.157364,95.749184,84.553024
758,6.316667,-0.019967,0.402424,0.016081,0.915094,-216.153412,95.766663,84.554657
759,6.325000,-0.020730,0.402466,0.017206,0.915039,-216.150970,95.789787,84.556602
760,6.333333,-0.021136,0.402521,0.017757,0.914994,-216.149521,95.810089,84.555923
761,6.341667,-0.021324,0.402609,0.017612,0.914954,-216.149094,95.825264,84.554253
762,6.350000,-0.021465,0.402664,0.017743,0.914924,-216.147354,95.841110,84.553261
763,6.358333,-0.021625,0.402603,0.017813,0.914946,-216.143631,95.857460,84.554626
764,6.366667,-0.021837,0.402643,0.018023,0.914919,-216.138962,95.871284,84.551521
765,6.375000,-0.021961,0.402797,0.018045,0.914848,-216.132523,95.883347,84.549118
766,6.383333,-0.021787,0.403052,0.017975,0.914741,-216.121597,95.900246,84.550262
767,6.391667,-0.021704,0.403317,0.018041,0.914625,-216.107895,95.922729,84.550606
768,6.400000,-0.021764,0.403663,0.018011,0.914472,-216.092422,95.958458,84.546730
769,6.408333,-0.021951,0.404288,0.017421,0.914202,-216.068024,96.011772,84.533447
770,6.416667,-0.022047,0.404667,0.016510,0.914049,-216.040665,96.077370,84.519897
771,6.425000,-0.022442,0.404937,0.015867,0.913931,-216.013412,96.151535,84.506752
772,6.433333,-0.023492,0.405406,0.015124,0.913710,-215.992783,96.223656,84.491768
773,6.441667,-0.023633,0.406070,0.016606,0.913386,-215.965820,96.271370,84.482498
774,6.450000,-0.025217,0.406498,0.016770,0.913150,-215.951065,96.331642,84.472389
775,6.458333,-0.026444,0.406585,0.016497,0.913081,-215.944763,96.376648,84.467163
776,6.466667,-0.027554,0.405862,0.014110,0.913410,-215.952637,96.426758,84.452171
777,6.475000,-0.028409,0.405067,0.012246,0.913764,-215.961868,96.475708,84.434792
778,6.483333,-0.029330,0.404683,0.011246,0.913917,-215.966919,96.517891,84.419945
779,6.491667,-0.030039,0.404497,0.011038,0.913979,-215.968079,96.551041,84.409622
780,6.500000,-0.030172,0.404658,0.011160,0.913902,-215.967392,96.572838,84.406792
781,6.508333,-0.030456,0.404752,0.011334,0.913849,-215.963394,96.591507,84.404472
782,6.516667,-0.030684,0.404836,0.011526,0.913802,-215.962555,96.604057,84.402481
783,6.525000,-0.030807,0.404960,0.011384,0.913745,-215.967438,96.616623,84.401634
784,6.533333,-0.030870,0.404880,0.011399,0.913778,-215.972870,96.626663,84.399178
785,6.541667,-0.030863,0.404786,0.011439,0.913819,-215.978455,96.636070,84.396515
786,6.550000,-0.031166,0.404813,0.011642,0.913794,-215.982697,96.644562,84.393837
787,6.558333,-0.031285,0.404788,0.011623,0.913801,-215.984177,96.649780,84.393021
788,6.566667,-0.031237,0.404723,0.011592,0.913832,-215.982529,96.653656,84.392014
789,6.575000,-0.031302,0.404751,0.011513,0.913818,-215.980118,96.652512,84.392914
790,6.583333,-0.031189,0.404768,0.011614,0.913814,-215.977905,96.649590,84.396133
791,6.591667,-0.031181,0.404730,0.011703,0.913830,-215.975998,96.645439,84.400101
792,6.600000,-0.031160,0.404671,0.011843,0.913855,-215.973373,96.642891,84.403488
793,6.608333,-0.031144,0.404658,0.011850,0.913861,-215.970566,96.643806,84.405365
794,6.616667,-0.031107,0.404739,0.011892,0.913826,-215.967560,96.645096,84.405777
795,6.625000,-0.031012,0.404827,0.011941,0.913789,-215.965088,96.646858,84.407486
796,6.633333,-0.030935,0.404838,0.012051,0.913786,-215.963455,96.645966,84.408035
797,6.641667,-0.031012,0.404826,0.012045,0.913788,-215.964966,96.643745,84.408546
798,6.650000,-0.030932,0.404802,0.012078,0.913801,-215.968109,96.641960,84.407249
799,6.658333,-0.030917,0.404729,0.012215,0.913832,-215.969559,96.640755,84.405914
800,6.666667,-0.031025,0.404776,0.012191,0.913808,-215.973358,96.641571,84.404213
801,6.675000,-0.031079,0.404780,0.012367,0.913802,-215.975861,96.642319,84.401306
802,6.683333,-0.030917,0.404859,0.012340,0.913773,-215.980026,96.643272,84.400818
803,6.691667,-0.030868,0.404881,0.012446,0.913764,-215.983154,96.641060,84.399536
804,6.700000,-0.030827,0.404850,0.012596,0.913777,-215.985962,96.639343,84.398575
805,6.708333,-0.030964,0.404854,0.012565,0.913770,-215.988205,96.638535,84.398445
806,6.716667,-0.030973,0.404884,0.012611,0.913756,-215.987350,96.636269,84.398659
807,6.725000,-0.030894,0.404890,0.012690,0.913755,-215.985794,96.637474,84.400352
808,6.733333,-0.030994,0.404944,0.012805,0.913726,-215.983963,96.639343,84.401611
809,6.741667,-0.030975,0.404897,0.012898,0.913747,-215.981583,96.639481,84.403625
810,6.750000,-0.030880,0.404905,0.012821,0.913747,-215.978531,96.638802,84.406830
811,6.758333,-0.030924,0.404890,0.012860,0.913752,-215.975189,96.637810,84.408897
812,6.766667,-0.030835,0.404851,0.012764,0.913774,-215.972473,96.636650,84.411530
813,6.775000,-0.030767,0.404861,0.012809,0.913771,-215.969345,96.635574,84.412529
814,6.783333,-0.030725,0.404917,0.012759,0.913748,-215.968658,96.635063,84.413170
815,6.791667,-0.030750,0.404943,0.012732,0.913736,-215.969055,96.635521,84.412201
816,6.800000,-0.030833,0.404939,0.012770,0.913734,-215.970581,96.636070,84.410835
817,6.808333,-0.030810,0.404884,0.012770,0.913760,-215.972595,96.635742,84.409683
818,6.816667,-0.030852,0.404869,0.012703,0.913766,-215.975693,96.636024,84.408051
819,6.825000,-0.030849,0.404835,0.012647,0.913782,-215.979172,96.636421,84.405067
820,6.833333,-0.030932,0.404883,0.012578,0.913759,-215.982773,96.636215,84.402313
821,6.841667,-0.030916,0.404927,0.012538,0.913740,-215.985397,96.637505,84.400162
822,6.850000,-0.030924,0.404928,0.012642,0.913738,-215.986542,96.639793,84.397820
823,6.858333,-0.031024,0.404882,0.012603,0.913756,-215.986984,96.640182,84.396973
824,6.866667,-0.031015,0.404869,0.012596,0.913762,-215.986465,96.640945,84.397606
825,6.875000,-0.030902,0.404866,0.012524,0.913768,-215.983124,96.640068,84.398720
826,6.883333,-0.030959,0.404864,0.012389,0.913769,-215.980652,96.639862,84.400024
827,6.891667,-0.030946,0.404901,0.012251,0.913755,-215.977829,96.639771,84.401901
828,6.900000,-0.030932,0.404881,0.012281,0.913764,-215.975098,96.641068,84.403137
829,6.908333,-0.031011,0.404845,0.012296,0.913776,-215.972977,96.642883,84.404549
830,6.916667,-0.031118,0.404857,0.012322,0.913767,-215.970795,96.642464,84.406517
831,6.925000,-0.031082,0.404827,0.012250,0.913783,-215.968918,96.641830,84.407837
832,6.933333,-0.031051,0.404829,0.012211,0.913783,-215.968140,96.639786,84.408226
833,6.941667,-0.031069,0.404853,0.012142,0.913773,-215.968201,96.639122,84.407677
834,6.950000,-0.031156,0.404865,0.012078,0.913766,-215.970108,96.639626,84.407021
835,6.958333,-0.031061,0.404843,0.012238,0.913777,-215.971802,96.640610,84.406052
836,6.966667,-0.031011,0.404866,0.012323,0.913767,-215.974564,96.640923,84.404114
837,6.975000,-0.030927,0.404852,0.012404,0.913775,-215.977020,96.639786,84.402992
838,6.983333,-0.030810,0.404896,0.012462,0.913759,-215.979340,96.638832,84.401375
839,6.991667,-0.030925,0.404887,0.012525,0.913758,-215.982986,96.638977,84.400085
840,7.000000,-0.030958,0.404923,0.012661,0.913739,-215.984650,96.639244,84.397835
841,7.008333,-0.031016,0.404933,0.012723,0.913732,-215.985657,96.639793,84.397476
842,7.016667,-0.031030,0.404939,0.012733,0.913728,-215.985153,96.639702,84.397957
843,7.025000,-0.031091,0.404954,0.012672,0.913720,-215.984177,96.639809,84.399117
844,7.033333,-0.031012,0.404894,0.012657,0.913750,-215.982086,96.638672,84.401031
845,7.041667,-0.030884,0.404862,0.012663,0.913768,-215.979431,96.638222,84.403488
846,7.050000,-0.030933,0.404847,0.012668,0.913773,-215.976257,96.637238,84.405586
847,7.058333,-0.030926,0.404854,0.012615,0.913771,-215.973694,96.637276,84.407524
848,7.066667,-0.030841,0.404855,0.012586,0.913774,-215.971420,96.636841,84.409752
849,7.075000,-0.030885,0.404883,0.012671,0.913759,-215.969940,96.636429,84.410843
850,7.083333,-0.030898,0.404877,0.012635,0.913761,-215.968918,96.635040,84.410896
851,7.091667,-0.030777,0.404895,0.012602,0.913758,-215.969940,96.635559,84.411530
852,7.100000,-0.030836,0.404913,0.012699,0.913747,-215.971298,96.635490,84.410034
853,7.108333,-0.030865,0.404881,0.012659,0.913761,-215.973526,96.636841,84.409172
854,7.116667,-0.030874,0.404911,0.012740,0.913746,-215.975571,96.637413,84.405899
855,7.125000,-0.030879,0.404935,0.012749,0.913735,-215.978668,96.638695,84.403694
856,7.133333,-0.030995,0.404912,0.012638,0.913743,-215.980835,96.640305,84.401627
857,7.141667,-0.030954,0.404904,0.012599,0.913748,-215.982574,96.639717,84.399742
858,7.150000,-0.030966,0.404913,0.012595,0.913744,-215.984100,96.638817,84.398811
859,7.158333,-0.031017,0.404914,0.012571,0.913742,-215.984528,96.639565,84.398178
860,7.166667,-0.030887,0.404877,0.012501,0.913764,-215.983719,96.639542,84.398956
861,7.175000,-0.030905,0.404901,0.012364,0.913755,-215.982651,96.639046,84.398872
862,7.183333,-0.031005,0.404866,0.012356,0.913767,-215.980774,96.639633,84.399811
863,7.191667,-0.031034,0.404847,0.012372,0.913774,-215.976974,96.639946,84.401939
864,7.200000,-0.030979,0.404854,0.012373,0.913773,-215.973846,96.639427,84.403687
865,7.208333,-0.031008,0.404814,0.012314,0.913790,-215.970917,96.639458,84.406212
866,7.216667,-0.031111,0.404857,0.012377,0.913767,-215.968964,96.638664,84.407585
867,7.225000,-0.031057,0.404855,0.012349,0.913770,-215.967484,96.638992,84.408241
868,7.233333,-0.031120,0.404877,0.012292,0.913759,-215.966873,96.640808,84.408363
869,7.241667,-0.030955,0.404882,0.012262,0.913763,-215.968506,96.639664,84.408989
870,7.250000,-0.030920,0.404842,0.012302,0.913781,-215.970367,96.639641,84.408035
871,7.258333,-0.030900,0.404812,0.012401,0.913794,-215.971756,96.640282,84.407387
872,7.266667,-0.030944,0.404880,0.012485,0.913761,-215.973663,96.639992,84.406708
873,7.275000,-0.030998,0.404895,0.012597,0.913751,-215.977066,96.641693,84.406021
874,7.283333,-0.030936,0.404882,0.012600,0.913759,-215.979477,96.643272,84.405708
875,7.291667,-0.030893,0.404891,0.012679,0.913755,-215.982819,96.647438,84.406258
876,7.300000,-0.031033,0.404893,0.012751,0.913748,-215.984940,96.652756,84.405708
877,7.308333,-0.031304,0.404864,0.012654,0.913753,-215.984695,96.661179,84.409126
878,7.316667,-0.031593,0.404810,0.012460,0.913770,-215.983246,96.668983,84.411469
879,7.325000,-0.031964,0.404808,0.012115,0.913762,-215.982239,96.678612,84.414536
880,7.333333,-0.032229,0.404740,0.011722,0.913788,-215.978424,96.688255,84.420486
881,7.341667,-0.032506,0.404695,0.011325,0.913804,-215.973160,96.698143,84.425781
882,7.350000,-0.032691,0.404642,0.010775,0.913827,-215.967316,96.708061,84.434601
883,7.358333,-0.033036,0.404368,0.010416,0.913940,-215.961700,96.719452,84.445763
884,7.366667,-0.032910,0.405208,0.012449,0.913547,-215.947510,96.713142,84.469131
885,7.375000,-0.033031,0.405253,0.012427,0.913523,-215.942139,96.721756,84.482407
886,7.383333,-0.033382,0.404752,0.010504,0.913757,-215.946671,96.743874,84.490723
887,7.391667,-0.034032,0.404374,0.008516,0.913921,-215.947250,96.767921,84.497231
888,7.400000,-0.034400,0.404372,0.007766,0.913915,-215.942474,96.779602,84.507462
889,7.408333,-0.034510,0.404451,0.007529,0.913877,-215.938644,96.784187,84.522751
890,7.416667,-0.033258,0.405107,0.008599,0.913624,-215.929230,96.770943,84.555168
891,7.425000,-0.032644,0.405326,0.009175,0.913543,-215.925598,96.765480,84.581131
892,7.433333,-0.031991,0.406667,0.012251,0.912934,-215.910583,96.736984,84.622101
893,7.441667,-0.032087,0.407052,0.012720,0.912753,-215.901062,96.720085,84.651863
894,7.450000,-0.032099,0.407051,0.013164,0.912747,-215.889618,96.697052,84.687195
895,7.458333,-0.032146,0.406485,0.011925,0.913014,-215.880173,96.685242,84.722878
896,7.466667,-0.032054,0.406441,0.011950,0.913037,-215.854263,96.664505,84.758148
897,7.475000,-0.032286,0.406666,0.011749,0.912931,-215.823074,96.644447,84.790131
898,7.483333,-0.032906,0.407188,0.010673,0.912689,-215.790680,96.622154,84.828751
899,7.491667,-0.031045,0.407776,0.010791,0.912490,-215.738434,96.565147,84.889099
900,7.500000,-0.029329,0.409419,0.014108,0.911766,-215.681549,96.486023,84.971718
901,7.508333,-0.028707,0.409222,0.013080,0.911889,-215.643265,96.435974,85.022301
902,7.516667,-0.028566,0.409320,0.012338,0.911860,-215.602142,96.384773,85.069984
903,7.525000,-0.028219,0.410399,0.015200,0.911343,-215.539047,96.316254,85.139122
904,7.533333,-0.026710,0.411487,0.017577,0.910855,-215.479370,96.244659,85.219627
905,7.541667,-0.024790,0.411364,0.016573,0.910983,-215.446167,96.184044,85.283752
906,7.550000,-0.023548,0.411231,0.015474,0.911095,-215.398102,96.108536,85.352249
907,7.558333,-0.022944,0.411288,0.014625,0.911099,-215.356781,96.041367,85.413353
908,7.566667,-0.022224,0.413300,0.017424,0.910157,-215.311172,95.958862,85.493896
909,7.575000,-0.021642,0.413216,0.017152,0.910214,-215.277786,95.908241,85.558907
910,7.583333,-0.020212,0.413090,0.016574,0.910315,-215.241364,95.850639,85.625702
911,7.591667,-0.019088,0.413624,0.015367,0.910118,-215.205078,95.798317,85.689590
912,7.600000,-0.019299,0.413913,0.014731,0.909993,-215.171005,95.759811,85.751610
913,7.608333,-0.019503,0.415321,0.017430,0.909299,-215.120605,95.705208,85.833153
914,7.616667,-0.019261,0.415541,0.017659,0.909199,-215.087219,95.683350,85.893890
915,7.625000,-0.018326,0.415965,0.017672,0.909024,-215.052109,95.667267,85.952118
916,7.633333,-0.018245,0.416321,0.017703,0.908862,-215.006973,95.650993,86.016739
917,7.641667,-0.018893,0.416437,0.017301,0.908804,-214.959763,95.641533,86.077423
918,7.650000,-0.020006,0.416709,0.017633,0.908649,-214.916092,95.646019,86.140724
919,7.658333,-0.019296,0.418064,0.019718,0.907999,-214.860321,95.623688,86.229416
920,7.666667,-0.019265,0.418043,0.018306,0.908039,-214.809464,95.631104,86.298019
921,7.675000,-0.019855,0.418434,0.017461,0.907862,-214.757629,95.643654,86.363548
922,7.683333,-0.020731,0.419128,0.017043,0.907530,-214.712616,95.657990,86.420303
923,7.691667,-0.021335,0.419545,0.016596,0.907332,-214.660400,95.689575,86.480446
924,7.700000,-0.023601,0.419732,0.015380,0.907211,-214.602310,95.724739,86.539467
925,7.708333,-0.026240,0.419937,0.013994,0.907066,-214.550659,95.753059,86.586853
926,7.716667,-0.027418,0.421260,0.013812,0.906420,-214.496109,95.774910,86.647057
927,7.725000,-0.028074,0.421896,0.014234,0.906098,-214.438965,95.808586,86.707390
928,7.733333,-0.028925,0.422554,0.014453,0.905761,-214.386337,95.859650,86.771706
929,7.741667,-0.029452,0.422779,0.014217,0.905642,-214.340393,95.913239,86.830902
930,7.750000,-0.030077,0.423271,0.013466,0.905404,-214.294617,95.973701,86.887642
931,7.758333,-0.032679,0.423960,0.013303,0.904993,-214.247086,96.051437,86.935509
932,7.766667,-0.034945,0.424625,0.012248,0.904612,-214.184235,96.113724,86.981651
933,7.775000,-0.036281,0.426041,0.013740,0.903872,-214.118866,96.140915,87.046402
934,7.783333,-0.037993,0.426870,0.013761,0.903410,-214.069702,96.175446,87.112556
935,7.791667,-0.038753,0.427366,0.012796,0.903157,-214.029785,96.212997,87.175880
936,7.800000,-0.039375,0.427953,0.011927,0.902864,-213.980698,96.254883,87.236443
937,7.808333,-0.040459,0.428536,0.011649,0.902543,-213.924988,96.291077,87.291351
938,7.816667,-0.042177,0.428838,0.011306,0.902325,-213.870270,96.329147,87.342583
939,7.825000,-0.043905,0.429225,0.010124,0.902073,-213.809967,96.373405,87.393478
940,7.833333,-0.044873,0.429544,0.008529,0.901890,-213.754364,96.417068,87.434891
941,7.841667,-0.044919,0.431066,0.010396,0.901142,-213.691498,96.426727,87.491676
942,7.850000,-0.045219,0.431614,0.011043,0.900857,-213.633804,96.447266,87.540123
943,7.858333,-0.045680,0.432091,0.011497,0.900599,-213.576126,96.461281,87.590858
944,7.866667,-0.046383,0.432180,0.010675,0.900530,-213.520050,96.475586,87.637138
945,7.875000,-0.046820,0.432420,0.009880,0.900402,-213.461548,96.486252,87.677643
946,7.883333,-0.045997,0.433972,0.010862,0.899686,-213.395645,96.474167,87.733650
947,7.891667,-0.045622,0.434990,0.010518,0.899217,-213.336426,96.472542,87.779327
948,7.900000,-0.045851,0.434986,0.010146,0.899212,-213.277222,96.471825,87.825333
949,7.908333,-0.046117,0.435368,0.010768,0.899006,-213.216812,96.462608,87.869675
950,7.916667,-0.046335,0.435681,0.009846,0.898854,-213.169388,96.460793,87.907600
951,7.925000,-0.047490,0.436272,0.008834,0.898517,-213.124542,96.450302,87.945221
952,7.933333,-0.048624,0.436845,0.007632,0.898189,-213.065964,96.443108,87.986877
953,7.941667,-0.049267,0.437087,0.006459,0.898045,-213.004562,96.437973,88.027306
954,7.950000,-0.048913,0.438736,0.008695,0.897242,-212.942978,96.410469,88.079201
955,7.958333,-0.048731,0.439561,0.009780,0.896837,-212.891769,96.389862,88.115715
956,7.966667,-0.048267,0.439693,0.009966,0.896795,-212.836914,96.367989,88.157448
957,7.975000,-0.048403,0.439548,0.009725,0.896861,-212.776642,96.337967,88.199707
958,7.983333,-0.048004,0.439395,0.008474,0.896970,-212.718292,96.305443,88.240173
959,7.991667,-0.046651,0.440741,0.010245,0.896363,-212.654633,96.256218,88.285065
960,8.000000,-0.045053,0.441479,0.010909,0.896073,-212.591370,96.216354,88.325737
961,8.008333,-0.045037,0.442168,0.010546,0.895739,-212.533386,96.185440,88.365417
962,8.016667,-0.044996,0.443242,0.011280,0.895201,-212.470886,96.144310,88.411339
963,8.025000,-0.045066,0.444300,0.012378,0.894658,-212.410767,96.111664,88.458977
964,8.033333,-0.045266,0.444557,0.012509,0.894518,-212.349564,96.090416,88.496330
965,8.041667,-0.045370,0.444975,0.013188,0.894296,-212.282227,96.072548,88.531830
966,8.050000,-0.045190,0.445868,0.013733,0.893852,-212.211990,96.054352,88.567001
967,8.058333,-0.044627,0.446257,0.012482,0.893704,-212.157135,96.038239,88.597473
968,8.066667,-0.043668,0.446328,0.010857,0.893737,-212.106186,96.019653,88.629166
969,8.075000,-0.043381,0.446336,0.009447,0.893763,-212.038773,96.001564,88.666084
970,8.083333,-0.043497,0.446571,0.008213,0.893652,-211.970932,95.981941,88.695190
971,8.091667,-0.043984,0.448214,0.010088,0.892787,-211.907410,95.940575,88.743416
972,8.100000,-0.044103,0.449006,0.011104,0.892371,-211.848404,95.911362,88.793098
973,8.108333,-0.043723,0.449176,0.012555,0.892285,-211.785843,95.890404,88.841698
974,8.116667,-0.043310,0.449443,0.012263,0.892174,-211.729767,95.886444,88.881927
975,8.125000,-0.043387,0.450170,0.012112,0.891806,-211.670975,95.877251,88.913368
976,8.133333,-0.043500,0.451664,0.013837,0.891020,-211.593719,95.848381,88.961159
977,8.141667,-0.043660,0.451793,0.012757,0.890962,-211.522964,95.826622,89.003235
978,8.150000,-0.044118,0.452220,0.012250,0.890731,-211.460114,95.806686,89.040794
979,8.158333,-0.043940,0.453497,0.012060,0.890092,-211.400604,95.788071,89.069870
980,8.166667,-0.043793,0.454247,0.010824,0.889733,-211.342072,95.778709,89.096642
981,8.175000,-0.044056,0.454216,0.010521,0.889739,-211.276962,95.770660,89.127998
982,8.183333,-0.044103,0.455544,0.012259,0.889036,-211.198380,95.748177,89.170532
983,8.191667,-0.044815,0.456462,0.012575,0.888524,-211.132782,95.738541,89.201050
984,8.200000,-0.044975,0.456861,0.012589,0.888311,-211.074142,95.722061,89.225395
985,8.208333,-0.044738,0.457347,0.012837,0.888069,-211.011322,95.700546,89.255371
986,8.216667,-0.043806,0.458037,0.012367,0.887767,-210.943130,95.686203,89.301865
987,8.225000,-0.043246,0.458442,0.012307,0.887586,-210.878082,95.674095,89.339386
988,8.233333,-0.042654,0.459535,0.014254,0.887020,-210.805862,95.645912,89.378387
989,8.241667,-0.042647,0.460122,0.014361,0.886715,-210.735275,95.624405,89.412674
990,8.250000,-0.042859,0.460486,0.013538,0.886529,-210.662262,95.610504,89.445297
991,8.258333,-0.043156,0.460691,0.012521,0.886423,-210.591934,95.599701,89.476128
992,8.266667,-0.042451,0.461417,0.011502,0.886092,-210.520889,95.586235,89.518425
993,8.275000,-0.041767,0.461954,0.011279,0.885848,-210.452393,95.580307,89.548866
994,8.283333,-0.041202,0.463102,0.012832,0.885254,-210.373947,95.567741,89.587135
995,8.291667,-0.042313,0.463805,0.012871,0.884833,-210.309006,95.557098,89.620934
996,8.300000,-0.043136,0.464617,0.013468,0.884358,-210.234955,95.533463,89.656059
997,8.308333,-0.044167,0.465174,0.013373,0.884016,-210.168701,95.520271,89.680733
998,8.316667,-0.043964,0.465837,0.013302,0.883678,-210.107468,95.508064,89.715401
999,8.325000,-0.043510,0.467105,0.014986,0.883003,-210.048676,95.484802,89.774925
1000,8.333333,-0.042705,0.467289,0.017407,0.882901,-209.964569,95.457375,89.796196
1001,8.341667,-0.042245,0.467639,0.016630,0.882753,-209.890869,95.447205,89.828148
1002,8.350000,-0.041900,0.468554,0.015770,0.882300,-209.819839,95.439285,89.854057
1003,8.358333,-0.042218,0.469018,0.014507,0.882060,-209.752899,95.431290,89.872864
1004,8.366667,-0.043549,0.468655,0.011602,0.882231,-209.689117,95.435127,89.885292
1005,8.375000,-0.044480,0.468443,0.009891,0.882318,-209.618164,95.437828,89.903191
1006,8.383333,-0.044134,0.469937,0.011387,0.881522,-209.544952,95.418694,89.941460
1007,8.391667,-0.043405,0.472132,0.013427,0.880356,-209.469864,95.375305,89.992439
1008,8.400000,-0.041993,0.473354,0.015948,0.879726,-209.388763,95.329597,90.049736
1009,8.408333,-0.040926,0.473914,0.018098,0.879433,-209.310242,95.292427,90.094009
1010,8.416667,-0.041217,0.473931,0.016691,0.879438,-209.255127,95.291283,90.121147
1011,8.425000,-0.040955,0.475425,0.018411,0.878610,-209.171387,95.263313,90.151001
1012,8.433333,-0.041279,0.476369,0.018437,0.878082,-209.089081,95.249710,90.183929
1013,8.441667,-0.041082,0.476584,0.017385,0.877997,-209.009628,95.237961,90.218010
1014,8.450000,-0.040609,0.476807,0.016136,0.877921,-208.936066,95.229759,90.239250
1015,8.458333,-0.040124,0.477784,0.016225,0.877411,-208.868698,95.213722,90.265350
1016,8.466667,-0.040021,0.478136,0.015286,0.877240,-208.809204,95.208443,90.291672
1017,8.475000,-0.039006,0.478681,0.017401,0.876949,-208.728836,95.179054,90.325912
1018,8.483333,-0.038700,0.479076,0.017929,0.876737,-208.650940,95.163986,90.352509
1019,8.491667,-0.039967,0.480003,0.017642,0.876178,-208.577866,95.149750,90.380280
1020,8.500000,-0.041356,0.481051,0.017168,0.875548,-208.511566,95.139725,90.403351
1021,8.508333,-0.042069,0.481781,0.016450,0.875127,-208.440048,95.132027,90.428772
1022,8.516667,-0.041969,0.482563,0.016907,0.874692,-208.361984,95.114586,90.459839
1023,8.525000,-0.042099,0.483394,0.017999,0.874205,-208.288284,95.099457,90.482262
1024,8.533333,-0.042168,0.483955,0.018437,0.873882,-208.216125,95.087982,90.502533
1025,8.541667,-0.041490,0.484383,0.017676,0.873693,-208.135040,95.072174,90.533272
1026,8.550000,-0.040890,0.485013,0.017233,0.873380,-208.046722,95.055702,90.561905
1027,8.558333,-0.040660,0.485557,0.016652,0.873100,-207.970047,95.046326,90.580215
1028,8.566667,-0.040758,0.486252,0.016504,0.872711,-207.888199,95.036819,90.610542
1029,8.575000,-0.040289,0.487172,0.017161,0.872207,-207.813553,95.022202,90.640617
1030,8.583333,-0.039679,0.487812,0.017400,0.871873,-207.746582,95.009377,90.670601
1031,8.591667,-0.040532,0.488323,0.017028,0.871555,-207.679337,94.992821,90.704956
1032,8.600000,-0.041164,0.489029,0.017287,0.871124,-207.609253,94.970963,90.736168
1033,8.608333,-0.041308,0.489872,0.017818,0.870633,-207.532257,94.948212,90.760323
1034,8.616667,-0.041300,0.490665,0.018228,0.870178,-207.460434,94.935074,90.781853
1035,8.625000,-0.041043,0.491413,0.018937,0.869753,-207.385071,94.918709,90.809753
1036,8.633333,-0.041822,0.491786,0.019418,0.869494,-207.315018,94.909195,90.835640
1037,8.641667,-0.042625,0.492244,0.019713,0.869189,-207.240204,94.903740,90.856354
1038,8.650000,-0.042552,0.492376,0.018447,0.869146,-207.168701,94.897224,90.873070
1039,8.658333,-0.042143,0.493224,0.017781,0.868699,-207.096573,94.886093,90.893776
1040,8.666667,-0.041681,0.494519,0.017926,0.867982,-207.010651,94.868866,90.919456
1041,8.675000,-0.040659,0.495635,0.018443,0.867383,-206.918961,94.842216,90.951881
1042,8.683333,-0.041774,0.495817,0.017830,0.867238,-206.842255,94.841202,90.966118
1043,8.691667,-0.043089,0.496488,0.017384,0.866799,-206.766006,94.840446,90.972832
1044,8.700000,-0.044184,0.497220,0.016612,0.866340,-206.700897,94.840080,90.978394
1045,8.708333,-0.043956,0.497434,0.016207,0.866236,-206.630875,94.834564,90.996040
1046,8.716667,-0.044157,0.498054,0.015983,0.865874,-206.549835,94.829514,91.026497
1047,8.725000,-0.041259,0.500016,0.018791,0.864828,-206.445953,94.782501,91.090530
1048,8.733333,-0.040737,0.500651,0.019422,0.864472,-206.366989,94.771233,91.112915
1049,8.741667,-0.041806,0.500776,0.019798,0.864340,-206.300018,94.761696,91.122353
1050,8.750000,-0.043238,0.501336,0.019241,0.863958,-206.225281,94.759628,91.135529
1051,8.758333,-0.043705,0.501170,0.017892,0.864059,-206.151291,94.754799,91.148781
1052,8.766667,-0.044162,0.501307,0.016932,0.863976,-206.085663,94.751945,91.156410
1053,8.775000,-0.040782,0.503547,0.019773,0.862778,-205.983093,94.700462,91.213058
1054,8.783333,-0.039863,0.504879,0.019522,0.862048,-205.902191,94.683853,91.235229
1055,8.791667,-0.039262,0.505315,0.019343,0.861824,-205.820282,94.674011,91.253082
1056,8.800000,-0.038862,0.505633,0.019250,0.861658,-205.740051,94.663177,91.261520
1057,8.808333,-0.039696,0.506458,0.019797,0.861123,-205.660126,94.643318,91.283218
1058,8.816667,-0.041090,0.507116,0.020151,0.860662,-205.592728,94.629089,91.295540
1059,8.825000,-0.040936,0.507938,0.020339,0.860180,-205.514435,94.609871,91.316246
1060,8.833333,-0.041143,0.508655,0.020148,0.859751,-205.430267,94.601288,91.338882
1061,8.841667,-0.041472,0.509456,0.020366,0.859255,-205.347534,94.593155,91.356636
1062,8.850000,-0.041671,0.510223,0.020684,0.858783,-205.262466,94.586868,91.375824
1063,8.858333,-0.042257,0.510632,0.020701,0.858511,-205.183594,94.580521,91.396553
1064,8.866667,-0.042301,0.511187,0.021171,0.858167,-205.109100,94.565147,91.418167
1065,8.875000,-0.040770,0.512068,0.021653,0.857704,-205.025650,94.539299,91.446236
1066,8.883333,-0.040136,0.512534,0.020768,0.857477,-204.939346,94.522873,91.465080
1067,8.891667,-0.039988,0.513088,0.020088,0.857169,-204.854935,94.507851,91.481148
1068,8.900000,-0.040680,0.513687,0.019885,0.856782,-204.774063,94.498840,91.498413
1069,8.908333,-0.041138,0.514789,0.019878,0.856099,-204.693298,94.493393,91.512115
1070,8.916667,-0.041843,0.515297,0.019413,0.855770,-204.616241,94.489647,91.522720
1071,8.925000,-0.040023,0.516246,0.021071,0.855245,-204.525635,94.463936,91.557571
1072,8.933333,-0.039857,0.516900,0.021296,0.854852,-204.447510,94.459328,91.580185
1073,8.941667,-0.039429,0.517700,0.021158,0.854391,-204.369278,94.451630,91.594719
1074,8.950000,-0.039167,0.518549,0.021395,0.853882,-204.289917,94.441620,91.607521
1075,8.958333,-0.039834,0.518853,0.021778,0.853657,-204.208969,94.432922,91.617973
1076,8.966667,-0.040975,0.519126,0.022265,0.853425,-204.128387,94.425568,91.631294
1077,8.975000,-0.040539,0.519688,0.022973,0.853085,-204.039520,94.411339,91.654312
1078,8.983333,-0.039580,0.520375,0.022221,0.852731,-203.955872,94.398895,91.675995
1079,8.991667,-0.038617,0.521914,0.021776,0.851845,-203.868820,94.381622,91.684372
1080,9.000000,-0.038083,0.522781,0.021599,0.851342,-203.785446,94.373497,91.696259
1081,9.008333,-0.037804,0.523175,0.021635,0.851111,-203.705551,94.363861,91.707954
1082,9.016667,-0.037352,0.523395,0.022382,0.850977,-203.616791,94.344482,91.728584
1083,9.025000,-0.038243,0.524101,0.022462,0.850500,-203.534775,94.321709,91.753204
1084,9.033333,-0.039311,0.525000,0.021959,0.849910,-203.457901,94.301659,91.759674
1085,9.041667,-0.039443,0.525922,0.021222,0.849353,-203.381897,94.284088,91.761574
1086,9.050000,-0.039329,0.526511,0.021473,0.848987,-203.299332,94.273796,91.771408
1087,9.058333,-0.039477,0.527146,0.022593,0.848556,-203.225677,94.268211,91.779671
1088,9.066667,-0.040059,0.527607,0.023135,0.848228,-203.151703,94.263214,91.783745
1089,9.075000,-0.040778,0.527792,0.023081,0.848080,-203.075653,94.264397,91.781601
1090,9.083333,-0.040851,0.528646,0.023299,0.847539,-203.003342,94.264397,91.774879
1091,9.091667,-0.041102,0.529347,0.022799,0.847103,-202.924988,94.260254,91.769531
1092,9.100000,-0.040658,0.530095,0.022925,0.846652,-202.855042,94.261696,91.765770
1093,9.108333,-0.040703,0.530661,0.023244,0.846287,-202.794067,94.258751,91.760666
1094,9.116667,-0.041016,0.531191,0.023399,0.845935,-202.740295,94.259171,91.752243
1095,9.125000,-0.041245,0.531631,0.022956,0.845660,-202.685196,94.260674,91.741409
1096,9.133333,-0.041312,0.532052,0.022830,0.845395,-202.625351,94.259682,91.733467
1097,9.141667,-0.041018,0.532433,0.023195,0.845160,-202.562576,94.255188,91.730385
1098,9.150000,-0.040922,0.532926,0.023321,0.844850,-202.500534,94.247437,91.729958
1099,9.158333,-0.040600,0.533218,0.023316,0.844682,-202.440994,94.235054,91.728981
1100,9.166667,-0.039969,0.533619,0.023085,0.844465,-202.381714,94.222046,91.723793
1101,9.175000,-0.039331,0.534047,0.023099,0.844224,-202.325912,94.206543,91.711136
1102,9.183333,-0.038600,0.534555,0.022879,0.843942,-202.273819,94.189850,91.698975
1103,9.191667,-0.037881,0.535253,0.022468,0.843543,-202.222488,94.170868,91.688156
1104,9.200000,-0.039106,0.536164,0.022071,0.842919,-202.176361,94.143173,91.683937
1105,9.208333,-0.039768,0.536965,0.022207,0.842374,-202.133179,94.120979,91.677353
1106,9.216667,-0.039535,0.537511,0.022139,0.842039,-202.089401,94.098625,91.670784
1107,9.225000,-0.038834,0.537956,0.022182,0.841786,-202.042145,94.075653,91.661766
1108,9.233333,-0.038291,0.538198,0.022843,0.841638,-201.987976,94.043053,91.647301
1109,9.241667,-0.037980,0.538386,0.023531,0.841513,-201.935608,94.011467,91.630875
1110,9.250000,-0.038023,0.538570,0.024116,0.841377,-201.889725,93.980942,91.616425
1111,9.258333,-0.038165,0.538887,0.024442,0.841158,-201.849274,93.951485,91.606552
1112,9.266667,-0.038052,0.539227,0.024817,0.840934,-201.810715,93.921051,91.596527
1113,9.275000,-0.037459,0.539859,0.024529,0.840564,-201.768738,93.890961,91.584793
1114,9.283333,-0.037118,0.540424,0.024490,0.840217,-201.724716,93.867203,91.569786
1115,9.291667,-0.036425,0.541020,0.024866,0.839853,-201.670746,93.836960,91.554077
1116,9.300000,-0.035273,0.541097,0.024596,0.839860,-201.619247,93.799622,91.547348
1117,9.308333,-0.034188,0.541348,0.024323,0.839751,-201.577301,93.762375,91.542969
1118,9.316667,-0.033154,0.541697,0.024268,0.839569,-201.539093,93.722443,91.540024
1119,9.325000,-0.031992,0.542142,0.024255,0.839327,-201.498550,93.678818,91.533012
1120,9.333333,-0.032535,0.542657,0.024285,0.838972,-201.455948,93.629173,91.528717
1121,9.341667,-0.032248,0.543275,0.024683,0.838572,-201.405960,93.577942,91.528740
1122,9.350000,-0.031469,0.543930,0.025733,0.838145,-201.356201,93.528259,91.527885
1123,9.358333,-0.031447,0.544446,0.026525,0.837787,-201.304047,93.479774,91.527122
1124,9.366667,-0.031468,0.544518,0.026716,0.837733,-201.257080,93.437119,91.526222
1125,9.375000,-0.030330,0.544425,0.025563,0.837871,-201.206131,93.386307,91.527084
1126,9.383333,-0.029498,0.545024,0.024976,0.837529,-201.159637,93.340302,91.521660
1127,9.391667,-0.027921,0.545683,0.024919,0.837156,-201.111954,93.306587,91.517792
1128,9.400000,-0.026646,0.546218,0.025072,0.836844,-201.057083,93.276794,91.514198
1129,9.408333,-0.025538,0.546677,0.025261,0.836573,-201.002686,93.249863,91.511681
1130,9.416667,-0.025286,0.547004,0.025171,0.836370,-200.954987,93.229889,91.509399
1131,9.425000,-0.025598,0.546986,0.025027,0.836376,-200.911469,93.221756,91.510025
1132,9.433333,-0.025633,0.547062,0.025644,0.836307,-200.863739,93.214767,91.511948
1133,9.441667,-0.025664,0.547512,0.026240,0.835992,-200.812317,93.207840,91.519646
1134,9.450000,-0.027103,0.548278,0.026294,0.835443,-200.761002,93.196251,91.528435
1135,9.458333,-0.027411,0.549044,0.026510,0.834923,-200.703003,93.187836,91.534950
1136,9.466667,-0.027337,0.549613,0.026775,0.834543,-200.645660,93.192612,91.537231
1137,9.475000,-0.027250,0.549944,0.026839,0.834325,-200.595016,93.198982,91.538147
1138,9.483333,-0.027410,0.550248,0.026175,0.834141,-200.547363,93.209145,91.537811
1139,9.491667,-0.027904,0.550777,0.026063,0.833778,-200.501877,93.221298,91.539665
1140,9.500000,-0.028206,0.551307,0.025932,0.833422,-200.452209,93.240105,91.544624
1141,9.508333,-0.028803,0.551584,0.025680,0.833226,-200.402023,93.261131,91.549156
1142,9.516667,-0.029320,0.552125,0.025701,0.832849,-200.353958,93.285179,91.553368
1143,9.525000,-0.029720,0.552689,0.025882,0.832455,-200.298553,93.296013,91.554543
1144,9.533333,-0.029739,0.553096,0.026136,0.832176,-200.238770,93.301689,91.556366
1145,9.541667,-0.029882,0.553263,0.026074,0.832062,-200.186890,93.310066,91.556374
1146,9.550000,-0.030218,0.553376,0.025796,0.831984,-200.135422,93.317146,91.552765
1147,9.558333,-0.030947,0.553688,0.025687,0.831753,-200.082977,93.328705,91.547951
1148,9.566667,-0.031578,0.553974,0.025649,0.831539,-200.031876,93.338837,91.546661
1149,9.575000,-0.031768,0.554535,0.026471,0.831132,-199.980194,93.339905,91.547882
1150,9.583333,-0.031775,0.555115,0.026776,0.830735,-199.932938,93.341034,91.552040
1151,9.591667,-0.031427,0.555765,0.027049,0.830305,-199.884628,93.335648,91.553635
1152,9.600000,-0.030994,0.556386,0.027333,0.829895,-199.835464,93.326622,91.552513
1153,9.608333,-0.031025,0.556801,0.027113,0.829623,-199.784119,93.320946,91.550568
1154,9.616667,-0.031217,0.557138,0.027059,0.829392,-199.732635,93.311661,91.549469
1155,9.625000,-0.031295,0.557481,0.026466,0.829177,-199.680283,93.306358,91.547745
1156,9.633333,-0.031094,0.558089,0.026367,0.828779,-199.628738,93.306274,91.549301
1157,9.641667,-0.030710,0.558439,0.025922,0.828572,-199.579865,93.303490,91.550957
1158,9.650000,-0.030235,0.558612,0.026200,0.828464,-199.530930,93.300636,91.547249
1159,9.658333,-0.029671,0.558722,0.026571,0.828398,-199.481445,93.296501,91.544807
1160,9.666667,-0.029343,0.558936,0.026909,0.828254,-199.435577,93.288025,91.541878
1161,9.675000,-0.028732,0.559222,0.026589,0.828093,-199.394104,93.277405,91.536156
1162,9.683333,-0.028194,0.559496,0.026397,0.827933,-199.353714,93.265503,91.527550
1163,9.691667,-0.027994,0.559967,0.026252,0.827626,-199.310822,93.249931,91.522530
1164,9.700000,-0.027306,0.560639,0.025965,0.827202,-199.268768,93.234253,91.519974
1165,9.708333,-0.027162,0.561345,0.025867,0.826731,-199.227066,93.220505,91.519890
1166,9.716667,-0.026989,0.561891,0.025910,0.826364,-199.184280,93.210724,91.516129
1167,9.725000,-0.027367,0.562308,0.026170,0.826061,-199.139069,93.202187,91.507248
1168,9.733333,-0.029163,0.562785,0.026065,0.825677,-199.095490,93.185204,91.499199
1169,9.741667,-0.029544,0.563210,0.025824,0.825382,-199.050552,93.173042,91.488899
1170,9.750000,-0.029497,0.563661,0.025690,0.825079,-199.007095,93.162048,91.476807
1171,9.758333,-0.029408,0.563857,0.025503,0.824955,-198.969162,93.150101,91.465935
1172,9.766667,-0.029213,0.563900,0.025377,0.824936,-198.935562,93.135361,91.460434
1173,9.775000,-0.029107,0.563977,0.025770,0.824875,-198.904388,93.121193,91.456917
1174,9.783333,-0.028862,0.564148,0.026155,0.824755,-198.877655,93.114838,91.449562
1175,9.791667,-0.028880,0.564342,0.026106,0.824622,-198.851151,93.112526,91.437683
1176,9.800000,-0.028814,0.564563,0.026067,0.824475,-198.824677,93.110138,91.426064
1177,9.808333,-0.028579,0.564753,0.026025,0.824354,-198.800095,93.104233,91.418884
1178,9.816667,-0.028726,0.564972,0.026145,0.824196,-198.780777,93.098206,91.412987
1179,9.825000,-0.028761,0.565180,0.026314,0.824046,-198.768372,93.093353,91.408981
1180,9.833333,-0.028754,0.565307,0.026399,0.823956,-198.758942,93.087723,91.404549
1181,9.841667,-0.028718,0.565468,0.026563,0.823842,-198.752197,93.079849,91.403831
1182,9.850000,-0.028430,0.565518,0.026816,0.823809,-198.747070,93.068344,91.406609
1183,9.858333,-0.028098,0.565566,0.027229,0.823774,-198.741501,93.049583,91.417015
1184,9.866667,-0.027712,0.565624,0.027622,0.823734,-198.734482,93.026810,91.425995
1185,9.875000,-0.027307,0.565804,0.028286,0.823602,-198.723816,92.998871,91.434860
1186,9.883333,-0.026676,0.565946,0.028604,0.823514,-198.705338,92.969559,91.440582
1187,9.891667,-0.025966,0.565957,0.027906,0.823553,-198.681931,92.947586,91.441338
1188,9.900000,-0.025578,0.566028,0.027389,0.823534,-198.655746,92.939445,91.431854
1189,9.908333,-0.025626,0.566201,0.027443,0.823411,-198.626312,92.935097,91.414993
1190,9.916667,-0.025311,0.566534,0.026782,0.823214,-198.586411,92.923294,91.395653
1191,9.925000,-0.024846,0.567131,0.026354,0.822831,-198.536377,92.902161,91.376358
1192,9.933333,-0.023665,0.567912,0.026614,0.822318,-198.468552,92.862625,91.357605
1193,9.941667,-0.022436,0.568552,0.027255,0.821890,-198.401733,92.812836,91.336990
1194,9.950000,-0.023130,0.569767,0.028574,0.820983,-198.325226,92.733673,91.330925
1195,9.958333,-0.023970,0.569668,0.027466,0.821066,-198.263382,92.679375,91.297424
1196,9.966667,-0.023543,0.569933,0.027872,0.820881,-198.185974,92.622765,91.258492
1197,9.975000,-0.022904,0.570517,0.027970,0.820490,-198.109787,92.581192,91.225670
1198,9.983333,-0.022783,0.571089,0.027679,0.820105,-198.032639,92.552132,91.191231
1199,9.991667,-0.022639,0.572051,0.026849,0.819466,-197.941742,92.537666,91.146660
1200,10.000000,-0.022850,0.572929,0.026844,0.818846,-197.852509,92.533157,91.098442
1201,10.008333,-0.023129,0.573750,0.026847,0.818263,-197.759720,92.525009,91.060921
1202,10.016667,-0.022251,0.575065,0.026435,0.817378,-197.656815,92.506966,91.013680
1203,10.025000,-0.021617,0.576165,0.025921,0.816636,-197.559280,92.500595,90.963455
1204,10.033333,-0.021569,0.576833,0.026327,0.816153,-197.469101,92.507668,90.918648
1205,10.041667,-0.022274,0.577460,0.026609,0.815681,-197.379196,92.525101,90.874931
1206,10.050000,-0.022381,0.578186,0.025887,0.815187,-197.297150,92.539665,90.835587
1207,10.058333,-0.022592,0.578922,0.024678,0.814696,-197.219635,92.551926,90.795975
1208,10.066667,-0.023017,0.579651,0.023829,0.814191,-197.142166,92.559677,90.753868
1209,10.075000,-0.024169,0.580423,0.023318,0.813623,-197.072495,92.552124,90.717575
1210,10.083333,-0.024752,0.580981,0.023053,0.813214,-197.011719,92.541054,90.690926
1211,10.091667,-0.024316,0.581540,0.023227,0.812823,-196.960648,92.533714,90.673172
1212,10.100000,-0.023937,0.581949,0.023434,0.812535,-196.917603,92.532845,90.655205
1213,10.108333,-0.024053,0.582141,0.023872,0.812382,-196.879608,92.541924,90.635872
1214,10.116667,-0.023299,0.582155,0.023508,0.812404,-196.842346,92.560196,90.613670
1215,10.125000,-0.023541,0.582105,0.022821,0.812453,-196.809097,92.573769,90.591843
1216,10.133333,-0.023564,0.582210,0.021848,0.812403,-196.779846,92.578209,90.572388
1217,10.141667,-0.023625,0.582514,0.021315,0.812198,-196.760315,92.579987,90.556763
1218,10.150000,-0.023647,0.582612,0.021145,0.812131,-196.749908,92.577446,90.549789
1219,10.158333,-0.023536,0.582589,0.020574,0.812165,-196.747864,92.569443,90.550995
1220,10.166667,-0.023002,0.582566,0.020441,0.812201,-196.757462,92.564926,90.557251
1221,10.175000,-0.022920,0.582430,0.020585,0.812297,-196.774323,92.564537,90.565033
1222,10.183333,-0.023293,0.582097,0.021421,0.812504,-196.797333,92.569672,90.574600
1223,10.191667,-0.023567,0.581896,0.021603,0.812634,-196.813126,92.570511,90.580116
1224,10.200000,-0.023433,0.581743,0.020742,0.812770,-196.825226,92.566307,90.584038
1225,10.208333,-0.023183,0.581648,0.020187,0.812859,-196.840073,92.562508,90.587784
1226,10.216667,-0.023107,0.581579,0.020153,0.812912,-196.855759,92.556282,90.596016
1227,10.225000,-0.022957,0.581566,0.020055,0.812928,-196.871399,92.547646,90.607162
1228,10.233333,-0.023055,0.581450,0.020152,0.813006,-196.885925,92.535690,90.614548
1229,10.241667,-0.024228,0.581109,0.020300,0.813212,-196.902237,92.513725,90.617165
1230,10.250000,-0.024359,0.580423,0.020261,0.813698,-196.919830,92.481964,90.609337
1231,10.258333,-0.024967,0.579779,0.019646,0.814154,-196.937424,92.429237,90.592575
1232,10.266667,-0.028095,0.579804,0.018877,0.814052,-196.949692,92.335548,90.582031
1233,10.275000,-0.029344,0.580166,0.017755,0.813776,-196.939850,92.318329,90.583923
1234,10.283333,-0.028203,0.580236,0.017005,0.813782,-196.905563,92.318939,90.584030
1235,10.291667,-0.025974,0.580057,0.016796,0.813988,-196.860291,92.328514,90.583420
1236,10.300000,-0.024560,0.579812,0.016240,0.814218,-196.813614,92.332085,90.587250
1237,10.308333,-0.023451,0.579333,0.015354,0.814609,-196.764847,92.336128,90.598976
1238,10.316667,-0.022325,0.578886,0.014205,0.814979,-196.723831,92.340134,90.616539
1239,10.325000,-0.020597,0.578691,0.012023,0.815198,-196.684662,92.339897,90.646919
1240,10.333333,-0.018857,0.577830,0.012261,0.815847,-196.660309,92.335953,90.696510
1241,10.341667,-0.017460,0.576996,0.011544,0.816479,-196.634399,92.331123,90.750450
1242,10.350000,-0.016125,0.576546,0.011740,0.816821,-196.617798,92.326271,90.810387
1243,10.358333,-0.014639,0.576225,0.011885,0.817074,-196.602142,92.315277,90.885559
1244,10.366667,-0.012993,0.575636,0.011597,0.817521,-196.575287,92.312180,90.974800
1245,10.375000,-0.010636,0.574986,0.011566,0.818012,-196.547836,92.321152,91.059685
1246,10.383333,-0.003456,0.578008,0.022501,0.815714,-196.471436,92.228767,91.193596
1247,10.391667,-0.000965,0.578165,0.023240,0.815588,-196.443237,92.233536,91.265472
1248,10.400000,0.001382,0.578262,0.023759,0.815504,-196.409622,92.238281,91.332611
1249,10.408333,0.003451,0.578559,0.025196,0.815244,-196.375015,92.238342,91.380775
1250,10.416667,0.004426,0.578561,0.025318,0.815234,-196.352142,92.243561,91.419792
1251,10.425000,0.005004,0.578872,0.025496,0.815004,-196.342178,92.246796,91.450417
1252,10.433333,0.005804,0.579123,0.024792,0.814842,-196.330566,92.238914,91.471840
1253,10.441667,0.006261,0.579589,0.024523,0.814516,-196.324142,92.236954,91.481377
1254,10.450000,0.005700,0.580109,0.025242,0.814128,-196.321594,92.243103,91.479538
1255,10.458333,0.005996,0.580031,0.024443,0.814206,-196.321198,92.239937,91.468132
1256,10.466667,0.005249,0.580174,0.024987,0.814092,-196.332443,92.244308,91.444427
1257,10.475000,0.004743,0.580310,0.024580,0.814011,-196.347290,92.242607,91.409775
1258,10.483333,0.003513,0.580627,0.024057,0.813807,-196.368576,92.237907,91.367134
1259,10.491667,0.001940,0.580864,0.023938,0.813646,-196.392136,92.231155,91.317390
1260,10.500000,-0.000348,0.580831,0.023396,0.813688,-196.423035,92.229904,91.251877
1261,10.508333,-0.002917,0.580512,0.022328,0.813941,-196.453491,92.226288,91.178764
1262,10.516667,-0.005320,0.580351,0.021386,0.814068,-196.478821,92.226234,91.096169
1263,10.525000,-0.007530,0.580570,0.020770,0.813911,-196.502655,92.228798,91.009781
1264,10.533333,-0.009800,0.580602,0.020130,0.813880,-196.525818,92.235092,90.933136
1265,10.541667,-0.012219,0.580811,0.019066,0.813724,-196.540878,92.251846,90.870010
1266,10.550000,-0.012828,0.580625,0.019122,0.813845,-196.570831,92.251694,90.826912
1267,10.558333,-0.013034,0.580652,0.019526,0.813814,-196.600067,92.248672,90.798233
1268,10.566667,-0.013804,0.580643,0.020113,0.813793,-196.627716,92.248421,90.778259
1269,10.575000,-0.014546,0.580447,0.021043,0.813896,-196.656540,92.253181,90.770737
1270,10.583333,-0.015061,0.580161,0.021851,0.814069,-196.682724,92.254387,90.778122
1271,10.591667,-0.015217,0.579719,0.022171,0.814372,-196.700272,92.254959,90.791710
1272,10.600000,-0.014634,0.579272,0.022481,0.814693,-196.705627,92.254410,90.811005
1273,10.608333,-0.013969,0.578841,0.023217,0.814990,-196.700974,92.250153,90.840477
1274,10.616667,-0.013082,0.578457,0.023269,0.815276,-196.687775,92.242523,90.871826
1275,10.625000,-0.011807,0.577815,0.022647,0.815768,-196.662949,92.235641,90.909721
1276,10.633333,-0.010557,0.577519,0.022117,0.816009,-196.627625,92.227501,90.954468
1277,10.641667,-0.008387,0.577168,0.021313,0.816304,-196.578247,92.225906,91.015160
1278,10.650000,-0.006243,0.576889,0.021441,0.816517,-196.516693,92.220039,91.078133
1279,10.658333,-0.003943,0.576320,0.021095,0.816942,-196.460815,92.222992,91.134506
1280,10.666667,-0.002467,0.576115,0.021415,0.817085,-196.417816,92.229462,91.185829
1281,10.675000,-0.000874,0.576044,0.021689,0.817130,-196.386002,92.231628,91.238159
1282,10.683333,0.001005,0.575975,0.022377,0.817160,-196.374542,92.238708,91.280342
1283,10.691667,0.002137,0.575813,0.023718,0.817234,-196.378220,92.240929,91.321220
1284,10.700000,0.002526,0.575636,0.025297,0.817311,-196.395630,92.237160,91.358498
1285,10.708333,0.002512,0.575540,0.026331,0.817346,-196.424240,92.236176,91.384216
1286,10.716667,0.002267,0.575400,0.027040,0.817422,-196.452072,92.233047,91.394348
1287,10.725000,0.001616,0.575267,0.027437,0.817504,-196.478531,92.232964,91.391815
1288,10.733333,0.000913,0.575279,0.027865,0.817482,-196.503677,92.230286,91.375198
1289,10.741667,-0.000264,0.575446,0.027499,0.817377,-196.529877,92.228355,91.341087
1290,10.750000,-0.001778,0.575573,0.026679,0.817313,-196.554443,92.228172,91.296204
1291,10.758333,-0.003352,0.575806,0.026182,0.817160,-196.572815,92.225113,91.244995
1292,10.766667,-0.005004,0.576069,0.025456,0.816989,-196.586166,92.219696,91.186508
1293,10.775000,-0.006851,0.576679,0.024729,0.816568,-196.602463,92.219406,91.112923
1294,10.783333,-0.008649,0.576601,0.023142,0.816653,-196.615784,92.223618,91.039459
1295,10.791667,-0.010118,0.576705,0.022284,0.816586,-196.617401,92.225304,90.972321
1296,10.800000,-0.010819,0.576856,0.020961,0.816505,-196.603638,92.233376,90.918907
1297,10.808333,-0.011570,0.577142,0.020050,0.816316,-196.584534,92.240265,90.876534
1298,10.816667,-0.012002,0.577638,0.019411,0.815974,-196.564270,92.244133,90.847191
1299,10.825000,-0.012277,0.577981,0.018943,0.815738,-196.544739,92.246864,90.831009
1300,10.833333,-0.013056,0.578490,0.017699,0.815393,-196.517899,92.259567,90.822121
1301,10.841667,-0.013441,0.578657,0.016985,0.815283,-196.503265,92.266151,90.822243
1302,10.850000,-0.012168,0.578645,0.017309,0.815305,-196.491348,92.256401,90.841362
1303,10.858333,-0.010872,0.578610,0.017877,0.815336,-196.478973,92.244370,90.875526
1304,10.866667,-0.009077,0.578519,0.018663,0.815405,-196.461029,92.234512,90.922371
1305,10.875000,-0.007002,0.578395,0.018937,0.815507,-196.444427,92.228424,90.982414
1306,10.883333,-0.005430,0.578560,0.019920,0.815378,-196.428970,92.225159,91.056557
1307,10.891667,-0.004487,0.578560,0.020304,0.815375,-196.431854,92.229813,91.123093
1308,10.900000,-0.003064,0.579171,0.022113,0.814901,-196.444824,92.224373,91.191040
1309,10.908333,-0.001647,0.579515,0.023795,0.814612,-196.466202,92.225677,91.250595
1310,10.916667,-0.000401,0.579659,0.025676,0.814455,-196.487076,92.223579,91.303955
1311,10.925000,0.000281,0.579642,0.027430,0.814409,-196.508331,92.225479,91.342361
1312,10.933333,0.000585,0.579620,0.028147,0.814400,-196.529724,92.227539,91.370522
1313,10.941667,0.000679,0.579780,0.028539,0.814273,-196.550735,92.228439,91.384827
1314,10.950000,0.000394,0.579940,0.028697,0.814154,-196.570114,92.228004,91.385399
1315,10.958333,-0.000373,0.580114,0.028900,0.814022,-196.586700,92.227974,91.372513
1316,10.966667,-0.001131,0.580135,0.028615,0.814017,-196.601089,92.226868,91.348061
1317,10.975000,-0.002744,0.580308,0.028054,0.813909,-196.615570,92.227982,91.300537
1318,10.983333,-0.004163,0.580747,0.027583,0.813606,-196.629532,92.224976,91.248146
1319,10.991667,-0.005570,0.581560,0.026776,0.813044,-196.641449,92.218811,91.186806
1320,11.000000,-0.007333,0.582162,0.025693,0.812634,-196.647842,92.215630,91.127274
1321,11.008333,-0.008921,0.582503,0.024459,0.812411,-196.645248,92.217224,91.070953
1322,11.016667,-0.010289,0.582410,0.022921,0.812507,-196.633224,92.224449,91.015717
1323,11.025000,-0.010982,0.582298,0.021754,0.812610,-196.609421,92.230698,90.968582
1324,11.033333,-0.010920,0.582153,0.020839,0.812739,-196.573395,92.232712,90.931831
1325,11.041667,-0.010704,0.582120,0.019827,0.812791,-196.535568,92.235909,90.906067
1326,11.050000,-0.010273,0.582275,0.019080,0.812703,-196.499664,92.238205,90.892883
1327,11.058333,-0.009733,0.582522,0.018609,0.812544,-196.464508,92.237160,90.893753
1328,11.066667,-0.008477,0.582833,0.018521,0.812337,-196.430038,92.235275,90.912384
1329,11.075000,-0.006987,0.582968,0.018272,0.812260,-196.397812,92.234428,90.940384
1330,11.083333,-0.005427,0.582722,0.017780,0.812459,-196.368591,92.235909,90.978783
1331,11.091667,-0.004026,0.582545,0.017827,0.812593,-196.349792,92.240974,91.020432
1332,11.100000,-0.003650,0.582645,0.018233,0.812514,-196.347763,92.240181,91.061134
1333,11.108333,-0.003046,0.582916,0.019495,0.812293,-196.362732,92.236969,91.103638
1334,11.116667,-0.002793,0.583214,0.020732,0.812049,-196.396851,92.230484,91.139496
1335,11.125000,-0.003020,0.583552,0.021977,0.811773,-196.444473,92.224312,91.166832
1336,11.133333,-0.003454,0.583833,0.023160,0.811536,-196.500137,92.225006,91.183159
1337,11.141667,-0.004397,0.583979,0.024519,0.811387,-196.550812,92.225357,91.194435
1338,11.150000,-0.005134,0.584226,0.025591,0.811171,-196.600357,92.225113,91.199181
1339,11.158333,-0.006073,0.584661,0.026669,0.810816,-196.653229,92.221451,91.196045
1340,11.166667,-0.006596,0.584884,0.027449,0.810625,-196.697968,92.216957,91.192749
1341,11.175000,-0.006884,0.584947,0.028276,0.810549,-196.731018,92.215897,91.191536
1342,11.183333,-0.006874,0.584817,0.028724,0.810627,-196.749634,92.216690,91.193810
1343,11.191667,-0.006949,0.584705,0.029008,0.810697,-196.754715,92.217865,91.197617
1344,11.200000,-0.006596,0.584534,0.028843,0.810829,-196.744537,92.217224,91.204613
1345,11.208333,-0.006167,0.584365,0.028575,0.810964,-196.727676,92.215073,91.212570
1346,11.216667,-0.005450,0.584068,0.028076,0.811201,-196.697754,92.213417,91.222847
1347,11.225000,-0.004897,0.583682,0.027462,0.811503,-196.659790,92.214302,91.224876
1348,11.233333,-0.004394,0.583221,0.026635,0.811865,-196.615387,92.218178,91.217850
1349,11.241667,-0.003933,0.582925,0.025474,0.812117,-196.572800,92.221916,91.201164
1350,11.250000,-0.003996,0.582824,0.023985,0.812234,-196.530899,92.223930,91.174644
1351,11.258333,-0.004301,0.582842,0.022388,0.812266,-196.490952,92.223534,91.145233
1352,11.266667,-0.004676,0.582714,0.020688,0.812400,-196.450363,92.226891,91.106018
1353,11.275000,-0.005453,0.583079,0.018881,0.812178,-196.402939,92.239853,91.059982
1354,11.283333,-0.005650,0.582854,0.018661,0.812343,-196.387589,92.237000,91.015778
1355,11.291667,-0.006531,0.582896,0.018274,0.812315,-196.389893,92.235847,90.974327
1356,11.300000,-0.007115,0.583024,0.017960,0.812225,-196.393814,92.237434,90.943863
1357,11.308333,-0.007429,0.583141,0.017775,0.812142,-196.395081,92.238457,90.925819
1358,11.316667,-0.007760,0.583032,0.017558,0.812222,-196.396179,92.238556,90.923355
1359,11.325000,-0.007567,0.582934,0.017773,0.812290,-196.396042,92.237137,90.934113
1360,11.333333,-0.007024,0.582698,0.017969,0.812460,-196.395462,92.235252,90.955566
1361,11.341667,-0.006280,0.582401,0.018344,0.812671,-196.396225,92.231300,90.992828
1362,11.350000,-0.006334,0.582610,0.018346,0.812520,-196.399002,92.239182,91.035286
1363,11.358333,-0.005070,0.582279,0.019462,0.812741,-196.437531,92.233101,91.078796
1364,11.366667,-0.004631,0.582355,0.020972,0.812651,-196.483154,92.226776,91.116478
1365,11.375000,-0.004487,0.582496,0.022844,0.812500,-196.526398,92.222687,91.150978
1366,11.383333,-0.004708,0.582740,0.024532,0.812274,-196.565491,92.222809,91.177414
1367,11.391667,-0.005001,0.582930,0.025666,0.812102,-196.602814,92.223564,91.193504
1368,11.400000,-0.005425,0.583150,0.026604,0.811911,-196.639938,92.222908,91.201988
1369,11.408333,-0.005873,0.583458,0.027720,0.811649,-196.677780,92.218140,91.199036
1370,11.416667,-0.006222,0.583649,0.027988,0.811499,-196.706711,92.215363,91.197922
1371,11.425000,-0.006463,0.583697,0.028367,0.811450,-196.720886,92.215042,91.196518
1372,11.433333,-0.006295,0.583663,0.028480,0.811472,-196.721207,92.215096,91.199028
1373,11.441667,-0.006148,0.583525,0.028224,0.811581,-196.710510,92.212967,91.202812
1374,11.450000,-0.005714,0.583386,0.027638,0.811705,-196.686539,92.212120,91.209129
1375,11.458333,-0.005327,0.583092,0.026959,0.811941,-196.653564,92.212982,91.214432
1376,11.466667,-0.004839,0.582786,0.026136,0.812191,-196.612854,92.215820,91.210953
1377,11.475000,-0.004394,0.582599,0.025078,0.812361,-196.574478,92.221504,91.198227
1378,11.483333,-0.004382,0.582540,0.023902,0.812439,-196.535080,92.222954,91.174667
1379,11.491667,-0.004441,0.582581,0.022513,0.812449,-196.499069,92.224426,91.148117
1380,11.500000,-0.004621,0.582490,0.020864,0.812557,-196.460999,92.227280,91.113884
1381,11.508333,-0.005440,0.582844,0.019071,0.812342,-196.415833,92.239304,91.071228
1382,11.516667,-0.006249,0.582917,0.018445,0.812298,-196.399277,92.244774,91.029129
1383,11.525000,-0.006486,0.582911,0.018636,0.812296,-196.403229,92.236778,90.995773
1384,11.533333,-0.006671,0.582804,0.018871,0.812366,-196.418533,92.234917,90.967484
1385,11.541667,-0.007153,0.582689,0.018910,0.812444,-196.429855,92.233925,90.950493
1386,11.550000,-0.007507,0.582640,0.019102,0.812472,-196.437454,92.232422,90.947067
1387,11.558333,-0.007246,0.582547,0.019307,0.812536,-196.443848,92.233498,90.960686
1388,11.566667,-0.007285,0.582429,0.019500,0.812615,-196.449051,92.227524,90.984901
1389,11.575000,-0.006761,0.582222,0.019897,0.812758,-196.458328,92.223022,91.026131
1390,11.583333,-0.005805,0.581877,0.020037,0.813009,-196.471100,92.222694,91.074982
1391,11.591667,-0.004938,0.582012,0.020961,0.812895,-196.486267,92.223320,91.123787
1392,11.600000,-0.003920,0.582134,0.022503,0.812772,-196.497162,92.222771,91.168785
1393,11.608333,-0.003046,0.581960,0.023420,0.812875,-196.506424,92.222763,91.207184
1394,11.616667,-0.002413,0.581913,0.024267,0.812885,-196.514603,92.222755,91.234138
1395,11.625000,-0.002078,0.581888,0.024847,0.812887,-196.521317,92.221733,91.252983
1396,11.633333,-0.001996,0.581927,0.025348,0.812843,-196.529587,92.222328,91.258308
1397,11.641667,-0.002294,0.581957,0.025328,0.812822,-196.537704,92.222748,91.247574
1398,11.650000,-0.003078,0.582099,0.024933,0.812730,-196.545334,92.223206,91.225929
1399,11.658333,-0.003951,0.582318,0.024527,0.812582,-196.550705,92.222786,91.196480
1400,11.666667,-0.004899,0.582494,0.023963,0.812467,-196.554138,92.222832,91.159698
1401,11.675000,-0.006059,0.582742,0.023179,0.812304,-196.554810,92.220901,91.118515
1402,11.683333,-0.007448,0.583178,0.022278,0.812005,-196.549225,92.222443,91.071495
1403,11.691667,-0.008105,0.583478,0.021300,0.811809,-196.532623,92.223061,91.031532
1404,11.700000,-0.008189,0.583680,0.020524,0.811683,-196.506531,92.222664,91.000999
1405,11.708333,-0.008042,0.583752,0.020002,0.811646,-196.480255,92.225159,90.981689
1406,11.716667,-0.007515,0.583708,0.019613,0.811692,-196.454056,92.228203,90.975555
1407,11.725000,-0.007136,0.583705,0.019077,0.811710,-196.429474,92.228165,90.984337
1408,11.733333,-0.006272,0.583775,0.018713,0.811676,-196.407867,92.228241,91.006660
1409,11.741667,-0.005085,0.583815,0.018643,0.811657,-196.395645,92.231735,91.032715
1410,11.750000,-0.005291,0.584287,0.018495,0.811319,-196.389679,92.241028,91.060173
1411,11.758333,-0.005615,0.584477,0.018805,0.811173,-196.414703,92.243355,91.088661
1412,11.766667,-0.004651,0.584568,0.020170,0.811081,-196.455765,92.226837,91.120354
1413,11.775000,-0.004480,0.584694,0.021799,0.810949,-196.500366,92.219376,91.143227
1414,11.783333,-0.004760,0.584793,0.023300,0.810834,-196.544357,92.217979,91.159485
1415,11.791667,-0.005141,0.585075,0.024422,0.810595,-196.585968,92.219864,91.168266
1416,11.800000,-0.005647,0.585467,0.025105,0.810288,-196.621109,92.221024,91.174332
1417,11.808333,-0.005882,0.585857,0.025792,0.809983,-196.649139,92.217979,91.186020
1418,11.816667,-0.005622,0.586118,0.026634,0.809768,-196.666702,92.213814,91.202217
1419,11.825000,-0.005646,0.586108,0.027124,0.809759,-196.678955,92.212639,91.215279
1420,11.833333,-0.005567,0.586027,0.027537,0.809804,-196.686462,92.213066,91.218155
1421,11.841667,-0.005698,0.585888,0.027488,0.809906,-196.687500,92.215057,91.212090
1422,11.850000,-0.005533,0.585843,0.027156,0.809951,-196.677185,92.212379,91.206047
1423,11.858333,-0.005406,0.585774,0.026603,0.810020,-196.658051,92.212646,91.197311
1424,11.866667,-0.005627,0.585782,0.025760,0.810040,-196.632309,92.214981,91.179810
1425,11.875000,-0.005525,0.585660,0.024777,0.810160,-196.602203,92.218208,91.163620
1426,11.883333,-0.005398,0.585563,0.023812,0.810259,-196.565598,92.219467,91.148239
1427,11.891667,-0.005420,0.585502,0.022742,0.810334,-196.527939,92.221817,91.128555
1428,11.900000,-0.005718,0.585431,0.021358,0.810421,-196.491821,92.223923,91.101471
1429,11.908333,-0.006606,0.586038,0.019726,0.810017,-196.443802,92.236465,91.064438
1430,11.916667,-0.006404,0.585951,0.019070,0.810097,-196.425278,92.233315,91.033272
1431,11.925000,-0.006350,0.585635,0.018778,0.810333,-196.418106,92.232063,91.007378
1432,11.933333,-0.006379,0.585409,0.018546,0.810501,-196.410828,92.232124,90.991829
1433,11.941667,-0.006318,0.585344,0.018342,0.810553,-196.407532,92.233940,90.988014
1434,11.950000,-0.006213,0.585411,0.018508,0.810502,-196.408875,92.233047,90.994820
1435,11.958333,-0.006053,0.585406,0.018827,0.810499,-196.416412,92.231560,91.011490
1436,11.966667,-0.006596,0.585854,0.018807,0.810171,-196.424637,92.238594,91.034927
1437,11.975000,-0.006192,0.585762,0.019860,0.810216,-196.463120,92.229317,91.062752
1438,11.983333,-0.006035,0.585533,0.020951,0.810355,-196.505417,92.223099,91.089607
1439,11.991667,-0.005672,0.585464,0.022346,0.810371,-196.540039,92.218643,91.119209
1440,12.000000,-0.005418,0.585439,0.023520,0.810357,-196.565338,92.218521,91.143013
1441,12.008333,-0.005317,0.585375,0.024354,0.810380,-196.587723,92.218628,91.159904
1442,12.016667,-0.005601,0.585439,0.024879,0.810315,-196.608780,92.220612,91.169510
1443,12.025000,-0.005860,0.585632,0.025487,0.810155,-196.626328,92.219147,91.177956
1444,12.033333,-0.005722,0.585679,0.025746,0.810114,-196.636276,92.217697,91.187431
1445,12.041667,-0.005678,0.585666,0.025915,0.810118,-196.640228,92.217232,91.189178
1446,12.050000,-0.005664,0.585676,0.025899,0.810112,-196.639725,92.217293,91.188034
1447,12.058333,-0.005533,0.585606,0.025657,0.810171,-196.632706,92.217018,91.187576
1448,12.066667,-0.005655,0.585552,0.025190,0.810224,-196.621918,92.218391,91.178909
1449,12.075000,-0.005403,0.585463,0.024676,0.810306,-196.602554,92.218163,91.168282
1450,12.083333,-0.005483,0.585297,0.024027,0.810444,-196.579498,92.218300,91.155457
1451,12.091667,-0.005694,0.585292,0.023252,0.810469,-196.555191,92.218643,91.140137
1452,12.100000,-0.005791,0.585274,0.022252,0.810510,-196.530609,92.221710,91.118912
1453,12.108333,-0.005869,0.585244,0.021141,0.810560,-196.500549,92.221863,91.093742
1454,12.116667,-0.005856,0.585377,0.020340,0.810485,-196.470276,92.224106,91.064552
1455,12.125000,-0.006678,0.585950,0.019176,0.810093,-196.435837,92.236588,91.037056
1456,12.133333,-0.006450,0.585721,0.018984,0.810265,-196.425613,92.233078,91.023407
1457,12.141667,-0.006001,0.585509,0.018982,0.810422,-196.421295,92.231018,91.016830
1458,12.150000,-0.005858,0.585400,0.019177,0.810496,-196.425369,92.230690,91.019615
1459,12.158333,-0.006703,0.585752,0.018681,0.810247,-196.424713,92.238228,91.027939
1460,12.166667,-0.007329,0.585812,0.019038,0.810190,-196.443954,92.240768,91.042366
1461,12.175000,-0.006248,0.585498,0.020114,0.810400,-196.472626,92.226189,91.071571
1462,12.183333,-0.005737,0.585307,0.021171,0.810515,-196.503296,92.220695,91.097893
1463,12.191667,-0.005321,0.585163,0.022097,0.810597,-196.530670,92.218636,91.120232
1464,12.200000,-0.005480,0.585127,0.022981,0.810597,-196.551758,92.217842,91.135902
1465,12.208333,-0.005442,0.585171,0.023604,0.810548,-196.568054,92.219170,91.147446
1466,12.216667,-0.005566,0.585217,0.023997,0.810502,-196.579163,92.219231,91.156143
1467,12.225000,-0.005662,0.585240,0.024115,0.810481,-196.587051,92.220131,91.161331
1468,12.233333,-0.005607,0.585292,0.024324,0.810438,-196.591736,92.218491,91.162651
1469,12.241667,-0.005508,0.585329,0.024279,0.810413,-196.592712,92.219139,91.161957
1470,12.250000,-0.005394,0.585247,0.024166,0.810477,-196.587997,92.219330,91.158363
1471,12.258333,-0.005565,0.585227,0.023963,0.810496,-196.579498,92.218132,91.152260
1472,12.266667,-0.005603,0.585209,0.023541,0.810521,-196.566925,92.218719,91.143715
1473,12.275000,-0.005729,0.585187,0.023070,0.810550,-196.550720,92.219772,91.131340
1474,12.283333,-0.005724,0.585163,0.022380,0.810586,-196.531982,92.221924,91.116867
1475,12.291667,-0.006013,0.585156,0.021561,0.810612,-196.508301,92.223152,91.099014
1476,12.300000,-0.005885,0.585170,0.020750,0.810624,-196.481415,92.222206,91.076012
1477,12.308333,-0.006759,0.585683,0.019598,0.810275,-196.449738,92.232880,91.052040
1478,12.316667,-0.007185,0.585760,0.019112,0.810227,-196.436157,92.239113,91.035423
1479,12.325000,-0.007609,0.585631,0.018517,0.810330,-196.431595,92.246262,91.028732
1480,12.333333,-0.008099,0.585579,0.018306,0.810368,-196.436279,92.251320,91.027138
1481,12.341667,-0.008554,0.585477,0.018098,0.810442,-196.450500,92.256424,91.032631
1482,12.350000,-0.006651,0.585390,0.019608,0.810487,-196.465012,92.231407,91.064987
1483,12.358333,-0.006018,0.585201,0.020594,0.810604,-196.493317,92.223778,91.093895
1484,12.366667,-0.005584,0.585172,0.021626,0.810602,-196.519119,92.221527,91.114220
1485,12.375000,-0.005509,0.585170,0.022533,0.810579,-196.539841,92.220276,91.128029
1486,12.383333,-0.005632,0.585134,0.023250,0.810584,-196.554321,92.219696,91.138519
1487,12.391667,-0.005668,0.585111,0.023493,0.810593,-196.564102,92.219421,91.144920
1488,12.400000,-0.005701,0.585126,0.023597,0.810579,-196.569260,92.219185,91.148216
1489,12.408333,-0.005633,0.585177,0.023579,0.810543,-196.572739,92.219696,91.148811
1490,12.416667,-0.005470,0.585171,0.023677,0.810546,-196.572021,92.219452,91.147522
1491,12.425000,-0.005673,0.585137,0.023494,0.810574,-196.566956,92.219421,91.144028
1492,12.433333,-0.005653,0.585156,0.023415,0.810563,-196.559509,92.220123,91.138115
1493,12.441667,-0.005716,0.585156,0.022974,0.810575,-196.547241,92.220314,91.129272
1494,12.450000,-0.005867,0.585132,0.022319,0.810610,-196.531830,92.220909,91.117317
1495,12.458333,-0.005905,0.585055,0.021550,0.810686,-196.509491,92.221909,91.101097
1496,12.466667,-0.006014,0.585099,0.020878,0.810671,-196.485977,92.221024,91.081497
1497,12.475000,-0.005901,0.585114,0.020211,0.810677,-196.465988,92.223648,91.060562
1498,12.483333,-0.006779,0.585546,0.019185,0.810384,-196.442902,92.234299,91.045860
1499,12.491667,-0.007293,0.585590,0.018708,0.810358,-196.437759,92.240974,91.038673
1500,12.500000,-0.007798,0.585506,0.018430,0.810421,-196.443222,92.246277,91.037766
1501,12.508333,-0.006308,0.585325,0.019692,0.810535,-196.458542,92.228996,91.061363
1502,12.516667,-0.006050,0.585127,0.020429,0.810662,-196.482712,92.223412,91.081230
1503,12.525000,-0.005691,0.585085,0.021209,0.810675,-196.505875,92.221855,91.101196
1504,12.533333,-0.005708,0.584999,0.021787,0.810721,-196.525665,92.221741,91.117516
1505,12.541667,-0.005612,0.585073,0.022547,0.810647,-196.540207,92.221474,91.127098
1506,12.550000,-0.005535,0.585105,0.022988,0.810613,-196.549698,92.219017,91.135071
1507,12.558333,-0.005590,0.585120,0.023133,0.810598,-196.557098,92.220001,91.139725
1508,12.566667,-0.005600,0.585131,0.023207,0.810588,-196.560654,92.219620,91.139946
1509,12.575000,-0.005625,0.585116,0.023123,0.810600,-196.560913,92.219589,91.138672
1510,12.583333,-0.005639,0.585115,0.023175,0.810599,-196.557251,92.219193,91.137543
1511,12.591667,-0.005698,0.585086,0.023091,0.810622,-196.549271,92.219093,91.131409
1512,12.600000,-0.005769,0.585042,0.022542,0.810669,-196.537964,92.220726,91.121796
1513,12.608333,-0.005754,0.585014,0.021946,0.810706,-196.521133,92.221207,91.110176
1514,12.616667,-0.005863,0.584958,0.021218,0.810765,-196.499115,92.222130,91.091866
1515,12.625000,-0.006029,0.584998,0.020595,0.810751,-196.477905,92.222878,91.073616
1516,12.633333,-0.006065,0.585115,0.020020,0.810680,-196.463196,92.224136,91.058144
1517,12.641667,-0.007045,0.585559,0.019204,0.810372,-196.445770,92.235474,91.051125
1518,12.650000,-0.006472,0.585388,0.019512,0.810493,-196.450562,92.231300,91.054192
1519,12.658333,-0.006080,0.585121,0.020131,0.810674,-196.466232,92.225960,91.064194
1520,12.666667,-0.005940,0.585052,0.020544,0.810714,-196.483414,92.222672,91.080338
1521,12.675000,-0.005830,0.585025,0.020971,0.810723,-196.501678,92.222588,91.097122
1522,12.683333,-0.005536,0.585018,0.021650,0.810713,-196.518631,92.223335,91.112617
1523,12.691667,-0.005728,0.585001,0.022138,0.810710,-196.533295,92.223488,91.121918
1524,12.700000,-0.005784,0.585067,0.022575,0.810650,-196.541443,92.222389,91.127274
1525,12.708333,-0.005702,0.585083,0.022650,0.810637,-196.545670,92.219978,91.130768
1526,12.716667,-0.005771,0.585099,0.022820,0.810620,-196.547287,92.220467,91.130630
1527,12.725000,-0.005719,0.585074,0.022663,0.810643,-196.544617,92.221001,91.127708
1528,12.733333,-0.005725,0.585049,0.022411,0.810668,-196.538727,92.221298,91.123512
1529,12.741667,-0.005796,0.584982,0.022066,0.810725,-196.528259,92.221298,91.115334
1530,12.750000,-0.005826,0.585014,0.021650,0.810714,-196.513016,92.222626,91.103020
1531,12.758333,-0.005845,0.584992,0.021083,0.810744,-196.496933,92.224602,91.088417
1532,12.766667,-0.005825,0.585045,0.020541,0.810720,-196.478165,92.224266,91.072258
1533,12.775000,-0.005953,0.585110,0.020119,0.810683,-196.466858,92.225372,91.061012
1534,12.783333,-0.005960,0.585142,0.019890,0.810665,-196.462601,92.225952,91.059143
1535,12.791667,-0.006168,0.585146,0.020037,0.810657,-196.465561,92.224976,91.062096
1536,12.800000,-0.006135,0.585150,0.020301,0.810648,-196.477585,92.225098,91.074791
1537,12.808333,-0.005980,0.585052,0.020656,0.810711,-196.491928,92.224556,91.090828
1538,12.816667,-0.005841,0.585055,0.021270,0.810694,-196.505569,92.222664,91.104088
1539,12.825000,-0.005759,0.585000,0.021624,0.810725,-196.517319,92.222847,91.111679
1540,12.833333,-0.005879,0.585015,0.021811,0.810708,-196.525192,92.220840,91.115059
1541,12.841667,-0.005757,0.585025,0.021966,0.810697,-196.527039,92.220612,91.116493
1542,12.850000,-0.005627,0.584951,0.021904,0.810753,-196.523804,92.222031,91.115417
1543,12.858333,-0.005785,0.584957,0.021721,0.810753,-196.518402,92.223015,91.108116
1544,12.866667,-0.005736,0.584981,0.021312,0.810747,-196.510040,92.223099,91.101143
1545,12.875000,-0.005748,0.584971,0.020988,0.810762,-196.498093,92.223206,91.090569
1546,12.883333,-0.005943,0.584992,0.020626,0.810755,-196.484772,92.222595,91.078690
1547,12.891667,-0.006100,0.585019,0.020264,0.810744,-196.478699,92.223816,91.068008
1548,12.900000,-0.006062,0.585044,0.020099,0.810730,-196.476822,92.222008,91.069946
1549,12.908333,-0.006038,0.585109,0.020454,0.810674,-196.486343,92.223701,91.079948
1550,12.916667,-0.006023,0.585058,0.020770,0.810703,-196.495621,92.223969,91.088684
1551,12.925000,-0.005961,0.584976,0.021080,0.810755,-196.501282,92.224030,91.095482
1552,12.933333,-0.005777,0.584913,0.021335,0.810794,-196.502747,92.224075,91.096695
1553,12.941667,-0.005822,0.584866,0.021253,0.810831,-196.501526,92.224312,91.095444
1554,12.950000,-0.005743,0.584855,0.021089,0.810843,-196.494965,92.222847,91.090515
1555,12.958333,-0.005799,0.584889,0.020652,0.810830,-196.485580,92.222061,91.082901
1556,12.966667,-0.005897,0.584978,0.020404,0.810771,-196.480698,92.222504,91.077240
1557,12.975000,-0.005950,0.585009,0.020221,0.810753,-196.483459,92.223778,91.080154
1558,12.983333,-0.005850,0.585050,0.020511,0.810717,-196.489502,92.223824,91.086891
1559,12.991667,-0.005969,0.584942,0.020750,0.810788,-196.494781,92.223686,91.091133
1560,13.000000,-0.005893,0.584920,0.020891,0.810800,-196.497833,92.224060,91.090790
1561,13.008333,-0.005899,0.584947,0.020866,0.810782,-196.495300,92.223145,91.088379
1562,13.016667,-0.005970,0.584912,0.020569,0.810814,-196.489761,92.222473,91.083595
1563,13.025000,-0.005989,0.584954,0.020494,0.810786,-196.489532,92.224281,91.080566
1564,13.033333,-0.005911,0.584991,0.020517,0.810758,-196.490738,92.224106,91.083855
1565,13.041667,-0.005897,0.584948,0.020532,0.810789,-196.489410,92.222778,91.084862
1566,13.050000,-0.005966,0.584904,0.020583,0.810819,-196.488098,92.222633,91.082062
1567,13.058333,-0.006024,0.584941,0.020585,0.810792,-196.487717,92.222801,91.081146
1568,13.066667,-0.005894,0.584962,0.020517,0.810780,-196.486603,92.223045,91.082611
1569,13.075000,-0.005989,0.585018,0.020573,0.810737,-196.486221,92.223015,91.081581
1570,13.083333,-0.005960,0.584951,0.020576,0.810786,-196.486115,92.222824,91.081360
1571,13.091667,-0.005989,0.584963,0.020674,0.810775,-196.485977,92.222771,91.082855
1572,13.100000,-0.005961,0.584966,0.020724,0.810771,-196.485718,92.223511,91.082809
1573,13.108333,-0.005859,0.584915,0.020601,0.810812,-196.486618,92.223915,91.083717
1574,13.116667,-0.005851,0.584935,0.020610,0.810797,-196.486618,92.223618,91.083885
1575,13.125000,-0.005959,0.584961,0.020628,0.810777,-196.487289,92.223236,91.083748
1576,13.133333,-0.005857,0.584948,0.020557,0.810789,-196.487854,92.222916,91.084702
1577,13.141667,-0.006022,0.584994,0.020571,0.810754,-196.490021,92.223236,91.084541
1578,13.150000,-0.005965,0.584993,0.020682,0.810753,-196.490128,92.222763,91.084450
1579,13.158333,-0.005897,0.584941,0.020593,0.810793,-196.490204,92.223343,91.085060
1580,13.166667,-0.005928,0.584954,0.020576,0.810784,-196.490524,92.223259,91.084480
1581,13.175000,-0.005901,0.585009,0.020603,0.810744,-196.490341,92.222855,91.083603
1582,13.183333,-0.005913,0.584940,0.020536,0.810795,-196.490189,92.223213,91.083893
1583,13.191667,-0.005858,0.584927,0.020548,0.810804,-196.489441,92.223167,91.083229
1584,13.200000,-0.006024,0.584937,0.020563,0.810795,-196.488770,92.223419,91.082603
1585,13.208333,-0.005882,0.584967,0.020576,0.810775,-196.487473,92.223015,91.081871
1586,13.216667,-0.005906,0.584934,0.020558,0.810799,-196.486740,92.221657,91.081917
1587,13.225000,-0.006027,0.584994,0.020556,0.810755,-196.487350,92.223862,91.082024
1588,13.233333,-0.005993,0.584997,0.020561,0.810753,-196.485825,92.222038,91.082336
1589,13.241667,-0.005968,0.584993,0.020618,0.810754,-196.485443,92.222641,91.082596
1590,13.250000,-0.005844,0.584974,0.020558,0.810770,-196.486145,92.223526,91.082413
1591,13.258333,-0.005859,0.584942,0.020468,0.810796,-196.486588,92.223114,91.083679
1592,13.266667,-0.005901,0.584936,0.020563,0.810798,-196.486572,92.222878,91.084137
1593,13.275000,-0.005993,0.584956,0.020689,0.810779,-196.487686,92.223999,91.084274
1594,13.283333,-0.005945,0.584933,0.020657,0.810797,-196.488739,92.224060,91.085144
1595,13.291667,-0.006091,0.584958,0.020648,0.810778,-196.489258,92.222542,91.085022
1596,13.300000,-0.006011,0.584983,0.020663,0.810760,-196.490280,92.223152,91.084946
1597,13.308333,-0.005866,0.584978,0.020589,0.810767,-196.490280,92.223671,91.084625
1598,13.316667,-0.005901,0.584966,0.020619,0.810774,-196.489639,92.223480,91.084061
1599,13.325000,-0.005802,0.584946,0.020596,0.810790,-196.490311,92.224663,91.084213
1600,13.333333,-0.005950,0.584980,0.020683,0.810762,-196.489639,92.223679,91.083763
1601,13.341667,-0.005853,0.584961,0.020632,0.810778,-196.488983,92.223473,91.083298
1602,13.350000,-0.005900,0.584938,0.020604,0.810795,-196.487961,92.222801,91.082726
1603,13.358333,-0.005977,0.584980,0.020680,0.810762,-196.487961,92.222992,91.081978
1604,13.366667,-0.005813,0.584943,0.020584,0.810792,-196.486832,92.223969,91.082558
1605,13.375000,-0.005839,0.584935,0.020692,0.810795,-196.485550,92.223167,91.082298
