Format Version,1.25,Take Name,Take 2025-11-27 05.08.40 PM,Take Notes,,Capture Frame Rate,120.000000,Export Frame Rate,120.000000,Capture Start Time,2025-11-27 05.08.41.498 PM,Capture Start Frame,30645,Total Frames in Take,1317,Total Exported Frames,1317,Rotation Type,Quaternion,Length Units,Centimeters,Coordinate Space,Global

,Type,Rigid Body,Rigid Body,Rigid Body,Rigid Body,Rigid Body,Rigid Body,Rigid Body
,Name,SEE_large,SEE_large,SEE_large,SEE_large,SEE_large,SEE_large,SEE_large
,ID,B4680608301811F031C44B617C10C291,B4680608301811F031C44B617C10C291,B4680608301811F031C44B617C10C291,B4680608301811F031C44B617C10C291,B4680608301811F031C44B617C10C291,B4680608301811F031C44B617C10C291,B4680608301811F031C44B617C10C291
,Parent,,,,,,,
,,Rotation,Rotation,Rotation,Rotation,Position,Position,Position
Frame,Time (Seconds),X,Y,Z,W,X,Y,Z
0,0.000000,-0.007143,0.393038,0.009008,0.919451,-215.910934,92.246483,83.939049
1,0.008333,-0.006946,0.393099,0.009123,0.919425,-215.913345,92.244728,83.938179
2,0.016667,-0.006933,0.393138,0.009109,0.919408,-215.914749,92.244896,83.939087
3,0.025000,-0.007021,0.393143,0.009156,0.919405,-215.914612,92.243660,83.940353
4,0.033333,-0.007312,0.393038,0.009354,0.919446,-215.913940,92.244286,83.941620
5,0.041667,-0.007342,0.392999,0.009275,0.919463,-215.913101,92.244865,83.943245
6,0.050000,-0.007308,0.392973,0.009169,0.919475,-215.912048,92.245064,83.945427
7,0.058333,-0.007376,0.392918,0.009104,0.919499,-215.909363,92.245789,83.947693
8,0.066667,-0.007383,0.392914,0.009026,0.919501,-215.905579,92.246422,83.950134
9,0.075000,-0.007200,0.392884,0.009095,0.919515,-215.901855,92.247681,83.954887
10,0.083333,-0.007062,0.392952,0.009250,0.919486,-215.901779,92.246750,83.955727
11,0.091667,-0.007044,0.392961,0.009396,0.919480,-215.901138,92.245667,83.953133
12,0.100000,-0.007091,0.392914,0.009262,0.919501,-215.901855,92.245361,83.952347
13,0.108333,-0.007132,0.392953,0.009200,0.919485,-215.902237,92.245636,83.950386
14,0.116667,-0.007181,0.392927,0.009215,0.919496,-215.903549,92.244751,83.946686
15,0.125000,-0.007349,0.392972,0.009180,0.919475,-215.906433,92.245712,83.942085
16,0.133333,-0.007249,0.393025,0.009171,0.919453,-215.908859,92.246536,83.940636
17,0.141667,-0.007184,0.393074,0.009067,0.919434,-215.910126,92.246834,83.939171
18,0.150000,-0.007219,0.392960,0.009018,0.919483,-215.911697,92.245590,83.938187
19,0.158333,-0.007108,0.393085,0.009138,0.919429,-215.912628,92.243919,83.937820
20,0.166667,-0.007033,0.393123,0.009090,0.919414,-215.914032,92.244385,83.937965
21,0.175000,-0.007082,0.393079,0.009146,0.919432,-215.914124,92.245224,83.938828
22,0.183333,-0.007116,0.393043,0.009188,0.919447,-215.913773,92.244759,83.940933
23,0.191667,-0.007194,0.393064,0.009196,0.919437,-215.912766,92.244820,83.942215
24,0.200000,-0.007321,0.392963,0.009171,0.919479,-215.911774,92.244438,83.944939
25,0.208333,-0.007274,0.392934,0.009183,0.919492,-215.909882,92.245392,83.947273
26,0.216667,-0.007154,0.392992,0.009113,0.919469,-215.906342,92.245552,83.950333
27,0.225000,-0.007104,0.392970,0.009222,0.919478,-215.902191,92.245247,83.953690
28,0.233333,-0.007131,0.392980,0.009107,0.919474,-215.901947,92.245834,83.954865
29,0.241667,-0.007118,0.392954,0.009264,0.919484,-215.900894,92.244919,83.952461
30,0.250000,-0.007203,0.392989,0.009303,0.919468,-215.901276,92.245171,83.950630
31,0.258333,-0.007121,0.392957,0.009291,0.919482,-215.903091,92.246696,83.950783
32,0.266667,-0.007222,0.392965,0.009296,0.919478,-215.904572,92.246819,83.946854
33,0.275000,-0.007245,0.392945,0.009297,0.919486,-215.906311,92.245483,83.943001
34,0.283333,-0.007282,0.393022,0.009183,0.919455,-215.909409,92.245544,83.939255
35,0.291667,-0.007349,0.393064,0.009223,0.919435,-215.911621,92.245056,83.937309
36,0.300000,-0.007275,0.393053,0.009144,0.919442,-215.913101,92.245140,83.935593
37,0.308333,-0.007224,0.393049,0.009191,0.919443,-215.914963,92.244209,83.935890
38,0.316667,-0.007247,0.393031,0.009055,0.919452,-215.915680,92.244354,83.936066
39,0.325000,-0.007264,0.393041,0.009195,0.919446,-215.916519,92.244247,83.936531
40,0.333333,-0.007224,0.393055,0.009341,0.919439,-215.916916,92.243843,83.937378
41,0.341667,-0.007332,0.393049,0.009278,0.919442,-215.916702,92.242477,83.939392
42,0.350000,-0.007345,0.393039,0.009301,0.919446,-215.914322,92.243134,83.942635
43,0.358333,-0.007226,0.392971,0.009244,0.919476,-215.911575,92.244446,83.946358
44,0.366667,-0.007176,0.393005,0.009130,0.919463,-215.906952,92.246468,83.949791
45,0.375000,-0.007086,0.392960,0.009120,0.919483,-215.902588,92.247375,83.953705
46,0.383333,-0.006979,0.392950,0.009218,0.919487,-215.901871,92.247322,83.953659
47,0.391667,-0.007071,0.392961,0.009198,0.919482,-215.901855,92.245758,83.950600
48,0.400000,-0.007294,0.392948,0.008995,0.919488,-215.903122,92.245911,83.949562
49,0.408333,-0.007342,0.392914,0.008986,0.919502,-215.904114,92.247955,83.948532
50,0.416667,-0.007332,0.392930,0.009027,0.919495,-215.905289,92.248085,83.945236
51,0.425000,-0.007295,0.392949,0.009142,0.919486,-215.907074,92.246033,83.942993
52,0.433333,-0.007134,0.393045,0.009109,0.919446,-215.911072,92.244698,83.940926
53,0.441667,-0.007161,0.393068,0.009166,0.919436,-215.913773,92.243553,83.938278
54,0.450000,-0.007204,0.393059,0.009162,0.919439,-215.915817,92.242973,83.937180
55,0.458333,-0.007145,0.393017,0.009101,0.919459,-215.916702,92.243286,83.936630
56,0.466667,-0.007162,0.393027,0.009029,0.919455,-215.919159,92.243347,83.936096
57,0.475000,-0.007222,0.393018,0.009208,0.919456,-215.919357,92.243134,83.936218
58,0.483333,-0.007325,0.393085,0.009177,0.919427,-215.920425,92.243729,83.937111
59,0.491667,-0.007331,0.393007,0.009096,0.919461,-215.918915,92.244118,83.940247
60,0.500000,-0.007369,0.393046,0.009133,0.919444,-215.916138,92.243752,83.942123
61,0.508333,-0.007354,0.393039,0.009125,0.919447,-215.912582,92.246780,83.946915
62,0.516667,-0.007276,0.393001,0.009171,0.919464,-215.908173,92.246223,83.951729
63,0.525000,-0.007115,0.392994,0.009251,0.919467,-215.905884,92.245956,83.954735
64,0.533333,-0.007054,0.393001,0.009411,0.919463,-215.905594,92.244888,83.955017
65,0.541667,-0.006994,0.392954,0.009370,0.919484,-215.906067,92.244324,83.953911
66,0.550000,-0.007088,0.392975,0.009322,0.919475,-215.907623,92.245766,83.952309
67,0.558333,-0.007198,0.392975,0.009303,0.919474,-215.908310,92.245087,83.950882
68,0.566667,-0.007324,0.392995,0.009361,0.919464,-215.910812,92.243912,83.946709
69,0.575000,-0.007282,0.393034,0.009365,0.919448,-215.913681,92.244164,83.944641
70,0.583333,-0.007054,0.393052,0.009152,0.919444,-215.916031,92.243782,83.942825
71,0.591667,-0.007270,0.393072,0.009274,0.919432,-215.916473,92.243690,83.940353
72,0.600000,-0.007438,0.393058,0.009197,0.919438,-215.918045,92.244194,83.939026
73,0.608333,-0.007319,0.393040,0.009154,0.919447,-215.919113,92.244797,83.938820
74,0.616667,-0.007235,0.393055,0.009190,0.919440,-215.918182,92.244270,83.938377
75,0.625000,-0.007145,0.393018,0.009165,0.919457,-215.918488,92.244316,83.939560
76,0.633333,-0.007062,0.393065,0.009121,0.919438,-215.917892,92.243782,83.941025
77,0.641667,-0.007171,0.393076,0.009299,0.919431,-215.916702,92.244286,83.942749
78,0.650000,-0.007306,0.393006,0.009332,0.919460,-215.915039,92.245262,83.944878
79,0.658333,-0.007292,0.392977,0.009337,0.919472,-215.913132,92.245575,83.947495
80,0.666667,-0.007172,0.392971,0.009193,0.919477,-215.911575,92.246574,83.951561
81,0.675000,-0.007004,0.392987,0.009277,0.919470,-215.910858,92.246468,83.953850
82,0.683333,-0.007064,0.392993,0.009346,0.919467,-215.910156,92.244720,83.952156
83,0.691667,-0.007137,0.392965,0.009353,0.919478,-215.910889,92.244011,83.952423
84,0.700000,-0.007029,0.393021,0.009359,0.919455,-215.912979,92.244438,83.952988
85,0.708333,-0.007096,0.393030,0.009376,0.919451,-215.914246,92.244736,83.949753
86,0.716667,-0.007129,0.393020,0.009323,0.919455,-215.915680,92.244431,83.945656
87,0.725000,-0.007122,0.392981,0.009154,0.919473,-215.918686,92.243492,83.944130
88,0.733333,-0.007104,0.393021,0.009017,0.919458,-215.920731,92.245430,83.942734
89,0.741667,-0.006979,0.393030,0.009202,0.919453,-215.921814,92.243515,83.941292
90,0.750000,-0.007058,0.393070,0.009191,0.919436,-215.923050,92.243286,83.939285
91,0.758333,-0.007027,0.393032,0.009155,0.919452,-215.923950,92.243294,83.939941
92,0.766667,-0.006913,0.393080,0.009031,0.919434,-215.923569,92.244568,83.939880
93,0.775000,-0.006938,0.393045,0.009050,0.919449,-215.921875,92.243591,83.939529
94,0.783333,-0.006875,0.393035,0.009194,0.919452,-215.921906,92.243973,83.942238
95,0.791667,-0.007015,0.393072,0.009421,0.919433,-215.920471,92.244186,83.945457
96,0.800000,-0.007010,0.393051,0.009418,0.919442,-215.918823,92.243233,83.946991
97,0.808333,-0.007082,0.393050,0.009349,0.919442,-215.918304,92.244057,83.949310
98,0.816667,-0.007121,0.393003,0.009296,0.919463,-215.918106,92.245880,83.951035
99,0.825000,-0.007062,0.393010,0.009300,0.919460,-215.916580,92.245148,83.950470
100,0.833333,-0.007068,0.392966,0.009299,0.919479,-215.916611,92.245758,83.952408
101,0.841667,-0.007076,0.392950,0.009233,0.919486,-215.916351,92.245560,83.951515
102,0.850000,-0.006948,0.392966,0.009175,0.919481,-215.916229,92.243706,83.949722
103,0.858333,-0.007045,0.393021,0.009244,0.919456,-215.916611,92.244926,83.949593
104,0.866667,-0.007096,0.393006,0.009232,0.919462,-215.917130,92.245888,83.948532
105,0.875000,-0.006973,0.392975,0.009172,0.919477,-215.917725,92.243614,83.945770
106,0.883333,-0.006985,0.392996,0.009222,0.919467,-215.919403,92.244377,83.945175
107,0.891667,-0.007065,0.393045,0.009250,0.919446,-215.920471,92.242981,83.943459
108,0.900000,-0.007066,0.393025,0.009211,0.919455,-215.921402,92.243126,83.942696
109,0.908333,-0.007122,0.393025,0.009195,0.919454,-215.922333,92.245346,83.942284
110,0.916667,-0.007185,0.392998,0.009113,0.919466,-215.922165,92.246246,83.942375
111,0.925000,-0.007059,0.393088,0.009079,0.919429,-215.921021,92.243126,83.942368
112,0.933333,-0.007042,0.393079,0.009073,0.919433,-215.920547,92.244949,83.944992
113,0.941667,-0.007021,0.393034,0.009089,0.919452,-215.919022,92.245201,83.947342
114,0.950000,-0.007085,0.392972,0.009204,0.919477,-215.917389,92.245010,83.948769
115,0.958333,-0.007201,0.392973,0.009226,0.919475,-215.915863,92.244865,83.950218
116,0.966667,-0.007112,0.392954,0.009237,0.919484,-215.914108,92.244019,83.951935
117,0.975000,-0.007022,0.393002,0.009273,0.919464,-215.912369,92.243790,83.952721
118,0.983333,-0.007019,0.393008,0.009194,0.919462,-215.911896,92.244110,83.953018
119,0.991667,-0.007045,0.392978,0.009265,0.919474,-215.912872,92.245567,83.952728
120,1.000000,-0.007013,0.393022,0.009462,0.919454,-215.912888,92.244568,83.951988
121,1.008333,-0.006866,0.393061,0.009345,0.919439,-215.914230,92.244514,83.951965
122,1.016667,-0.006886,0.393041,0.009368,0.919448,-215.915329,92.244530,83.949799
123,1.025000,-0.007023,0.393047,0.009355,0.919444,-215.916962,92.244102,83.945976
124,1.033333,-0.007125,0.393046,0.009346,0.919444,-215.918442,92.244919,83.944008
125,1.041667,-0.007166,0.393080,0.009279,0.919430,-215.920166,92.244766,83.942322
126,1.050000,-0.007043,0.393051,0.009257,0.919443,-215.921066,92.245522,83.941422
127,1.058333,-0.007148,0.393066,0.009250,0.919436,-215.920929,92.245415,83.940681
128,1.066667,-0.007210,0.393074,0.009206,0.919433,-215.920349,92.245598,83.940887
129,1.075000,-0.007161,0.393041,0.009170,0.919447,-215.919373,92.245987,83.941032
130,1.083333,-0.007148,0.393054,0.009214,0.919441,-215.917969,92.246582,83.943619
131,1.091667,-0.007109,0.393065,0.009172,0.919437,-215.916321,92.245850,83.945496
132,1.100000,-0.007120,0.393010,0.009095,0.919462,-215.914536,92.243866,83.947319
133,1.108333,-0.007149,0.393018,0.008926,0.919460,-215.913437,92.245468,83.948616
134,1.116667,-0.007063,0.392992,0.009094,0.919470,-215.911514,92.245255,83.951279
135,1.125000,-0.007022,0.392988,0.009246,0.919470,-215.911102,92.246094,83.953026
136,1.133333,-0.007107,0.392987,0.009230,0.919470,-215.910812,92.246666,83.953514
137,1.141667,-0.007130,0.392958,0.009324,0.919481,-215.910522,92.245049,83.952858
138,1.150000,-0.007226,0.392938,0.009298,0.919489,-215.911057,92.244080,83.951500
139,1.158333,-0.007177,0.393025,0.009332,0.919452,-215.912079,92.243683,83.950302
140,1.166667,-0.007222,0.393026,0.009156,0.919454,-215.913528,92.244690,83.948479
141,1.175000,-0.007165,0.393022,0.009229,0.919455,-215.915268,92.244835,83.945557
142,1.183333,-0.007111,0.393042,0.009212,0.919447,-215.917038,92.244461,83.943138
143,1.191667,-0.007012,0.393084,0.009265,0.919429,-215.918304,92.243538,83.942238
144,1.200000,-0.006979,0.393072,0.009253,0.919435,-215.918564,92.243973,83.941200
145,1.208333,-0.007108,0.393080,0.009135,0.919431,-215.919327,92.243088,83.940277
146,1.216667,-0.007220,0.393072,0.008978,0.919435,-215.919449,92.243378,83.940247
147,1.225000,-0.007142,0.393024,0.009080,0.919456,-215.919144,92.242935,83.942322
148,1.233333,-0.007112,0.393007,0.009148,0.919463,-215.918274,92.243515,83.944283
149,1.241667,-0.007109,0.392994,0.009094,0.919469,-215.916824,92.244415,83.945541
150,1.250000,-0.007104,0.393004,0.009077,0.919465,-215.915390,92.244095,83.948151
151,1.258333,-0.007124,0.392977,0.009033,0.919476,-215.914017,92.244713,83.950104
152,1.266667,-0.007193,0.393018,0.009146,0.919457,-215.912384,92.244881,83.951775
153,1.275000,-0.007222,0.392947,0.009346,0.919485,-215.911789,92.244736,83.953468
154,1.283333,-0.007136,0.393040,0.009480,0.919445,-215.911224,92.244255,83.953079
155,1.291667,-0.007107,0.393003,0.009388,0.919462,-215.911743,92.244011,83.953865
156,1.300000,-0.007098,0.393059,0.009406,0.919438,-215.911606,92.243195,83.951195
157,1.308333,-0.007192,0.393056,0.009415,0.919438,-215.911987,92.243530,83.948296
158,1.316667,-0.007279,0.393049,0.009321,0.919441,-215.912704,92.243942,83.945831
159,1.325000,-0.007271,0.393051,0.009263,0.919441,-215.913910,92.242851,83.943382
160,1.333333,-0.007111,0.393062,0.009191,0.919439,-215.916031,92.244408,83.941940
161,1.341667,-0.006974,0.393085,0.009239,0.919429,-215.916916,92.243279,83.939949
162,1.350000,-0.007032,0.393099,0.009264,0.919423,-215.918472,92.243073,83.939331
163,1.358333,-0.007089,0.393033,0.009078,0.919452,-215.919403,92.244064,83.938889
164,1.366667,-0.007165,0.393068,0.009095,0.919437,-215.920349,92.245338,83.938622
165,1.375000,-0.007229,0.393057,0.009107,0.919441,-215.919632,92.244377,83.940247
166,1.383333,-0.007105,0.393048,0.009016,0.919446,-215.920288,92.243843,83.944412
167,1.391667,-0.007045,0.393051,0.009164,0.919444,-215.919525,92.243874,83.945976
168,1.400000,-0.007152,0.393053,0.009185,0.919442,-215.918427,92.244530,83.948540
169,1.408333,-0.007028,0.393057,0.009257,0.919441,-215.917374,92.244926,83.951668
170,1.416667,-0.006939,0.393062,0.009277,0.919439,-215.916656,92.244881,83.953079
171,1.425000,-0.006908,0.393050,0.009340,0.919444,-215.915726,92.244209,83.953407
172,1.433333,-0.007088,0.393054,0.009400,0.919440,-215.915131,92.245354,83.952484
173,1.441667,-0.007097,0.393037,0.009462,0.919447,-215.913773,92.244301,83.951851
174,1.450000,-0.007099,0.392991,0.009380,0.919467,-215.913559,92.243454,83.949867
175,1.458333,-0.007167,0.393078,0.009397,0.919429,-215.913467,92.243423,83.946297
176,1.466667,-0.007226,0.393043,0.009270,0.919445,-215.912415,92.245201,83.944138
177,1.475000,-0.007162,0.393030,0.009148,0.919452,-215.911652,92.245766,83.941666
178,1.483333,-0.007034,0.393050,0.009098,0.919445,-215.910004,92.245056,83.939560
179,1.491667,-0.007029,0.393026,0.009203,0.919454,-215.908600,92.245346,83.937050
180,1.500000,-0.007160,0.392971,0.009065,0.919478,-215.907532,92.244926,83.933479
181,1.508333,-0.007131,0.393078,0.008984,0.919434,-215.907593,92.246269,83.933861
182,1.516667,-0.007078,0.393047,0.009023,0.919447,-215.907196,92.246803,83.934380
183,1.525000,-0.007085,0.393025,0.009090,0.919456,-215.906647,92.245636,83.935516
184,1.533333,-0.007180,0.392949,0.009172,0.919487,-215.907150,92.246719,83.937279
185,1.541667,-0.007160,0.392963,0.009217,0.919480,-215.907288,92.248184,83.941399
186,1.550000,-0.007148,0.392989,0.009179,0.919470,-215.909363,92.248741,83.945015
187,1.558333,-0.007119,0.393010,0.009014,0.919462,-215.909363,92.246704,83.947548
188,1.566667,-0.007206,0.393077,0.008921,0.919434,-215.909882,92.246407,83.948532
189,1.575000,-0.007119,0.393048,0.009029,0.919446,-215.909485,92.245667,83.950356
190,1.583333,-0.007102,0.393051,0.009195,0.919443,-215.908997,92.245659,83.951965
191,1.591667,-0.007127,0.393027,0.009296,0.919452,-215.908524,92.245934,83.951775
192,1.600000,-0.007012,0.392995,0.009336,0.919466,-215.907364,92.245689,83.951149
193,1.608333,-0.007034,0.393013,0.009223,0.919460,-215.906006,92.246918,83.949806
194,1.616667,-0.007149,0.392947,0.009196,0.919487,-215.904480,92.247055,83.946022
195,1.625000,-0.007236,0.392930,0.009090,0.919495,-215.904022,92.248055,83.943069
196,1.633333,-0.007185,0.392961,0.009013,0.919483,-215.903442,92.247810,83.940552
197,1.641667,-0.007247,0.392997,0.008889,0.919468,-215.902496,92.248138,83.938217
198,1.650000,-0.007230,0.392980,0.008904,0.919475,-215.903122,92.248947,83.937599
199,1.658333,-0.007310,0.392977,0.009127,0.919474,-215.903259,92.248863,83.936653
200,1.666667,-0.007241,0.393030,0.009059,0.919453,-215.904449,92.248253,83.938049
201,1.675000,-0.007122,0.393111,0.009323,0.919416,-215.905685,92.245743,83.938309
202,1.683333,-0.007157,0.393041,0.009230,0.919447,-215.909866,92.245140,83.939278
203,1.691667,-0.007424,0.393094,0.009357,0.919421,-215.914154,92.244797,83.937035
204,1.700000,-0.007571,0.393178,0.009382,0.919384,-215.921997,92.244179,83.937088
205,1.708333,-0.007492,0.393350,0.009430,0.919310,-215.929031,92.244148,83.941025
206,1.716667,-0.007480,0.393760,0.009484,0.919134,-215.937180,92.244499,83.944931
207,1.725000,-0.007563,0.394296,0.009579,0.918902,-215.945099,92.245461,83.950722
208,1.733333,-0.007631,0.394802,0.009581,0.918684,-215.954132,92.246399,83.953949
209,1.741667,-0.007904,0.395134,0.009918,0.918536,-215.962173,92.243866,83.954811
210,1.750000,-0.007897,0.395258,0.010456,0.918477,-215.970322,92.241264,83.955437
211,1.758333,-0.007972,0.395114,0.010883,0.918533,-215.978577,92.237900,83.951523
212,1.766667,-0.007994,0.395070,0.011081,0.918549,-215.986008,92.235939,83.947472
213,1.775000,-0.008096,0.395122,0.011223,0.918524,-215.992279,92.235603,83.947029
214,1.783333,-0.008206,0.395204,0.011516,0.918485,-215.999222,92.237183,83.947609
215,1.791667,-0.008182,0.395258,0.011745,0.918458,-216.006653,92.237282,83.946472
216,1.800000,-0.008271,0.394941,0.012155,0.918589,-216.020584,92.238106,83.949181
217,1.808333,-0.008440,0.394901,0.012259,0.918603,-216.032059,92.240540,83.949120
218,1.816667,-0.008204,0.395007,0.012796,0.918552,-216.040543,92.238342,83.953598
219,1.825000,-0.008224,0.395009,0.012979,0.918549,-216.049835,92.240089,83.956581
220,1.833333,-0.008003,0.394844,0.014843,0.918593,-216.076370,92.229012,83.967361
221,1.841667,-0.007895,0.394777,0.015318,0.918616,-216.089706,92.226357,83.975128
222,1.850000,-0.008001,0.394934,0.015786,0.918539,-216.098267,92.224548,83.984108
223,1.858333,-0.007933,0.395029,0.016123,0.918493,-216.106033,92.222672,83.992584
224,1.866667,-0.007752,0.395097,0.016110,0.918465,-216.105835,92.225449,83.994217
225,1.875000,-0.007858,0.395069,0.016717,0.918466,-216.126343,92.221107,84.003067
226,1.883333,-0.007951,0.395092,0.016553,0.918458,-216.130615,92.225105,84.000000
227,1.891667,-0.008354,0.395116,0.016135,0.918451,-216.138031,92.232994,83.997955
228,1.900000,-0.008733,0.395047,0.015798,0.918483,-216.149399,92.239822,83.994858
229,1.908333,-0.008978,0.395115,0.015938,0.918450,-216.161087,92.243248,83.992210
230,1.916667,-0.009222,0.395113,0.016343,0.918441,-216.172607,92.244942,83.988770
231,1.925000,-0.009333,0.395181,0.016777,0.918403,-216.182327,92.244629,83.988297
232,1.933333,-0.009431,0.395287,0.017266,0.918347,-216.189957,92.243065,83.986519
233,1.941667,-0.009587,0.395337,0.017600,0.918317,-216.193939,92.242477,83.984962
234,1.950000,-0.009463,0.395403,0.017777,0.918287,-216.198700,92.241165,83.984550
235,1.958333,-0.009410,0.395508,0.017836,0.918241,-216.203018,92.241280,83.984558
236,1.966667,-0.009659,0.395489,0.017780,0.918248,-216.211060,92.243698,83.984863
237,1.975000,-0.009617,0.395641,0.018068,0.918177,-216.220734,92.247795,83.984634
238,1.983333,-0.009714,0.395715,0.018299,0.918140,-216.235168,92.251427,83.987137
239,1.991667,-0.009970,0.395618,0.018506,0.918175,-216.251801,92.253914,83.990356
240,2.000000,-0.010320,0.395722,0.018818,0.918119,-216.269806,92.254486,83.994690
241,2.008333,-0.010569,0.395730,0.019159,0.918106,-216.288513,92.253891,83.999405
242,2.016667,-0.010874,0.395773,0.019645,0.918074,-216.304062,92.253738,84.000900
243,2.025000,-0.010973,0.395824,0.020281,0.918037,-216.315125,92.250450,84.003433
244,2.033333,-0.011133,0.395790,0.021013,0.918033,-216.323883,92.245171,84.007607
245,2.041667,-0.011181,0.395801,0.021392,0.918019,-216.330673,92.242340,84.010117
246,2.050000,-0.011287,0.395865,0.021776,0.917981,-216.337006,92.240257,84.010239
247,2.058333,-0.011409,0.395906,0.022052,0.917955,-216.343048,92.241173,84.008888
248,2.066667,-0.011907,0.396010,0.023111,0.917878,-216.350906,92.247375,84.003983
249,2.075000,-0.012296,0.395983,0.023463,0.917875,-216.359802,92.250519,84.001129
250,2.083333,-0.012355,0.395904,0.023621,0.917905,-216.370438,92.250732,83.995888
251,2.091667,-0.012406,0.395874,0.023719,0.917915,-216.379089,92.251793,83.992676
252,2.100000,-0.012386,0.395963,0.023740,0.917876,-216.381668,92.252190,83.990807
253,2.108333,-0.012374,0.395999,0.023776,0.917860,-216.380493,92.253212,83.990257
254,2.116667,-0.012327,0.396176,0.023480,0.917791,-216.374832,92.251846,83.991127
255,2.125000,-0.012303,0.396344,0.023434,0.917720,-216.369812,92.250610,83.992897
256,2.133333,-0.012350,0.396395,0.023386,0.917699,-216.368073,92.251602,83.994499
257,2.141667,-0.012386,0.396457,0.023432,0.917671,-216.369797,92.252640,83.996643
258,2.150000,-0.012433,0.396426,0.023404,0.917684,-216.373322,92.254204,83.998596
259,2.158333,-0.012344,0.396358,0.023254,0.917719,-216.376831,92.254524,84.000481
260,2.166667,-0.012421,0.396358,0.023132,0.917721,-216.379379,92.256279,84.002731
261,2.175000,-0.012484,0.396449,0.023087,0.917682,-216.376877,92.255562,84.003609
262,2.183333,-0.012381,0.396491,0.022913,0.917669,-216.374786,92.254776,84.004578
263,2.191667,-0.012452,0.396549,0.022796,0.917646,-216.371841,92.256233,84.005836
264,2.200000,-0.012501,0.396578,0.022998,0.917628,-216.370087,92.256599,84.004578
265,2.208333,-0.012433,0.396557,0.023068,0.917636,-216.370041,92.257439,84.002800
266,2.216667,-0.012460,0.396625,0.023008,0.917608,-216.371750,92.257629,84.001343
267,2.225000,-0.012297,0.396562,0.023101,0.917635,-216.373062,92.256248,83.999054
268,2.233333,-0.012345,0.396604,0.023234,0.917613,-216.374207,92.256729,83.996269
269,2.241667,-0.012293,0.396627,0.023466,0.917598,-216.375992,92.256096,83.992264
270,2.250000,-0.012432,0.396630,0.023366,0.917597,-216.378204,92.257561,83.991714
271,2.258333,-0.012702,0.396571,0.023349,0.917619,-216.380569,92.258247,83.990189
272,2.266667,-0.012801,0.396562,0.023404,0.917620,-216.381699,92.257942,83.989319
273,2.275000,-0.012713,0.396598,0.023380,0.917607,-216.381042,92.256775,83.989601
274,2.283333,-0.012646,0.396645,0.023325,0.917589,-216.380524,92.256470,83.991898
275,2.291667,-0.012574,0.396666,0.023376,0.917579,-216.379578,92.257339,83.994125
276,2.300000,-0.012576,0.396641,0.023305,0.917592,-216.380661,92.257866,83.996254
277,2.308333,-0.012510,0.396649,0.023229,0.917591,-216.382843,92.257362,83.998413
278,2.316667,-0.012496,0.396637,0.023328,0.917594,-216.386200,92.258278,84.002289
279,2.325000,-0.012450,0.396668,0.023475,0.917577,-216.387512,92.258385,84.005013
280,2.333333,-0.012365,0.396723,0.023699,0.917549,-216.389221,92.257484,84.007713
281,2.341667,-0.012330,0.396753,0.023795,0.917534,-216.389542,92.256279,84.008148
282,2.350000,-0.012285,0.396744,0.023752,0.917540,-216.389587,92.254921,84.008011
283,2.358333,-0.012364,0.396812,0.023911,0.917505,-216.388321,92.254433,84.006981
284,2.366667,-0.012463,0.396775,0.023958,0.917519,-216.387650,92.254211,84.004280
285,2.375000,-0.012610,0.396776,0.024122,0.917512,-216.388824,92.253464,84.001068
286,2.383333,-0.012695,0.396758,0.024236,0.917515,-216.391205,92.253387,83.999596
287,2.391667,-0.012745,0.396749,0.024140,0.917521,-216.391174,92.252808,83.998550
288,2.400000,-0.012634,0.396701,0.024145,0.917543,-216.390350,92.252930,83.995644
289,2.408333,-0.012659,0.396722,0.024078,0.917536,-216.390091,92.253532,83.994308
290,2.416667,-0.012768,0.396751,0.023908,0.917526,-216.389175,92.254158,83.992538
291,2.425000,-0.012758,0.396675,0.023773,0.917563,-216.389252,92.254707,83.992622
292,2.433333,-0.012778,0.396684,0.023698,0.917560,-216.389984,92.255447,83.993683
293,2.441667,-0.012658,0.396654,0.023652,0.917576,-216.390701,92.256363,83.995438
294,2.450000,-0.012598,0.396689,0.023821,0.917557,-216.392090,92.257385,83.997177
295,2.458333,-0.012521,0.396719,0.023824,0.917546,-216.393372,92.258484,84.000755
296,2.466667,-0.012364,0.396771,0.023835,0.917525,-216.396194,92.258698,84.003891
297,2.475000,-0.012324,0.396772,0.023846,0.917525,-216.397690,92.258400,84.006577
298,2.483333,-0.012398,0.396784,0.023971,0.917515,-216.398361,92.257484,84.007385
299,2.491667,-0.012394,0.396865,0.024089,0.917477,-216.400146,92.255486,84.009399
300,2.500000,-0.012302,0.396893,0.024177,0.917464,-216.401337,92.254097,84.011032
301,2.508333,-0.012233,0.396882,0.024292,0.917466,-216.401413,92.254791,84.011253
302,2.516667,-0.012289,0.396810,0.024328,0.917496,-216.400940,92.253654,84.010185
303,2.525000,-0.012454,0.396826,0.024445,0.917484,-216.399384,92.253250,84.006538
304,2.533333,-0.012640,0.396778,0.024294,0.917506,-216.398788,92.252281,84.004173
305,2.541667,-0.012722,0.396769,0.024341,0.917508,-216.397522,92.251472,84.001038
306,2.550000,-0.012802,0.396722,0.024310,0.917528,-216.397430,92.252335,83.998138
307,2.558333,-0.012727,0.396735,0.024255,0.917525,-216.397095,92.252739,83.996185
308,2.566667,-0.012725,0.396809,0.024310,0.917491,-216.396759,92.254509,83.994278
309,2.575000,-0.012662,0.396811,0.024281,0.917492,-216.397095,92.257042,83.993958
310,2.583333,-0.012575,0.396854,0.024089,0.917479,-216.397263,92.258041,83.995483
311,2.591667,-0.012648,0.396855,0.023971,0.917481,-216.397598,92.258537,83.996727
312,2.600000,-0.012541,0.396760,0.023928,0.917525,-216.397614,92.258430,83.998764
313,2.608333,-0.012686,0.396816,0.023790,0.917502,-216.398788,92.260307,84.001198
314,2.616667,-0.012674,0.396802,0.023855,0.917507,-216.399506,92.258347,84.002876
315,2.625000,-0.012663,0.396841,0.024018,0.917486,-216.400742,92.256714,84.007828
316,2.633333,-0.012517,0.396885,0.024183,0.917464,-216.401810,92.255058,84.010666
317,2.641667,-0.012530,0.396869,0.024357,0.917466,-216.403610,92.253395,84.012749
318,2.650000,-0.012421,0.396921,0.024555,0.917440,-216.404465,92.250237,84.014305
319,2.658333,-0.012272,0.396934,0.024810,0.917430,-216.405701,92.248444,84.015228
320,2.666667,-0.012374,0.396943,0.024883,0.917423,-216.406006,92.248238,84.013802
321,2.675000,-0.012412,0.396931,0.024889,0.917427,-216.405869,92.249481,84.011475
322,2.683333,-0.012461,0.396958,0.024918,0.917414,-216.403915,92.250732,84.008392
323,2.691667,-0.012434,0.396959,0.024902,0.917414,-216.401764,92.250862,84.004196
324,2.700000,-0.012478,0.396956,0.024811,0.917417,-216.399963,92.251526,84.000648
325,2.708333,-0.012508,0.396891,0.024651,0.917450,-216.398865,92.251823,83.998260
326,2.716667,-0.012550,0.396908,0.024614,0.917442,-216.398102,92.251892,83.997345
327,2.725000,-0.012667,0.396935,0.024596,0.917430,-216.398621,92.253532,83.997475
328,2.733333,-0.012681,0.396868,0.024495,0.917461,-216.399475,92.254227,83.997505
329,2.741667,-0.012696,0.396834,0.024331,0.917480,-216.399719,92.255554,83.998055
330,2.750000,-0.012686,0.396844,0.024193,0.917480,-216.400238,92.256012,84.000183
331,2.758333,-0.012733,0.396864,0.024084,0.917473,-216.401672,92.257568,84.001495
332,2.766667,-0.012684,0.396851,0.023945,0.917483,-216.402100,92.257339,84.003349
333,2.775000,-0.012640,0.396819,0.023747,0.917503,-216.402481,92.257133,84.005264
334,2.783333,-0.012624,0.396815,0.023680,0.917506,-216.403076,92.257172,84.007370
335,2.791667,-0.012594,0.396868,0.023938,0.917477,-216.401932,92.256653,84.009491
336,2.800000,-0.012634,0.396833,0.024068,0.917488,-216.401794,92.256859,84.009644
337,2.808333,-0.012622,0.396880,0.024179,0.917465,-216.401642,92.255821,84.009781
338,2.816667,-0.012611,0.396919,0.024194,0.917448,-216.402084,92.255440,84.007576
339,2.825000,-0.012540,0.396929,0.024297,0.917442,-216.402145,92.254425,84.006630
340,2.833333,-0.012427,0.396906,0.024367,0.917452,-216.401382,92.253670,84.004196
341,2.841667,-0.012532,0.396887,0.024405,0.917457,-216.401047,92.254044,84.002213
342,2.850000,-0.012627,0.396869,0.024437,0.917463,-216.399963,92.254189,83.998810
343,2.858333,-0.012699,0.396930,0.024411,0.917436,-216.398880,92.254189,83.997604
344,2.866667,-0.012737,0.396869,0.024480,0.917460,-216.398239,92.253723,83.995834
345,2.875000,-0.012690,0.396846,0.024397,0.917473,-216.397430,92.253311,83.995506
346,2.883333,-0.012664,0.396880,0.024215,0.917464,-216.398331,92.253441,83.995911
347,2.891667,-0.012737,0.396913,0.024181,0.917449,-216.398407,92.252785,83.997238
348,2.900000,-0.012724,0.396896,0.024209,0.917456,-216.399887,92.255226,83.999146
349,2.908333,-0.012681,0.396877,0.024095,0.917468,-216.400604,92.256371,84.001945
350,2.916667,-0.012563,0.396876,0.024006,0.917472,-216.402100,92.257187,84.004723
351,2.925000,-0.012498,0.396892,0.024124,0.917463,-216.403549,92.256134,84.007584
352,2.933333,-0.012514,0.396922,0.024163,0.917449,-216.404587,92.256676,84.010193
353,2.941667,-0.012581,0.396900,0.024278,0.917455,-216.404602,92.255730,84.010460
354,2.950000,-0.012609,0.396905,0.024057,0.917458,-216.404510,92.254387,84.011337
355,2.958333,-0.012548,0.396863,0.024215,0.917472,-216.404175,92.252769,84.011475
356,2.966667,-0.012525,0.396834,0.024210,0.917486,-216.403748,92.253242,84.009850
357,2.975000,-0.012619,0.396872,0.024272,0.917466,-216.402863,92.254959,84.006912
358,2.983333,-0.012538,0.396908,0.024379,0.917449,-216.401535,92.254013,84.004349
359,2.991667,-0.012483,0.396886,0.024319,0.917461,-216.400665,92.253868,84.003540
360,3.000000,-0.012625,0.396898,0.024371,0.917452,-216.399628,92.253410,84.001389
361,3.008333,-0.012693,0.396887,0.024388,0.917455,-216.398666,92.253578,83.997551
362,3.016667,-0.012755,0.396908,0.024310,0.917448,-216.398407,92.254631,83.996292
363,3.025000,-0.012825,0.396889,0.024314,0.917455,-216.398499,92.254608,83.995781
364,3.033333,-0.012778,0.396882,0.024256,0.917460,-216.398117,92.253586,83.997269
365,3.041667,-0.012585,0.396852,0.024228,0.917476,-216.398483,92.253487,83.998444
366,3.050000,-0.012523,0.396846,0.024207,0.917480,-216.399429,92.254280,84.001251
367,3.058333,-0.012560,0.396861,0.024248,0.917472,-216.400818,92.255257,84.002869
368,3.066667,-0.012421,0.396883,0.024161,0.917467,-216.402176,92.255836,84.005859
369,3.075000,-0.012352,0.396875,0.024241,0.917469,-216.403229,92.255440,84.007584
370,3.083333,-0.012416,0.396894,0.024194,0.917462,-216.404373,92.255737,84.010178
371,3.091667,-0.012522,0.396856,0.024318,0.917473,-216.404968,92.255798,84.011253
372,3.100000,-0.012437,0.396854,0.024247,0.917477,-216.405136,92.255043,84.011116
373,3.108333,-0.012484,0.396850,0.024188,0.917480,-216.405014,92.255157,84.011467
374,3.116667,-0.012579,0.396870,0.024273,0.917467,-216.404724,92.255203,84.010002
375,3.125000,-0.012598,0.396895,0.024264,0.917457,-216.402847,92.253647,84.007751
376,3.133333,-0.012572,0.396884,0.024216,0.917463,-216.401047,92.253815,84.005424
377,3.141667,-0.012563,0.396891,0.024309,0.917458,-216.399643,92.253967,84.003220
378,3.150000,-0.012568,0.396850,0.024212,0.917478,-216.398926,92.253654,84.000511
379,3.158333,-0.012562,0.396914,0.024102,0.917453,-216.397888,92.254486,83.998154
380,3.166667,-0.012532,0.396879,0.024040,0.917471,-216.398041,92.254753,83.996948
381,3.175000,-0.012553,0.396890,0.024165,0.917462,-216.398376,92.254440,83.996704
382,3.183333,-0.012689,0.396883,0.024039,0.917467,-216.398911,92.256294,83.997940
383,3.191667,-0.012774,0.396899,0.024087,0.917457,-216.398026,92.255989,83.997299
384,3.200000,-0.012724,0.396859,0.024079,0.917476,-216.396713,92.255386,83.998909
385,3.208333,-0.012630,0.396801,0.023973,0.917505,-216.396957,92.255173,84.000931
386,3.216667,-0.012610,0.396819,0.023999,0.917496,-216.397934,92.254303,84.003174
387,3.225000,-0.012530,0.396958,0.024056,0.917436,-216.399338,92.254738,84.005676
388,3.233333,-0.012452,0.396895,0.024090,0.917463,-216.401215,92.255417,84.008614
389,3.241667,-0.012435,0.396865,0.024270,0.917472,-216.402390,92.256470,84.010384
390,3.250000,-0.012372,0.396950,0.024234,0.917437,-216.403030,92.256752,84.010521
391,3.258333,-0.012321,0.396998,0.024170,0.917418,-216.402847,92.256058,84.010551
392,3.266667,-0.012273,0.396994,0.024219,0.917420,-216.402100,92.254623,84.010941
393,3.275000,-0.012344,0.396990,0.024298,0.917418,-216.401794,92.253479,84.009254
394,3.283333,-0.012457,0.396997,0.024298,0.917414,-216.401627,92.253593,84.007126
395,3.291667,-0.012521,0.396956,0.024369,0.917429,-216.400955,92.252289,84.004654
396,3.300000,-0.012636,0.396922,0.024353,0.917442,-216.399979,92.252663,84.001495
397,3.308333,-0.012596,0.396940,0.024281,0.917437,-216.397476,92.252640,83.998840
398,3.316667,-0.012562,0.396868,0.024303,0.917468,-216.396805,92.251465,83.997261
399,3.325000,-0.012550,0.396893,0.024255,0.917459,-216.396072,92.252174,83.996124
400,3.333333,-0.012572,0.396882,0.024082,0.917467,-216.396973,92.254158,83.996635
401,3.341667,-0.012551,0.396860,0.024101,0.917477,-216.397644,92.255219,83.996796
402,3.350000,-0.012611,0.396901,0.024186,0.917456,-216.398193,92.255692,83.998466
403,3.358333,-0.012505,0.396910,0.024152,0.917455,-216.398285,92.256638,84.000000
404,3.366667,-0.012517,0.396919,0.023978,0.917455,-216.398361,92.255493,84.001579
405,3.375000,-0.012570,0.396956,0.023842,0.917442,-216.399734,92.255562,84.003944
406,3.383333,-0.012500,0.396938,0.023898,0.917449,-216.400497,92.255608,84.005974
407,3.391667,-0.012461,0.396909,0.023957,0.917461,-216.401855,92.256042,84.008278
408,3.400000,-0.012398,0.396912,0.024049,0.917458,-216.402863,92.256393,84.010185
409,3.408333,-0.012328,0.396948,0.024069,0.917443,-216.402557,92.255615,84.010735
410,3.416667,-0.012379,0.396965,0.024172,0.917432,-216.402405,92.253838,84.010574
411,3.425000,-0.012406,0.396946,0.024184,0.917440,-216.402252,92.253677,84.009659
412,3.433333,-0.012409,0.396908,0.024122,0.917457,-216.401978,92.252312,84.007263
413,3.441667,-0.012346,0.396935,0.024134,0.917446,-216.401031,92.251595,84.004089
414,3.450000,-0.012414,0.396946,0.024217,0.917439,-216.400497,92.251732,84.001472
415,3.458333,-0.012623,0.396966,0.024243,0.917426,-216.399414,92.252419,83.998299
416,3.466667,-0.012769,0.396877,0.024114,0.917466,-216.398453,92.253410,83.996368
417,3.475000,-0.012800,0.396892,0.023993,0.917462,-216.397125,92.253662,83.994469
418,3.483333,-0.012727,0.396916,0.023915,0.917455,-216.396469,92.254654,83.994324
419,3.491667,-0.012656,0.396910,0.023872,0.917460,-216.397018,92.255760,83.995773
420,3.500000,-0.012636,0.396933,0.023860,0.917451,-216.397736,92.256897,83.997192
421,3.508333,-0.012564,0.396923,0.023949,0.917454,-216.398407,92.255714,83.999763
422,3.516667,-0.012522,0.396950,0.023892,0.917444,-216.399292,92.255714,84.002373
423,3.525000,-0.012559,0.396964,0.023858,0.917438,-216.400574,92.256172,84.004044
424,3.533333,-0.012608,0.396925,0.023900,0.917453,-216.401367,92.256424,84.005890
425,3.541667,-0.012553,0.396878,0.023822,0.917477,-216.402435,92.255569,84.008667
426,3.550000,-0.012471,0.396980,0.023888,0.917432,-216.402695,92.255066,84.009979
427,3.558333,-0.012395,0.396943,0.023854,0.917449,-216.402985,92.255020,84.010246
428,3.566667,-0.012354,0.396966,0.024087,0.917434,-216.402359,92.254547,84.009514
429,3.575000,-0.012419,0.396957,0.024244,0.917433,-216.402252,92.252365,84.007942
430,3.583333,-0.012491,0.396966,0.024244,0.917428,-216.402863,92.252899,84.007294
431,3.591667,-0.012461,0.396935,0.024434,0.917437,-216.401703,92.251442,84.004967
432,3.600000,-0.012570,0.396922,0.024375,0.917443,-216.400940,92.252365,84.002228
433,3.608333,-0.012594,0.396952,0.024414,0.917428,-216.399857,92.252022,83.999031
434,3.616667,-0.012659,0.396977,0.024234,0.917421,-216.398926,92.252556,83.998260
435,3.625000,-0.012683,0.396917,0.023966,0.917454,-216.397614,92.253304,83.996384
436,3.633333,-0.012644,0.396879,0.023954,0.917471,-216.397552,92.253616,83.995468
437,3.641667,-0.012609,0.396898,0.023848,0.917466,-216.397125,92.255119,83.995178
438,3.650000,-0.012593,0.396908,0.023835,0.917463,-216.396927,92.256889,83.995972
439,3.658333,-0.012470,0.396923,0.023798,0.917459,-216.396683,92.257217,83.997826
440,3.666667,-0.012486,0.396849,0.023731,0.917492,-216.398102,92.256569,84.000534
441,3.675000,-0.012530,0.396864,0.023803,0.917483,-216.398926,92.255592,84.002518
442,3.683333,-0.012647,0.396946,0.023845,0.917445,-216.400909,92.255638,84.005341
443,3.691667,-0.012524,0.397001,0.023944,0.917420,-216.401886,92.255409,84.007683
444,3.700000,-0.012409,0.397004,0.024055,0.917418,-216.402512,92.253708,84.009415
445,3.708333,-0.012349,0.396974,0.024173,0.917428,-216.402740,92.253769,84.010559
446,3.716667,-0.012354,0.397017,0.024136,0.917411,-216.402725,92.253578,84.009750
447,3.725000,-0.012434,0.396982,0.024228,0.917422,-216.403107,92.252060,84.008530
448,3.733333,-0.012479,0.396961,0.024340,0.917428,-216.402405,92.251274,84.006645
449,3.741667,-0.012565,0.396985,0.024356,0.917416,-216.400879,92.250229,84.005035
450,3.750000,-0.012691,0.396986,0.024334,0.917414,-216.400528,92.251274,84.003288
451,3.758333,-0.012718,0.396962,0.024294,0.917425,-216.399719,92.251358,83.999580
452,3.766667,-0.012710,0.396987,0.024254,0.917416,-216.398651,92.252754,83.997513
453,3.775000,-0.012649,0.396890,0.024194,0.917460,-216.397934,92.253563,83.996750
454,3.783333,-0.012696,0.396859,0.024051,0.917477,-216.397308,92.253609,83.996140
455,3.791667,-0.012761,0.396875,0.023871,0.917474,-216.397125,92.253784,83.995506
456,3.800000,-0.012759,0.396877,0.023753,0.917476,-216.396851,92.253868,83.996620
457,3.808333,-0.012780,0.396899,0.023751,0.917466,-216.397522,92.254341,83.998322
458,3.816667,-0.012914,0.397010,0.023543,0.917421,-216.399216,92.252579,84.002754
459,3.825000,-0.011859,0.397766,0.023668,0.917105,-216.406677,92.258148,84.016792
460,3.833333,-0.010189,0.397776,0.024198,0.917107,-216.407654,92.264214,84.014984
461,3.841667,-0.009131,0.397548,0.024704,0.917203,-216.408295,92.269867,84.009346
462,3.850000,-0.008808,0.397297,0.025158,0.917303,-216.407608,92.270836,84.005699
463,3.858333,-0.008605,0.397239,0.025247,0.917327,-216.408447,92.269943,84.006302
464,3.866667,-0.008602,0.397187,0.025273,0.917350,-216.408447,92.265457,84.008751
465,3.875000,-0.008645,0.397418,0.025329,0.917247,-216.407043,92.263214,84.009399
466,3.883333,-0.009057,0.397436,0.025204,0.917239,-216.407532,92.261116,84.004349
467,3.891667,-0.009196,0.397473,0.025187,0.917222,-216.409180,92.260559,83.996284
468,3.900000,-0.009241,0.397395,0.025077,0.917259,-216.408844,92.260483,83.994232
469,3.908333,-0.008927,0.397300,0.025070,0.917303,-216.409546,92.257278,83.998619
470,3.916667,-0.008752,0.397239,0.024940,0.917335,-216.409180,92.252937,84.001167
471,3.925000,-0.008579,0.397376,0.024957,0.917276,-216.408417,92.249931,84.002586
472,3.933333,-0.008687,0.397364,0.024725,0.917287,-216.409973,92.246918,84.005974
473,3.941667,-0.008439,0.397378,0.024441,0.917291,-216.414383,92.246284,84.015656
474,3.950000,-0.008415,0.397431,0.024232,0.917274,-216.417389,92.246605,84.026733
475,3.958333,-0.007822,0.397199,0.023296,0.917403,-216.421844,92.243553,84.038666
476,3.966667,-0.009381,0.396584,0.025862,0.917586,-216.433685,92.257439,84.046043
477,3.975000,-0.009788,0.396688,0.026874,0.917508,-216.437073,92.259697,84.043541
478,3.983333,-0.009947,0.396919,0.027391,0.917391,-216.434937,92.256760,84.036041
479,3.991667,-0.010027,0.397078,0.027704,0.917312,-216.429260,92.254189,84.030327
480,4.000000,-0.009821,0.397261,0.027387,0.917244,-216.418549,92.252609,84.024055
481,4.008333,-0.009691,0.397313,0.026985,0.917235,-216.404083,92.251167,84.016838
482,4.016667,-0.009638,0.397371,0.026552,0.917223,-216.388519,92.250443,84.008308
483,4.025000,-0.009446,0.397480,0.026343,0.917184,-216.374664,92.247337,83.999207
484,4.033333,-0.009276,0.397627,0.025963,0.917133,-216.364960,92.248154,83.994766
485,4.041667,-0.009203,0.397789,0.025556,0.917075,-216.356964,92.248520,83.993309
486,4.050000,-0.009176,0.397861,0.025367,0.917049,-216.354950,92.249992,83.994797
487,4.058333,-0.009067,0.397916,0.025047,0.917035,-216.357559,92.251762,84.004112
488,4.066667,-0.008727,0.398026,0.024609,0.917003,-216.363449,92.254608,84.022369
489,4.075000,-0.008326,0.398001,0.024281,0.917026,-216.373993,92.258453,84.054855
490,4.083333,-0.007870,0.397755,0.024146,0.917140,-216.390350,92.255386,84.104156
491,4.091667,-0.006672,0.397522,0.024502,0.917241,-216.400787,92.251762,84.162956
492,4.100000,-0.005177,0.398437,0.028088,0.916751,-216.391846,92.227692,84.236214
493,4.108333,-0.004122,0.397473,0.027401,0.917196,-216.389130,92.232689,84.281975
494,4.116667,-0.002867,0.396588,0.026204,0.917618,-216.380768,92.239357,84.316719
495,4.125000,-0.001299,0.396350,0.025465,0.917745,-216.354889,92.238197,84.344551
496,4.133333,0.000169,0.397831,0.028312,0.917022,-216.312714,92.213364,84.381996
497,4.141667,0.001028,0.398210,0.028162,0.916862,-216.282272,92.212524,84.393204
498,4.150000,0.000988,0.398405,0.027947,0.916783,-216.252182,92.205078,84.394943
499,4.158333,0.000906,0.398106,0.025975,0.916971,-216.248734,92.215889,84.393845
500,4.166667,0.001203,0.399112,0.024732,0.916568,-216.231705,92.222221,84.399376
501,4.175000,0.001113,0.398375,0.025603,0.916865,-216.227173,92.214600,84.377846
502,4.183333,0.001148,0.398647,0.027526,0.916691,-216.228012,92.203232,84.376213
503,4.191667,0.000968,0.398657,0.028085,0.916669,-216.233948,92.202240,84.376045
504,4.200000,0.000964,0.398645,0.027943,0.916679,-216.244965,92.204414,84.385422
505,4.208333,0.001366,0.398627,0.027891,0.916688,-216.257187,92.205605,84.399124
506,4.216667,0.002852,0.398275,0.024278,0.916940,-216.269501,92.208710,84.409157
507,4.225000,0.003824,0.398351,0.022320,0.916953,-216.274353,92.217529,84.419922
508,4.233333,0.003999,0.398051,0.022133,0.917088,-216.281799,92.230316,84.439217
509,4.241667,0.004279,0.397857,0.022448,0.917163,-216.290955,92.237747,84.462730
510,4.250000,0.004520,0.397661,0.022983,0.917234,-216.303116,92.239113,84.483475
511,4.258333,0.003022,0.397246,0.023244,0.917413,-216.308929,92.230087,84.499786
512,4.266667,0.002485,0.397079,0.023569,0.917478,-216.311813,92.223114,84.511032
513,4.275000,0.002581,0.397118,0.023926,0.917452,-216.309174,92.223831,84.519455
514,4.283333,0.002857,0.397153,0.024208,0.917429,-216.301727,92.224815,84.522194
515,4.291667,0.002877,0.397247,0.024206,0.917388,-216.286804,92.224495,84.517143
516,4.300000,0.002713,0.397446,0.023995,0.917308,-216.274673,92.224976,84.501556
517,4.308333,0.002432,0.397674,0.023631,0.917219,-216.271393,92.225418,84.474876
518,4.316667,0.002022,0.397794,0.023402,0.917174,-216.276093,92.226318,84.443291
519,4.325000,0.001446,0.398008,0.023112,0.917090,-216.288452,92.227486,84.407547
520,4.333333,0.001486,0.398804,0.025316,0.916686,-216.294434,92.204224,84.388885
521,4.341667,0.000968,0.398681,0.025197,0.916743,-216.313431,92.208618,84.373802
522,4.350000,0.000869,0.398363,0.026162,0.916854,-216.331345,92.215752,84.401253
523,4.358333,0.001239,0.398032,0.027378,0.916962,-216.347076,92.236046,84.426529
524,4.366667,0.001728,0.397833,0.028531,0.917013,-216.352081,92.263100,84.448654
525,4.375000,0.001958,0.397971,0.028342,0.916958,-216.339783,92.308113,84.463348
526,4.383333,0.003237,0.397662,0.027145,0.917125,-216.320587,92.376343,84.470039
527,4.391667,0.003927,0.397969,0.027757,0.916971,-216.282440,92.427582,84.478119
528,4.400000,0.002959,0.398250,0.028405,0.916832,-216.259583,92.498062,84.476051
529,4.408333,0.002140,0.397830,0.026945,0.917061,-216.257477,92.565849,84.470047
530,4.416667,0.002111,0.397307,0.025075,0.917341,-216.262909,92.623474,84.473022
531,4.425000,0.002671,0.397328,0.023865,0.917363,-216.262955,92.677872,84.486549
532,4.433333,0.003476,0.397369,0.024932,0.917313,-216.280060,92.720474,84.507301
533,4.441667,0.003111,0.397496,0.023801,0.917290,-216.260452,92.785301,84.509239
534,4.450000,0.002111,0.397502,0.022270,0.917329,-216.243317,92.855110,84.510345
535,4.458333,0.000607,0.397170,0.021048,0.917503,-216.235214,92.923401,84.510414
536,4.466667,-0.000245,0.397048,0.021145,0.917554,-216.231277,92.971153,84.519386
537,4.475000,-0.000710,0.397036,0.021725,0.917546,-216.234802,93.008430,84.536591
538,4.483333,0.001081,0.397040,0.022846,0.917516,-216.241364,93.059372,84.552971
539,4.491667,0.000030,0.397521,0.024325,0.917271,-216.254639,93.114532,84.575005
540,4.500000,-0.001201,0.397801,0.024263,0.917150,-216.267487,93.178703,84.590759
541,4.508333,-0.002243,0.397897,0.023253,0.917133,-216.280487,93.252457,84.600296
542,4.516667,-0.002513,0.397896,0.022133,0.917160,-216.292145,93.322769,84.602264
543,4.525000,-0.002070,0.397866,0.021990,0.917177,-216.299408,93.378731,84.611488
544,4.533333,-0.001721,0.397857,0.022505,0.917170,-216.301102,93.434174,84.616112
545,4.541667,-0.001685,0.397770,0.023264,0.917189,-216.300171,93.482887,84.614388
546,4.550000,-0.002001,0.397585,0.023398,0.917265,-216.297394,93.528137,84.609695
547,4.558333,-0.002236,0.397472,0.023337,0.917315,-216.289764,93.576385,84.605095
548,4.566667,-0.002568,0.397617,0.024221,0.917228,-216.279053,93.632065,84.597649
549,4.575000,-0.002706,0.397966,0.024363,0.917073,-216.268295,93.683502,84.589294
550,4.583333,-0.002622,0.398915,0.026246,0.916608,-216.245651,93.710480,84.588036
551,4.591667,-0.002658,0.399320,0.025808,0.916445,-216.229721,93.750916,84.591133
552,4.600000,-0.002539,0.399543,0.025216,0.916364,-216.217224,93.789825,84.596458
553,4.608333,-0.002114,0.399426,0.024579,0.916433,-216.204758,93.834969,84.602943
554,4.616667,-0.002050,0.399067,0.022411,0.916646,-216.204712,93.907784,84.604744
555,4.625000,-0.002278,0.398569,0.020843,0.916899,-216.221451,93.981461,84.607025
556,4.633333,-0.001132,0.398891,0.021570,0.916744,-216.199371,94.022125,84.616951
557,4.641667,-0.001901,0.398677,0.020725,0.916855,-216.194504,94.081947,84.617996
558,4.650000,-0.002783,0.398552,0.020007,0.916923,-216.203598,94.139214,84.623329
559,4.658333,-0.004496,0.398448,0.021332,0.916932,-216.218811,94.200836,84.626694
560,4.666667,-0.005896,0.398312,0.022005,0.916967,-216.228745,94.256813,84.631783
561,4.675000,-0.007426,0.398275,0.021890,0.916975,-216.239578,94.311150,84.635780
562,4.683333,-0.008341,0.398392,0.021338,0.916929,-216.247910,94.360161,84.635475
563,4.691667,-0.008387,0.398692,0.022198,0.916778,-216.248703,94.401100,84.629509
564,4.700000,-0.008700,0.399516,0.020669,0.916452,-216.266815,94.473274,84.657875
565,4.708333,-0.007514,0.399119,0.023586,0.916565,-216.235535,94.499130,84.618317
566,4.716667,-0.007390,0.399249,0.023328,0.916516,-216.225906,94.553291,84.605690
567,4.725000,-0.007202,0.399388,0.022984,0.916465,-216.216156,94.603470,84.592575
568,4.733333,-0.007438,0.399475,0.022902,0.916428,-216.207031,94.647560,84.585152
569,4.741667,-0.008501,0.399631,0.023916,0.916324,-216.198425,94.692459,84.577942
570,4.750000,-0.009294,0.399819,0.024116,0.916230,-216.185303,94.735680,84.570801
571,4.758333,-0.010198,0.400050,0.023536,0.916134,-216.172531,94.777069,84.562668
572,4.766667,-0.010748,0.400197,0.022808,0.916082,-216.164520,94.815018,84.557793
573,4.775000,-0.011079,0.400018,0.022685,0.916160,-216.172699,94.844772,84.553650
574,4.783333,-0.012066,0.400252,0.021787,0.916067,-216.168549,94.883499,84.548111
575,4.791667,-0.014480,0.400077,0.020505,0.916138,-216.165634,94.917992,84.542526
576,4.800000,-0.016688,0.399698,0.019593,0.916286,-216.165878,94.947525,84.540627
577,4.808333,-0.018249,0.399122,0.019569,0.916507,-216.172104,94.980202,84.548096
578,4.816667,-0.018346,0.398883,0.019913,0.916602,-216.179611,95.017082,84.551743
579,4.825000,-0.018274,0.398861,0.020287,0.916605,-216.186951,95.045914,84.553909
580,4.833333,-0.018444,0.398986,0.020369,0.916545,-216.192490,95.077606,84.554817
581,4.841667,-0.018730,0.399073,0.020225,0.916505,-216.194397,95.109726,84.557251
582,4.850000,-0.019191,0.398808,0.020945,0.916594,-216.194031,95.145691,84.557365
583,4.858333,-0.019928,0.398712,0.021794,0.916601,-216.188721,95.180428,84.552200
584,4.866667,-0.020224,0.398653,0.022208,0.916610,-216.178711,95.208351,84.548813
585,4.875000,-0.020326,0.398602,0.022277,0.916628,-216.169403,95.231987,84.544334
586,4.883333,-0.020381,0.398749,0.022335,0.916562,-216.159683,95.251945,84.538048
587,4.891667,-0.020287,0.398931,0.022122,0.916490,-216.149780,95.265594,84.536316
588,4.900000,-0.020434,0.398978,0.022732,0.916451,-216.151810,95.277390,84.533936
589,4.908333,-0.019649,0.399382,0.021915,0.916312,-216.135406,95.297661,84.528633
590,4.916667,-0.019293,0.399808,0.021050,0.916154,-216.125031,95.323891,84.526428
591,4.925000,-0.019143,0.400163,0.020197,0.916021,-216.115860,95.350708,84.523811
592,4.933333,-0.019557,0.400402,0.019947,0.915914,-216.112350,95.381569,84.525192
593,4.941667,-0.019906,0.400475,0.019655,0.915881,-216.109985,95.411530,84.530167
594,4.950000,-0.020232,0.400538,0.019477,0.915850,-216.109055,95.438713,84.535263
595,4.958333,-0.020430,0.400502,0.019483,0.915861,-216.111465,95.458672,84.543945
596,4.966667,-0.020623,0.400086,0.019643,0.916035,-216.116623,95.476120,84.554031
597,4.975000,-0.020564,0.399852,0.019765,0.916136,-216.122528,95.493004,84.559540
598,4.983333,-0.020568,0.399674,0.019797,0.916213,-216.129044,95.508125,84.562851
599,4.991667,-0.020538,0.399519,0.019806,0.916281,-216.135147,95.525917,84.561501
600,5.000000,-0.016954,0.399870,0.020734,0.916181,-216.143158,95.565865,84.561913
601,5.008333,-0.015756,0.399700,0.020875,0.916273,-216.140121,95.596954,84.554672
602,5.016667,-0.015349,0.399461,0.020570,0.916391,-216.132278,95.623741,84.546585
603,5.025000,-0.015523,0.399555,0.020029,0.916359,-216.120819,95.652390,84.538773
604,5.033333,-0.015839,0.399822,0.019652,0.916245,-216.111465,95.681450,84.530006
605,5.041667,-0.017393,0.399974,0.018921,0.916166,-216.099121,95.696083,84.524132
606,5.050000,-0.019142,0.399826,0.019458,0.916185,-216.089462,95.714874,84.518555
607,5.058333,-0.021288,0.400033,0.020414,0.916026,-216.082352,95.732811,84.515228
608,5.066667,-0.022893,0.400238,0.020316,0.915900,-216.077835,95.746498,84.514664
609,5.075000,-0.023838,0.400347,0.020144,0.915832,-216.076538,95.759605,84.513771
610,5.083333,-0.024216,0.400404,0.019935,0.915802,-216.077072,95.773537,84.516731
611,5.091667,-0.023862,0.400528,0.019988,0.915756,-216.077774,95.789215,84.521469
612,5.100000,-0.021218,0.400950,0.020565,0.915623,-216.081116,95.816025,84.529152
613,5.108333,-0.020433,0.400802,0.020854,0.915699,-216.076477,95.831825,84.535645
614,5.116667,-0.020128,0.400627,0.020935,0.915781,-216.070267,95.846855,84.542923
615,5.125000,-0.020087,0.400586,0.021022,0.915798,-216.064590,95.869728,84.545433
616,5.133333,-0.020660,0.400744,0.020598,0.915726,-216.056992,95.904907,84.538666
617,5.141667,-0.021966,0.400789,0.019336,0.915703,-216.042496,95.953995,84.519066
618,5.150000,-0.022938,0.401512,0.017738,0.915395,-216.025406,96.017166,84.492355
619,5.158333,-0.023997,0.402148,0.016403,0.915113,-216.006180,96.079941,84.472031
620,5.166667,-0.025318,0.402666,0.016034,0.914856,-215.984482,96.144257,84.451614
621,5.175000,-0.026488,0.402943,0.015562,0.914710,-215.957733,96.205368,84.434319
622,5.183333,-0.028059,0.403035,0.016272,0.914610,-215.931244,96.263077,84.419159
623,5.191667,-0.028888,0.402839,0.016252,0.914671,-215.906219,96.313858,84.408531
624,5.200000,-0.029924,0.402782,0.016278,0.914662,-215.893250,96.360367,84.400772
625,5.208333,-0.030596,0.402833,0.016193,0.914618,-215.888077,96.400299,84.395996
626,5.216667,-0.030865,0.402928,0.015713,0.914576,-215.893143,96.438911,84.389160
627,5.225000,-0.031123,0.403015,0.015172,0.914538,-215.901703,96.468864,84.382164
628,5.233333,-0.031169,0.403140,0.014705,0.914489,-215.909500,96.491638,84.376900
629,5.241667,-0.031119,0.403162,0.014198,0.914489,-215.912216,96.511414,84.375153
630,5.250000,-0.031309,0.403156,0.013997,0.914488,-215.913605,96.528656,84.374603
631,5.258333,-0.031371,0.403165,0.013869,0.914484,-215.918488,96.545662,84.375542
632,5.266667,-0.031574,0.403085,0.013981,0.914511,-215.927917,96.560822,84.377686
633,5.275000,-0.031658,0.403005,0.013967,0.914544,-215.939590,96.570740,84.380310
634,5.283333,-0.031672,0.402854,0.014216,0.914606,-215.950775,96.578140,84.381714
635,5.291667,-0.031622,0.402682,0.014413,0.914680,-215.957642,96.584007,84.381195
636,5.300000,-0.031483,0.402604,0.014344,0.914720,-215.958740,96.586868,84.378952
637,5.308333,-0.031585,0.402657,0.014304,0.914694,-215.957397,96.587646,84.374504
638,5.316667,-0.031779,0.402722,0.014176,0.914661,-215.952774,96.584015,84.372169
639,5.325000,-0.031606,0.402977,0.014102,0.914555,-215.950439,96.579353,84.371719
640,5.333333,-0.031216,0.403119,0.014118,0.914506,-215.944809,96.575569,84.368561
641,5.341667,-0.030839,0.403311,0.014116,0.914434,-215.939148,96.579620,84.362808
642,5.350000,-0.030492,0.403411,0.014079,0.914403,-215.933273,96.586182,84.357941
643,5.358333,-0.029900,0.403505,0.014159,0.914379,-215.928528,96.594742,84.355423
644,5.366667,-0.029182,0.403754,0.014237,0.914291,-215.924957,96.601715,84.355637
645,5.375000,-0.028735,0.403880,0.014325,0.914248,-215.921600,96.602501,84.357521
646,5.383333,-0.028740,0.403883,0.014346,0.914247,-215.921051,96.600403,84.360809
647,5.391667,-0.028776,0.403824,0.014392,0.914271,-215.924042,96.597443,84.365623
648,5.400000,-0.028863,0.403697,0.014611,0.914321,-215.930634,96.596947,84.368652
649,5.408333,-0.028948,0.403588,0.014689,0.914365,-215.939148,96.598907,84.370049
650,5.416667,-0.028755,0.403573,0.014693,0.914378,-215.946823,96.599670,84.372406
651,5.425000,-0.028424,0.403559,0.014552,0.914396,-215.953751,96.598343,84.373497
652,5.433333,-0.028229,0.403602,0.014580,0.914383,-215.960342,96.596458,84.375397
653,5.441667,-0.028275,0.403537,0.014786,0.914407,-215.964767,96.593536,84.377174
654,5.450000,-0.028219,0.403460,0.014854,0.914441,-215.965851,96.590797,84.378227
655,5.458333,-0.028250,0.403464,0.014855,0.914439,-215.965897,96.591118,84.376648
656,5.466667,-0.028265,0.403501,0.014817,0.914423,-215.963913,96.593285,84.373077
657,5.475000,-0.028243,0.403554,0.014684,0.914402,-215.959961,96.596458,84.368729
658,5.483333,-0.028203,0.403616,0.014542,0.914378,-215.952759,96.596169,84.364639
659,5.491667,-0.028416,0.403655,0.014569,0.914354,-215.944794,96.596344,84.363136
660,5.500000,-0.028546,0.403685,0.014630,0.914335,-215.936249,96.594635,84.360794
661,5.508333,-0.028625,0.403792,0.014438,0.914289,-215.930008,96.594246,84.359673
662,5.516667,-0.028658,0.403807,0.014333,0.914283,-215.925522,96.596405,84.357819
663,5.525000,-0.028603,0.403878,0.014248,0.914255,-215.923721,96.598450,84.357224
664,5.533333,-0.028590,0.403896,0.014305,0.914246,-215.923981,96.599510,84.358765
665,5.541667,-0.028569,0.403849,0.014414,0.914266,-215.926193,96.600456,84.361786
666,5.550000,-0.028569,0.403796,0.014543,0.914287,-215.931229,96.598480,84.365677
667,5.558333,-0.028568,0.403700,0.014553,0.914330,-215.937927,96.595558,84.370438
668,5.566667,-0.028541,0.403615,0.014750,0.914365,-215.946320,96.593590,84.374550
669,5.575000,-0.028431,0.403562,0.014807,0.914391,-215.954422,96.591438,84.377251
670,5.583333,-0.028405,0.403492,0.014883,0.914421,-215.961075,96.592613,84.378365
671,5.591667,-0.028321,0.403494,0.014812,0.914424,-215.964722,96.592613,84.379456
672,5.600000,-0.028440,0.403238,0.014256,0.914542,-215.969376,96.596962,84.377274
673,5.608333,-0.028497,0.403116,0.013884,0.914600,-215.972443,96.599442,84.377121
674,5.616667,-0.028500,0.403042,0.013285,0.914641,-215.971710,96.602295,84.375801
675,5.625000,-0.028523,0.402889,0.012900,0.914713,-215.969376,96.605392,84.369148
676,5.633333,-0.028701,0.402759,0.012563,0.914770,-215.963440,96.608192,84.361771
677,5.641667,-0.028970,0.402700,0.012348,0.914790,-215.955185,96.611282,84.357048
678,5.650000,-0.029043,0.402720,0.012224,0.914781,-215.946838,96.612778,84.355614
679,5.658333,-0.028995,0.402845,0.012255,0.914727,-215.939713,96.614449,84.355072
680,5.666667,-0.029063,0.402851,0.012236,0.914722,-215.935013,96.613243,84.355171
681,5.675000,-0.029199,0.402832,0.012299,0.914726,-215.932922,96.612488,84.356728
682,5.683333,-0.029194,0.402838,0.012485,0.914720,-215.933228,96.610603,84.359360
683,5.691667,-0.029149,0.402821,0.012476,0.914729,-215.935852,96.609650,84.362488
684,5.700000,-0.029236,0.402760,0.012517,0.914753,-215.940353,96.607903,84.365479
685,5.708333,-0.029190,0.402646,0.012591,0.914804,-215.944748,96.607025,84.370094
686,5.716667,-0.029182,0.402638,0.012610,0.914807,-215.950485,96.606903,84.374657
687,5.725000,-0.029131,0.402564,0.012681,0.914840,-215.956406,96.607452,84.378586
688,5.733333,-0.029128,0.402551,0.012662,0.914846,-215.961151,96.608025,84.381279
689,5.741667,-0.029200,0.402503,0.012600,0.914866,-215.965942,96.608025,84.381882
690,5.750000,-0.029097,0.402552,0.012507,0.914849,-215.969177,96.606598,84.383163
691,5.758333,-0.028943,0.402545,0.012623,0.914856,-215.970993,96.604485,84.384262
692,5.766667,-0.028995,0.402559,0.012821,0.914845,-215.971161,96.603676,84.382889
693,5.775000,-0.028927,0.402599,0.012812,0.914829,-215.969254,96.603546,84.381012
694,5.783333,-0.028997,0.402572,0.012883,0.914838,-215.965942,96.603897,84.377670
695,5.791667,-0.028970,0.402567,0.012759,0.914843,-215.960983,96.604950,84.374634
696,5.800000,-0.029104,0.402614,0.012816,0.914817,-215.956253,96.605972,84.371750
697,5.808333,-0.029078,0.402640,0.012866,0.914806,-215.950272,96.606522,84.369682
698,5.816667,-0.029072,0.402718,0.012692,0.914774,-215.946274,96.607285,84.368126
699,5.825000,-0.028991,0.402742,0.012673,0.914766,-215.942932,96.607132,84.368149
700,5.833333,-0.029084,0.402756,0.012442,0.914761,-215.941620,96.606697,84.366814
701,5.841667,-0.029140,0.402741,0.012360,0.914767,-215.942383,96.607758,84.367531
702,5.850000,-0.029196,0.402694,0.012315,0.914786,-215.944290,96.609131,84.369919
703,5.858333,-0.029250,0.402657,0.012307,0.914801,-215.947479,96.609932,84.372566
704,5.866667,-0.029208,0.402600,0.012361,0.914827,-215.950897,96.608994,84.374893
705,5.875000,-0.029162,0.402539,0.012308,0.914856,-215.955734,96.609154,84.378448
706,5.883333,-0.029168,0.402551,0.012412,0.914849,-215.959686,96.608383,84.380539
707,5.891667,-0.029237,0.402508,0.012288,0.914867,-215.964508,96.608047,84.381172
708,5.900000,-0.029081,0.402556,0.012305,0.914851,-215.968781,96.607147,84.380867
709,5.908333,-0.028942,0.402522,0.012498,0.914867,-215.970749,96.606339,84.381676
710,5.916667,-0.028910,0.402536,0.012674,0.914860,-215.970993,96.606483,84.380959
711,5.925000,-0.028986,0.402538,0.012618,0.914857,-215.969498,96.605675,84.379448
712,5.933333,-0.028884,0.402545,0.012760,0.914856,-215.966705,96.604301,84.377136
713,5.941667,-0.028890,0.402591,0.012789,0.914834,-215.962677,96.603844,84.374435
714,5.950000,-0.028961,0.402642,0.012744,0.914811,-215.958572,96.604668,84.370758
715,5.958333,-0.029015,0.402622,0.012716,0.914818,-215.953491,96.605232,84.368309
716,5.966667,-0.029108,0.402649,0.012651,0.914804,-215.949005,96.605644,84.366951
717,5.975000,-0.029067,0.402691,0.012433,0.914790,-215.945526,96.607712,84.367134
718,5.983333,-0.029184,0.402706,0.012253,0.914782,-215.943527,96.612709,84.367424
719,5.991667,-0.029312,0.402667,0.011859,0.914800,-215.940765,96.617935,84.367691
720,6.000000,-0.029569,0.402573,0.011393,0.914839,-215.940598,96.625572,84.369591
721,6.008333,-0.029951,0.402462,0.010658,0.914884,-215.941757,96.637260,84.371407
722,6.016667,-0.030407,0.402223,0.009742,0.914985,-215.944046,96.653465,84.371330
723,6.025000,-0.030638,0.401787,0.008087,0.915185,-215.947693,96.674385,84.369461
724,6.033333,-0.031011,0.401455,0.007094,0.915326,-215.951492,96.688087,84.371094
725,6.041667,-0.031454,0.401174,0.006719,0.915437,-215.953247,96.697441,84.377220
726,6.050000,-0.031763,0.401098,0.006556,0.915461,-215.954712,96.706978,84.389000
727,6.058333,-0.032187,0.400680,0.006756,0.915628,-215.956161,96.719116,84.403694
728,6.066667,-0.032471,0.400495,0.006756,0.915699,-215.953415,96.732887,84.414520
729,6.075000,-0.032649,0.400361,0.006249,0.915754,-215.949066,96.745613,84.422401
730,6.083333,-0.033022,0.400270,0.005639,0.915785,-215.948013,96.760101,84.429749
731,6.091667,-0.033255,0.399932,0.004628,0.915930,-215.944794,96.772705,84.435669
732,6.100000,-0.033805,0.399568,0.003448,0.916074,-215.943649,96.784622,84.442101
733,6.108333,-0.034220,0.398985,0.001026,0.916318,-215.942047,96.800819,84.445450
734,6.116667,-0.031410,0.403430,0.011225,0.914402,-215.897614,96.708893,84.533485
735,6.125000,-0.031039,0.404168,0.012630,0.914071,-215.880722,96.694160,84.564522
736,6.133333,-0.030804,0.404280,0.013342,0.914019,-215.867828,96.680084,84.589043
737,6.141667,-0.030690,0.404321,0.014372,0.913989,-215.849182,96.657547,84.621498
738,6.150000,-0.030514,0.404347,0.015304,0.913968,-215.820221,96.636635,84.666634
739,6.158333,-0.030456,0.404268,0.015687,0.913999,-215.787811,96.618149,84.714386
740,6.166667,-0.030363,0.404459,0.016684,0.913900,-215.755768,96.595695,84.756157
741,6.175000,-0.029726,0.405152,0.017732,0.913594,-215.722443,96.568726,84.804497
742,6.183333,-0.029644,0.405967,0.018110,0.913227,-215.689819,96.530060,84.860352
743,6.191667,-0.028469,0.406118,0.016689,0.913225,-215.650253,96.476334,84.918823
744,6.200000,-0.027314,0.406807,0.016375,0.912959,-215.613937,96.422211,84.971581
745,6.208333,-0.026419,0.407696,0.016016,0.912595,-215.582901,96.360558,85.024162
746,6.216667,-0.026087,0.408070,0.015817,0.912441,-215.549469,96.302109,85.079453
747,6.225000,-0.025949,0.408374,0.017143,0.912285,-215.508408,96.243790,85.151085
748,6.233333,-0.025115,0.409026,0.018964,0.911980,-215.461258,96.182083,85.223640
749,6.241667,-0.023237,0.408823,0.018419,0.912132,-215.410828,96.107903,85.292747
750,6.250000,-0.021386,0.409445,0.018684,0.911893,-215.356400,96.018997,85.369186
751,6.258333,-0.020566,0.410247,0.018805,0.911549,-215.317871,95.947197,85.428085
752,6.266667,-0.019561,0.411052,0.020424,0.911173,-215.277435,95.879570,85.501495
753,6.275000,-0.018615,0.411315,0.021686,0.911045,-215.229507,95.825836,85.579521
754,6.283333,-0.017084,0.411262,0.020894,0.911117,-215.182465,95.774658,85.649803
755,6.291667,-0.015934,0.412294,0.020085,0.910690,-215.134140,95.723969,85.719856
756,6.300000,-0.016235,0.413349,0.019019,0.910229,-215.096329,95.683365,85.782455
757,6.308333,-0.017035,0.413877,0.018548,0.909984,-215.061981,95.653282,85.843430
758,6.316667,-0.016725,0.414752,0.019500,0.909572,-215.024445,95.626175,85.913536
759,6.325000,-0.016151,0.415035,0.020330,0.909435,-214.980911,95.609756,85.979065
760,6.333333,-0.016458,0.414789,0.020541,0.909537,-214.937256,95.600632,86.039940
761,6.341667,-0.017348,0.414874,0.022085,0.909445,-214.894012,95.596924,86.109825
762,6.350000,-0.018031,0.415718,0.022937,0.909026,-214.850143,95.597084,86.180206
763,6.358333,-0.017651,0.415486,0.021387,0.909177,-214.807098,95.599419,86.244888
764,6.366667,-0.018214,0.415773,0.020610,0.909052,-214.763138,95.608055,86.305138
765,6.375000,-0.018917,0.416747,0.019913,0.908607,-214.715698,95.617691,86.362328
766,6.383333,-0.019607,0.417468,0.019638,0.908268,-214.671021,95.631042,86.412460
767,6.391667,-0.020198,0.417617,0.019078,0.908198,-214.620087,95.656624,86.473015
768,6.400000,-0.020278,0.418009,0.018979,0.908018,-214.560059,95.689278,86.544060
769,6.408333,-0.021479,0.418946,0.018787,0.907563,-214.502365,95.713966,86.604347
770,6.416667,-0.023451,0.419621,0.017224,0.907233,-214.445877,95.751930,86.658737
771,6.425000,-0.025496,0.420425,0.016837,0.906813,-214.383789,95.791962,86.719879
772,6.433333,-0.026696,0.420861,0.017210,0.906569,-214.319016,95.837952,86.787453
773,6.441667,-0.027764,0.421422,0.016801,0.906284,-214.268875,95.895546,86.851372
774,6.450000,-0.028555,0.422158,0.016332,0.905925,-214.224457,95.951721,86.907837
775,6.458333,-0.030725,0.423010,0.017115,0.905442,-214.168884,96.015320,86.964508
776,6.466667,-0.032783,0.423494,0.017354,0.905139,-214.108582,96.069786,87.022324
777,6.475000,-0.034566,0.423410,0.015912,0.905139,-214.059113,96.127480,87.075142
778,6.483333,-0.036300,0.423940,0.013892,0.904856,-214.036148,96.179321,87.144836
779,6.491667,-0.038014,0.424047,0.012204,0.904760,-213.979645,96.224411,87.180130
780,6.500000,-0.039310,0.424972,0.010356,0.904293,-213.915771,96.266228,87.224014
781,6.508333,-0.040613,0.425715,0.009519,0.903895,-213.857025,96.302666,87.276268
782,6.516667,-0.041591,0.426094,0.009632,0.903671,-213.803345,96.332092,87.332588
783,6.525000,-0.042680,0.426873,0.010086,0.903248,-213.746460,96.357628,87.391350
784,6.533333,-0.043482,0.427554,0.010031,0.902888,-213.695053,96.383530,87.439049
785,6.541667,-0.043845,0.428000,0.010192,0.902657,-213.644867,96.405930,87.482407
786,6.550000,-0.043428,0.428570,0.010142,0.902408,-213.590271,96.422104,87.529541
787,6.558333,-0.043794,0.429139,0.010172,0.902119,-213.531204,96.434937,87.583389
788,6.566667,-0.043891,0.429704,0.009241,0.901855,-213.470413,96.437622,87.634819
789,6.575000,-0.044387,0.430382,0.008832,0.901512,-213.420959,96.439301,87.670494
790,6.583333,-0.044893,0.431021,0.008066,0.901188,-213.373306,96.442757,87.704468
791,6.591667,-0.045029,0.431437,0.006672,0.900994,-213.315247,96.445068,87.744652
792,6.600000,-0.045285,0.432416,0.007816,0.900503,-213.241150,96.437622,87.798996
793,6.608333,-0.046379,0.433058,0.007616,0.900140,-213.182358,96.434006,87.842796
794,6.616667,-0.047252,0.433723,0.006856,0.899780,-213.139725,96.424988,87.874466
795,6.625000,-0.047192,0.435115,0.008488,0.899097,-213.080566,96.394196,87.921761
796,6.633333,-0.047210,0.435467,0.008521,0.898926,-213.018066,96.379265,87.969315
797,6.641667,-0.047370,0.436237,0.009491,0.898534,-212.963013,96.363075,88.011986
798,6.650000,-0.047578,0.436904,0.010109,0.898192,-212.914459,96.346283,88.047905
799,6.658333,-0.047678,0.437339,0.010376,0.897972,-212.856842,96.329414,88.082672
800,6.666667,-0.047589,0.437328,0.009683,0.897990,-212.797287,96.313728,88.123596
801,6.675000,-0.047028,0.436892,0.008662,0.898242,-212.735321,96.281006,88.166443
802,6.683333,-0.046258,0.436998,0.007662,0.898240,-212.682632,96.246445,88.200806
803,6.691667,-0.045417,0.437372,0.007036,0.898105,-212.629822,96.215561,88.236069
804,6.700000,-0.044742,0.439717,0.009541,0.896971,-212.562149,96.159103,88.291862
805,6.708333,-0.045344,0.440325,0.008935,0.896648,-212.500900,96.131905,88.328751
806,6.716667,-0.045350,0.440622,0.008764,0.896504,-212.447067,96.109024,88.362030
807,6.725000,-0.045357,0.441189,0.008976,0.896223,-212.382462,96.087402,88.403091
808,6.733333,-0.045642,0.441404,0.009653,0.896095,-212.316483,96.071442,88.434990
809,6.741667,-0.045785,0.442501,0.011430,0.895525,-212.240479,96.045067,88.472923
810,6.750000,-0.044739,0.443348,0.011449,0.895159,-212.177231,96.015083,88.511307
811,6.758333,-0.043793,0.443840,0.010747,0.894971,-212.123062,95.989517,88.551216
812,6.766667,-0.043066,0.443711,0.009568,0.895083,-212.067825,95.972824,88.596848
813,6.775000,-0.042337,0.443854,0.008797,0.895055,-212.001984,95.953613,88.639603
814,6.783333,-0.043001,0.444761,0.007777,0.894582,-211.942596,95.935661,88.674660
815,6.791667,-0.043750,0.446334,0.009311,0.893748,-211.882263,95.905159,88.719910
816,6.800000,-0.044054,0.446743,0.010509,0.893515,-211.821152,95.882317,88.765282
817,6.808333,-0.044056,0.447003,0.011912,0.893368,-211.764313,95.865585,88.808762
818,6.816667,-0.043929,0.447434,0.011510,0.893163,-211.710007,95.861305,88.844360
819,6.825000,-0.043659,0.448078,0.011527,0.892854,-211.653809,95.849281,88.875114
820,6.833333,-0.043593,0.448057,0.010133,0.892884,-211.582520,95.832588,88.912270
821,6.841667,-0.043487,0.449192,0.010928,0.892310,-211.505127,95.804573,88.957443
822,6.850000,-0.043257,0.449826,0.010163,0.892010,-211.438370,95.787308,88.986382
823,6.858333,-0.043062,0.450904,0.010275,0.891474,-211.381485,95.769768,89.015427
824,6.866667,-0.042657,0.451608,0.010305,0.891137,-211.320236,95.755035,89.051521
825,6.875000,-0.042056,0.451274,0.010479,0.891333,-211.253784,95.743431,89.087112
826,6.883333,-0.042909,0.451785,0.010395,0.891033,-211.187439,95.735077,89.121033
827,6.891667,-0.044157,0.453728,0.012053,0.889964,-211.111862,95.707748,89.167686
828,6.900000,-0.044638,0.454363,0.011618,0.889622,-211.047318,95.692383,89.196968
829,6.908333,-0.044616,0.454764,0.011566,0.889418,-210.981369,95.674438,89.231285
830,6.916667,-0.043904,0.455218,0.011715,0.889220,-210.911697,95.660576,89.276283
831,6.925000,-0.043625,0.455566,0.012230,0.889048,-210.842560,95.646576,89.314392
832,6.933333,-0.042835,0.456535,0.013105,0.888577,-210.771042,95.615921,89.354721
833,6.941667,-0.042431,0.457346,0.012400,0.888189,-210.701111,95.596428,89.387108
834,6.950000,-0.042211,0.457859,0.011338,0.887950,-210.630127,95.581573,89.418915
835,6.958333,-0.042481,0.458107,0.010517,0.887819,-210.565521,95.572502,89.447701
836,6.966667,-0.041373,0.458759,0.009908,0.887542,-210.495590,95.553406,89.484764
837,6.975000,-0.040254,0.459317,0.009884,0.887305,-210.425827,95.539444,89.512978
838,6.983333,-0.040632,0.460751,0.011490,0.886525,-210.349686,95.516525,89.556252
839,6.991667,-0.042049,0.461513,0.011800,0.886058,-210.280350,95.507980,89.591820
840,7.000000,-0.043097,0.462082,0.013054,0.885693,-210.204697,95.495300,89.624939
841,7.008333,-0.044032,0.462361,0.013715,0.885491,-210.133789,95.485901,89.650383
842,7.016667,-0.044998,0.462265,0.012241,0.885515,-210.078018,95.495461,89.670761
843,7.025000,-0.046031,0.462424,0.011231,0.885392,-210.007065,95.496216,89.691475
844,7.033333,-0.045821,0.463783,0.011745,0.884685,-209.923813,95.477112,89.733429
845,7.041667,-0.044543,0.464681,0.012692,0.884266,-209.845215,95.451065,89.779755
846,7.050000,-0.042201,0.465470,0.013245,0.883958,-209.775879,95.414230,89.828239
847,7.058333,-0.040014,0.466594,0.014413,0.883448,-209.709381,95.374985,89.867783
848,7.066667,-0.039627,0.466762,0.013427,0.883392,-209.645157,95.360092,89.899956
849,7.075000,-0.039758,0.467218,0.013602,0.883143,-209.575058,95.346382,89.928162
850,7.083333,-0.040286,0.469382,0.016188,0.881927,-209.494705,95.311089,89.971581
851,7.091667,-0.040587,0.470556,0.015919,0.881292,-209.422012,95.288658,89.999809
852,7.100000,-0.041311,0.470389,0.015317,0.881359,-209.350464,95.278465,90.025909
853,7.108333,-0.041698,0.470929,0.015930,0.881041,-209.277298,95.267990,90.059761
854,7.116667,-0.042050,0.471394,0.014826,0.880795,-209.218018,95.273346,90.087303
855,7.125000,-0.042110,0.471777,0.014375,0.880594,-209.143906,95.260590,90.112869
856,7.133333,-0.040931,0.472925,0.015201,0.880020,-209.055359,95.228729,90.152374
857,7.141667,-0.040799,0.473550,0.015576,0.879683,-208.978180,95.211754,90.179184
858,7.150000,-0.040570,0.474117,0.014857,0.879401,-208.902924,95.199730,90.197601
859,7.158333,-0.040196,0.474995,0.014811,0.878945,-208.835526,95.183342,90.220367
860,7.166667,-0.039771,0.475268,0.014076,0.878829,-208.784744,95.172356,90.253227
861,7.175000,-0.039551,0.475382,0.013721,0.878783,-208.700348,95.169197,90.269020
862,7.183333,-0.041024,0.476481,0.014052,0.878115,-208.614319,95.152573,90.298660
863,7.191667,-0.042665,0.477455,0.014157,0.877505,-208.544449,95.147339,90.323463
864,7.200000,-0.043584,0.478252,0.014661,0.877018,-208.474106,95.134079,90.358315
865,7.208333,-0.043800,0.478782,0.015043,0.876711,-208.399719,95.117111,90.392670
866,7.216667,-0.042895,0.479450,0.016665,0.876362,-208.317139,95.089867,90.432732
867,7.225000,-0.043116,0.479961,0.016688,0.876071,-208.255096,95.081032,90.451141
868,7.233333,-0.041730,0.480713,0.017009,0.875720,-208.172867,95.042870,90.485054
869,7.241667,-0.040969,0.481603,0.015960,0.875286,-208.097412,95.030388,90.510681
870,7.250000,-0.040003,0.482532,0.015855,0.874821,-208.023972,95.006767,90.540115
871,7.258333,-0.040132,0.483510,0.015592,0.874279,-207.938431,94.997902,90.559921
872,7.266667,-0.041018,0.484295,0.015175,0.873811,-207.859177,94.994942,90.582489
873,7.275000,-0.042056,0.484357,0.013768,0.873751,-207.788223,94.994820,90.600548
874,7.283333,-0.041068,0.486008,0.016032,0.872842,-207.700058,94.955986,90.644936
875,7.291667,-0.040653,0.486408,0.016165,0.872636,-207.629776,94.945587,90.671509
876,7.300000,-0.040520,0.486585,0.016767,0.872532,-207.562164,94.932289,90.695953
877,7.308333,-0.040866,0.486628,0.016589,0.872495,-207.496338,94.925781,90.712753
878,7.316667,-0.041229,0.487134,0.016708,0.872194,-207.424118,94.919273,90.735054
879,7.325000,-0.042103,0.487546,0.016556,0.871925,-207.355026,94.914978,90.760620
880,7.333333,-0.042948,0.488159,0.016341,0.871544,-207.280319,94.910629,90.786453
881,7.341667,-0.042957,0.488522,0.015530,0.871355,-207.200867,94.895981,90.813789
882,7.350000,-0.042538,0.489110,0.015793,0.871041,-207.127075,94.875420,90.835564
883,7.358333,-0.041580,0.490367,0.015688,0.870382,-207.057114,94.851303,90.855331
884,7.366667,-0.040501,0.491598,0.015646,0.869739,-206.977921,94.830856,90.882690
885,7.375000,-0.040847,0.492578,0.015330,0.869174,-206.897781,94.824097,90.909424
886,7.383333,-0.040125,0.492364,0.015908,0.869318,-206.833725,94.824440,90.932922
887,7.391667,-0.041131,0.492948,0.015632,0.868945,-206.750305,94.821213,90.943031
888,7.400000,-0.041925,0.494012,0.015335,0.868308,-206.673187,94.812157,90.960274
889,7.408333,-0.042101,0.494406,0.014727,0.868086,-206.603592,94.803284,90.983322
890,7.416667,-0.042159,0.494607,0.014580,0.867971,-206.531555,94.796036,91.006592
891,7.425000,-0.042220,0.495150,0.014941,0.867652,-206.449219,94.785362,91.027046
892,7.433333,-0.041780,0.496682,0.016458,0.866770,-206.363266,94.767723,91.055832
893,7.441667,-0.041314,0.497968,0.019027,0.866002,-206.277344,94.740067,91.084061
894,7.450000,-0.041404,0.498698,0.021122,0.865529,-206.196136,94.713158,91.113518
895,7.458333,-0.040630,0.498993,0.021104,0.865396,-206.117371,94.691498,91.145798
896,7.466667,-0.040118,0.499501,0.020702,0.865136,-206.047485,94.679436,91.164185
897,7.475000,-0.039693,0.500409,0.019157,0.864666,-205.970261,94.670982,91.173714
898,7.483333,-0.039243,0.501580,0.018707,0.864018,-205.889221,94.657707,91.188217
899,7.491667,-0.038618,0.502413,0.019277,0.863550,-205.795929,94.643211,91.210648
900,7.500000,-0.039793,0.503101,0.018849,0.863105,-205.715897,94.630951,91.227928
901,7.508333,-0.040596,0.503614,0.019103,0.862763,-205.641205,94.621025,91.248253
902,7.516667,-0.040573,0.504456,0.019893,0.862254,-205.569153,94.605034,91.273186
903,7.525000,-0.040178,0.505380,0.020199,0.861724,-205.497604,94.586220,91.296333
904,7.533333,-0.040377,0.506055,0.019684,0.861330,-205.416901,94.575249,91.312874
905,7.541667,-0.040953,0.506818,0.020065,0.860846,-205.331802,94.564934,91.327736
906,7.550000,-0.041561,0.507333,0.021167,0.860487,-205.240967,94.555779,91.350410
907,7.558333,-0.042186,0.507587,0.021674,0.860294,-205.159943,94.551773,91.370934
908,7.566667,-0.041263,0.507795,0.021636,0.860217,-205.082626,94.535278,91.395912
909,7.575000,-0.040182,0.508645,0.021540,0.859769,-205.006760,94.517769,91.414284
910,7.583333,-0.039441,0.509660,0.020215,0.859234,-204.922897,94.500031,91.428444
911,7.591667,-0.039108,0.510594,0.019528,0.858710,-204.835129,94.480415,91.440567
912,7.600000,-0.039591,0.511566,0.019481,0.858110,-204.752045,94.466583,91.457382
913,7.608333,-0.038367,0.512496,0.020129,0.857596,-204.666733,94.458481,91.474304
914,7.616667,-0.039077,0.512981,0.020183,0.857273,-204.587173,94.446442,91.490021
915,7.625000,-0.039307,0.513243,0.019974,0.857110,-204.508469,94.438759,91.508667
916,7.633333,-0.039341,0.514089,0.020599,0.856587,-204.427048,94.431068,91.532364
917,7.641667,-0.039016,0.515025,0.020929,0.856031,-204.339096,94.425102,91.550812
918,7.650000,-0.039135,0.515657,0.020535,0.855654,-204.258987,94.425018,91.564949
919,7.658333,-0.039612,0.516308,0.021672,0.855212,-204.178482,94.415558,91.582588
920,7.666667,-0.040219,0.516664,0.022626,0.854944,-204.093857,94.401344,91.603653
921,7.675000,-0.040395,0.516922,0.022820,0.854775,-204.013397,94.393494,91.622314
922,7.683333,-0.039430,0.517757,0.021038,0.854360,-203.928131,94.377197,91.632233
923,7.691667,-0.038735,0.519180,0.020343,0.853544,-203.845474,94.362526,91.642189
924,7.700000,-0.038069,0.520324,0.020365,0.852877,-203.763916,94.347290,91.653259
925,7.708333,-0.037906,0.520686,0.020370,0.852663,-203.683777,94.331970,91.662979
926,7.716667,-0.037460,0.520674,0.020751,0.852681,-203.599854,94.319107,91.677605
927,7.725000,-0.038459,0.521635,0.021370,0.852034,-203.516174,94.293770,91.701279
928,7.733333,-0.039086,0.522655,0.021290,0.851381,-203.436874,94.274994,91.710274
929,7.741667,-0.039783,0.523550,0.020569,0.850817,-203.363617,94.264748,91.711205
930,7.750000,-0.039933,0.524064,0.020746,0.850490,-203.290802,94.256783,91.717491
931,7.758333,-0.040299,0.524596,0.021854,0.850116,-203.221207,94.246346,91.723602
932,7.766667,-0.040177,0.525173,0.022715,0.849743,-203.145050,94.238861,91.726074
933,7.775000,-0.040288,0.525602,0.022992,0.849465,-203.065155,94.240692,91.723160
934,7.783333,-0.040587,0.526054,0.022669,0.849179,-202.993103,94.243660,91.713821
935,7.791667,-0.040722,0.526691,0.022001,0.848796,-202.920609,94.242935,91.706902
936,7.800000,-0.041168,0.527322,0.022164,0.848378,-202.856491,94.240646,91.703728
937,7.808333,-0.041237,0.528117,0.022894,0.847861,-202.796844,94.233833,91.703163
938,7.816667,-0.041290,0.528873,0.023188,0.847379,-202.737473,94.230690,91.699509
939,7.825000,-0.041246,0.529647,0.023103,0.846900,-202.677612,94.230721,91.690926
940,7.833333,-0.041017,0.530072,0.022738,0.846655,-202.614426,94.228279,91.682442
941,7.841667,-0.040571,0.529983,0.021942,0.846753,-202.551010,94.220764,91.677071
942,7.850000,-0.040101,0.530164,0.021934,0.846662,-202.493835,94.212952,91.675247
943,7.858333,-0.039784,0.530797,0.021877,0.846282,-202.438065,94.200600,91.670525
944,7.866667,-0.040343,0.531591,0.022058,0.845752,-202.382629,94.179535,91.667160
945,7.875000,-0.040552,0.532364,0.022202,0.845252,-202.326782,94.159805,91.660049
946,7.883333,-0.040228,0.533031,0.022023,0.844852,-202.273911,94.142570,91.650757
947,7.891667,-0.039796,0.533577,0.021769,0.844534,-202.223618,94.127090,91.639038
948,7.900000,-0.039607,0.533922,0.021477,0.844333,-202.179199,94.113327,91.628647
949,7.908333,-0.039307,0.534151,0.021230,0.844208,-202.136520,94.094673,91.617813
950,7.916667,-0.038772,0.534651,0.021405,0.843912,-202.093124,94.065887,91.607025
951,7.925000,-0.038271,0.535240,0.021911,0.843548,-202.046280,94.032959,91.595604
952,7.933333,-0.038055,0.535864,0.022413,0.843148,-201.993607,93.995682,91.584610
953,7.941667,-0.038350,0.536310,0.023111,0.842833,-201.946075,93.963043,91.575806
954,7.950000,-0.038716,0.536676,0.024086,0.842555,-201.897400,93.930702,91.567673
955,7.958333,-0.038607,0.536794,0.024338,0.842478,-201.854111,93.902748,91.558792
956,7.966667,-0.038070,0.537024,0.024500,0.842351,-201.816803,93.878052,91.547981
957,7.975000,-0.037209,0.537363,0.024255,0.842181,-201.774902,93.847839,91.530991
958,7.983333,-0.036160,0.537695,0.023657,0.842031,-201.726501,93.812767,91.512833
959,7.991667,-0.035321,0.538161,0.023519,0.841774,-201.678284,93.783623,91.499298
960,8.000000,-0.034554,0.538582,0.023695,0.841531,-201.632782,93.749146,91.494743
961,8.008333,-0.034698,0.539224,0.023805,0.841110,-201.589539,93.703796,91.495346
962,8.016667,-0.034143,0.539811,0.023664,0.840760,-201.549011,93.660904,91.493683
963,8.025000,-0.033104,0.540349,0.023543,0.840460,-201.506927,93.619720,91.486237
964,8.033333,-0.032168,0.540812,0.024141,0.840181,-201.459717,93.569351,91.474167
965,8.041667,-0.031898,0.540987,0.024638,0.840065,-201.414780,93.523582,91.466133
966,8.050000,-0.032121,0.541352,0.025312,0.839801,-201.366135,93.473274,91.463478
967,8.058333,-0.031394,0.541776,0.026102,0.839531,-201.315186,93.424286,91.466309
968,8.066667,-0.030082,0.542039,0.025270,0.839434,-201.262665,93.372765,91.473480
969,8.075000,-0.028959,0.542503,0.024129,0.839208,-201.210999,93.329498,91.472397
970,8.083333,-0.027802,0.543053,0.024054,0.838893,-201.163696,93.292442,91.467163
971,8.091667,-0.027036,0.543326,0.024451,0.838730,-201.115753,93.259087,91.462364
972,8.100000,-0.026269,0.543705,0.024801,0.838499,-201.063675,93.230606,91.463730
973,8.108333,-0.025669,0.544280,0.025107,0.838135,-201.011444,93.209061,91.464577
974,8.116667,-0.025288,0.544631,0.025033,0.837921,-200.962204,93.196602,91.465851
975,8.125000,-0.024828,0.544850,0.025259,0.837785,-200.913498,93.186302,91.468994
976,8.133333,-0.024623,0.544925,0.025571,0.837733,-200.865295,93.182625,91.471626
977,8.141667,-0.024758,0.545109,0.025905,0.837599,-200.817108,93.179848,91.475372
978,8.150000,-0.024698,0.545590,0.026212,0.837278,-200.766037,93.177269,91.475548
979,8.158333,-0.026808,0.546389,0.026050,0.836697,-200.711731,93.168930,91.481804
980,8.166667,-0.027600,0.547277,0.026171,0.836087,-200.656601,93.168884,91.487228
981,8.175000,-0.027729,0.547922,0.026404,0.835652,-200.605530,93.174393,91.489815
982,8.183333,-0.027681,0.548373,0.026070,0.835369,-200.555008,93.183746,91.489784
983,8.191667,-0.027942,0.548743,0.025709,0.835129,-200.509949,93.201050,91.488388
984,8.200000,-0.028731,0.549042,0.025248,0.834919,-200.463791,93.225250,91.488754
985,8.208333,-0.029381,0.549303,0.025008,0.834732,-200.414581,93.249840,91.491737
986,8.216667,-0.029987,0.549609,0.024899,0.834512,-200.362366,93.271820,91.494377
987,8.225000,-0.029894,0.550217,0.024975,0.834112,-200.309372,93.283844,91.495880
988,8.233333,-0.029749,0.550830,0.025259,0.833705,-200.250000,93.287827,91.500816
989,8.241667,-0.029787,0.551117,0.025337,0.833511,-200.196106,93.293320,91.503365
990,8.250000,-0.030005,0.551331,0.025505,0.833357,-200.144882,93.299118,91.503128
991,8.258333,-0.030888,0.551578,0.025319,0.833166,-200.094315,93.311378,91.502457
992,8.266667,-0.031102,0.551859,0.025445,0.832969,-200.043823,93.321396,91.503395
993,8.275000,-0.031297,0.552212,0.025700,0.832720,-199.994034,93.328178,91.505013
994,8.283333,-0.031210,0.552726,0.026154,0.832368,-199.944977,93.326691,91.506737
995,8.291667,-0.031109,0.553405,0.026563,0.831907,-199.897720,93.315697,91.508820
996,8.300000,-0.031135,0.554280,0.027018,0.831309,-199.847870,93.303864,91.506714
997,8.308333,-0.031047,0.554787,0.027033,0.830973,-199.794632,93.293488,91.504669
998,8.316667,-0.030893,0.555223,0.026428,0.830707,-199.742386,93.284210,91.498833
999,8.325000,-0.030609,0.555311,0.025272,0.830695,-199.691528,93.279060,91.497368
1000,8.333333,-0.030892,0.555489,0.024807,0.830580,-199.644501,93.281769,91.493317
1001,8.341667,-0.030600,0.555692,0.024971,0.830450,-199.596008,93.281914,91.486305
1002,8.350000,-0.030180,0.556061,0.025253,0.830209,-199.544067,93.278755,91.484703
1003,8.358333,-0.029770,0.556387,0.025732,0.829991,-199.495255,93.273285,91.483948
1004,8.366667,-0.029229,0.556793,0.025824,0.829735,-199.447372,93.262070,91.483452
1005,8.375000,-0.028385,0.557314,0.025968,0.829410,-199.400726,93.250519,91.483376
1006,8.383333,-0.028031,0.557727,0.025978,0.829144,-199.358841,93.236374,91.479248
1007,8.391667,-0.028055,0.558043,0.025576,0.828943,-199.318726,93.219810,91.472862
1008,8.400000,-0.029343,0.558527,0.025342,0.828580,-199.278137,93.195816,91.469460
1009,8.408333,-0.029627,0.559040,0.024941,0.828236,-199.237427,93.181984,91.465912
1010,8.416667,-0.029680,0.559451,0.025006,0.827954,-199.196426,93.173668,91.458328
1011,8.425000,-0.029806,0.559721,0.025267,0.827760,-199.150757,93.167686,91.450203
1012,8.433333,-0.029913,0.560054,0.025262,0.827530,-199.103241,93.159721,91.441887
1013,8.441667,-0.029875,0.560497,0.025147,0.827236,-199.057846,93.148819,91.431694
1014,8.450000,-0.029717,0.561077,0.025078,0.826850,-199.017487,93.134666,91.422691
1015,8.458333,-0.029569,0.561602,0.025094,0.826498,-198.981827,93.116447,91.416008
1016,8.466667,-0.029489,0.561972,0.025224,0.826246,-198.950607,93.102715,91.413193
1017,8.475000,-0.029337,0.562149,0.025423,0.826125,-198.921585,93.094978,91.407722
1018,8.483333,-0.029418,0.562168,0.025667,0.826101,-198.896683,93.091568,91.395653
1019,8.491667,-0.029542,0.562266,0.025610,0.826032,-198.871796,93.086716,91.383743
1020,8.500000,-0.029702,0.562480,0.025610,0.825880,-198.843506,93.079498,91.375969
1021,8.508333,-0.029689,0.562704,0.025775,0.825723,-198.812729,93.064941,91.372208
1022,8.516667,-0.029287,0.562922,0.026010,0.825581,-198.777496,93.042908,91.369667
1023,8.525000,-0.028528,0.563105,0.026336,0.825473,-198.737747,93.012848,91.369484
1024,8.533333,-0.027403,0.563645,0.026997,0.825121,-198.695450,92.976158,91.372726
1025,8.541667,-0.026130,0.564128,0.026922,0.824834,-198.651917,92.934937,91.372231
1026,8.550000,-0.025042,0.564717,0.026334,0.824484,-198.606293,92.893570,91.359833
1027,8.558333,-0.024162,0.565224,0.025927,0.824176,-198.558823,92.852043,91.335739
1028,8.566667,-0.023323,0.565921,0.025888,0.823723,-198.498932,92.800629,91.305649
1029,8.575000,-0.024306,0.566378,0.025581,0.823390,-198.431946,92.743774,91.283508
1030,8.583333,-0.024422,0.566822,0.026243,0.823060,-198.352768,92.683319,91.265106
1031,8.591667,-0.023989,0.567498,0.027533,0.822564,-198.277084,92.628357,91.238297
1032,8.600000,-0.023029,0.568720,0.028587,0.821712,-198.192078,92.576996,91.200249
1033,8.608333,-0.022912,0.569241,0.028244,0.821366,-198.103729,92.537338,91.167465
1034,8.616667,-0.022550,0.569773,0.028270,0.821006,-198.012894,92.512932,91.127319
1035,8.625000,-0.021869,0.570695,0.028213,0.820386,-197.919968,92.492096,91.077843
1036,8.633333,-0.021851,0.571767,0.028243,0.819639,-197.826965,92.475624,91.041283
1037,8.641667,-0.021825,0.572681,0.028411,0.818995,-197.725571,92.462692,90.996544
1038,8.650000,-0.021263,0.573920,0.027414,0.818176,-197.616470,92.456230,90.946732
1039,8.658333,-0.020725,0.575095,0.026681,0.817389,-197.514847,92.457016,90.900948
1040,8.666667,-0.020670,0.575879,0.027023,0.816827,-197.419571,92.461899,90.851395
1041,8.675000,-0.020902,0.576549,0.026716,0.816358,-197.324631,92.476685,90.800819
1042,8.683333,-0.021511,0.577391,0.025462,0.815787,-197.246353,92.491516,90.757378
1043,8.691667,-0.022168,0.578374,0.025141,0.815083,-197.166092,92.488220,90.722633
1044,8.700000,-0.022386,0.579353,0.024936,0.814388,-197.085083,92.483368,90.680672
1045,8.708333,-0.022025,0.579999,0.024467,0.813952,-197.014343,92.476562,90.651718
1046,8.716667,-0.020863,0.580478,0.024461,0.813641,-196.950775,92.469925,90.623566
1047,8.725000,-0.020196,0.580863,0.024092,0.813394,-196.888321,92.460510,90.591637
1048,8.733333,-0.019961,0.581806,0.023396,0.812746,-196.830231,92.443291,90.555588
1049,8.741667,-0.020035,0.582913,0.022205,0.811984,-196.777924,92.415031,90.519470
1050,8.750000,-0.020806,0.583316,0.020839,0.811711,-196.739029,92.370277,90.483376
1051,8.758333,-0.021213,0.583402,0.020082,0.811658,-196.703918,92.300156,90.443192
1052,8.766667,-0.020762,0.583823,0.018561,0.811403,-196.669739,92.283760,90.415077
1053,8.775000,-0.019639,0.583687,0.017995,0.811542,-196.627365,92.272217,90.402618
1054,8.783333,-0.021003,0.583222,0.017442,0.811854,-196.597031,92.262657,90.407921
1055,8.791667,-0.021823,0.582164,0.016989,0.812601,-196.599167,92.264565,90.426941
1056,8.800000,-0.020026,0.581599,0.017421,0.813043,-196.618790,92.270508,90.453209
1057,8.808333,-0.018881,0.581123,0.018552,0.813385,-196.644287,92.265121,90.488510
1058,8.816667,-0.020392,0.580945,0.019935,0.813443,-196.671585,92.244247,90.532494
1059,8.825000,-0.021334,0.581549,0.021032,0.812960,-196.689850,92.245476,90.582176
1060,8.833333,-0.019836,0.581531,0.023035,0.812956,-196.712692,92.243042,90.640930
1061,8.841667,-0.017435,0.581248,0.024831,0.813161,-196.725739,92.239967,90.711937
1062,8.850000,-0.015279,0.581178,0.026234,0.813210,-196.725601,92.238449,90.783241
1063,8.858333,-0.013382,0.580342,0.026693,0.813825,-196.714157,92.230736,90.861168
1064,8.866667,-0.011700,0.580071,0.027021,0.814033,-196.697083,92.220589,90.933182
1065,8.875000,-0.008927,0.579962,0.027007,0.814147,-196.659958,92.201424,91.024818
1066,8.883333,-0.006165,0.579864,0.027107,0.814239,-196.617310,92.198669,91.121689
1067,8.891667,-0.003555,0.579243,0.027504,0.814683,-196.577591,92.205437,91.207581
1068,8.900000,-0.000802,0.578922,0.028521,0.814884,-196.535965,92.207535,91.285767
1069,8.908333,0.001534,0.579055,0.029651,0.814748,-196.496719,92.211586,91.353897
1070,8.916667,0.003303,0.579349,0.029769,0.814529,-196.455948,92.217880,91.409744
1071,8.925000,0.004651,0.579618,0.029497,0.814341,-196.420013,92.225006,91.445984
1072,8.933333,0.005972,0.580152,0.029063,0.813968,-196.381912,92.226746,91.474159
1073,8.941667,0.006708,0.581332,0.028879,0.813126,-196.342178,92.226540,91.491577
1074,8.950000,0.007161,0.582680,0.028081,0.812185,-196.305084,92.228439,91.498962
1075,8.958333,0.007586,0.583820,0.026912,0.811401,-196.272354,92.228561,91.492043
1076,8.966667,0.007752,0.584595,0.026021,0.810871,-196.248428,92.227119,91.478004
1077,8.975000,0.007421,0.584764,0.025221,0.810777,-196.233414,92.228310,91.459282
1078,8.983333,0.007053,0.584884,0.024790,0.810708,-196.235245,92.230072,91.436096
1079,8.991667,0.006385,0.584818,0.024492,0.810770,-196.263474,92.229309,91.408951
1080,9.000000,0.005215,0.584555,0.024502,0.810968,-196.301636,92.228668,91.381645
1081,9.008333,0.003725,0.584325,0.024537,0.811140,-196.345535,92.229042,91.344109
1082,9.016667,0.002022,0.583888,0.025035,0.811446,-196.385818,92.218948,91.297310
1083,9.025000,-0.000222,0.582993,0.024824,0.812098,-196.424942,92.212372,91.237526
1084,9.033333,-0.003221,0.582099,0.024108,0.812754,-196.468307,92.212463,91.167252
1085,9.041667,-0.005858,0.581245,0.023494,0.813368,-196.506363,92.208229,91.094482
1086,9.050000,-0.008420,0.580454,0.023070,0.813923,-196.541885,92.211067,91.010246
1087,9.058333,-0.010437,0.579194,0.022453,0.814814,-196.567871,92.216675,90.928001
1088,9.066667,-0.011892,0.578010,0.021655,0.815655,-196.582870,92.223541,90.857300
1089,9.075000,-0.012521,0.577175,0.021209,0.816249,-196.584396,92.222916,90.802933
1090,9.083333,-0.013206,0.575932,0.020486,0.817134,-196.587112,92.227493,90.755791
1091,9.091667,-0.013955,0.574418,0.019909,0.818201,-196.588120,92.227264,90.720215
1092,9.100000,-0.014608,0.572938,0.019623,0.819234,-196.593414,92.228958,90.695038
1093,9.108333,-0.015058,0.571485,0.019538,0.820242,-196.601074,92.229324,90.682838
1094,9.116667,-0.014839,0.569989,0.019663,0.821283,-196.607788,92.230087,90.691849
1095,9.125000,-0.014614,0.568648,0.019723,0.822215,-196.616714,92.230728,90.708336
1096,9.133333,-0.013993,0.567441,0.019876,0.823055,-196.628754,92.228851,90.740204
1097,9.141667,-0.013391,0.566128,0.020097,0.823964,-196.640594,92.225113,90.781860
1098,9.150000,-0.012334,0.564862,0.020886,0.824829,-196.646179,92.222412,90.833191
1099,9.158333,-0.010541,0.563485,0.021762,0.825772,-196.641815,92.218071,90.891281
1100,9.166667,-0.009139,0.562008,0.023006,0.826762,-196.623444,92.205276,90.963188
1101,9.175000,-0.007670,0.560413,0.024305,0.827821,-196.600525,92.200844,91.031441
1102,9.183333,-0.005090,0.558699,0.025257,0.828970,-196.561737,92.196564,91.116112
1103,9.191667,-0.002978,0.557408,0.025168,0.829852,-196.530273,92.199142,91.180344
1104,9.200000,-0.001317,0.556201,0.024800,0.830677,-196.493210,92.201225,91.229752
1105,9.208333,0.000433,0.554855,0.023804,0.831606,-196.449448,92.202438,91.275719
1106,9.216667,0.002189,0.553917,0.023325,0.832243,-196.415390,92.205322,91.314415
1107,9.225000,0.003195,0.553545,0.023457,0.832483,-196.400345,92.210464,91.344627
1108,9.233333,0.003778,0.553309,0.023873,0.832625,-196.401337,92.212433,91.367622
1109,9.241667,0.004160,0.552981,0.024344,0.832828,-196.406372,92.209877,91.379654
1110,9.250000,0.004106,0.552539,0.024474,0.833117,-196.412888,92.208931,91.379639
1111,9.258333,0.003730,0.552097,0.024551,0.833410,-196.417007,92.207016,91.366150
1112,9.266667,0.002979,0.551560,0.024189,0.833779,-196.417145,92.204689,91.340157
1113,9.275000,0.002024,0.551004,0.023706,0.834164,-196.417404,92.203255,91.302200
1114,9.283333,0.000542,0.550710,0.023357,0.834370,-196.430481,92.205482,91.253639
1115,9.291667,-0.001247,0.550930,0.023708,0.834214,-196.453781,92.203377,91.200119
1116,9.300000,-0.003308,0.551370,0.023913,0.833912,-196.480743,92.200874,91.138802
1117,9.308333,-0.005904,0.551498,0.022869,0.833842,-196.507645,92.201752,91.067001
1118,9.316667,-0.008433,0.551458,0.021426,0.833885,-196.528046,92.208282,90.987183
1119,9.325000,-0.010504,0.551787,0.021342,0.833646,-196.542023,92.217560,90.920174
1120,9.333333,-0.011466,0.551893,0.020867,0.833575,-196.554108,92.226265,90.867905
1121,9.341667,-0.012586,0.551818,0.020364,0.833621,-196.567841,92.229973,90.828445
1122,9.350000,-0.013570,0.551854,0.019887,0.833593,-196.587448,92.230293,90.800629
1123,9.358333,-0.014207,0.551702,0.020217,0.833675,-196.611923,92.229927,90.792038
1124,9.366667,-0.014764,0.551322,0.020855,0.833901,-196.637299,92.227432,90.795967
1125,9.375000,-0.014697,0.550933,0.021793,0.834136,-196.657532,92.222855,90.807655
1126,9.383333,-0.014027,0.550455,0.022549,0.834442,-196.668610,92.217468,90.829872
1127,9.391667,-0.012878,0.549961,0.023188,0.834769,-196.663971,92.215263,90.863235
1128,9.400000,-0.011699,0.549397,0.023518,0.835149,-196.643906,92.211845,90.902885
1129,9.408333,-0.010411,0.548849,0.023849,0.835516,-196.612213,92.205200,90.951958
1130,9.416667,-0.009042,0.548377,0.023697,0.835847,-196.577942,92.202599,90.999039
1131,9.425000,-0.006824,0.547869,0.022606,0.836231,-196.529984,92.195969,91.051765
1132,9.433333,-0.004108,0.547395,0.021790,0.836581,-196.475449,92.189789,91.104103
1133,9.441667,-0.001966,0.547078,0.021483,0.836804,-196.432907,92.193047,91.153641
1134,9.450000,-0.000846,0.546703,0.021309,0.837055,-196.410141,92.200844,91.192474
1135,9.458333,-0.000425,0.546572,0.021811,0.837128,-196.408478,92.204918,91.221687
1136,9.466667,-0.000323,0.546378,0.022406,0.837239,-196.421951,92.202225,91.245232
1137,9.475000,-0.000489,0.546113,0.023417,0.837384,-196.450455,92.200478,91.262993
1138,9.483333,-0.000617,0.545841,0.024462,0.837532,-196.483307,92.202118,91.270172
1139,9.491667,-0.001217,0.545709,0.024983,0.837601,-196.520096,92.204803,91.262756
1140,9.500000,-0.002291,0.545846,0.025633,0.837491,-196.553513,92.207085,91.246521
1141,9.508333,-0.003604,0.546182,0.026007,0.837255,-196.586029,92.208763,91.216972
1142,9.516667,-0.005182,0.546652,0.026008,0.836940,-196.616440,92.210129,91.173454
1143,9.525000,-0.007059,0.547012,0.026328,0.836681,-196.641403,92.210213,91.120934
1144,9.533333,-0.008634,0.547084,0.026102,0.836626,-196.657303,92.208694,91.068298
1145,9.541667,-0.009878,0.547243,0.025899,0.836515,-196.661209,92.204453,91.023216
1146,9.550000,-0.010663,0.547241,0.025309,0.836524,-196.657486,92.202347,90.983292
1147,9.558333,-0.011207,0.547011,0.024385,0.836695,-196.647659,92.204491,90.947968
1148,9.566667,-0.011183,0.546795,0.023516,0.836862,-196.624695,92.207558,90.917145
1149,9.575000,-0.011029,0.546797,0.022548,0.836889,-196.587967,92.212082,90.894554
1150,9.583333,-0.010721,0.546930,0.021361,0.836837,-196.548904,92.217789,90.884903
1151,9.591667,-0.009732,0.547112,0.019380,0.836779,-196.508835,92.216202,90.892181
1152,9.600000,-0.008795,0.547330,0.018614,0.836663,-196.479874,92.215523,90.904686
1153,9.608333,-0.007328,0.547266,0.017713,0.836739,-196.455795,92.213455,90.933701
1154,9.616667,-0.006204,0.547124,0.018555,0.836823,-196.434235,92.213020,90.975998
1155,9.625000,-0.004383,0.547073,0.018589,0.836867,-196.414413,92.213829,91.020645
1156,9.633333,-0.003505,0.547535,0.019308,0.836553,-196.412262,92.209106,91.067436
1157,9.641667,-0.002875,0.548021,0.020666,0.836205,-196.425903,92.201599,91.113007
1158,9.650000,-0.002885,0.548344,0.022107,0.835955,-196.456924,92.199936,91.143158
1159,9.658333,-0.003387,0.548745,0.023309,0.835658,-196.500977,92.201851,91.165283
1160,9.666667,-0.003737,0.549223,0.024778,0.835300,-196.552307,92.206741,91.176971
1161,9.675000,-0.004442,0.549524,0.025653,0.835072,-196.596649,92.209000,91.179298
1162,9.683333,-0.005590,0.549910,0.027096,0.834766,-196.636292,92.212074,91.173294
1163,9.691667,-0.006855,0.549898,0.027749,0.834742,-196.669052,92.211235,91.158279
1164,9.700000,-0.007854,0.549814,0.027895,0.834784,-196.698105,92.207451,91.131500
1165,9.708333,-0.008472,0.550020,0.028121,0.834635,-196.720093,92.203842,91.105392
1166,9.716667,-0.008720,0.550254,0.028108,0.834479,-196.732468,92.203590,91.085846
1167,9.725000,-0.009072,0.550500,0.027881,0.834320,-196.734039,92.202454,91.070511
1168,9.733333,-0.009097,0.550681,0.027347,0.834218,-196.724609,92.202087,91.062141
1169,9.741667,-0.009150,0.550730,0.026738,0.834205,-196.706635,92.203316,91.058769
1170,9.750000,-0.008741,0.550577,0.025934,0.834336,-196.675079,92.206932,91.061104
1171,9.758333,-0.008019,0.550537,0.025508,0.834383,-196.636078,92.207184,91.071480
1172,9.766667,-0.006993,0.550738,0.025046,0.834273,-196.590698,92.204170,91.084892
1173,9.775000,-0.005564,0.550797,0.023968,0.834276,-196.541565,92.196976,91.094032
1174,9.783333,-0.004372,0.550729,0.022682,0.834365,-196.486420,92.193153,91.097626
1175,9.791667,-0.003690,0.550723,0.020857,0.834419,-196.436234,92.198196,91.094872
1176,9.800000,-0.003260,0.550940,0.019661,0.834307,-196.403320,92.204346,91.084160
1177,9.808333,-0.003433,0.550987,0.018998,0.834290,-196.391846,92.208229,91.067940
1178,9.816667,-0.004074,0.551250,0.018849,0.834117,-196.399231,92.208992,91.051529
1179,9.825000,-0.005022,0.551525,0.019000,0.833927,-196.421234,92.206772,91.033051
1180,9.833333,-0.006728,0.551600,0.019626,0.833851,-196.459763,92.209267,91.015419
1181,9.841667,-0.008073,0.551547,0.020602,0.833851,-196.505173,92.209023,91.003532
1182,9.850000,-0.009289,0.551596,0.022285,0.833762,-196.550827,92.210022,91.003487
1183,9.858333,-0.009857,0.551380,0.023548,0.833864,-196.594772,92.209198,91.013069
1184,9.866667,-0.009411,0.550937,0.024495,0.834134,-196.628387,92.209312,91.023605
1185,9.875000,-0.008935,0.550604,0.024903,0.834347,-196.648865,92.207275,91.037407
1186,9.883333,-0.008546,0.550468,0.025411,0.834426,-196.657333,92.208412,91.057709
1187,9.891667,-0.008177,0.550237,0.025800,0.834570,-196.655685,92.207405,91.083282
1188,9.900000,-0.007448,0.550142,0.026327,0.834623,-196.644958,92.206383,91.118439
1189,9.908333,-0.006497,0.550197,0.026610,0.834586,-196.630753,92.208336,91.146431
1190,9.916667,-0.005623,0.550119,0.026384,0.834651,-196.611664,92.209930,91.162735
1191,9.925000,-0.004791,0.549844,0.025283,0.834871,-196.588257,92.205551,91.171356
1192,9.933333,-0.004187,0.549731,0.024702,0.834966,-196.563675,92.203377,91.168457
1193,9.941667,-0.003847,0.549545,0.024213,0.835104,-196.536774,92.199997,91.158089
1194,9.950000,-0.003791,0.549364,0.023417,0.835247,-196.505829,92.194046,91.137032
1195,9.958333,-0.003917,0.549259,0.022239,0.835347,-196.475555,92.192703,91.108574
1196,9.966667,-0.004500,0.549216,0.020894,0.835407,-196.456406,92.199188,91.073349
1197,9.975000,-0.006452,0.549526,0.019519,0.835224,-196.445831,92.214928,91.034996
1198,9.983333,-0.007002,0.549143,0.019449,0.835473,-196.462982,92.216690,90.999527
1199,9.991667,-0.007594,0.548751,0.019818,0.835717,-196.487488,92.215019,90.975754
1200,10.000000,-0.008123,0.548513,0.020371,0.835854,-196.506470,92.212189,90.964371
1201,10.008333,-0.008886,0.548454,0.020924,0.835872,-196.526917,92.208984,90.968254
1202,10.016667,-0.009210,0.548388,0.021527,0.835896,-196.546890,92.206993,90.981171
1203,10.025000,-0.009290,0.548366,0.022962,0.835872,-196.568649,92.208305,91.007820
1204,10.033333,-0.008541,0.547987,0.023316,0.836118,-196.581329,92.204102,91.037369
1205,10.041667,-0.007528,0.547823,0.023728,0.836224,-196.586639,92.200684,91.070160
1206,10.050000,-0.006640,0.547647,0.023790,0.836345,-196.583862,92.199394,91.102997
1207,10.058333,-0.005326,0.547444,0.024088,0.836478,-196.576660,92.203560,91.132782
1208,10.066667,-0.004678,0.547222,0.024309,0.836621,-196.564606,92.204758,91.149994
1209,10.075000,-0.004325,0.547000,0.024144,0.836773,-196.553055,92.204956,91.159836
1210,10.083333,-0.004180,0.546809,0.023632,0.836914,-196.537811,92.202148,91.157303
1211,10.091667,-0.004137,0.546711,0.023113,0.836992,-196.520966,92.200317,91.144714
1212,10.100000,-0.004129,0.546688,0.022641,0.837020,-196.503601,92.199112,91.123962
1213,10.108333,-0.004555,0.546595,0.021896,0.837098,-196.487839,92.199692,91.094521
1214,10.116667,-0.005514,0.546567,0.020944,0.837135,-196.485168,92.206993,91.061523
1215,10.125000,-0.006776,0.546681,0.020772,0.837056,-196.495789,92.214478,91.031227
1216,10.133333,-0.007913,0.546709,0.020879,0.837025,-196.514542,92.216179,91.007111
1217,10.141667,-0.008587,0.546684,0.021451,0.837020,-196.538345,92.217125,90.997505
1218,10.150000,-0.009032,0.546431,0.022331,0.837158,-196.562012,92.217064,90.999969
1219,10.158333,-0.008858,0.546070,0.023036,0.837376,-196.577103,92.212944,91.004578
1220,10.166667,-0.008471,0.545793,0.023363,0.837551,-196.583847,92.209885,91.012146
1221,10.175000,-0.008051,0.545511,0.023356,0.837740,-196.581406,92.207809,91.022873
1222,10.183333,-0.007260,0.545152,0.023087,0.837988,-196.567856,92.206429,91.038071
1223,10.191667,-0.006516,0.544877,0.022748,0.838182,-196.546799,92.207207,91.055054
1224,10.200000,-0.005569,0.544664,0.022245,0.838341,-196.519028,92.205551,91.069839
1225,10.208333,-0.004993,0.544405,0.021519,0.838531,-196.492081,92.208511,91.077217
1226,10.216667,-0.004742,0.544234,0.021287,0.838650,-196.479843,92.215744,91.080444
1227,10.225000,-0.005189,0.544272,0.021164,0.838625,-196.482544,92.219566,91.080566
1228,10.233333,-0.005709,0.544438,0.021538,0.838505,-196.499115,92.219109,91.072594
1229,10.241667,-0.006394,0.544542,0.022073,0.838418,-196.516739,92.217560,91.058441
1230,10.250000,-0.006647,0.544564,0.022534,0.838390,-196.531555,92.217239,91.039780
1231,10.258333,-0.006892,0.544618,0.022585,0.838352,-196.538757,92.214806,91.021477
1232,10.266667,-0.007117,0.544701,0.022213,0.838306,-196.535767,92.215561,91.007767
1233,10.275000,-0.006856,0.544721,0.021945,0.838302,-196.526581,92.217239,91.004959
1234,10.283333,-0.006660,0.544671,0.021673,0.838343,-196.516953,92.217278,91.014687
1235,10.291667,-0.006133,0.544609,0.021582,0.838390,-196.507446,92.218712,91.034378
1236,10.300000,-0.005439,0.544379,0.021494,0.838547,-196.496490,92.217896,91.051567
1237,10.308333,-0.004700,0.544251,0.021396,0.838636,-196.485718,92.215546,91.063896
1238,10.316667,-0.004817,0.544288,0.021387,0.838612,-196.484406,92.215355,91.073166
1239,10.325000,-0.005097,0.544404,0.021637,0.838529,-196.488113,92.214432,91.074799
1240,10.333333,-0.005241,0.544428,0.021606,0.838513,-196.491653,92.213760,91.070244
1241,10.341667,-0.005064,0.544381,0.021445,0.838549,-196.492294,92.214325,91.059967
1242,10.350000,-0.005279,0.544358,0.021384,0.838564,-196.497452,92.217545,91.044273
1243,10.358333,-0.005984,0.544456,0.021600,0.838490,-196.504852,92.219238,91.027557
1244,10.366667,-0.006536,0.544498,0.021692,0.838456,-196.512115,92.219322,91.015198
1245,10.375000,-0.006789,0.544522,0.021680,0.838439,-196.518448,92.218025,91.012993
1246,10.383333,-0.006593,0.544528,0.021864,0.838432,-196.524612,92.216621,91.026718
1247,10.391667,-0.006676,0.544456,0.021940,0.838476,-196.527328,92.214249,91.039276
1248,10.400000,-0.006126,0.544381,0.022162,0.838523,-196.526688,92.214287,91.048164
1249,10.408333,-0.005749,0.544227,0.022249,0.838623,-196.520477,92.213898,91.050781
1250,10.416667,-0.005727,0.544159,0.022008,0.838674,-196.513382,92.217247,91.046928
1251,10.425000,-0.005959,0.544135,0.021798,0.838693,-196.504379,92.217407,91.037582
1252,10.433333,-0.006372,0.544124,0.021323,0.838710,-196.499222,92.218277,91.026016
1253,10.441667,-0.006444,0.544279,0.021440,0.838605,-196.502655,92.220268,91.021957
1254,10.450000,-0.006311,0.544350,0.021504,0.838559,-196.507797,92.220917,91.027580
1255,10.458333,-0.006217,0.544248,0.021732,0.838620,-196.511765,92.219109,91.032814
1256,10.466667,-0.006086,0.544154,0.022075,0.838673,-196.513443,92.217987,91.032967
1257,10.475000,-0.006148,0.544117,0.022027,0.838697,-196.511047,92.216644,91.028336
1258,10.483333,-0.006178,0.544098,0.021644,0.838720,-196.505508,92.216782,91.022583
1259,10.491667,-0.006008,0.544206,0.021433,0.838656,-196.502213,92.217659,91.027588
1260,10.500000,-0.005888,0.544189,0.021493,0.838667,-196.502014,92.219269,91.031189
1261,10.508333,-0.006037,0.544294,0.021693,0.838593,-196.504898,92.220726,91.030266
1262,10.516667,-0.006190,0.544277,0.021527,0.838606,-196.506210,92.219376,91.025558
1263,10.525000,-0.006147,0.544334,0.021546,0.838570,-196.508560,92.218697,91.025993
1264,10.533333,-0.006047,0.544355,0.021548,0.838557,-196.509415,92.217522,91.029236
1265,10.541667,-0.006052,0.544333,0.021481,0.838572,-196.508545,92.217026,91.027657
1266,10.550000,-0.006165,0.544331,0.021503,0.838572,-196.509308,92.218590,91.027885
1267,10.558333,-0.006022,0.544283,0.021497,0.838604,-196.508789,92.217705,91.029228
1268,10.566667,-0.006029,0.544556,0.021565,0.838426,-196.511566,92.218033,91.024864
1269,10.575000,-0.005934,0.544679,0.021349,0.838352,-196.512527,92.217957,91.025475
1270,10.583333,-0.005891,0.544711,0.021314,0.838333,-196.509338,92.217163,91.025017
1271,10.591667,-0.005895,0.544735,0.021342,0.838316,-196.508499,92.218002,91.023842
1272,10.600000,-0.006042,0.544684,0.021313,0.838349,-196.508621,92.218590,91.023598
1273,10.608333,-0.006074,0.544694,0.021397,0.838340,-196.507874,92.218330,91.023079
1274,10.616667,-0.006130,0.544704,0.021335,0.838335,-196.508469,92.217896,91.021439
1275,10.625000,-0.006127,0.544753,0.021251,0.838305,-196.508713,92.217331,91.020508
1276,10.633333,-0.006008,0.544823,0.021281,0.838259,-196.509567,92.217865,91.019234
1277,10.641667,-0.006026,0.544804,0.021112,0.838276,-196.510376,92.217751,91.018326
1278,10.650000,-0.006030,0.544841,0.021239,0.838249,-196.512344,92.217606,91.018616
1279,10.658333,-0.005938,0.544854,0.021268,0.838240,-196.513626,92.216675,91.019203
1280,10.666667,-0.006075,0.544808,0.021290,0.838269,-196.515457,92.217583,91.020416
1281,10.675000,-0.005965,0.544833,0.021434,0.838249,-196.516235,92.217705,91.020058
1282,10.683333,-0.005945,0.544822,0.021390,0.838258,-196.516388,92.217705,91.020958
1283,10.691667,-0.006058,0.544832,0.021427,0.838250,-196.516418,92.217644,91.020805
1284,10.700000,-0.006121,0.544856,0.021345,0.838236,-196.515808,92.217293,91.020653
1285,10.708333,-0.006119,0.544909,0.021396,0.838200,-196.516037,92.217697,91.021622
1286,10.716667,-0.006095,0.544887,0.021401,0.838215,-196.515076,92.218292,91.021820
1287,10.725000,-0.006050,0.544881,0.021288,0.838221,-196.514084,92.218109,91.021561
1288,10.733333,-0.006102,0.544872,0.021321,0.838226,-196.512161,92.217438,91.021400
1289,10.741667,-0.006084,0.544842,0.021312,0.838246,-196.511154,92.217285,91.022232
1290,10.750000,-0.006137,0.544890,0.021340,0.838213,-196.510605,92.218323,91.021133
1291,10.758333,-0.006049,0.544888,0.021276,0.838217,-196.510773,92.218193,91.021278
1292,10.766667,-0.006094,0.544877,0.021278,0.838224,-196.511108,92.218102,91.020233
1293,10.775000,-0.006134,0.544887,0.021334,0.838216,-196.511932,92.217079,91.019539
1294,10.783333,-0.006083,0.544860,0.021375,0.838233,-196.511978,92.217590,91.018944
1295,10.791667,-0.005899,0.544892,0.021321,0.838214,-196.512619,92.217552,91.018135
1296,10.800000,-0.005842,0.544888,0.021345,0.838217,-196.513504,92.217735,91.016685
1297,10.808333,-0.006047,0.544904,0.021356,0.838204,-196.514862,92.217323,91.017586
1298,10.816667,-0.006022,0.544896,0.021339,0.838210,-196.516174,92.218552,91.018143
1299,10.825000,-0.006003,0.544880,0.021462,0.838218,-196.516174,92.217468,91.018967
1300,10.833333,-0.006125,0.544890,0.021466,0.838210,-196.516174,92.216965,91.018677
1301,10.841667,-0.006130,0.544876,0.021453,0.838220,-196.516647,92.216583,91.020180
1302,10.850000,-0.006108,0.544862,0.021421,0.838230,-196.516602,92.216888,91.021187
1303,10.858333,-0.006173,0.544919,0.021520,0.838189,-196.516022,92.218102,91.021950
1304,10.866667,-0.006109,0.544866,0.021359,0.838229,-196.514618,92.217995,91.022743
1305,10.875000,-0.006048,0.544870,0.021368,0.838227,-196.513580,92.218056,91.022301
1306,10.883333,-0.006081,0.544915,0.021467,0.838194,-196.512680,92.218262,91.021866
1307,10.891667,-0.006107,0.544903,0.021487,0.838201,-196.512482,92.217674,91.021927
1308,10.900000,-0.006029,0.544860,0.021331,0.838234,-196.511337,92.217308,91.021660
1309,10.908333,-0.006093,0.544898,0.021392,0.838207,-196.511444,92.217255,91.020378
1310,10.916667,-0.006137,0.544899,0.021419,0.838205,-196.511703,92.217270,91.020386
1311,10.925000,-0.006060,0.544897,0.021365,0.838209,-196.512421,92.217896,91.019318
1312,10.933333,-0.006097,0.544874,0.021381,0.838223,-196.512466,92.217323,91.018448
1313,10.941667,-0.006166,0.544917,0.021484,0.838192,-196.514069,92.217896,91.017891
1314,10.950000,-0.006172,0.544960,0.021422,0.838166,-196.515259,92.217613,91.016930
1315,10.958333,-0.006149,0.544949,0.021351,0.838175,-196.516312,92.216797,91.017097
1316,10.966667,-0.006174,0.544975,0.021319,0.838158,-196.517258,92.216423,91.017151
