Format Version,1.25,Take Name,Take 2025-11-27 05.08.58 PM,Take Notes,,Capture Frame Rate,120.000000,Export Frame Rate,120.000000,Capture Start Time,2025-11-27 05.08.59.684 PM,Capture Start Frame,32827,Total Frames in Take,1359,Total Exported Frames,1359,Rotation Type,Quaternion,Length Units,Centimeters,Coordinate Space,Global

,Type,Rigid Body,Rigid Body,Rigid Body,Rigid Body,Rigid Body,Rigid Body,Rigid Body
,Name,SEE_large,SEE_large,SEE_large,SEE_large,SEE_large,SEE_large,SEE_large
,ID,B4680608301811F031C44B617C10C291,B4680608301811F031C44B617C10C291,B4680608301811F031C44B617C10C291,B4680608301811F031C44B617C10C291,B4680608301811F031C44B617C10C291,B4680608301811F031C44B617C10C291,B4680608301811F031C44B617C10C291
,Parent,,,,,,,
,,Rotation,Rotation,Rotation,Rotation,Position,Position,Position
Frame,Time (Seconds),X,Y,Z,W,X,Y,Z
0,0.000000,-0.007313,0.400284,0.008168,0.916326,-215.916519,92.237846,83.889351
1,0.008333,-0.007304,0.400262,0.008240,0.916335,-215.916580,92.239075,83.889206
2,0.016667,-0.007475,0.400247,0.008259,0.916340,-215.913300,92.239891,83.887299
3,0.025000,-0.007465,0.400228,0.008104,0.916349,-215.909653,92.240349,83.886627
4,0.033333,-0.007403,0.400238,0.008057,0.916346,-215.904739,92.243904,83.887833
5,0.041667,-0.007344,0.400180,0.007863,0.916373,-215.899918,92.244995,83.889160
6,0.050000,-0.007291,0.400179,0.007708,0.916376,-215.895508,92.244492,83.890831
7,0.058333,-0.007283,0.400172,0.007547,0.916380,-215.893967,92.244476,83.893333
8,0.066667,-0.007204,0.400218,0.007635,0.916360,-215.894501,92.243019,83.892059
9,0.075000,-0.007174,0.400226,0.007676,0.916356,-215.896820,92.243187,83.891006
10,0.083333,-0.007173,0.400233,0.007645,0.916354,-215.900208,92.243683,83.892456
11,0.091667,-0.007077,0.400203,0.007749,0.916367,-215.902039,92.243073,83.893654
12,0.100000,-0.007021,0.400232,0.007788,0.916354,-215.905029,92.242508,83.893456
13,0.108333,-0.007071,0.400278,0.007905,0.916332,-215.907791,92.241142,83.892113
14,0.116667,-0.007069,0.400269,0.008033,0.916335,-215.910370,92.240814,83.891876
15,0.125000,-0.007194,0.400302,0.008112,0.916319,-215.912445,92.240814,83.891258
16,0.133333,-0.007215,0.400309,0.008129,0.916316,-215.912842,92.239464,83.890678
17,0.141667,-0.007444,0.400265,0.008059,0.916334,-215.913422,92.239433,83.888878
18,0.150000,-0.007281,0.400273,0.007998,0.916332,-215.912125,92.238953,83.888283
19,0.158333,-0.007251,0.400209,0.008014,0.916360,-215.910080,92.239067,83.887032
20,0.166667,-0.007283,0.400239,0.007994,0.916347,-215.908722,92.239548,83.885414
21,0.175000,-0.007349,0.400260,0.007912,0.916338,-215.905884,92.239471,83.885185
22,0.183333,-0.007355,0.400235,0.007859,0.916350,-215.903595,92.239799,83.886505
23,0.191667,-0.007348,0.400238,0.007685,0.916349,-215.900391,92.240112,83.887032
24,0.200000,-0.007305,0.400291,0.007638,0.916327,-215.897202,92.240303,83.889610
25,0.208333,-0.007209,0.400235,0.007642,0.916352,-215.896530,92.240128,83.892303
26,0.216667,-0.007070,0.400223,0.007738,0.916358,-215.898560,92.238869,83.891174
27,0.225000,-0.007119,0.400224,0.007680,0.916357,-215.902542,92.239487,83.889236
28,0.233333,-0.007227,0.400229,0.007720,0.916354,-215.906311,92.238464,83.889389
29,0.241667,-0.007260,0.400219,0.007633,0.916359,-215.908463,92.238914,83.888664
30,0.250000,-0.007131,0.400257,0.007700,0.916343,-215.910934,92.239090,83.889320
31,0.258333,-0.007056,0.400262,0.007781,0.916341,-215.913208,92.239075,83.890419
32,0.266667,-0.007071,0.400298,0.007722,0.916325,-215.914536,92.237717,83.889755
33,0.275000,-0.007000,0.400309,0.007778,0.916320,-215.916138,92.237030,83.889336
34,0.283333,-0.007045,0.400323,0.007816,0.916314,-215.916779,92.236992,83.888618
35,0.291667,-0.007147,0.400365,0.007859,0.916294,-215.916824,92.235962,83.887390
36,0.300000,-0.007258,0.400357,0.008004,0.916296,-215.915985,92.235130,83.885696
37,0.308333,-0.007334,0.400273,0.007867,0.916333,-215.914749,92.234802,83.883873
38,0.316667,-0.007365,0.400296,0.007922,0.916322,-215.912537,92.234924,83.882835
39,0.325000,-0.007564,0.400262,0.007790,0.916336,-215.909912,92.235725,83.881927
40,0.333333,-0.007658,0.400190,0.007679,0.916368,-215.907455,92.238014,83.882996
41,0.341667,-0.007499,0.400212,0.007720,0.916360,-215.903976,92.237679,83.883789
42,0.350000,-0.007231,0.400201,0.007592,0.916367,-215.900925,92.238075,83.886620
43,0.358333,-0.007098,0.400204,0.007462,0.916368,-215.896851,92.237350,83.889366
44,0.366667,-0.007031,0.400187,0.007454,0.916376,-215.898636,92.237053,83.889908
45,0.375000,-0.007020,0.400260,0.007522,0.916344,-215.900970,92.235603,83.889374
46,0.383333,-0.007179,0.400267,0.007640,0.916339,-215.904541,92.236725,83.889603
47,0.391667,-0.007229,0.400255,0.007697,0.916343,-215.905716,92.236557,83.890648
48,0.400000,-0.007289,0.400255,0.007759,0.916342,-215.907578,92.236145,83.891479
49,0.408333,-0.007109,0.400225,0.007721,0.916357,-215.910004,92.234093,83.893623
50,0.416667,-0.007044,0.400261,0.007736,0.916341,-215.909882,92.232635,83.894287
51,0.425000,-0.007119,0.400276,0.007692,0.916335,-215.910522,92.233597,83.895432
52,0.433333,-0.007216,0.400255,0.007705,0.916343,-215.909988,92.233208,83.895615
53,0.441667,-0.007285,0.400224,0.007566,0.916357,-215.908783,92.234489,83.896072
54,0.450000,-0.007213,0.400205,0.007533,0.916366,-215.907715,92.233887,83.897148
55,0.458333,-0.007183,0.400197,0.007693,0.916369,-215.906479,92.233803,83.896027
56,0.466667,-0.007189,0.400239,0.007747,0.916350,-215.905167,92.233841,83.896027
57,0.475000,-0.007185,0.400276,0.007600,0.916335,-215.903214,92.232666,83.895912
58,0.483333,-0.007187,0.400203,0.007554,0.916367,-215.902588,92.233887,83.895973
59,0.491667,-0.007183,0.400151,0.007569,0.916390,-215.901642,92.235687,83.896111
60,0.500000,-0.007314,0.400145,0.007560,0.916392,-215.900940,92.236237,83.895264
61,0.508333,-0.007324,0.400182,0.007517,0.916375,-215.901260,92.236206,83.895172
62,0.516667,-0.007205,0.400222,0.007704,0.916358,-215.901230,92.235474,83.895241
63,0.525000,-0.007176,0.400213,0.007601,0.916362,-215.902298,92.235023,83.895866
64,0.533333,-0.007188,0.400188,0.007630,0.916373,-215.903336,92.235466,83.895454
65,0.541667,-0.007309,0.400159,0.007592,0.916385,-215.904373,92.235527,83.895828
66,0.550000,-0.007248,0.400196,0.007609,0.916369,-215.904663,92.234406,83.896622
67,0.558333,-0.007260,0.400187,0.007623,0.916373,-215.905411,92.234650,83.896019
68,0.566667,-0.007310,0.400211,0.007687,0.916362,-215.905243,92.234940,83.896027
69,0.575000,-0.007352,0.400178,0.007635,0.916376,-215.905624,92.235245,83.896042
70,0.583333,-0.007197,0.400174,0.007638,0.916379,-215.904816,92.233871,83.896294
71,0.591667,-0.007123,0.400223,0.007598,0.916359,-215.904709,92.233368,83.896759
72,0.600000,-0.007188,0.400192,0.007542,0.916372,-215.903687,92.232948,83.896446
73,0.608333,-0.007313,0.400183,0.007464,0.916376,-215.904404,92.234970,83.895203
74,0.616667,-0.007319,0.400198,0.007519,0.916369,-215.903732,92.235008,83.895615
75,0.625000,-0.007272,0.400196,0.007538,0.916370,-215.902527,92.234055,83.896729
76,0.633333,-0.007361,0.400206,0.007589,0.916364,-215.902298,92.234245,83.897850
77,0.641667,-0.007334,0.400184,0.007645,0.916374,-215.901855,92.234123,83.898491
78,0.650000,-0.007217,0.400208,0.007746,0.916363,-215.901230,92.234566,83.898438
79,0.658333,-0.007204,0.400226,0.007645,0.916356,-215.901688,92.235229,83.898529
80,0.666667,-0.007247,0.400178,0.007685,0.916376,-215.902451,92.235115,83.898506
81,0.675000,-0.007264,0.400175,0.007825,0.916377,-215.902451,92.233315,83.898956
82,0.683333,-0.007397,0.400115,0.007661,0.916403,-215.902740,92.233971,83.898529
83,0.691667,-0.007398,0.400117,0.007701,0.916402,-215.902679,92.233498,83.898155
84,0.700000,-0.007334,0.400196,0.007581,0.916369,-215.903900,92.233673,83.898506
85,0.708333,-0.007336,0.400243,0.007604,0.916348,-215.904953,92.233727,83.897224
86,0.716667,-0.007129,0.400230,0.007752,0.916354,-215.905029,92.234123,83.897049
87,0.725000,-0.007165,0.400195,0.007704,0.916370,-215.905640,92.233650,83.897163
88,0.733333,-0.007190,0.400114,0.007684,0.916405,-215.905502,92.233398,83.897270
89,0.741667,-0.007178,0.400125,0.007759,0.916399,-215.905167,92.233345,83.896828
90,0.750000,-0.007110,0.400172,0.007655,0.916380,-215.904419,92.232330,83.897316
91,0.758333,-0.007249,0.400203,0.007533,0.916367,-215.903992,92.234192,83.896225
92,0.766667,-0.007290,0.400181,0.007540,0.916376,-215.903168,92.234413,83.895592
93,0.775000,-0.007327,0.400175,0.007583,0.916378,-215.902191,92.234367,83.895615
94,0.783333,-0.007273,0.400183,0.007541,0.916375,-215.900833,92.234726,83.895638
95,0.791667,-0.007150,0.400184,0.007617,0.916375,-215.900116,92.233253,83.896240
96,0.800000,-0.007113,0.400220,0.007750,0.916359,-215.898972,92.232018,83.897453
97,0.808333,-0.007275,0.400245,0.007559,0.916348,-215.898544,92.233849,83.897118
98,0.816667,-0.007348,0.400191,0.007465,0.916372,-215.898163,92.234024,83.896729
99,0.825000,-0.007213,0.400198,0.007504,0.916370,-215.897491,92.234383,83.897339
100,0.833333,-0.007222,0.400180,0.007601,0.916376,-215.897369,92.233879,83.897446
101,0.841667,-0.007291,0.400200,0.007514,0.916368,-215.896469,92.233887,83.896568
102,0.850000,-0.007260,0.400243,0.007507,0.916350,-215.896469,92.233864,83.897835
103,0.858333,-0.007206,0.400231,0.007634,0.916354,-215.895676,92.233414,83.898651
104,0.866667,-0.007230,0.400213,0.007557,0.916363,-215.896912,92.232964,83.898933
105,0.875000,-0.007297,0.400193,0.007575,0.916371,-215.897415,92.233368,83.898674
106,0.883333,-0.007275,0.400133,0.007581,0.916397,-215.899185,92.234245,83.898178
107,0.891667,-0.007275,0.400146,0.007551,0.916392,-215.899826,92.235413,83.897949
108,0.900000,-0.007141,0.400151,0.007553,0.916390,-215.901443,92.233673,83.897697
109,0.908333,-0.007183,0.400167,0.007538,0.916383,-215.902802,92.233177,83.898643
110,0.916667,-0.007210,0.400200,0.007593,0.916368,-215.903717,92.234222,83.897926
111,0.925000,-0.007188,0.400167,0.007689,0.916382,-215.903687,92.234756,83.897400
112,0.933333,-0.007149,0.400157,0.007802,0.916385,-215.904236,92.234055,83.897652
113,0.941667,-0.007262,0.400223,0.007704,0.916357,-215.904312,92.233871,83.897812
114,0.950000,-0.007269,0.400211,0.007647,0.916362,-215.903442,92.233459,83.898193
115,0.958333,-0.007359,0.400183,0.007514,0.916375,-215.902634,92.234230,83.898338
116,0.966667,-0.007366,0.400164,0.007639,0.916382,-215.900681,92.232910,83.898254
117,0.975000,-0.007340,0.400171,0.007511,0.916380,-215.899750,92.233391,83.899796
118,0.983333,-0.007261,0.400207,0.007449,0.916366,-215.898682,92.233841,83.899994
119,0.991667,-0.007214,0.400230,0.007440,0.916356,-215.897583,92.234146,83.900925
120,1.000000,-0.007221,0.400260,0.007526,0.916342,-215.897125,92.234901,83.901054
121,1.008333,-0.007139,0.400272,0.007654,0.916337,-215.896469,92.233597,83.901825
122,1.016667,-0.007181,0.400233,0.007592,0.916354,-215.896729,92.234161,83.901253
123,1.025000,-0.007192,0.400181,0.007652,0.916376,-215.898438,92.235260,83.900810
124,1.033333,-0.007139,0.400173,0.007657,0.916380,-215.900558,92.236191,83.899101
125,1.041667,-0.007308,0.400244,0.007905,0.916345,-215.904419,92.236076,83.896019
126,1.050000,-0.007442,0.400152,0.007987,0.916384,-215.911484,92.234421,83.893654
127,1.058333,-0.007541,0.400063,0.007991,0.916422,-215.918472,92.235428,83.893166
128,1.066667,-0.007474,0.400006,0.008161,0.916446,-215.927170,92.235504,83.894371
129,1.075000,-0.007519,0.399957,0.008463,0.916464,-215.939499,92.234215,83.896431
130,1.083333,-0.007626,0.399954,0.008852,0.916461,-215.954071,92.234108,83.898476
131,1.091667,-0.007671,0.399921,0.009302,0.916470,-215.969757,92.235710,83.900406
132,1.100000,-0.007522,0.399952,0.009854,0.916452,-215.985779,92.235733,83.902946
133,1.108333,-0.007506,0.399858,0.010624,0.916485,-216.001007,92.236259,83.906921
134,1.116667,-0.007576,0.399871,0.011313,0.916470,-216.017883,92.235435,83.912949
135,1.125000,-0.007724,0.399945,0.011947,0.916429,-216.032196,92.234314,83.918449
136,1.133333,-0.007783,0.399957,0.012527,0.916415,-216.042068,92.233803,83.921875
137,1.141667,-0.007644,0.400020,0.012936,0.916383,-216.048294,92.232788,83.924019
138,1.150000,-0.007587,0.399995,0.013121,0.916392,-216.051239,92.232925,83.925285
139,1.158333,-0.007578,0.399927,0.013185,0.916421,-216.050476,92.232239,83.925262
140,1.166667,-0.007851,0.399931,0.013091,0.916418,-216.048599,92.233368,83.923180
141,1.175000,-0.008257,0.399888,0.012890,0.916436,-216.049774,92.236679,83.917793
142,1.183333,-0.008078,0.399860,0.013078,0.916447,-216.050385,92.236244,83.917267
143,1.191667,-0.008025,0.399904,0.013198,0.916427,-216.055328,92.236748,83.917412
144,1.200000,-0.008193,0.399742,0.013143,0.916497,-216.066223,92.240654,83.917740
145,1.208333,-0.007887,0.399573,0.015254,0.916541,-216.100052,92.226173,83.926125
146,1.216667,-0.008045,0.399622,0.015854,0.916507,-216.117172,92.225266,83.932289
147,1.225000,-0.008239,0.399682,0.016738,0.916464,-216.134811,92.222237,83.939606
148,1.233333,-0.008635,0.399604,0.016833,0.916493,-216.143341,92.223938,83.944351
149,1.241667,-0.008936,0.399470,0.016363,0.916557,-216.155487,92.231346,83.945786
150,1.250000,-0.009154,0.399415,0.016236,0.916581,-216.167877,92.235474,83.947945
151,1.258333,-0.009211,0.399365,0.016244,0.916602,-216.181015,92.238609,83.950577
152,1.266667,-0.009113,0.399318,0.016670,0.916616,-216.191833,92.238129,83.955673
153,1.275000,-0.009195,0.399441,0.017208,0.916551,-216.200668,92.235718,83.959175
154,1.283333,-0.009382,0.399456,0.017654,0.916534,-216.207794,92.235558,83.964699
155,1.291667,-0.009355,0.399482,0.018128,0.916514,-216.212204,92.234596,83.967880
156,1.300000,-0.009335,0.399481,0.018440,0.916509,-216.216064,92.233238,83.971474
157,1.308333,-0.009353,0.399427,0.018646,0.916528,-216.221024,92.233421,83.973763
158,1.316667,-0.009505,0.399386,0.018573,0.916546,-216.225815,92.234154,83.974892
159,1.325000,-0.009726,0.399462,0.018834,0.916505,-216.234299,92.234215,83.974976
160,1.333333,-0.009893,0.399367,0.018900,0.916543,-216.242630,92.236549,83.975311
161,1.341667,-0.010189,0.399323,0.019153,0.916554,-216.251999,92.239296,83.975403
162,1.350000,-0.010343,0.399208,0.019455,0.916596,-216.262222,92.238457,83.976158
163,1.358333,-0.010615,0.399074,0.019766,0.916644,-216.273148,92.237411,83.974823
164,1.366667,-0.011372,0.399119,0.020877,0.916591,-216.285538,92.243019,83.973572
165,1.375000,-0.011688,0.399103,0.021411,0.916582,-216.295044,92.245544,83.972130
166,1.383333,-0.011275,0.398806,0.021106,0.916723,-216.304901,92.238609,83.974426
167,1.391667,-0.011610,0.398756,0.021709,0.916726,-216.315491,92.239471,83.975533
168,1.400000,-0.011879,0.398608,0.022115,0.916778,-216.327911,92.239342,83.976875
169,1.408333,-0.012059,0.398495,0.022531,0.916814,-216.339752,92.239037,83.980728
170,1.416667,-0.012262,0.398339,0.022859,0.916872,-216.351837,92.240562,83.983910
171,1.425000,-0.012386,0.398214,0.023121,0.916918,-216.363861,92.244720,83.988312
172,1.433333,-0.012286,0.398165,0.023555,0.916929,-216.371155,92.246490,83.990715
173,1.441667,-0.012159,0.398145,0.023772,0.916934,-216.375183,92.245361,83.993324
174,1.450000,-0.012028,0.398192,0.023749,0.916916,-216.374557,92.243828,83.994499
175,1.458333,-0.011973,0.398290,0.023700,0.916875,-216.368347,92.242142,83.994926
176,1.466667,-0.011902,0.398425,0.023559,0.916821,-216.360214,92.240601,83.994606
177,1.475000,-0.011873,0.398540,0.023416,0.916775,-216.352341,92.237610,83.993462
178,1.483333,-0.011929,0.398545,0.023410,0.916773,-216.349487,92.236946,83.991882
179,1.491667,-0.011877,0.398552,0.023574,0.916766,-216.347961,92.234947,83.990746
180,1.500000,-0.011941,0.398533,0.023522,0.916774,-216.349625,92.234772,83.991051
181,1.508333,-0.011995,0.398458,0.023437,0.916809,-216.352890,92.236969,83.989563
182,1.516667,-0.012073,0.398423,0.023286,0.916827,-216.355591,92.240005,83.987770
183,1.525000,-0.012166,0.398372,0.023133,0.916851,-216.360062,92.242905,83.986198
184,1.533333,-0.012189,0.398359,0.023240,0.916854,-216.362411,92.243912,83.986763
185,1.541667,-0.012149,0.398328,0.023237,0.916868,-216.365952,92.245094,83.986015
186,1.550000,-0.012057,0.398270,0.023163,0.916896,-216.368866,92.246300,83.986588
187,1.558333,-0.012167,0.398256,0.023040,0.916904,-216.373627,92.247711,83.987984
188,1.566667,-0.012327,0.398207,0.023235,0.916918,-216.378571,92.247345,83.989655
189,1.575000,-0.012347,0.398216,0.023368,0.916911,-216.382553,92.246918,83.990707
190,1.583333,-0.012285,0.398226,0.023570,0.916902,-216.386536,92.246696,83.991333
191,1.591667,-0.012135,0.398287,0.023711,0.916874,-216.388351,92.245674,83.992058
192,1.600000,-0.012100,0.398360,0.023966,0.916836,-216.387436,92.243973,83.992783
193,1.608333,-0.012061,0.398396,0.024204,0.916815,-216.385010,92.242188,83.993355
194,1.616667,-0.012062,0.398394,0.024258,0.916814,-216.382248,92.241692,83.992821
195,1.625000,-0.012140,0.398328,0.024339,0.916840,-216.379456,92.241112,83.991600
196,1.633333,-0.012128,0.398345,0.024294,0.916834,-216.375656,92.240936,83.990463
197,1.641667,-0.011997,0.398306,0.024001,0.916860,-216.373093,92.241203,83.988556
198,1.650000,-0.012119,0.398295,0.023925,0.916865,-216.370422,92.240715,83.986832
199,1.658333,-0.012213,0.398257,0.023933,0.916880,-216.369247,92.240936,83.986053
200,1.666667,-0.012301,0.398297,0.023755,0.916867,-216.368195,92.240555,83.985931
201,1.675000,-0.012338,0.398311,0.023718,0.916861,-216.369125,92.242302,83.983849
202,1.683333,-0.012356,0.398307,0.023619,0.916865,-216.370911,92.244179,83.984207
203,1.691667,-0.012385,0.398271,0.023523,0.916883,-216.373581,92.244888,83.985184
204,1.700000,-0.012346,0.398371,0.023599,0.916838,-216.377121,92.245277,83.985954
205,1.708333,-0.012312,0.398306,0.023595,0.916867,-216.382629,92.247704,83.986847
206,1.716667,-0.012175,0.398342,0.023749,0.916849,-216.385437,92.246948,83.987015
207,1.725000,-0.012197,0.398431,0.023925,0.916805,-216.389084,92.247383,83.987030
208,1.733333,-0.012001,0.398417,0.024048,0.916811,-216.391464,92.246696,83.987427
209,1.741667,-0.012013,0.398402,0.024291,0.916810,-216.392761,92.245575,83.987068
210,1.750000,-0.012114,0.398404,0.024323,0.916807,-216.396515,92.244789,83.987549
211,1.758333,-0.012184,0.398420,0.024402,0.916797,-216.399200,92.244095,83.986664
212,1.766667,-0.012217,0.398479,0.024738,0.916763,-216.400726,92.243454,83.984459
213,1.775000,-0.012314,0.398499,0.024918,0.916748,-216.400818,92.243370,83.982338
214,1.783333,-0.012305,0.398448,0.024908,0.916770,-216.398865,92.244118,83.980370
215,1.791667,-0.012224,0.398524,0.024965,0.916737,-216.395538,92.244080,83.978973
216,1.800000,-0.012273,0.398541,0.024947,0.916729,-216.391251,92.245010,83.978340
217,1.808333,-0.012290,0.398478,0.024823,0.916760,-216.387314,92.244125,83.977928
218,1.816667,-0.012257,0.398501,0.024713,0.916753,-216.384705,92.242851,83.977982
219,1.825000,-0.012340,0.398508,0.024603,0.916752,-216.383652,92.243149,83.978668
220,1.833333,-0.012390,0.398487,0.024536,0.916762,-216.383606,92.242950,83.979202
221,1.841667,-0.012367,0.398476,0.024410,0.916770,-216.384048,92.244431,83.979164
222,1.850000,-0.012382,0.398428,0.024242,0.916795,-216.386230,92.246857,83.978806
223,1.858333,-0.012298,0.398446,0.024300,0.916788,-216.388947,92.247780,83.979942
224,1.866667,-0.012300,0.398463,0.024383,0.916778,-216.392685,92.248131,83.980408
225,1.875000,-0.012341,0.398489,0.024245,0.916769,-216.396759,92.249512,83.980309
226,1.883333,-0.012356,0.398473,0.024612,0.916767,-216.399673,92.250298,83.979927
227,1.891667,-0.012270,0.398434,0.024699,0.916782,-216.401917,92.250252,83.980263
228,1.900000,-0.012151,0.398454,0.024743,0.916774,-216.402573,92.249962,83.979675
229,1.908333,-0.012172,0.398516,0.024858,0.916744,-216.401123,92.248192,83.978615
230,1.916667,-0.012143,0.398515,0.024870,0.916744,-216.400314,92.247337,83.978073
231,1.925000,-0.012186,0.398523,0.024982,0.916737,-216.397949,92.246803,83.976601
232,1.933333,-0.012325,0.398537,0.025081,0.916726,-216.395599,92.246124,83.974365
233,1.941667,-0.012334,0.398533,0.025029,0.916729,-216.393326,92.245285,83.973572
234,1.950000,-0.012404,0.398491,0.024841,0.916752,-216.391663,92.246696,83.972343
235,1.958333,-0.012280,0.398465,0.024828,0.916765,-216.388565,92.245605,83.971725
236,1.966667,-0.012252,0.398505,0.024793,0.916749,-216.387466,92.245796,83.972076
237,1.975000,-0.012261,0.398419,0.024608,0.916791,-216.386932,92.246368,83.971252
238,1.983333,-0.012330,0.398435,0.024440,0.916788,-216.387512,92.248047,83.970680
239,1.991667,-0.012338,0.398439,0.024287,0.916790,-216.388412,92.249016,83.971237
240,2.000000,-0.012303,0.398410,0.024311,0.916803,-216.390564,92.249908,83.971893
241,2.008333,-0.012325,0.398428,0.024136,0.916799,-216.392548,92.251152,83.972214
242,2.016667,-0.012251,0.398419,0.024084,0.916805,-216.394989,92.250862,83.972839
243,2.025000,-0.012256,0.398411,0.024172,0.916807,-216.398193,92.252419,83.973671
244,2.033333,-0.012257,0.398417,0.024304,0.916801,-216.401077,92.252808,83.973839
245,2.041667,-0.012224,0.398453,0.024290,0.916786,-216.403336,92.252228,83.975372
246,2.050000,-0.012182,0.398467,0.024485,0.916775,-216.404648,92.251991,83.975273
247,2.058333,-0.012207,0.398506,0.024548,0.916756,-216.405273,92.252121,83.976036
248,2.066667,-0.012248,0.398553,0.024678,0.916731,-216.405151,92.249924,83.975174
249,2.075000,-0.012183,0.398551,0.024834,0.916729,-216.403275,92.247742,83.975983
250,2.083333,-0.012205,0.398501,0.024766,0.916752,-216.401245,92.246941,83.976173
251,2.091667,-0.012188,0.398499,0.024881,0.916750,-216.399429,92.246056,83.976013
252,2.100000,-0.012118,0.398484,0.024894,0.916757,-216.399094,92.246262,83.975868
253,2.108333,-0.012020,0.398488,0.024830,0.916758,-216.397934,92.245857,83.976616
254,2.116667,-0.012207,0.398535,0.024721,0.916739,-216.397003,92.246735,83.976791
255,2.125000,-0.012230,0.398464,0.024611,0.916772,-216.397430,92.245842,83.976540
256,2.133333,-0.012197,0.398511,0.024626,0.916752,-216.398621,92.246300,83.977203
257,2.141667,-0.012340,0.398559,0.024622,0.916729,-216.399841,92.248093,83.978462
258,2.150000,-0.012287,0.398552,0.024455,0.916737,-216.401337,92.247948,83.979240
259,2.158333,-0.012289,0.398554,0.024302,0.916741,-216.404419,92.249611,83.980522
260,2.166667,-0.012399,0.398566,0.024423,0.916731,-216.406036,92.250191,83.981316
261,2.175000,-0.012337,0.398540,0.024543,0.916740,-216.406006,92.250229,83.981598
262,2.183333,-0.012290,0.398557,0.024558,0.916732,-216.406540,92.250778,83.982399
263,2.191667,-0.012303,0.398520,0.024590,0.916748,-216.407730,92.250282,83.982895
264,2.200000,-0.012267,0.398572,0.024624,0.916724,-216.408020,92.250183,83.983849
265,2.208333,-0.012190,0.398584,0.024629,0.916720,-216.407440,92.249733,83.984169
266,2.216667,-0.012195,0.398621,0.024627,0.916704,-216.405609,92.249474,83.983803
267,2.225000,-0.012204,0.398585,0.024595,0.916720,-216.403839,92.248718,83.982841
268,2.233333,-0.012314,0.398578,0.024768,0.916717,-216.401840,92.247978,83.981293
269,2.241667,-0.012481,0.398558,0.024696,0.916725,-216.400146,92.247757,83.980324
270,2.250000,-0.012464,0.398547,0.024656,0.916732,-216.398331,92.246918,83.979515
271,2.258333,-0.012338,0.398558,0.024663,0.916729,-216.396927,92.245438,83.979248
272,2.266667,-0.012296,0.398518,0.024748,0.916744,-216.396515,92.245636,83.979523
273,2.275000,-0.012200,0.398457,0.024594,0.916776,-216.396454,92.245781,83.978714
274,2.283333,-0.012307,0.398469,0.024573,0.916770,-216.397339,92.247398,83.978241
275,2.291667,-0.012369,0.398519,0.024641,0.916745,-216.398315,92.246613,83.977417
276,2.300000,-0.012393,0.398551,0.024393,0.916738,-216.400650,92.248070,83.976990
277,2.308333,-0.012385,0.398506,0.024441,0.916757,-216.403488,92.249496,83.977356
278,2.316667,-0.012279,0.398478,0.024432,0.916770,-216.404343,92.250458,83.977417
279,2.325000,-0.012249,0.398508,0.024510,0.916755,-216.406540,92.249969,83.978279
280,2.333333,-0.012281,0.398543,0.024541,0.916739,-216.408875,92.249535,83.979057
281,2.341667,-0.012274,0.398535,0.024577,0.916741,-216.409714,92.248955,83.980247
282,2.350000,-0.012350,0.398578,0.024577,0.916722,-216.408798,92.248619,83.980301
283,2.358333,-0.012371,0.398622,0.024609,0.916702,-216.408463,92.247795,83.981445
284,2.366667,-0.012380,0.398594,0.024717,0.916711,-216.407654,92.246643,83.982613
285,2.375000,-0.012239,0.398548,0.024707,0.916733,-216.406876,92.245255,83.982765
286,2.383333,-0.012317,0.398587,0.024688,0.916716,-216.405731,92.245323,83.981720
287,2.391667,-0.012262,0.398558,0.024715,0.916728,-216.403671,92.243996,83.981133
288,2.400000,-0.012203,0.398565,0.024691,0.916727,-216.402481,92.244926,83.981636
289,2.408333,-0.012325,0.398571,0.024719,0.916721,-216.400742,92.245140,83.979889
290,2.416667,-0.012247,0.398509,0.024589,0.916753,-216.399521,92.243332,83.980339
291,2.425000,-0.012332,0.398492,0.024509,0.916761,-216.400360,92.244751,83.979744
292,2.433333,-0.012511,0.398524,0.024568,0.916744,-216.401413,92.244789,83.978493
293,2.441667,-0.012446,0.398496,0.024559,0.916757,-216.401794,92.244087,83.978271
294,2.450000,-0.012307,0.398524,0.024513,0.916748,-216.403412,92.245605,83.978203
295,2.458333,-0.012286,0.398493,0.024562,0.916760,-216.406433,92.245224,83.978180
296,2.466667,-0.012205,0.398534,0.024563,0.916743,-216.409302,92.245491,83.978340
297,2.475000,-0.012113,0.398573,0.024591,0.916727,-216.411377,92.243767,83.980141
298,2.483333,-0.012233,0.398592,0.024517,0.916719,-216.411942,92.244247,83.980705
299,2.491667,-0.012248,0.398575,0.024592,0.916724,-216.412537,92.244598,83.980659
300,2.500000,-0.012209,0.398574,0.024700,0.916722,-216.413971,92.245308,83.981644
301,2.508333,-0.012086,0.398552,0.024657,0.916735,-216.413574,92.243843,83.983101
302,2.516667,-0.012144,0.398578,0.024724,0.916721,-216.412949,92.242134,83.984306
303,2.525000,-0.012237,0.398627,0.024642,0.916700,-216.412262,92.243126,83.984467
304,2.533333,-0.012222,0.398598,0.024562,0.916715,-216.410416,92.242287,83.984604
305,2.541667,-0.012142,0.398618,0.024709,0.916704,-216.409897,92.241486,83.984573
306,2.550000,-0.012102,0.398588,0.024609,0.916720,-216.410538,92.241135,83.985909
307,2.558333,-0.012129,0.398606,0.024591,0.916712,-216.410034,92.241325,83.986198
308,2.566667,-0.012191,0.398593,0.024635,0.916716,-216.410995,92.241821,83.985512
309,2.575000,-0.012253,0.398586,0.024709,0.916716,-216.410950,92.242020,83.985046
310,2.583333,-0.012221,0.398577,0.024675,0.916721,-216.411346,92.241493,83.985832
311,2.591667,-0.012231,0.398643,0.024621,0.916694,-216.412537,92.241676,83.985863
312,2.600000,-0.012195,0.398670,0.024713,0.916680,-216.414185,92.242226,83.985916
313,2.608333,-0.012173,0.398631,0.024677,0.916698,-216.416428,92.243179,83.985794
314,2.616667,-0.011980,0.398661,0.024593,0.916690,-216.418335,92.242416,83.986252
315,2.625000,-0.011970,0.398634,0.024684,0.916699,-216.419174,92.241661,83.987396
316,2.633333,-0.012002,0.398702,0.024704,0.916669,-216.420410,92.241997,83.987427
317,2.641667,-0.011935,0.398710,0.024840,0.916663,-216.421600,92.241486,83.987801
318,2.650000,-0.012053,0.398682,0.024868,0.916673,-216.421432,92.241562,83.988678
319,2.658333,-0.012102,0.398661,0.024848,0.916682,-216.420578,92.242065,83.987656
320,2.666667,-0.012101,0.398618,0.024699,0.916705,-216.419647,92.241043,83.986786
321,2.675000,-0.012035,0.398587,0.024785,0.916717,-216.417068,92.239365,83.986374
322,2.683333,-0.012131,0.398661,0.024857,0.916681,-216.413910,92.240471,83.984810
323,2.691667,-0.012252,0.398654,0.024818,0.916684,-216.411636,92.240105,83.984123
324,2.700000,-0.012296,0.398630,0.024843,0.916693,-216.409561,92.241165,83.982536
325,2.708333,-0.012263,0.398561,0.024686,0.916727,-216.407867,92.241844,83.981392
326,2.716667,-0.012239,0.398529,0.024739,0.916740,-216.406723,92.241417,83.981674
327,2.725000,-0.012164,0.398604,0.024667,0.916711,-216.405487,92.241310,83.981117
328,2.733333,-0.012247,0.398598,0.024659,0.916713,-216.405701,92.242905,83.980324
329,2.741667,-0.012339,0.398584,0.024724,0.916715,-216.406677,92.244133,83.980301
330,2.750000,-0.012309,0.398600,0.024591,0.916713,-216.407898,92.245125,83.980980
331,2.758333,-0.012209,0.398578,0.024587,0.916724,-216.409210,92.245377,83.980896
332,2.766667,-0.012123,0.398548,0.024544,0.916739,-216.410309,92.245651,83.981560
333,2.775000,-0.012152,0.398595,0.024649,0.916715,-216.410965,92.246941,83.982330
334,2.783333,-0.012197,0.398561,0.024677,0.916728,-216.411407,92.246948,83.982208
335,2.791667,-0.012187,0.398585,0.024647,0.916719,-216.411453,92.246498,83.981895
336,2.800000,-0.012185,0.398538,0.024636,0.916740,-216.411072,92.246078,83.981750
337,2.808333,-0.012207,0.398534,0.024721,0.916739,-216.410690,92.246262,83.982040
338,2.816667,-0.012170,0.398584,0.024732,0.916717,-216.408539,92.246895,83.982071
339,2.825000,-0.012032,0.398617,0.024770,0.916704,-216.406708,92.245888,83.981400
340,2.833333,-0.012098,0.398600,0.024875,0.916708,-216.404388,92.243973,83.980751
341,2.841667,-0.012188,0.398546,0.024838,0.916731,-216.402817,92.244072,83.981453
342,2.850000,-0.012233,0.398535,0.024762,0.916737,-216.401703,92.244186,83.981293
343,2.858333,-0.012356,0.398566,0.024700,0.916724,-216.401154,92.245575,83.980598
344,2.866667,-0.012336,0.398573,0.024676,0.916722,-216.400772,92.245926,83.980125
345,2.875000,-0.012363,0.398531,0.024496,0.916745,-216.401291,92.246376,83.980667
346,2.883333,-0.012322,0.398559,0.024565,0.916731,-216.402176,92.246765,83.981964
347,2.891667,-0.012294,0.398538,0.024546,0.916741,-216.403625,92.247566,83.981255
348,2.900000,-0.012380,0.398595,0.024419,0.916718,-216.405060,92.248978,83.981934
349,2.908333,-0.012244,0.398513,0.024438,0.916755,-216.405563,92.248718,83.982216
350,2.916667,-0.012250,0.398529,0.024393,0.916749,-216.406799,92.249329,83.981766
351,2.925000,-0.012291,0.398522,0.024336,0.916754,-216.407684,92.249741,83.982437
352,2.933333,-0.012358,0.398515,0.024476,0.916752,-216.407181,92.250580,83.982239
353,2.941667,-0.012280,0.398531,0.024391,0.916748,-216.407730,92.248474,83.981857
354,2.950000,-0.012224,0.398532,0.024351,0.916750,-216.407394,92.248322,83.981049
355,2.958333,-0.012230,0.398546,0.024373,0.916743,-216.406509,92.248947,83.979294
356,2.966667,-0.012184,0.398508,0.024469,0.916758,-216.404205,92.248421,83.978302
357,2.975000,-0.012209,0.398534,0.024502,0.916745,-216.402405,92.249435,83.978020
358,2.983333,-0.012248,0.398508,0.024554,0.916755,-216.400528,92.248581,83.976753
359,2.991667,-0.012311,0.398452,0.024516,0.916779,-216.399078,92.248810,83.976265
360,3.000000,-0.012305,0.398456,0.024609,0.916775,-216.396851,92.248589,83.976028
361,3.008333,-0.012356,0.398488,0.024544,0.916762,-216.396255,92.249023,83.975174
362,3.016667,-0.012411,0.398494,0.024549,0.916758,-216.396027,92.248711,83.974495
363,3.025000,-0.012392,0.398488,0.024460,0.916764,-216.396332,92.248413,83.974686
364,3.033333,-0.012366,0.398487,0.024416,0.916765,-216.397049,92.249451,83.974815
365,3.041667,-0.012249,0.398522,0.024515,0.916749,-216.398743,92.248955,83.975060
366,3.050000,-0.012243,0.398550,0.024550,0.916736,-216.400620,92.248985,83.977127
367,3.058333,-0.012233,0.398530,0.024487,0.916747,-216.402405,92.249657,83.977303
368,3.066667,-0.012266,0.398540,0.024494,0.916742,-216.404266,92.250458,83.976944
369,3.075000,-0.012333,0.398531,0.024566,0.916743,-216.406372,92.250366,83.977768
370,3.083333,-0.012285,0.398523,0.024656,0.916745,-216.407593,92.249786,83.978386
371,3.091667,-0.012325,0.398510,0.024692,0.916749,-216.407806,92.248024,83.978600
372,3.100000,-0.012255,0.398497,0.024698,0.916755,-216.407227,92.247078,83.979431
373,3.108333,-0.012241,0.398523,0.024882,0.916739,-216.406113,92.246857,83.978424
374,3.116667,-0.012298,0.398563,0.024798,0.916723,-216.405670,92.247955,83.977287
375,3.125000,-0.012322,0.398593,0.024902,0.916707,-216.404266,92.245651,83.976105
376,3.133333,-0.012399,0.398551,0.024832,0.916726,-216.402557,92.246330,83.974716
377,3.141667,-0.012252,0.398526,0.024709,0.916742,-216.400452,92.246590,83.973236
378,3.150000,-0.012337,0.398509,0.024809,0.916746,-216.398590,92.247070,83.971924
379,3.158333,-0.012281,0.398519,0.024702,0.916745,-216.396683,92.247253,83.971916
380,3.166667,-0.012329,0.398522,0.024641,0.916745,-216.395477,92.247192,83.971985
381,3.175000,-0.012381,0.398527,0.024664,0.916741,-216.395981,92.247047,83.971695
382,3.183333,-0.012398,0.398446,0.024537,0.916780,-216.397278,92.247391,83.972275
383,3.191667,-0.012319,0.398525,0.024638,0.916744,-216.398041,92.248436,83.972046
384,3.200000,-0.012205,0.398537,0.024601,0.916741,-216.399887,92.250923,83.973366
385,3.208333,-0.012201,0.398512,0.024662,0.916750,-216.401627,92.250938,83.974472
386,3.216667,-0.012239,0.398526,0.024522,0.916748,-216.403488,92.251190,83.973900
387,3.225000,-0.012332,0.398575,0.024601,0.916723,-216.405060,92.251129,83.975243
388,3.233333,-0.012332,0.398632,0.024615,0.916698,-216.406494,92.249611,83.976135
389,3.241667,-0.012355,0.398580,0.024646,0.916719,-216.407700,92.248924,83.976814
390,3.250000,-0.012395,0.398526,0.024657,0.916742,-216.408752,92.248413,83.976753
391,3.258333,-0.012322,0.398519,0.024731,0.916744,-216.408630,92.247650,83.976990
392,3.266667,-0.012289,0.398523,0.024861,0.916739,-216.407822,92.247559,83.976906
393,3.275000,-0.012162,0.398584,0.024812,0.916715,-216.407089,92.247543,83.976845
394,3.283333,-0.012191,0.398518,0.024829,0.916743,-216.406494,92.246780,83.977524
395,3.291667,-0.012231,0.398481,0.024812,0.916759,-216.405060,92.246094,83.976799
396,3.300000,-0.012354,0.398553,0.024715,0.916729,-216.403503,92.245110,83.977821
397,3.308333,-0.012430,0.398576,0.024822,0.916715,-216.402435,92.244896,83.978973
398,3.316667,-0.012404,0.398588,0.024720,0.916713,-216.401978,92.245201,83.979195
399,3.325000,-0.012434,0.398536,0.024718,0.916735,-216.401260,92.245880,83.978172
400,3.333333,-0.012212,0.398570,0.024598,0.916727,-216.400314,92.245796,83.978142
401,3.341667,-0.012254,0.398603,0.024425,0.916716,-216.400223,92.247215,83.979172
402,3.350000,-0.012166,0.398645,0.024295,0.916703,-216.398483,92.249260,83.981110
403,3.358333,-0.012139,0.398659,0.024307,0.916697,-216.395905,92.248718,83.984375
404,3.366667,-0.012100,0.398661,0.024327,0.916696,-216.393661,92.247322,83.989265
405,3.375000,-0.012077,0.398702,0.024172,0.916683,-216.391464,92.247032,83.993889
406,3.383333,-0.011873,0.398708,0.023921,0.916689,-216.389725,92.247032,84.000389
407,3.391667,-0.011715,0.398824,0.023787,0.916644,-216.386002,92.248520,84.007111
408,3.400000,-0.011507,0.398795,0.023732,0.916661,-216.383102,92.250076,84.015785
409,3.408333,-0.011186,0.398846,0.023741,0.916642,-216.379288,92.250153,84.027191
410,3.416667,-0.010675,0.398981,0.023630,0.916593,-216.374969,92.249123,84.041420
411,3.425000,-0.010194,0.399035,0.023604,0.916575,-216.371399,92.249344,84.057785
412,3.433333,-0.009285,0.398893,0.022935,0.916664,-216.367203,92.243805,84.079430
413,3.441667,-0.008755,0.398919,0.022453,0.916669,-216.360565,92.238258,84.104492
414,3.450000,-0.008102,0.398853,0.021948,0.916716,-216.349365,92.237129,84.129158
415,3.458333,-0.006535,0.400034,0.024343,0.916154,-216.329666,92.217484,84.175339
416,3.466667,-0.005205,0.399258,0.022981,0.916536,-216.323227,92.230911,84.202904
417,3.475000,-0.003961,0.398903,0.021834,0.916725,-216.307526,92.236397,84.230080
418,3.483333,-0.002689,0.398869,0.020875,0.916766,-216.282745,92.237953,84.262764
419,3.491667,-0.001459,0.398928,0.020287,0.916757,-216.263458,92.241524,84.285316
420,3.500000,0.000130,0.400606,0.023871,0.915940,-216.234619,92.212296,84.323540
421,3.508333,0.001229,0.400135,0.026443,0.916074,-216.240952,92.186447,84.337334
422,3.516667,0.001766,0.399962,0.027337,0.916122,-216.233475,92.178520,84.347931
423,3.525000,0.002112,0.399797,0.027898,0.916177,-216.229828,92.176506,84.356964
424,3.533333,0.002260,0.399641,0.028318,0.916231,-216.229248,92.178009,84.365692
425,3.541667,0.001738,0.399907,0.024136,0.916236,-216.247437,92.216278,84.389198
426,3.550000,0.001692,0.399763,0.023627,0.916312,-216.251465,92.222443,84.392090
427,3.558333,0.001446,0.399630,0.023389,0.916377,-216.251663,92.225822,84.392464
428,3.566667,0.001396,0.399584,0.023487,0.916395,-216.251419,92.230461,84.397354
429,3.575000,0.001493,0.399499,0.023642,0.916427,-216.249710,92.230095,84.404648
430,3.583333,0.001793,0.399543,0.023544,0.916411,-216.249588,92.231308,84.415291
431,3.591667,0.002054,0.399395,0.023813,0.916468,-216.246277,92.235352,84.430016
432,3.600000,0.002422,0.399429,0.023898,0.916449,-216.244095,92.237633,84.442314
433,3.608333,0.002665,0.399370,0.024071,0.916470,-216.243332,92.240227,84.453636
434,3.616667,0.002623,0.399307,0.024042,0.916498,-216.233902,92.243774,84.453537
435,3.625000,0.002526,0.399085,0.023399,0.916612,-216.228485,92.248520,84.450981
436,3.633333,0.002811,0.399158,0.023964,0.916564,-216.248276,92.241272,84.461174
437,3.641667,0.002631,0.399267,0.024144,0.916513,-216.253616,92.239471,84.456612
438,3.650000,0.002325,0.399359,0.024128,0.916474,-216.258713,92.236435,84.449806
439,3.658333,0.001891,0.399430,0.024317,0.916439,-216.265198,92.233444,84.435913
440,3.666667,0.001533,0.399501,0.024184,0.916412,-216.273315,92.229622,84.411949
441,3.675000,0.001469,0.399561,0.026234,0.916330,-216.265686,92.205193,84.376366
442,3.683333,0.000723,0.399843,0.025901,0.916217,-216.270096,92.203087,84.345039
443,3.691667,-0.000665,0.399090,0.023681,0.916606,-216.287918,92.219223,84.310188
444,3.700000,-0.001992,0.398398,0.021921,0.916949,-216.304474,92.236000,84.273582
445,3.708333,-0.002674,0.398310,0.021377,0.916998,-216.314072,92.247246,84.269348
446,3.716667,-0.002493,0.398114,0.021129,0.917089,-216.317719,92.269562,84.281860
447,3.725000,-0.001906,0.398269,0.021086,0.917024,-216.311523,92.307899,84.310295
448,3.733333,-0.001415,0.398125,0.023801,0.917021,-216.328842,92.341461,84.345139
449,3.741667,-0.000490,0.398182,0.024577,0.916977,-216.305069,92.414642,84.349304
450,3.750000,-0.000965,0.398069,0.023992,0.917041,-216.287369,92.484283,84.353264
451,3.758333,-0.001852,0.397941,0.022993,0.917121,-216.282242,92.542969,84.353493
452,3.766667,-0.002100,0.397876,0.022483,0.917162,-216.286224,92.588020,84.366348
453,3.775000,-0.001965,0.397920,0.022384,0.917145,-216.292435,92.628136,84.386246
454,3.783333,-0.001937,0.398071,0.022542,0.917075,-216.293747,92.670898,84.401787
455,3.791667,-0.002046,0.398238,0.022405,0.917006,-216.295212,92.725937,84.421310
456,3.800000,-0.002439,0.398558,0.022197,0.916871,-216.296722,92.787338,84.431671
457,3.808333,-0.002656,0.398439,0.021803,0.916932,-216.298157,92.851265,84.437447
458,3.816667,-0.002834,0.398359,0.021629,0.916970,-216.294510,92.909500,84.444740
459,3.825000,-0.002908,0.398270,0.022248,0.916994,-216.287399,92.956299,84.450523
460,3.833333,-0.003301,0.398212,0.022708,0.917007,-216.280884,93.003319,84.456604
461,3.841667,-0.002889,0.398233,0.023864,0.916969,-216.276550,93.060509,84.457878
462,3.850000,-0.002662,0.398251,0.024426,0.916947,-216.276093,93.114304,84.461464
463,3.858333,-0.003044,0.398446,0.024541,0.916858,-216.291183,93.166245,84.475945
464,3.866667,-0.003751,0.398563,0.023525,0.916831,-216.280106,93.229095,84.470352
465,3.875000,-0.004398,0.398737,0.022123,0.916788,-216.269165,93.293961,84.467552
466,3.883333,-0.005005,0.399104,0.020455,0.916664,-216.260956,93.365982,84.468292
467,3.891667,-0.005037,0.399469,0.019953,0.916516,-216.254593,93.427620,84.466774
468,3.900000,-0.004755,0.399511,0.020314,0.916491,-216.252136,93.482559,84.467049
469,3.908333,-0.004622,0.399367,0.020630,0.916547,-216.254471,93.532631,84.471062
470,3.916667,-0.004572,0.399159,0.021047,0.916629,-216.256973,93.579781,84.481323
471,3.925000,-0.005140,0.399904,0.023986,0.916229,-216.252518,93.618271,84.498512
472,3.933333,-0.005881,0.399979,0.024913,0.916167,-216.249344,93.661758,84.504219
473,3.941667,-0.006131,0.399984,0.025160,0.916156,-216.247772,93.700920,84.510704
474,3.950000,-0.006134,0.399574,0.023365,0.916383,-216.257050,93.754181,84.515068
475,3.958333,-0.006142,0.399303,0.021764,0.916540,-216.260178,93.808922,84.516304
476,3.966667,-0.006318,0.399364,0.020650,0.916538,-216.256714,93.863121,84.514626
477,3.975000,-0.007021,0.399289,0.019729,0.916586,-216.252472,93.919510,84.514610
478,3.983333,-0.007272,0.399205,0.018851,0.916639,-216.249268,93.981392,84.509239
479,3.991667,-0.007388,0.399149,0.019696,0.916645,-216.265778,94.038895,84.512939
480,4.000000,-0.007665,0.399049,0.019709,0.916686,-216.253754,94.100861,84.506569
481,4.008333,-0.008880,0.399056,0.020510,0.916654,-216.241928,94.170227,84.498444
482,4.016667,-0.009908,0.399277,0.020682,0.916544,-216.230011,94.228401,84.489128
483,4.025000,-0.010330,0.399502,0.020106,0.916454,-216.224335,94.276932,84.484901
484,4.033333,-0.010705,0.399717,0.019332,0.916372,-216.223114,94.321617,84.483902
485,4.041667,-0.011103,0.399865,0.018832,0.916313,-216.225891,94.368698,84.479614
486,4.050000,-0.011403,0.400019,0.018387,0.916251,-216.231842,94.417992,84.475090
487,4.058333,-0.012404,0.400168,0.018624,0.916169,-216.253906,94.463219,84.482750
488,4.066667,-0.012896,0.400052,0.018160,0.916222,-216.243103,94.515266,84.475105
489,4.075000,-0.013479,0.399854,0.017649,0.916310,-216.234451,94.567291,84.468407
490,4.083333,-0.014150,0.399666,0.017197,0.916390,-216.225861,94.618568,84.461281
491,4.091667,-0.015415,0.399744,0.017882,0.916323,-216.220016,94.672134,84.451447
492,4.100000,-0.015761,0.399840,0.018081,0.916271,-216.216797,94.716385,84.449974
493,4.108333,-0.015792,0.399779,0.017922,0.916300,-216.215546,94.758408,84.447006
494,4.116667,-0.015544,0.400650,0.019675,0.915888,-216.207672,94.777794,84.457260
495,4.125000,-0.015366,0.400792,0.019607,0.915830,-216.203384,94.810692,84.457893
496,4.133333,-0.015338,0.400282,0.018445,0.916078,-216.209488,94.853989,84.447952
497,4.141667,-0.015286,0.399803,0.018475,0.916287,-216.225952,94.889778,84.444595
498,4.150000,-0.015951,0.400089,0.017632,0.916168,-216.212723,94.937691,84.435852
499,4.158333,-0.016860,0.400112,0.016798,0.916157,-216.203049,94.984665,84.427353
500,4.166667,-0.017270,0.401294,0.018460,0.915601,-216.185349,95.009941,84.437454
501,4.175000,-0.018255,0.400431,0.016163,0.916003,-216.190125,95.064270,84.419533
502,4.183333,-0.019338,0.399991,0.014428,0.916202,-216.191605,95.110878,84.406075
503,4.191667,-0.020553,0.399874,0.013253,0.916244,-216.189026,95.152023,84.396210
504,4.200000,-0.021409,0.399776,0.012386,0.916279,-216.188736,95.189308,84.387566
505,4.208333,-0.022335,0.400165,0.013719,0.916068,-216.185379,95.221977,84.383041
506,4.216667,-0.022590,0.400460,0.014449,0.915922,-216.181534,95.248016,84.381638
507,4.225000,-0.022234,0.400655,0.014551,0.915844,-216.178818,95.268379,84.383301
508,4.233333,-0.021962,0.400798,0.014812,0.915784,-216.177368,95.284973,84.386124
509,4.241667,-0.021778,0.400873,0.015050,0.915751,-216.176224,95.298004,84.389877
510,4.250000,-0.021727,0.400963,0.015449,0.915706,-216.175156,95.311867,84.395576
511,4.258333,-0.021699,0.401073,0.017254,0.915627,-216.192108,95.314102,84.413063
512,4.266667,-0.021861,0.401109,0.017750,0.915598,-216.192917,95.331055,84.418449
513,4.275000,-0.021965,0.401244,0.017460,0.915541,-216.179245,95.358566,84.413567
514,4.283333,-0.022464,0.401154,0.016951,0.915578,-216.170547,95.385681,84.407692
515,4.291667,-0.022947,0.401053,0.016368,0.915621,-216.163422,95.418396,84.401749
516,4.300000,-0.022964,0.401069,0.015909,0.915622,-216.160110,95.452957,84.399483
517,4.308333,-0.022828,0.401091,0.015410,0.915624,-216.157410,95.487129,84.395973
518,4.316667,-0.022639,0.401078,0.014980,0.915641,-216.155533,95.515785,84.391365
519,4.325000,-0.022347,0.401094,0.014893,0.915643,-216.153244,95.536240,84.390663
520,4.333333,-0.022037,0.401073,0.014904,0.915660,-216.151779,95.553444,84.392860
521,4.341667,-0.021745,0.401128,0.014937,0.915642,-216.150909,95.569473,84.395042
522,4.350000,-0.021431,0.401259,0.015046,0.915590,-216.150787,95.586998,84.397736
523,4.358333,-0.021216,0.401411,0.015256,0.915525,-216.150589,95.607567,84.398560
524,4.366667,-0.020890,0.401404,0.015224,0.915536,-216.149170,95.630630,84.397827
525,4.375000,-0.020868,0.401473,0.015213,0.915507,-216.145355,95.654236,84.395012
526,4.383333,-0.021020,0.401650,0.014763,0.915433,-216.139938,95.683647,84.394402
527,4.391667,-0.021021,0.401823,0.014483,0.915361,-216.135223,95.710106,84.392014
528,4.400000,-0.022089,0.402174,0.015517,0.915165,-216.130478,95.740219,84.387077
529,4.408333,-0.022726,0.402333,0.015633,0.915078,-216.126587,95.762039,84.383545
530,4.416667,-0.022952,0.402288,0.015279,0.915098,-216.124939,95.778549,84.384117
531,4.425000,-0.023192,0.402227,0.015005,0.915123,-216.125900,95.794823,84.384758
532,4.433333,-0.023597,0.402128,0.014729,0.915161,-216.128571,95.812599,84.382019
533,4.441667,-0.023561,0.402601,0.016595,0.914922,-216.122559,95.812614,84.386238
534,4.450000,-0.023857,0.402616,0.016787,0.914904,-216.120331,95.828728,84.387291
535,4.458333,-0.024043,0.402685,0.016778,0.914869,-216.120499,95.846405,84.385696
536,4.466667,-0.024538,0.402692,0.016659,0.914855,-216.119690,95.861473,84.381828
537,4.475000,-0.024853,0.402636,0.016653,0.914871,-216.115921,95.873352,84.380287
538,4.483333,-0.025153,0.402379,0.014856,0.915007,-216.111725,95.900688,84.377113
539,4.491667,-0.025284,0.402270,0.014028,0.915064,-216.095703,95.929085,84.369675
540,4.500000,-0.025128,0.402823,0.015039,0.914809,-216.067505,95.952866,84.368698
541,4.508333,-0.025060,0.402874,0.015156,0.914787,-216.041214,95.999550,84.358498
542,4.516667,-0.025574,0.403041,0.015806,0.914688,-216.016724,96.056976,84.348137
543,4.525000,-0.026725,0.403054,0.014542,0.914670,-216.000443,96.134338,84.336868
544,4.533333,-0.027787,0.403269,0.013295,0.914563,-215.980789,96.209343,84.322235
545,4.541667,-0.029276,0.404751,0.015356,0.913829,-215.953323,96.264359,84.320145
546,4.550000,-0.030740,0.404551,0.013316,0.913902,-215.948578,96.338585,84.300438
547,4.558333,-0.031628,0.403661,0.010698,0.914299,-215.955521,96.405182,84.276024
548,4.566667,-0.032146,0.403269,0.009136,0.914471,-215.963074,96.450966,84.258865
549,4.575000,-0.032392,0.403215,0.008819,0.914489,-215.969803,96.485771,84.253265
550,4.583333,-0.032332,0.403405,0.009223,0.914404,-215.975403,96.511528,84.250984
551,4.591667,-0.032218,0.403582,0.009593,0.914326,-215.977219,96.535370,84.247086
552,4.600000,-0.032132,0.403778,0.009849,0.914239,-215.975433,96.557472,84.241524
553,4.608333,-0.031975,0.403969,0.010083,0.914158,-215.974426,96.578377,84.237801
554,4.616667,-0.032072,0.403955,0.009967,0.914162,-215.978500,96.595284,84.233833
555,4.625000,-0.032292,0.403911,0.010031,0.914173,-215.982986,96.607414,84.230042
556,4.633333,-0.032575,0.403889,0.010063,0.914172,-215.988922,96.619576,84.227371
557,4.641667,-0.033044,0.403872,0.009914,0.914165,-215.992386,96.629639,84.224091
558,4.650000,-0.033308,0.403809,0.009806,0.914184,-215.992554,96.637650,84.222313
559,4.658333,-0.033328,0.403893,0.009871,0.914146,-215.991837,96.644348,84.221634
560,4.666667,-0.033246,0.403849,0.009774,0.914169,-215.990356,96.649857,84.222832
561,4.675000,-0.033219,0.403928,0.009759,0.914135,-215.988419,96.650383,84.221336
562,4.683333,-0.033117,0.403927,0.009713,0.914140,-215.988327,96.646515,84.222397
563,4.691667,-0.033032,0.403867,0.009669,0.914170,-215.987656,96.640221,84.224754
564,4.700000,-0.033205,0.403877,0.009756,0.914158,-215.986771,96.637001,84.227264
565,4.708333,-0.033271,0.403925,0.009859,0.914134,-215.985947,96.637169,84.227364
566,4.716667,-0.033359,0.403928,0.009847,0.914129,-215.984650,96.639481,84.226822
567,4.725000,-0.033424,0.403944,0.009870,0.914120,-215.982910,96.643227,84.225044
568,4.733333,-0.033524,0.403924,0.009868,0.914125,-215.983414,96.644943,84.225334
569,4.741667,-0.033428,0.403946,0.009806,0.914120,-215.984131,96.643288,84.224930
570,4.750000,-0.033334,0.403877,0.009696,0.914155,-215.985840,96.640106,84.225471
571,4.758333,-0.033350,0.403861,0.009693,0.914161,-215.986725,96.639122,84.225807
572,4.766667,-0.033411,0.403827,0.009743,0.914173,-215.988571,96.639160,84.224907
573,4.775000,-0.033292,0.403873,0.009954,0.914155,-215.990494,96.640900,84.223625
574,4.783333,-0.033223,0.403874,0.009983,0.914157,-215.992355,96.643860,84.221992
575,4.791667,-0.033195,0.403816,0.009867,0.914184,-215.993622,96.644142,84.221664
576,4.800000,-0.033280,0.403794,0.009759,0.914193,-215.994720,96.644051,84.222008
577,4.808333,-0.033303,0.403805,0.009758,0.914187,-215.993835,96.641342,84.222466
578,4.816667,-0.033394,0.403799,0.009790,0.914186,-215.992767,96.639771,84.224533
579,4.825000,-0.033393,0.403809,0.009893,0.914180,-215.992386,96.639755,84.225639
580,4.833333,-0.033343,0.403879,0.009987,0.914150,-215.991669,96.641144,84.225601
581,4.841667,-0.033283,0.403902,0.009984,0.914142,-215.990112,96.642982,84.226265
582,4.850000,-0.033336,0.403922,0.010017,0.914131,-215.988998,96.643364,84.226746
583,4.858333,-0.033419,0.403872,0.009790,0.914153,-215.987213,96.643051,84.226387
584,4.866667,-0.033438,0.403856,0.009685,0.914160,-215.985275,96.640724,84.227173
585,4.875000,-0.033176,0.403937,0.009720,0.914133,-215.983765,96.638214,84.228218
586,4.883333,-0.033125,0.403904,0.009761,0.914149,-215.984772,96.638840,84.228256
587,4.891667,-0.033208,0.403952,0.009974,0.914123,-215.985840,96.640869,84.226212
588,4.900000,-0.033266,0.403943,0.009990,0.914124,-215.987732,96.641991,84.225449
589,4.908333,-0.033200,0.403935,0.010052,0.914130,-215.989258,96.641884,84.224648
590,4.916667,-0.033266,0.403886,0.009889,0.914151,-215.991028,96.641098,84.222946
591,4.925000,-0.033233,0.403887,0.009805,0.914153,-215.991898,96.640274,84.223541
592,4.933333,-0.033288,0.403810,0.009815,0.914184,-215.992828,96.640846,84.223068
593,4.941667,-0.033154,0.403858,0.009787,0.914168,-215.993622,96.641525,84.223366
594,4.950000,-0.033139,0.403872,0.009837,0.914162,-215.994308,96.641922,84.222778
595,4.958333,-0.033252,0.403847,0.010005,0.914167,-215.993912,96.641090,84.223099
596,4.966667,-0.033392,0.403842,0.009902,0.914165,-215.992859,96.641846,84.223190
597,4.975000,-0.033276,0.403870,0.009816,0.914158,-215.991119,96.640450,84.224068
598,4.983333,-0.033149,0.403893,0.009772,0.914153,-215.990036,96.640404,84.225716
599,4.991667,-0.033085,0.403904,0.009770,0.914151,-215.988846,96.640274,84.226372
600,5.000000,-0.033068,0.403876,0.009842,0.914163,-215.987640,96.638634,84.226883
601,5.008333,-0.033233,0.403914,0.009820,0.914141,-215.987274,96.640572,84.227165
602,5.016667,-0.033293,0.403911,0.009940,0.914138,-215.986206,96.639816,84.226967
603,5.025000,-0.033272,0.403898,0.009838,0.914146,-215.985733,96.639259,84.227280
604,5.033333,-0.033331,0.403872,0.009811,0.914155,-215.986130,96.639412,84.227127
605,5.041667,-0.033360,0.403888,0.009865,0.914147,-215.986893,96.640686,84.226952
606,5.050000,-0.033271,0.403912,0.009980,0.914138,-215.987686,96.640213,84.226250
607,5.058333,-0.033304,0.403925,0.009788,0.914133,-215.989014,96.640991,84.224854
608,5.066667,-0.033363,0.403890,0.009722,0.914147,-215.989685,96.641037,84.223366
609,5.075000,-0.033334,0.403929,0.009726,0.914131,-215.990448,96.640854,84.223091
610,5.083333,-0.033361,0.403858,0.009786,0.914161,-215.991135,96.641632,84.224411
611,5.091667,-0.033246,0.403885,0.009865,0.914152,-215.991837,96.641045,84.224724
612,5.100000,-0.033265,0.403895,0.009810,0.914147,-215.992432,96.640388,84.224770
613,5.108333,-0.033256,0.403904,0.009817,0.914144,-215.992645,96.640656,84.225746
614,5.116667,-0.033184,0.403886,0.009885,0.914154,-215.991562,96.640106,84.225731
615,5.125000,-0.033183,0.403914,0.009802,0.914142,-215.990356,96.640793,84.226318
616,5.133333,-0.033241,0.403875,0.009735,0.914158,-215.990097,96.640137,84.227036
617,5.141667,-0.033294,0.403896,0.009777,0.914146,-215.988281,96.638870,84.227921
618,5.150000,-0.033257,0.403904,0.009917,0.914143,-215.986771,96.639542,84.228691
619,5.158333,-0.033251,0.403891,0.009911,0.914149,-215.985352,96.639442,84.229317
620,5.166667,-0.033362,0.403907,0.009843,0.914139,-215.985153,96.639969,84.228447
621,5.175000,-0.033428,0.403935,0.009942,0.914123,-215.983871,96.639618,84.228828
622,5.183333,-0.033365,0.403938,0.009934,0.914124,-215.983932,96.641090,84.228889
623,5.191667,-0.033234,0.403868,0.009936,0.914159,-215.984467,96.640930,84.228844
624,5.200000,-0.033353,0.403911,0.009934,0.914136,-215.984985,96.640915,84.227913
625,5.208333,-0.033383,0.403870,0.009906,0.914153,-215.985107,96.641342,84.226830
626,5.216667,-0.033208,0.403910,0.009850,0.914143,-215.986542,96.641129,84.226738
627,5.225000,-0.033174,0.403929,0.009767,0.914137,-215.987061,96.640167,84.225510
628,5.233333,-0.033230,0.403953,0.009755,0.914124,-215.988037,96.640396,84.225311
629,5.241667,-0.033304,0.403958,0.009866,0.914118,-215.988617,96.639610,84.225342
630,5.250000,-0.033226,0.403899,0.009935,0.914146,-215.989212,96.639748,84.227158
631,5.258333,-0.033198,0.403873,0.009935,0.914158,-215.989441,96.640205,84.228668
632,5.266667,-0.033209,0.403904,0.009869,0.914145,-215.989868,96.640869,84.228966
633,5.275000,-0.033127,0.403895,0.009894,0.914152,-215.989639,96.640198,84.229645
634,5.283333,-0.033174,0.403909,0.009874,0.914144,-215.989502,96.640892,84.231117
635,5.291667,-0.033217,0.403924,0.009932,0.914135,-215.988373,96.639252,84.231644
636,5.300000,-0.033316,0.403910,0.009887,0.914139,-215.987854,96.638733,84.232780
637,5.308333,-0.033363,0.403900,0.009940,0.914141,-215.986374,96.638962,84.233345
638,5.316667,-0.033281,0.403930,0.009840,0.914131,-215.985992,96.639359,84.234039
639,5.325000,-0.033311,0.403990,0.009888,0.914103,-215.985367,96.640274,84.233971
640,5.333333,-0.033147,0.403949,0.010004,0.914126,-215.986084,96.641350,84.234184
641,5.341667,-0.033284,0.403917,0.009963,0.914135,-215.986755,96.644798,84.234009
642,5.350000,-0.033797,0.403906,0.009987,0.914121,-215.986160,96.648880,84.233841
643,5.358333,-0.034123,0.403933,0.009797,0.914100,-215.985779,96.653572,84.234612
644,5.366667,-0.034244,0.403923,0.009682,0.914101,-215.986328,96.660767,84.235153
645,5.375000,-0.034374,0.403860,0.009734,0.914123,-215.986115,96.669159,84.237900
646,5.383333,-0.034538,0.403836,0.009764,0.914127,-215.984375,96.675484,84.241203
647,5.391667,-0.034817,0.403923,0.009711,0.914079,-215.982407,96.682396,84.248558
648,5.400000,-0.035095,0.403937,0.009655,0.914062,-215.979645,96.688683,84.255783
649,5.408333,-0.035302,0.403917,0.009659,0.914063,-215.976334,96.693542,84.268036
650,5.416667,-0.035523,0.403909,0.009746,0.914057,-215.972977,96.700356,84.282097
651,5.425000,-0.035909,0.403868,0.009614,0.914062,-215.967804,96.710335,84.299538
652,5.433333,-0.036375,0.403798,0.009483,0.914076,-215.963837,96.719238,84.314163
653,5.441667,-0.036815,0.403667,0.009162,0.914119,-215.958832,96.730499,84.330788
654,5.450000,-0.037195,0.403527,0.008846,0.914169,-215.951965,96.739647,84.345016
655,5.458333,-0.037312,0.403391,0.008271,0.914229,-215.944885,96.743790,84.360680
656,5.466667,-0.037628,0.403273,0.007515,0.914275,-215.937683,96.746674,84.377113
657,5.475000,-0.038168,0.403072,0.006311,0.914350,-215.932419,96.755989,84.394821
658,5.483333,-0.037973,0.403937,0.008702,0.913957,-215.917130,96.738235,84.427223
659,5.491667,-0.037567,0.403894,0.009808,0.913982,-215.908463,96.723076,84.454781
660,5.500000,-0.036932,0.404084,0.010727,0.913913,-215.895798,96.701965,84.482597
661,5.508333,-0.036238,0.404360,0.010196,0.913825,-215.882248,96.687408,84.522278
662,5.516667,-0.035394,0.405484,0.012930,0.913325,-215.847443,96.642097,84.569801
663,5.525000,-0.034840,0.405633,0.013606,0.913271,-215.808945,96.609093,84.619232
664,5.533333,-0.034813,0.405197,0.011970,0.913488,-215.780807,96.596191,84.658974
665,5.541667,-0.035464,0.405616,0.011325,0.913285,-215.747543,96.568855,84.697571
666,5.550000,-0.035563,0.406108,0.010988,0.913067,-215.709000,96.533104,84.737244
667,5.558333,-0.034366,0.406367,0.009735,0.913011,-215.659744,96.481621,84.791824
668,5.566667,-0.032294,0.408423,0.012715,0.912133,-215.594910,96.398582,84.879402
669,5.575000,-0.031293,0.408245,0.011541,0.912263,-215.564255,96.353058,84.931190
670,5.583333,-0.030668,0.408183,0.011650,0.912311,-215.527939,96.301392,84.988266
671,5.591667,-0.030028,0.408163,0.011923,0.912337,-215.486069,96.248337,85.049789
672,5.600000,-0.028997,0.409874,0.013654,0.911579,-215.438004,96.156120,85.137459
673,5.608333,-0.027328,0.409848,0.012105,0.911664,-215.400604,96.084717,85.206726
674,5.616667,-0.025729,0.409844,0.012182,0.911711,-215.352173,96.012352,85.285255
675,5.625000,-0.025612,0.410090,0.012279,0.911603,-215.316483,95.959297,85.345505
676,5.633333,-0.025942,0.410678,0.012865,0.911321,-215.278198,95.905312,85.409729
677,5.641667,-0.024815,0.411432,0.014017,0.910995,-215.230423,95.838150,85.489204
678,5.650000,-0.022595,0.411936,0.016243,0.910788,-215.205841,95.770737,85.574448
679,5.658333,-0.022285,0.412678,0.014846,0.910483,-215.159302,95.735619,85.632980
680,5.666667,-0.023543,0.412702,0.012688,0.910473,-215.109039,95.721886,85.683800
681,5.675000,-0.024464,0.413032,0.011674,0.910313,-215.063904,95.702957,85.739609
682,5.683333,-0.023859,0.414541,0.013487,0.909618,-215.018417,95.672188,85.812119
683,5.691667,-0.023420,0.415231,0.014788,0.909294,-214.976120,95.652039,85.878136
684,5.700000,-0.023462,0.415323,0.015729,0.909236,-214.933395,95.637955,85.938354
685,5.708333,-0.023984,0.415607,0.015937,0.909089,-214.891220,95.631561,85.999596
686,5.716667,-0.024888,0.416452,0.015967,0.908677,-214.848236,95.639870,86.057503
687,5.725000,-0.025821,0.416782,0.015613,0.908505,-214.802765,95.655098,86.119499
688,5.733333,-0.025817,0.418176,0.017610,0.907828,-214.734146,95.650726,86.198135
689,5.741667,-0.025765,0.418156,0.015308,0.907881,-214.686203,95.673744,86.269501
690,5.750000,-0.025865,0.418424,0.013787,0.907779,-214.643677,95.698288,86.322937
691,5.758333,-0.027118,0.418566,0.012659,0.907693,-214.592621,95.736435,86.381378
692,5.766667,-0.029083,0.418713,0.011513,0.907580,-214.535690,95.778870,86.440407
693,5.775000,-0.030757,0.418968,0.010764,0.907416,-214.477615,95.813141,86.496758
694,5.783333,-0.032486,0.420530,0.013251,0.906600,-214.415924,95.835724,86.563889
695,5.791667,-0.033310,0.421812,0.013867,0.905965,-214.362762,95.862122,86.634644
696,5.800000,-0.034468,0.421669,0.013699,0.905991,-214.324402,95.916328,86.698318
697,5.808333,-0.035773,0.422132,0.012963,0.905735,-214.273315,95.977661,86.761642
698,5.816667,-0.037065,0.422828,0.012440,0.905366,-214.222305,96.035507,86.817726
699,5.825000,-0.038578,0.423671,0.011833,0.904917,-214.172409,96.095016,86.867699
700,5.833333,-0.040548,0.424117,0.010227,0.904641,-214.118408,96.153793,86.909981
701,5.841667,-0.042266,0.424333,0.008796,0.904476,-214.064163,96.207657,86.958107
702,5.850000,-0.042435,0.426196,0.011103,0.903567,-213.999481,96.226120,87.030144
703,5.858333,-0.043522,0.426660,0.011241,0.903294,-213.943558,96.251389,87.083626
704,5.866667,-0.044362,0.427033,0.010240,0.903089,-213.889572,96.282715,87.134781
705,5.875000,-0.045707,0.427471,0.009425,0.902824,-213.839249,96.313301,87.189369
706,5.883333,-0.046822,0.427760,0.009060,0.902634,-213.788574,96.346786,87.244583
707,5.891667,-0.048037,0.428169,0.008694,0.902379,-213.729980,96.378510,87.292740
708,5.900000,-0.050045,0.428666,0.007258,0.902047,-213.669235,96.406761,87.327629
709,5.908333,-0.051675,0.428775,0.005793,0.901914,-213.611557,96.432274,87.358528
710,5.916667,-0.051405,0.430486,0.008037,0.901096,-213.540436,96.429520,87.419846
711,5.925000,-0.051189,0.431448,0.008821,0.900641,-213.483734,96.442993,87.477699
712,5.933333,-0.051486,0.431539,0.008431,0.900584,-213.431473,96.455658,87.525848
713,5.941667,-0.052266,0.431681,0.008302,0.900473,-213.379456,96.455704,87.565475
714,5.950000,-0.052067,0.432285,0.007112,0.900204,-213.328384,96.449280,87.605515
715,5.958333,-0.051682,0.432979,0.005693,0.899903,-213.273911,96.442795,87.647125
716,5.966667,-0.051331,0.434287,0.007044,0.899284,-213.203781,96.423866,87.705864
717,5.975000,-0.051216,0.434815,0.006766,0.899037,-213.142273,96.417496,87.753365
718,5.983333,-0.050846,0.435491,0.007246,0.898727,-213.090820,96.401268,87.794205
719,5.991667,-0.050564,0.435813,0.006636,0.898591,-213.046738,96.388947,87.837502
720,6.000000,-0.050777,0.435795,0.006346,0.898590,-212.991714,96.372063,87.881264
721,6.008333,-0.051390,0.436088,0.006145,0.898415,-212.934998,96.351395,87.919411
722,6.016667,-0.051818,0.437843,0.008389,0.897518,-212.871033,96.315758,87.967415
723,6.025000,-0.051757,0.438641,0.008480,0.897130,-212.817352,96.293205,88.001617
724,6.033333,-0.051085,0.438454,0.009102,0.897254,-212.760498,96.265884,88.047409
725,6.041667,-0.049276,0.437995,0.008150,0.897589,-212.702438,96.232079,88.096527
726,6.050000,-0.048019,0.438290,0.007568,0.897518,-212.644623,96.196159,88.132629
727,6.058333,-0.048258,0.439330,0.006586,0.897005,-212.589813,96.159782,88.166328
728,6.066667,-0.048570,0.441077,0.007549,0.896122,-212.516052,96.115234,88.213654
729,6.075000,-0.049887,0.441281,0.007400,0.895951,-212.447479,96.092812,88.247406
730,6.083333,-0.049988,0.441417,0.007414,0.895878,-212.392334,96.077538,88.285576
731,6.091667,-0.049496,0.442372,0.007771,0.895431,-212.329132,96.062103,88.325089
732,6.100000,-0.049243,0.442743,0.007923,0.895261,-212.267731,96.048286,88.355087
733,6.108333,-0.049027,0.443052,0.010525,0.895093,-212.211655,96.014977,88.410553
734,6.116667,-0.048384,0.443614,0.011084,0.894842,-212.139130,95.983810,88.446518
735,6.125000,-0.047815,0.444227,0.009843,0.894583,-212.075500,95.962738,88.484894
736,6.133333,-0.047487,0.444641,0.007926,0.894414,-212.017197,95.952370,88.517334
737,6.141667,-0.047475,0.445179,0.007451,0.894151,-211.951202,95.930672,88.562927
738,6.150000,-0.047598,0.445466,0.007135,0.894004,-211.890366,95.914940,88.602547
739,6.158333,-0.047667,0.446871,0.008735,0.893285,-211.828156,95.890678,88.651146
740,6.166667,-0.048480,0.447449,0.008963,0.892949,-211.767410,95.880058,88.688515
741,6.175000,-0.049253,0.447911,0.009308,0.892672,-211.702393,95.868561,88.720200
742,6.183333,-0.049683,0.448281,0.009176,0.892464,-211.643173,95.860489,88.741905
743,6.191667,-0.050144,0.448807,0.009105,0.892175,-211.580627,95.847900,88.773773
744,6.200000,-0.049737,0.449520,0.008291,0.891846,-211.505478,95.831200,88.819023
745,6.208333,-0.046080,0.451766,0.011213,0.890875,-211.419632,95.768852,88.893578
746,6.216667,-0.043783,0.452519,0.011705,0.890602,-211.359314,95.739464,88.931870
747,6.225000,-0.043869,0.452390,0.010111,0.890683,-211.314056,95.729706,88.953659
748,6.233333,-0.043675,0.453114,0.009305,0.890333,-211.251160,95.714821,88.982292
749,6.241667,-0.044614,0.453932,0.009249,0.889871,-211.188477,95.698326,89.022263
750,6.250000,-0.045522,0.454487,0.009750,0.889536,-211.124298,95.681976,89.057968
751,6.258333,-0.045812,0.455159,0.010245,0.889172,-211.053085,95.668518,89.094856
752,6.266667,-0.045588,0.455827,0.010652,0.888837,-210.981628,95.655617,89.130539
753,6.275000,-0.045571,0.456438,0.010884,0.888521,-210.915833,95.641884,89.163864
754,6.283333,-0.045555,0.457059,0.011514,0.888194,-210.842773,95.621269,89.203278
755,6.291667,-0.045918,0.457315,0.012547,0.888030,-210.771973,95.604362,89.243111
756,6.300000,-0.046182,0.457531,0.013616,0.887889,-210.710220,95.592690,89.276657
757,6.308333,-0.045019,0.457813,0.012430,0.887821,-210.637527,95.574989,89.317848
758,6.316667,-0.044010,0.458688,0.011670,0.887430,-210.568161,95.558289,89.349709
759,6.325000,-0.043594,0.459548,0.011189,0.887012,-210.498260,95.546249,89.380890
760,6.333333,-0.043643,0.460101,0.011273,0.886722,-210.427765,95.535797,89.413689
761,6.341667,-0.044837,0.461137,0.011417,0.886122,-210.360306,95.519241,89.446083
762,6.350000,-0.045567,0.461975,0.011474,0.885647,-210.293320,95.496651,89.476128
763,6.358333,-0.045788,0.462455,0.011572,0.885384,-210.227249,95.480919,89.509094
764,6.366667,-0.045745,0.462659,0.012004,0.885274,-210.152908,95.471115,89.546463
765,6.375000,-0.046117,0.463383,0.012702,0.884866,-210.078262,95.461662,89.579460
766,6.383333,-0.046308,0.464067,0.013347,0.884488,-210.013168,95.449211,89.609154
767,6.391667,-0.046389,0.464930,0.013613,0.884026,-209.944153,95.438011,89.639923
768,6.400000,-0.046334,0.465931,0.014047,0.883495,-209.867142,95.426651,89.677193
769,6.408333,-0.044992,0.466247,0.013578,0.883405,-209.785645,95.395981,89.714172
770,6.416667,-0.044221,0.467335,0.014162,0.882860,-209.714081,95.369293,89.736992
771,6.425000,-0.043651,0.468641,0.014328,0.882193,-209.649628,95.345650,89.768417
772,6.433333,-0.042850,0.469396,0.014339,0.881831,-209.579468,95.322021,89.804306
773,6.441667,-0.043687,0.469706,0.014187,0.881627,-209.507401,95.298965,89.843864
774,6.450000,-0.043942,0.470867,0.014831,0.880985,-209.437088,95.276520,89.876282
775,6.458333,-0.044113,0.472050,0.014665,0.880345,-209.374313,95.260704,89.903061
776,6.466667,-0.044597,0.472318,0.014112,0.880186,-209.303070,95.253464,89.933022
777,6.475000,-0.045214,0.472904,0.014752,0.879830,-209.226273,95.245087,89.966736
778,6.483333,-0.045933,0.473709,0.015634,0.879344,-209.144241,95.237419,90.004173
779,6.491667,-0.046219,0.474086,0.015972,0.879119,-209.073135,95.234032,90.028313
780,6.500000,-0.045776,0.474580,0.016689,0.878863,-209.001633,95.218231,90.055473
781,6.508333,-0.044616,0.475126,0.016870,0.878624,-208.925461,95.193733,90.090141
782,6.516667,-0.044428,0.475615,0.015966,0.878386,-208.850937,95.167839,90.124222
783,6.525000,-0.043354,0.476187,0.015585,0.878136,-208.788223,95.156845,90.145721
784,6.533333,-0.043805,0.477353,0.015056,0.877490,-208.715775,95.137390,90.172729
785,6.541667,-0.044895,0.478052,0.014392,0.877065,-208.640472,95.128586,90.200958
786,6.550000,-0.045494,0.478564,0.014155,0.876759,-208.567459,95.121246,90.228859
787,6.558333,-0.044879,0.479166,0.015362,0.876442,-208.489105,95.105782,90.264290
788,6.566667,-0.044910,0.480163,0.016736,0.875869,-208.415558,95.088676,90.292206
789,6.575000,-0.045525,0.480850,0.016604,0.875462,-208.341217,95.069542,90.312103
790,6.583333,-0.045797,0.481438,0.016467,0.875128,-208.275269,95.049278,90.328659
791,6.591667,-0.045604,0.482308,0.016965,0.874649,-208.195679,95.029968,90.360062
792,6.600000,-0.045840,0.482792,0.016805,0.874373,-208.118103,95.024414,90.392159
793,6.608333,-0.045533,0.483373,0.015660,0.874089,-208.040909,95.018639,90.420624
794,6.616667,-0.045013,0.484297,0.015735,0.873603,-207.963745,95.005676,90.451118
795,6.625000,-0.044449,0.485048,0.015753,0.873215,-207.887009,94.991135,90.479080
796,6.633333,-0.044450,0.485199,0.015741,0.873131,-207.814240,94.972130,90.503540
797,6.641667,-0.044331,0.485545,0.016253,0.872936,-207.744843,94.949409,90.529678
798,6.650000,-0.044033,0.486494,0.016776,0.872412,-207.674240,94.927956,90.555634
799,6.658333,-0.044269,0.487184,0.016686,0.872017,-207.603210,94.915443,90.579781
800,6.666667,-0.044679,0.487625,0.016644,0.871750,-207.529617,94.906548,90.601143
801,6.675000,-0.044508,0.488346,0.017392,0.871341,-207.447464,94.898857,90.639458
802,6.683333,-0.044554,0.489121,0.018016,0.870891,-207.374359,94.890610,90.671410
803,6.691667,-0.044742,0.489562,0.018145,0.870631,-207.306808,94.885742,90.689583
804,6.700000,-0.044614,0.490396,0.019057,0.870148,-207.237457,94.869934,90.703949
805,6.708333,-0.044337,0.491072,0.019605,0.869769,-207.156296,94.852676,90.730270
806,6.716667,-0.043241,0.491264,0.018391,0.869742,-207.068344,94.828857,90.755165
807,6.725000,-0.043102,0.492172,0.017242,0.869259,-206.993942,94.819115,90.768066
808,6.733333,-0.042791,0.493453,0.016926,0.868555,-206.919449,94.809380,90.793106
809,6.741667,-0.043044,0.494388,0.016809,0.868012,-206.843445,94.802841,90.819138
810,6.750000,-0.044167,0.494753,0.016296,0.867758,-206.766434,94.794655,90.846703
811,6.758333,-0.044447,0.495328,0.016423,0.867413,-206.692245,94.782898,90.873047
812,6.766667,-0.044038,0.496357,0.017372,0.866827,-206.618240,94.765862,90.898827
813,6.775000,-0.043702,0.497109,0.017543,0.866409,-206.539490,94.749794,90.913910
814,6.783333,-0.044179,0.497578,0.017321,0.866120,-206.463974,94.745270,90.930214
815,6.791667,-0.044635,0.497732,0.018233,0.865990,-206.393021,94.731606,90.957657
816,6.800000,-0.044844,0.498574,0.019329,0.865471,-206.302307,94.719269,90.983711
817,6.808333,-0.044804,0.499395,0.019297,0.865000,-206.220749,94.712952,91.008202
818,6.816667,-0.044641,0.500362,0.019813,0.864438,-206.144760,94.706764,91.025444
819,6.825000,-0.043360,0.500774,0.019289,0.864276,-206.064316,94.683640,91.043762
820,6.833333,-0.042350,0.501789,0.018536,0.863754,-205.979294,94.669342,91.056786
821,6.841667,-0.042016,0.502305,0.017931,0.863483,-205.899292,94.659111,91.073486
822,6.850000,-0.042141,0.503074,0.018118,0.863025,-205.820129,94.643806,91.091476
823,6.858333,-0.043192,0.504067,0.018495,0.862385,-205.741241,94.620621,91.113701
824,6.866667,-0.043518,0.504686,0.018049,0.862017,-205.668549,94.606781,91.131004
825,6.875000,-0.043070,0.505133,0.017626,0.861786,-205.591888,94.595215,91.151443
826,6.883333,-0.042958,0.505952,0.017909,0.861305,-205.509369,94.586197,91.177277
827,6.891667,-0.043040,0.506878,0.018294,0.860748,-205.426056,94.577522,91.196571
828,6.900000,-0.043586,0.507429,0.018694,0.860387,-205.347900,94.570915,91.211952
829,6.908333,-0.044356,0.507976,0.019535,0.860007,-205.268997,94.558350,91.230049
830,6.916667,-0.044783,0.508517,0.020689,0.859638,-205.186127,94.545815,91.252876
831,6.925000,-0.044875,0.508980,0.021172,0.859347,-205.103897,94.529938,91.275185
832,6.933333,-0.043457,0.509411,0.019883,0.859196,-205.017731,94.519196,91.289940
833,6.941667,-0.042048,0.510640,0.019256,0.858550,-204.930756,94.506248,91.296715
834,6.950000,-0.041311,0.511637,0.019118,0.857995,-204.852798,94.488945,91.315491
835,6.958333,-0.041042,0.512104,0.018570,0.857741,-204.776550,94.477882,91.336075
836,6.966667,-0.042200,0.512743,0.018943,0.857295,-204.691406,94.456940,91.369026
837,6.975000,-0.042800,0.513388,0.019522,0.856866,-204.609863,94.440750,91.386681
838,6.983333,-0.043109,0.514245,0.019020,0.856348,-204.531403,94.436302,91.395721
839,6.991667,-0.043083,0.514964,0.018697,0.855924,-204.451889,94.426170,91.409561
840,7.000000,-0.042896,0.515668,0.019071,0.855502,-204.369690,94.415649,91.433487
841,7.008333,-0.043391,0.516184,0.020037,0.855143,-204.285019,94.406998,91.461479
842,7.016667,-0.043695,0.516584,0.020764,0.854869,-204.210068,94.400902,91.475685
843,7.025000,-0.043900,0.517608,0.021586,0.854219,-204.132126,94.392517,91.481934
844,7.033333,-0.043676,0.518671,0.021826,0.853579,-204.042526,94.377480,91.500763
845,7.041667,-0.043165,0.519295,0.021777,0.853226,-203.951401,94.369331,91.512894
846,7.050000,-0.042536,0.519605,0.020022,0.853112,-203.867004,94.361511,91.525543
847,7.058333,-0.043582,0.520492,0.019788,0.852524,-203.798645,94.343422,91.541847
848,7.066667,-0.044369,0.521400,0.020659,0.851908,-203.721786,94.317863,91.555435
849,7.075000,-0.044154,0.521982,0.020788,0.851560,-203.641327,94.295326,91.562057
850,7.083333,-0.043573,0.522365,0.020152,0.851370,-203.555939,94.276657,91.571503
851,7.091667,-0.043045,0.523084,0.019937,0.850960,-203.470428,94.260254,91.584038
852,7.100000,-0.043130,0.523954,0.019990,0.850419,-203.392197,94.250374,91.598900
853,7.108333,-0.043862,0.524697,0.020842,0.849903,-203.317841,94.246117,91.609726
854,7.116667,-0.043929,0.525260,0.021319,0.849540,-203.243896,94.244072,91.603088
855,7.125000,-0.043653,0.526093,0.021239,0.849041,-203.163330,94.236427,91.593750
856,7.133333,-0.043133,0.527086,0.021053,0.848455,-203.085541,94.229630,91.590645
857,7.141667,-0.042992,0.527833,0.020934,0.848001,-203.015549,94.228455,91.594788
858,7.150000,-0.043450,0.528257,0.020804,0.847717,-202.951691,94.231361,91.593620
859,7.158333,-0.044030,0.528570,0.021041,0.847486,-202.892349,94.235107,91.585052
860,7.166667,-0.044290,0.528606,0.021328,0.847443,-202.830963,94.234161,91.579201
861,7.175000,-0.044329,0.528912,0.021593,0.847243,-202.764923,94.236588,91.572868
862,7.183333,-0.044217,0.529565,0.021681,0.846839,-202.700089,94.236618,91.565826
863,7.191667,-0.044257,0.530320,0.021867,0.846359,-202.643890,94.236282,91.561363
864,7.200000,-0.045361,0.531169,0.022175,0.845760,-202.591705,94.224480,91.556068
865,7.208333,-0.045797,0.531881,0.022205,0.845288,-202.541855,94.212708,91.552940
866,7.216667,-0.045517,0.532292,0.022334,0.845041,-202.486176,94.202484,91.542091
867,7.225000,-0.045445,0.532709,0.022231,0.844785,-202.429321,94.188881,91.526314
868,7.233333,-0.045156,0.533227,0.021261,0.844498,-202.375885,94.171478,91.516586
869,7.241667,-0.044746,0.533887,0.020866,0.844113,-202.323578,94.155029,91.511208
870,7.250000,-0.044441,0.534111,0.020797,0.843989,-202.267914,94.139458,91.509949
871,7.258333,-0.043857,0.534250,0.020993,0.843927,-202.212738,94.119659,91.505226
872,7.266667,-0.043244,0.534593,0.021403,0.843731,-202.160690,94.093643,91.495071
873,7.275000,-0.042988,0.535062,0.021354,0.843448,-202.111862,94.065742,91.482147
874,7.283333,-0.042882,0.535383,0.021079,0.843257,-202.066895,94.039032,91.469131
875,7.291667,-0.043198,0.535859,0.021246,0.842934,-202.021835,94.005424,91.452950
876,7.300000,-0.043663,0.536472,0.021732,0.842507,-201.979858,93.973320,91.439651
877,7.308333,-0.043191,0.537013,0.021963,0.842181,-201.934128,93.935951,91.431404
878,7.316667,-0.041996,0.537603,0.022394,0.841854,-201.888947,93.902931,91.420303
879,7.325000,-0.040807,0.538242,0.022905,0.841490,-201.841644,93.871460,91.407753
880,7.333333,-0.040336,0.538707,0.023179,0.841208,-201.798218,93.848907,91.395378
881,7.341667,-0.040849,0.539050,0.023361,0.840958,-201.755814,93.824562,91.382568
882,7.350000,-0.041161,0.539340,0.023674,0.840748,-201.715897,93.800827,91.373062
883,7.358333,-0.041114,0.539534,0.023649,0.840627,-201.677063,93.766068,91.369469
884,7.366667,-0.039960,0.539654,0.022903,0.840626,-201.635651,93.722847,91.366890
885,7.375000,-0.038098,0.540120,0.022650,0.840420,-201.588348,93.672363,91.361099
886,7.383333,-0.036612,0.540697,0.022924,0.840108,-201.537704,93.622955,91.352615
887,7.391667,-0.036130,0.541376,0.023326,0.839680,-201.486176,93.576851,91.345253
888,7.400000,-0.036046,0.541768,0.023554,0.839424,-201.442169,93.532936,91.338577
889,7.408333,-0.035876,0.542131,0.023560,0.839197,-201.399826,93.485046,91.332924
890,7.416667,-0.035541,0.542501,0.023620,0.838970,-201.356644,93.438683,91.330948
891,7.425000,-0.034478,0.542972,0.024259,0.838692,-201.303528,93.388000,91.332397
892,7.433333,-0.033234,0.543564,0.025158,0.838332,-201.250702,93.343102,91.334991
893,7.441667,-0.031781,0.543978,0.024829,0.838130,-201.197845,93.305229,91.340523
894,7.450000,-0.030974,0.544280,0.024571,0.837971,-201.147217,93.274513,91.343658
895,7.458333,-0.030631,0.544437,0.024220,0.837893,-201.099564,93.249146,91.344208
896,7.466667,-0.030349,0.544524,0.023962,0.837854,-201.053955,93.234459,91.342018
897,7.475000,-0.029683,0.544778,0.024151,0.837707,-201.005966,93.221489,91.341362
898,7.483333,-0.028927,0.545282,0.024670,0.837390,-200.955170,93.209595,91.340317
899,7.491667,-0.028507,0.545865,0.024833,0.837020,-200.906403,93.204033,91.341316
900,7.500000,-0.028180,0.546526,0.025102,0.836591,-200.853424,93.200775,91.345322
901,7.508333,-0.028064,0.547037,0.024939,0.836266,-200.795120,93.202988,91.345207
902,7.516667,-0.027795,0.547514,0.024689,0.835970,-200.743774,93.206551,91.347977
903,7.525000,-0.027936,0.547886,0.024333,0.835732,-200.697800,93.210342,91.352089
904,7.533333,-0.029752,0.548448,0.024055,0.835309,-200.652267,93.204971,91.361618
905,7.541667,-0.030913,0.548942,0.024126,0.834940,-200.605774,93.209785,91.368919
906,7.550000,-0.031412,0.549359,0.024472,0.834637,-200.554245,93.220596,91.371513
907,7.558333,-0.031918,0.549822,0.024518,0.834312,-200.496887,93.241051,91.371803
908,7.566667,-0.032331,0.550121,0.024475,0.834100,-200.439163,93.265556,91.372566
909,7.575000,-0.032837,0.550328,0.024420,0.833945,-200.382751,93.286133,91.371872
910,7.583333,-0.033050,0.550570,0.024242,0.833782,-200.330170,93.294319,91.369850
911,7.591667,-0.032948,0.550982,0.024220,0.833514,-200.282242,93.301735,91.370346
912,7.600000,-0.032687,0.551542,0.024544,0.833145,-200.233841,93.304565,91.372963
913,7.608333,-0.033256,0.552109,0.024666,0.832743,-200.189041,93.312714,91.375732
914,7.616667,-0.034141,0.552624,0.024584,0.832368,-200.136948,93.324982,91.380600
915,7.625000,-0.034366,0.553175,0.024928,0.831983,-200.083069,93.328873,91.382042
916,7.633333,-0.034265,0.553631,0.025280,0.831673,-200.029831,93.332458,91.385124
917,7.641667,-0.034040,0.554091,0.025334,0.831374,-199.978622,93.333054,91.384529
918,7.650000,-0.033790,0.554320,0.024927,0.831244,-199.926849,93.326775,91.380363
919,7.658333,-0.033345,0.554646,0.025139,0.831038,-199.875214,93.317650,91.378822
920,7.666667,-0.033206,0.554955,0.025371,0.830830,-199.825638,93.306808,91.378571
921,7.675000,-0.032860,0.555478,0.025470,0.830491,-199.779068,93.299545,91.376038
922,7.683333,-0.033484,0.556037,0.025437,0.830093,-199.729782,93.292793,91.376541
923,7.691667,-0.033831,0.556454,0.025406,0.829801,-199.684555,93.291962,91.374275
924,7.700000,-0.034155,0.556898,0.025850,0.829476,-199.637192,93.289680,91.369835
925,7.708333,-0.034351,0.557333,0.025812,0.829177,-199.589584,93.289551,91.363953
926,7.716667,-0.034479,0.557624,0.025703,0.828979,-199.545685,93.286407,91.359406
927,7.725000,-0.035103,0.558059,0.025639,0.828662,-199.501068,93.270996,91.361290
928,7.733333,-0.035092,0.558356,0.025502,0.828466,-199.456299,93.255241,91.363617
929,7.741667,-0.034771,0.558668,0.025768,0.828261,-199.412567,93.239006,91.363998
930,7.750000,-0.034468,0.558808,0.026087,0.828169,-199.366455,93.221619,91.361794
931,7.758333,-0.033979,0.559082,0.025459,0.828025,-199.315002,93.204437,91.355339
932,7.766667,-0.033616,0.559485,0.024789,0.827787,-199.270279,93.191940,91.345192
933,7.775000,-0.033719,0.559908,0.024302,0.827511,-199.229797,93.182060,91.333214
934,7.783333,-0.033850,0.560286,0.024367,0.827249,-199.188477,93.173737,91.317818
935,7.791667,-0.033969,0.560487,0.024473,0.827104,-199.145920,93.168098,91.305939
936,7.800000,-0.032571,0.560753,0.024704,0.826973,-199.104477,93.167130,91.295937
937,7.808333,-0.033338,0.561148,0.024734,0.826674,-199.066422,93.150200,91.291702
938,7.816667,-0.033648,0.561740,0.024937,0.826253,-199.032349,93.131134,91.290077
939,7.825000,-0.033374,0.562129,0.025144,0.825993,-198.997849,93.111732,91.287788
940,7.833333,-0.032860,0.562602,0.025580,0.825678,-198.962326,93.093231,91.285049
941,7.841667,-0.032272,0.563031,0.025871,0.825400,-198.923813,93.074806,91.281479
942,7.850000,-0.032179,0.563456,0.025991,0.825110,-198.879333,93.052460,91.278305
943,7.858333,-0.032060,0.563817,0.025632,0.824879,-198.833923,93.027534,91.274490
944,7.866667,-0.031907,0.563857,0.025248,0.824870,-198.784775,92.998055,91.257156
945,7.875000,-0.031111,0.564422,0.025771,0.824497,-198.730911,92.960739,91.254997
946,7.883333,-0.030488,0.564837,0.025921,0.824232,-198.681671,92.919067,91.243294
947,7.891667,-0.030229,0.565548,0.025788,0.823757,-198.620865,92.861954,91.222038
948,7.900000,-0.029884,0.566420,0.024792,0.823202,-198.546448,92.805916,91.191315
949,7.908333,-0.029232,0.567060,0.025105,0.822775,-198.471420,92.752007,91.172882
950,7.916667,-0.027625,0.567391,0.026023,0.822574,-198.396500,92.707764,91.141396
951,7.925000,-0.026265,0.568499,0.027532,0.821804,-198.304825,92.642807,91.095154
952,7.933333,-0.025908,0.569614,0.027992,0.821027,-198.220505,92.591736,91.055954
953,7.941667,-0.025992,0.570523,0.027694,0.820403,-198.132935,92.555939,91.023430
954,7.950000,-0.026118,0.571635,0.027028,0.819647,-198.035126,92.531448,90.983047
955,7.958333,-0.026692,0.572196,0.027366,0.819226,-197.941299,92.515572,90.947304
956,7.966667,-0.026063,0.573196,0.028351,0.818513,-197.832352,92.499947,90.891144
957,7.975000,-0.025726,0.574146,0.027314,0.817893,-197.724884,92.495613,90.836838
958,7.983333,-0.025586,0.575067,0.027230,0.817252,-197.619980,92.490990,90.791161
959,7.991667,-0.025409,0.576007,0.027652,0.816581,-197.522873,92.491165,90.751389
960,8.000000,-0.025339,0.576833,0.027989,0.815989,-197.428909,92.492783,90.708397
961,8.008333,-0.025217,0.577768,0.028327,0.815319,-197.347076,92.500725,90.672264
962,8.016667,-0.025633,0.578609,0.027581,0.814736,-197.267776,92.505035,90.638412
963,8.025000,-0.026097,0.579944,0.027032,0.813789,-197.185944,92.509888,90.592133
964,8.033333,-0.025764,0.580533,0.026394,0.813401,-197.117126,92.518105,90.560234
965,8.041667,-0.025237,0.580602,0.025996,0.813381,-197.051392,92.522141,90.534470
966,8.050000,-0.024384,0.580561,0.025602,0.813449,-196.992477,92.511406,90.509865
967,8.058333,-0.023803,0.580990,0.026138,0.813143,-196.945328,92.497673,90.486496
968,8.066667,-0.023298,0.581520,0.025974,0.812783,-196.909256,92.485687,90.465912
969,8.075000,-0.023378,0.582160,0.025981,0.812322,-196.882385,92.483704,90.443214
970,8.083333,-0.024379,0.582440,0.025257,0.812115,-196.855133,92.491844,90.414986
971,8.091667,-0.025182,0.582703,0.024425,0.811928,-196.828995,92.492500,90.388199
972,8.100000,-0.025824,0.582966,0.023574,0.811744,-196.808044,92.481857,90.357368
973,8.108333,-0.026497,0.582941,0.022214,0.811778,-196.792435,92.446678,90.324951
974,8.116667,-0.028740,0.582859,0.020264,0.811812,-196.781204,92.368683,90.294899
975,8.125000,-0.030391,0.582439,0.017982,0.812107,-196.774872,92.287018,90.267616
976,8.133333,-0.030064,0.581907,0.016422,0.812533,-196.768631,92.275604,90.256226
977,8.141667,-0.028633,0.581473,0.016695,0.812890,-196.768585,92.289200,90.259758
978,8.150000,-0.028458,0.580698,0.017377,0.813436,-196.786102,92.296165,90.271454
979,8.158333,-0.028651,0.580696,0.018430,0.813408,-196.810089,92.295303,90.302048
980,8.166667,-0.025430,0.581326,0.020445,0.813016,-196.828690,92.288231,90.343788
981,8.175000,-0.024006,0.581477,0.021671,0.812919,-196.847824,92.279846,90.373154
982,8.183333,-0.025533,0.581972,0.022970,0.812483,-196.856003,92.251045,90.411423
983,8.191667,-0.024063,0.582577,0.023978,0.812065,-196.859344,92.242393,90.453323
984,8.200000,-0.023184,0.582668,0.025285,0.811986,-196.849304,92.237320,90.502541
985,8.208333,-0.021550,0.582109,0.025435,0.812427,-196.836777,92.234032,90.559044
986,8.216667,-0.019749,0.581464,0.025569,0.812931,-196.819321,92.237022,90.617638
987,8.225000,-0.018540,0.580540,0.025825,0.813611,-196.789093,92.247726,90.693398
988,8.233333,-0.015704,0.580445,0.026623,0.813713,-196.737442,92.245987,90.773682
989,8.241667,-0.012402,0.579681,0.026203,0.814328,-196.679489,92.232880,90.852692
990,8.250000,-0.009670,0.578778,0.025032,0.815044,-196.616364,92.218849,90.931412
991,8.258333,-0.007128,0.578328,0.023300,0.815440,-196.540649,92.222816,91.029556
992,8.266667,-0.004527,0.578197,0.022757,0.815567,-196.466507,92.231216,91.123428
993,8.275000,-0.001585,0.579401,0.023512,0.814702,-196.398712,92.236229,91.211418
994,8.283333,0.001412,0.581242,0.023566,0.813388,-196.337601,92.244156,91.293564
995,8.291667,0.003584,0.583255,0.023117,0.811952,-196.291382,92.252716,91.361061
996,8.300000,0.005815,0.585522,0.024344,0.810270,-196.260254,92.241135,91.431198
997,8.308333,0.006286,0.588056,0.024957,0.808410,-196.257339,92.240601,91.489410
998,8.316667,0.007006,0.590219,0.025188,0.806819,-196.261780,92.242943,91.539970
999,8.325000,0.008780,0.592578,0.025880,0.805049,-196.262390,92.247650,91.584358
1000,8.333333,0.009769,0.594713,0.026007,0.803458,-196.264511,92.250702,91.612343
1001,8.341667,0.010297,0.597120,0.026205,0.801657,-196.265991,92.248413,91.628700
1002,8.350000,0.010398,0.599465,0.026410,0.799898,-196.265915,92.245514,91.630836
1003,8.358333,0.010309,0.601484,0.026000,0.798395,-196.265518,92.247353,91.620491
1004,8.366667,0.010439,0.603430,0.025607,0.796936,-196.265411,92.247360,91.599342
1005,8.375000,0.009629,0.605369,0.024705,0.795503,-196.270706,92.247925,91.565140
1006,8.383333,0.008224,0.607553,0.023995,0.793874,-196.289413,92.244400,91.526749
1007,8.391667,0.005990,0.609528,0.023841,0.792383,-196.321426,92.242935,91.482559
1008,8.400000,0.003924,0.610801,0.023600,0.791422,-196.367340,92.241486,91.430954
1009,8.408333,0.001639,0.611574,0.023609,0.790833,-196.416473,92.232262,91.363235
1010,8.416667,-0.001105,0.611695,0.023841,0.790733,-196.458847,92.222252,91.287132
1011,8.425000,-0.003640,0.611245,0.023167,0.791094,-196.492844,92.218300,91.205719
1012,8.433333,-0.004792,0.610223,0.021837,0.791914,-196.526871,92.232620,91.107994
1013,8.441667,-0.007413,0.609406,0.021541,0.792531,-196.548981,92.242058,91.015030
1014,8.450000,-0.008757,0.609240,0.021242,0.792653,-196.570221,92.253326,90.937035
1015,8.458333,-0.010079,0.608673,0.019143,0.793126,-196.590408,92.277245,90.863091
1016,8.466667,-0.012398,0.608223,0.017940,0.793467,-196.603867,92.287567,90.816673
1017,8.475000,-0.014318,0.607524,0.017348,0.793983,-196.618546,92.291107,90.777275
1018,8.483333,-0.014981,0.606881,0.017160,0.794466,-196.635315,92.293198,90.749321
1019,8.491667,-0.014996,0.606114,0.017505,0.795044,-196.651871,92.294861,90.733925
1020,8.500000,-0.014878,0.605338,0.017831,0.795630,-196.667511,92.292534,90.730324
1021,8.508333,-0.014781,0.604642,0.018277,0.796150,-196.685440,92.290390,90.737823
1022,8.516667,-0.014812,0.604063,0.018898,0.796575,-196.707184,92.290268,90.760788
1023,8.525000,-0.016830,0.603559,0.019632,0.796899,-196.721634,92.275681,90.799423
1024,8.533333,-0.016255,0.603015,0.021103,0.797285,-196.740692,92.260315,90.851418
1025,8.541667,-0.015661,0.602490,0.022306,0.797661,-196.737930,92.257759,90.908058
1026,8.550000,-0.014102,0.601206,0.023603,0.798621,-196.739120,92.247543,90.965446
1027,8.558333,-0.011725,0.599668,0.024664,0.799783,-196.732040,92.237267,91.027374
1028,8.566667,-0.009159,0.598311,0.024680,0.800831,-196.704391,92.227249,91.096046
1029,8.575000,-0.006476,0.597521,0.024762,0.801445,-196.657486,92.221924,91.170654
1030,8.583333,-0.004618,0.596516,0.024448,0.802216,-196.599792,92.211655,91.251022
1031,8.591667,-0.001735,0.595727,0.023992,0.802827,-196.551132,92.219261,91.312782
1032,8.600000,0.001245,0.594745,0.023994,0.803556,-196.493423,92.226318,91.363976
1033,8.608333,0.002888,0.594053,0.023732,0.804071,-196.437378,92.229233,91.406189
1034,8.616667,0.003642,0.593544,0.023565,0.804448,-196.390289,92.228226,91.442154
1035,8.625000,0.004808,0.593277,0.023543,0.804640,-196.358948,92.233604,91.471031
1036,8.633333,0.005718,0.592860,0.023335,0.804947,-196.343155,92.239868,91.494278
1037,8.641667,0.006196,0.592339,0.023451,0.805323,-196.345078,92.245079,91.512436
1038,8.650000,0.006213,0.591838,0.023955,0.805677,-196.364517,92.242935,91.526711
1039,8.658333,0.005707,0.591580,0.024684,0.805848,-196.392029,92.238899,91.533493
1040,8.666667,0.005029,0.591459,0.025388,0.805920,-196.420853,92.235413,91.528099
1041,8.675000,0.004310,0.591216,0.025778,0.806089,-196.445633,92.230026,91.509720
1042,8.683333,0.003316,0.590743,0.025716,0.806443,-196.470413,92.229080,91.476852
1043,8.691667,0.002128,0.590355,0.025291,0.806745,-196.495621,92.231628,91.430679
1044,8.700000,0.000877,0.590397,0.025288,0.806717,-196.518784,92.229530,91.376900
1045,8.708333,-0.000727,0.590546,0.025004,0.806616,-196.543793,92.225166,91.311890
1046,8.716667,-0.003842,0.590812,0.024104,0.806440,-196.572250,92.220047,91.237221
1047,8.725000,-0.006986,0.590605,0.023006,0.806602,-196.597870,92.222176,91.146126
1048,8.733333,-0.009364,0.590456,0.021792,0.806721,-196.611053,92.228989,91.047546
1049,8.741667,-0.010477,0.590542,0.020904,0.806668,-196.613205,92.233131,90.973076
1050,8.750000,-0.012442,0.590445,0.020231,0.806728,-196.622452,92.249268,90.909111
1051,8.758333,-0.013509,0.590603,0.019131,0.806623,-196.627777,92.255119,90.860146
1052,8.766667,-0.014673,0.590682,0.018327,0.806563,-196.634003,92.255753,90.826027
1053,8.775000,-0.015463,0.590607,0.018232,0.806605,-196.641846,92.257866,90.801933
1054,8.783333,-0.015863,0.590484,0.018271,0.806687,-196.649811,92.256180,90.795097
1055,8.791667,-0.015941,0.590279,0.018458,0.806831,-196.656921,92.254425,90.797485
1056,8.800000,-0.015489,0.589888,0.018576,0.807123,-196.663208,92.254738,90.813049
1057,8.808333,-0.015273,0.589397,0.019440,0.807465,-196.670792,92.255821,90.839371
1058,8.816667,-0.014557,0.588936,0.020100,0.807799,-196.677628,92.254913,90.880043
1059,8.825000,-0.013119,0.588419,0.020867,0.808180,-196.682724,92.249138,90.929756
1060,8.833333,-0.011240,0.587872,0.021801,0.808582,-196.678558,92.238297,90.990379
1061,8.841667,-0.009358,0.587313,0.022846,0.808983,-196.667419,92.224899,91.059906
1062,8.850000,-0.007720,0.586688,0.023067,0.809448,-196.648697,92.214478,91.136124
1063,8.858333,-0.005600,0.586466,0.023543,0.809612,-196.624283,92.209023,91.213272
1064,8.866667,-0.002905,0.585856,0.024684,0.810034,-196.588959,92.211075,91.289780
1065,8.875000,0.001860,0.585291,0.025442,0.810422,-196.555298,92.228676,91.356583
1066,8.883333,0.004866,0.584829,0.025872,0.810729,-196.525772,92.243973,91.405121
1067,8.891667,0.005933,0.584424,0.025769,0.811017,-196.494949,92.248444,91.437378
1068,8.900000,0.005691,0.583747,0.025510,0.811515,-196.457840,92.245491,91.463676
1069,8.908333,0.006050,0.583211,0.025057,0.811912,-196.421188,92.246262,91.474625
1070,8.916667,0.006602,0.582750,0.024697,0.812250,-196.393860,92.251419,91.478508
1071,8.925000,0.007042,0.582442,0.024120,0.812484,-196.383118,92.257347,91.475586
1072,8.933333,0.006702,0.582285,0.024201,0.812597,-196.388550,92.258636,91.469376
1073,8.941667,0.005861,0.582248,0.024521,0.812620,-196.414093,92.251816,91.460983
1074,8.950000,0.004804,0.582396,0.025175,0.812501,-196.445496,92.244751,91.443741
1075,8.958333,0.001619,0.582336,0.025355,0.812551,-196.475769,92.230316,91.409210
1076,8.966667,0.000219,0.582234,0.025065,0.812635,-196.500671,92.221161,91.363213
1077,8.975000,-0.001651,0.581903,0.024460,0.812888,-196.526642,92.220978,91.302788
1078,8.983333,-0.003713,0.581922,0.023443,0.812898,-196.554596,92.223175,91.234512
1079,8.991667,-0.006730,0.582331,0.022782,0.812605,-196.582993,92.219597,91.159187
1080,9.000000,-0.008519,0.582780,0.021765,0.812294,-196.605133,92.220139,91.083992
1081,9.008333,-0.010193,0.582811,0.020302,0.812290,-196.617645,92.228607,91.014793
1082,9.016667,-0.011491,0.582749,0.019777,0.812330,-196.628967,92.238823,90.954521
1083,9.025000,-0.012916,0.582528,0.019414,0.812476,-196.640167,92.247414,90.905304
1084,9.033333,-0.013904,0.582363,0.019132,0.812585,-196.648422,92.249931,90.875069
1085,9.041667,-0.014479,0.582255,0.019230,0.812650,-196.657852,92.249718,90.859352
1086,9.050000,-0.014511,0.582088,0.019795,0.812755,-196.669128,92.248909,90.860680
1087,9.058333,-0.014254,0.581868,0.020387,0.812903,-196.683365,92.246414,90.872589
1088,9.066667,-0.013735,0.581647,0.021232,0.813048,-196.697693,92.243767,90.894974
1089,9.075000,-0.013015,0.581478,0.021919,0.813162,-196.703079,92.241180,90.922424
1090,9.083333,-0.012001,0.581035,0.021773,0.813499,-196.696671,92.236885,90.958580
1091,9.091667,-0.010865,0.580697,0.021411,0.813766,-196.676804,92.230675,91.001152
1092,9.100000,-0.009573,0.580903,0.021326,0.813637,-196.639557,92.222176,91.053024
1093,9.108333,-0.007899,0.580834,0.021690,0.813695,-196.589417,92.212898,91.112961
1094,9.116667,-0.005842,0.580089,0.021183,0.814256,-196.538406,92.214714,91.170502
1095,9.125000,-0.003040,0.579529,0.021331,0.814667,-196.491486,92.222229,91.222198
1096,9.133333,-0.001443,0.579615,0.021641,0.814602,-196.457703,92.227348,91.270447
1097,9.141667,-0.000299,0.579708,0.022463,0.814514,-196.441101,92.227875,91.318420
1098,9.150000,0.000316,0.579629,0.023826,0.814532,-196.440338,92.225235,91.361809
1099,9.158333,0.000828,0.579557,0.024768,0.814555,-196.461411,92.229118,91.399902
1100,9.166667,0.001158,0.579585,0.025726,0.814505,-196.485916,92.231598,91.427292
1101,9.175000,0.001351,0.579789,0.026414,0.814337,-196.510361,92.230743,91.439201
1102,9.183333,0.001307,0.580105,0.026655,0.814105,-196.532928,92.229904,91.436188
1103,9.191667,0.000632,0.580295,0.026626,0.813971,-196.553162,92.229126,91.417084
1104,9.200000,0.000224,0.580402,0.026427,0.813901,-196.568329,92.227539,91.388603
1105,9.208333,-0.000901,0.580403,0.026204,0.813907,-196.581787,92.224678,91.349388
1106,9.216667,-0.003010,0.580611,0.025470,0.813777,-196.596146,92.227509,91.290627
1107,9.225000,-0.004983,0.581257,0.024712,0.813329,-196.609116,92.221573,91.229263
1108,9.233333,-0.007101,0.581986,0.023599,0.812825,-196.622925,92.219589,91.158539
1109,9.241667,-0.008511,0.582602,0.022318,0.812407,-196.631470,92.218063,91.094269
1110,9.250000,-0.009807,0.582882,0.020843,0.812230,-196.629791,92.225174,91.033974
1111,9.258333,-0.010628,0.582892,0.019741,0.812240,-196.621216,92.234871,90.982132
1112,9.266667,-0.011401,0.582916,0.019267,0.812224,-196.610077,92.241425,90.944206
1113,9.275000,-0.011876,0.582860,0.018587,0.812273,-196.601685,92.245796,90.918312
1114,9.283333,-0.012186,0.582860,0.018236,0.812277,-196.593155,92.247162,90.907448
1115,9.291667,-0.011854,0.582910,0.018022,0.812250,-196.585968,92.246994,90.911758
1116,9.300000,-0.011235,0.583034,0.018310,0.812164,-196.577087,92.242805,90.930405
1117,9.308333,-0.011016,0.583073,0.018621,0.812132,-196.569748,92.234131,90.963646
1118,9.316667,-0.009636,0.583182,0.018839,0.812066,-196.565231,92.228523,91.007561
1119,9.325000,-0.008489,0.583296,0.019341,0.811985,-196.557114,92.222061,91.061768
1120,9.333333,-0.006840,0.582918,0.020367,0.812247,-196.545258,92.215759,91.131981
1121,9.341667,-0.004789,0.582505,0.021735,0.812522,-196.536545,92.216675,91.199890
1122,9.350000,-0.000903,0.582187,0.023075,0.812727,-196.528183,92.225807,91.264107
1123,9.358333,0.001946,0.582253,0.024501,0.812636,-196.516907,92.229591,91.321602
1124,9.366667,0.002928,0.582323,0.025346,0.812557,-196.508331,92.234756,91.362206
1125,9.375000,0.003390,0.582293,0.025488,0.812572,-196.498199,92.236275,91.389961
1126,9.383333,0.003718,0.582128,0.025356,0.812693,-196.485214,92.238342,91.404984
1127,9.391667,0.003786,0.581948,0.025021,0.812832,-196.471695,92.239670,91.407303
1128,9.400000,0.003723,0.581833,0.024719,0.812924,-196.456421,92.238556,91.395607
1129,9.408333,0.003044,0.581750,0.024111,0.813005,-196.447968,92.236305,91.373825
1130,9.416667,0.002172,0.581813,0.023569,0.812978,-196.456543,92.233719,91.348091
1131,9.425000,0.001407,0.581829,0.023413,0.812973,-196.480560,92.233406,91.315880
1132,9.433333,0.000269,0.581666,0.022932,0.813104,-196.509903,92.235603,91.273079
1133,9.441667,-0.001538,0.581897,0.022570,0.812948,-196.542709,92.237518,91.219536
1134,9.450000,-0.004718,0.582209,0.022268,0.812720,-196.569687,92.228798,91.159286
1135,9.458333,-0.006811,0.582702,0.021519,0.812372,-196.591003,92.221848,91.102257
1136,9.466667,-0.008144,0.583021,0.020252,0.812164,-196.607346,92.232277,91.044540
1137,9.475000,-0.008727,0.583126,0.019747,0.812095,-196.615860,92.239807,91.005173
1138,9.483333,-0.008985,0.583151,0.019632,0.812077,-196.625412,92.247795,90.976967
1139,9.491667,-0.010262,0.583100,0.019042,0.812112,-196.637451,92.263657,90.954529
1140,9.500000,-0.011769,0.583150,0.018551,0.812068,-196.650040,92.279610,90.938484
1141,9.508333,-0.011695,0.583112,0.018771,0.812091,-196.663910,92.282967,90.940506
1142,9.516667,-0.010768,0.582916,0.019158,0.812235,-196.667587,92.280914,90.962372
1143,9.525000,-0.009709,0.582752,0.019398,0.812360,-196.656128,92.273918,90.995537
1144,9.533333,-0.006600,0.582800,0.020967,0.812319,-196.628937,92.240646,91.056129
1145,9.541667,-0.005388,0.582480,0.021300,0.812548,-196.599274,92.226700,91.094994
1146,9.550000,-0.004245,0.581652,0.021278,0.813148,-196.561295,92.221245,91.135529
1147,9.558333,-0.002332,0.581048,0.021075,0.813593,-196.519180,92.226364,91.178360
1148,9.566667,0.000214,0.581001,0.021132,0.813628,-196.487595,92.238037,91.221031
1149,9.575000,0.001891,0.581137,0.021649,0.813516,-196.472305,92.247353,91.255577
1150,9.583333,0.002647,0.581250,0.022416,0.813412,-196.474396,92.244530,91.286568
1151,9.591667,0.002465,0.581355,0.023372,0.813310,-196.493729,92.240387,91.312752
1152,9.600000,0.002088,0.581382,0.024341,0.813264,-196.519089,92.235893,91.329468
1153,9.608333,0.001429,0.581231,0.025305,0.813343,-196.548218,92.236084,91.332253
1154,9.616667,0.000827,0.581190,0.025702,0.813361,-196.572021,92.235405,91.323593
1155,9.625000,-0.000045,0.581229,0.025529,0.813339,-196.594971,92.235771,91.298607
1156,9.633333,-0.000909,0.581583,0.025236,0.813095,-196.614456,92.236488,91.266853
1157,9.641667,-0.002302,0.582064,0.024892,0.812759,-196.632370,92.233124,91.222054
1158,9.650000,-0.004230,0.582583,0.024108,0.812403,-196.647812,92.230438,91.168938
1159,9.658333,-0.005700,0.583003,0.023413,0.812113,-196.653809,92.226067,91.125809
1160,9.666667,-0.006686,0.583265,0.022716,0.811936,-196.650635,92.224854,91.088821
1161,9.675000,-0.007104,0.583437,0.021632,0.811839,-196.640610,92.231682,91.055038
1162,9.683333,-0.008080,0.583510,0.019821,0.811824,-196.618683,92.248932,91.021606
1163,9.691667,-0.007343,0.583853,0.019190,0.811600,-196.582840,92.251297,91.005341
1164,9.700000,-0.006835,0.584010,0.018844,0.811499,-196.559509,92.247925,91.002419
1165,9.708333,-0.006427,0.584067,0.018694,0.811465,-196.536819,92.243027,91.016258
1166,9.716667,-0.006587,0.584017,0.018328,0.811508,-196.512756,92.238098,91.038467
1167,9.725000,-0.005451,0.583451,0.018293,0.811924,-196.493454,92.230690,91.091232
1168,9.733333,-0.004965,0.583214,0.019189,0.812077,-196.480240,92.227501,91.135246
1169,9.741667,-0.003564,0.583271,0.020193,0.812019,-196.480255,92.227562,91.178238
1170,9.750000,-0.002835,0.583418,0.021244,0.811890,-196.493073,92.225060,91.217735
1171,9.758333,-0.002834,0.583580,0.022756,0.811732,-196.521622,92.223366,91.255768
1172,9.766667,-0.002578,0.583667,0.024140,0.811631,-196.552063,92.223068,91.285011
1173,9.775000,-0.002479,0.583888,0.025236,0.811438,-196.582169,92.222710,91.305061
1174,9.783333,-0.002574,0.584194,0.025968,0.811195,-196.610321,92.222397,91.314163
1175,9.791667,-0.003624,0.584539,0.026413,0.810927,-196.637863,92.223129,91.309395
1176,9.800000,-0.005282,0.585305,0.025901,0.810382,-196.650742,92.231110,91.295723
1177,9.808333,-0.005787,0.585432,0.026002,0.810284,-196.676697,92.223351,91.267426
1178,9.816667,-0.006272,0.585560,0.026056,0.810186,-196.697647,92.216225,91.236031
1179,9.825000,-0.006853,0.585585,0.025813,0.810171,-196.704559,92.211807,91.204216
1180,9.833333,-0.007378,0.585615,0.024926,0.810172,-196.691681,92.211670,91.173653
1181,9.841667,-0.007865,0.585562,0.023962,0.810235,-196.668823,92.212242,91.148895
1182,9.850000,-0.008100,0.585532,0.022951,0.810284,-196.638184,92.213997,91.127106
1183,9.858333,-0.007964,0.585588,0.021811,0.810276,-196.601349,92.214737,91.111076
1184,9.866667,-0.007534,0.585617,0.020279,0.810299,-196.552963,92.217682,91.103432
1185,9.875000,-0.006694,0.585632,0.019177,0.810322,-196.502670,92.221298,91.105446
1186,9.883333,-0.006041,0.585996,0.018022,0.810091,-196.451675,92.236748,91.113373
1187,9.891667,-0.005167,0.586040,0.017579,0.810075,-196.424240,92.246574,91.118965
1188,9.900000,-0.004922,0.586162,0.017291,0.809995,-196.417191,92.251984,91.123428
1189,9.908333,-0.005328,0.586315,0.017383,0.809879,-196.426773,92.252800,91.126427
1190,9.916667,-0.006011,0.586550,0.018025,0.809690,-196.451736,92.250198,91.127106
1191,9.925000,-0.006049,0.586827,0.019517,0.809455,-196.494217,92.229126,91.134277
1192,9.933333,-0.006901,0.586924,0.020649,0.809349,-196.549835,92.221115,91.135582
1193,9.941667,-0.007437,0.586971,0.021972,0.809276,-196.602966,92.218330,91.143600
1194,9.950000,-0.007703,0.586980,0.023143,0.809234,-196.640030,92.217285,91.160683
1195,9.958333,-0.007342,0.587032,0.024055,0.809173,-196.667938,92.217461,91.182640
1196,9.966667,-0.007047,0.586947,0.024779,0.809216,-196.682434,92.215553,91.206039
1197,9.975000,-0.006313,0.586836,0.025315,0.809285,-196.686020,92.212479,91.229614
1198,9.983333,-0.005654,0.586719,0.025610,0.809366,-196.677856,92.210228,91.254013
1199,9.991667,-0.004830,0.586526,0.025647,0.809510,-196.661072,92.213097,91.275558
1200,10.000000,-0.004234,0.586275,0.025609,0.809696,-196.642471,92.215660,91.286156
1201,10.008333,-0.003833,0.586041,0.025433,0.809873,-196.623459,92.219124,91.285736
1202,10.016667,-0.003775,0.585771,0.025015,0.810082,-196.601410,92.218353,91.274307
1203,10.025000,-0.003963,0.585384,0.024090,0.810389,-196.578522,92.219635,91.249886
1204,10.033333,-0.004393,0.585175,0.022970,0.810569,-196.554459,92.221504,91.214333
1205,10.041667,-0.005004,0.585225,0.021786,0.810563,-196.532990,92.221085,91.179504
1206,10.050000,-0.005763,0.585376,0.020333,0.810487,-196.515732,92.223228,91.140259
1207,10.058333,-0.007022,0.585541,0.019193,0.810385,-196.508102,92.227524,91.099083
1208,10.066667,-0.007597,0.585667,0.018687,0.810301,-196.503372,92.228508,91.071777
1209,10.075000,-0.007807,0.585612,0.018473,0.810343,-196.498108,92.226974,91.060310
1210,10.083333,-0.007662,0.585551,0.018423,0.810390,-196.493103,92.224991,91.062752
1211,10.091667,-0.007328,0.585496,0.018485,0.810432,-196.490173,92.225365,91.074280
1212,10.100000,-0.006569,0.585406,0.018776,0.810496,-196.489532,92.225388,91.098343
1213,10.108333,-0.005904,0.585418,0.019236,0.810482,-196.497726,92.224083,91.128120
1214,10.116667,-0.005618,0.585621,0.020338,0.810311,-196.518478,92.222046,91.157150
1215,10.125000,-0.005521,0.585717,0.021573,0.810210,-196.548645,92.221550,91.182289
1216,10.133333,-0.005548,0.585927,0.022599,0.810029,-196.581955,92.221756,91.203697
1217,10.141667,-0.005626,0.586187,0.023572,0.809813,-196.615585,92.220154,91.220840
1218,10.150000,-0.005833,0.586536,0.024410,0.809534,-196.646698,92.217644,91.229614
1219,10.158333,-0.006078,0.586707,0.025021,0.809390,-196.670288,92.213402,91.235046
1220,10.166667,-0.006044,0.586688,0.025248,0.809397,-196.681366,92.210884,91.241585
1221,10.175000,-0.005645,0.586666,0.025359,0.809412,-196.678253,92.209190,91.252052
1222,10.183333,-0.005439,0.586608,0.025416,0.809454,-196.667145,92.210548,91.257950
1223,10.191667,-0.005306,0.586598,0.025295,0.809466,-196.652634,92.212563,91.255341
1224,10.200000,-0.005359,0.586555,0.024663,0.809516,-196.637497,92.214622,91.242310
1225,10.208333,-0.005648,0.586417,0.023922,0.809636,-196.621033,92.215714,91.218224
1226,10.216667,-0.006110,0.586204,0.022945,0.809816,-196.601181,92.216980,91.186348
1227,10.225000,-0.006322,0.586201,0.021828,0.809847,-196.575272,92.215057,91.160355
1228,10.233333,-0.006302,0.586173,0.020700,0.809897,-196.542984,92.215492,91.141327
1229,10.241667,-0.006179,0.586204,0.019739,0.809900,-196.509567,92.221878,91.125534
1230,10.250000,-0.006116,0.586273,0.019048,0.809867,-196.488159,92.226349,91.109428
1231,10.258333,-0.006404,0.586382,0.018565,0.809797,-196.485062,92.230156,91.091957
1232,10.266667,-0.006966,0.586434,0.018623,0.809753,-196.489014,92.227730,91.083458
1233,10.275000,-0.007226,0.586316,0.018708,0.809834,-196.499222,92.227097,91.084488
1234,10.283333,-0.007069,0.586256,0.019069,0.809871,-196.513382,92.225105,91.095421
1235,10.291667,-0.006725,0.586198,0.019686,0.809900,-196.528732,92.219627,91.121475
1236,10.300000,-0.006153,0.586186,0.020593,0.809892,-196.544266,92.217033,91.152779
1237,10.308333,-0.005350,0.586136,0.021721,0.809904,-196.559799,92.218163,91.185181
1238,10.316667,-0.004536,0.586190,0.022802,0.809840,-196.573792,92.220222,91.210068
1239,10.325000,-0.004386,0.586220,0.023503,0.809799,-196.586533,92.220016,91.229584
1240,10.333333,-0.004483,0.586310,0.023759,0.809726,-196.598114,92.218765,91.239258
1241,10.341667,-0.004783,0.586466,0.023981,0.809605,-196.608704,92.217484,91.236717
1242,10.350000,-0.005253,0.586554,0.023803,0.809543,-196.617249,92.217384,91.223488
1243,10.358333,-0.005995,0.586589,0.023463,0.809522,-196.623016,92.217361,91.204361
1244,10.366667,-0.006476,0.586553,0.022993,0.809558,-196.621353,92.216042,91.185417
1245,10.375000,-0.006665,0.586510,0.022403,0.809605,-196.609802,92.214081,91.169502
1246,10.383333,-0.006625,0.586398,0.021833,0.809702,-196.589874,92.212860,91.158478
1247,10.391667,-0.006350,0.586371,0.021309,0.809737,-196.559250,92.211922,91.153603
1248,10.400000,-0.005963,0.586299,0.020526,0.809812,-196.525757,92.215790,91.149620
1249,10.408333,-0.005494,0.586187,0.019854,0.809914,-196.502441,92.222702,91.141930
1250,10.416667,-0.005455,0.586160,0.019578,0.809940,-196.496002,92.228172,91.132782
1251,10.425000,-0.006111,0.586213,0.019477,0.809900,-196.505493,92.226624,91.121880
1252,10.433333,-0.006826,0.586255,0.019608,0.809861,-196.528656,92.224922,91.114120
1253,10.441667,-0.007242,0.586240,0.020346,0.809850,-196.555801,92.220833,91.117416
1254,10.450000,-0.007283,0.586095,0.020962,0.809939,-196.576126,92.216072,91.131935
1255,10.458333,-0.006764,0.585918,0.021573,0.810055,-196.588364,92.213959,91.152748
1256,10.466667,-0.006138,0.585730,0.022089,0.810182,-196.592026,92.213913,91.176773
1257,10.475000,-0.005357,0.585509,0.022768,0.810328,-196.587341,92.214043,91.200241
1258,10.483333,-0.004787,0.585334,0.022984,0.810452,-196.581268,92.217628,91.214058
1259,10.491667,-0.004593,0.585216,0.023133,0.810534,-196.573059,92.219597,91.218933
1260,10.500000,-0.004512,0.585074,0.022870,0.810645,-196.563644,92.220406,91.216919
1261,10.508333,-0.004635,0.585089,0.022583,0.810641,-196.553024,92.221138,91.207932
1262,10.516667,-0.005035,0.585230,0.021928,0.810555,-196.541412,92.219505,91.192146
1263,10.525000,-0.005256,0.585393,0.021135,0.810457,-196.529312,92.219910,91.173431
1264,10.533333,-0.005765,0.585495,0.020350,0.810400,-196.524109,92.220490,91.150345
1265,10.541667,-0.006700,0.585525,0.019820,0.810384,-196.531982,92.222771,91.128815
1266,10.550000,-0.007250,0.585538,0.019876,0.810369,-196.544434,92.221581,91.117874
1267,10.558333,-0.007426,0.585432,0.020122,0.810438,-196.553146,92.217575,91.122131
1268,10.566667,-0.007148,0.585302,0.020717,0.810519,-196.560440,92.216896,91.136757
1269,10.575000,-0.006375,0.585108,0.021253,0.810651,-196.560165,92.215286,91.155983
1270,10.583333,-0.005596,0.584931,0.021596,0.810776,-196.556107,92.216972,91.173798
1271,10.591667,-0.004894,0.584743,0.021889,0.810909,-196.548599,92.219208,91.185539
1272,10.600000,-0.004617,0.584627,0.021871,0.810995,-196.540100,92.220520,91.192474
1273,10.608333,-0.004472,0.584605,0.021765,0.811014,-196.530136,92.220459,91.193375
1274,10.616667,-0.004436,0.584559,0.021356,0.811058,-196.522415,92.222603,91.189758
1275,10.625000,-0.004797,0.584610,0.021171,0.811024,-196.525497,92.223801,91.184036
1276,10.633333,-0.005387,0.584692,0.021147,0.810961,-196.534561,92.223289,91.174049
1277,10.641667,-0.006382,0.584944,0.020781,0.810782,-196.541016,92.224731,91.152718
1278,10.650000,-0.007314,0.585271,0.020248,0.810552,-196.543716,92.225685,91.132065
1279,10.658333,-0.007522,0.585400,0.020006,0.810463,-196.541946,92.222153,91.124687
1280,10.666667,-0.007130,0.585373,0.019826,0.810490,-196.538300,92.218658,91.129433
1281,10.675000,-0.006652,0.585285,0.020172,0.810549,-196.534119,92.218254,91.141129
1282,10.683333,-0.005355,0.585231,0.020867,0.810580,-196.527252,92.213631,91.158714
1283,10.691667,-0.004483,0.585143,0.021414,0.810635,-196.520828,92.211983,91.165138
1284,10.700000,-0.004002,0.585085,0.021721,0.810671,-196.519455,92.209717,91.166000
1285,10.708333,-0.003811,0.585118,0.022034,0.810640,-196.522171,92.206055,91.163322
1286,10.716667,-0.003635,0.585117,0.022190,0.810637,-196.523911,92.201332,91.156509
1287,10.725000,-0.003747,0.585098,0.022036,0.810654,-196.526794,92.198120,91.145462
1288,10.733333,-0.004031,0.585127,0.021976,0.810634,-196.532227,92.195473,91.132607
1289,10.741667,-0.004387,0.585217,0.021767,0.810573,-196.538147,92.193565,91.121391
1290,10.750000,-0.004695,0.585252,0.021712,0.810547,-196.544067,92.189430,91.120682
1291,10.758333,-0.004766,0.585208,0.021841,0.810575,-196.545517,92.189720,91.130234
1292,10.766667,-0.004599,0.585116,0.021981,0.810639,-196.540726,92.192604,91.139862
1293,10.775000,-0.004446,0.584977,0.021824,0.810744,-196.534714,92.199593,91.146576
1294,10.783333,-0.004403,0.584951,0.021653,0.810767,-196.532074,92.205521,91.149429
1295,10.791667,-0.005245,0.585034,0.021357,0.810710,-196.536469,92.210213,91.147766
1296,10.800000,-0.006496,0.584819,0.020346,0.810883,-196.543991,92.220016,91.141670
1297,10.808333,-0.006582,0.584937,0.020384,0.810796,-196.545227,92.218407,91.147026
1298,10.816667,-0.006381,0.584912,0.020604,0.810810,-196.542389,92.216560,91.150650
1299,10.825000,-0.005890,0.584828,0.020614,0.810874,-196.537689,92.218185,91.152054
1300,10.833333,-0.006062,0.584829,0.020548,0.810874,-196.537201,92.219231,91.152565
1301,10.841667,-0.006220,0.584868,0.020628,0.810842,-196.539124,92.219734,91.149689
1302,10.850000,-0.006290,0.584893,0.020650,0.810823,-196.541290,92.219337,91.146622
1303,10.858333,-0.006344,0.584902,0.020555,0.810819,-196.543945,92.218307,91.145187
1304,10.866667,-0.006370,0.584889,0.020555,0.810828,-196.543564,92.217209,91.144623
1305,10.875000,-0.006167,0.584882,0.020511,0.810835,-196.542664,92.217964,91.144104
1306,10.883333,-0.006219,0.584826,0.020464,0.810877,-196.540756,92.217682,91.145287
1307,10.891667,-0.006114,0.584868,0.020605,0.810843,-196.539444,92.217590,91.145248
1308,10.900000,-0.006111,0.584857,0.020517,0.810854,-196.539459,92.218811,91.146240
1309,10.908333,-0.006169,0.584856,0.020583,0.810852,-196.540939,92.220047,91.146561
1310,10.916667,-0.006219,0.584877,0.020591,0.810837,-196.541229,92.218460,91.146629
1311,10.925000,-0.006269,0.584851,0.020571,0.810856,-196.542526,92.218124,91.146561
1312,10.933333,-0.006344,0.584856,0.020538,0.810852,-196.542984,92.217484,91.146317
1313,10.941667,-0.006266,0.584878,0.020525,0.810838,-196.543152,92.216293,91.146858
1314,10.950000,-0.006124,0.584876,0.020412,0.810843,-196.543549,92.217484,91.148094
1315,10.958333,-0.006177,0.584893,0.020598,0.810825,-196.542099,92.217377,91.148994
1316,10.966667,-0.006258,0.584875,0.020707,0.810835,-196.541245,92.217667,91.150337
1317,10.975000,-0.006202,0.584861,0.020671,0.810847,-196.539520,92.217842,91.151550
1318,10.983333,-0.005935,0.584862,0.020580,0.810850,-196.537964,92.219528,91.151321
1319,10.991667,-0.005936,0.584822,0.020542,0.810880,-196.538101,92.219940,91.150848
1320,11.000000,-0.006047,0.584861,0.020584,0.810850,-196.537750,92.218277,91.149536
1321,11.008333,-0.006102,0.584892,0.020543,0.810828,-196.538574,92.218185,91.147491
1322,11.016667,-0.006083,0.584871,0.020501,0.810845,-196.540085,92.219238,91.146568
1323,11.025000,-0.006143,0.584865,0.020546,0.810847,-196.540665,92.218155,91.145035
1324,11.033333,-0.006171,0.584915,0.020604,0.810810,-196.541275,92.217758,91.144173
1325,11.041667,-0.006284,0.584899,0.020548,0.810821,-196.542099,92.217476,91.144112
1326,11.050000,-0.006200,0.584898,0.020518,0.810824,-196.542023,92.217293,91.143623
1327,11.058333,-0.006206,0.584909,0.020561,0.810815,-196.542404,92.217285,91.144440
1328,11.066667,-0.006241,0.584877,0.020530,0.810838,-196.543289,92.217834,91.144806
1329,11.075000,-0.006248,0.584878,0.020637,0.810835,-196.544189,92.218437,91.145996
1330,11.083333,-0.006293,0.584871,0.020701,0.810838,-196.542892,92.217964,91.147377
1331,11.091667,-0.006290,0.584853,0.020659,0.810851,-196.542435,92.217514,91.148033
1332,11.100000,-0.006128,0.584845,0.020608,0.810860,-196.541107,92.217392,91.149345
1333,11.108333,-0.006147,0.584897,0.020641,0.810822,-196.540329,92.218460,91.149696
1334,11.116667,-0.006157,0.584859,0.020625,0.810850,-196.538986,92.218002,91.151421
1335,11.125000,-0.006092,0.584860,0.020815,0.810844,-196.537643,92.217659,91.151833
1336,11.133333,-0.006032,0.584837,0.020701,0.810865,-196.537674,92.218323,91.151367
1337,11.141667,-0.006046,0.584854,0.020669,0.810853,-196.538162,92.218224,91.150803
1338,11.150000,-0.006204,0.584849,0.020673,0.810855,-196.538712,92.218529,91.149231
1339,11.158333,-0.006019,0.584859,0.020673,0.810849,-196.539001,92.217987,91.147949
1340,11.166667,-0.006110,0.584840,0.020672,0.810862,-196.539062,92.218048,91.147743
1341,11.175000,-0.006119,0.584847,0.020653,0.810857,-196.539276,92.217819,91.147377
1342,11.183333,-0.006176,0.584878,0.020669,0.810834,-196.540390,92.218170,91.145897
1343,11.191667,-0.006074,0.584878,0.020660,0.810835,-196.540405,92.218422,91.144653
1344,11.200000,-0.006126,0.584890,0.020609,0.810828,-196.540512,92.217102,91.143951
1345,11.208333,-0.006134,0.584908,0.020552,0.810816,-196.541367,92.216148,91.144333
1346,11.216667,-0.006282,0.584920,0.020590,0.810805,-196.542053,92.216293,91.144646
1347,11.225000,-0.006328,0.584949,0.020669,0.810782,-196.542389,92.217369,91.145340
1348,11.233333,-0.006163,0.584875,0.020478,0.810841,-196.542618,92.216888,91.146698
1349,11.241667,-0.006169,0.584872,0.020551,0.810842,-196.542404,92.217941,91.147865
1350,11.250000,-0.006169,0.584919,0.020637,0.810806,-196.541733,92.218369,91.149223
1351,11.258333,-0.004778,0.585015,0.020712,0.810744,-196.543716,92.224518,91.150894
1352,11.266667,-0.003934,0.585078,0.020807,0.810701,-196.543839,92.229507,91.151512
1353,11.275000,-0.003684,0.584972,0.020815,0.810778,-196.543747,92.230728,91.148453
1354,11.283333,-0.003162,0.584970,0.020752,0.810784,-196.545273,92.232697,91.146545
1355,11.291667,-0.003684,0.584913,0.020734,0.810822,-196.545715,92.230087,91.144577
1356,11.300000,-0.005119,0.584743,0.020709,0.810938,-196.544571,92.222748,91.141106
1357,11.308333,-0.005941,0.584637,0.020664,0.811010,-196.544296,92.218758,91.138161
1358,11.316667,-0.006007,0.584651,0.020633,0.811000,-196.544952,92.219078,91.137596
