Format Version,1.25,Take Name,Take 2025-11-27 05.11.57 PM,Take Notes,,Capture Frame Rate,120.000000,Export Frame Rate,120.000000,Capture Start Time,2025-11-27 05.11.58.575 PM,Capture Start Frame,54293,Total Frames in Take,1291,Total Exported Frames,1291,Rotation Type,Quaternion,Length Units,Centimeters,Coordinate Space,Global

,Type,Rigid Body,Rigid Body,Rigid Body,Rigid Body,Rigid Body,Rigid Body,Rigid Body
,Name,SEE_large,SEE_large,SEE_large,SEE_large,SEE_large,SEE_large,SEE_large
,ID,B4680608301811F031C44B617C10C291,B4680608301811F031C44B617C10C291,B4680608301811F031C44B617C10C291,B4680608301811F031C44B617C10C291,B4680608301811F031C44B617C10C291,B4680608301811F031C44B617C10C291,B4680608301811F031C44B617C10C291
,Parent,,,,,,,
,,Rotation,Rotation,Rotation,Rotation,Position,Position,Position
Frame,Time (Seconds),X,Y,Z,W,X,Y,Z
0,0.000000,-0.007173,0.398610,0.006780,0.917067,-215.872543,92.245377,83.904228
1,0.008333,-0.007757,0.398634,0.006158,0.917057,-215.876053,92.251968,83.901421
2,0.016667,-0.005626,0.399730,0.008639,0.916575,-215.865234,92.221703,83.930763
3,0.025000,-0.005271,0.399847,0.009085,0.916522,-215.865799,92.216187,83.935951
4,0.033333,-0.005201,0.399789,0.009484,0.916543,-215.870163,92.212524,83.936302
5,0.041667,-0.005019,0.399677,0.009810,0.916590,-215.874817,92.206642,83.937836
6,0.050000,-0.004917,0.399716,0.010189,0.916569,-215.877289,92.204514,83.940163
7,0.058333,-0.004339,0.400458,0.012615,0.916218,-215.869263,92.182831,83.956055
8,0.066667,-0.004268,0.400496,0.012537,0.916203,-215.865952,92.185104,83.956314
9,0.075000,-0.004277,0.400541,0.012561,0.916183,-215.863831,92.185661,83.955200
10,0.083333,-0.004327,0.400521,0.012774,0.916189,-215.861862,92.184784,83.954704
11,0.091667,-0.004446,0.400454,0.012922,0.916215,-215.859131,92.183434,83.952469
12,0.100000,-0.004358,0.400422,0.012901,0.916230,-215.856522,92.182083,83.950356
13,0.108333,-0.004242,0.400510,0.012941,0.916191,-215.854507,92.182526,83.948311
14,0.116667,-0.004110,0.400467,0.012946,0.916210,-215.852936,92.183723,83.948540
15,0.125000,-0.004111,0.400437,0.013061,0.916222,-215.852280,92.185112,83.946106
16,0.133333,-0.004259,0.400401,0.012992,0.916238,-215.852646,92.184212,83.944611
17,0.141667,-0.004228,0.400443,0.012931,0.916221,-215.854309,92.183716,83.945580
18,0.150000,-0.004267,0.400427,0.013059,0.916226,-215.856903,92.184410,83.945564
19,0.158333,-0.004165,0.400435,0.012931,0.916225,-215.860626,92.185272,83.946411
20,0.166667,-0.004147,0.400477,0.012848,0.916207,-215.863922,92.183632,83.946915
21,0.175000,-0.004294,0.400455,0.012804,0.916217,-215.867233,92.183090,83.949104
22,0.183333,-0.004379,0.400402,0.012826,0.916239,-215.869690,92.183426,83.951111
23,0.191667,-0.004424,0.400406,0.012829,0.916237,-215.870804,92.183182,83.952072
24,0.200000,-0.004380,0.400387,0.012723,0.916248,-215.870911,92.182335,83.953094
25,0.208333,-0.004485,0.400347,0.012831,0.916263,-215.870743,92.182350,83.952606
26,0.216667,-0.004524,0.400314,0.012887,0.916276,-215.869431,92.182465,83.952332
27,0.225000,-0.004938,0.400318,0.012845,0.916273,-215.867477,92.180313,83.949875
28,0.233333,-0.006092,0.400229,0.012495,0.916310,-215.862823,92.173615,83.943619
29,0.241667,-0.008314,0.399974,0.011963,0.916411,-215.856689,92.162697,83.936295
30,0.250000,-0.009497,0.399770,0.011738,0.916491,-215.851929,92.157509,83.932076
31,0.258333,-0.009539,0.399707,0.011831,0.916517,-215.848755,92.157982,83.932068
32,0.266667,-0.009180,0.399643,0.011954,0.916547,-215.847351,92.160507,83.931190
33,0.275000,-0.009198,0.399629,0.011992,0.916552,-215.848785,92.161819,83.929443
34,0.283333,-0.009207,0.399682,0.012071,0.916528,-215.853790,92.163101,83.930382
35,0.291667,-0.009268,0.399679,0.012080,0.916529,-215.860199,92.163521,83.930710
36,0.300000,-0.009088,0.399728,0.012180,0.916508,-215.870499,92.163849,83.932785
37,0.308333,-0.008888,0.399612,0.012439,0.916557,-215.884613,92.164848,83.935951
38,0.316667,-0.009070,0.399575,0.013059,0.916562,-215.900879,92.163864,83.941010
39,0.325000,-0.009049,0.399442,0.013592,0.916613,-215.920609,92.166206,83.947838
40,0.333333,-0.008427,0.399413,0.014437,0.916619,-215.940826,92.169395,83.952507
41,0.341667,-0.008382,0.399416,0.014916,0.916610,-215.962387,92.170837,83.957108
42,0.350000,-0.008301,0.399443,0.015314,0.916593,-215.981888,92.169838,83.960632
43,0.358333,-0.008309,0.399557,0.015843,0.916534,-216.000504,92.169952,83.966125
44,0.366667,-0.008622,0.399494,0.016222,0.916552,-216.013428,92.167656,83.972099
45,0.375000,-0.008861,0.399486,0.016618,0.916546,-216.022797,92.166862,83.973038
46,0.383333,-0.008957,0.399453,0.016951,0.916553,-216.027039,92.166969,83.975151
47,0.391667,-0.009027,0.399481,0.017047,0.916538,-216.025574,92.165009,83.973984
48,0.400000,-0.008956,0.399474,0.016810,0.916547,-216.022141,92.166229,83.970787
49,0.408333,-0.008773,0.399416,0.016716,0.916576,-216.016525,92.166100,83.967247
50,0.416667,-0.008856,0.399403,0.016637,0.916582,-216.010742,92.167953,83.963539
51,0.425000,-0.008890,0.399406,0.016490,0.916583,-216.007324,92.168503,83.961998
52,0.433333,-0.009054,0.399563,0.016618,0.916511,-216.009827,92.170738,83.961441
53,0.441667,-0.009155,0.399618,0.016724,0.916484,-216.018967,92.173355,83.963531
54,0.450000,-0.009268,0.399692,0.016944,0.916446,-216.034073,92.173027,83.967888
55,0.458333,-0.009293,0.399227,0.018571,0.916617,-216.075302,92.163803,83.974068
56,0.466667,-0.009554,0.398997,0.019274,0.916700,-216.103546,92.161346,83.985367
57,0.475000,-0.010182,0.398995,0.019788,0.916683,-216.123230,92.165932,83.992714
58,0.483333,-0.010633,0.399053,0.020062,0.916647,-216.143967,92.170761,83.998955
59,0.491667,-0.010760,0.399112,0.020620,0.916607,-216.165161,92.175056,84.002861
60,0.500000,-0.010866,0.399182,0.021156,0.916563,-216.184189,92.173698,84.006027
61,0.508333,-0.011081,0.399195,0.021622,0.916544,-216.200180,92.170227,84.008965
62,0.516667,-0.011027,0.399329,0.021924,0.916479,-216.210388,92.168304,84.010788
63,0.525000,-0.011234,0.399274,0.022100,0.916496,-216.214783,92.166916,84.010872
64,0.533333,-0.011038,0.399211,0.022106,0.916526,-216.212463,92.167053,84.010498
65,0.541667,-0.010998,0.399226,0.021974,0.916523,-216.206024,92.168030,84.008156
66,0.550000,-0.010717,0.399208,0.021844,0.916538,-216.200012,92.169121,84.005280
67,0.558333,-0.010984,0.399219,0.021763,0.916531,-216.196304,92.169556,84.003189
68,0.566667,-0.011272,0.399227,0.021797,0.916524,-216.198013,92.171974,84.002678
69,0.575000,-0.011418,0.399313,0.022028,0.916479,-216.202423,92.173492,84.001610
70,0.583333,-0.011378,0.399301,0.022183,0.916481,-216.210800,92.173264,84.000320
71,0.591667,-0.012489,0.399051,0.023857,0.916533,-216.224670,92.184464,84.002190
72,0.600000,-0.013091,0.398624,0.024901,0.916683,-216.234924,92.189301,84.006317
73,0.608333,-0.013576,0.398337,0.025931,0.916772,-216.248901,92.191872,84.010529
74,0.616667,-0.013898,0.398151,0.026551,0.916830,-216.265533,92.191589,84.012642
75,0.625000,-0.013976,0.397970,0.027102,0.916891,-216.287018,92.188377,84.014557
76,0.633333,-0.013749,0.397980,0.027657,0.916874,-216.307739,92.186501,84.017746
77,0.641667,-0.013317,0.397894,0.027983,0.916908,-216.324966,92.185577,84.020065
78,0.650000,-0.013249,0.397781,0.028320,0.916947,-216.339920,92.186066,84.023735
79,0.658333,-0.013367,0.397733,0.028517,0.916961,-216.351746,92.186447,84.023819
80,0.666667,-0.013593,0.397778,0.028865,0.916927,-216.360550,92.185951,84.024445
81,0.675000,-0.013589,0.397793,0.029045,0.916915,-216.366653,92.187035,84.026161
82,0.683333,-0.013655,0.397751,0.029075,0.916931,-216.366669,92.185638,84.025688
83,0.691667,-0.013600,0.397820,0.029131,0.916900,-216.362549,92.184898,84.023636
84,0.700000,-0.013553,0.397845,0.029015,0.916894,-216.357681,92.186798,84.021675
85,0.708333,-0.013563,0.397865,0.028957,0.916887,-216.350037,92.185730,84.018692
86,0.716667,-0.013528,0.397888,0.028802,0.916882,-216.344025,92.186768,84.015617
87,0.725000,-0.013548,0.397974,0.028735,0.916846,-216.340286,92.187569,84.013054
88,0.733333,-0.013683,0.397966,0.028620,0.916851,-216.341476,92.188110,84.012184
89,0.741667,-0.013728,0.397958,0.028668,0.916853,-216.344788,92.189262,84.012238
90,0.750000,-0.013481,0.397967,0.028810,0.916848,-216.349365,92.189354,84.014030
91,0.758333,-0.013444,0.397900,0.028868,0.916876,-216.354279,92.189445,84.013474
92,0.766667,-0.013493,0.397879,0.028941,0.916882,-216.358215,92.187630,84.014313
93,0.775000,-0.013526,0.397892,0.028857,0.916879,-216.363861,92.187881,84.016701
94,0.783333,-0.013514,0.398017,0.028803,0.916826,-216.367050,92.187126,84.019409
95,0.791667,-0.013497,0.398034,0.028748,0.916821,-216.368912,92.186539,84.021736
96,0.800000,-0.013515,0.398023,0.028848,0.916822,-216.369171,92.186691,84.022652
97,0.808333,-0.013587,0.398108,0.028710,0.916789,-216.369156,92.187149,84.025261
98,0.816667,-0.013506,0.398152,0.028801,0.916768,-216.369659,92.188393,84.026062
99,0.825000,-0.013081,0.398438,0.028923,0.916646,-216.371582,92.190086,84.025894
100,0.833333,-0.012176,0.398640,0.029118,0.916564,-216.373779,92.194817,84.026299
101,0.841667,-0.010876,0.398802,0.029645,0.916493,-216.376205,92.200165,84.027031
102,0.850000,-0.009926,0.398870,0.029919,0.916466,-216.377731,92.204124,84.027222
103,0.858333,-0.009361,0.398849,0.030134,0.916474,-216.377304,92.205582,84.025375
104,0.866667,-0.009436,0.398795,0.030231,0.916493,-216.375732,92.205902,84.022789
105,0.875000,-0.009694,0.398796,0.030091,0.916495,-216.372986,92.205246,84.019630
106,0.883333,-0.009908,0.398781,0.030025,0.916501,-216.371109,92.204361,84.018730
107,0.891667,-0.009921,0.398797,0.029880,0.916499,-216.370941,92.204323,84.017525
108,0.900000,-0.009930,0.398864,0.029867,0.916470,-216.373276,92.205711,84.017494
109,0.908333,-0.009990,0.398863,0.029976,0.916466,-216.376831,92.206261,84.018265
110,0.916667,-0.009949,0.398858,0.029959,0.916469,-216.381104,92.207405,84.019592
111,0.925000,-0.009926,0.398933,0.029986,0.916436,-216.385391,92.206879,84.021866
112,0.933333,-0.010055,0.398936,0.030011,0.916433,-216.389084,92.206642,84.023705
113,0.941667,-0.010114,0.398917,0.029953,0.916442,-216.391708,92.207245,84.026093
114,0.950000,-0.010057,0.398951,0.029965,0.916427,-216.392654,92.206070,84.027603
115,0.958333,-0.009888,0.398956,0.029993,0.916426,-216.392685,92.206482,84.029541
116,0.966667,-0.009932,0.399011,0.030055,0.916400,-216.394684,92.209808,84.030121
117,0.975000,-0.010033,0.399014,0.030000,0.916399,-216.394669,92.208572,84.030800
118,0.983333,-0.009961,0.399046,0.030053,0.916384,-216.392227,92.206863,84.030190
119,0.991667,-0.009972,0.399017,0.030195,0.916392,-216.389969,92.206703,84.028038
120,1.000000,-0.009870,0.399018,0.030181,0.916393,-216.386154,92.205948,84.027626
121,1.008333,-0.009955,0.398974,0.030255,0.916409,-216.382736,92.205894,84.026314
122,1.016667,-0.009969,0.398935,0.030207,0.916427,-216.380264,92.206985,84.023842
123,1.025000,-0.009901,0.398944,0.030170,0.916425,-216.378922,92.206230,84.021439
124,1.033333,-0.009905,0.399002,0.030180,0.916400,-216.379547,92.206917,84.019653
125,1.041667,-0.009873,0.398982,0.030185,0.916409,-216.382187,92.206589,84.019402
126,1.050000,-0.009850,0.399029,0.030180,0.916389,-216.385406,92.206917,84.019127
127,1.058333,-0.009927,0.399097,0.030161,0.916359,-216.391541,92.207916,84.019348
128,1.066667,-0.009943,0.399161,0.030225,0.916329,-216.396835,92.207779,84.019760
129,1.075000,-0.009886,0.399190,0.030112,0.916320,-216.400528,92.207565,84.020737
130,1.083333,-0.009854,0.399215,0.030219,0.916306,-216.404633,92.207565,84.022270
131,1.091667,-0.009831,0.399195,0.030270,0.916313,-216.406708,92.208290,84.025070
132,1.100000,-0.009895,0.399271,0.030242,0.916281,-216.407364,92.208786,84.027275
133,1.108333,-0.010020,0.399224,0.030224,0.916300,-216.406586,92.207550,84.028290
134,1.116667,-0.009975,0.399221,0.030245,0.916301,-216.405487,92.207787,84.029808
135,1.125000,-0.009976,0.399233,0.030139,0.916300,-216.403824,92.208900,84.030258
136,1.133333,-0.009936,0.399210,0.030225,0.916307,-216.401367,92.209503,84.030373
137,1.141667,-0.009862,0.399189,0.030118,0.916321,-216.398102,92.209869,84.029182
138,1.150000,-0.009939,0.399154,0.030048,0.916337,-216.394516,92.207840,84.027824
139,1.158333,-0.009899,0.399215,0.030097,0.916310,-216.391754,92.206993,84.026108
140,1.166667,-0.009983,0.399239,0.030059,0.916300,-216.389511,92.206215,84.024223
141,1.175000,-0.010027,0.399240,0.029996,0.916301,-216.388458,92.206139,84.022018
142,1.183333,-0.010016,0.399251,0.030089,0.916293,-216.390060,92.207466,84.020477
143,1.191667,-0.010002,0.399239,0.030113,0.916298,-216.391510,92.207840,84.019348
144,1.200000,-0.009943,0.399261,0.030211,0.916285,-216.394424,92.207428,84.018684
145,1.208333,-0.009899,0.399247,0.030106,0.916296,-216.397568,92.207329,84.018265
146,1.216667,-0.009955,0.399238,0.030081,0.916300,-216.400604,92.206421,84.018417
147,1.225000,-0.009998,0.399211,0.030102,0.916310,-216.403107,92.206917,84.019440
148,1.233333,-0.010055,0.399244,0.030250,0.916290,-216.405014,92.206802,84.021988
149,1.241667,-0.010311,0.399175,0.030074,0.916323,-216.405365,92.205963,84.023552
150,1.250000,-0.010688,0.399193,0.030089,0.916311,-216.404541,92.204376,84.024338
151,1.258333,-0.011329,0.399102,0.029872,0.916350,-216.403442,92.201859,84.024551
152,1.266667,-0.012542,0.398941,0.029511,0.916416,-216.400101,92.195824,84.024170
153,1.275000,-0.013210,0.398851,0.029288,0.916453,-216.397598,92.192207,84.024658
154,1.283333,-0.013240,0.398817,0.029176,0.916470,-216.395157,92.192474,84.024361
155,1.291667,-0.013726,0.398629,0.029016,0.916550,-216.389725,92.189644,84.023956
156,1.300000,-0.013623,0.398574,0.029072,0.916574,-216.386169,92.189682,84.023575
157,1.308333,-0.013592,0.398577,0.029143,0.916571,-216.383865,92.190567,84.021469
158,1.316667,-0.013746,0.398558,0.029119,0.916578,-216.382263,92.189560,84.021156
159,1.325000,-0.013671,0.398544,0.029203,0.916582,-216.380936,92.188835,84.018227
160,1.333333,-0.013689,0.398530,0.029130,0.916590,-216.381241,92.188606,84.016861
161,1.341667,-0.013725,0.398584,0.029172,0.916565,-216.383499,92.189087,84.015930
162,1.350000,-0.013776,0.398557,0.029067,0.916579,-216.384933,92.188240,84.014374
163,1.358333,-0.013655,0.398571,0.029075,0.916575,-216.387863,92.188889,84.014069
164,1.366667,-0.013362,0.398653,0.029159,0.916541,-216.391678,92.190758,84.015152
165,1.375000,-0.013280,0.398637,0.029148,0.916549,-216.394180,92.189697,84.015930
166,1.383333,-0.013390,0.398644,0.029181,0.916544,-216.396683,92.189400,84.017357
167,1.391667,-0.013371,0.398625,0.029131,0.916554,-216.397614,92.189415,84.018829
168,1.400000,-0.013689,0.398631,0.029227,0.916543,-216.397308,92.188416,84.021149
169,1.408333,-0.013669,0.398625,0.029116,0.916550,-216.396576,92.189682,84.023148
170,1.416667,-0.013684,0.398598,0.029159,0.916560,-216.395233,92.190048,84.023544
171,1.425000,-0.013584,0.398597,0.029166,0.916562,-216.393036,92.190254,84.025246
172,1.433333,-0.013569,0.398626,0.029172,0.916549,-216.390915,92.191277,84.025475
173,1.441667,-0.013526,0.398595,0.029076,0.916566,-216.388199,92.189957,84.025085
174,1.450000,-0.013488,0.398616,0.029105,0.916557,-216.386368,92.190323,84.023392
175,1.458333,-0.013427,0.398606,0.029172,0.916560,-216.385056,92.189835,84.021881
176,1.466667,-0.013624,0.398587,0.029212,0.916564,-216.383652,92.189857,84.020889
177,1.475000,-0.013751,0.398575,0.029128,0.916570,-216.383148,92.189751,84.018044
178,1.483333,-0.013897,0.398542,0.029059,0.916584,-216.383331,92.187752,84.015945
179,1.491667,-0.013696,0.398598,0.029162,0.916560,-216.385025,92.187866,84.014801
180,1.500000,-0.013608,0.398590,0.029302,0.916560,-216.385834,92.188400,84.014015
181,1.508333,-0.013574,0.398576,0.029231,0.916569,-216.387772,92.187546,84.014061
182,1.516667,-0.013651,0.398688,0.029295,0.916517,-216.391205,92.188202,84.013924
183,1.525000,-0.013596,0.398675,0.029293,0.916523,-216.393799,92.189651,84.014389
184,1.533333,-0.013642,0.398639,0.029271,0.916539,-216.395599,92.189873,84.017113
185,1.541667,-0.013668,0.398613,0.029158,0.916554,-216.396454,92.189201,84.018860
186,1.550000,-0.013595,0.398685,0.029209,0.916522,-216.397675,92.189476,84.020844
187,1.558333,-0.013473,0.398691,0.029180,0.916522,-216.397125,92.190369,84.022072
188,1.566667,-0.013622,0.398640,0.029303,0.916538,-216.396042,92.190460,84.023605
189,1.575000,-0.013585,0.398612,0.029165,0.916555,-216.393524,92.189880,84.024887
190,1.583333,-0.013631,0.398600,0.029067,0.916563,-216.390610,92.188492,84.025063
191,1.591667,-0.013480,0.398628,0.029167,0.916550,-216.388535,92.189453,84.024979
192,1.600000,-0.013550,0.398643,0.029071,0.916545,-216.386337,92.189125,84.024338
193,1.608333,-0.013571,0.398610,0.029155,0.916556,-216.384857,92.189720,84.022301
194,1.616667,-0.013758,0.398600,0.029188,0.916557,-216.384048,92.189194,84.020164
195,1.625000,-0.013750,0.398599,0.029099,0.916560,-216.384094,92.188095,84.018532
196,1.633333,-0.013698,0.398593,0.029169,0.916561,-216.385193,92.188896,84.016808
197,1.641667,-0.013772,0.398598,0.029244,0.916556,-216.385788,92.187927,84.013786
198,1.650000,-0.013603,0.398601,0.029247,0.916557,-216.387909,92.188156,84.013618
199,1.658333,-0.013661,0.398631,0.029236,0.916543,-216.389709,92.186676,84.013138
200,1.666667,-0.013609,0.398590,0.029242,0.916562,-216.392136,92.187141,84.013741
201,1.675000,-0.013667,0.398610,0.029278,0.916551,-216.394348,92.188477,84.014595
202,1.683333,-0.013494,0.398633,0.029215,0.916546,-216.395386,92.188293,84.016258
203,1.691667,-0.013669,0.398650,0.029179,0.916537,-216.396759,92.188919,84.017868
204,1.700000,-0.013715,0.398686,0.029222,0.916519,-216.397003,92.189453,84.019157
205,1.708333,-0.013685,0.398644,0.029114,0.916541,-216.396667,92.189293,84.022064
206,1.716667,-0.013779,0.398659,0.029211,0.916530,-216.395660,92.189377,84.023048
207,1.725000,-0.013579,0.398619,0.029253,0.916549,-216.393753,92.189819,84.024391
208,1.733333,-0.013726,0.398593,0.029188,0.916561,-216.391342,92.190445,84.024643
209,1.741667,-0.013554,0.398604,0.029127,0.916560,-216.389206,92.191200,84.024689
210,1.750000,-0.013617,0.398607,0.029182,0.916556,-216.386963,92.190018,84.023659
211,1.758333,-0.013583,0.398608,0.029129,0.916558,-216.385178,92.190163,84.022560
212,1.766667,-0.013686,0.398595,0.029126,0.916562,-216.384537,92.189171,84.020958
213,1.775000,-0.013763,0.398573,0.029133,0.916570,-216.384338,92.188438,84.018440
214,1.783333,-0.013791,0.398623,0.029018,0.916552,-216.384171,92.186180,84.017097
215,1.791667,-0.013757,0.398610,0.029120,0.916555,-216.385269,92.186897,84.014877
216,1.800000,-0.013731,0.398625,0.029085,0.916550,-216.385956,92.187225,84.014168
217,1.808333,-0.013860,0.398603,0.029190,0.916554,-216.387909,92.187683,84.013588
218,1.816667,-0.013793,0.398670,0.029314,0.916522,-216.390488,92.189026,84.013954
219,1.825000,-0.013538,0.398652,0.029249,0.916536,-216.392212,92.189262,84.014633
220,1.833333,-0.013603,0.398681,0.029191,0.916524,-216.393692,92.188568,84.016640
221,1.841667,-0.013466,0.398656,0.029106,0.916540,-216.394562,92.189148,84.018532
222,1.850000,-0.013556,0.398655,0.029131,0.916538,-216.394455,92.189056,84.020073
223,1.858333,-0.013764,0.398632,0.029102,0.916546,-216.394226,92.189850,84.022346
224,1.866667,-0.013611,0.398679,0.029175,0.916525,-216.393204,92.189804,84.024345
225,1.875000,-0.013574,0.398661,0.029118,0.916536,-216.391708,92.190323,84.025040
226,1.883333,-0.013767,0.398631,0.029044,0.916548,-216.390198,92.190216,84.024277
227,1.891667,-0.013169,0.398882,0.029130,0.916445,-216.391510,92.192802,84.024338
228,1.900000,-0.012076,0.399052,0.029552,0.916373,-216.391586,92.196968,84.024796
229,1.908333,-0.010683,0.399211,0.029809,0.916312,-216.392487,92.203430,84.026619
230,1.916667,-0.009742,0.399286,0.030164,0.916278,-216.393112,92.209106,84.025673
231,1.925000,-0.009391,0.399234,0.030216,0.916303,-216.392853,92.209541,84.023926
232,1.933333,-0.009554,0.399267,0.030150,0.916289,-216.393661,92.208359,84.022606
233,1.941667,-0.009889,0.399075,0.029289,0.916397,-216.399551,92.214905,84.016838
234,1.950000,-0.010199,0.398884,0.028165,0.916512,-216.406509,92.222862,84.014442
235,1.958333,-0.010353,0.398673,0.027459,0.916624,-216.411728,92.228134,84.010071
236,1.966667,-0.010318,0.398550,0.027375,0.916680,-216.411972,92.230438,84.005951
237,1.975000,-0.010217,0.398623,0.027432,0.916648,-216.409424,92.230850,84.006035
238,1.983333,-0.010293,0.398706,0.027393,0.916612,-216.408844,92.233017,84.007195
239,1.991667,-0.010358,0.398675,0.027422,0.916624,-216.407822,92.231323,84.009254
240,2.000000,-0.010291,0.398761,0.027420,0.916587,-216.407913,92.231300,84.012337
241,2.008333,-0.010713,0.398542,0.027082,0.916688,-216.411880,92.236229,84.012093
242,2.016667,-0.011344,0.398316,0.026546,0.916794,-216.415833,92.243019,84.008186
243,2.025000,-0.012156,0.398166,0.025954,0.916866,-216.417816,92.251801,83.997925
244,2.033333,-0.012403,0.398117,0.025696,0.916891,-216.416962,92.255180,83.993958
245,2.041667,-0.012361,0.398070,0.025581,0.916915,-216.415268,92.255997,83.993324
246,2.050000,-0.012345,0.398093,0.025576,0.916906,-216.412277,92.255989,83.992798
247,2.058333,-0.012342,0.398040,0.025461,0.916931,-216.409851,92.255569,83.992477
248,2.066667,-0.012274,0.398019,0.025398,0.916944,-216.407745,92.255569,83.989517
249,2.075000,-0.012265,0.397985,0.025182,0.916964,-216.406494,92.256531,83.986526
250,2.083333,-0.012507,0.398214,0.025218,0.916861,-216.410370,92.259674,83.981270
251,2.091667,-0.012598,0.398381,0.025040,0.916792,-216.415161,92.259987,83.974762
252,2.100000,-0.012532,0.398541,0.024996,0.916724,-216.417313,92.260521,83.972198
253,2.108333,-0.012433,0.398605,0.025081,0.916695,-216.419891,92.261543,83.972351
254,2.116667,-0.012313,0.398616,0.025184,0.916689,-216.421371,92.261337,83.972374
255,2.125000,-0.012312,0.398600,0.025255,0.916694,-216.422455,92.260765,83.973480
256,2.133333,-0.012365,0.398623,0.025311,0.916682,-216.424149,92.260384,83.975273
257,2.141667,-0.012433,0.398668,0.025473,0.916657,-216.425842,92.258400,83.977913
258,2.150000,-0.012543,0.398601,0.025539,0.916683,-216.426392,92.257874,83.980461
259,2.158333,-0.012353,0.398671,0.025616,0.916653,-216.425674,92.256104,83.983086
260,2.166667,-0.012380,0.398676,0.025682,0.916649,-216.425491,92.254410,83.985588
261,2.175000,-0.012306,0.398692,0.025755,0.916641,-216.424698,92.254166,83.988396
262,2.183333,-0.012334,0.398690,0.025873,0.916638,-216.423538,92.254486,83.988670
263,2.191667,-0.012423,0.398632,0.025801,0.916664,-216.422455,92.254669,83.986839
264,2.200000,-0.012502,0.398638,0.025726,0.916662,-216.420746,92.254662,83.986755
265,2.208333,-0.012426,0.398622,0.025751,0.916670,-216.419983,92.254738,83.984833
266,2.216667,-0.012421,0.398624,0.025656,0.916671,-216.419846,92.255196,83.982216
267,2.225000,-0.012454,0.398624,0.025591,0.916673,-216.419342,92.257133,83.980408
268,2.233333,-0.012420,0.398609,0.025620,0.916679,-216.419571,92.258034,83.977158
269,2.241667,-0.012395,0.398611,0.025534,0.916681,-216.420059,92.258362,83.974930
270,2.250000,-0.012466,0.398532,0.025386,0.916718,-216.419983,92.259026,83.974251
271,2.258333,-0.012557,0.398526,0.025310,0.916722,-216.421158,92.260353,83.973640
272,2.266667,-0.012543,0.398601,0.025316,0.916689,-216.422150,92.260986,83.973297
273,2.275000,-0.012445,0.398589,0.025331,0.916695,-216.422852,92.261436,83.973869
274,2.283333,-0.012346,0.398603,0.025196,0.916694,-216.423416,92.260414,83.975296
275,2.291667,-0.012282,0.398628,0.025313,0.916681,-216.424103,92.260033,83.978119
276,2.300000,-0.012377,0.398622,0.025384,0.916680,-216.424438,92.259949,83.980629
277,2.308333,-0.012455,0.398573,0.025350,0.916702,-216.424515,92.258591,83.982269
278,2.316667,-0.012481,0.398550,0.025325,0.916712,-216.423920,92.257957,83.984253
279,2.325000,-0.012418,0.398622,0.025477,0.916677,-216.422821,92.256668,83.985916
280,2.333333,-0.012398,0.398557,0.025594,0.916702,-216.422180,92.255402,83.987396
281,2.341667,-0.012410,0.398613,0.025753,0.916673,-216.421295,92.254761,83.987617
282,2.350000,-0.012430,0.398614,0.025883,0.916669,-216.420700,92.254623,83.986641
283,2.358333,-0.012486,0.398624,0.025795,0.916667,-216.420441,92.254761,83.985497
284,2.366667,-0.012531,0.398597,0.025670,0.916681,-216.419769,92.254875,83.984032
285,2.375000,-0.012534,0.398548,0.025624,0.916704,-216.419083,92.255890,83.981659
286,2.383333,-0.012462,0.398530,0.025542,0.916715,-216.419083,92.256477,83.979393
287,2.391667,-0.012420,0.398544,0.025531,0.916710,-216.419693,92.257309,83.976410
288,2.400000,-0.012485,0.398530,0.025514,0.916715,-216.421173,92.259399,83.974602
289,2.408333,-0.012470,0.398580,0.025408,0.916697,-216.421326,92.259338,83.973373
290,2.416667,-0.012522,0.398504,0.025370,0.916730,-216.422089,92.259193,83.974037
291,2.425000,-0.012459,0.398619,0.025465,0.916679,-216.422241,92.259056,83.974983
292,2.433333,-0.012395,0.398555,0.025446,0.916708,-216.423172,92.258202,83.976852
293,2.441667,-0.012357,0.398533,0.025407,0.916719,-216.423981,92.258247,83.979073
294,2.450000,-0.012290,0.398545,0.025375,0.916715,-216.423874,92.258385,83.980606
295,2.458333,-0.012387,0.398564,0.025398,0.916705,-216.424011,92.257774,83.982620
296,2.466667,-0.012431,0.398617,0.025497,0.916679,-216.423294,92.254807,83.985863
297,2.475000,-0.012501,0.398641,0.025712,0.916661,-216.422440,92.254700,83.986801
298,2.483333,-0.012349,0.398608,0.025774,0.916676,-216.422348,92.255531,83.987244
299,2.491667,-0.012278,0.398652,0.025820,0.916656,-216.421921,92.255905,83.987656
300,2.500000,-0.012301,0.398615,0.025801,0.916673,-216.421005,92.254173,83.986549
301,2.508333,-0.012403,0.398570,0.025785,0.916692,-216.419357,92.253098,83.986595
302,2.516667,-0.012527,0.398601,0.025825,0.916675,-216.419388,92.254265,83.984253
303,2.525000,-0.012462,0.398577,0.025692,0.916690,-216.419693,92.254929,83.982346
304,2.533333,-0.012344,0.398515,0.025573,0.916722,-216.420364,92.255455,83.979141
305,2.541667,-0.012349,0.398541,0.025548,0.916711,-216.420654,92.256721,83.977493
306,2.550000,-0.012392,0.398589,0.025522,0.916691,-216.420746,92.257568,83.977272
307,2.558333,-0.012401,0.398562,0.025479,0.916704,-216.421051,92.257782,83.976746
308,2.566667,-0.012437,0.398552,0.025388,0.916710,-216.421173,92.257599,83.976570
309,2.575000,-0.012429,0.398571,0.025274,0.916705,-216.421326,92.257568,83.978760
310,2.583333,-0.012371,0.398569,0.025359,0.916704,-216.421478,92.256889,83.980598
311,2.591667,-0.012381,0.398530,0.025468,0.916718,-216.421585,92.257568,83.980026
312,2.600000,-0.012390,0.398553,0.025429,0.916709,-216.420334,92.257980,83.980728
313,2.608333,-0.012494,0.398586,0.025337,0.916696,-216.418381,92.258217,83.985329
314,2.616667,-0.012424,0.398553,0.025283,0.916713,-216.415665,92.256554,83.990494
315,2.625000,-0.012475,0.398600,0.025329,0.916690,-216.412109,92.258331,83.997803
316,2.633333,-0.012156,0.398702,0.025293,0.916651,-216.406601,92.259117,84.008049
317,2.641667,-0.011924,0.398781,0.025128,0.916624,-216.401215,92.261124,84.018990
318,2.650000,-0.011740,0.398776,0.024999,0.916632,-216.397675,92.262665,84.029846
319,2.658333,-0.011429,0.398829,0.024852,0.916617,-216.394424,92.263039,84.041862
320,2.666667,-0.011196,0.398837,0.024650,0.916622,-216.394211,92.261795,84.054802
321,2.675000,-0.010946,0.398921,0.024479,0.916593,-216.393997,92.261887,84.068268
322,2.683333,-0.010565,0.398971,0.024621,0.916572,-216.394287,92.262169,84.085144
323,2.691667,-0.009932,0.399012,0.024679,0.916560,-216.391922,92.260216,84.102165
324,2.700000,-0.009252,0.399068,0.024625,0.916544,-216.385468,92.261124,84.126236
325,2.708333,-0.008576,0.398947,0.024078,0.916618,-216.378693,92.265823,84.151855
326,2.716667,-0.006998,0.398794,0.023348,0.916717,-216.363770,92.263077,84.183426
327,2.725000,-0.005574,0.398859,0.022342,0.916723,-216.343170,92.260170,84.210999
328,2.733333,-0.004050,0.399095,0.021573,0.916647,-216.316193,92.255463,84.240051
329,2.741667,-0.002910,0.399267,0.021126,0.916587,-216.289108,92.253540,84.267899
330,2.750000,-0.001360,0.400703,0.024150,0.915889,-216.257523,92.225731,84.309532
331,2.758333,-0.000580,0.400994,0.024330,0.915757,-216.241928,92.220322,84.327911
332,2.766667,-0.000003,0.400634,0.025583,0.915881,-216.251236,92.206696,84.344673
333,2.775000,0.000337,0.400658,0.025256,0.915879,-216.249115,92.209473,84.357841
334,2.783333,0.000566,0.400639,0.024751,0.915902,-216.250198,92.216721,84.368126
335,2.791667,0.000605,0.400518,0.024414,0.915964,-216.250641,92.223473,84.375778
336,2.800000,0.000208,0.400110,0.023217,0.916173,-216.255829,92.238388,84.380356
337,2.808333,0.000347,0.399825,0.023210,0.916297,-216.256042,92.241219,84.381897
338,2.816667,0.000371,0.399756,0.023266,0.916326,-216.256134,92.242409,84.385620
339,2.825000,0.000654,0.399741,0.023390,0.916329,-216.254013,92.240486,84.391609
340,2.833333,0.000927,0.399793,0.023425,0.916306,-216.253036,92.240105,84.398598
341,2.841667,0.001197,0.399694,0.023632,0.916343,-216.252472,92.241135,84.407684
342,2.850000,0.001455,0.399643,0.023725,0.916363,-216.254425,92.242455,84.418716
343,2.858333,0.001516,0.399645,0.023800,0.916360,-216.257614,92.244934,84.428452
344,2.866667,0.001550,0.399667,0.023893,0.916348,-216.260910,92.245804,84.435890
345,2.875000,0.001465,0.399676,0.024093,0.916339,-216.265274,92.245659,84.438629
346,2.883333,0.001503,0.399634,0.024186,0.916355,-216.270828,92.244629,84.439293
347,2.891667,0.001592,0.399630,0.024232,0.916355,-216.276718,92.244507,84.435516
348,2.900000,0.001407,0.399646,0.024236,0.916348,-216.282318,92.244781,84.428368
349,2.908333,0.000921,0.399566,0.024176,0.916385,-216.288300,92.245308,84.411964
350,2.916667,0.000540,0.400223,0.024452,0.916091,-216.289047,92.238029,84.402306
351,2.925000,0.000307,0.399654,0.026419,0.916285,-216.281967,92.219383,84.358047
352,2.933333,-0.000525,0.399674,0.025886,0.916292,-216.288406,92.222816,84.334236
353,2.941667,-0.001250,0.399284,0.024104,0.916510,-216.302185,92.237526,84.315964
354,2.950000,-0.001373,0.398784,0.022675,0.916764,-216.313553,92.253822,84.305054
355,2.958333,-0.001026,0.398719,0.022051,0.916808,-216.317398,92.265839,84.303802
356,2.966667,-0.000926,0.398693,0.021781,0.916825,-216.321442,92.289993,84.323189
357,2.975000,-0.000566,0.398558,0.022137,0.916876,-216.322510,92.320465,84.346283
358,2.983333,0.001204,0.398416,0.023155,0.916912,-216.319351,92.373764,84.364113
359,2.991667,0.001542,0.398296,0.023288,0.916960,-216.303284,92.424820,84.378441
360,3.000000,0.000739,0.398128,0.023942,0.917017,-216.292358,92.486298,84.388824
361,3.008333,0.000173,0.398082,0.024196,0.917031,-216.293091,92.537697,84.397545
362,3.016667,-0.000430,0.397943,0.024137,0.917093,-216.304016,92.585640,84.406044
363,3.025000,-0.000571,0.397924,0.023884,0.917107,-216.315323,92.628708,84.424553
364,3.033333,0.000210,0.398067,0.023699,0.917050,-216.315109,92.674530,84.445633
365,3.041667,0.001451,0.398408,0.023504,0.916906,-216.309402,92.727791,84.468147
366,3.050000,0.001817,0.398606,0.023777,0.916812,-216.304321,92.782524,84.479332
367,3.058333,0.001115,0.398659,0.023431,0.916799,-216.302795,92.839500,84.490234
368,3.066667,-0.000402,0.398572,0.023164,0.916845,-216.297745,92.900070,84.495750
369,3.075000,-0.001964,0.398270,0.022971,0.916978,-216.291565,92.956360,84.493790
370,3.083333,-0.002569,0.398213,0.023126,0.916998,-216.282104,93.003342,84.494484
371,3.091667,-0.001966,0.398301,0.024226,0.916933,-216.278030,93.065102,84.496185
372,3.100000,-0.001811,0.398373,0.024393,0.916897,-216.277527,93.122696,84.500427
373,3.108333,-0.002772,0.398638,0.023676,0.916799,-216.281158,93.177994,84.506187
374,3.116667,-0.002904,0.398756,0.022857,0.916768,-216.280457,93.244644,84.504082
375,3.125000,-0.003064,0.398891,0.021711,0.916736,-216.280655,93.313606,84.506012
376,3.133333,-0.002685,0.399080,0.021164,0.916668,-216.278290,93.376572,84.511978
377,3.141667,-0.002349,0.399270,0.021456,0.916579,-216.276001,93.434464,84.513084
378,3.150000,-0.002753,0.399258,0.021868,0.916574,-216.277817,93.484184,84.511879
379,3.158333,-0.003344,0.399245,0.022247,0.916568,-216.280121,93.528046,84.518929
380,3.166667,-0.003535,0.399129,0.022475,0.916612,-216.278366,93.571671,84.526413
381,3.175000,-0.004124,0.399214,0.024389,0.916524,-216.288300,93.615547,84.535690
382,3.183333,-0.004415,0.399868,0.026221,0.916187,-216.269760,93.654472,84.541161
383,3.191667,-0.004534,0.400186,0.025690,0.916063,-216.258621,93.704338,84.547409
384,3.200000,-0.004135,0.400227,0.025018,0.916065,-216.252136,93.748123,84.558640
385,3.208333,-0.003853,0.400462,0.024759,0.915971,-216.247437,93.792366,84.568542
386,3.216667,-0.004631,0.400223,0.022162,0.916138,-216.255859,93.858963,84.568901
387,3.225000,-0.005255,0.399894,0.020421,0.916319,-216.257141,93.924240,84.563217
388,3.233333,-0.005497,0.399465,0.019709,0.916520,-216.251801,93.988708,84.559402
389,3.241667,-0.006026,0.398912,0.019013,0.916772,-216.245270,94.060791,84.551094
390,3.250000,-0.006312,0.398699,0.018837,0.916867,-216.240875,94.119492,84.546486
391,3.258333,-0.007466,0.398932,0.020192,0.916728,-216.239685,94.179291,84.543381
392,3.266667,-0.008120,0.399222,0.021202,0.916573,-216.238190,94.228745,84.539284
393,3.275000,-0.008703,0.399491,0.021347,0.916448,-216.238541,94.275558,84.535255
394,3.283333,-0.009318,0.399664,0.020824,0.916378,-216.241409,94.323257,84.529327
395,3.291667,-0.010091,0.399761,0.020013,0.916345,-216.245789,94.372200,84.522484
396,3.300000,-0.011068,0.399864,0.018997,0.916311,-216.248199,94.427551,84.515419
397,3.308333,-0.011761,0.400065,0.018851,0.916218,-216.264160,94.474045,84.520187
398,3.316667,-0.012245,0.400014,0.018464,0.916241,-216.254074,94.521210,84.511856
399,3.325000,-0.012513,0.399897,0.018023,0.916297,-216.244385,94.573807,84.506050
400,3.333333,-0.012642,0.399729,0.018023,0.916369,-216.238403,94.622459,84.500298
401,3.341667,-0.013104,0.399818,0.019055,0.916303,-216.232773,94.676025,84.497108
402,3.350000,-0.013261,0.399917,0.019489,0.916248,-216.226410,94.719971,84.497795
403,3.358333,-0.013342,0.400018,0.019386,0.916205,-216.221283,94.761520,84.500443
404,3.366667,-0.013170,0.400835,0.021145,0.915811,-216.211868,94.779945,84.509865
405,3.375000,-0.013195,0.400951,0.020566,0.915774,-216.210938,94.813026,84.506866
406,3.383333,-0.013446,0.400957,0.020413,0.915771,-216.211746,94.844383,84.501877
407,3.391667,-0.014006,0.400705,0.021263,0.915853,-216.225479,94.872612,84.498001
408,3.400000,-0.015086,0.400380,0.019063,0.916027,-216.228485,94.928017,84.486961
409,3.408333,-0.015935,0.400082,0.017476,0.916174,-216.226013,94.978920,84.474457
410,3.416667,-0.016536,0.399994,0.016390,0.916222,-216.218185,95.026619,84.464149
411,3.425000,-0.017145,0.400070,0.015376,0.916195,-216.208679,95.073357,84.451599
412,3.433333,-0.018568,0.399868,0.013939,0.916279,-216.205414,95.125488,84.436707
413,3.441667,-0.019917,0.399657,0.012548,0.916363,-216.205307,95.168976,84.419579
414,3.450000,-0.020443,0.399592,0.012210,0.916384,-216.202209,95.200615,84.416641
415,3.458333,-0.020865,0.399981,0.013397,0.916188,-216.199997,95.229759,84.414711
416,3.466667,-0.020766,0.400333,0.014445,0.916021,-216.196915,95.253860,84.416519
417,3.475000,-0.020548,0.400437,0.015027,0.915971,-216.195648,95.274475,84.420387
418,3.483333,-0.020320,0.400572,0.015496,0.915909,-216.193817,95.289871,84.425697
419,3.491667,-0.020294,0.400660,0.015853,0.915865,-216.191437,95.302238,84.429260
420,3.500000,-0.020268,0.400728,0.016035,0.915832,-216.190384,95.316376,84.436501
421,3.508333,-0.020245,0.400730,0.016299,0.915827,-216.188553,95.332939,84.445305
422,3.516667,-0.020044,0.400902,0.017767,0.915729,-216.201477,95.343033,84.460098
423,3.525000,-0.019968,0.400990,0.017533,0.915697,-216.188782,95.371994,84.457268
424,3.533333,-0.019903,0.401121,0.017122,0.915649,-216.177887,95.404373,84.454704
425,3.541667,-0.019735,0.401107,0.016410,0.915672,-216.169907,95.439308,84.451866
426,3.550000,-0.019942,0.401179,0.015766,0.915647,-216.164581,95.476952,84.447495
427,3.558333,-0.020284,0.401145,0.015310,0.915662,-216.160156,95.509216,84.443741
428,3.566667,-0.020466,0.401072,0.014845,0.915698,-216.156738,95.535950,84.437469
429,3.575000,-0.020317,0.401095,0.014610,0.915695,-216.155167,95.553955,84.433327
430,3.583333,-0.020095,0.401217,0.014471,0.915648,-216.155197,95.568542,84.431351
431,3.591667,-0.019883,0.401331,0.014511,0.915602,-216.157242,95.582268,84.431480
432,3.600000,-0.019811,0.401361,0.014781,0.915586,-216.158875,95.598732,84.432076
433,3.608333,-0.019613,0.401431,0.015087,0.915555,-216.160202,95.617142,84.432297
434,3.616667,-0.019552,0.401447,0.015209,0.915547,-216.160660,95.643059,84.431221
435,3.625000,-0.019275,0.401582,0.015147,0.915495,-216.159698,95.667603,84.426842
436,3.633333,-0.019287,0.401622,0.014968,0.915480,-216.155762,95.694504,84.427231
437,3.641667,-0.019623,0.401708,0.014766,0.915439,-216.153259,95.720543,84.427605
438,3.650000,-0.020158,0.401826,0.014598,0.915378,-216.150146,95.741035,84.426285
439,3.658333,-0.021306,0.402174,0.015301,0.915187,-216.147827,95.766808,84.424179
440,3.666667,-0.022071,0.402016,0.015879,0.915229,-216.146927,95.786629,84.428421
441,3.675000,-0.022647,0.401913,0.015872,0.915260,-216.145020,95.804504,84.432091
442,3.683333,-0.022883,0.401881,0.015904,0.915268,-216.142487,95.820251,84.432785
443,3.691667,-0.022917,0.401946,0.015584,0.915244,-216.139740,95.834206,84.430000
444,3.700000,-0.023139,0.402013,0.015519,0.915210,-216.137726,95.849922,84.428284
445,3.708333,-0.023605,0.402005,0.015448,0.915203,-216.136765,95.868942,84.424065
446,3.716667,-0.023902,0.401938,0.015333,0.915226,-216.133804,95.886818,84.418831
447,3.725000,-0.023923,0.402043,0.015364,0.915179,-216.128708,95.901855,84.413521
448,3.733333,-0.023974,0.402211,0.015188,0.915107,-216.119431,95.914368,84.410858
449,3.741667,-0.023964,0.402255,0.014964,0.915092,-216.104858,95.934227,84.407166
450,3.750000,-0.023955,0.402370,0.014800,0.915044,-216.085480,95.965172,84.399048
451,3.758333,-0.023648,0.402872,0.016342,0.914805,-216.054199,95.998726,84.393585
452,3.766667,-0.023692,0.403211,0.016307,0.914655,-216.027145,96.057564,84.387924
453,3.775000,-0.024424,0.403893,0.016352,0.914334,-216.004272,96.123581,84.380302
454,3.783333,-0.025445,0.404298,0.016015,0.914133,-215.984161,96.194366,84.372124
455,3.791667,-0.027391,0.404443,0.014760,0.914034,-215.975098,96.278641,84.354240
456,3.800000,-0.028722,0.404295,0.013153,0.914083,-215.962296,96.351974,84.334534
457,3.808333,-0.029493,0.403923,0.011281,0.914248,-215.951416,96.412216,84.314934
458,3.816667,-0.030353,0.403547,0.009629,0.914405,-215.950104,96.462250,84.301552
459,3.825000,-0.031004,0.403585,0.009381,0.914369,-215.954300,96.496246,84.297424
460,3.833333,-0.031363,0.403724,0.009788,0.914291,-215.960663,96.522926,84.298653
461,3.841667,-0.031518,0.403780,0.010187,0.914256,-215.965103,96.544861,84.295410
462,3.850000,-0.031418,0.403973,0.010478,0.914171,-215.964966,96.565193,84.292519
463,3.858333,-0.031148,0.404174,0.010669,0.914090,-215.962723,96.583389,84.287109
464,3.866667,-0.031304,0.404216,0.010666,0.914065,-215.965027,96.599365,84.280815
465,3.875000,-0.031380,0.404324,0.010900,0.914012,-215.969940,96.614594,84.275497
466,3.883333,-0.031563,0.404334,0.010931,0.914001,-215.976578,96.627708,84.269508
467,3.891667,-0.031916,0.404295,0.010821,0.914007,-215.983063,96.637428,84.263138
468,3.900000,-0.032269,0.404243,0.010615,0.914021,-215.987534,96.645470,84.258423
469,3.908333,-0.032443,0.404248,0.010638,0.914012,-215.988419,96.652992,84.256241
470,3.916667,-0.032528,0.404206,0.010611,0.914028,-215.987778,96.659050,84.255234
471,3.925000,-0.032557,0.404217,0.010505,0.914023,-215.985138,96.661789,84.252998
472,3.933333,-0.032505,0.404271,0.010454,0.914002,-215.982727,96.658676,84.255447
473,3.941667,-0.032454,0.404176,0.010360,0.914047,-215.980408,96.653763,84.261612
474,3.950000,-0.032257,0.404191,0.010520,0.914045,-215.977066,96.646454,84.268341
475,3.958333,-0.032154,0.404235,0.010766,0.914026,-215.973785,96.645409,84.272881
476,3.966667,-0.032298,0.404251,0.010823,0.914014,-215.970688,96.647987,84.273911
477,3.975000,-0.032561,0.404335,0.010681,0.913969,-215.968201,96.653679,84.272766
478,3.983333,-0.032637,0.404300,0.010552,0.913983,-215.966660,96.657166,84.271713
479,3.991667,-0.032645,0.404257,0.010363,0.914004,-215.965607,96.655663,84.271072
480,4.000000,-0.032442,0.404195,0.010283,0.914039,-215.966156,96.652534,84.272850
481,4.008333,-0.032237,0.404188,0.010292,0.914050,-215.968155,96.650986,84.273300
482,4.016667,-0.032045,0.404204,0.010329,0.914049,-215.971680,96.650093,84.270813
483,4.025000,-0.032212,0.404309,0.010444,0.913995,-215.976685,96.650116,84.265587
484,4.033333,-0.032406,0.404313,0.010567,0.913985,-215.981384,96.652443,84.261604
485,4.041667,-0.032469,0.404323,0.010599,0.913979,-215.984268,96.653870,84.258255
486,4.050000,-0.032499,0.404319,0.010578,0.913979,-215.985733,96.653915,84.255806
487,4.058333,-0.032417,0.404229,0.010600,0.914022,-215.985947,96.651352,84.256660
488,4.066667,-0.032250,0.404221,0.010505,0.914032,-215.986420,96.650299,84.257843
489,4.075000,-0.032203,0.404261,0.010612,0.914015,-215.984772,96.648689,84.258514
490,4.083333,-0.032281,0.404304,0.010582,0.913993,-215.983658,96.651352,84.260056
491,4.091667,-0.032429,0.404351,0.010591,0.913968,-215.980865,96.654366,84.261169
492,4.100000,-0.032502,0.404297,0.010548,0.913989,-215.976837,96.655235,84.263657
493,4.108333,-0.032430,0.404289,0.010561,0.913995,-215.972092,96.653160,84.266945
494,4.116667,-0.032388,0.404259,0.010556,0.914010,-215.968155,96.650108,84.271675
495,4.125000,-0.032290,0.404251,0.010436,0.914018,-215.965485,96.648300,84.275436
496,4.133333,-0.032230,0.404299,0.010447,0.913999,-215.964249,96.648438,84.275543
497,4.141667,-0.032332,0.404275,0.010507,0.914005,-215.965607,96.650520,84.274994
498,4.150000,-0.032523,0.404321,0.010526,0.913978,-215.967819,96.651360,84.272354
499,4.158333,-0.032662,0.404349,0.010550,0.913960,-215.970749,96.651642,84.269516
500,4.166667,-0.032415,0.404261,0.010646,0.914007,-215.973740,96.651802,84.268486
501,4.175000,-0.032246,0.404285,0.010584,0.914003,-215.977448,96.651276,84.265610
502,4.183333,-0.032352,0.404267,0.010577,0.914007,-215.980560,96.649757,84.262390
503,4.191667,-0.032440,0.404214,0.010464,0.914029,-215.983582,96.650864,84.260284
504,4.200000,-0.032408,0.404246,0.010540,0.914015,-215.985657,96.652100,84.257652
505,4.208333,-0.032349,0.404282,0.010680,0.914000,-215.985748,96.653625,84.256454
506,4.216667,-0.032267,0.404278,0.010600,0.914005,-215.985794,96.654808,84.256439
507,4.225000,-0.032194,0.404261,0.010437,0.914017,-215.984268,96.653358,84.257500
508,4.233333,-0.032204,0.404271,0.010497,0.914012,-215.980667,96.650879,84.258896
509,4.241667,-0.032244,0.404226,0.010388,0.914032,-215.977432,96.650513,84.262306
510,4.250000,-0.032398,0.404188,0.010325,0.914044,-215.974304,96.650398,84.264404
511,4.258333,-0.032589,0.404221,0.010290,0.914023,-215.971420,96.651421,84.266495
512,4.266667,-0.032515,0.404232,0.010418,0.914019,-215.968948,96.651581,84.269646
513,4.275000,-0.032357,0.404293,0.010433,0.913998,-215.967911,96.651443,84.272102
514,4.283333,-0.032299,0.404258,0.010444,0.914015,-215.966721,96.650726,84.274078
515,4.291667,-0.032476,0.404249,0.010380,0.914013,-215.967178,96.650787,84.273323
516,4.300000,-0.032428,0.404231,0.010366,0.914023,-215.967590,96.649979,84.272728
517,4.308333,-0.032358,0.404252,0.010372,0.914016,-215.970367,96.651230,84.271667
518,4.316667,-0.032467,0.404270,0.010521,0.914003,-215.973312,96.651260,84.267273
519,4.325000,-0.032478,0.404289,0.010564,0.913994,-215.976547,96.650429,84.264442
520,4.333333,-0.032544,0.404203,0.010553,0.914029,-215.980194,96.650658,84.262619
521,4.341667,-0.032432,0.404193,0.010548,0.914038,-215.982025,96.649643,84.259789
522,4.350000,-0.032282,0.404257,0.010473,0.914016,-215.984085,96.650269,84.258621
523,4.358333,-0.032184,0.404276,0.010593,0.914009,-215.985245,96.650917,84.258102
524,4.366667,-0.032315,0.404304,0.010618,0.913992,-215.985748,96.652161,84.257294
525,4.375000,-0.032341,0.404310,0.010684,0.913987,-215.984131,96.652481,84.258308
526,4.383333,-0.032332,0.404300,0.010560,0.913994,-215.980743,96.653488,84.259834
527,4.391667,-0.032380,0.404315,0.010477,0.913987,-215.976837,96.651489,84.261131
528,4.400000,-0.032494,0.404335,0.010469,0.913974,-215.973999,96.650734,84.264023
529,4.408333,-0.032381,0.404277,0.010472,0.914003,-215.970779,96.650856,84.267769
530,4.416667,-0.032317,0.404296,0.010449,0.913997,-215.967438,96.651390,84.269562
531,4.425000,-0.032273,0.404293,0.010384,0.914001,-215.966278,96.651352,84.271416
532,4.433333,-0.032424,0.404333,0.010397,0.913978,-215.965530,96.650299,84.272545
533,4.441667,-0.032410,0.404307,0.010527,0.913988,-215.966385,96.650429,84.273628
534,4.450000,-0.032276,0.404253,0.010441,0.914018,-215.967819,96.650169,84.273949
535,4.458333,-0.032457,0.404219,0.010431,0.914027,-215.970306,96.649170,84.270569
536,4.466667,-0.032555,0.404238,0.010543,0.914014,-215.973419,96.648956,84.267769
537,4.475000,-0.032523,0.404267,0.010497,0.914003,-215.977127,96.649788,84.265610
538,4.483333,-0.032468,0.404248,0.010492,0.914013,-215.980026,96.651024,84.262512
539,4.491667,-0.032270,0.404267,0.010537,0.914011,-215.982025,96.651665,84.260872
540,4.500000,-0.032249,0.404257,0.010599,0.914015,-215.983826,96.651794,84.258942
541,4.508333,-0.032323,0.404252,0.010435,0.914017,-215.984680,96.653000,84.257874
542,4.516667,-0.032217,0.404327,0.010606,0.913985,-215.983932,96.651886,84.257164
543,4.525000,-0.032238,0.404309,0.010655,0.913992,-215.982468,96.651917,84.258224
544,4.533333,-0.032297,0.404302,0.010640,0.913993,-215.979980,96.651001,84.260315
545,4.541667,-0.032427,0.404300,0.010508,0.913991,-215.976303,96.650696,84.261147
546,4.550000,-0.032489,0.404245,0.010451,0.914014,-215.973328,96.651299,84.263817
547,4.558333,-0.032536,0.404249,0.010475,0.914010,-215.970474,96.651146,84.266060
548,4.566667,-0.032422,0.404214,0.010358,0.914031,-215.967087,96.652153,84.270523
549,4.575000,-0.032461,0.404267,0.010245,0.914008,-215.964920,96.652504,84.271896
550,4.583333,-0.032463,0.404263,0.010228,0.914009,-215.964096,96.654366,84.272041
551,4.591667,-0.032648,0.404260,0.010261,0.914004,-215.964005,96.657387,84.272614
552,4.600000,-0.032797,0.404280,0.010351,0.913988,-215.964554,96.660774,84.273827
553,4.608333,-0.033035,0.404256,0.010324,0.913991,-215.967987,96.665939,84.274918
554,4.616667,-0.033329,0.404200,0.010348,0.914005,-215.971634,96.673355,84.274651
555,4.625000,-0.033565,0.404124,0.010325,0.914030,-215.975372,96.681259,84.274361
556,4.633333,-0.033847,0.404084,0.010336,0.914037,-215.977814,96.688751,84.276810
557,4.641667,-0.034114,0.403983,0.010308,0.914072,-215.979889,96.696907,84.282394
558,4.650000,-0.034162,0.403997,0.010273,0.914064,-215.979187,96.703133,84.289581
559,4.658333,-0.034352,0.403969,0.010130,0.914071,-215.977188,96.710388,84.301117
560,4.666667,-0.034558,0.403855,0.009956,0.914116,-215.973846,96.716705,84.313019
561,4.675000,-0.034905,0.403862,0.009768,0.914101,-215.968292,96.725632,84.326630
562,4.683333,-0.035282,0.403864,0.009518,0.914089,-215.961868,96.734558,84.340683
563,4.691667,-0.035518,0.403758,0.009310,0.914129,-215.954346,96.743492,84.356003
564,4.700000,-0.035660,0.403631,0.008722,0.914185,-215.944977,96.750999,84.372589
565,4.708333,-0.035833,0.403536,0.007969,0.914227,-215.935684,96.757561,84.389893
566,4.716667,-0.035719,0.404376,0.009519,0.913846,-215.919525,96.745323,84.418579
567,4.725000,-0.036531,0.403576,0.007714,0.914184,-215.919846,96.766106,84.431541
568,4.733333,-0.036970,0.403132,0.006502,0.914372,-215.913559,96.777550,84.447990
569,4.741667,-0.037095,0.403360,0.006077,0.914269,-215.899414,96.775192,84.472168
570,4.750000,-0.036371,0.403576,0.006412,0.914201,-215.882584,96.757973,84.497948
571,4.758333,-0.034907,0.405471,0.010863,0.913376,-215.850159,96.706322,84.554375
572,4.766667,-0.034132,0.405988,0.012661,0.913153,-215.826202,96.671089,84.604347
573,4.775000,-0.034189,0.405351,0.011064,0.913454,-215.807816,96.658966,84.642448
574,4.783333,-0.034021,0.405282,0.011103,0.913491,-215.779037,96.634071,84.676804
575,4.791667,-0.034368,0.405755,0.010915,0.913270,-215.748093,96.605103,84.713943
576,4.800000,-0.033817,0.407264,0.013262,0.912588,-215.704849,96.549675,84.762558
577,4.808333,-0.032947,0.407196,0.011376,0.912676,-215.667984,96.509811,84.814842
578,4.816667,-0.030960,0.408580,0.013447,0.912098,-215.606262,96.428650,84.897240
579,4.825000,-0.030095,0.408470,0.012302,0.912193,-215.572769,96.378868,84.950012
580,4.833333,-0.029538,0.408324,0.012100,0.912279,-215.534637,96.325851,85.007271
581,4.841667,-0.029274,0.408695,0.012678,0.912113,-215.494125,96.268509,85.074600
582,4.850000,-0.028215,0.410438,0.015270,0.911324,-215.445251,96.191010,85.155388
583,4.858333,-0.026644,0.410094,0.013405,0.911555,-215.404480,96.119514,85.221268
584,4.866667,-0.025010,0.409787,0.012638,0.911751,-215.350800,96.043747,85.296432
585,4.875000,-0.025014,0.410078,0.012473,0.911622,-215.310852,95.985794,85.358658
586,4.883333,-0.024345,0.410976,0.013484,0.911221,-215.266296,95.926926,85.432854
587,4.891667,-0.023404,0.411837,0.015370,0.910827,-215.217667,95.865021,85.512138
588,4.900000,-0.021342,0.412217,0.015216,0.910709,-215.173691,95.812065,85.585770
589,4.908333,-0.021095,0.412833,0.014103,0.910453,-215.135818,95.770638,85.648132
590,4.916667,-0.021870,0.413047,0.013386,0.910349,-215.097397,95.738152,85.704720
591,4.925000,-0.022378,0.414684,0.015686,0.909555,-215.050079,95.697334,85.781509
592,4.933333,-0.022333,0.415189,0.015659,0.909326,-215.018936,95.682312,85.839775
593,4.941667,-0.021685,0.415410,0.015793,0.909239,-214.980865,95.670395,85.897202
594,4.950000,-0.021400,0.415517,0.015824,0.909196,-214.938690,95.657356,85.955040
595,4.958333,-0.021943,0.415757,0.015634,0.909076,-214.897629,95.655167,86.014977
596,4.966667,-0.022225,0.416322,0.015701,0.908810,-214.857834,95.660744,86.073212
597,4.975000,-0.022599,0.417624,0.017681,0.908167,-214.806870,95.656975,86.147659
598,4.983333,-0.023418,0.417818,0.017039,0.908069,-214.753586,95.677803,86.218651
599,4.991667,-0.023502,0.417888,0.016514,0.908045,-214.718582,95.685966,86.298851
600,5.000000,-0.024145,0.418277,0.015251,0.907870,-214.664124,95.704803,86.352470
601,5.008333,-0.025590,0.418528,0.013686,0.907740,-214.600891,95.743462,86.409248
602,5.016667,-0.027475,0.418708,0.011832,0.907628,-214.537354,95.787674,86.463722
603,5.025000,-0.029111,0.419173,0.010861,0.907374,-214.471268,95.823181,86.518929
604,5.033333,-0.030041,0.421208,0.013197,0.906371,-214.402481,95.838425,86.593124
605,5.041667,-0.031252,0.421451,0.012240,0.906230,-214.359879,95.882210,86.650452
606,5.050000,-0.032312,0.421510,0.012100,0.906167,-214.310379,95.932510,86.716583
607,5.058333,-0.034104,0.422337,0.012664,0.905709,-214.262909,95.996552,86.782799
608,5.066667,-0.035447,0.423193,0.012613,0.905258,-214.220352,96.060074,86.837997
609,5.075000,-0.037034,0.423914,0.011982,0.904866,-214.173752,96.119461,86.883102
610,5.083333,-0.038598,0.424325,0.010897,0.904621,-214.121155,96.172485,86.925728
611,5.091667,-0.040017,0.424539,0.009708,0.904473,-214.070343,96.218750,86.974403
612,5.100000,-0.040609,0.426051,0.011411,0.903715,-214.006668,96.238495,87.041763
613,5.108333,-0.041700,0.426702,0.011441,0.903358,-213.951370,96.264862,87.099876
614,5.116667,-0.042847,0.427156,0.010111,0.903105,-213.900497,96.297516,87.150917
615,5.125000,-0.044559,0.427349,0.009046,0.902943,-213.854767,96.334763,87.204025
616,5.133333,-0.045811,0.427518,0.008679,0.902804,-213.805649,96.371773,87.257683
617,5.141667,-0.046954,0.428107,0.008251,0.902470,-213.747879,96.402534,87.307335
618,5.150000,-0.048473,0.428653,0.007099,0.902140,-213.691925,96.428894,87.350044
619,5.158333,-0.049333,0.428798,0.006114,0.902032,-213.634628,96.452621,87.390747
620,5.166667,-0.048754,0.430659,0.008665,0.901155,-213.564056,96.449608,87.458481
621,5.175000,-0.048638,0.431686,0.009371,0.900663,-213.503571,96.463051,87.516876
622,5.183333,-0.049409,0.431514,0.008994,0.900707,-213.450714,96.475914,87.562492
623,5.191667,-0.049927,0.431791,0.008727,0.900549,-213.396805,96.478897,87.603188
624,5.200000,-0.049528,0.432355,0.007637,0.900310,-213.335632,96.475029,87.639717
625,5.208333,-0.048945,0.432935,0.005988,0.900075,-213.270187,96.472214,87.678909
626,5.216667,-0.048030,0.434365,0.007834,0.899422,-213.191132,96.451164,87.737450
627,5.225000,-0.047633,0.434891,0.007929,0.899188,-213.130829,96.446739,87.779449
628,5.233333,-0.048184,0.435168,0.006927,0.899032,-213.087769,96.436165,87.818680
629,5.241667,-0.049034,0.435771,0.006425,0.898698,-213.039490,96.419044,87.860466
630,5.250000,-0.049184,0.436716,0.008415,0.898215,-212.980240,96.387932,87.909576
631,5.258333,-0.049476,0.437373,0.009394,0.897869,-212.924606,96.363922,87.953568
632,5.266667,-0.049964,0.438132,0.009845,0.897467,-212.871048,96.342239,87.988609
633,5.275000,-0.050220,0.438670,0.010043,0.897188,-212.821411,96.322144,88.021118
634,5.283333,-0.049639,0.438838,0.010484,0.897133,-212.764984,96.297989,88.067856
635,5.291667,-0.048538,0.438497,0.009446,0.897371,-212.707397,96.266708,88.121452
636,5.300000,-0.047335,0.438480,0.008696,0.897452,-212.652588,96.233383,88.162300
637,5.308333,-0.046543,0.439103,0.007976,0.897195,-212.594742,96.201340,88.195755
638,5.316667,-0.046721,0.441239,0.009249,0.896125,-212.523315,96.155228,88.252602
639,5.325000,-0.047681,0.441780,0.008525,0.895815,-212.457825,96.130539,88.289223
640,5.333333,-0.047500,0.442198,0.008346,0.895620,-212.398438,96.110550,88.325119
641,5.341667,-0.047200,0.442805,0.008580,0.895334,-212.332993,96.093018,88.358017
642,5.350000,-0.047431,0.443050,0.008782,0.895199,-212.269974,96.079620,88.386040
643,5.358333,-0.047614,0.444102,0.011134,0.894641,-212.195343,96.050934,88.428444
644,5.366667,-0.046790,0.444611,0.011396,0.894428,-212.136246,96.020409,88.470108
645,5.375000,-0.046041,0.445130,0.010906,0.894215,-212.085983,95.993782,88.506622
646,5.383333,-0.045489,0.445408,0.009631,0.894120,-212.029648,95.980522,88.544624
647,5.391667,-0.044850,0.445541,0.009257,0.894090,-211.962540,95.967583,88.584480
648,5.400000,-0.045173,0.446071,0.008222,0.893819,-211.903259,95.950165,88.622940
649,5.408333,-0.045313,0.447610,0.009298,0.893032,-211.841003,95.920990,88.669556
650,5.416667,-0.045866,0.448342,0.010055,0.892628,-211.780243,95.897079,88.710701
651,5.425000,-0.046278,0.448996,0.010927,0.892268,-211.717270,95.882797,88.749161
652,5.433333,-0.046246,0.449403,0.010783,0.892066,-211.657471,95.873955,88.783775
653,5.441667,-0.046343,0.450176,0.011158,0.891667,-211.596725,95.858780,88.813896
654,5.450000,-0.046616,0.450783,0.010560,0.891353,-211.527298,95.849319,88.846817
655,5.458333,-0.046061,0.451689,0.010838,0.890920,-211.450745,95.820694,88.895699
656,5.466667,-0.044934,0.452166,0.009604,0.890750,-211.384033,95.798164,88.931152
657,5.475000,-0.044605,0.453093,0.010229,0.890288,-211.324692,95.773529,88.964859
658,5.483333,-0.044330,0.453515,0.009986,0.890090,-211.262634,95.761162,89.005020
659,5.491667,-0.043806,0.453427,0.010184,0.890158,-211.194305,95.753143,89.039406
660,5.500000,-0.044864,0.454037,0.009644,0.889800,-211.131027,95.745667,89.073067
661,5.508333,-0.045945,0.455671,0.011125,0.888892,-211.056351,95.719360,89.116982
662,5.516667,-0.046420,0.456633,0.011176,0.888373,-210.988617,95.703888,89.146774
663,5.525000,-0.046340,0.457178,0.011394,0.888094,-210.924011,95.685593,89.176895
664,5.533333,-0.045507,0.457622,0.011499,0.887907,-210.856293,95.666893,89.216660
665,5.541667,-0.045513,0.457845,0.011905,0.887786,-210.793091,95.649216,89.250511
666,5.550000,-0.045713,0.459076,0.013309,0.887121,-210.723877,95.626846,89.287270
667,5.558333,-0.045458,0.459509,0.012426,0.886922,-210.657196,95.616875,89.318207
668,5.566667,-0.044738,0.459896,0.012069,0.886763,-210.584763,95.597069,89.353676
669,5.575000,-0.044246,0.460064,0.011230,0.886711,-210.513718,95.586357,89.387131
670,5.583333,-0.044825,0.460076,0.009746,0.886694,-210.447052,95.591248,89.411201
671,5.591667,-0.045037,0.460268,0.010258,0.886578,-210.392334,95.583710,89.437904
672,5.600000,-0.044924,0.462326,0.012551,0.885482,-210.307068,95.544174,89.482956
673,5.608333,-0.045519,0.463554,0.012559,0.884810,-210.224487,95.521088,89.531364
674,5.616667,-0.045244,0.464355,0.013327,0.884392,-210.148926,95.502663,89.570877
675,5.625000,-0.045379,0.464940,0.013412,0.884077,-210.083954,95.494202,89.601372
676,5.633333,-0.045868,0.465043,0.011592,0.884023,-210.031555,95.503387,89.620461
677,5.641667,-0.047344,0.465321,0.010647,0.883811,-209.964493,95.507904,89.639656
678,5.650000,-0.048324,0.466551,0.011811,0.883094,-209.887512,95.498222,89.668991
679,5.658333,-0.048586,0.466028,0.010238,0.883376,-209.823441,95.493729,89.692360
680,5.666667,-0.048229,0.466395,0.009354,0.883211,-209.760147,95.481667,89.709145
681,5.675000,-0.045317,0.468661,0.012555,0.882126,-209.670776,95.422592,89.767273
682,5.683333,-0.042682,0.469031,0.013818,0.882042,-209.612411,95.379295,89.837250
683,5.691667,-0.041548,0.469236,0.013717,0.881988,-209.530563,95.358139,89.862236
684,5.700000,-0.041494,0.471441,0.015856,0.880778,-209.444901,95.316017,89.900345
685,5.708333,-0.042418,0.472664,0.015279,0.880089,-209.380051,95.302109,89.927254
686,5.716667,-0.043667,0.472912,0.014853,0.879902,-209.313278,95.294121,89.953842
687,5.725000,-0.044533,0.473330,0.015193,0.879628,-209.236389,95.281921,89.984039
688,5.733333,-0.045282,0.473574,0.014148,0.879476,-209.165710,95.289436,90.012779
689,5.741667,-0.045208,0.474082,0.014549,0.879199,-209.095383,95.280205,90.039673
690,5.750000,-0.044350,0.475308,0.016743,0.878541,-209.012390,95.245392,90.073044
691,5.758333,-0.043465,0.475887,0.016543,0.878276,-208.935135,95.223434,90.109474
692,5.766667,-0.042750,0.476156,0.015614,0.878182,-208.863739,95.204155,90.138870
693,5.775000,-0.042157,0.476969,0.015507,0.877772,-208.798050,95.185646,90.163620
694,5.783333,-0.041791,0.477853,0.015963,0.877300,-208.720215,95.171700,90.197418
695,5.791667,-0.042248,0.477658,0.014345,0.877412,-208.653778,95.179329,90.218491
696,5.800000,-0.043851,0.478697,0.014819,0.876759,-208.576385,95.162560,90.250145
697,5.808333,-0.044495,0.479506,0.015304,0.876276,-208.503967,95.148178,90.281555
698,5.816667,-0.044934,0.480695,0.015912,0.875591,-208.437164,95.131256,90.306244
699,5.825000,-0.045047,0.481422,0.015818,0.875188,-208.369476,95.114632,90.324646
700,5.833333,-0.044853,0.481973,0.016569,0.874880,-208.295441,95.091370,90.347412
701,5.841667,-0.044538,0.482920,0.017680,0.874352,-208.212326,95.066856,90.381851
702,5.850000,-0.044928,0.483332,0.017360,0.874111,-208.140488,95.058136,90.406311
703,5.858333,-0.044758,0.483754,0.016063,0.873911,-208.062622,95.050514,90.433655
704,5.866667,-0.044432,0.484591,0.015381,0.873477,-207.979660,95.038742,90.460907
705,5.875000,-0.044267,0.485370,0.015006,0.873059,-207.903366,95.027740,90.486702
706,5.883333,-0.044558,0.485650,0.014732,0.872893,-207.829865,95.011917,90.513191
707,5.891667,-0.043298,0.486685,0.016588,0.872346,-207.746155,94.974121,90.555069
708,5.900000,-0.043581,0.487270,0.016904,0.872000,-207.683609,94.960922,90.578682
709,5.908333,-0.044345,0.487494,0.016627,0.871841,-207.618530,94.958664,90.595284
710,5.916667,-0.045008,0.487903,0.016087,0.871588,-207.545502,94.955765,90.609055
711,5.925000,-0.045583,0.488445,0.015895,0.871259,-207.467148,94.953621,90.632889
712,5.933333,-0.046323,0.489078,0.015586,0.870870,-207.398743,94.949745,90.656975
713,5.941667,-0.043819,0.490839,0.017700,0.869968,-207.312943,94.908432,90.711739
714,5.950000,-0.044350,0.491355,0.017961,0.869644,-207.247086,94.906204,90.723038
715,5.958333,-0.045690,0.491562,0.017742,0.869462,-207.174927,94.904808,90.732948
716,5.966667,-0.045966,0.491325,0.015830,0.869619,-207.103149,94.900269,90.742233
717,5.975000,-0.045540,0.492085,0.014912,0.869227,-207.025558,94.889297,90.757164
718,5.983333,-0.045489,0.493150,0.014425,0.868635,-206.949478,94.885155,90.780357
719,5.991667,-0.042169,0.495371,0.017694,0.867477,-206.844711,94.837814,90.848991
720,6.000000,-0.042115,0.495141,0.016966,0.867626,-206.765411,94.836380,90.867905
721,6.008333,-0.043399,0.495484,0.016637,0.867373,-206.701523,94.824554,90.888664
722,6.016667,-0.044935,0.496513,0.015981,0.866718,-206.638367,94.816528,90.901154
723,6.025000,-0.046486,0.496894,0.014872,0.866438,-206.565567,94.820251,90.899757
724,6.033333,-0.046797,0.497443,0.014471,0.866113,-206.481903,94.816032,90.910599
725,6.041667,-0.043482,0.499319,0.018239,0.865134,-206.371887,94.761429,90.979393
726,6.050000,-0.043288,0.500004,0.019549,0.864720,-206.292770,94.745270,91.010941
727,6.058333,-0.043532,0.500328,0.019362,0.864524,-206.231598,94.735046,91.027748
728,6.066667,-0.043108,0.501015,0.019673,0.864140,-206.160919,94.717102,91.048935
729,6.075000,-0.041836,0.501787,0.019743,0.863753,-206.077118,94.696960,91.072121
730,6.083333,-0.041986,0.502186,0.018412,0.863544,-205.995651,94.694824,91.087868
731,6.091667,-0.041570,0.502881,0.018209,0.863164,-205.912857,94.683189,91.105293
732,6.100000,-0.041198,0.503914,0.019202,0.862557,-205.826950,94.666603,91.124901
733,6.108333,-0.041159,0.504571,0.019265,0.862173,-205.752151,94.657120,91.139977
734,6.116667,-0.042326,0.505004,0.018335,0.861883,-205.681396,94.643822,91.157127
735,6.125000,-0.042441,0.505663,0.017999,0.861499,-205.606430,94.629555,91.177399
736,6.133333,-0.042561,0.506615,0.017744,0.860938,-205.529068,94.618484,91.199783
737,6.141667,-0.041735,0.507890,0.018198,0.860218,-205.439285,94.599632,91.218987
738,6.150000,-0.042684,0.508103,0.018494,0.860039,-205.361206,94.596832,91.230545
739,6.158333,-0.043117,0.508852,0.019616,0.859550,-205.280762,94.581619,91.251122
740,6.166667,-0.043950,0.508883,0.020076,0.859479,-205.203491,94.572273,91.269562
741,6.175000,-0.044455,0.509260,0.019729,0.859237,-205.125763,94.566605,91.284042
742,6.183333,-0.044543,0.510114,0.018093,0.858762,-205.038742,94.563248,91.295120
743,6.191667,-0.044410,0.511256,0.017129,0.858109,-204.956985,94.558319,91.303047
744,6.200000,-0.040611,0.512847,0.019475,0.857298,-204.855042,94.518211,91.344994
745,6.208333,-0.039804,0.513054,0.019338,0.857215,-204.775650,94.507874,91.366753
746,6.216667,-0.039575,0.513402,0.020064,0.857001,-204.690979,94.487587,91.392273
747,6.225000,-0.041129,0.513995,0.019682,0.856580,-204.619339,94.474388,91.407219
748,6.233333,-0.042468,0.514851,0.018623,0.856025,-204.547165,94.470139,91.416328
749,6.241667,-0.043049,0.515437,0.018401,0.855647,-204.459671,94.466553,91.432610
750,6.250000,-0.041542,0.516687,0.019810,0.854936,-204.366470,94.443840,91.467308
751,6.258333,-0.041333,0.517265,0.020446,0.854582,-204.285980,94.437126,91.495872
752,6.266667,-0.041418,0.517702,0.020873,0.854303,-204.216934,94.432487,91.506310
753,6.275000,-0.041386,0.518804,0.021962,0.853608,-204.142639,94.419800,91.512688
754,6.283333,-0.042189,0.519433,0.022012,0.853185,-204.062988,94.410889,91.524574
755,6.291667,-0.041974,0.520374,0.022371,0.852613,-203.967499,94.398758,91.538490
756,6.300000,-0.041402,0.520669,0.020977,0.852496,-203.880280,94.387939,91.552597
757,6.308333,-0.041096,0.521416,0.020706,0.852061,-203.803177,94.371902,91.567009
758,6.316667,-0.040982,0.522328,0.021541,0.851487,-203.726501,94.355652,91.577568
759,6.325000,-0.041679,0.522862,0.021256,0.851132,-203.648499,94.333305,91.587349
760,6.333333,-0.041866,0.523204,0.020272,0.850937,-203.566071,94.317123,91.601433
761,6.341667,-0.041183,0.524085,0.020426,0.850424,-203.470200,94.288361,91.620445
762,6.350000,-0.041440,0.525100,0.020466,0.849784,-203.393967,94.276756,91.634026
763,6.358333,-0.041909,0.525493,0.020718,0.849513,-203.323013,94.273087,91.640923
764,6.366667,-0.042270,0.526031,0.021644,0.849138,-203.253265,94.267365,91.639519
765,6.375000,-0.042314,0.527035,0.022291,0.848497,-203.174561,94.256889,91.637329
766,6.383333,-0.041891,0.527939,0.022023,0.847962,-203.089523,94.252144,91.634544
767,6.391667,-0.042131,0.528282,0.021640,0.847747,-203.018646,94.253998,91.631905
768,6.400000,-0.043042,0.528605,0.020994,0.847516,-202.954361,94.257874,91.628731
769,6.408333,-0.043348,0.529009,0.021103,0.847245,-202.893967,94.255821,91.627319
770,6.416667,-0.043353,0.529405,0.021862,0.846979,-202.831604,94.252548,91.622284
771,6.425000,-0.043089,0.530036,0.022192,0.846589,-202.767349,94.249321,91.616463
772,6.433333,-0.042901,0.530922,0.022127,0.846044,-202.707855,94.248299,91.608826
773,6.441667,-0.042721,0.531784,0.022269,0.845508,-202.650864,94.244781,91.600479
774,6.450000,-0.042606,0.532318,0.022283,0.845178,-202.596527,94.240318,91.594345
775,6.458333,-0.043174,0.532614,0.022452,0.844958,-202.542496,94.237953,91.584686
776,6.466667,-0.044253,0.532954,0.022586,0.844684,-202.488449,94.224426,91.578720
777,6.475000,-0.043877,0.533266,0.021934,0.844524,-202.431396,94.202293,91.574738
778,6.483333,-0.043406,0.534003,0.021832,0.844086,-202.375488,94.183098,91.567680
779,6.491667,-0.043036,0.534692,0.021976,0.843664,-202.317139,94.165710,91.562050
780,6.500000,-0.042485,0.535041,0.021632,0.843480,-202.258545,94.148499,91.561646
781,6.508333,-0.041795,0.535231,0.021367,0.843400,-202.207153,94.135895,91.555817
782,6.516667,-0.041306,0.535376,0.021277,0.843335,-202.162247,94.117432,91.543892
783,6.525000,-0.040729,0.535651,0.021358,0.843186,-202.115295,94.087685,91.528763
784,6.533333,-0.040517,0.536340,0.021780,0.842748,-202.066895,94.054817,91.515106
785,6.541667,-0.040624,0.537050,0.022087,0.842282,-202.023666,94.022583,91.505173
786,6.550000,-0.040716,0.537770,0.022299,0.841812,-201.982147,93.986061,91.493484
787,6.558333,-0.040879,0.538485,0.022581,0.841340,-201.938385,93.950058,91.480499
788,6.566667,-0.040263,0.539036,0.022762,0.841012,-201.887589,93.915054,91.471237
789,6.575000,-0.039586,0.539367,0.023320,0.840816,-201.840851,93.887718,91.459610
790,6.583333,-0.038730,0.539594,0.023977,0.840692,-201.796082,93.861702,91.444305
791,6.591667,-0.038431,0.539846,0.024084,0.840541,-201.753906,93.840271,91.427353
792,6.600000,-0.038266,0.540147,0.024194,0.840352,-201.713013,93.817398,91.414001
793,6.608333,-0.038506,0.540325,0.023482,0.840247,-201.671005,93.775574,91.410233
794,6.616667,-0.038042,0.540648,0.023069,0.840072,-201.632309,93.737450,91.411591
795,6.625000,-0.036894,0.541176,0.023061,0.839783,-201.584717,93.690643,91.410713
796,6.633333,-0.035300,0.541752,0.023680,0.839463,-201.533539,93.643921,91.406265
797,6.641667,-0.034401,0.542297,0.024094,0.839137,-201.486618,93.600586,91.394676
798,6.650000,-0.034061,0.542864,0.024137,0.838783,-201.441574,93.556587,91.382576
799,6.658333,-0.033740,0.543241,0.024332,0.838546,-201.399780,93.510239,91.375633
800,6.666667,-0.033507,0.543473,0.024669,0.838395,-201.353699,93.460693,91.375664
801,6.675000,-0.032908,0.543962,0.025104,0.838088,-201.299240,93.410446,91.382347
802,6.683333,-0.031712,0.544459,0.025008,0.837814,-201.242371,93.363098,91.390198
803,6.691667,-0.030388,0.544741,0.025107,0.837677,-201.187988,93.319199,91.390358
804,6.700000,-0.029286,0.544932,0.024744,0.837603,-201.141235,93.286774,91.389435
805,6.708333,-0.028708,0.545119,0.025686,0.837474,-201.092056,93.252563,91.382889
806,6.716667,-0.028134,0.545390,0.025986,0.837307,-201.043945,93.228989,91.382736
807,6.725000,-0.027376,0.545795,0.026001,0.837068,-200.992447,93.213829,91.380333
808,6.733333,-0.026681,0.546131,0.026063,0.836869,-200.943161,93.205032,91.374794
809,6.741667,-0.026389,0.546589,0.026543,0.836564,-200.892288,93.200516,91.374359
810,6.750000,-0.026715,0.546894,0.025110,0.836399,-200.842453,93.208740,91.373169
811,6.758333,-0.026348,0.547576,0.025181,0.835962,-200.783661,93.205536,91.375694
812,6.766667,-0.026106,0.548249,0.025738,0.835511,-200.732239,93.199944,91.376389
813,6.775000,-0.028083,0.548807,0.025558,0.835087,-200.685043,93.190849,91.383423
814,6.783333,-0.028749,0.549350,0.025554,0.834707,-200.637146,93.191788,91.392365
815,6.791667,-0.029345,0.549733,0.025237,0.834443,-200.589340,93.201508,91.397392
816,6.800000,-0.030057,0.550173,0.024970,0.834136,-200.537079,93.218925,91.399483
817,6.808333,-0.030347,0.550625,0.024711,0.833835,-200.483246,93.238037,91.399933
818,6.816667,-0.030812,0.550800,0.024701,0.833703,-200.429367,93.260506,91.400887
819,6.825000,-0.031376,0.551023,0.024841,0.833530,-200.373627,93.284622,91.401817
820,6.833333,-0.031415,0.551555,0.024943,0.833174,-200.321777,93.295174,91.403328
821,6.841667,-0.031440,0.552191,0.024907,0.832752,-200.271439,93.301567,91.407417
822,6.850000,-0.031388,0.552628,0.024844,0.832466,-200.219986,93.311348,91.412727
823,6.858333,-0.031801,0.552980,0.024723,0.832220,-200.170166,93.322105,91.414909
824,6.866667,-0.032318,0.553168,0.024886,0.832071,-200.121445,93.335159,91.417961
825,6.875000,-0.032644,0.553538,0.024918,0.831811,-200.073105,93.342751,91.416840
826,6.883333,-0.032509,0.553949,0.024972,0.831541,-200.020859,93.347374,91.416840
827,6.891667,-0.033134,0.554169,0.024095,0.831396,-199.971268,93.358078,91.411720
828,6.900000,-0.033199,0.554726,0.023824,0.831029,-199.921402,93.356163,91.407082
829,6.908333,-0.033286,0.555309,0.023635,0.830641,-199.871445,93.350029,91.404327
830,6.916667,-0.033263,0.555884,0.023172,0.830271,-199.823944,93.344032,91.400597
831,6.925000,-0.033548,0.556344,0.022946,0.829957,-199.775604,93.336510,91.399559
832,6.933333,-0.033821,0.556515,0.022887,0.829834,-199.729904,93.334023,91.396812
833,6.941667,-0.034314,0.556646,0.022999,0.829722,-199.685562,93.335747,91.394997
834,6.950000,-0.034532,0.556843,0.023139,0.829577,-199.636215,93.334404,91.391678
835,6.958333,-0.034545,0.557205,0.022673,0.829347,-199.587112,93.336136,91.387070
836,6.966667,-0.034511,0.557575,0.022357,0.829108,-199.538864,93.333832,91.382622
837,6.975000,-0.033882,0.557731,0.021870,0.829041,-199.491470,93.324127,91.384186
838,6.983333,-0.032969,0.558137,0.021871,0.828805,-199.441071,93.312019,91.384003
839,6.991667,-0.032871,0.558335,0.021655,0.828681,-199.400879,93.304138,91.380157
840,7.000000,-0.034073,0.558591,0.021259,0.828471,-199.363068,93.287933,91.376442
841,7.008333,-0.034667,0.558742,0.020055,0.828374,-199.324448,93.271751,91.370842
842,7.016667,-0.034747,0.558871,0.019314,0.828301,-199.283676,93.260170,91.360641
843,7.025000,-0.034699,0.559017,0.019072,0.828210,-199.241821,93.255379,91.349915
844,7.033333,-0.034596,0.559427,0.019050,0.827938,-199.201340,93.251740,91.335640
845,7.041667,-0.032299,0.561686,0.024755,0.826349,-199.132355,93.191994,91.356247
846,7.050000,-0.032318,0.562150,0.025020,0.826025,-199.090164,93.181435,91.346474
847,7.058333,-0.030939,0.562510,0.025832,0.825807,-199.055481,93.172066,91.337334
848,7.066667,-0.031718,0.562811,0.026040,0.825566,-199.023682,93.153061,91.332893
849,7.075000,-0.032336,0.563250,0.026075,0.825242,-198.993546,93.134018,91.330254
850,7.083333,-0.032017,0.563682,0.026355,0.824950,-198.958832,93.114296,91.328415
851,7.091667,-0.031378,0.564050,0.026640,0.824714,-198.921585,93.096695,91.327614
852,7.100000,-0.031133,0.564262,0.026639,0.824578,-198.880081,93.076546,91.324524
853,7.108333,-0.030929,0.564511,0.026467,0.824421,-198.834915,93.048561,91.318230
854,7.116667,-0.030605,0.564611,0.026126,0.824376,-198.784286,93.015297,91.314301
855,7.125000,-0.029726,0.565100,0.026542,0.824059,-198.730804,92.974594,91.303566
856,7.133333,-0.028288,0.565524,0.026236,0.823829,-198.675903,92.928627,91.298325
857,7.141667,-0.027027,0.566334,0.026346,0.823311,-198.616516,92.881699,91.280746
858,7.150000,-0.027252,0.567293,0.026299,0.822645,-198.551239,92.823502,91.253464
859,7.158333,-0.027458,0.567864,0.025773,0.822260,-198.484360,92.775047,91.227043
860,7.166667,-0.027137,0.568087,0.026093,0.822107,-198.407700,92.728477,91.193810
861,7.175000,-0.025178,0.568873,0.027804,0.821569,-198.322906,92.680481,91.156113
862,7.183333,-0.025631,0.569938,0.028605,0.820789,-198.234314,92.628082,91.117050
863,7.191667,-0.025520,0.571278,0.028394,0.819868,-198.142670,92.585007,91.082802
864,7.200000,-0.024873,0.572305,0.028132,0.819181,-198.038101,92.548416,91.037186
865,7.208333,-0.024703,0.572775,0.028446,0.818846,-197.938034,92.532211,90.993484
866,7.216667,-0.024820,0.573506,0.028645,0.818324,-197.845474,92.519875,90.952278
867,7.225000,-0.024410,0.574436,0.028606,0.817685,-197.737610,92.511703,90.898354
868,7.233333,-0.023911,0.575799,0.027905,0.816765,-197.624619,92.505844,90.853729
869,7.241667,-0.023703,0.576875,0.027848,0.816013,-197.531677,92.497940,90.809021
870,7.250000,-0.023532,0.577841,0.028666,0.815306,-197.434296,92.493553,90.768883
871,7.258333,-0.023660,0.578466,0.028755,0.814856,-197.345444,92.504356,90.724327
872,7.266667,-0.023549,0.579376,0.027860,0.814244,-197.265640,92.513908,90.688896
873,7.275000,-0.024711,0.580234,0.027398,0.813614,-197.185089,92.517891,90.646049
874,7.283333,-0.025167,0.580753,0.027237,0.813235,-197.109024,92.525421,90.611000
875,7.291667,-0.024339,0.580960,0.026671,0.813131,-197.042267,92.528214,90.585037
876,7.300000,-0.023402,0.581399,0.026492,0.812850,-196.978897,92.521828,90.558548
877,7.308333,-0.022385,0.581985,0.026246,0.812468,-196.921463,92.508713,90.530235
878,7.316667,-0.022388,0.582540,0.025415,0.812096,-196.874466,92.501419,90.502281
879,7.325000,-0.022801,0.583079,0.024437,0.811728,-196.837128,92.506020,90.478027
880,7.333333,-0.023188,0.583438,0.023433,0.811488,-196.806564,92.518204,90.454926
881,7.341667,-0.024079,0.583791,0.022459,0.811236,-196.778427,92.528145,90.430061
882,7.350000,-0.025746,0.584003,0.021166,0.811067,-196.759552,92.530357,90.396729
883,7.358333,-0.025206,0.584096,0.021322,0.811013,-196.737579,92.485512,90.366867
884,7.366667,-0.027443,0.583660,0.019713,0.811294,-196.733994,92.414520,90.335243
885,7.375000,-0.028295,0.583614,0.018309,0.811332,-196.731522,92.310280,90.296837
886,7.383333,-0.028483,0.583000,0.017531,0.811784,-196.743958,92.285225,90.287529
887,7.391667,-0.028869,0.582314,0.017090,0.812271,-196.750153,92.289825,90.298218
888,7.400000,-0.029090,0.581952,0.017102,0.812523,-196.767303,92.297043,90.320320
889,7.408333,-0.026070,0.581689,0.018798,0.812776,-196.793655,92.300804,90.363655
890,7.416667,-0.024556,0.581623,0.021075,0.812815,-196.814590,92.298653,90.401207
891,7.425000,-0.023879,0.581456,0.022637,0.812912,-196.829605,92.293259,90.437889
892,7.433333,-0.022964,0.581263,0.023638,0.813048,-196.836990,92.287048,90.479683
893,7.441667,-0.021846,0.581219,0.024227,0.813093,-196.839859,92.285034,90.531219
894,7.450000,-0.022119,0.580688,0.024451,0.813458,-196.839645,92.274841,90.589233
895,7.458333,-0.021165,0.579921,0.025001,0.814014,-196.828598,92.270508,90.652740
896,7.466667,-0.019380,0.578943,0.025648,0.814734,-196.806366,92.269333,90.712341
897,7.475000,-0.016664,0.578142,0.026241,0.815344,-196.770142,92.265739,90.782104
898,7.483333,-0.013462,0.577423,0.026295,0.815911,-196.717377,92.254372,90.863388
899,7.491667,-0.010731,0.576448,0.025566,0.816663,-196.663116,92.239876,90.943207
900,7.500000,-0.007884,0.575961,0.025066,0.817055,-196.594055,92.230804,91.039436
901,7.508333,-0.004589,0.576386,0.024968,0.816783,-196.521347,92.227257,91.138290
902,7.516667,-0.001350,0.577332,0.024872,0.816130,-196.457596,92.232704,91.220001
903,7.525000,0.002219,0.578859,0.025213,0.815035,-196.380966,92.235497,91.301979
904,7.533333,0.004195,0.580100,0.024406,0.814169,-196.318436,92.253296,91.363899
905,7.541667,0.006151,0.581711,0.025035,0.812987,-196.265915,92.253128,91.424820
906,7.550000,0.007194,0.583374,0.024905,0.811790,-196.237122,92.252197,91.479401
907,7.558333,0.008058,0.585509,0.024950,0.810242,-196.229477,92.253815,91.530861
908,7.566667,0.008225,0.587692,0.025044,0.808655,-196.246643,92.258347,91.577866
909,7.575000,0.009043,0.589671,0.026822,0.807147,-196.263382,92.262375,91.616463
910,7.583333,0.009850,0.591486,0.027454,0.805787,-196.283157,92.265320,91.642990
911,7.591667,0.010152,0.593437,0.027989,0.804330,-196.300919,92.260811,91.657433
912,7.600000,0.010028,0.595336,0.028257,0.802918,-196.316544,92.255524,91.660095
913,7.608333,0.009909,0.597003,0.027758,0.801697,-196.329529,92.253868,91.650383
914,7.616667,0.009808,0.598790,0.027289,0.800381,-196.343384,92.256989,91.626328
915,7.625000,0.009044,0.600191,0.026587,0.799363,-196.355453,92.260147,91.595337
916,7.633333,0.007685,0.601878,0.026187,0.798121,-196.373108,92.258759,91.552391
917,7.641667,0.005879,0.603275,0.025834,0.797093,-196.388565,92.249710,91.496346
918,7.650000,0.003859,0.604545,0.025217,0.796163,-196.403046,92.240456,91.414078
919,7.658333,0.001494,0.605535,0.024580,0.795438,-196.419266,92.233925,91.331192
920,7.666667,-0.001154,0.606872,0.023285,0.794458,-196.459915,92.231689,91.246735
921,7.675000,-0.002346,0.608292,0.022581,0.793389,-196.516953,92.242546,91.154739
922,7.683333,-0.006737,0.608944,0.022721,0.792859,-196.569458,92.247948,91.057564
923,7.691667,-0.009479,0.609766,0.023123,0.792188,-196.620789,92.255127,90.968040
924,7.700000,-0.012803,0.610138,0.022335,0.791877,-196.660080,92.264343,90.888039
925,7.708333,-0.016175,0.610280,0.020496,0.791755,-196.695023,92.280754,90.816177
926,7.716667,-0.016850,0.610831,0.020838,0.791308,-196.719177,92.269478,90.770218
927,7.725000,-0.016684,0.611045,0.021362,0.791132,-196.741348,92.271378,90.728912
928,7.733333,-0.016451,0.611071,0.022099,0.791097,-196.758896,92.265747,90.693336
929,7.741667,-0.016565,0.610956,0.022453,0.791173,-196.777527,92.260674,90.667778
930,7.750000,-0.017049,0.610838,0.022438,0.791254,-196.790802,92.256233,90.652054
931,7.758333,-0.018028,0.610745,0.021882,0.791320,-196.798828,92.264046,90.648552
932,7.766667,-0.018564,0.610758,0.021532,0.791307,-196.797150,92.269257,90.654655
933,7.775000,-0.018144,0.610899,0.021756,0.791202,-196.791550,92.271004,90.669090
934,7.783333,-0.017437,0.610974,0.022058,0.791151,-196.780746,92.269485,90.689331
935,7.791667,-0.015594,0.610914,0.022517,0.791223,-196.759369,92.261543,90.719551
936,7.800000,-0.015101,0.610662,0.022641,0.791423,-196.740814,92.244629,90.754128
937,7.808333,-0.013548,0.610397,0.022760,0.791653,-196.715851,92.239014,90.797638
938,7.816667,-0.012978,0.610109,0.022234,0.791899,-196.687241,92.253967,90.869049
939,7.825000,-0.010610,0.610710,0.023339,0.791439,-196.649414,92.249199,90.938995
940,7.833333,-0.008300,0.610794,0.023718,0.791390,-196.607864,92.245491,91.016296
941,7.841667,-0.004475,0.610397,0.024138,0.791716,-196.558411,92.248878,91.099144
942,7.850000,-0.003008,0.610071,0.024193,0.791972,-196.492279,92.229301,91.187920
943,7.858333,-0.000592,0.609815,0.023701,0.792189,-196.435913,92.228477,91.263542
944,7.866667,0.001866,0.609427,0.023811,0.792482,-196.392853,92.228508,91.328316
945,7.875000,0.004382,0.609183,0.024690,0.792633,-196.367340,92.230537,91.396248
946,7.883333,0.006665,0.609212,0.025617,0.792566,-196.359070,92.233849,91.455681
947,7.891667,0.008302,0.609445,0.026525,0.792341,-196.352615,92.234711,91.503784
948,7.900000,0.008362,0.610057,0.026244,0.791879,-196.331161,92.244812,91.544327
949,7.908333,0.008671,0.609894,0.025961,0.792010,-196.322372,92.250893,91.557343
950,7.916667,0.008431,0.609668,0.025178,0.792212,-196.319794,92.260010,91.565620
951,7.925000,0.008225,0.609239,0.024660,0.792561,-196.322357,92.260216,91.553169
952,7.933333,0.008712,0.609444,0.025094,0.792384,-196.315903,92.250488,91.543739
953,7.941667,0.008245,0.609581,0.024979,0.792287,-196.315399,92.247704,91.518639
954,7.950000,0.007134,0.609857,0.024553,0.792099,-196.329086,92.249969,91.488190
955,7.958333,0.005231,0.610084,0.024466,0.791942,-196.358276,92.249092,91.452103
956,7.966667,0.003265,0.610284,0.024658,0.791793,-196.398621,92.245705,91.405869
957,7.975000,0.001031,0.610573,0.024749,0.791572,-196.442825,92.237267,91.345016
958,7.983333,-0.001086,0.611404,0.025270,0.790914,-196.484253,92.228279,91.273857
959,7.991667,-0.003532,0.611869,0.024631,0.790568,-196.520615,92.227463,91.198418
960,8.000000,-0.006703,0.612127,0.023962,0.790368,-196.560974,92.237038,91.101387
961,8.008333,-0.006851,0.612703,0.023322,0.789939,-196.593338,92.256699,91.012276
962,8.016667,-0.009758,0.612994,0.022558,0.789705,-196.609863,92.255836,90.937920
963,8.025000,-0.012228,0.612906,0.021280,0.789774,-196.628815,92.258125,90.872704
964,8.033333,-0.013917,0.612750,0.020214,0.789896,-196.653229,92.263206,90.815247
965,8.041667,-0.015216,0.612909,0.019783,0.789759,-196.677856,92.268166,90.773506
966,8.050000,-0.016418,0.613255,0.020064,0.789459,-196.700378,92.269669,90.751038
967,8.058333,-0.017527,0.613482,0.020472,0.789249,-196.722122,92.271767,90.737625
968,8.066667,-0.018076,0.613566,0.020913,0.789159,-196.745438,92.271652,90.739426
969,8.075000,-0.018022,0.613458,0.021671,0.789224,-196.766830,92.270752,90.750725
970,8.083333,-0.017936,0.613165,0.022566,0.789429,-196.781464,92.269325,90.767715
971,8.091667,-0.017289,0.612881,0.023018,0.789651,-196.787018,92.268288,90.788597
972,8.100000,-0.016676,0.612436,0.023327,0.790000,-196.779770,92.266113,90.815994
973,8.108333,-0.015091,0.612173,0.023451,0.790232,-196.757599,92.262299,90.850243
974,8.116667,-0.011148,0.612330,0.023724,0.790167,-196.719604,92.266052,90.895775
975,8.125000,-0.008553,0.612205,0.023622,0.790300,-196.673553,92.264061,90.942108
976,8.133333,-0.006575,0.612081,0.023305,0.790424,-196.620483,92.263390,90.995995
977,8.141667,-0.004443,0.611674,0.023246,0.790756,-196.566635,92.259995,91.060349
978,8.150000,-0.001868,0.611429,0.023550,0.790947,-196.501785,92.246506,91.149727
979,8.158333,-0.001846,0.611470,0.023338,0.790921,-196.448669,92.235603,91.221718
980,8.166667,-0.000089,0.611167,0.022740,0.791175,-196.411880,92.238464,91.286560
981,8.175000,0.001877,0.610899,0.023067,0.791370,-196.386261,92.240334,91.350975
982,8.183333,0.003466,0.610789,0.024281,0.791414,-196.382355,92.244789,91.414169
983,8.191667,0.005392,0.610789,0.025404,0.791367,-196.388611,92.250801,91.464653
984,8.200000,0.006270,0.611003,0.026315,0.791166,-196.395416,92.250984,91.505119
985,8.208333,0.005666,0.611697,0.026249,0.790636,-196.390472,92.260788,91.526817
986,8.216667,0.005117,0.611986,0.026403,0.790411,-196.396439,92.262741,91.537758
987,8.225000,0.004902,0.612082,0.026299,0.790342,-196.404694,92.264877,91.530823
988,8.233333,0.004179,0.612207,0.025979,0.790260,-196.413513,92.265114,91.512985
989,8.241667,0.004515,0.612018,0.026466,0.790388,-196.426743,92.254570,91.484192
990,8.250000,0.003887,0.612030,0.026276,0.790388,-196.441071,92.246628,91.438934
991,8.258333,0.002355,0.612377,0.025517,0.790151,-196.454330,92.238243,91.379181
992,8.266667,0.000189,0.612830,0.024639,0.789831,-196.468689,92.234596,91.310974
993,8.275000,-0.001956,0.613441,0.023820,0.789379,-196.479721,92.231293,91.238914
994,8.283333,-0.004455,0.613822,0.023168,0.789092,-196.499985,92.230629,91.155090
995,8.291667,-0.005127,0.614054,0.022249,0.788934,-196.538025,92.255478,91.058777
996,8.300000,-0.005991,0.614277,0.021782,0.788767,-196.565109,92.269989,90.978279
997,8.308333,-0.009471,0.614377,0.021289,0.788669,-196.583771,92.261322,90.922226
998,8.316667,-0.011455,0.614323,0.020616,0.788702,-196.605850,92.259964,90.874649
999,8.325000,-0.013021,0.614172,0.019912,0.788813,-196.630173,92.262741,90.832047
1000,8.333333,-0.014101,0.614081,0.019726,0.788871,-196.655472,92.264114,90.803749
1001,8.341667,-0.014964,0.614166,0.019902,0.788784,-196.681076,92.265442,90.794113
1002,8.350000,-0.015585,0.614175,0.020307,0.788754,-196.705460,92.266914,90.794632
1003,8.358333,-0.015860,0.614137,0.021084,0.788758,-196.726654,92.265144,90.808311
1004,8.366667,-0.013689,0.614333,0.021923,0.788624,-196.749161,92.273102,90.835808
1005,8.375000,-0.011885,0.614011,0.023046,0.788871,-196.758194,92.274841,90.866074
1006,8.383333,-0.010944,0.613912,0.024153,0.788929,-196.755569,92.271584,90.900688
1007,8.391667,-0.009895,0.613693,0.024525,0.789102,-196.739273,92.268509,90.941742
1008,8.400000,-0.008766,0.613558,0.024698,0.789215,-196.709030,92.262932,90.990921
1009,8.408333,-0.007208,0.613176,0.024579,0.789531,-196.669617,92.255119,91.044601
1010,8.416667,-0.007504,0.612432,0.024611,0.790104,-196.617111,92.237381,91.101433
1011,8.425000,-0.005134,0.611813,0.024502,0.790606,-196.552460,92.225700,91.172096
1012,8.433333,-0.002590,0.611497,0.023946,0.790880,-196.490753,92.224541,91.231293
1013,8.441667,-0.000315,0.611006,0.023198,0.791286,-196.436981,92.231750,91.278488
1014,8.450000,0.001281,0.610413,0.022637,0.791759,-196.397903,92.240402,91.324600
1015,8.458333,0.002573,0.610172,0.023124,0.791927,-196.372681,92.242142,91.370705
1016,8.466667,0.003582,0.610055,0.023891,0.791990,-196.371521,92.245766,91.411957
1017,8.475000,0.004424,0.609843,0.024709,0.792124,-196.386536,92.248451,91.446342
1018,8.483333,0.004829,0.609808,0.025536,0.792123,-196.405106,92.250298,91.467049
1019,8.491667,0.004305,0.610202,0.025619,0.791820,-196.411713,92.259064,91.473351
1020,8.500000,0.003435,0.610090,0.025696,0.791908,-196.426743,92.258926,91.464546
1021,8.508333,0.003098,0.609848,0.026389,0.792073,-196.449478,92.249489,91.444221
1022,8.516667,0.002323,0.609731,0.026575,0.792159,-196.473831,92.242455,91.409462
1023,8.525000,0.000974,0.609753,0.026160,0.792159,-196.496017,92.234955,91.362267
1024,8.533333,-0.000612,0.610162,0.025639,0.791861,-196.511154,92.226318,91.311249
1025,8.541667,-0.002666,0.610596,0.025165,0.791538,-196.527695,92.225250,91.248062
1026,8.550000,-0.004984,0.610532,0.023596,0.791625,-196.542114,92.227730,91.165840
1027,8.558333,-0.005469,0.610676,0.022699,0.791536,-196.562500,92.249107,91.080231
1028,8.566667,-0.007648,0.610700,0.021965,0.791520,-196.570007,92.253487,91.004845
1029,8.575000,-0.009436,0.611195,0.021535,0.791131,-196.576569,92.257401,90.945114
1030,8.583333,-0.010909,0.611431,0.020808,0.790949,-196.582520,92.258698,90.895432
1031,8.591667,-0.012203,0.611176,0.019997,0.791148,-196.588120,92.260254,90.861931
1032,8.600000,-0.012793,0.610936,0.019401,0.791339,-196.594742,92.263374,90.841164
1033,8.608333,-0.011864,0.610849,0.019421,0.791420,-196.601685,92.268730,90.833160
1034,8.616667,-0.012833,0.610793,0.019536,0.791445,-196.606476,92.263969,90.837387
1035,8.625000,-0.012699,0.610784,0.019996,0.791443,-196.610504,92.261383,90.851715
1036,8.633333,-0.010913,0.611380,0.023109,0.790924,-196.601456,92.235413,90.889206
1037,8.641667,-0.010661,0.610634,0.022071,0.791533,-196.620941,92.252007,90.919579
1038,8.650000,-0.009751,0.610163,0.022151,0.791907,-196.629150,92.257431,90.964851
1039,8.658333,-0.006224,0.609913,0.022727,0.792118,-196.630798,92.260544,91.032509
1040,8.666667,-0.007036,0.609428,0.024013,0.792446,-196.618622,92.246719,91.105247
1041,8.675000,-0.007072,0.609161,0.023528,0.792666,-196.591141,92.253098,91.182465
1042,8.683333,-0.005468,0.609186,0.023383,0.792664,-196.566910,92.258568,91.251747
1043,8.691667,-0.003639,0.609142,0.024104,0.792687,-196.536942,92.256142,91.313622
1044,8.700000,0.000034,0.608669,0.025480,0.793015,-196.512360,92.237701,91.370461
1045,8.708333,0.001607,0.608221,0.025993,0.793340,-196.497360,92.235611,91.404411
1046,8.716667,0.002825,0.607906,0.025937,0.793580,-196.477280,92.236801,91.427734
1047,8.725000,0.003527,0.607882,0.025735,0.793602,-196.455139,92.236259,91.439835
1048,8.733333,0.003561,0.607864,0.025149,0.793635,-196.432739,92.237282,91.434265
1049,8.741667,0.003483,0.607956,0.024753,0.793577,-196.411209,92.235947,91.419678
1050,8.750000,0.002908,0.607961,0.023713,0.793607,-196.391754,92.234352,91.393295
1051,8.758333,0.002140,0.608132,0.022645,0.793510,-196.384262,92.235634,91.357231
1052,8.766667,0.001142,0.608298,0.022262,0.793395,-196.393188,92.233124,91.319740
1053,8.775000,-0.000429,0.608812,0.022386,0.792999,-196.424957,92.228470,91.279671
1054,8.783333,-0.002253,0.609212,0.022791,0.792676,-196.473145,92.223663,91.236610
1055,8.791667,-0.004260,0.609288,0.022934,0.792606,-196.526794,92.224693,91.181244
1056,8.800000,-0.007031,0.609302,0.023799,0.792549,-196.579651,92.234840,91.119453
1057,8.808333,-0.006274,0.609748,0.023660,0.792217,-196.622253,92.248444,91.067787
1058,8.816667,-0.006673,0.609976,0.023308,0.792049,-196.650467,92.257111,91.017326
1059,8.825000,-0.007704,0.610103,0.022891,0.791954,-196.669037,92.260818,90.969498
1060,8.833333,-0.010958,0.609990,0.022430,0.792016,-196.670456,92.248245,90.933945
1061,8.841667,-0.012458,0.609915,0.021786,0.792069,-196.672195,92.248703,90.908234
1062,8.850000,-0.012954,0.609943,0.021230,0.792055,-196.671875,92.250145,90.893044
1063,8.858333,-0.012852,0.609943,0.020989,0.792063,-196.671616,92.251381,90.890808
1064,8.866667,-0.012403,0.610071,0.021510,0.791957,-196.672852,92.250786,90.905556
1065,8.875000,-0.011696,0.610124,0.021928,0.791916,-196.674179,92.246735,90.929649
1066,8.883333,-0.010702,0.610131,0.022471,0.791909,-196.668549,92.245987,90.964478
1067,8.891667,-0.007557,0.610039,0.022769,0.792008,-196.650940,92.252312,91.005600
1068,8.900000,-0.005168,0.609450,0.023022,0.792473,-196.617371,92.251900,91.050751
1069,8.908333,-0.003346,0.608740,0.022927,0.793031,-196.573212,92.249039,91.100388
1070,8.916667,-0.003863,0.608505,0.022498,0.793221,-196.519180,92.224106,91.156479
1071,8.925000,-0.002788,0.608586,0.022056,0.793176,-196.469986,92.220062,91.208687
1072,8.933333,-0.001023,0.608512,0.021873,0.793243,-196.430634,92.224960,91.252930
1073,8.941667,0.000042,0.608083,0.022034,0.793568,-196.411362,92.229385,91.291466
1074,8.950000,0.000913,0.607821,0.022865,0.793745,-196.411865,92.230232,91.322540
1075,8.958333,0.001336,0.607670,0.023695,0.793835,-196.426941,92.229866,91.351944
1076,8.966667,0.001172,0.607606,0.024466,0.793861,-196.447250,92.229828,91.370026
1077,8.975000,0.000849,0.607719,0.024998,0.793758,-196.468552,92.229851,91.378906
1078,8.983333,0.000874,0.608123,0.025282,0.793440,-196.486816,92.232109,91.383972
1079,8.991667,0.000698,0.608452,0.025406,0.793184,-196.503647,92.232361,91.372437
1080,9.000000,-0.001252,0.609107,0.024967,0.792694,-196.507599,92.236809,91.342377
1081,9.008333,-0.002954,0.609490,0.024970,0.792395,-196.528519,92.236778,91.303299
1082,9.016667,-0.004290,0.609804,0.024450,0.792164,-196.547775,92.237595,91.253212
1083,9.025000,-0.004903,0.609792,0.024781,0.792159,-196.573227,92.236534,91.186798
1084,9.033333,-0.003435,0.609631,0.023852,0.792319,-196.598801,92.255943,91.113480
1085,9.041667,-0.003429,0.609460,0.022734,0.792483,-196.603073,92.261383,91.051521
1086,9.050000,-0.007913,0.609730,0.021945,0.792266,-196.596329,92.248283,91.002724
1087,9.058333,-0.009691,0.610198,0.021356,0.791902,-196.593185,92.247772,90.962837
1088,9.066667,-0.010666,0.610416,0.020915,0.791733,-196.589127,92.247299,90.936646
1089,9.075000,-0.011093,0.610575,0.020593,0.791613,-196.584457,92.247116,90.923439
1090,9.083333,-0.010771,0.610668,0.020520,0.791547,-196.578690,92.247116,90.927414
1091,9.091667,-0.010310,0.610587,0.020593,0.791614,-196.572144,92.246452,90.941742
1092,9.100000,-0.009584,0.610527,0.020807,0.791664,-196.566040,92.246956,90.966530
1093,9.108333,-0.008359,0.610111,0.020889,0.791996,-196.558975,92.245712,91.006821
1094,9.116667,-0.003402,0.610167,0.021312,0.791979,-196.558380,92.260063,91.061119
1095,9.125000,-0.000928,0.609784,0.021991,0.792262,-196.542786,92.249901,91.125145
1096,9.133333,-0.002704,0.609894,0.022954,0.792146,-196.524048,92.225060,91.199066
1097,9.141667,-0.002169,0.610017,0.023867,0.792026,-196.510269,92.218887,91.261520
1098,9.150000,-0.000951,0.609791,0.024451,0.792185,-196.493851,92.218880,91.308060
1099,9.158333,0.000046,0.609466,0.024504,0.792434,-196.478088,92.224403,91.341133
1100,9.166667,0.001355,0.609270,0.024395,0.792586,-196.461304,92.229874,91.365387
1101,9.175000,0.002283,0.609227,0.024275,0.792621,-196.443909,92.234383,91.378555
1102,9.183333,0.003034,0.609185,0.024116,0.792656,-196.425293,92.234894,91.380371
1103,9.191667,0.003135,0.609174,0.023530,0.792681,-196.411102,92.237968,91.367813
1104,9.200000,0.002304,0.609294,0.022779,0.792614,-196.411270,92.237022,91.349724
1105,9.208333,0.000887,0.609540,0.023018,0.792421,-196.433716,92.230888,91.321602
1106,9.216667,-0.000773,0.610041,0.023578,0.792019,-196.464096,92.224823,91.294083
1107,9.225000,-0.002280,0.610434,0.023680,0.791710,-196.493195,92.222557,91.255150
1108,9.233333,-0.003555,0.610563,0.023276,0.791618,-196.519501,92.223099,91.205292
1109,9.241667,-0.004987,0.610521,0.022705,0.791659,-196.543427,92.227570,91.142784
1110,9.250000,-0.003888,0.610665,0.022247,0.791567,-196.573074,92.254028,91.075706
1111,9.258333,-0.003872,0.610789,0.021864,0.791482,-196.587189,92.266136,91.021278
1112,9.266667,-0.008545,0.611179,0.021497,0.791154,-196.593582,92.250648,90.989891
1113,9.275000,-0.010339,0.611500,0.021208,0.790892,-196.604782,92.246506,90.965683
1114,9.283333,-0.011121,0.611559,0.021072,0.790840,-196.616882,92.246078,90.955582
1115,9.291667,-0.007763,0.611816,0.021193,0.790678,-196.635559,92.260796,90.963463
1116,9.300000,-0.006575,0.611570,0.021699,0.790865,-196.647018,92.264778,90.975883
1117,9.308333,-0.005999,0.611378,0.022458,0.790997,-196.655258,92.262405,91.004501
1118,9.316667,-0.005145,0.611075,0.023227,0.791215,-196.652740,92.257538,91.041473
1119,9.325000,-0.007301,0.610686,0.023507,0.791490,-196.636230,92.239532,91.087639
1120,9.333333,-0.007011,0.610374,0.024216,0.791712,-196.614746,92.234627,91.133209
1121,9.341667,-0.004856,0.609990,0.023720,0.792039,-196.570618,92.219955,91.188568
1122,9.350000,-0.003219,0.609975,0.023478,0.792066,-196.533508,92.217972,91.233978
1123,9.358333,-0.001538,0.609861,0.023501,0.792158,-196.493332,92.217926,91.269913
1124,9.366667,-0.000092,0.609467,0.022881,0.792481,-196.456390,92.221550,91.293518
1125,9.375000,0.000844,0.609180,0.022471,0.792713,-196.430725,92.229691,91.305855
1126,9.383333,0.001258,0.609071,0.022372,0.792799,-196.420609,92.231583,91.318062
1127,9.391667,0.001103,0.609076,0.022724,0.792785,-196.434036,92.230537,91.326538
1128,9.400000,0.000648,0.609224,0.023562,0.792648,-196.458572,92.226517,91.328575
1129,9.408333,-0.000096,0.609441,0.024212,0.792462,-196.484497,92.221542,91.321831
1130,9.416667,-0.001275,0.609846,0.024658,0.792136,-196.510193,92.219872,91.301125
1131,9.425000,-0.002685,0.610078,0.024565,0.791956,-196.536423,92.223076,91.268463
1132,9.433333,-0.003557,0.610099,0.024183,0.791948,-196.557800,92.222961,91.222313
1133,9.441667,-0.005316,0.610325,0.024100,0.791767,-196.581879,92.233398,91.163132
1134,9.450000,-0.003827,0.610347,0.023097,0.791788,-196.604019,92.252083,91.104507
1135,9.458333,-0.003769,0.610210,0.022298,0.791917,-196.611511,92.258224,91.056335
1136,9.466667,-0.004413,0.610322,0.021604,0.791847,-196.613342,92.261932,91.021812
1137,9.475000,-0.004825,0.610423,0.021110,0.791779,-196.614838,92.265648,91.001099
1138,9.483333,-0.005194,0.610437,0.020936,0.791771,-196.615524,92.265610,90.991982
1139,9.491667,-0.004698,0.610373,0.020996,0.791822,-196.616760,92.263336,90.999687
1140,9.500000,-0.004205,0.610000,0.021381,0.792102,-196.616592,92.262146,91.020935
1141,9.508333,-0.003426,0.609666,0.022079,0.792343,-196.615128,92.257744,91.054382
1142,9.516667,-0.002968,0.609242,0.023311,0.792636,-196.612839,92.259674,91.094566
1143,9.525000,-0.004561,0.608686,0.023058,0.793063,-196.590103,92.231003,91.149635
1144,9.533333,-0.003635,0.608586,0.023854,0.793121,-196.571930,92.222763,91.198616
1145,9.541667,-0.002662,0.608439,0.023797,0.793240,-196.548416,92.215736,91.237221
1146,9.550000,-0.001671,0.608218,0.023541,0.793419,-196.523361,92.217567,91.263847
1147,9.558333,-0.000808,0.607918,0.023219,0.793660,-196.497803,92.216911,91.277573
1148,9.566667,-0.000246,0.607626,0.022735,0.793897,-196.477478,92.220169,91.278008
1149,9.575000,-0.000125,0.607506,0.022213,0.794004,-196.470474,92.221245,91.274750
1150,9.583333,-0.000644,0.607458,0.022149,0.794043,-196.481110,92.222664,91.266289
1151,9.591667,-0.001564,0.607492,0.022407,0.794008,-196.507782,92.222221,91.253899
1152,9.600000,-0.003157,0.607997,0.022443,0.793616,-196.532059,92.228226,91.230049
1153,9.608333,-0.003714,0.607631,0.022974,0.793879,-196.571320,92.230064,91.196220
1154,9.616667,-0.005308,0.607446,0.022945,0.794012,-196.606522,92.231407,91.155312
1155,9.625000,-0.003636,0.608005,0.023793,0.793569,-196.640091,92.252251,91.107491
1156,9.633333,-0.003717,0.607900,0.023737,0.793650,-196.650284,92.256874,91.071846
1157,9.641667,-0.004277,0.607768,0.023443,0.793757,-196.651398,92.255867,91.044800
1158,9.650000,-0.004189,0.607732,0.022763,0.793805,-196.645737,92.255531,91.023865
1159,9.658333,-0.007670,0.607747,0.022250,0.793782,-196.632996,92.238213,91.020737
1160,9.666667,-0.008346,0.607837,0.021984,0.793713,-196.625168,92.232536,91.024368
1161,9.675000,-0.007799,0.607844,0.022342,0.793704,-196.615814,92.229202,91.044250
1162,9.683333,-0.003373,0.608079,0.022418,0.793553,-196.610947,92.245949,91.077553
1163,9.691667,-0.000863,0.607268,0.021703,0.794200,-196.588654,92.244453,91.114326
1164,9.700000,0.000740,0.607134,0.021848,0.794299,-196.566116,92.240608,91.149162
1165,9.708333,0.001787,0.607296,0.022069,0.794167,-196.541412,92.235725,91.181213
1166,9.716667,0.002151,0.607303,0.021986,0.794163,-196.522385,92.234207,91.208336
1167,9.725000,-0.001260,0.607318,0.022282,0.794146,-196.514252,92.217285,91.235886
1168,9.733333,-0.002047,0.607757,0.022153,0.793811,-196.516739,92.224609,91.248116
1169,9.741667,-0.002499,0.607984,0.022340,0.793631,-196.528763,92.224976,91.247566
1170,9.750000,-0.002982,0.608004,0.022250,0.793617,-196.543274,92.225845,91.231407
1171,9.758333,-0.002909,0.607762,0.022791,0.793787,-196.564301,92.221703,91.205688
1172,9.766667,-0.000521,0.607564,0.022302,0.793957,-196.584351,92.236069,91.168869
1173,9.775000,-0.000340,0.607355,0.021422,0.794141,-196.590759,92.241005,91.124458
1174,9.783333,-0.001199,0.607610,0.021142,0.793953,-196.596466,92.243423,91.085945
1175,9.791667,-0.005479,0.608013,0.021616,0.793614,-196.598297,92.231094,91.064903
1176,9.800000,-0.003968,0.608448,0.021692,0.793287,-196.609634,92.243507,91.054604
1177,9.808333,-0.002679,0.608248,0.021856,0.793441,-196.612320,92.250603,91.055908
1178,9.816667,-0.001984,0.608025,0.022150,0.793606,-196.613495,92.251053,91.069397
1179,9.825000,-0.001342,0.607691,0.021905,0.793870,-196.610291,92.244682,91.097214
1180,9.833333,-0.000388,0.607304,0.021973,0.794165,-196.600891,92.239914,91.128944
1181,9.841667,-0.002635,0.607249,0.022158,0.794198,-196.582428,92.218636,91.163948
1182,9.850000,-0.000174,0.607522,0.022917,0.793973,-196.573929,92.229218,91.186790
1183,9.858333,-0.002392,0.607677,0.022065,0.793874,-196.539948,92.222168,91.200409
1184,9.866667,-0.001916,0.607407,0.021814,0.794089,-196.530090,92.215652,91.201035
1185,9.875000,0.000900,0.607319,0.021820,0.794158,-196.537262,92.228088,91.194870
1186,9.883333,-0.002224,0.607013,0.021617,0.794395,-196.548431,92.215279,91.186790
1187,9.891667,-0.000059,0.607131,0.021446,0.794313,-196.575638,92.230827,91.167130
1188,9.900000,-0.000029,0.606797,0.021620,0.794563,-196.593765,92.236343,91.141411
1189,9.908333,-0.000443,0.606909,0.021879,0.794470,-196.612137,92.238113,91.111626
1190,9.916667,-0.002036,0.607538,0.021606,0.793994,-196.614655,92.247864,91.083839
1191,9.925000,-0.002642,0.607650,0.022881,0.793871,-196.626251,92.250351,91.062508
1192,9.933333,-0.002695,0.607426,0.023246,0.794032,-196.630997,92.248840,91.050339
1193,9.941667,-0.002332,0.607331,0.023080,0.794110,-196.628220,92.247047,91.051811
1194,9.950000,-0.002160,0.607298,0.022978,0.794139,-196.622391,92.246513,91.065926
1195,9.958333,-0.002423,0.607414,0.022402,0.794066,-196.604111,92.255028,91.085999
1196,9.966667,-0.000458,0.606714,0.021513,0.794629,-196.588669,92.239883,91.115646
1197,9.975000,-0.003141,0.606472,0.021523,0.794807,-196.566803,92.212852,91.143417
1198,9.983333,-0.000611,0.606752,0.021416,0.794602,-196.555466,92.220070,91.159103
1199,9.991667,0.001359,0.606596,0.021299,0.794724,-196.538895,92.229774,91.168663
1200,10.000000,0.001878,0.606613,0.021580,0.794702,-196.536392,92.232735,91.177917
1201,10.008333,-0.001801,0.606796,0.021871,0.794554,-196.538956,92.216614,91.188583
1202,10.016667,-0.000148,0.607065,0.022047,0.794346,-196.552505,92.225883,91.181221
1203,10.025000,0.000819,0.606697,0.021803,0.794634,-196.558792,92.232986,91.161949
1204,10.033333,0.000835,0.606448,0.021372,0.794835,-196.562302,92.235931,91.139435
1205,10.041667,-0.003164,0.606407,0.021170,0.794866,-196.559036,92.217392,91.121239
1206,10.050000,-0.004569,0.606500,0.020788,0.794799,-196.561401,92.216049,91.094574
1207,10.058333,-0.005275,0.606610,0.020451,0.794719,-196.564896,92.217361,91.074463
1208,10.066667,-0.005485,0.606681,0.020356,0.794666,-196.567825,92.217834,91.066292
1209,10.075000,-0.005247,0.606532,0.020434,0.794780,-196.570419,92.218193,91.072418
1210,10.083333,-0.004950,0.606341,0.020878,0.794915,-196.570938,92.215385,91.091087
1211,10.091667,-0.000871,0.606512,0.021310,0.794788,-196.580093,92.231667,91.118317
1212,10.100000,0.000563,0.606237,0.021629,0.794990,-196.580933,92.236649,91.135063
1213,10.108333,0.000974,0.606217,0.021919,0.794997,-196.581192,92.237373,91.149101
1214,10.116667,-0.002390,0.606244,0.022548,0.794955,-196.576660,92.219948,91.169037
1215,10.125000,-0.003055,0.606285,0.022769,0.794916,-196.574768,92.216919,91.173050
1216,10.133333,-0.000117,0.606396,0.022574,0.794842,-196.575684,92.231880,91.163300
1217,10.141667,0.000480,0.606042,0.022428,0.795117,-196.568436,92.236389,91.148788
1218,10.150000,-0.003357,0.606081,0.021587,0.795103,-196.552750,92.213943,91.140442
1219,10.158333,-0.004243,0.606092,0.020845,0.795110,-196.545380,92.210899,91.119942
1220,10.166667,-0.004653,0.606062,0.020342,0.795143,-196.543457,92.213760,91.099060
1221,10.175000,-0.005247,0.606121,0.020415,0.795093,-196.550522,92.216797,91.082031
1222,10.183333,-0.005411,0.606241,0.020635,0.794995,-196.564148,92.217110,91.077202
1223,10.191667,-0.005343,0.606189,0.021015,0.795025,-196.574417,92.213974,91.085884
1224,10.200000,-0.005048,0.605993,0.021461,0.795165,-196.580902,92.213402,91.102295
1225,10.208333,-0.004546,0.605829,0.021526,0.795291,-196.579208,92.212402,91.119835
1226,10.216667,-0.000594,0.606049,0.021632,0.795133,-196.581512,92.230438,91.128632
1227,10.225000,0.000391,0.605832,0.021409,0.795305,-196.576416,92.235367,91.132202
1228,10.233333,-0.002896,0.605838,0.021289,0.795298,-196.563919,92.216568,91.139626
1229,10.241667,-0.003603,0.605909,0.021096,0.795246,-196.557236,92.211571,91.135880
1230,10.250000,-0.003864,0.605849,0.020868,0.795296,-196.551865,92.212029,91.127357
1231,10.258333,-0.004106,0.605826,0.020789,0.795315,-196.554581,92.214188,91.117928
1232,10.266667,-0.004456,0.605850,0.020805,0.795294,-196.560059,92.215439,91.104294
1233,10.275000,-0.004795,0.605981,0.020990,0.795188,-196.566193,92.215088,91.091171
1234,10.283333,-0.005077,0.605967,0.021023,0.795195,-196.571335,92.213760,91.086517
1235,10.291667,-0.005231,0.605894,0.021162,0.795247,-196.571976,92.212753,91.092369
1236,10.300000,-0.005010,0.605792,0.021129,0.795327,-196.567261,92.211739,91.100052
1237,10.308333,-0.004380,0.605707,0.020957,0.795399,-196.557938,92.212814,91.104927
1238,10.316667,-0.004128,0.605672,0.020660,0.795436,-196.547882,92.212891,91.104851
1239,10.325000,-0.004157,0.605747,0.020538,0.795381,-196.549515,92.214821,91.104546
1240,10.333333,-0.004383,0.605810,0.020702,0.795328,-196.555267,92.215523,91.101357
1241,10.341667,-0.004730,0.605891,0.020907,0.795259,-196.560608,92.214317,91.097687
1242,10.350000,-0.004897,0.605880,0.020904,0.795266,-196.564667,92.213570,91.097191
1243,10.358333,-0.004665,0.605836,0.020952,0.795300,-196.563644,92.212585,91.100296
1244,10.366667,-0.004681,0.605734,0.020953,0.795377,-196.559082,92.212997,91.101631
1245,10.375000,-0.004385,0.605706,0.020793,0.795405,-196.554688,92.213120,91.102440
1246,10.383333,-0.004346,0.605749,0.020666,0.795376,-196.552948,92.212830,91.104637
1247,10.391667,-0.004337,0.605805,0.020627,0.795334,-196.553574,92.214462,91.103569
1248,10.400000,-0.004348,0.605789,0.020683,0.795344,-196.554642,92.214226,91.099602
1249,10.408333,-0.004416,0.605775,0.020672,0.795355,-196.556381,92.213753,91.098198
1250,10.416667,-0.004589,0.605784,0.020799,0.795344,-196.558762,92.213623,91.096336
1251,10.425000,-0.004465,0.605807,0.020924,0.795324,-196.560852,92.213753,91.093445
1252,10.433333,-0.004659,0.605877,0.021011,0.795268,-196.561920,92.212662,91.090942
1253,10.441667,-0.004666,0.605919,0.021108,0.795233,-196.562866,92.212646,91.091255
1254,10.450000,-0.004694,0.605826,0.020993,0.795306,-196.561066,92.212181,91.091766
1255,10.458333,-0.004517,0.605774,0.020943,0.795348,-196.558350,92.212990,91.092781
1256,10.466667,-0.004283,0.605727,0.020753,0.795390,-196.555740,92.213150,91.095284
1257,10.475000,-0.004492,0.605750,0.020663,0.795374,-196.553604,92.213234,91.096626
1258,10.483333,-0.004374,0.605787,0.020720,0.795345,-196.552750,92.213318,91.098473
1259,10.491667,-0.004396,0.605785,0.020652,0.795348,-196.553391,92.213875,91.100433
1260,10.500000,-0.004504,0.605778,0.020781,0.795350,-196.554047,92.213577,91.100380
1261,10.508333,-0.004462,0.605784,0.020810,0.795344,-196.555649,92.213974,91.100731
1262,10.516667,-0.004473,0.605772,0.020716,0.795356,-196.557144,92.214027,91.100769
1263,10.525000,-0.004435,0.605776,0.020703,0.795353,-196.558197,92.212845,91.100952
1264,10.533333,-0.004359,0.605765,0.020863,0.795358,-196.559921,92.214386,91.099373
1265,10.541667,-0.004577,0.605759,0.020993,0.795358,-196.560913,92.213417,91.099449
1266,10.550000,-0.004728,0.605779,0.020926,0.795344,-196.562256,92.213211,91.098007
1267,10.558333,-0.004687,0.605843,0.020991,0.795294,-196.563110,92.212845,91.096588
1268,10.566667,-0.004637,0.605856,0.020841,0.795288,-196.562546,92.212051,91.096405
1269,10.575000,-0.004617,0.605834,0.020889,0.795304,-196.561081,92.212761,91.095955
1270,10.583333,-0.004658,0.605767,0.021012,0.795351,-196.558334,92.213699,91.096375
1271,10.591667,-0.004636,0.605727,0.020939,0.795384,-196.555527,92.213821,91.097115
1272,10.600000,-0.004610,0.605781,0.021020,0.795340,-196.553680,92.214027,91.096710
1273,10.608333,-0.004552,0.605727,0.020869,0.795386,-196.552582,92.214310,91.098183
1274,10.616667,-0.004433,0.605717,0.020756,0.795397,-196.551468,92.214409,91.098198
1275,10.625000,-0.004423,0.605729,0.020751,0.795388,-196.551071,92.214043,91.099670
1276,10.633333,-0.004533,0.605744,0.020808,0.795375,-196.550766,92.213326,91.101135
1277,10.641667,-0.004461,0.605758,0.020844,0.795363,-196.551971,92.214813,91.101898
1278,10.650000,-0.004442,0.605715,0.020798,0.795398,-196.551437,92.214493,91.102776
1279,10.658333,-0.004552,0.605713,0.020769,0.795399,-196.552170,92.214401,91.103493
1280,10.666667,-0.004405,0.605707,0.020757,0.795405,-196.552429,92.214088,91.104263
1281,10.675000,-0.004510,0.605738,0.020860,0.795378,-196.553787,92.214005,91.104347
1282,10.683333,-0.004614,0.605721,0.020867,0.795390,-196.554565,92.214394,91.104713
1283,10.691667,-0.004660,0.605761,0.020837,0.795360,-196.554810,92.213211,91.103401
1284,10.700000,-0.004659,0.605745,0.020897,0.795371,-196.556137,92.213898,91.102425
1285,10.708333,-0.004699,0.605744,0.020880,0.795371,-196.556610,92.213036,91.101929
1286,10.716667,-0.004630,0.605775,0.020917,0.795348,-196.557755,92.214294,91.100739
1287,10.725000,-0.004653,0.605768,0.020982,0.795351,-196.557327,92.213722,91.100693
1288,10.733333,-0.004692,0.605708,0.020933,0.795398,-196.556412,92.213196,91.101036
1289,10.741667,-0.004656,0.605722,0.020864,0.795389,-196.555527,92.213409,91.101082
1290,10.750000,-0.004701,0.605704,0.020799,0.795405,-196.554504,92.213234,91.100624
