Format Version,1.25,Take Name,Take 2025-11-27 05.14.10 PM,Take Notes,,Capture Frame Rate,120.000000,Export Frame Rate,120.000000,Capture Start Time,2025-11-27 05.14.11.262 PM,Capture Start Frame,70215,Total Frames in Take,1275,Total Exported Frames,1275,Rotation Type,Quaternion,Length Units,Centimeters,Coordinate Space,Global

,Type,Rigid Body,Rigid Body,Rigid Body,Rigid Body,Rigid Body,Rigid Body,Rigid Body
,Name,SEE_large,SEE_large,SEE_large,SEE_large,SEE_large,SEE_large,SEE_large
,ID,B4680608301811F031C44B617C10C291,B4680608301811F031C44B617C10C291,B4680608301811F031C44B617C10C291,B4680608301811F031C44B617C10C291,B4680608301811F031C44B617C10C291,B4680608301811F031C44B617C10C291,B4680608301811F031C44B617C10C291
,Parent,,,,,,,
,,Rotation,Rotation,Rotation,Rotation,Position,Position,Position
Frame,Time (Seconds),X,Y,Z,W,X,Y,Z
0,0.000000,0.007402,0.929906,0.019620,0.367200,-214.997223,92.173805,84.209480
1,0.008333,0.007244,0.929922,0.019569,0.367165,-214.997360,92.172951,84.209717
2,0.016667,0.007416,0.929900,0.019449,0.367224,-214.997742,92.172577,84.208725
3,0.025000,0.007343,0.929885,0.019488,0.367261,-214.997818,92.171982,84.207932
4,0.033333,0.007232,0.929906,0.019440,0.367213,-214.998596,92.171959,84.208717
5,0.041667,0.007285,0.929891,0.019477,0.367247,-214.998978,92.172066,84.209000
6,0.050000,0.007272,0.929879,0.019521,0.367275,-214.999359,92.173409,84.209358
7,0.058333,0.007329,0.929879,0.019555,0.367273,-214.999649,92.174133,84.208229
8,0.066667,0.007484,0.929916,0.019587,0.367174,-215.000122,92.172661,84.208611
9,0.075000,0.007402,0.929906,0.019473,0.367207,-215.000732,92.174095,84.206116
10,0.083333,0.007473,0.929908,0.019342,0.367208,-214.999939,92.173317,84.206078
11,0.091667,0.007392,0.929913,0.019485,0.367188,-214.998444,92.170586,84.205666
12,0.100000,0.007389,0.930213,0.019321,0.366438,-215.005493,92.171806,84.196320
13,0.108333,0.007346,0.930453,0.019511,0.365818,-215.013580,92.173386,84.190346
14,0.116667,0.007082,0.930519,0.020240,0.365616,-215.017838,92.180916,84.185951
15,0.125000,0.007270,0.930492,0.020733,0.365653,-215.018204,92.183426,84.186241
16,0.133333,0.007647,0.930433,0.021056,0.365776,-215.016006,92.180786,84.190308
17,0.141667,0.007786,0.930423,0.020973,0.365804,-215.017075,92.182968,84.189499
18,0.150000,0.007840,0.930420,0.021065,0.365804,-215.017227,92.182091,84.189766
19,0.158333,0.007223,0.930476,0.021134,0.365673,-215.019653,92.184647,84.186279
20,0.166667,0.007161,0.930505,0.021197,0.365595,-215.021133,92.186188,84.185310
21,0.175000,0.007320,0.930495,0.021319,0.365610,-215.022202,92.185059,84.185677
22,0.183333,0.007117,0.930482,0.021219,0.365653,-215.022827,92.185272,84.184349
23,0.191667,0.007387,0.930502,0.021197,0.365598,-215.022781,92.183723,84.184441
24,0.200000,0.007409,0.930493,0.021054,0.365630,-215.022919,92.183403,84.182793
25,0.208333,0.007440,0.930483,0.021138,0.365649,-215.022369,92.183510,84.180840
26,0.216667,0.007432,0.930479,0.021194,0.365657,-215.021179,92.183342,84.179520
27,0.225000,0.007680,0.930273,0.021158,0.366177,-215.024811,92.184868,84.170593
28,0.233333,0.007512,0.930109,0.021288,0.366588,-215.030624,92.183670,84.163918
29,0.241667,0.007041,0.929910,0.021729,0.367077,-215.036652,92.177879,84.158379
30,0.250000,0.006746,0.929802,0.021994,0.367340,-215.039322,92.174736,84.154732
31,0.258333,0.006753,0.929761,0.022194,0.367431,-215.038513,92.172554,84.153198
32,0.266667,0.006846,0.929756,0.022123,0.367448,-215.038010,92.173897,84.151695
33,0.275000,0.006964,0.929776,0.021975,0.367403,-215.036697,92.174873,84.152756
34,0.283333,0.007063,0.929793,0.021965,0.367360,-215.034195,92.174011,84.153854
35,0.291667,0.006984,0.929805,0.021905,0.367334,-215.032867,92.174332,84.153847
36,0.300000,0.006955,0.929819,0.021884,0.367299,-215.032272,92.174721,84.154060
37,0.308333,0.006975,0.929838,0.021924,0.367249,-215.033371,92.176201,84.153809
38,0.316667,0.006802,0.929807,0.021952,0.367330,-215.033844,92.175674,84.152542
39,0.325000,0.006792,0.929819,0.021897,0.367304,-215.034790,92.175171,84.151688
40,0.333333,0.006869,0.929825,0.021969,0.367280,-215.036682,92.174873,84.150665
41,0.341667,0.006976,0.929810,0.022008,0.367314,-215.037750,92.174194,84.148911
42,0.350000,0.006920,0.929801,0.021959,0.367343,-215.039322,92.173157,84.147194
43,0.358333,0.007080,0.929797,0.021895,0.367352,-215.041000,92.173477,84.145844
44,0.366667,0.007149,0.929800,0.022018,0.367338,-215.042191,92.172935,84.143021
45,0.375000,0.007161,0.929797,0.022092,0.367340,-215.043335,92.173790,84.141113
46,0.383333,0.007135,0.929813,0.022086,0.367300,-215.044525,92.173370,84.139534
47,0.391667,0.007092,0.929817,0.022078,0.367292,-215.045898,92.173920,84.137451
48,0.400000,0.007065,0.929805,0.022052,0.367324,-215.046188,92.174904,84.136520
49,0.408333,0.007789,0.929970,0.022114,0.366886,-215.039307,92.167915,84.128792
50,0.416667,0.007199,0.929865,0.021933,0.367177,-215.044479,92.175514,84.136597
51,0.425000,0.007257,0.929798,0.021974,0.367341,-215.046188,92.173454,84.138863
52,0.433333,0.007416,0.929791,0.021976,0.367357,-215.046234,92.171844,84.141853
53,0.441667,0.007292,0.929800,0.021949,0.367338,-215.045929,92.172096,84.143967
54,0.450000,0.007130,0.929786,0.022036,0.367372,-215.042587,92.171074,84.146652
55,0.458333,0.007186,0.929811,0.021987,0.367311,-215.040039,92.172249,84.149429
56,0.466667,0.006967,0.929807,0.021998,0.367325,-215.038513,92.172760,84.149376
57,0.475000,0.006967,0.929827,0.021990,0.367272,-215.037201,92.172989,84.149620
58,0.483333,0.006924,0.929834,0.022007,0.367254,-215.036652,92.172913,84.148811
59,0.491667,0.007035,0.929842,0.021966,0.367235,-215.037720,92.174332,84.147606
60,0.500000,0.006927,0.929826,0.021868,0.367283,-215.038681,92.175049,84.145149
61,0.508333,0.006962,0.929829,0.021856,0.367276,-215.039948,92.174042,84.142456
62,0.516667,0.007003,0.929800,0.021949,0.367344,-215.041016,92.172661,84.139465
63,0.525000,0.007158,0.929806,0.021819,0.367332,-215.041428,92.172394,84.136703
64,0.533333,0.007117,0.929794,0.021831,0.367362,-215.042206,92.172554,84.135193
65,0.541667,0.007179,0.929785,0.021881,0.367382,-215.042114,92.172447,84.133507
66,0.550000,0.007181,0.929799,0.022022,0.367338,-215.041321,92.172974,84.133904
67,0.558333,0.007153,0.929797,0.021989,0.367345,-215.040421,92.174133,84.135353
68,0.566667,0.007169,0.929790,0.022039,0.367361,-215.037842,92.172806,84.136543
69,0.575000,0.007100,0.929797,0.022074,0.367343,-215.035553,92.173485,84.138229
70,0.583333,0.007222,0.929797,0.022120,0.367338,-215.034271,92.173729,84.140549
71,0.591667,0.007054,0.929816,0.022019,0.367299,-215.033432,92.174530,84.140739
72,0.600000,0.006988,0.929805,0.022066,0.367324,-215.032532,92.174110,84.144569
73,0.608333,0.007063,0.929806,0.022028,0.367321,-215.030975,92.174004,84.147636
74,0.616667,0.006905,0.929808,0.022009,0.367320,-215.031616,92.175003,84.149727
75,0.625000,0.006869,0.929823,0.021976,0.367285,-215.032364,92.174553,84.151299
76,0.633333,0.006836,0.929825,0.022045,0.367277,-215.033813,92.173477,84.152725
77,0.641667,0.006963,0.929833,0.021950,0.367262,-215.036316,92.174759,84.152657
78,0.650000,0.006847,0.929827,0.021909,0.367280,-215.038895,92.174675,84.151772
79,0.658333,0.006923,0.929837,0.021860,0.367257,-215.041870,92.175797,84.151443
80,0.666667,0.007084,0.929823,0.021939,0.367284,-215.042999,92.173996,84.150139
81,0.675000,0.006951,0.929822,0.021863,0.367293,-215.043976,92.174309,84.147705
82,0.683333,0.007047,0.929823,0.021825,0.367293,-215.044907,92.174400,84.146378
83,0.691667,0.007136,0.929820,0.021893,0.367295,-215.043762,92.173210,84.145317
84,0.700000,0.007164,0.929794,0.021952,0.367356,-215.042191,92.174057,84.144394
85,0.708333,0.007109,0.929779,0.022017,0.367391,-215.040070,92.174553,84.144615
86,0.716667,0.007134,0.929775,0.021991,0.367402,-215.036530,92.174950,84.143631
87,0.725000,0.007185,0.929790,0.021966,0.367364,-215.034821,92.176254,84.145096
88,0.733333,0.006954,0.929782,0.022038,0.367384,-215.032608,92.176071,84.144524
89,0.741667,0.006935,0.929809,0.022126,0.367312,-215.032059,92.175987,84.147606
90,0.750000,0.006931,0.929809,0.022022,0.367317,-215.032196,92.177078,84.149582
91,0.758333,0.006942,0.929831,0.021961,0.367266,-215.034103,92.177940,84.152184
92,0.766667,0.006869,0.929831,0.021919,0.367268,-215.036530,92.178200,84.154358
93,0.775000,0.006632,0.929841,0.021779,0.367257,-215.042282,92.179420,84.153893
94,0.783333,0.006511,0.929867,0.021768,0.367193,-215.047791,92.178818,84.154579
95,0.791667,0.006414,0.929920,0.021794,0.367059,-215.056992,92.180649,84.152634
96,0.800000,0.006765,0.930135,0.021805,0.366508,-215.062164,92.176277,84.144356
97,0.808333,0.006585,0.930190,0.021932,0.366364,-215.075134,92.177429,84.143967
98,0.816667,0.006013,0.930203,0.022067,0.366333,-215.087814,92.180618,84.143753
99,0.825000,0.005784,0.930237,0.022368,0.366230,-215.096909,92.182343,84.149445
100,0.833333,0.005534,0.930230,0.022821,0.366224,-215.104935,92.183563,84.153572
101,0.841667,0.005354,0.930309,0.023259,0.366000,-215.109299,92.182266,84.155121
102,0.850000,0.005334,0.930326,0.023366,0.365951,-215.112442,92.182259,84.152756
103,0.858333,0.005464,0.930335,0.023351,0.365925,-215.112396,92.182243,84.154053
104,0.866667,0.005338,0.930382,0.023320,0.365811,-215.112549,92.182724,84.153397
105,0.875000,0.005191,0.930434,0.023463,0.365670,-215.114929,92.182320,84.155365
106,0.883333,0.005072,0.930459,0.023547,0.365604,-215.118912,92.184845,84.157417
107,0.891667,0.004933,0.930463,0.023672,0.365588,-215.123795,92.184525,84.159645
108,0.900000,0.004770,0.930471,0.023766,0.365563,-215.128677,92.185341,84.162056
109,0.908333,0.004703,0.930468,0.024058,0.365553,-215.138428,92.184914,84.166008
110,0.916667,0.004624,0.930477,0.024223,0.365518,-215.148071,92.184364,84.168633
111,0.925000,0.004422,0.930508,0.024540,0.365422,-215.161301,92.184196,84.171791
112,0.933333,0.004054,0.930482,0.024836,0.365471,-215.176819,92.183914,84.175819
113,0.941667,0.003723,0.930482,0.025128,0.365456,-215.193176,92.182068,84.179649
114,0.950000,0.003312,0.930459,0.025264,0.365509,-215.210968,92.182800,84.182968
115,0.958333,0.002994,0.930497,0.025522,0.365397,-215.228912,92.182159,84.186615
116,0.966667,0.002773,0.930536,0.025802,0.365280,-215.244461,92.180183,84.191719
117,0.975000,0.002475,0.930533,0.025972,0.365278,-215.259293,92.179741,84.194527
118,0.983333,0.002320,0.930545,0.026074,0.365240,-215.270920,92.179115,84.197632
119,0.991667,0.002064,0.930553,0.026145,0.365216,-215.283447,92.179459,84.197334
120,1.000000,0.001936,0.930572,0.026115,0.365171,-215.290756,92.180176,84.196243
121,1.008333,0.001842,0.930580,0.026366,0.365134,-215.295486,92.179756,84.195724
122,1.016667,0.001508,0.930556,0.026513,0.365184,-215.298035,92.178917,84.193871
123,1.025000,0.001234,0.930560,0.026549,0.365172,-215.300491,92.178955,84.192459
124,1.033333,-0.000479,0.930504,0.025799,0.365371,-215.309280,92.191711,84.183159
125,1.041667,-0.000820,0.930604,0.025655,0.365126,-215.313370,92.193314,84.186935
126,1.050000,0.000695,0.930657,0.026270,0.364947,-215.310257,92.184044,84.203285
127,1.058333,0.001194,0.930774,0.026135,0.364658,-215.312454,92.186150,84.209999
128,1.066667,0.000294,0.930942,0.025146,0.364299,-215.320709,92.201157,84.208908
129,1.075000,0.000064,0.931015,0.025143,0.364113,-215.329773,92.203232,84.211121
130,1.083333,-0.000362,0.931002,0.025586,0.364115,-215.342850,92.200974,84.209419
131,1.091667,-0.000646,0.930994,0.025834,0.364120,-215.357758,92.199638,84.206963
132,1.100000,-0.000968,0.930963,0.025855,0.364195,-215.372467,92.199051,84.204697
133,1.108333,-0.001452,0.931011,0.026044,0.364058,-215.384155,92.197144,84.206169
134,1.116667,-0.001742,0.931006,0.026086,0.364065,-215.396240,92.197746,84.204720
135,1.125000,-0.001781,0.930826,0.026424,0.364502,-215.409012,92.192871,84.219093
136,1.133333,-0.002369,0.930721,0.026501,0.364760,-215.422943,92.194466,84.221664
137,1.141667,-0.002626,0.930684,0.026753,0.364835,-215.433533,92.195511,84.220650
138,1.150000,-0.003081,0.930775,0.027263,0.364562,-215.447708,92.199348,84.220482
139,1.158333,-0.003404,0.930686,0.027472,0.364770,-215.456421,92.199722,84.213295
140,1.166667,-0.003850,0.930725,0.027242,0.364684,-215.468643,92.199585,84.205490
141,1.175000,-0.003817,0.930807,0.027770,0.364434,-215.484573,92.197327,84.205437
142,1.183333,-0.003784,0.930762,0.028081,0.364526,-215.494415,92.194786,84.199371
143,1.191667,-0.003718,0.930751,0.027908,0.364568,-215.498688,92.192711,84.192284
144,1.200000,-0.003656,0.930802,0.028245,0.364412,-215.502930,92.193611,84.194939
145,1.208333,-0.003770,0.930788,0.028181,0.364451,-215.501984,92.194244,84.196899
146,1.216667,-0.003854,0.930780,0.028183,0.364471,-215.499756,92.195801,84.200294
147,1.225000,-0.003904,0.930817,0.028126,0.364381,-215.496582,92.195091,84.203735
148,1.233333,-0.003847,0.930860,0.027740,0.364302,-215.496658,92.196289,84.207169
149,1.241667,-0.003879,0.930871,0.027717,0.364274,-215.496277,92.196045,84.210754
150,1.250000,-0.004092,0.930878,0.027612,0.364262,-215.498642,92.196510,84.214050
151,1.258333,-0.004107,0.930871,0.027582,0.364282,-215.499298,92.194481,84.215714
152,1.266667,-0.004162,0.930861,0.027525,0.364311,-215.500854,92.194611,84.219780
153,1.275000,-0.004225,0.930794,0.027694,0.364469,-215.502075,92.194420,84.221031
154,1.283333,-0.004141,0.930825,0.027818,0.364382,-215.499466,92.193092,84.221306
155,1.291667,-0.004147,0.930857,0.027810,0.364301,-215.500000,92.192924,84.221268
156,1.300000,-0.004072,0.930873,0.027714,0.364268,-215.499115,92.193481,84.218544
157,1.308333,-0.003999,0.930849,0.027798,0.364322,-215.502090,92.197670,84.217712
158,1.316667,-0.004013,0.930820,0.028125,0.364373,-215.504028,92.198120,84.216621
159,1.325000,-0.004205,0.930814,0.028032,0.364392,-215.506104,92.197861,84.213699
160,1.333333,-0.004351,0.930826,0.027669,0.364387,-215.508392,92.197029,84.211151
161,1.341667,-0.004577,0.930828,0.027625,0.364383,-215.510040,92.195992,84.208801
162,1.350000,-0.004470,0.930788,0.027619,0.364487,-215.513306,92.195076,84.208450
163,1.358333,-0.004671,0.930817,0.027541,0.364418,-215.514847,92.194275,84.207466
164,1.366667,-0.004572,0.930836,0.027728,0.364354,-215.515869,92.193718,84.207512
165,1.375000,-0.004561,0.930869,0.027947,0.364254,-215.518448,92.195358,84.210464
166,1.383333,-0.004382,0.930846,0.027879,0.364320,-215.520264,92.197350,84.212418
167,1.391667,-0.004620,0.930856,0.028037,0.364279,-215.521072,92.197487,84.216019
168,1.400000,-0.004653,0.930834,0.028039,0.364336,-215.522644,92.197861,84.217918
169,1.408333,-0.004500,0.930833,0.028076,0.364338,-215.524368,92.197510,84.221252
170,1.416667,-0.004588,0.930875,0.028101,0.364228,-215.525909,92.198212,84.223289
171,1.425000,-0.004705,0.930891,0.028181,0.364178,-215.526535,92.197472,84.224220
172,1.433333,-0.004628,0.930892,0.028392,0.364160,-215.527374,92.196724,84.225883
173,1.441667,-0.004671,0.930876,0.028321,0.364207,-215.528748,92.197525,84.223679
174,1.450000,-0.004908,0.930884,0.028384,0.364177,-215.529984,92.197937,84.224144
175,1.458333,-0.004736,0.930851,0.028346,0.364267,-215.531113,92.198166,84.223503
176,1.466667,-0.004814,0.930846,0.028417,0.364273,-215.531509,92.200249,84.220680
177,1.475000,-0.004723,0.930862,0.028394,0.364236,-215.532425,92.200943,84.219673
178,1.483333,-0.004748,0.930856,0.028537,0.364238,-215.530899,92.199226,84.216484
179,1.491667,-0.004635,0.930846,0.028336,0.364281,-215.531158,92.199875,84.214592
180,1.500000,-0.004720,0.930867,0.028334,0.364226,-215.530777,92.199226,84.213951
181,1.508333,-0.004687,0.930848,0.028124,0.364293,-215.529984,92.199104,84.212326
182,1.516667,-0.004642,0.930840,0.028166,0.364311,-215.529770,92.197861,84.214096
183,1.525000,-0.004634,0.930825,0.028217,0.364344,-215.528793,92.199440,84.214333
184,1.533333,-0.004647,0.930805,0.028255,0.364392,-215.528824,92.199265,84.217377
185,1.541667,-0.004794,0.930806,0.028409,0.364377,-215.528137,92.200104,84.221146
186,1.550000,-0.004677,0.930794,0.028438,0.364406,-215.527725,92.200485,84.224495
187,1.558333,-0.004663,0.930762,0.028482,0.364484,-215.527161,92.199989,84.227081
188,1.566667,-0.004780,0.930730,0.028282,0.364580,-215.526672,92.199852,84.229317
189,1.575000,-0.004870,0.930699,0.028147,0.364668,-215.526581,92.199417,84.230766
190,1.583333,-0.004742,0.930519,0.027877,0.365151,-215.522675,92.196617,84.237762
191,1.591667,-0.004982,0.930322,0.027216,0.365698,-215.517014,92.195335,84.243530
192,1.600000,-0.005269,0.930152,0.026639,0.366170,-215.511230,92.192749,84.247353
193,1.608333,-0.005226,0.930058,0.026306,0.366432,-215.509201,92.192444,84.248596
194,1.616667,-0.005297,0.930036,0.026208,0.366495,-215.509155,92.194656,84.245209
195,1.625000,-0.005312,0.930067,0.026263,0.366412,-215.508682,92.193764,84.243080
196,1.633333,-0.005065,0.930066,0.026225,0.366421,-215.510422,92.195663,84.238571
197,1.641667,-0.005251,0.930111,0.026439,0.366289,-215.508652,92.193367,84.236549
198,1.650000,-0.005081,0.930118,0.026349,0.366280,-215.508408,92.193779,84.232414
199,1.658333,-0.005054,0.930127,0.026209,0.366266,-215.507751,92.192902,84.231827
200,1.666667,-0.005156,0.930143,0.026350,0.366215,-215.505386,92.191238,84.231071
201,1.675000,-0.005092,0.930150,0.026349,0.366199,-215.505402,92.192261,84.231934
202,1.683333,-0.005296,0.930178,0.026473,0.366115,-215.503479,92.192307,84.234482
203,1.691667,-0.005133,0.930157,0.026382,0.366177,-215.502930,92.192169,84.236877
204,1.700000,-0.005213,0.930124,0.026402,0.366259,-215.502625,92.192978,84.240280
205,1.708333,-0.005318,0.930117,0.026528,0.366266,-215.500946,92.191765,84.243095
206,1.716667,-0.005269,0.930104,0.026391,0.366310,-215.501877,92.192032,84.245239
207,1.725000,-0.005225,0.930087,0.026308,0.366359,-215.501831,92.192459,84.245796
208,1.733333,-0.005158,0.930088,0.026484,0.366345,-215.503510,92.192711,84.246384
209,1.741667,-0.005069,0.930092,0.026510,0.366333,-215.505142,92.193665,84.246620
210,1.750000,-0.005223,0.930123,0.026564,0.366250,-215.506653,92.193825,84.245651
211,1.758333,-0.005120,0.930094,0.026348,0.366341,-215.507751,92.193344,84.245064
212,1.766667,-0.005156,0.930108,0.026345,0.366305,-215.507797,92.192879,84.242973
213,1.775000,-0.005100,0.930101,0.026239,0.366329,-215.508774,92.192215,84.240761
214,1.783333,-0.005025,0.930108,0.026289,0.366310,-215.509613,92.193932,84.238297
215,1.791667,-0.004955,0.930108,0.026392,0.366303,-215.509964,92.194710,84.236313
216,1.800000,-0.005037,0.930114,0.026313,0.366292,-215.510040,92.194260,84.234200
217,1.808333,-0.005174,0.930149,0.026370,0.366197,-215.508484,92.192970,84.235092
218,1.816667,-0.004977,0.930135,0.026449,0.366231,-215.507889,92.192932,84.236061
219,1.825000,-0.005110,0.930134,0.026396,0.366233,-215.507248,92.194000,84.236916
220,1.833333,-0.005063,0.930126,0.026347,0.366258,-215.506058,92.192360,84.239372
221,1.841667,-0.004988,0.930126,0.026387,0.366258,-215.505295,92.190887,84.241989
222,1.850000,-0.005208,0.930115,0.026237,0.366294,-215.504364,92.190552,84.244331
223,1.858333,-0.005083,0.930328,0.026591,0.365729,-215.511230,92.193260,84.240662
224,1.866667,-0.004993,0.930675,0.027416,0.364785,-215.520737,92.196762,84.230377
225,1.875000,-0.004798,0.930851,0.028156,0.364281,-215.526291,92.199486,84.225693
226,1.883333,-0.004832,0.930895,0.028357,0.364153,-215.528992,92.199394,84.223518
227,1.891667,-0.004581,0.930878,0.028430,0.364195,-215.531570,92.199638,84.223083
228,1.900000,-0.004533,0.930855,0.028592,0.364241,-215.536240,92.201385,84.222923
229,1.908333,-0.004586,0.930843,0.028784,0.364256,-215.538605,92.202179,84.222641
230,1.916667,-0.004607,0.930847,0.028918,0.364234,-215.540283,92.204163,84.222282
231,1.925000,-0.004658,0.930867,0.028936,0.364180,-215.542130,92.204552,84.221245
232,1.933333,-0.004770,0.930866,0.028986,0.364179,-215.541748,92.204704,84.218971
233,1.941667,-0.004786,0.930862,0.029226,0.364169,-215.540863,92.204094,84.219261
234,1.950000,-0.004714,0.930832,0.029170,0.364251,-215.540436,92.204628,84.217957
235,1.958333,-0.004604,0.930847,0.029051,0.364224,-215.539734,92.203926,84.217201
236,1.966667,-0.004651,0.930834,0.028996,0.364260,-215.539627,92.205048,84.216911
237,1.975000,-0.004812,0.930873,0.029082,0.364153,-215.537674,92.203957,84.218269
238,1.983333,-0.004852,0.930887,0.029162,0.364109,-215.536621,92.206116,84.220352
239,1.991667,-0.004679,0.930881,0.029100,0.364131,-215.534973,92.205490,84.221848
240,2.000000,-0.004638,0.930894,0.029041,0.364103,-215.533859,92.203003,84.223297
241,2.008333,-0.004502,0.930878,0.029017,0.364149,-215.534073,92.203835,84.223953
242,2.016667,-0.004599,0.930882,0.029058,0.364134,-215.534561,92.204102,84.225883
243,2.025000,-0.004700,0.930883,0.029195,0.364118,-215.534805,92.203491,84.228256
244,2.033333,-0.005077,0.930827,0.029082,0.364266,-215.537003,92.208160,84.231339
245,2.041667,-0.004897,0.930849,0.028937,0.364222,-215.535477,92.206734,84.230247
246,2.050000,-0.004697,0.930868,0.029196,0.364158,-215.536972,92.206451,84.229248
247,2.058333,-0.004620,0.930869,0.029128,0.364161,-215.537781,92.204323,84.227600
248,2.066667,-0.004445,0.930895,0.029203,0.364091,-215.539551,92.202553,84.225731
249,2.075000,-0.004484,0.930913,0.029177,0.364047,-215.540100,92.202606,84.223862
250,2.083333,-0.004667,0.930908,0.029085,0.364064,-215.540619,92.203293,84.222870
251,2.091667,-0.004636,0.930895,0.029068,0.364098,-215.540390,92.204132,84.221268
252,2.100000,-0.004641,0.930909,0.028996,0.364068,-215.539841,92.203339,84.219429
253,2.108333,-0.004668,0.930893,0.028847,0.364122,-215.540222,92.203224,84.218246
254,2.116667,-0.004553,0.930856,0.028988,0.364207,-215.540344,92.203751,84.217873
255,2.125000,-0.004613,0.930846,0.029058,0.364226,-215.539688,92.202484,84.218391
256,2.133333,-0.004680,0.930890,0.029056,0.364113,-215.539597,92.202927,84.218185
257,2.141667,-0.004623,0.930879,0.029023,0.364144,-215.539627,92.203377,84.219215
258,2.150000,-0.004581,0.930845,0.029057,0.364227,-215.539261,92.203880,84.219933
259,2.158333,-0.004587,0.930882,0.029103,0.364129,-215.538818,92.202957,84.220955
260,2.166667,-0.004569,0.930901,0.029082,0.364084,-215.538788,92.203270,84.222015
261,2.175000,-0.004412,0.930892,0.029022,0.364114,-215.539291,92.203178,84.221474
262,2.183333,-0.004282,0.930874,0.029125,0.364152,-215.540222,92.203827,84.221443
263,2.191667,-0.004367,0.930864,0.029296,0.364164,-215.541077,92.204369,84.221985
264,2.200000,-0.004507,0.930852,0.028868,0.364227,-215.541794,92.204247,84.217941
265,2.208333,-0.004549,0.930885,0.028850,0.364142,-215.544891,92.204216,84.219147
266,2.216667,-0.004638,0.930893,0.029022,0.364109,-215.545792,92.203568,84.218689
267,2.225000,-0.004611,0.930895,0.029070,0.364099,-215.546585,92.203377,84.217438
268,2.233333,-0.004561,0.930884,0.029100,0.364124,-215.546921,92.204269,84.215065
269,2.241667,-0.004627,0.930894,0.028924,0.364113,-215.545486,92.202148,84.212563
270,2.250000,-0.004580,0.930908,0.028674,0.364097,-215.545990,92.202255,84.209862
271,2.258333,-0.004637,0.930882,0.028622,0.364168,-215.545105,92.200157,84.210526
272,2.266667,-0.004698,0.930875,0.028832,0.364169,-215.545822,92.202980,84.211800
273,2.275000,-0.004646,0.930853,0.028915,0.364220,-215.544815,92.203590,84.213608
274,2.283333,-0.004535,0.930853,0.028955,0.364217,-215.544037,92.203377,84.215004
275,2.291667,-0.004585,0.930879,0.029064,0.364141,-215.542953,92.202667,84.218338
276,2.300000,-0.004503,0.930869,0.029141,0.364162,-215.542130,92.203316,84.219788
277,2.308333,-0.004528,0.930909,0.029230,0.364052,-215.541626,92.202202,84.223259
278,2.316667,-0.004471,0.930897,0.029141,0.364089,-215.540939,92.201790,84.223717
279,2.325000,-0.004530,0.930913,0.029176,0.364046,-215.541748,92.202415,84.225937
280,2.333333,-0.004411,0.930900,0.029214,0.364076,-215.541809,92.203308,84.226524
281,2.341667,-0.004489,0.930895,0.029080,0.364100,-215.542770,92.203354,84.225616
282,2.350000,-0.004601,0.930907,0.029166,0.364060,-215.544296,92.202255,84.226158
283,2.358333,-0.004535,0.930893,0.029166,0.364097,-215.545578,92.201721,84.224030
284,2.366667,-0.004563,0.930891,0.029251,0.364096,-215.546799,92.202171,84.223022
285,2.375000,-0.004599,0.930894,0.029243,0.364089,-215.547531,92.202011,84.220284
286,2.383333,-0.004587,0.930875,0.029174,0.364141,-215.548248,92.202827,84.218613
287,2.391667,-0.004899,0.930840,0.029197,0.364226,-215.550369,92.206314,84.220795
288,2.400000,-0.004665,0.930847,0.029115,0.364217,-215.548615,92.206940,84.218094
289,2.408333,-0.004691,0.930875,0.029115,0.364144,-215.548233,92.204704,84.216377
290,2.416667,-0.004582,0.930914,0.029146,0.364044,-215.548950,92.203369,84.214081
291,2.425000,-0.004450,0.930930,0.029199,0.364001,-215.550018,92.201477,84.213264
292,2.433333,-0.004394,0.930917,0.029071,0.364046,-215.550812,92.202850,84.214951
293,2.441667,-0.004358,0.930894,0.029197,0.364094,-215.550705,92.201744,84.215096
294,2.450000,-0.004394,0.930914,0.029278,0.364037,-215.551285,92.201630,84.217819
295,2.458333,-0.004214,0.930897,0.029235,0.364086,-215.551880,92.201637,84.218842
296,2.466667,-0.004484,0.930907,0.029416,0.364042,-215.552658,92.202637,84.220711
297,2.475000,-0.004377,0.930920,0.029456,0.364006,-215.553421,92.202454,84.221039
298,2.483333,-0.004599,0.930863,0.029341,0.364158,-215.556213,92.205719,84.226013
299,2.491667,-0.004830,0.930855,0.029327,0.364178,-215.555817,92.207634,84.227196
300,2.500000,-0.004434,0.930867,0.029162,0.364165,-215.555267,92.206596,84.223450
301,2.508333,-0.004659,0.930883,0.029192,0.364119,-215.557983,92.207535,84.223663
302,2.516667,-0.004805,0.930871,0.029211,0.364147,-215.558334,92.206573,84.222725
303,2.525000,-0.004935,0.930839,0.029057,0.364238,-215.559219,92.208328,84.220856
304,2.533333,-0.004667,0.930857,0.029177,0.364187,-215.559052,92.207207,84.217812
305,2.541667,-0.004928,0.930809,0.028845,0.364333,-215.558792,92.205742,84.216133
306,2.550000,-0.004628,0.930886,0.029143,0.364116,-215.559082,92.204269,84.216087
307,2.558333,-0.004749,0.930821,0.029011,0.364290,-215.559174,92.206802,84.216927
308,2.566667,-0.004780,0.930872,0.028895,0.364169,-215.555405,92.202583,84.213715
309,2.575000,-0.004582,0.930917,0.029119,0.364039,-215.555435,92.202011,84.215614
310,2.583333,-0.004402,0.930914,0.029222,0.364041,-215.555222,92.201630,84.215370
311,2.591667,-0.004379,0.930932,0.029361,0.363984,-215.554474,92.199921,84.217201
312,2.600000,-0.004659,0.930857,0.029276,0.364179,-215.555283,92.203804,84.220192
313,2.608333,-0.004585,0.930922,0.029333,0.364009,-215.553909,92.202904,84.221298
314,2.616667,-0.004499,0.930915,0.029319,0.364029,-215.553528,92.201553,84.221939
315,2.625000,-0.004579,0.930908,0.029291,0.364048,-215.553879,92.200996,84.220451
316,2.633333,-0.004355,0.930910,0.029348,0.364043,-215.556915,92.201584,84.220589
317,2.641667,-0.004293,0.930943,0.029412,0.363954,-215.557434,92.201164,84.220230
318,2.650000,-0.004322,0.930954,0.029385,0.363927,-215.559265,92.201752,84.218826
319,2.658333,-0.004564,0.930869,0.029180,0.364157,-215.562607,92.206360,84.221199
320,2.666667,-0.004783,0.930841,0.029172,0.364226,-215.563019,92.208138,84.222618
321,2.675000,-0.005152,0.930831,0.029196,0.364244,-215.563492,92.208267,84.224442
322,2.683333,-0.005203,0.930801,0.029159,0.364324,-215.563797,92.209450,84.223305
323,2.691667,-0.005101,0.930785,0.029109,0.364372,-215.564346,92.210297,84.222458
324,2.700000,-0.004719,0.930851,0.029209,0.364199,-215.563156,92.207642,84.220581
325,2.708333,-0.004733,0.930877,0.029218,0.364133,-215.562912,92.206139,84.221611
326,2.716667,-0.004874,0.930861,0.029155,0.364175,-215.561676,92.206100,84.222672
327,2.725000,-0.004470,0.930892,0.029331,0.364088,-215.557449,92.203049,84.220779
328,2.733333,-0.004681,0.930874,0.029400,0.364126,-215.558243,92.205605,84.223946
329,2.741667,-0.004532,0.930890,0.029386,0.364087,-215.555695,92.203827,84.223076
330,2.750000,-0.004496,0.930922,0.029347,0.364010,-215.553070,92.200829,84.223091
331,2.758333,-0.004293,0.930916,0.029280,0.364032,-215.552979,92.199554,84.222786
332,2.766667,-0.004519,0.930943,0.029379,0.363953,-215.553253,92.199089,84.222824
333,2.775000,-0.004449,0.930927,0.029372,0.363995,-215.554260,92.200760,84.223770
334,2.783333,-0.004378,0.930919,0.029431,0.364013,-215.553879,92.200264,84.223000
335,2.791667,-0.004527,0.930903,0.029069,0.364079,-215.553909,92.199356,84.221054
336,2.800000,-0.004784,0.930900,0.029130,0.364080,-215.557480,92.203941,84.225174
337,2.808333,-0.004600,0.930882,0.029351,0.364109,-215.557007,92.204102,84.223717
338,2.816667,-0.004533,0.930927,0.029462,0.363987,-215.557983,92.202606,84.223244
339,2.825000,-0.004314,0.930937,0.029323,0.363975,-215.560028,92.202499,84.219414
340,2.833333,-0.004222,0.930960,0.029463,0.363907,-215.561386,92.200783,84.218941
341,2.841667,-0.004260,0.930948,0.029316,0.363947,-215.562134,92.201645,84.217804
342,2.850000,-0.004594,0.930874,0.029300,0.364136,-215.564651,92.206459,84.220520
343,2.858333,-0.004591,0.930895,0.029409,0.364071,-215.562866,92.205086,84.220421
344,2.866667,-0.004593,0.930910,0.029213,0.364051,-215.562485,92.204414,84.218445
345,2.875000,-0.004560,0.930927,0.029351,0.363996,-215.563019,92.203964,84.217873
346,2.883333,-0.004783,0.930873,0.029320,0.364133,-215.564255,92.206589,84.220612
347,2.891667,-0.004612,0.930883,0.029282,0.364113,-215.561890,92.204834,84.218803
348,2.900000,-0.004361,0.930928,0.029324,0.363997,-215.562180,92.203819,84.217705
349,2.908333,-0.004263,0.930917,0.029354,0.364025,-215.562195,92.204185,84.215385
350,2.916667,-0.004227,0.930934,0.029313,0.363986,-215.561707,92.202446,84.216896
351,2.925000,-0.004251,0.930940,0.029275,0.363972,-215.559860,92.202087,84.217407
352,2.933333,-0.004315,0.930942,0.029256,0.363967,-215.558975,92.202080,84.218178
353,2.941667,-0.004466,0.930928,0.029312,0.363997,-215.559204,92.202995,84.219322
354,2.950000,-0.004346,0.930914,0.029354,0.364032,-215.557648,92.202248,84.219841
355,2.958333,-0.004449,0.930921,0.029398,0.364008,-215.557236,92.201469,84.220505
356,2.966667,-0.004364,0.930903,0.029415,0.364053,-215.556763,92.200790,84.220039
357,2.975000,-0.004262,0.930920,0.029357,0.364018,-215.556976,92.199928,84.220947
358,2.983333,-0.004348,0.930905,0.029457,0.364046,-215.557144,92.200935,84.222229
359,2.991667,-0.004416,0.930894,0.029484,0.364071,-215.556793,92.202095,84.221939
360,3.000000,-0.004337,0.930895,0.029385,0.364078,-215.557571,92.201775,84.222977
361,3.008333,-0.004424,0.930925,0.029272,0.364008,-215.558151,92.201447,84.221375
362,3.016667,-0.004448,0.930781,0.029247,0.364379,-215.564606,92.203972,84.217712
363,3.025000,-0.005066,0.930550,0.029551,0.364936,-215.572937,92.202393,84.216469
364,3.033333,-0.005592,0.930415,0.030011,0.365234,-215.578964,92.198349,84.212387
365,3.041667,-0.006055,0.930324,0.030372,0.365429,-215.583679,92.193260,84.208641
366,3.050000,-0.006047,0.930289,0.030539,0.365504,-215.586227,92.191353,84.205673
367,3.058333,-0.005965,0.930292,0.030526,0.365498,-215.586777,92.190620,84.205208
368,3.066667,-0.005829,0.930345,0.030376,0.365380,-215.587234,92.192001,84.203812
369,3.075000,-0.006246,0.930333,0.030250,0.365413,-215.587570,92.195335,84.204735
370,3.083333,-0.006349,0.930311,0.030213,0.365471,-215.585831,92.197983,84.207794
371,3.091667,-0.006231,0.930343,0.030430,0.365372,-215.581345,92.194328,84.208778
372,3.100000,-0.006282,0.930364,0.030384,0.365321,-215.578674,92.195023,84.215309
373,3.108333,-0.005836,0.930524,0.030441,0.364918,-215.568893,92.193810,84.220619
374,3.116667,-0.004940,0.930712,0.030291,0.364463,-215.557190,92.193924,84.227203
375,3.125000,-0.004106,0.930898,0.030147,0.364010,-215.543106,92.196266,84.241280
376,3.133333,-0.003514,0.931075,0.030179,0.363560,-215.531738,92.198967,84.254677
377,3.141667,-0.003209,0.931082,0.030309,0.363534,-215.523193,92.203911,84.275238
378,3.150000,-0.003188,0.931077,0.030563,0.363527,-215.515045,92.209717,84.293762
379,3.158333,-0.003292,0.931048,0.030630,0.363593,-215.505081,92.213600,84.311523
380,3.166667,-0.003028,0.931032,0.030940,0.363611,-215.499039,92.216240,84.328514
381,3.175000,-0.003345,0.931164,0.032163,0.363163,-215.488403,92.213615,84.352745
382,3.183333,-0.002846,0.931211,0.032574,0.363011,-215.475220,92.213814,84.377090
383,3.191667,-0.001324,0.931213,0.033404,0.362938,-215.456039,92.205170,84.412613
384,3.200000,0.001091,0.931298,0.032850,0.362774,-215.442032,92.209839,84.452988
385,3.208333,0.002216,0.931378,0.033033,0.362544,-215.421051,92.210190,84.488472
386,3.216667,0.003026,0.931409,0.033198,0.362445,-215.398117,92.213455,84.518417
387,3.225000,0.003665,0.931404,0.033459,0.362427,-215.380096,92.215271,84.543297
388,3.233333,0.003662,0.931383,0.033844,0.362444,-215.366196,92.216148,84.561226
389,3.241667,0.003813,0.931363,0.033770,0.362502,-215.356918,92.216827,84.574661
390,3.250000,0.003342,0.931261,0.033969,0.362751,-215.357285,92.222641,84.591148
391,3.258333,0.003499,0.931183,0.034183,0.362929,-215.357285,92.221176,84.601089
392,3.266667,0.003749,0.931117,0.034412,0.363075,-215.358322,92.220352,84.608620
393,3.275000,0.003717,0.931090,0.034575,0.363128,-215.360077,92.220184,84.612450
394,3.283333,0.003793,0.931103,0.034652,0.363088,-215.360092,92.219284,84.617752
395,3.291667,0.003936,0.931061,0.034598,0.363197,-215.359207,92.220123,84.621445
396,3.300000,0.003897,0.931045,0.034912,0.363210,-215.357300,92.220512,84.628746
397,3.308333,0.003867,0.931062,0.035020,0.363156,-215.356354,92.222351,84.637146
398,3.316667,0.005477,0.931098,0.035391,0.363008,-215.347458,92.209396,84.645065
399,3.325000,0.006227,0.931133,0.035797,0.362866,-215.347748,92.204620,84.656052
400,3.333333,0.006776,0.931090,0.036248,0.362922,-215.350922,92.202576,84.666481
401,3.341667,0.006876,0.931049,0.036753,0.362975,-215.353271,92.200302,84.674934
402,3.350000,0.006944,0.931078,0.036855,0.362887,-215.357498,92.200874,84.680107
403,3.358333,0.006877,0.931084,0.036840,0.362875,-215.362045,92.201302,84.680122
404,3.366667,0.006535,0.931081,0.036499,0.362924,-215.367859,92.204033,84.676453
405,3.375000,0.006019,0.931114,0.036243,0.362872,-215.373413,92.204224,84.669342
406,3.383333,0.005603,0.931125,0.035943,0.362883,-215.378540,92.203735,84.659126
407,3.391667,0.003485,0.931004,0.035264,0.363284,-215.393585,92.222122,84.647026
408,3.400000,0.002852,0.931033,0.034650,0.363274,-215.404755,92.222336,84.622841
409,3.408333,0.002893,0.931244,0.033956,0.362800,-215.408234,92.214233,84.583649
410,3.416667,0.002720,0.931342,0.033489,0.362592,-215.418579,92.213341,84.554527
411,3.425000,0.002416,0.931444,0.033337,0.362347,-215.430115,92.214455,84.531113
412,3.433333,0.001878,0.931466,0.033127,0.362312,-215.441803,92.213814,84.515259
413,3.441667,0.001930,0.931379,0.032810,0.362563,-215.451263,92.215210,84.521271
414,3.450000,0.001978,0.931317,0.033156,0.362693,-215.455704,92.235603,84.540085
415,3.458333,0.002324,0.931272,0.033789,0.362747,-215.453217,92.267784,84.559296
416,3.466667,0.002928,0.931077,0.034244,0.363199,-215.441254,92.309494,84.575348
417,3.475000,0.003564,0.930919,0.034714,0.363554,-215.429428,92.361412,84.584076
418,3.483333,0.003230,0.930976,0.036762,0.363210,-215.433151,92.437721,84.588013
419,3.491667,0.006197,0.930916,0.034887,0.363510,-215.437454,92.516670,84.594963
420,3.500000,0.005808,0.930983,0.034626,0.363372,-215.434784,92.563744,84.609512
421,3.508333,0.005344,0.931000,0.034150,0.363378,-215.427582,92.613541,84.623878
422,3.516667,0.004847,0.931049,0.033600,0.363312,-215.417770,92.666603,84.636139
423,3.525000,0.002415,0.930844,0.033037,0.363914,-215.423996,92.737465,84.656921
424,3.533333,0.002848,0.930944,0.032528,0.363698,-215.419388,92.777306,84.656723
425,3.541667,0.003341,0.930994,0.032610,0.363561,-215.419052,92.811180,84.659172
426,3.550000,0.003563,0.930992,0.033050,0.363522,-215.421417,92.852463,84.666290
427,3.558333,0.003693,0.931074,0.033378,0.363280,-215.416809,92.898026,84.671669
428,3.566667,0.003821,0.931215,0.033425,0.362916,-215.408493,92.950813,84.682877
429,3.575000,0.002289,0.931265,0.032572,0.362876,-215.406509,93.026176,84.686836
430,3.583333,0.005328,0.930770,0.030773,0.364268,-215.408798,93.102043,84.693871
431,3.591667,0.004127,0.930604,0.029888,0.364782,-215.407852,93.168823,84.696838
432,3.600000,0.003713,0.930604,0.029750,0.364798,-215.405273,93.220428,84.698303
433,3.608333,0.003350,0.930676,0.029434,0.364644,-215.401505,93.272591,84.706322
434,3.616667,0.003012,0.930770,0.029482,0.364403,-215.391357,93.326202,84.713799
435,3.625000,0.001310,0.930944,0.029232,0.363989,-215.379578,93.394379,84.720459
436,3.633333,0.001108,0.931053,0.029142,0.363718,-215.363831,93.452362,84.731026
437,3.641667,0.001054,0.931071,0.029228,0.363664,-215.355301,93.504128,84.745094
438,3.650000,0.000295,0.931105,0.029881,0.363526,-215.357941,93.561691,84.747894
439,3.658333,0.000805,0.931205,0.029904,0.363266,-215.365768,93.614937,84.749596
440,3.666667,0.004358,0.930931,0.028216,0.364077,-215.378067,93.676956,84.742058
441,3.675000,0.003807,0.930856,0.027641,0.364319,-215.385269,93.719444,84.743134
442,3.683333,0.003853,0.930926,0.026708,0.364209,-215.382843,93.760323,84.751518
443,3.691667,0.003594,0.931055,0.025988,0.363936,-215.374329,93.805237,84.760620
444,3.700000,0.002927,0.931223,0.025636,0.363536,-215.361191,93.855202,84.766716
445,3.708333,0.000462,0.931131,0.025752,0.363775,-215.358658,93.923843,84.778427
446,3.716667,0.000591,0.931179,0.025968,0.363636,-215.346054,93.973122,84.778778
447,3.725000,0.000641,0.931017,0.026249,0.364030,-215.340179,94.026550,84.779778
448,3.733333,-0.000697,0.930845,0.025240,0.364541,-215.344955,94.089981,84.776352
449,3.741667,-0.000485,0.930979,0.026194,0.364131,-215.347076,94.155624,84.774719
450,3.750000,-0.000181,0.931260,0.025831,0.363438,-215.340973,94.208733,84.760422
451,3.758333,0.002651,0.931287,0.022863,0.363559,-215.342712,94.275658,84.741669
452,3.766667,0.002232,0.931410,0.021979,0.363301,-215.340729,94.326363,84.731743
453,3.775000,0.001376,0.931482,0.021681,0.363137,-215.340973,94.376953,84.725090
454,3.783333,-0.001268,0.931267,0.021610,0.363693,-215.349960,94.446175,84.725014
455,3.791667,-0.000931,0.931368,0.021533,0.363441,-215.343933,94.488670,84.717407
456,3.800000,-0.001215,0.931350,0.021360,0.363496,-215.341156,94.535866,84.715836
457,3.808333,-0.002665,0.931232,0.020218,0.363855,-215.345383,94.594864,84.708130
458,3.816667,-0.002805,0.931200,0.019633,0.363968,-215.338943,94.636658,84.707428
459,3.825000,-0.003039,0.931144,0.019101,0.364139,-215.327805,94.674568,84.709358
460,3.833333,-0.003077,0.931112,0.018185,0.364266,-215.318054,94.713203,84.714912
461,3.841667,-0.003689,0.931125,0.017470,0.364264,-215.312790,94.753799,84.712067
462,3.850000,-0.000851,0.931223,0.016983,0.364052,-215.323334,94.819405,84.701416
463,3.858333,-0.000457,0.931404,0.016959,0.363591,-215.327042,94.859543,84.685463
464,3.866667,-0.000572,0.931555,0.016481,0.363227,-215.329788,94.891541,84.671593
465,3.875000,-0.003028,0.931462,0.016107,0.363469,-215.338272,94.942848,84.671265
466,3.883333,-0.003491,0.931401,0.015927,0.363630,-215.336304,94.975975,84.666565
467,3.891667,-0.003184,0.931544,0.015773,0.363273,-215.325760,95.002678,84.658119
468,3.900000,-0.004602,0.931611,0.015684,0.363088,-215.295990,95.047882,84.668671
469,3.908333,-0.005936,0.931593,0.014718,0.363156,-215.302063,95.088631,84.658150
470,3.916667,-0.005621,0.931646,0.014165,0.363047,-215.304688,95.116447,84.653275
471,3.925000,-0.005283,0.931717,0.013986,0.362876,-215.303970,95.139854,84.650215
472,3.933333,-0.004903,0.931752,0.013709,0.362804,-215.301697,95.166206,84.647758
473,3.941667,-0.004699,0.931815,0.013422,0.362656,-215.295319,95.191917,84.647896
474,3.950000,-0.004860,0.931874,0.012982,0.362516,-215.286942,95.220314,84.650978
475,3.958333,-0.004553,0.931780,0.012582,0.362778,-215.279434,95.243004,84.655304
476,3.966667,-0.004856,0.931674,0.012358,0.363052,-215.273743,95.261772,84.657570
477,3.975000,-0.004908,0.931524,0.012212,0.363442,-215.270447,95.276108,84.660980
478,3.983333,-0.004794,0.931418,0.012196,0.363716,-215.270309,95.290222,84.665276
479,3.991667,-0.004335,0.931687,0.014917,0.362930,-215.281128,95.322632,84.660896
480,4.000000,-0.004360,0.931865,0.015207,0.362460,-215.289169,95.344467,84.652771
481,4.008333,-0.001840,0.931717,0.013505,0.362929,-215.297409,95.380257,84.642090
482,4.016667,-0.001928,0.931711,0.013396,0.362947,-215.294067,95.403847,84.640724
483,4.025000,-0.002522,0.931644,0.013343,0.363119,-215.287308,95.430748,84.639946
484,4.033333,-0.004445,0.931316,0.012997,0.363952,-215.286728,95.472939,84.654999
485,4.041667,-0.005408,0.931397,0.012660,0.363744,-215.278549,95.500824,84.648552
486,4.050000,-0.005645,0.931553,0.012415,0.363350,-215.271118,95.522545,84.648361
487,4.058333,-0.005941,0.931767,0.012410,0.362797,-215.262955,95.543648,84.647621
488,4.066667,-0.004874,0.931995,0.012361,0.362227,-215.249161,95.554031,84.642563
489,4.075000,-0.004515,0.932093,0.012360,0.361980,-215.243607,95.570129,84.641853
490,4.083333,-0.004419,0.932157,0.012362,0.361816,-215.240143,95.587471,84.643448
491,4.091667,-0.005636,0.932108,0.011494,0.361955,-215.243622,95.619446,84.634819
492,4.100000,-0.005795,0.932086,0.011349,0.362012,-215.240997,95.639381,84.632584
493,4.108333,-0.005200,0.932288,0.013760,0.361418,-215.244507,95.674911,84.626724
494,4.116667,-0.005266,0.932343,0.014128,0.361260,-215.241364,95.698364,84.623413
495,4.125000,-0.005116,0.932344,0.013648,0.361278,-215.237503,95.721008,84.617508
496,4.133333,-0.005357,0.932379,0.013350,0.361197,-215.233200,95.735817,84.615974
497,4.141667,-0.005147,0.932365,0.013162,0.361242,-215.231415,95.750778,84.616478
498,4.150000,-0.005255,0.932378,0.013176,0.361206,-215.231567,95.765091,84.617554
499,4.158333,-0.005218,0.932323,0.012909,0.361358,-215.234253,95.780739,84.617416
500,4.166667,-0.005383,0.932265,0.012655,0.361515,-215.237305,95.797676,84.615707
501,4.175000,-0.005442,0.932233,0.012771,0.361591,-215.239304,95.810005,84.616241
502,4.183333,-0.005411,0.932202,0.012807,0.361672,-215.238525,95.823494,84.618095
503,4.191667,-0.005424,0.932184,0.012873,0.361714,-215.234589,95.836006,84.617889
504,4.200000,-0.006345,0.932223,0.012638,0.361607,-215.214890,95.859245,84.626953
505,4.208333,-0.006783,0.932297,0.012689,0.361408,-215.201996,95.880058,84.630905
506,4.216667,-0.006465,0.932375,0.012590,0.361215,-215.194580,95.906937,84.628258
507,4.225000,-0.006316,0.932504,0.011911,0.360908,-215.184708,95.946251,84.613487
508,4.233333,-0.005344,0.932126,0.008834,0.361988,-215.179565,96.022797,84.601318
509,4.241667,-0.007342,0.932499,0.008266,0.361004,-215.137100,96.102180,84.591270
510,4.250000,-0.008156,0.932499,0.006514,0.361021,-215.114899,96.172607,84.567627
511,4.258333,-0.008737,0.932728,0.005272,0.360437,-215.090775,96.230042,84.552177
512,4.266667,-0.008571,0.932932,0.004547,0.359921,-215.071152,96.276787,84.539986
513,4.275000,-0.008223,0.933035,0.003933,0.359669,-215.057190,96.318504,84.533653
514,4.283333,-0.008028,0.933061,0.003505,0.359611,-215.051086,96.352463,84.532211
515,4.291667,-0.008168,0.932929,0.002984,0.359956,-215.053299,96.387115,84.526978
516,4.300000,-0.008771,0.932690,0.002112,0.360565,-215.061996,96.423409,84.521660
517,4.308333,-0.008967,0.932535,0.001200,0.360966,-215.070389,96.457748,84.517227
518,4.316667,-0.008102,0.932157,-0.000960,0.361964,-215.071732,96.516960,84.514008
519,4.325000,-0.008938,0.932166,-0.001140,0.361920,-215.071823,96.542656,84.512901
520,4.333333,-0.010631,0.932064,-0.002475,0.362130,-215.078568,96.577057,84.500893
521,4.341667,-0.009258,0.933178,0.005129,0.359258,-215.115479,96.634880,84.462570
522,4.350000,-0.008927,0.933232,0.004893,0.359130,-215.120102,96.641624,84.457718
523,4.358333,-0.008758,0.933288,0.004804,0.358991,-215.125366,96.650375,84.455025
524,4.366667,-0.009081,0.933299,0.004794,0.358952,-215.130356,96.659317,84.452858
525,4.375000,-0.009259,0.933320,0.004736,0.358894,-215.133789,96.668068,84.452347
526,4.383333,-0.009511,0.933330,0.004652,0.358864,-215.133408,96.673065,84.452080
527,4.391667,-0.009584,0.933308,0.004611,0.358919,-215.129761,96.673294,84.450096
528,4.400000,-0.009402,0.933312,0.004635,0.358913,-215.126587,96.670944,84.450600
529,4.408333,-0.009249,0.933339,0.004754,0.358846,-215.125656,96.666672,84.452553
530,4.416667,-0.009073,0.933312,0.004859,0.358918,-215.126221,96.663681,84.455147
531,4.425000,-0.009179,0.933274,0.004800,0.359015,-215.125366,96.660599,84.455215
532,4.433333,-0.009139,0.933270,0.004750,0.359029,-215.125229,96.664673,84.451393
533,4.441667,-0.009085,0.933309,0.004568,0.358931,-215.122559,96.668953,84.450439
534,4.450000,-0.009134,0.933323,0.004591,0.358892,-215.120361,96.669891,84.450546
535,4.458333,-0.009282,0.933344,0.004619,0.358832,-215.118835,96.669228,84.452301
536,4.466667,-0.009248,0.933325,0.004657,0.358882,-215.118927,96.666794,84.452614
537,4.475000,-0.009258,0.933281,0.004565,0.358998,-215.119843,96.664314,84.453789
538,4.483333,-0.009334,0.933280,0.004763,0.358997,-215.120941,96.663948,84.455017
539,4.491667,-0.009230,0.933296,0.004736,0.358958,-215.122772,96.666245,84.452530
540,4.500000,-0.009373,0.933322,0.004650,0.358888,-215.123718,96.669319,84.452332
541,4.508333,-0.009300,0.933318,0.004605,0.358900,-215.123779,96.670601,84.451584
542,4.516667,-0.009281,0.933307,0.004628,0.358929,-215.124298,96.669449,84.452911
543,4.525000,-0.009354,0.933290,0.004715,0.358972,-215.125137,96.667305,84.453835
544,4.533333,-0.009155,0.933303,0.004750,0.358943,-215.125397,96.664200,84.455582
545,4.541667,-0.009269,0.933289,0.004746,0.358976,-215.126328,96.665199,84.453720
546,4.550000,-0.009093,0.933311,0.004813,0.358922,-215.126846,96.667305,84.452843
547,4.558333,-0.009323,0.933291,0.004657,0.358969,-215.125366,96.668610,84.451263
548,4.566667,-0.009354,0.933316,0.004710,0.358903,-215.123322,96.668587,84.452545
549,4.575000,-0.009353,0.933323,0.004712,0.358884,-215.122604,96.668007,84.453430
550,4.583333,-0.009415,0.933287,0.004778,0.358977,-215.120102,96.664261,84.455124
551,4.591667,-0.009260,0.933275,0.004822,0.359012,-215.119385,96.663803,84.455360
552,4.600000,-0.009273,0.933294,0.004736,0.358962,-215.118408,96.664444,84.454201
553,4.608333,-0.009272,0.933272,0.004621,0.359021,-215.117264,96.665741,84.453156
554,4.616667,-0.009278,0.933321,0.004489,0.358894,-215.116531,96.668922,84.452591
555,4.625000,-0.009384,0.933339,0.004634,0.358845,-215.114807,96.668274,84.453941
556,4.633333,-0.009347,0.933313,0.004638,0.358912,-215.115051,96.667519,84.454796
557,4.641667,-0.009470,0.933295,0.004677,0.358955,-215.114716,96.665924,84.455841
558,4.650000,-0.009448,0.933297,0.004625,0.358950,-215.115280,96.665863,84.456985
559,4.658333,-0.009264,0.933290,0.004526,0.358976,-215.116852,96.667160,84.457237
560,4.666667,-0.009242,0.933302,0.004659,0.358944,-215.117142,96.667458,84.457558
561,4.675000,-0.009188,0.933289,0.004593,0.358979,-215.118530,96.667358,84.456947
562,4.683333,-0.009236,0.933293,0.004578,0.358967,-215.118790,96.667587,84.457970
563,4.691667,-0.009255,0.933303,0.004700,0.358940,-215.118820,96.666412,84.458694
564,4.700000,-0.009177,0.933306,0.004654,0.358934,-215.119308,96.665375,84.458549
565,4.708333,-0.009390,0.933284,0.004792,0.358984,-215.119598,96.664902,84.458824
566,4.716667,-0.009280,0.933287,0.004773,0.358979,-215.119583,96.666115,84.456169
567,4.725000,-0.009372,0.933320,0.004620,0.358894,-215.119003,96.667328,84.456055
568,4.733333,-0.009378,0.933320,0.004583,0.358894,-215.119080,96.668327,84.454399
569,4.741667,-0.009237,0.933310,0.004608,0.358924,-215.117828,96.667137,84.454620
570,4.750000,-0.009236,0.933313,0.004609,0.358914,-215.116760,96.666763,84.454666
571,4.758333,-0.009221,0.933304,0.004596,0.358940,-215.116547,96.666634,84.454475
572,4.766667,-0.009344,0.933313,0.004585,0.358912,-215.116714,96.667824,84.454613
573,4.775000,-0.009167,0.933298,0.004464,0.358958,-215.116623,96.668121,84.453339
574,4.783333,-0.009277,0.933318,0.004477,0.358902,-215.117188,96.668457,84.452888
575,4.791667,-0.009273,0.933330,0.004519,0.358871,-215.117233,96.668129,84.454468
576,4.800000,-0.009209,0.933310,0.004627,0.358924,-215.117859,96.666977,84.454826
577,4.808333,-0.009218,0.933331,0.004701,0.358869,-215.118652,96.665749,84.455772
578,4.816667,-0.009197,0.933322,0.004616,0.358892,-215.119843,96.666107,84.455536
579,4.825000,-0.009210,0.933304,0.004692,0.358938,-215.120956,96.665886,84.454964
580,4.833333,-0.009306,0.933327,0.004769,0.358874,-215.122696,96.666435,84.455650
581,4.841667,-0.009237,0.933342,0.004771,0.358837,-215.123108,96.667084,84.454651
582,4.850000,-0.009210,0.933327,0.004777,0.358878,-215.124084,96.667412,84.454102
583,4.858333,-0.009177,0.933298,0.004735,0.358955,-215.123291,96.665916,84.453972
584,4.866667,-0.009233,0.933314,0.004831,0.358910,-215.122681,96.665512,84.454018
585,4.875000,-0.009239,0.933306,0.004674,0.358934,-215.123611,96.667740,84.452881
586,4.883333,-0.009268,0.933311,0.004653,0.358919,-215.122650,96.667740,84.451797
587,4.891667,-0.009220,0.933317,0.004621,0.358904,-215.122223,96.668365,84.452370
588,4.900000,-0.009326,0.933308,0.004611,0.358925,-215.120987,96.668526,84.451271
589,4.908333,-0.009356,0.933318,0.004655,0.358899,-215.119385,96.668396,84.451698
590,4.916667,-0.009224,0.933315,0.004659,0.358909,-215.118454,96.667374,84.452866
591,4.925000,-0.009264,0.933324,0.004591,0.358886,-215.117615,96.666985,84.452950
592,4.933333,-0.009375,0.933328,0.004617,0.358873,-215.117981,96.667664,84.452423
593,4.941667,-0.009391,0.933339,0.004716,0.358843,-215.117096,96.666313,84.453377
594,4.950000,-0.009299,0.933341,0.004706,0.358841,-215.117950,96.667374,84.453865
595,4.958333,-0.009220,0.933300,0.004525,0.358950,-215.119049,96.667809,84.453865
596,4.966667,-0.009309,0.933331,0.004724,0.358865,-215.119049,96.666481,84.455338
597,4.975000,-0.009361,0.933314,0.004683,0.358908,-215.120346,96.667030,84.456223
598,4.983333,-0.009271,0.933313,0.004677,0.358913,-215.119751,96.665482,84.456802
599,4.991667,-0.009347,0.933305,0.004724,0.358933,-215.121277,96.666649,84.456871
600,5.000000,-0.009275,0.933299,0.004774,0.358948,-215.121170,96.666718,84.457237
601,5.008333,-0.009270,0.933302,0.004576,0.358943,-215.121582,96.667915,84.457245
602,5.016667,-0.009375,0.933295,0.004556,0.358958,-215.119934,96.667046,84.456833
603,5.025000,-0.009351,0.933288,0.004515,0.358979,-215.117615,96.666245,84.458366
604,5.033333,-0.009238,0.933305,0.004630,0.358935,-215.115829,96.666183,84.459061
605,5.041667,-0.009288,0.933298,0.004534,0.358953,-215.113998,96.667221,84.458855
606,5.050000,-0.009204,0.933303,0.004417,0.358946,-215.111847,96.666763,84.458405
607,5.058333,-0.009388,0.933295,0.004386,0.358962,-215.110703,96.668617,84.459221
608,5.066667,-0.009360,0.933312,0.004445,0.358918,-215.108734,96.671089,84.460083
609,5.075000,-0.009405,0.933306,0.004234,0.358935,-215.108368,96.673775,84.460381
610,5.083333,-0.009440,0.933357,0.004217,0.358800,-215.105392,96.677597,84.463539
611,5.091667,-0.009559,0.933352,0.004127,0.358812,-215.106201,96.684517,84.465584
612,5.100000,-0.009691,0.933386,0.003948,0.358722,-215.107208,96.690681,84.467628
613,5.108333,-0.009724,0.933384,0.003794,0.358729,-215.107224,96.697517,84.471161
614,5.116667,-0.009871,0.933388,0.003607,0.358716,-215.108154,96.704361,84.475586
615,5.125000,-0.009990,0.933413,0.003407,0.358649,-215.107300,96.708527,84.482452
616,5.133333,-0.009989,0.933428,0.003292,0.358610,-215.106415,96.714371,84.491081
617,5.141667,-0.010072,0.933420,0.003148,0.358629,-215.106781,96.721161,84.499817
618,5.150000,-0.010715,0.933198,0.000100,0.359204,-215.097717,96.711212,84.514656
619,5.158333,-0.010998,0.932975,-0.001226,0.359771,-215.089630,96.711433,84.531380
620,5.166667,-0.011063,0.932884,-0.001468,0.360005,-215.084381,96.720108,84.545052
621,5.175000,-0.010933,0.932936,-0.001508,0.359874,-215.081436,96.728889,84.561089
622,5.183333,-0.010812,0.933014,-0.001395,0.359675,-215.078400,96.736488,84.576706
623,5.191667,-0.010675,0.933068,-0.001394,0.359539,-215.072769,96.738617,84.592697
624,5.200000,-0.010309,0.933146,-0.001520,0.359346,-215.065674,96.740936,84.611435
625,5.208333,-0.010932,0.933231,-0.001665,0.359106,-215.042358,96.749573,84.637657
626,5.216667,-0.010952,0.933275,-0.001609,0.358993,-215.031021,96.748367,84.659134
627,5.225000,-0.011035,0.933298,-0.001577,0.358930,-215.019806,96.738503,84.682205
628,5.233333,-0.010342,0.933323,-0.001424,0.358885,-215.013840,96.718842,84.705872
629,5.241667,-0.008935,0.933179,-0.000430,0.359302,-214.997452,96.689049,84.759964
630,5.250000,-0.009914,0.933611,0.001371,0.358148,-214.962006,96.640640,84.798164
631,5.258333,-0.010538,0.933762,0.002332,0.357733,-214.910599,96.614487,84.845200
632,5.266667,-0.010955,0.933926,0.002303,0.357291,-214.877487,96.574364,84.885246
633,5.275000,-0.011210,0.934225,0.002534,0.356498,-214.844971,96.527779,84.925285
634,5.283333,-0.012021,0.934516,0.002360,0.355710,-214.791275,96.494865,84.976753
635,5.291667,-0.009873,0.934820,0.001355,0.354983,-214.755249,96.456459,85.027855
636,5.300000,-0.009549,0.934875,0.002487,0.354839,-214.706589,96.412018,85.101524
637,5.308333,-0.008587,0.935332,0.008291,0.353569,-214.666153,96.343575,85.174980
638,5.316667,-0.008082,0.935603,0.006871,0.352895,-214.623611,96.264580,85.242111
639,5.325000,-0.007783,0.935490,0.005297,0.353228,-214.586212,96.188362,85.307007
640,5.333333,-0.006586,0.935516,0.005469,0.353180,-214.544296,96.113167,85.373672
641,5.341667,-0.003236,0.935947,0.012065,0.351918,-214.514328,96.060585,85.449661
642,5.350000,-0.004542,0.936141,0.014491,0.351297,-214.466553,95.980881,85.520378
643,5.358333,-0.005083,0.936179,0.013348,0.351232,-214.422180,95.908371,85.588493
644,5.366667,-0.005143,0.936189,0.012043,0.351253,-214.381592,95.851112,85.653709
645,5.375000,-0.005261,0.936283,0.012947,0.350968,-214.340561,95.810722,85.723068
646,5.383333,-0.003924,0.936396,0.012956,0.350683,-214.286850,95.759872,85.797279
647,5.391667,-0.003103,0.936360,0.011945,0.350825,-214.238876,95.716835,85.862305
648,5.400000,-0.006593,0.936538,0.012414,0.350283,-214.207764,95.686363,85.931114
649,5.408333,-0.005804,0.936797,0.012668,0.349595,-214.167572,95.641029,85.986458
650,5.416667,-0.006000,0.937114,0.013245,0.348721,-214.132721,95.613480,86.038956
651,5.425000,-0.006216,0.937376,0.013505,0.348003,-214.094788,95.599190,86.095718
652,5.433333,-0.005668,0.937694,0.012697,0.347185,-214.050079,95.597099,86.157639
653,5.441667,-0.005582,0.937789,0.012087,0.346950,-214.002655,95.598671,86.231056
654,5.450000,-0.006155,0.937756,0.010784,0.347073,-213.952606,95.609680,86.287514
655,5.458333,-0.007152,0.937805,0.009338,0.346963,-213.881271,95.634598,86.358902
656,5.466667,-0.007457,0.938099,0.007743,0.346200,-213.826370,95.655289,86.419594
657,5.475000,-0.006937,0.938431,0.006684,0.345334,-213.781021,95.672554,86.471321
658,5.483333,-0.006991,0.938703,0.006383,0.344598,-213.740067,95.690414,86.518761
659,5.491667,-0.007234,0.938956,0.006215,0.343905,-213.690948,95.718628,86.575218
660,5.500000,-0.007891,0.939358,0.005323,0.342806,-213.634018,95.757492,86.634857
661,5.508333,-0.007822,0.939325,0.004473,0.342910,-213.581879,95.795975,86.708542
662,5.516667,-0.008975,0.939326,0.003295,0.342891,-213.537689,95.838799,86.765846
663,5.525000,-0.009683,0.939552,0.001435,0.342265,-213.481277,95.889053,86.828873
664,5.533333,-0.012164,0.940054,0.000537,0.340808,-213.418060,95.928535,86.895035
665,5.541667,-0.013229,0.940172,-0.001061,0.340441,-213.374069,95.983803,86.951820
666,5.550000,-0.011503,0.940460,-0.003832,0.339688,-213.323853,96.051926,87.014450
667,5.558333,-0.012536,0.940697,-0.004606,0.338984,-213.269379,96.098526,87.057503
668,5.566667,-0.014649,0.940760,-0.005206,0.338716,-213.198563,96.154510,87.120842
669,5.575000,-0.014377,0.940885,-0.006206,0.338364,-213.155334,96.189682,87.179153
670,5.583333,-0.013901,0.941136,-0.007022,0.337670,-213.106720,96.220810,87.228897
671,5.591667,-0.013745,0.941390,-0.007801,0.336949,-213.050369,96.257011,87.272141
672,5.600000,-0.014300,0.941701,-0.008756,0.336032,-212.989212,96.290123,87.315918
673,5.608333,-0.014843,0.942305,-0.005661,0.334379,-212.924377,96.360527,87.385742
674,5.616667,-0.015210,0.942464,-0.006436,0.333900,-212.867920,96.391769,87.439934
675,5.625000,-0.016180,0.942592,-0.007787,0.333463,-212.814209,96.420135,87.484673
676,5.633333,-0.016534,0.942769,-0.008731,0.332923,-212.758469,96.441757,87.526230
677,5.641667,-0.016088,0.943079,-0.009308,0.332048,-212.698364,96.460815,87.573380
678,5.650000,-0.015935,0.943217,-0.009681,0.331654,-212.643570,96.472450,87.621841
679,5.658333,-0.018445,0.943496,-0.009001,0.330749,-212.591476,96.473000,87.669144
680,5.666667,-0.019737,0.943669,-0.009204,0.330174,-212.539932,96.479355,87.708923
681,5.675000,-0.020387,0.943884,-0.009895,0.329497,-212.481003,96.478088,87.754555
682,5.683333,-0.020560,0.944171,-0.010334,0.328651,-212.419754,96.477318,87.800888
683,5.691667,-0.021298,0.944429,-0.010148,0.327869,-212.368057,96.477768,87.853127
684,5.700000,-0.022260,0.944674,-0.009324,0.327120,-212.316895,96.480827,87.889793
685,5.708333,-0.023325,0.944933,-0.009059,0.326307,-212.264664,96.483749,87.923096
686,5.716667,-0.023501,0.945216,-0.008749,0.325481,-212.202423,96.472076,87.968513
687,5.725000,-0.020098,0.945088,-0.011749,0.325985,-212.110046,96.400948,88.046295
688,5.733333,-0.020242,0.945093,-0.014381,0.325858,-212.051743,96.366859,88.086670
689,5.741667,-0.019360,0.945767,-0.009582,0.324127,-212.006409,96.376404,88.114304
690,5.750000,-0.019119,0.945891,-0.009799,0.323771,-211.955444,96.348366,88.143517
691,5.758333,-0.019863,0.946049,-0.009500,0.323275,-211.898331,96.317566,88.179245
692,5.766667,-0.020541,0.946245,-0.009041,0.322671,-211.836594,96.285126,88.217468
693,5.775000,-0.020759,0.946592,-0.007826,0.321669,-211.776855,96.253578,88.260628
694,5.783333,-0.020291,0.946844,-0.006582,0.320984,-211.712189,96.220276,88.310844
695,5.791667,-0.020693,0.947117,-0.006399,0.320157,-211.649292,96.193939,88.343040
696,5.800000,-0.019436,0.946969,-0.009403,0.320599,-211.568710,96.128860,88.395294
697,5.808333,-0.019897,0.946877,-0.012159,0.320748,-211.501816,96.087639,88.437225
698,5.816667,-0.020161,0.946877,-0.013511,0.320679,-211.441391,96.061630,88.477097
699,5.825000,-0.019484,0.947891,-0.007406,0.317911,-211.410355,96.078339,88.492462
700,5.833333,-0.020001,0.948151,-0.007553,0.317100,-211.352295,96.057076,88.526619
701,5.841667,-0.019921,0.948450,-0.007362,0.316215,-211.300156,96.029839,88.565697
702,5.850000,-0.020009,0.948711,-0.006492,0.315444,-211.247437,96.009163,88.603378
703,5.858333,-0.018201,0.948741,-0.005785,0.315478,-211.180710,95.962433,88.655350
704,5.866667,-0.019349,0.948779,-0.005992,0.315291,-211.102814,95.950630,88.702522
705,5.875000,-0.019551,0.948998,-0.006011,0.314618,-211.036255,95.932945,88.739220
706,5.883333,-0.019367,0.949308,-0.005840,0.313697,-210.981461,95.909859,88.772873
707,5.891667,-0.015494,0.949531,-0.008286,0.313181,-210.941727,95.901199,88.807610
708,5.900000,-0.019053,0.949436,-0.009204,0.313248,-210.879211,95.845711,88.834724
709,5.908333,-0.021896,0.949349,-0.011576,0.313247,-210.795715,95.830917,88.872864
710,5.916667,-0.023471,0.949460,-0.012026,0.312778,-210.717346,95.819977,88.908928
711,5.925000,-0.022404,0.950165,-0.005481,0.310894,-210.666733,95.831696,88.939438
712,5.933333,-0.022595,0.950439,-0.004489,0.310057,-210.605667,95.815254,88.971886
713,5.941667,-0.021170,0.950541,-0.004138,0.309851,-210.552948,95.785042,89.014420
714,5.950000,-0.020814,0.950869,-0.004001,0.308868,-210.499115,95.764633,89.036064
715,5.958333,-0.020363,0.951109,-0.004207,0.308155,-210.435791,95.746574,89.066208
716,5.966667,-0.020202,0.951423,-0.004426,0.307191,-210.362000,95.731827,89.104317
717,5.975000,-0.021656,0.951795,-0.004865,0.305929,-210.268524,95.742805,89.141701
718,5.983333,-0.020666,0.952071,-0.005144,0.305135,-210.195343,95.728500,89.176193
719,5.991667,-0.020551,0.952386,-0.004560,0.304166,-210.134384,95.715034,89.205597
720,6.000000,-0.020162,0.952695,-0.004684,0.303223,-210.075516,95.687943,89.240089
721,6.008333,-0.019648,0.952812,-0.008968,0.302792,-209.992981,95.655861,89.290863
722,6.016667,-0.021390,0.952801,-0.010862,0.302648,-209.917160,95.611610,89.322395
723,6.025000,-0.019360,0.953506,-0.005052,0.300710,-209.863953,95.603455,89.352173
724,6.033333,-0.019036,0.953821,-0.004620,0.299736,-209.796814,95.587578,89.386467
725,6.041667,-0.021260,0.953797,-0.004653,0.299664,-209.712509,95.602646,89.435486
726,6.050000,-0.018078,0.953814,-0.006477,0.299783,-209.666565,95.603630,89.465652
727,6.058333,-0.019146,0.953879,-0.004987,0.299538,-209.608154,95.571648,89.493408
728,6.066667,-0.020008,0.954133,-0.004904,0.298675,-209.543900,95.555069,89.515594
729,6.075000,-0.019889,0.954502,-0.005247,0.297495,-209.470062,95.527962,89.536278
730,6.083333,-0.021923,0.954568,-0.005283,0.297137,-209.380096,95.522316,89.576935
731,6.091667,-0.022070,0.954779,-0.004493,0.296461,-209.318497,95.509491,89.601372
732,6.100000,-0.021632,0.955108,-0.003510,0.295446,-209.262436,95.492432,89.625969
733,6.108333,-0.022570,0.955312,-0.003380,0.294718,-209.184601,95.490097,89.656609
734,6.116667,-0.022905,0.955377,-0.003949,0.294473,-209.118912,95.477722,89.688835
735,6.125000,-0.021293,0.955687,-0.003581,0.293591,-209.047394,95.444077,89.730995
736,6.133333,-0.019581,0.956033,-0.003590,0.292584,-208.982132,95.419991,89.765312
737,6.141667,-0.019109,0.956348,-0.004114,0.291577,-208.916016,95.401512,89.791496
738,6.150000,-0.020194,0.956447,-0.005039,0.291162,-208.826538,95.399162,89.834221
739,6.158333,-0.020700,0.956630,-0.005229,0.290521,-208.753876,95.384361,89.867218
740,6.166667,-0.021589,0.956897,-0.004919,0.289583,-208.701782,95.375648,89.888527
741,6.175000,-0.023821,0.957254,-0.004592,0.288228,-208.626846,95.377243,89.908371
742,6.183333,-0.022748,0.957340,-0.004610,0.288031,-208.554550,95.347977,89.949104
743,6.191667,-0.023345,0.957408,-0.004912,0.287750,-208.489655,95.331779,89.978348
744,6.200000,-0.022052,0.957596,-0.004537,0.287235,-208.417511,95.302238,89.998093
745,6.208333,-0.021908,0.957942,-0.004289,0.286092,-208.349899,95.280846,90.020226
746,6.216667,-0.021063,0.958193,-0.003775,0.285321,-208.250946,95.268318,90.068695
747,6.225000,-0.020700,0.958470,-0.004120,0.284413,-208.172028,95.260559,90.101326
748,6.233333,-0.020734,0.958620,-0.004076,0.283904,-208.109787,95.249687,90.128105
749,6.241667,-0.022252,0.958991,-0.003789,0.282536,-208.030945,95.253540,90.150169
750,6.250000,-0.023216,0.959210,-0.004183,0.281708,-207.967072,95.247444,90.174973
751,6.258333,-0.022494,0.959229,-0.004463,0.281699,-207.900421,95.214348,90.211449
752,6.266667,-0.020870,0.959522,-0.004717,0.280820,-207.829285,95.182434,90.228142
753,6.275000,-0.020749,0.959799,-0.004561,0.279882,-207.761765,95.165184,90.244263
754,6.283333,-0.020829,0.959913,-0.004296,0.279491,-207.694717,95.150627,90.269455
755,6.291667,-0.022335,0.959974,-0.004220,0.279167,-207.605667,95.147095,90.311501
756,6.300000,-0.020407,0.960105,-0.005785,0.278835,-207.542130,95.145485,90.329071
757,6.308333,-0.019758,0.960498,-0.003891,0.277556,-207.463699,95.109993,90.361938
758,6.316667,-0.020430,0.960682,-0.003899,0.276870,-207.378082,95.105003,90.392120
759,6.325000,-0.020651,0.960849,-0.004537,0.276266,-207.308960,95.087677,90.423325
760,6.333333,-0.020680,0.961114,-0.004571,0.275340,-207.241302,95.065414,90.450592
761,6.341667,-0.020623,0.961285,-0.004247,0.274751,-207.165878,95.047974,90.476891
762,6.350000,-0.020897,0.961612,-0.003990,0.273587,-207.096146,95.045486,90.496155
763,6.358333,-0.022506,0.961939,-0.004287,0.272303,-207.005661,95.060318,90.513870
764,6.366667,-0.021293,0.962035,-0.005043,0.272046,-206.939987,95.045288,90.540970
765,6.375000,-0.018919,0.962353,-0.005924,0.271078,-206.863266,95.017212,90.566017
766,6.383333,-0.020174,0.962834,-0.004546,0.269303,-206.783432,94.992630,90.589096
767,6.391667,-0.020251,0.963065,-0.004388,0.268469,-206.710861,94.979485,90.610153
768,6.400000,-0.018789,0.963072,-0.003895,0.268561,-206.632736,94.952171,90.646866
769,6.408333,-0.019025,0.963124,-0.003662,0.268359,-206.561523,94.935585,90.673325
770,6.416667,-0.019149,0.963249,-0.003721,0.267902,-206.493408,94.923386,90.697144
771,6.425000,-0.021256,0.963248,-0.003826,0.267743,-206.433899,94.927025,90.718193
772,6.433333,-0.021612,0.963412,-0.004105,0.267122,-206.364304,94.912148,90.740379
773,6.441667,-0.021460,0.963683,-0.005058,0.266138,-206.292542,94.904716,90.767548
774,6.450000,-0.021707,0.963919,-0.004712,0.265266,-206.206940,94.876831,90.782433
775,6.458333,-0.021635,0.964161,-0.003984,0.264406,-206.129074,94.861130,90.800835
776,6.466667,-0.024049,0.964293,-0.003646,0.263719,-206.044907,94.882683,90.823463
777,6.475000,-0.024884,0.964632,-0.003712,0.262398,-205.957535,94.884109,90.838333
778,6.483333,-0.024286,0.964771,-0.004677,0.261926,-205.877640,94.865707,90.861450
779,6.491667,-0.023659,0.964971,-0.005327,0.261232,-205.806305,94.846191,90.886597
780,6.500000,-0.021802,0.965208,-0.004618,0.260531,-205.731277,94.822685,90.918747
781,6.508333,-0.021145,0.965359,-0.004666,0.260025,-205.653076,94.806305,90.946007
782,6.516667,-0.020925,0.965559,-0.004463,0.259303,-205.576370,94.797943,90.971474
783,6.525000,-0.021545,0.965805,-0.003991,0.258342,-205.493973,94.786194,90.991814
784,6.533333,-0.022070,0.966085,-0.003450,0.257257,-205.414124,94.776131,91.008118
785,6.541667,-0.021867,0.966262,-0.003233,0.256610,-205.334991,94.763374,91.026192
786,6.550000,-0.022582,0.966447,-0.003168,0.255853,-205.261658,94.750862,91.041817
787,6.558333,-0.022912,0.966523,-0.003665,0.255529,-205.186340,94.739426,91.059723
788,6.566667,-0.023065,0.966624,-0.004431,0.255119,-205.108292,94.732559,91.078796
789,6.575000,-0.021335,0.967235,-0.004052,0.252952,-205.016785,94.709602,91.078552
790,6.583333,-0.020569,0.967621,-0.003771,0.251538,-204.934113,94.697830,91.085594
791,6.591667,-0.023333,0.967607,-0.004672,0.251338,-204.860565,94.710213,91.103294
792,6.600000,-0.021508,0.967767,-0.004090,0.250893,-204.775330,94.682098,91.130699
793,6.608333,-0.021808,0.967967,-0.003967,0.250098,-204.694321,94.668442,91.152481
794,6.616667,-0.020811,0.968527,-0.002791,0.248021,-204.607422,94.648201,91.155716
795,6.625000,-0.020674,0.968537,-0.004038,0.247977,-204.521255,94.643852,91.195030
796,6.633333,-0.020761,0.968626,-0.005117,0.247601,-204.437378,94.637192,91.218666
797,6.641667,-0.021102,0.968859,-0.006056,0.246636,-204.363586,94.636391,91.229553
798,6.650000,-0.020826,0.969054,-0.006614,0.245878,-204.289246,94.625778,91.246590
799,6.658333,-0.022276,0.969242,-0.005335,0.245041,-204.207230,94.598846,91.269295
800,6.666667,-0.023018,0.969466,-0.004525,0.244100,-204.128647,94.581398,91.275299
801,6.675000,-0.023909,0.969442,-0.004504,0.244110,-204.049561,94.572899,91.299232
802,6.683333,-0.022706,0.969658,-0.004395,0.243369,-203.968292,94.543434,91.307877
803,6.691667,-0.021786,0.970037,-0.004036,0.241945,-203.885529,94.525177,91.315010
804,6.700000,-0.021960,0.970115,-0.004031,0.241617,-203.808167,94.523399,91.347527
805,6.708333,-0.022488,0.970365,-0.003405,0.240573,-203.728134,94.514969,91.363235
806,6.716667,-0.021945,0.970803,-0.003017,0.238855,-203.640320,94.496864,91.363708
807,6.725000,-0.023227,0.970805,-0.003365,0.238720,-203.560135,94.492241,91.392563
808,6.733333,-0.022900,0.970873,-0.003714,0.238469,-203.482773,94.478767,91.420349
809,6.741667,-0.023595,0.971069,-0.004060,0.237595,-203.403000,94.471474,91.429939
810,6.750000,-0.023734,0.971286,-0.004241,0.236690,-203.319687,94.457176,91.442223
811,6.758333,-0.023544,0.971576,-0.003895,0.235524,-203.244522,94.446198,91.447044
812,6.766667,-0.023218,0.971732,-0.002962,0.234924,-203.172806,94.440269,91.462624
813,6.775000,-0.023570,0.971808,-0.003063,0.234573,-203.076813,94.434547,91.492371
814,6.783333,-0.023507,0.971981,-0.003562,0.233856,-202.992111,94.424522,91.502960
815,6.791667,-0.022714,0.972377,-0.003651,0.232281,-202.899933,94.397881,91.500046
816,6.800000,-0.022236,0.972783,-0.002940,0.230628,-202.817947,94.378922,91.500877
817,6.808333,-0.021307,0.973016,-0.003419,0.229727,-202.745270,94.360489,91.515770
818,6.816667,-0.019707,0.973164,-0.003593,0.229240,-202.671738,94.338150,91.528458
819,6.825000,-0.020269,0.973274,-0.004205,0.228713,-202.583954,94.343178,91.559151
820,6.833333,-0.022314,0.973382,-0.002545,0.228086,-202.501297,94.325577,91.573051
821,6.841667,-0.023584,0.973477,-0.002007,0.227559,-202.426392,94.319839,91.574883
822,6.850000,-0.024005,0.973674,-0.001928,0.226670,-202.351074,94.309982,91.561821
823,6.858333,-0.024820,0.973592,-0.001888,0.226935,-202.291153,94.305916,91.564438
824,6.866667,-0.023994,0.973761,-0.002533,0.226290,-202.224991,94.301498,91.566498
825,6.875000,-0.023868,0.974030,-0.003667,0.225129,-202.154419,94.298592,91.561020
826,6.883333,-0.023788,0.974310,-0.004478,0.223906,-202.083084,94.300278,91.550804
827,6.891667,-0.023091,0.974925,-0.004163,0.221295,-202.002594,94.298103,91.523453
828,6.900000,-0.024239,0.974901,-0.004796,0.221265,-201.942688,94.313850,91.530716
829,6.908333,-0.024754,0.974851,-0.005244,0.221418,-201.886719,94.320747,91.537033
830,6.916667,-0.025029,0.974820,-0.005925,0.221504,-201.830475,94.318245,91.526817
831,6.925000,-0.024932,0.974945,-0.006255,0.220956,-201.775269,94.307449,91.516014
832,6.933333,-0.025199,0.975072,-0.006191,0.220368,-201.722290,94.293671,91.504189
833,6.941667,-0.023802,0.975377,-0.005846,0.219180,-201.664474,94.273911,91.497353
834,6.950000,-0.023357,0.975506,-0.005503,0.218658,-201.612671,94.265541,91.492752
835,6.958333,-0.025765,0.975480,-0.004766,0.218522,-201.553818,94.260269,91.491348
836,6.966667,-0.024218,0.975634,-0.003878,0.218030,-201.489548,94.226685,91.485474
837,6.975000,-0.023899,0.975795,-0.003895,0.217345,-201.432037,94.200394,91.475937
838,6.983333,-0.024392,0.975860,-0.003573,0.217003,-201.382324,94.187996,91.471161
839,6.991667,-0.023388,0.976228,-0.002923,0.215462,-201.320938,94.161316,91.445061
840,7.000000,-0.023053,0.976332,-0.002576,0.215028,-201.272934,94.141396,91.433884
841,7.008333,-0.023628,0.976309,-0.002735,0.215068,-201.229019,94.130615,91.437981
842,7.016667,-0.023898,0.976343,-0.002967,0.214883,-201.189346,94.114166,91.437027
843,7.025000,-0.023736,0.976494,-0.002924,0.214215,-201.149567,94.091293,91.428017
844,7.033333,-0.022686,0.976856,-0.002666,0.212675,-201.102356,94.053795,91.401962
845,7.041667,-0.022523,0.976944,-0.002785,0.212284,-201.060623,94.015884,91.384712
846,7.050000,-0.022305,0.976904,-0.002667,0.212496,-201.015289,93.973747,91.368118
847,7.058333,-0.022939,0.976837,-0.002723,0.212736,-200.979034,93.949478,91.364845
848,7.066667,-0.023930,0.976950,-0.002818,0.212106,-200.943588,93.938461,91.346062
849,7.075000,-0.023478,0.977071,-0.002765,0.211597,-200.904083,93.918625,91.333755
850,7.083333,-0.022647,0.977275,-0.000349,0.210760,-200.847107,93.860718,91.329590
851,7.091667,-0.021445,0.977678,0.001000,0.209008,-200.792145,93.811462,91.308418
852,7.100000,-0.021379,0.977771,0.001618,0.208575,-200.751190,93.768677,91.302528
853,7.108333,-0.022038,0.977640,0.001267,0.209124,-200.715668,93.730431,91.302414
854,7.116667,-0.022259,0.977560,0.000945,0.209476,-200.676147,93.693161,91.296127
855,7.125000,-0.022208,0.977628,0.000866,0.209165,-200.628571,93.651924,91.286949
856,7.133333,-0.020753,0.977975,0.001704,0.207680,-200.575500,93.601913,91.271057
857,7.141667,-0.019793,0.978217,0.003340,0.206612,-200.523331,93.542572,91.268692
858,7.150000,-0.019180,0.978327,0.004246,0.206132,-200.475937,93.488815,91.266624
859,7.158333,-0.018527,0.978422,0.004939,0.205724,-200.421982,93.438354,91.271561
860,7.166667,-0.017512,0.978494,0.005859,0.205447,-200.374191,93.392563,91.278389
861,7.175000,-0.017745,0.978527,0.005850,0.205269,-200.330307,93.360397,91.272339
862,7.183333,-0.017138,0.978887,0.006098,0.203592,-200.271255,93.319931,91.245094
863,7.191667,-0.016583,0.978998,0.006316,0.203094,-200.220062,93.285965,91.232735
864,7.200000,-0.017312,0.978892,0.006873,0.203529,-200.182968,93.272263,91.235695
865,7.208333,-0.016983,0.978934,0.007570,0.203328,-200.141190,93.251717,91.233215
866,7.216667,-0.016819,0.979010,0.007990,0.202962,-200.101471,93.237000,91.230484
867,7.225000,-0.018074,0.979101,0.007405,0.202436,-200.041580,93.245781,91.248840
868,7.233333,-0.019399,0.979172,0.007748,0.201956,-199.990952,93.244621,91.262344
869,7.241667,-0.018817,0.979440,0.007821,0.200703,-199.930435,93.235489,91.257652
870,7.250000,-0.018112,0.979581,0.007594,0.200086,-199.875565,93.227318,91.260681
871,7.258333,-0.017510,0.979712,0.007473,0.199504,-199.829514,93.226555,91.263161
872,7.266667,-0.017188,0.979846,0.007407,0.198876,-199.785782,93.229759,91.261055
873,7.275000,-0.017390,0.979906,0.007628,0.198553,-199.740417,93.236755,91.258530
874,7.283333,-0.017513,0.979844,0.007704,0.198845,-199.693054,93.249290,91.258347
875,7.291667,-0.018285,0.979887,0.007505,0.198572,-199.647888,93.271278,91.256371
876,7.300000,-0.018475,0.979975,0.007329,0.198124,-199.600372,93.294388,91.258011
877,7.308333,-0.018732,0.980049,0.007143,0.197742,-199.554581,93.310944,91.261543
878,7.316667,-0.020455,0.980216,0.005577,0.196793,-199.486450,93.339485,91.272667
879,7.325000,-0.020021,0.980557,0.005134,0.195142,-199.408875,93.350044,91.276085
880,7.333333,-0.020636,0.980667,0.004834,0.194535,-199.350327,93.370613,91.287819
881,7.341667,-0.020020,0.980908,0.004558,0.193384,-199.291885,93.378799,91.285973
882,7.350000,-0.019980,0.981053,0.004196,0.192659,-199.241928,93.386688,91.285095
883,7.358333,-0.020309,0.981104,0.004208,0.192368,-199.200577,93.392220,91.283798
884,7.366667,-0.020205,0.981092,0.004607,0.192428,-199.161469,93.391518,91.276794
885,7.375000,-0.020253,0.981032,0.004781,0.192725,-199.125336,93.384109,91.269997
886,7.383333,-0.019329,0.981069,0.005644,0.192609,-199.080185,93.361084,91.262749
887,7.391667,-0.018590,0.981055,0.006352,0.192732,-199.038574,93.336281,91.262093
888,7.400000,-0.018120,0.981101,0.006674,0.192532,-198.995499,93.316277,91.260895
889,7.408333,-0.016489,0.981304,0.006099,0.191658,-198.937088,93.286018,91.249039
890,7.416667,-0.015628,0.981660,0.006042,0.189903,-198.881470,93.275093,91.230659
891,7.425000,-0.015427,0.981790,0.006011,0.189247,-198.836044,93.276199,91.229073
892,7.433333,-0.017369,0.981878,0.004958,0.188652,-198.769699,93.302696,91.250481
893,7.441667,-0.019137,0.981781,0.005142,0.188979,-198.738113,93.325348,91.262253
894,7.450000,-0.018729,0.981981,0.005496,0.187968,-198.695312,93.324135,91.252533
895,7.458333,-0.018674,0.982030,0.005550,0.187718,-198.654144,93.315804,91.247986
896,7.466667,-0.018486,0.982064,0.005557,0.187555,-198.614273,93.303833,91.244888
897,7.475000,-0.017963,0.982151,0.005265,0.187161,-198.572998,93.285316,91.232124
898,7.483333,-0.018183,0.982222,0.005441,0.186763,-198.527008,93.258270,91.223106
899,7.491667,-0.018414,0.982245,0.005636,0.186614,-198.486130,93.238106,91.218407
900,7.500000,-0.018561,0.982268,0.005558,0.186480,-198.448441,93.222694,91.213478
901,7.508333,-0.020591,0.982210,0.005356,0.186576,-198.401794,93.224808,91.221718
902,7.516667,-0.021187,0.982389,0.005134,0.185572,-198.353928,93.221001,91.216393
903,7.525000,-0.021367,0.982525,0.004811,0.184839,-198.310440,93.217873,91.209000
904,7.533333,-0.020796,0.982900,0.004378,0.182910,-198.253952,93.206192,91.183960
905,7.541667,-0.019878,0.983033,0.004434,0.182292,-198.209930,93.191551,91.170082
906,7.550000,-0.018877,0.983137,0.004347,0.181843,-198.169617,93.173286,91.159210
907,7.558333,-0.017537,0.983093,0.004789,0.182202,-198.134537,93.153587,91.167107
908,7.566667,-0.017786,0.983030,0.004988,0.182510,-198.105438,93.147072,91.168091
909,7.575000,-0.017939,0.983049,0.005262,0.182388,-198.080566,93.141907,91.159042
910,7.583333,-0.017387,0.983248,0.006016,0.181342,-198.050995,93.134605,91.134491
911,7.591667,-0.017359,0.983201,0.006553,0.181580,-198.032639,93.126663,91.126915
912,7.600000,-0.017325,0.983164,0.007154,0.181761,-198.014099,93.110962,91.122887
913,7.608333,-0.017769,0.983085,0.007923,0.182114,-197.996277,93.092880,91.123138
914,7.616667,-0.017573,0.983052,0.008475,0.182286,-197.972076,93.064468,91.123215
915,7.625000,-0.015823,0.983154,0.008547,0.181893,-197.932938,93.016014,91.120468
916,7.633333,-0.014963,0.983241,0.008342,0.181506,-197.895676,92.979416,91.115547
917,7.641667,-0.014947,0.983354,0.008224,0.180897,-197.848404,92.937950,91.102425
918,7.650000,-0.018247,0.983499,0.006728,0.179864,-197.768448,92.929382,91.100143
919,7.658333,-0.017455,0.983910,0.006253,0.177702,-197.690948,92.883400,91.055885
920,7.666667,-0.015205,0.983899,0.005800,0.177981,-197.655563,92.842110,91.022583
921,7.675000,-0.012034,0.983947,0.006694,0.177931,-197.603897,92.775215,91.000496
922,7.683333,-0.010495,0.984008,0.007434,0.177660,-197.544891,92.715363,90.970970
923,7.691667,-0.009842,0.984153,0.007089,0.176908,-197.475830,92.666832,90.940323
924,7.700000,-0.008764,0.984406,0.006565,0.175572,-197.388916,92.620255,90.897278
925,7.708333,-0.009167,0.984566,0.003351,0.174743,-197.268921,92.571152,90.838120
926,7.716667,-0.008719,0.984494,0.007471,0.175045,-197.205124,92.588547,90.822601
927,7.725000,-0.007646,0.984726,0.006091,0.173840,-197.100723,92.562637,90.756477
928,7.733333,-0.007371,0.984817,0.006012,0.173333,-197.008392,92.555222,90.716354
929,7.741667,-0.007975,0.984858,0.003622,0.173143,-196.911880,92.544678,90.679344
930,7.750000,-0.005212,0.985214,0.000242,0.171247,-196.786880,92.516594,90.592613
931,7.758333,-0.005233,0.985252,-0.002341,0.171016,-196.689026,92.503151,90.535271
932,7.766667,-0.002705,0.985726,0.004315,0.168280,-196.629364,92.545364,90.504814
933,7.775000,-0.005229,0.985823,0.005051,0.167632,-196.544907,92.567337,90.476570
934,7.783333,-0.007158,0.985812,0.001751,0.167689,-196.452133,92.568428,90.436829
935,7.791667,-0.008396,0.985940,-0.001934,0.166875,-196.352798,92.556427,90.375046
936,7.800000,-0.007517,0.985981,-0.005778,0.166587,-196.273926,92.519669,90.313416
937,7.808333,-0.006824,0.985970,-0.006198,0.166669,-196.231415,92.521072,90.279045
938,7.816667,-0.002408,0.986497,0.001690,0.163752,-196.204025,92.557701,90.271080
939,7.825000,-0.005425,0.986513,-0.003813,0.163547,-196.128189,92.527306,90.216812
940,7.833333,-0.005566,0.986581,-0.007268,0.163018,-196.065063,92.478561,90.163002
941,7.841667,-0.010639,0.987124,-0.002705,0.159579,-195.998672,92.337891,90.124115
942,7.850000,-0.010593,0.987291,-0.003214,0.158540,-195.971680,92.272011,90.090363
943,7.858333,-0.009095,0.987413,-0.003013,0.157871,-195.952469,92.271828,90.079674
944,7.866667,-0.009626,0.987369,-0.003346,0.158109,-195.913925,92.293159,90.081856
945,7.875000,-0.007344,0.987242,-0.002488,0.159036,-195.895828,92.282501,90.094200
946,7.883333,-0.007820,0.987180,-0.003913,0.159372,-195.863480,92.278084,90.124199
947,7.891667,-0.008803,0.986900,-0.004964,0.161017,-195.848099,92.273117,90.157425
948,7.900000,-0.009024,0.986626,-0.006154,0.162636,-195.858032,92.237297,90.178398
949,7.908333,-0.006237,0.986939,0.002364,0.160954,-195.891312,92.257713,90.253609
950,7.916667,-0.008026,0.986867,0.004103,0.161283,-195.909042,92.259407,90.331696
951,7.925000,-0.010644,0.986572,0.005535,0.162887,-195.943512,92.269905,90.423820
952,7.933333,-0.009820,0.986503,0.006784,0.163310,-195.979553,92.250221,90.494507
953,7.941667,-0.009196,0.986564,0.006311,0.162993,-195.964325,92.209869,90.563377
954,7.950000,-0.008342,0.986286,0.007237,0.164675,-195.946075,92.179558,90.645317
955,7.958333,-0.003506,0.986486,0.018636,0.162746,-195.943359,92.220078,90.773361
956,7.966667,-0.002530,0.986571,0.022857,0.161709,-195.929184,92.228973,90.887299
957,7.975000,-0.001266,0.986441,0.023693,0.162392,-195.891708,92.218796,90.987885
958,7.983333,-0.000798,0.986192,0.023491,0.163930,-195.821655,92.200798,91.097191
959,7.991667,0.001132,0.986363,0.023949,0.162828,-195.766220,92.194077,91.151741
960,8.000000,0.004184,0.986358,0.025653,0.162551,-195.708542,92.184219,91.212990
961,8.008333,0.006561,0.986545,0.027550,0.161020,-195.630966,92.181870,91.273186
962,8.016667,0.012966,0.986627,0.026949,0.160229,-195.567459,92.191086,91.309586
963,8.025000,0.014972,0.986660,0.025935,0.160018,-195.520325,92.242393,91.385712
964,8.033333,0.018363,0.987260,0.026558,0.155803,-195.427246,92.229774,91.377434
965,8.041667,0.019133,0.987703,0.028033,0.152615,-195.364792,92.219475,91.378975
966,8.050000,0.018742,0.988300,0.027635,0.148822,-195.334213,92.224846,91.374939
967,8.058333,0.018627,0.988834,0.026022,0.145543,-195.329575,92.226379,91.371109
968,8.066667,0.017903,0.989314,0.024475,0.142609,-195.341568,92.221069,91.369797
969,8.075000,0.017646,0.989635,0.024448,0.140404,-195.375900,92.207207,91.371605
970,8.083333,0.018651,0.990091,0.026646,0.136611,-195.417709,92.211578,91.370895
971,8.091667,0.018663,0.990393,0.028003,0.134125,-195.456558,92.216583,91.364326
972,8.100000,0.019343,0.990672,0.027951,0.131958,-195.485794,92.204994,91.343468
973,8.108333,0.018942,0.990949,0.026996,0.130123,-195.511658,92.194275,91.314384
974,8.116667,0.014209,0.991229,0.027865,0.128404,-195.562622,92.235924,91.276459
975,8.125000,0.016088,0.991719,0.026318,0.124669,-195.612411,92.208252,91.188919
976,8.133333,0.012120,0.992363,0.022779,0.120625,-195.626328,92.227699,91.089989
977,8.141667,0.010744,0.992485,0.020842,0.120098,-195.658371,92.225769,91.003624
978,8.150000,0.010443,0.992648,0.017882,0.119255,-195.688904,92.218460,90.909523
979,8.158333,0.009597,0.992907,0.014721,0.117587,-195.733795,92.213943,90.816879
980,8.166667,0.008267,0.993088,0.012078,0.116453,-195.793762,92.219421,90.735626
981,8.175000,0.006656,0.993151,0.009137,0.116292,-195.845322,92.225006,90.671852
982,8.183333,0.003742,0.993086,0.005607,0.117194,-195.896011,92.253227,90.620201
983,8.191667,0.004200,0.993201,0.003431,0.116284,-195.942490,92.261208,90.565613
984,8.200000,0.003169,0.993304,0.001692,0.115474,-195.991211,92.274818,90.524734
985,8.208333,-0.003260,0.993515,0.006577,0.113466,-195.998627,92.233131,90.514458
986,8.216667,-0.004619,0.993500,0.007448,0.113492,-196.008194,92.224541,90.503281
987,8.225000,-0.002748,0.993391,0.005951,0.114596,-196.003479,92.237129,90.491829
988,8.233333,-0.001408,0.993400,0.004929,0.114590,-195.975189,92.244095,90.477165
989,8.241667,-0.000691,0.993415,0.004858,0.114469,-195.961899,92.247849,90.483543
990,8.250000,-0.000735,0.993409,0.005374,0.114495,-195.954269,92.246368,90.507919
991,8.258333,0.000305,0.993348,0.005397,0.115024,-195.947418,92.246986,90.548866
992,8.266667,0.000992,0.993245,0.006247,0.115864,-195.923584,92.249191,90.611038
993,8.275000,0.002574,0.993153,0.008437,0.116489,-195.904938,92.242142,90.677544
994,8.283333,0.003779,0.993190,0.011834,0.115841,-195.879700,92.221863,90.737381
995,8.291667,0.005477,0.993208,0.013795,0.115405,-195.839020,92.205185,90.788460
996,8.300000,0.006909,0.993167,0.014899,0.115541,-195.771545,92.201973,90.847046
997,8.308333,0.008967,0.993144,0.018069,0.115145,-195.713577,92.207375,90.914543
998,8.316667,0.010479,0.993094,0.020410,0.115054,-195.650330,92.210236,90.966042
999,8.325000,0.010791,0.993097,0.021615,0.114781,-195.586868,92.222832,91.009117
1000,8.333333,0.012201,0.993044,0.022947,0.114844,-195.538513,92.221741,91.060486
1001,8.341667,0.014784,0.992879,0.025128,0.115505,-195.508545,92.207619,91.112732
1002,8.350000,0.016308,0.992843,0.026900,0.115210,-195.487930,92.203339,91.148651
1003,8.358333,0.016164,0.992854,0.026507,0.115222,-195.480484,92.196945,91.184326
1004,8.366667,0.017028,0.992868,0.026157,0.115062,-195.500031,92.180161,91.203758
1005,8.375000,0.016173,0.992878,0.025541,0.115238,-195.510391,92.176628,91.213440
1006,8.383333,0.016828,0.992854,0.027689,0.114852,-195.518524,92.189011,91.220718
1007,8.391667,0.016641,0.992860,0.027670,0.114836,-195.520218,92.187546,91.221497
1008,8.400000,0.017313,0.992825,0.028402,0.114855,-195.521469,92.190575,91.197823
1009,8.408333,0.016219,0.992808,0.027771,0.115318,-195.509796,92.198982,91.168343
1010,8.416667,0.015085,0.992821,0.026901,0.115564,-195.508163,92.201485,91.129745
1011,8.425000,0.012059,0.992988,0.024957,0.114917,-195.520065,92.219040,91.076248
1012,8.433333,0.009954,0.992998,0.023065,0.115425,-195.562180,92.222557,91.029778
1013,8.441667,0.009465,0.992977,0.021820,0.115896,-195.611862,92.208008,90.975052
1014,8.450000,0.008082,0.992979,0.020478,0.116228,-195.668137,92.191681,90.927109
1015,8.458333,0.005735,0.993051,0.019446,0.115928,-195.727173,92.184395,90.874748
1016,8.466667,0.002776,0.993058,0.019014,0.116045,-195.788406,92.185661,90.820541
1017,8.475000,0.000449,0.993036,0.017706,0.116469,-195.833847,92.185341,90.763863
1018,8.483333,-0.001312,0.992986,0.016038,0.117129,-195.866699,92.181625,90.716248
1019,8.491667,-0.003111,0.993008,0.013870,0.117184,-195.911530,92.206543,90.670265
1020,8.500000,-0.005047,0.993113,0.012238,0.116408,-195.942612,92.224976,90.633087
1021,8.508333,-0.004008,0.993197,0.011697,0.115789,-195.958252,92.217888,90.598564
1022,8.516667,-0.003085,0.993184,0.011883,0.115907,-195.968445,92.212318,90.578445
1023,8.525000,-0.002977,0.993179,0.011631,0.115981,-195.965393,92.214836,90.563812
1024,8.533333,-0.002956,0.993174,0.011113,0.116076,-195.955688,92.215607,90.562057
1025,8.541667,-0.004460,0.993114,0.011005,0.116547,-195.954926,92.226295,90.582924
1026,8.550000,-0.005053,0.993149,0.010911,0.116233,-195.942947,92.230049,90.603043
1027,8.558333,-0.006045,0.993147,0.011104,0.116184,-195.928879,92.239586,90.632751
1028,8.566667,-0.003757,0.993004,0.013050,0.117294,-195.915359,92.221466,90.681244
1029,8.575000,-0.001049,0.992917,0.015529,0.117787,-195.874146,92.189095,90.733948
1030,8.583333,0.000227,0.992983,0.016863,0.117045,-195.829391,92.178535,90.767197
1031,8.591667,0.001502,0.993018,0.018011,0.116574,-195.776474,92.180588,90.808342
1032,8.600000,0.004362,0.992989,0.018910,0.116601,-195.709961,92.174934,90.857903
1033,8.608333,0.007042,0.992934,0.020136,0.116739,-195.653519,92.178329,90.900024
1034,8.616667,0.009069,0.992925,0.021381,0.116448,-195.602188,92.189377,90.937744
1035,8.625000,0.009380,0.992976,0.021598,0.115950,-195.560593,92.207443,90.976303
1036,8.633333,0.010462,0.992959,0.022038,0.115918,-195.532166,92.214020,91.017815
1037,8.641667,0.010893,0.992966,0.022749,0.115683,-195.517288,92.225685,91.063599
1038,8.650000,0.013633,0.992833,0.024936,0.116084,-195.516586,92.211449,91.105713
1039,8.658333,0.014773,0.992821,0.026722,0.115648,-195.524551,92.204185,91.136070
1040,8.666667,0.014609,0.992831,0.027437,0.115418,-195.543304,92.203415,91.157051
1041,8.675000,0.015371,0.992850,0.027500,0.115139,-195.576370,92.188820,91.161469
1042,8.683333,0.014666,0.992893,0.027458,0.114866,-195.597061,92.190514,91.156532
1043,8.691667,0.011200,0.993128,0.025589,0.113648,-195.602997,92.214203,91.131935
1044,8.700000,0.010059,0.993177,0.024398,0.113593,-195.616669,92.219307,91.106758
1045,8.708333,0.009199,0.993173,0.023727,0.113842,-195.616013,92.226189,91.070679
1046,8.716667,0.009404,0.993093,0.023188,0.114635,-195.629135,92.219147,91.022995
1047,8.725000,0.009209,0.993059,0.021591,0.115252,-195.641434,92.208199,90.959373
1048,8.733333,0.008635,0.993083,0.019717,0.115426,-195.660339,92.197922,90.901520
1049,8.741667,0.007341,0.993131,0.018098,0.115363,-195.692383,92.192741,90.841110
1050,8.750000,0.005148,0.993183,0.017011,0.115200,-195.734879,92.195816,90.784798
1051,8.758333,0.003457,0.993199,0.015744,0.115313,-195.779633,92.194054,90.738472
1052,8.766667,0.001325,0.993086,0.014404,0.116500,-195.822540,92.192528,90.706703
1053,8.775000,-0.000637,0.992985,0.014018,0.117406,-195.862198,92.193092,90.697182
1054,8.783333,-0.004190,0.992960,0.014819,0.117448,-195.907242,92.196449,90.689392
1055,8.791667,-0.005732,0.992879,0.013779,0.118190,-195.947739,92.211952,90.690140
1056,8.800000,-0.006154,0.992849,0.015681,0.118184,-195.964890,92.202530,90.706734
1057,8.808333,-0.005902,0.992826,0.016996,0.118207,-195.964096,92.196831,90.721283
1058,8.816667,-0.004301,0.992793,0.017968,0.118407,-195.953766,92.186012,90.742607
1059,8.825000,-0.002811,0.992725,0.018399,0.118956,-195.919556,92.171822,90.768257
1060,8.833333,-0.002187,0.992721,0.019121,0.118885,-195.882599,92.168976,90.789520
1061,8.841667,-0.000973,0.992730,0.019922,0.118701,-195.836990,92.164352,90.814346
1062,8.850000,0.001504,0.992815,0.019406,0.118069,-195.771271,92.177574,90.853111
1063,8.858333,0.004488,0.992881,0.018769,0.117537,-195.703842,92.192924,90.887642
1064,8.866667,0.008371,0.992847,0.018918,0.117588,-195.637085,92.197060,90.913887
1065,8.875000,0.010235,0.992853,0.019618,0.117278,-195.592682,92.202950,90.929367
1066,8.883333,0.010893,0.992874,0.020443,0.116893,-195.561340,92.204430,90.945732
1067,8.891667,0.010912,0.992844,0.021217,0.117011,-195.546417,92.203712,90.966919
1068,8.900000,0.010268,0.992897,0.021354,0.116595,-195.534348,92.209328,90.981377
1069,8.908333,0.010032,0.992892,0.021364,0.116653,-195.542984,92.211143,90.999947
1070,8.916667,0.010197,0.992944,0.022293,0.116027,-195.564606,92.213585,91.018272
1071,8.925000,0.010474,0.992880,0.023357,0.116336,-195.599701,92.208305,91.041779
1072,8.933333,0.010878,0.992839,0.023943,0.116530,-195.658600,92.197937,91.057465
1073,8.941667,0.009809,0.992850,0.023857,0.116546,-195.699997,92.199989,91.061195
1074,8.950000,0.008329,0.992872,0.023338,0.116585,-195.738358,92.203590,91.051277
1075,8.958333,0.006522,0.992837,0.022394,0.117181,-195.776443,92.205444,91.025551
1076,8.966667,0.004680,0.992963,0.021661,0.116335,-195.804642,92.207321,90.977921
1077,8.975000,0.001977,0.992963,0.022554,0.116240,-195.828033,92.185249,90.918602
1078,8.983333,-0.000457,0.992908,0.022203,0.116793,-195.855194,92.177818,90.853554
1079,8.991667,-0.001211,0.992910,0.020291,0.117117,-195.864777,92.164818,90.787086
1080,9.000000,-0.001914,0.992928,0.018233,0.117294,-195.868378,92.168472,90.741165
1081,9.008333,-0.001746,0.992949,0.016792,0.117331,-195.862289,92.172844,90.706566
1082,9.016667,-0.000370,0.992985,0.014898,0.117298,-195.857269,92.189445,90.688965
1083,9.025000,-0.000208,0.993024,0.014477,0.117019,-195.847839,92.194626,90.683594
1084,9.033333,-0.001114,0.993085,0.015389,0.116384,-195.838348,92.187775,90.688423
1085,9.041667,-0.001199,0.993092,0.016171,0.116216,-195.836945,92.185051,90.701225
1086,9.050000,-0.001067,0.993079,0.017148,0.116186,-195.837982,92.178902,90.726273
1087,9.058333,-0.001150,0.993076,0.018401,0.116015,-195.839401,92.170494,90.767197
1088,9.066667,0.000257,0.993017,0.019982,0.116269,-195.821014,92.155106,90.825806
1089,9.075000,0.000926,0.993057,0.022591,0.115439,-195.798187,92.169449,90.879532
1090,9.083333,0.001571,0.992949,0.024367,0.115999,-195.778473,92.173698,90.940361
1091,9.091667,0.004086,0.992877,0.024688,0.116491,-195.752167,92.180260,90.993752
1092,9.100000,0.007655,0.992916,0.023765,0.116167,-195.720810,92.188728,91.020531
1093,9.108333,0.009950,0.992957,0.022726,0.115847,-195.678360,92.203506,91.026169
1094,9.116667,0.010809,0.992994,0.022558,0.115483,-195.632401,92.207359,91.022392
1095,9.125000,0.011287,0.992975,0.022398,0.115635,-195.596558,92.205444,91.012833
1096,9.133333,0.011209,0.992923,0.022240,0.116120,-195.579544,92.203842,91.005341
1097,9.141667,0.010759,0.992923,0.021745,0.116256,-195.572235,92.201675,90.994499
1098,9.150000,0.010612,0.992943,0.021567,0.116128,-195.572464,92.199890,90.978119
1099,9.158333,0.009927,0.992932,0.021225,0.116350,-195.587173,92.198677,90.964813
1100,9.166667,0.008923,0.992912,0.020818,0.116674,-195.615723,92.198898,90.957245
1101,9.175000,0.006030,0.992943,0.022424,0.116301,-195.646133,92.184250,90.947311
1102,9.183333,0.003734,0.993021,0.022530,0.115702,-195.692841,92.185501,90.924004
1103,9.191667,0.002382,0.993045,0.021930,0.115654,-195.748383,92.182800,90.888374
1104,9.200000,0.001771,0.992968,0.021295,0.116439,-195.798676,92.174149,90.857071
1105,9.208333,0.000466,0.992930,0.020492,0.116919,-195.833801,92.167191,90.815895
1106,9.216667,-0.001358,0.992974,0.019458,0.116717,-195.866577,92.168945,90.765533
1107,9.225000,-0.002389,0.992954,0.018304,0.117057,-195.885284,92.173233,90.740906
1108,9.233333,-0.002430,0.992973,0.017335,0.117039,-195.887177,92.173271,90.718109
1109,9.241667,-0.002552,0.992998,0.016744,0.116909,-195.885834,92.176567,90.706345
1110,9.250000,-0.002549,0.993020,0.016812,0.116715,-195.881088,92.179337,90.707726
1111,9.258333,-0.002490,0.993039,0.017044,0.116518,-195.878021,92.178558,90.718979
1112,9.266667,-0.002188,0.993039,0.017789,0.116416,-195.874268,92.176231,90.739922
1113,9.275000,-0.001815,0.993030,0.018594,0.116371,-195.863037,92.170715,90.760162
1114,9.283333,-0.000160,0.993000,0.019216,0.116541,-195.833359,92.159195,90.796524
1115,9.291667,0.001011,0.992976,0.020121,0.116588,-195.793121,92.154373,90.827385
1116,9.300000,0.001740,0.992956,0.020975,0.116602,-195.747681,92.160400,90.859077
1117,9.308333,0.002505,0.992946,0.022044,0.116478,-195.705414,92.167160,90.886078
1118,9.316667,0.004715,0.992816,0.022883,0.117352,-195.656128,92.165436,90.920166
1119,9.325000,0.006175,0.992753,0.023591,0.117673,-195.613174,92.170586,90.941750
1120,9.333333,0.007036,0.992762,0.023894,0.117483,-195.588623,92.174622,90.955666
1121,9.341667,0.007219,0.992790,0.024266,0.117160,-195.582413,92.177399,90.968277
1122,9.350000,0.007356,0.992803,0.024405,0.117012,-195.587021,92.175591,90.982071
1123,9.358333,0.007334,0.992822,0.025336,0.116654,-195.606766,92.177704,90.997337
1124,9.366667,0.006528,0.992811,0.026075,0.116633,-195.634766,92.181137,91.009857
1125,9.375000,0.005427,0.992795,0.026459,0.116744,-195.665283,92.179405,91.014771
1126,9.383333,0.004995,0.992733,0.026204,0.117348,-195.715469,92.174088,91.008347
1127,9.391667,0.004273,0.992729,0.025629,0.117534,-195.749329,92.169327,90.981537
1128,9.400000,0.002560,0.992899,0.024279,0.116427,-195.763184,92.177025,90.923286
1129,9.408333,0.001482,0.992906,0.022512,0.116744,-195.778564,92.176193,90.881416
1130,9.416667,0.000598,0.992943,0.020951,0.116724,-195.801407,92.174408,90.829124
1131,9.425000,-0.000107,0.992986,0.019265,0.116652,-195.815308,92.170624,90.780380
1132,9.433333,-0.000393,0.993022,0.017846,0.116569,-195.823013,92.169861,90.743767
1133,9.441667,-0.000411,0.993040,0.017194,0.116516,-195.823807,92.169487,90.725586
1134,9.450000,-0.000375,0.993060,0.016921,0.116382,-195.824997,92.172920,90.723106
1135,9.458333,-0.000457,0.993076,0.017588,0.116147,-195.822449,92.172417,90.737900
1136,9.466667,-0.000355,0.993091,0.018326,0.115910,-195.820724,92.167091,90.763542
1137,9.475000,0.000812,0.993039,0.019499,0.116159,-195.805115,92.153183,90.809723
1138,9.483333,0.000872,0.993037,0.020524,0.116001,-195.787292,92.158714,90.842628
1139,9.491667,0.001215,0.992994,0.021614,0.116168,-195.764862,92.162682,90.879509
1140,9.500000,0.002232,0.992944,0.023519,0.116205,-195.738693,92.170372,90.922623
1141,9.508333,0.003423,0.992865,0.024994,0.116544,-195.707382,92.171303,90.957657
1142,9.516667,0.004967,0.992827,0.025515,0.116702,-195.672012,92.171158,90.971588
1143,9.525000,0.006036,0.992812,0.025320,0.116823,-195.643204,92.170555,90.975769
1144,9.533333,0.006589,0.992848,0.025652,0.116410,-195.633087,92.176399,90.980759
1145,9.541667,0.006782,0.992862,0.025578,0.116296,-195.631180,92.176796,90.986511
1146,9.550000,0.006540,0.992874,0.025553,0.116215,-195.641632,92.177643,90.989342
1147,9.558333,0.006012,0.992888,0.025676,0.116098,-195.660217,92.176697,90.992416
1148,9.566667,0.005083,0.992876,0.025355,0.116314,-195.682556,92.179535,90.984764
1149,9.575000,0.004401,0.992870,0.024844,0.116501,-195.701248,92.176888,90.963104
1150,9.583333,0.003060,0.992910,0.023732,0.116439,-195.717407,92.177177,90.924713
1151,9.591667,0.002473,0.992947,0.022428,0.116390,-195.740311,92.173843,90.878906
1152,9.600000,0.002413,0.992949,0.020897,0.116663,-195.758682,92.169098,90.837883
1153,9.608333,0.002353,0.992953,0.019507,0.116869,-195.769073,92.162781,90.804062
1154,9.616667,0.001738,0.992982,0.018345,0.116824,-195.780609,92.160545,90.781113
1155,9.625000,0.001085,0.993001,0.018199,0.116692,-195.792313,92.159599,90.774010
1156,9.633333,0.000640,0.992991,0.018321,0.116762,-195.804214,92.157349,90.782578
1157,9.641667,0.000351,0.992975,0.018998,0.116791,-195.810303,92.153969,90.803467
1158,9.650000,0.000603,0.992957,0.020064,0.116761,-195.809464,92.152596,90.825661
1159,9.658333,0.000641,0.992952,0.020672,0.116696,-195.791687,92.155464,90.844482
1160,9.666667,0.001447,0.992918,0.021477,0.116838,-195.766479,92.161789,90.867401
1161,9.675000,0.002448,0.992918,0.022174,0.116688,-195.737076,92.165283,90.886147
1162,9.683333,0.002998,0.992943,0.022447,0.116409,-195.699722,92.169716,90.895523
1163,9.691667,0.004943,0.992817,0.022926,0.117318,-195.663055,92.162987,90.914032
1164,9.700000,0.005782,0.992778,0.022990,0.117598,-195.636169,92.166367,90.920547
1165,9.708333,0.006021,0.992792,0.022736,0.117516,-195.625351,92.171005,90.923912
1166,9.716667,0.005448,0.992918,0.022412,0.116541,-195.641464,92.178497,90.913406
1167,9.725000,0.005068,0.992958,0.022093,0.116282,-195.662292,92.174362,90.916916
1168,9.733333,0.003913,0.993043,0.021591,0.115690,-195.685501,92.177864,90.911301
1169,9.741667,0.003279,0.993035,0.021431,0.115811,-195.713394,92.174591,90.902367
1170,9.750000,0.002436,0.993004,0.021253,0.116126,-195.739243,92.174355,90.889290
1171,9.758333,0.001140,0.993024,0.021039,0.116017,-195.767014,92.175552,90.857506
1172,9.766667,0.000539,0.992998,0.020637,0.116315,-195.785294,92.170486,90.831718
1173,9.775000,0.000693,0.992975,0.020089,0.116609,-195.789322,92.161560,90.812698
1174,9.783333,0.001465,0.992985,0.019666,0.116588,-195.776627,92.159050,90.801933
1175,9.791667,0.001468,0.993019,0.019573,0.116312,-195.762115,92.161736,90.806602
1176,9.800000,0.001271,0.993008,0.020057,0.116322,-195.747833,92.164330,90.828133
1177,9.808333,0.001672,0.992978,0.020874,0.116431,-195.732483,92.162064,90.858376
1178,9.816667,0.002105,0.992961,0.021778,0.116404,-195.720001,92.163254,90.884247
1179,9.825000,0.003057,0.992908,0.023003,0.116601,-195.709747,92.162666,90.907623
1180,9.833333,0.003999,0.992886,0.023575,0.116642,-195.695557,92.162224,90.924446
1181,9.841667,0.004521,0.992884,0.023993,0.116560,-195.679184,92.163742,90.932175
1182,9.850000,0.004778,0.992884,0.023990,0.116551,-195.670090,92.166382,90.936432
1183,9.858333,0.004672,0.992911,0.023911,0.116338,-195.673157,92.169136,90.937286
1184,9.866667,0.004308,0.992934,0.023874,0.116161,-195.681839,92.170403,90.934715
1185,9.875000,0.004446,0.992945,0.023620,0.116113,-195.690231,92.167160,90.922012
1186,9.883333,0.003451,0.993013,0.022796,0.115732,-195.693192,92.170326,90.899437
1187,9.891667,0.003208,0.992984,0.022126,0.116119,-195.702286,92.164986,90.875954
1188,9.900000,0.002799,0.992975,0.021253,0.116363,-195.710632,92.163719,90.850761
1189,9.908333,0.002357,0.992969,0.020535,0.116559,-195.719620,92.165451,90.828735
1190,9.916667,0.001933,0.992975,0.020043,0.116597,-195.726410,92.166382,90.819168
1191,9.925000,0.001736,0.992979,0.020091,0.116561,-195.731430,92.163414,90.823807
1192,9.933333,0.001556,0.992976,0.020454,0.116520,-195.735001,92.159996,90.841995
1193,9.941667,0.001543,0.992959,0.021361,0.116505,-195.735962,92.158417,90.862640
1194,9.950000,0.001490,0.992950,0.021851,0.116489,-195.737610,92.161629,90.881599
1195,9.958333,0.001682,0.992941,0.022569,0.116433,-195.739014,92.164955,90.896324
1196,9.966667,0.001933,0.992945,0.023046,0.116298,-195.738403,92.168823,90.902885
1197,9.975000,0.002216,0.992947,0.023115,0.116267,-195.737686,92.170128,90.903610
1198,9.983333,0.002210,0.992951,0.023039,0.116244,-195.735672,92.170471,90.896355
1199,9.991667,0.002220,0.992954,0.022792,0.116267,-195.733597,92.167412,90.883209
1200,10.000000,0.002335,0.992961,0.022160,0.116323,-195.732834,92.165306,90.862480
1201,10.008333,0.002349,0.992968,0.021200,0.116441,-195.729340,92.163826,90.841499
1202,10.016667,0.002126,0.992978,0.020593,0.116477,-195.720230,92.162743,90.832184
1203,10.025000,0.002233,0.992984,0.020339,0.116468,-195.709778,92.161865,90.834892
1204,10.033333,0.002353,0.993011,0.020462,0.116207,-195.698090,92.161079,90.849411
1205,10.041667,0.002741,0.993021,0.020981,0.116024,-195.688766,92.160545,90.865105
1206,10.050000,0.002769,0.993043,0.021315,0.115775,-195.681870,92.164162,90.878502
1207,10.058333,0.003018,0.993064,0.021882,0.115478,-195.682663,92.166695,90.888924
1208,10.066667,0.003276,0.993074,0.022217,0.115328,-195.683044,92.168198,90.891907
1209,10.075000,0.003274,0.993067,0.022186,0.115395,-195.683777,92.169998,90.888664
1210,10.083333,0.003604,0.993049,0.022218,0.115526,-195.689087,92.167023,90.878525
1211,10.091667,0.003493,0.993039,0.021761,0.115704,-195.697052,92.167435,90.865128
1212,10.100000,0.003092,0.993037,0.021366,0.115809,-195.709518,92.169556,90.847618
1213,10.108333,0.002509,0.993029,0.020823,0.115990,-195.720520,92.166969,90.840477
1214,10.116667,0.002001,0.993021,0.020792,0.116075,-195.731873,92.161499,90.842659
1215,10.125000,0.001465,0.992996,0.021048,0.116246,-195.739197,92.159073,90.852097
1216,10.133333,0.001590,0.992986,0.021496,0.116250,-195.742935,92.158684,90.862099
1217,10.141667,0.001843,0.992992,0.021965,0.116105,-195.741653,92.161896,90.868713
1218,10.150000,0.002082,0.992999,0.022135,0.116010,-195.737656,92.164253,90.868530
1219,10.158333,0.002262,0.992992,0.022063,0.116082,-195.733444,92.164093,90.863213
1220,10.166667,0.002216,0.992998,0.021595,0.116118,-195.729111,92.164131,90.851089
1221,10.175000,0.002428,0.992999,0.021067,0.116206,-195.721268,92.162315,90.843704
1222,10.183333,0.002428,0.992993,0.020806,0.116300,-195.712021,92.159309,90.846596
1223,10.191667,0.002588,0.992985,0.020927,0.116345,-195.702713,92.158798,90.851791
1224,10.200000,0.002782,0.992994,0.021226,0.116206,-195.695480,92.160606,90.856430
1225,10.208333,0.002992,0.993003,0.021438,0.116085,-195.695572,92.162682,90.859467
1226,10.216667,0.003035,0.993012,0.021520,0.115992,-195.701843,92.165825,90.859108
1227,10.225000,0.002728,0.993027,0.021456,0.115888,-195.707397,92.165733,90.850830
1228,10.233333,0.002574,0.993023,0.021311,0.115955,-195.716171,92.163506,90.849594
1229,10.241667,0.002136,0.993011,0.021213,0.116081,-195.723389,92.160599,90.850334
1230,10.250000,0.001907,0.993011,0.021120,0.116103,-195.730270,92.159332,90.848129
1231,10.258333,0.002037,0.993005,0.021119,0.116150,-195.735489,92.160385,90.845421
1232,10.266667,0.001974,0.993004,0.021152,0.116154,-195.732605,92.157516,90.845932
1233,10.275000,0.002299,0.993005,0.020956,0.116173,-195.728333,92.159050,90.845848
1234,10.283333,0.002366,0.993002,0.021221,0.116149,-195.722992,92.159348,90.847626
1235,10.291667,0.002491,0.993005,0.021306,0.116110,-195.717972,92.162086,90.847557
1236,10.300000,0.002705,0.993005,0.021271,0.116110,-195.714584,92.161926,90.849800
1237,10.308333,0.002699,0.993005,0.021289,0.116104,-195.711899,92.161835,90.849174
1238,10.316667,0.002694,0.993012,0.021209,0.116060,-195.712204,92.162201,90.850052
1239,10.325000,0.002682,0.993012,0.021181,0.116067,-195.711029,92.161598,90.849022
1240,10.333333,0.002701,0.993008,0.021275,0.116079,-195.712189,92.161186,90.848831
1241,10.341667,0.002687,0.993009,0.021211,0.116085,-195.713287,92.161140,90.848907
1242,10.350000,0.002649,0.993012,0.021280,0.116048,-195.713852,92.160797,90.848145
1243,10.358333,0.002574,0.993008,0.021202,0.116103,-195.714859,92.161552,90.849495
1244,10.366667,0.002576,0.993004,0.021211,0.116133,-195.715378,92.160645,90.849831
1245,10.375000,0.002537,0.993004,0.021202,0.116134,-195.716263,92.161789,90.849022
1246,10.383333,0.002430,0.993009,0.021181,0.116099,-195.716400,92.161110,90.849739
1247,10.391667,0.002425,0.993010,0.021100,0.116102,-195.715958,92.160263,90.849754
1248,10.400000,0.002582,0.993015,0.020962,0.116081,-195.715515,92.159767,90.850792
1249,10.408333,0.002599,0.993020,0.021000,0.116030,-195.715576,92.161064,90.850014
1250,10.416667,0.002536,0.993025,0.021070,0.115982,-195.715958,92.160507,90.850082
1251,10.425000,0.002593,0.993021,0.021067,0.116015,-195.717102,92.161011,90.850029
1252,10.433333,0.002551,0.993013,0.021198,0.116060,-195.718216,92.160812,90.849281
1253,10.441667,0.002743,0.993008,0.021363,0.116070,-195.719284,92.160538,90.850189
1254,10.450000,0.002658,0.993004,0.021352,0.116101,-195.720917,92.162445,90.851463
1255,10.458333,0.002511,0.993008,0.021488,0.116044,-195.721680,92.161720,90.851013
1256,10.466667,0.002471,0.993005,0.021346,0.116100,-195.721481,92.160805,90.851044
1257,10.475000,0.002441,0.993007,0.021284,0.116093,-195.722351,92.161736,90.848442
1258,10.483333,0.002383,0.993010,0.021279,0.116075,-195.722260,92.161133,90.849312
1259,10.491667,0.002380,0.993004,0.021193,0.116136,-195.722321,92.160835,90.848152
1260,10.500000,0.002357,0.993007,0.021196,0.116111,-195.722427,92.161659,90.847862
1261,10.508333,0.002375,0.993009,0.021148,0.116108,-195.721130,92.160141,90.847473
1262,10.516667,0.002404,0.993002,0.021226,0.116149,-195.720993,92.159775,90.848427
1263,10.525000,0.002410,0.992999,0.021195,0.116180,-195.719833,92.159271,90.849136
1264,10.533333,0.002454,0.993003,0.021236,0.116140,-195.719421,92.161362,90.849129
1265,10.541667,0.002499,0.993008,0.021243,0.116095,-195.717453,92.161247,90.849724
1266,10.550000,0.002551,0.993004,0.021208,0.116135,-195.716278,92.160782,90.849930
1267,10.558333,0.002630,0.993008,0.021072,0.116118,-195.714706,92.161560,90.850533
1268,10.566667,0.002612,0.993021,0.021206,0.115988,-195.713867,92.160522,90.850433
1269,10.575000,0.002467,0.993012,0.021238,0.116061,-195.713425,92.160889,90.850220
1270,10.583333,0.002635,0.993009,0.021165,0.116095,-195.714264,92.159515,90.850922
1271,10.591667,0.002522,0.993015,0.021167,0.116050,-195.714722,92.159943,90.850136
1272,10.600000,0.002438,0.993009,0.021157,0.116102,-195.716263,92.160660,90.850342
1273,10.608333,0.002411,0.993004,0.021182,0.116141,-195.715729,92.160210,90.850601
1274,10.616667,0.002482,0.993007,0.021178,0.116113,-195.716049,92.161453,90.851227
