Format Version,1.25,Take Name,Take 2025-11-27 05.12.38 PM,Take Notes,,Capture Frame Rate,120.000000,Export Frame Rate,120.000000,Capture Start Time,2025-11-27 05.12.38.997 PM,Capture Start Frame,59144,Total Frames in Take,1316,Total Exported Frames,1316,Rotation Type,Quaternion,Length Units,Centimeters,Coordinate Space,Global

,Type,Rigid Body,Rigid Body,Rigid Body,Rigid Body,Rigid Body,Rigid Body,Rigid Body
,Name,SEE_large,SEE_large,SEE_large,SEE_large,SEE_large,SEE_large,SEE_large
,ID,B4680608301811F031C44B617C10C291,B4680608301811F031C44B617C10C291,B4680608301811F031C44B617C10C291,B4680608301811F031C44B617C10C291,B4680608301811F031C44B617C10C291,B4680608301811F031C44B617C10C291,B4680608301811F031C44B617C10C291
,Parent,,,,,,,
,,Rotation,Rotation,Rotation,Rotation,Position,Position,Position
Frame,Time (Seconds),X,Y,Z,W,X,Y,Z
0,0.000000,0.006797,0.930657,0.021804,0.365179,-215.036865,92.180466,84.171387
1,0.008333,0.006723,0.930655,0.021858,0.365184,-215.037247,92.180336,84.172424
2,0.016667,0.006630,0.930668,0.021898,0.365148,-215.037018,92.180069,84.172592
3,0.025000,0.006726,0.930673,0.021862,0.365136,-215.037292,92.180595,84.172401
4,0.033333,0.006789,0.930655,0.021724,0.365189,-215.037720,92.180214,84.172150
5,0.041667,0.006572,0.930657,0.021828,0.365181,-215.037827,92.180344,84.171791
6,0.050000,0.006761,0.930682,0.021817,0.365114,-215.038986,92.182205,84.171364
7,0.058333,0.006725,0.930652,0.021942,0.365184,-215.038467,92.180733,84.171799
8,0.066667,0.006734,0.930644,0.021886,0.365208,-215.037827,92.179573,84.172310
9,0.075000,0.006705,0.930661,0.021892,0.365166,-215.037460,92.179878,84.172668
10,0.083333,0.006704,0.930662,0.021867,0.365164,-215.037277,92.179932,84.172562
11,0.091667,0.006748,0.930669,0.021792,0.365150,-215.037628,92.180397,84.172623
12,0.100000,0.006669,0.930670,0.021778,0.365151,-215.037354,92.179962,84.172508
13,0.108333,0.006704,0.930661,0.021725,0.365175,-215.037399,92.180283,84.172264
14,0.116667,0.006637,0.930649,0.021648,0.365211,-215.037704,92.181381,84.171379
15,0.125000,0.006729,0.930647,0.021626,0.365217,-215.037674,92.180939,84.171082
16,0.133333,0.006672,0.930658,0.021657,0.365189,-215.038300,92.181282,84.171379
17,0.141667,0.006754,0.930662,0.021728,0.365173,-215.037827,92.181541,84.171196
18,0.150000,0.006646,0.930664,0.021804,0.365164,-215.037796,92.180252,84.170364
19,0.158333,0.006687,0.930656,0.021832,0.365183,-215.037964,92.180397,84.170990
20,0.166667,0.006712,0.930651,0.021889,0.365191,-215.038330,92.180054,84.171021
21,0.175000,0.006811,0.930655,0.021903,0.365178,-215.038208,92.180634,84.171692
22,0.183333,0.006681,0.930660,0.022001,0.365161,-215.037872,92.180458,84.172478
23,0.191667,0.006567,0.930659,0.021932,0.365171,-215.037994,92.180412,84.172508
24,0.200000,0.006729,0.930675,0.021865,0.365131,-215.037369,92.180344,84.173988
25,0.208333,0.006834,0.930718,0.022360,0.364990,-215.039948,92.183670,84.175781
26,0.216667,0.006741,0.930677,0.022214,0.365105,-215.038391,92.182663,84.173752
27,0.225000,0.006712,0.930687,0.022009,0.365092,-215.037796,92.181549,84.173203
28,0.233333,0.006780,0.930668,0.021910,0.365146,-215.037445,92.181259,84.173035
29,0.241667,0.006756,0.930654,0.021798,0.365189,-215.037659,92.180672,84.172699
30,0.250000,0.006780,0.930669,0.021805,0.365149,-215.037827,92.180733,84.173325
31,0.258333,0.006714,0.930667,0.021775,0.365158,-215.037491,92.180359,84.171432
32,0.266667,0.006750,0.930678,0.021797,0.365128,-215.039032,92.180756,84.170784
33,0.275000,0.006734,0.930657,0.021887,0.365175,-215.039139,92.180153,84.171204
34,0.283333,0.006742,0.930652,0.021924,0.365186,-215.038544,92.179344,84.171883
35,0.291667,0.006867,0.930662,0.021807,0.365166,-215.037415,92.179558,84.174011
36,0.300000,0.006969,0.930683,0.021884,0.365105,-215.035553,92.179146,84.176170
37,0.308333,0.006875,0.930689,0.021998,0.365084,-215.034027,92.179146,84.176849
38,0.316667,0.006268,0.930756,0.021965,0.364928,-215.039246,92.185631,84.173637
39,0.325000,0.005690,0.930946,0.022016,0.364449,-215.035034,92.191986,84.170952
40,0.333333,0.004854,0.931069,0.021950,0.364150,-215.031082,92.198929,84.164238
41,0.341667,0.004538,0.931108,0.021881,0.364059,-215.027405,92.202148,84.161957
42,0.350000,0.004673,0.931111,0.021916,0.364047,-215.024979,92.199997,84.164932
43,0.358333,0.004978,0.931068,0.021836,0.364158,-215.024750,92.199219,84.167686
44,0.366667,0.005074,0.931007,0.021909,0.364309,-215.024948,92.195618,84.170738
45,0.375000,0.005703,0.930962,0.021903,0.364414,-215.025681,92.192169,84.174858
46,0.383333,0.006041,0.930892,0.021872,0.364588,-215.026733,92.187645,84.177887
47,0.391667,0.006374,0.930835,0.021860,0.364730,-215.028198,92.182732,84.180260
48,0.400000,0.006796,0.930785,0.021725,0.364857,-215.028900,92.180580,84.182777
49,0.408333,0.007152,0.930752,0.021731,0.364935,-215.027359,92.176758,84.185249
50,0.416667,0.007282,0.930727,0.021645,0.365001,-215.026596,92.176193,84.189102
51,0.425000,0.007007,0.930664,0.021705,0.365164,-215.022827,92.176727,84.194801
52,0.433333,0.007019,0.930685,0.021599,0.365117,-215.020203,92.179108,84.196999
53,0.441667,0.006777,0.930715,0.021701,0.365038,-215.018326,92.180588,84.198166
54,0.450000,0.006756,0.930727,0.021697,0.365008,-215.017822,92.181976,84.197395
55,0.458333,0.006792,0.930750,0.021776,0.364944,-215.015915,92.181412,84.198463
56,0.466667,0.006765,0.930727,0.021699,0.365008,-215.016800,92.181213,84.196655
57,0.475000,0.006796,0.930730,0.021720,0.364998,-215.017487,92.180305,84.197838
58,0.483333,0.006944,0.930718,0.021723,0.365026,-215.018494,92.180069,84.197922
59,0.491667,0.006878,0.930695,0.021803,0.365080,-215.019348,92.178337,84.197632
60,0.500000,0.007003,0.930678,0.021640,0.365131,-215.020157,92.178574,84.196671
61,0.508333,0.006918,0.930684,0.021671,0.365116,-215.020081,92.177841,84.196815
62,0.516667,0.006864,0.930693,0.021735,0.365091,-215.018646,92.176704,84.197258
63,0.525000,0.006988,0.930701,0.021764,0.365067,-215.017624,92.178001,84.197815
64,0.533333,0.006968,0.930677,0.021779,0.365127,-215.016647,92.178719,84.198502
65,0.541667,0.006897,0.930697,0.021618,0.365086,-215.016205,92.179337,84.198418
66,0.550000,0.006784,0.930699,0.021616,0.365084,-215.015717,92.178848,84.199356
67,0.558333,0.006870,0.930709,0.021670,0.365053,-215.015717,92.178619,84.199936
68,0.566667,0.006848,0.930712,0.021890,0.365032,-215.017670,92.179108,84.200851
69,0.575000,0.006671,0.930784,0.022436,0.364820,-215.023834,92.182419,84.202133
70,0.583333,0.006615,0.930808,0.022306,0.364767,-215.028259,92.182060,84.199570
71,0.591667,0.006277,0.930812,0.022545,0.364750,-215.038208,92.183968,84.197449
72,0.600000,0.005775,0.930889,0.022742,0.364549,-215.049713,92.189453,84.195015
73,0.608333,0.005985,0.931084,0.022970,0.364031,-215.052658,92.184723,84.188171
74,0.616667,0.006085,0.931199,0.023053,0.363732,-215.061783,92.186783,84.190002
75,0.625000,0.005674,0.931216,0.023250,0.363680,-215.068649,92.188766,84.190948
76,0.633333,0.005522,0.931226,0.023451,0.363646,-215.074081,92.190231,84.194580
77,0.641667,0.005323,0.931222,0.023664,0.363645,-215.079758,92.191910,84.197807
78,0.650000,0.004901,0.931221,0.023661,0.363654,-215.088516,92.193977,84.199287
79,0.658333,0.004901,0.931218,0.024045,0.363636,-215.096420,92.191330,84.205154
80,0.666667,0.004494,0.931239,0.024216,0.363575,-215.107773,92.192856,84.206482
81,0.675000,0.004171,0.931218,0.024565,0.363610,-215.118454,92.191933,84.207932
82,0.683333,0.003957,0.931234,0.024884,0.363551,-215.129669,92.190353,84.210869
83,0.691667,0.003957,0.931330,0.024976,0.363296,-215.138672,92.189468,84.217178
84,0.700000,0.004178,0.931445,0.024827,0.363010,-215.145966,92.191284,84.222740
85,0.708333,0.004244,0.931554,0.024638,0.362742,-215.149353,92.193672,84.227203
86,0.716667,0.004344,0.931643,0.024483,0.362522,-215.153671,92.194977,84.232040
87,0.725000,0.004091,0.931637,0.024460,0.362544,-215.161514,92.196968,84.232018
88,0.733333,0.003947,0.931668,0.024525,0.362461,-215.170105,92.196533,84.232506
89,0.741667,0.003806,0.931677,0.024675,0.362430,-215.178268,92.194878,84.233971
90,0.750000,0.003793,0.931707,0.024729,0.362349,-215.189072,92.194374,84.234062
91,0.758333,0.003595,0.931758,0.024770,0.362217,-215.201279,92.193794,84.233772
92,0.766667,0.003242,0.931844,0.025013,0.361980,-215.214127,92.190529,84.234016
93,0.775000,0.003113,0.931871,0.025024,0.361912,-215.226913,92.192009,84.233154
94,0.783333,0.002911,0.931918,0.025255,0.361778,-215.238098,92.190231,84.234360
95,0.791667,0.002653,0.931920,0.025414,0.361762,-215.247971,92.190994,84.234497
96,0.800000,0.002409,0.931912,0.025521,0.361779,-215.257523,92.190750,84.236389
97,0.808333,0.002094,0.931891,0.025519,0.361834,-215.265411,92.192596,84.236473
98,0.816667,0.001815,0.931928,0.025623,0.361732,-215.271072,92.193367,84.238350
99,0.825000,0.000200,0.931884,0.024785,0.361910,-215.283417,92.207031,84.231270
100,0.833333,0.001054,0.931728,0.025318,0.362272,-215.289047,92.199097,84.245094
101,0.841667,0.000772,0.931647,0.025433,0.362473,-215.296356,92.199448,84.249237
102,0.850000,0.000639,0.931691,0.025585,0.362350,-215.303558,92.197845,84.251244
103,0.858333,0.000710,0.931739,0.025709,0.362216,-215.311478,92.197105,84.249321
104,0.866667,-0.000817,0.931811,0.024977,0.362084,-215.327484,92.209282,84.237831
105,0.875000,-0.001015,0.931873,0.025488,0.361887,-215.342850,92.211494,84.239784
106,0.883333,-0.001109,0.931927,0.026050,0.361708,-215.353989,92.210022,84.241074
107,0.891667,-0.001356,0.932020,0.026209,0.361454,-215.369324,92.209717,84.239212
108,0.900000,-0.001779,0.932037,0.026343,0.361401,-215.384796,92.207367,84.236687
109,0.908333,-0.001693,0.931872,0.026709,0.361800,-215.403824,92.203484,84.244934
110,0.916667,-0.002192,0.931722,0.027044,0.362158,-215.422058,92.203506,84.247368
111,0.925000,-0.002684,0.931616,0.027383,0.362401,-215.436310,92.203941,84.248405
112,0.933333,-0.002948,0.931547,0.027743,0.362549,-215.447739,92.205612,84.248055
113,0.941667,-0.003458,0.931555,0.028107,0.362497,-215.457016,92.206490,84.247185
114,0.950000,-0.003676,0.931526,0.028287,0.362554,-215.462906,92.205956,84.246979
115,0.958333,-0.003984,0.931516,0.028390,0.362569,-215.468414,92.206749,84.246101
116,0.966667,-0.004294,0.931545,0.028672,0.362467,-215.475769,92.207413,84.245041
117,0.975000,-0.004281,0.931547,0.028823,0.362452,-215.485565,92.208900,84.242455
118,0.983333,-0.004391,0.931524,0.029110,0.362486,-215.497879,92.208191,84.241478
119,0.991667,-0.004627,0.931530,0.029370,0.362446,-215.510513,92.207611,84.242386
120,1.000000,-0.004691,0.931484,0.029637,0.362542,-215.523605,92.207962,84.242241
121,1.008333,-0.004930,0.931466,0.029827,0.362570,-215.534500,92.208252,84.242714
122,1.016667,-0.005017,0.931433,0.029993,0.362641,-215.538757,92.206345,84.243080
123,1.025000,-0.005240,0.931442,0.030099,0.362605,-215.539688,92.206497,84.244186
124,1.033333,-0.005216,0.931412,0.030049,0.362686,-215.537140,92.204681,84.245132
125,1.041667,-0.005088,0.931444,0.029951,0.362613,-215.535660,92.206070,84.247192
126,1.050000,-0.004910,0.931447,0.029963,0.362608,-215.535263,92.206017,84.249565
127,1.058333,-0.004940,0.931492,0.029886,0.362497,-215.538239,92.206009,84.252205
128,1.066667,-0.005225,0.931432,0.029732,0.362662,-215.544037,92.211212,84.256676
129,1.075000,-0.005323,0.931417,0.029813,0.362691,-215.545731,92.214027,84.258041
130,1.083333,-0.005310,0.931391,0.029945,0.362748,-215.545990,92.214218,84.259193
131,1.091667,-0.005367,0.931412,0.029835,0.362703,-215.541931,92.211548,84.254936
132,1.100000,-0.005132,0.931466,0.029741,0.362575,-215.539688,92.206726,84.251472
133,1.108333,-0.005020,0.931485,0.029778,0.362523,-215.536575,92.203735,84.248428
134,1.116667,-0.004895,0.931503,0.029724,0.362484,-215.535599,92.203346,84.247078
135,1.125000,-0.005107,0.931528,0.029633,0.362423,-215.537292,92.204842,84.245567
136,1.133333,-0.005054,0.931545,0.029596,0.362384,-215.537979,92.205551,84.245552
137,1.141667,-0.005183,0.931516,0.029624,0.362455,-215.540726,92.207230,84.245232
138,1.150000,-0.005054,0.931512,0.029672,0.362462,-215.543442,92.208870,84.244843
139,1.158333,-0.005268,0.931528,0.029931,0.362398,-215.545273,92.207764,84.244942
140,1.166667,-0.005250,0.931514,0.029980,0.362430,-215.549210,92.208519,84.245529
141,1.175000,-0.005276,0.931522,0.030139,0.362395,-215.551971,92.208138,84.246330
142,1.183333,-0.005156,0.931531,0.030116,0.362377,-215.555359,92.208229,84.246986
143,1.191667,-0.005508,0.931469,0.030176,0.362525,-215.558914,92.210915,84.251198
144,1.200000,-0.005803,0.931442,0.030258,0.362583,-215.560577,92.214355,84.254166
145,1.208333,-0.005648,0.931428,0.030169,0.362630,-215.561890,92.215622,84.256836
146,1.216667,-0.005593,0.931427,0.030230,0.362627,-215.562866,92.216080,84.257355
147,1.225000,-0.005773,0.931424,0.030178,0.362637,-215.564209,92.216461,84.258293
148,1.233333,-0.005787,0.931449,0.030191,0.362572,-215.564774,92.214264,84.258675
149,1.241667,-0.005730,0.931470,0.030222,0.362515,-215.565460,92.215225,84.258308
150,1.250000,-0.005651,0.931460,0.030323,0.362533,-215.564102,92.214684,84.258408
151,1.258333,-0.005638,0.931444,0.030308,0.362576,-215.561584,92.214790,84.257332
152,1.266667,-0.005577,0.931447,0.030332,0.362569,-215.559937,92.214050,84.256340
153,1.275000,-0.005695,0.931477,0.030318,0.362491,-215.557571,92.214668,84.254242
154,1.283333,-0.005414,0.931534,0.030291,0.362351,-215.554764,92.212456,84.249695
155,1.291667,-0.005406,0.931512,0.030253,0.362409,-215.555527,92.213058,84.248947
156,1.300000,-0.005120,0.931533,0.030145,0.362368,-215.553970,92.210587,84.245880
157,1.308333,-0.005098,0.931574,0.030260,0.362255,-215.553360,92.208611,84.243927
158,1.316667,-0.005086,0.931583,0.030366,0.362224,-215.554306,92.208282,84.242836
159,1.325000,-0.005120,0.931587,0.030375,0.362210,-215.555923,92.208496,84.243629
160,1.333333,-0.005060,0.931574,0.030328,0.362250,-215.558044,92.208656,84.244942
161,1.341667,-0.005402,0.931508,0.030389,0.362410,-215.562103,92.213036,84.249100
162,1.350000,-0.005582,0.931482,0.030419,0.362471,-215.564011,92.215576,84.252884
163,1.358333,-0.005736,0.931470,0.030483,0.362494,-215.565399,92.216835,84.255402
164,1.366667,-0.005818,0.931481,0.030537,0.362460,-215.566833,92.216492,84.258553
165,1.375000,-0.005744,0.931483,0.030509,0.362459,-215.568573,92.216370,84.259071
166,1.383333,-0.005556,0.931455,0.030070,0.362569,-215.569336,92.214325,84.259140
167,1.391667,-0.005668,0.931518,0.030271,0.362388,-215.572266,92.215988,84.260925
168,1.400000,-0.005514,0.931539,0.030461,0.362322,-215.572815,92.216606,84.259933
169,1.408333,-0.005769,0.931508,0.030580,0.362388,-215.571976,92.215988,84.260139
170,1.416667,-0.005743,0.931490,0.030455,0.362445,-215.570694,92.216789,84.259132
171,1.425000,-0.005743,0.931493,0.030513,0.362433,-215.569565,92.216072,84.257309
172,1.433333,-0.005766,0.931518,0.030335,0.362382,-215.567780,92.216553,84.254372
173,1.441667,-0.005850,0.931516,0.030393,0.362380,-215.565918,92.215462,84.253899
174,1.450000,-0.005827,0.931546,0.030436,0.362300,-215.565613,92.215607,84.251938
175,1.458333,-0.005815,0.931571,0.030209,0.362255,-215.565964,92.216446,84.249947
176,1.466667,-0.005845,0.931560,0.029975,0.362302,-215.563751,92.212936,84.249161
177,1.475000,-0.005623,0.931567,0.030119,0.362275,-215.564987,92.214081,84.249710
178,1.483333,-0.005828,0.931589,0.030369,0.362196,-215.567703,92.215919,84.250984
179,1.491667,-0.005861,0.931571,0.030457,0.362233,-215.570419,92.216850,84.251633
180,1.500000,-0.005912,0.931548,0.030649,0.362277,-215.573334,92.216133,84.252823
181,1.508333,-0.005766,0.931548,0.030578,0.362283,-215.577072,92.216309,84.254494
182,1.516667,-0.005884,0.931533,0.030415,0.362336,-215.578873,92.216446,84.255447
183,1.525000,-0.005861,0.931527,0.030531,0.362340,-215.580444,92.216042,84.257309
184,1.533333,-0.005881,0.931538,0.030465,0.362318,-215.580933,92.215775,84.258339
185,1.541667,-0.005976,0.931549,0.030448,0.362288,-215.581375,92.215744,84.258232
186,1.550000,-0.005971,0.931535,0.030453,0.362326,-215.580658,92.216064,84.259392
187,1.558333,-0.006016,0.931541,0.030542,0.362301,-215.580063,92.216805,84.259445
188,1.566667,-0.006647,0.931693,0.030927,0.361866,-215.575867,92.212715,84.264526
189,1.575000,-0.005807,0.931561,0.030494,0.362258,-215.572693,92.217308,84.259628
190,1.583333,-0.005768,0.931598,0.030390,0.362172,-215.570999,92.218201,84.257545
191,1.591667,-0.005787,0.931593,0.030354,0.362188,-215.569000,92.216896,84.256866
192,1.600000,-0.005828,0.931553,0.030443,0.362281,-215.567642,92.217186,84.255440
193,1.608333,-0.005840,0.931549,0.030350,0.362300,-215.566940,92.216888,84.254280
194,1.616667,-0.005896,0.931521,0.030280,0.362377,-215.567535,92.217270,84.254547
195,1.625000,-0.005775,0.931559,0.030323,0.362277,-215.568466,92.217117,84.255058
196,1.633333,-0.005828,0.931569,0.030436,0.362241,-215.569855,92.217163,84.253494
197,1.641667,-0.005786,0.931549,0.030310,0.362304,-215.571304,92.216454,84.254143
198,1.650000,-0.005854,0.931540,0.030308,0.362326,-215.574020,92.215820,84.253601
199,1.658333,-0.005858,0.931560,0.030531,0.362257,-215.576523,92.215248,84.255127
200,1.666667,-0.005920,0.931552,0.030534,0.362275,-215.577530,92.215492,84.255287
201,1.675000,-0.006007,0.931541,0.030562,0.362299,-215.579178,92.216072,84.255569
202,1.683333,-0.005919,0.931529,0.030544,0.362333,-215.580322,92.215775,84.255440
203,1.691667,-0.006020,0.931546,0.030496,0.362293,-215.581085,92.216446,84.256210
204,1.700000,-0.005916,0.931535,0.030485,0.362324,-215.580719,92.215958,84.256729
205,1.708333,-0.005910,0.931525,0.030471,0.362351,-215.579529,92.215927,84.255516
206,1.716667,-0.005958,0.931559,0.030605,0.362251,-215.578430,92.215324,84.255783
207,1.725000,-0.005913,0.931551,0.030593,0.362273,-215.577118,92.215279,84.255013
208,1.733333,-0.005938,0.931580,0.030452,0.362211,-215.578751,92.215721,84.254471
209,1.741667,-0.005934,0.931569,0.030519,0.362232,-215.578812,92.216385,84.254471
210,1.750000,-0.005750,0.931520,0.030532,0.362360,-215.577515,92.215553,84.253883
211,1.758333,-0.005851,0.931547,0.030548,0.362288,-215.577362,92.215553,84.252884
212,1.766667,-0.005884,0.931554,0.030580,0.362266,-215.578049,92.215500,84.252197
213,1.775000,-0.005908,0.931552,0.030583,0.362273,-215.577438,92.215607,84.252388
214,1.783333,-0.005958,0.931572,0.030517,0.362225,-215.577271,92.214630,84.253242
215,1.791667,-0.006781,0.931769,0.030888,0.361672,-215.576172,92.210999,84.259247
216,1.800000,-0.005631,0.931603,0.030371,0.362164,-215.578049,92.217545,84.256348
217,1.808333,-0.005824,0.931621,0.030366,0.362114,-215.579178,92.217300,84.256691
218,1.816667,-0.005944,0.931600,0.030390,0.362164,-215.580841,92.217308,84.257957
219,1.825000,-0.006019,0.931580,0.030522,0.362203,-215.582062,92.216942,84.257332
220,1.833333,-0.005912,0.931560,0.030581,0.362252,-215.583298,92.214615,84.257332
221,1.841667,-0.006104,0.931543,0.030594,0.362290,-215.584442,92.215576,84.256706
222,1.850000,-0.006021,0.931553,0.030683,0.362260,-215.584610,92.215355,84.255943
223,1.858333,-0.006729,0.931741,0.030976,0.361738,-215.582855,92.211098,84.263077
224,1.866667,-0.006670,0.931773,0.030943,0.361659,-215.578720,92.211243,84.262260
225,1.875000,-0.005867,0.931661,0.030490,0.362000,-215.579315,92.216866,84.258072
226,1.883333,-0.005942,0.931637,0.030531,0.362057,-215.579056,92.216827,84.257660
227,1.891667,-0.006068,0.931580,0.030506,0.362202,-215.579391,92.217293,84.254700
228,1.900000,-0.005943,0.931559,0.030438,0.362266,-215.579681,92.217163,84.254066
229,1.908333,-0.006094,0.931572,0.030469,0.362228,-215.580338,92.217293,84.253326
230,1.916667,-0.006152,0.931548,0.030146,0.362315,-215.579651,92.214989,84.251495
231,1.925000,-0.006114,0.931600,0.030214,0.362175,-215.581131,92.214745,84.250488
232,1.933333,-0.005853,0.931582,0.030354,0.362216,-215.581436,92.215645,84.250137
233,1.941667,-0.005834,0.931606,0.030461,0.362145,-215.582703,92.215660,84.251579
234,1.950000,-0.005938,0.931630,0.030604,0.362068,-215.582870,92.214638,84.253677
235,1.958333,-0.006552,0.931729,0.030901,0.361778,-215.581558,92.211525,84.258598
236,1.966667,-0.005817,0.931638,0.030566,0.362054,-215.581894,92.216515,84.255081
237,1.975000,-0.006776,0.931818,0.030915,0.361542,-215.580414,92.211853,84.261002
238,1.983333,-0.005872,0.931654,0.030408,0.362025,-215.581085,92.216232,84.258316
239,1.991667,-0.005860,0.931635,0.030388,0.362076,-215.582458,92.217018,84.256821
240,2.000000,-0.005961,0.931613,0.030537,0.362117,-215.583496,92.216370,84.257072
241,2.008333,-0.006685,0.931755,0.030960,0.361704,-215.582275,92.212669,84.261963
242,2.016667,-0.005978,0.931620,0.030569,0.362096,-215.581757,92.216331,84.258011
243,2.025000,-0.005893,0.931613,0.030471,0.362124,-215.581726,92.217407,84.257248
244,2.033333,-0.006651,0.931759,0.031016,0.361690,-215.579849,92.213371,84.260727
245,2.041667,-0.006730,0.931786,0.030934,0.361624,-215.578293,92.212715,84.261391
246,2.050000,-0.005989,0.931662,0.030414,0.362003,-215.580124,92.217705,84.255188
247,2.058333,-0.005892,0.931612,0.030320,0.362139,-215.581970,92.215775,84.253334
248,2.066667,-0.005956,0.931605,0.030553,0.362137,-215.584152,92.215752,84.252724
249,2.075000,-0.005875,0.931568,0.030566,0.362231,-215.585968,92.217079,84.250938
250,2.083333,-0.006703,0.931701,0.030977,0.361841,-215.584702,92.212006,84.256371
251,2.091667,-0.005842,0.931598,0.030565,0.362157,-215.583618,92.216835,84.252495
252,2.100000,-0.005787,0.931625,0.030491,0.362092,-215.582535,92.216743,84.253334
253,2.108333,-0.005797,0.931629,0.030423,0.362090,-215.581848,92.215553,84.254723
254,2.116667,-0.006611,0.931777,0.030775,0.361665,-215.579849,92.211807,84.259895
255,2.125000,-0.005772,0.931640,0.030405,0.362063,-215.581390,92.217049,84.256470
256,2.133333,-0.005760,0.931629,0.030460,0.362087,-215.581131,92.216301,84.256767
257,2.141667,-0.005857,0.931602,0.030401,0.362158,-215.582352,92.215790,84.256355
258,2.150000,-0.005922,0.931596,0.030537,0.362163,-215.582825,92.214897,84.256332
259,2.158333,-0.006056,0.931574,0.030544,0.362215,-215.584137,92.214775,84.255562
260,2.166667,-0.005996,0.931587,0.030531,0.362184,-215.583939,92.215553,84.255592
261,2.175000,-0.005958,0.931589,0.030527,0.362180,-215.584015,92.215950,84.255577
262,2.183333,-0.006092,0.931560,0.030533,0.362252,-215.583450,92.215881,84.255180
263,2.191667,-0.006807,0.931712,0.030888,0.361818,-215.581085,92.212067,84.259361
264,2.200000,-0.005961,0.931619,0.030165,0.362134,-215.580536,92.215111,84.255280
265,2.208333,-0.006011,0.931641,0.030329,0.362063,-215.581055,92.215515,84.255859
266,2.216667,-0.005938,0.931627,0.030468,0.362088,-215.581039,92.215576,84.255112
267,2.225000,-0.005857,0.931575,0.030330,0.362235,-215.582581,92.217339,84.253448
268,2.233333,-0.005861,0.931559,0.030489,0.362262,-215.582901,92.216438,84.253647
269,2.241667,-0.005987,0.931596,0.030626,0.362153,-215.582779,92.214706,84.253746
270,2.250000,-0.006036,0.931572,0.030579,0.362219,-215.582748,92.215897,84.253502
271,2.258333,-0.006057,0.931588,0.030455,0.362187,-215.582275,92.215256,84.253845
272,2.266667,-0.006165,0.931592,0.030543,0.362168,-215.582062,92.214653,84.255020
273,2.275000,-0.006062,0.931590,0.030608,0.362170,-215.581940,92.215797,84.255341
274,2.283333,-0.006887,0.931770,0.031019,0.361657,-215.579742,92.211174,84.262253
275,2.291667,-0.005927,0.931654,0.030437,0.362021,-215.579895,92.216530,84.258064
276,2.300000,-0.005815,0.931648,0.030437,0.362040,-215.579361,92.215927,84.257385
277,2.308333,-0.006710,0.931788,0.030871,0.361627,-215.579132,92.213593,84.262367
278,2.316667,-0.006059,0.931684,0.030496,0.361936,-215.579895,92.217400,84.258682
279,2.325000,-0.006580,0.931798,0.030756,0.361611,-215.578964,92.213074,84.261734
280,2.333333,-0.005954,0.931668,0.030418,0.361986,-215.580963,92.216949,84.257652
281,2.341667,-0.005945,0.931627,0.030444,0.362089,-215.582367,92.216476,84.257004
282,2.350000,-0.006610,0.931739,0.030789,0.361761,-215.582321,92.211975,84.260185
283,2.358333,-0.005872,0.931625,0.030550,0.362087,-215.582901,92.216301,84.255577
284,2.366667,-0.005897,0.931601,0.030579,0.362146,-215.583542,92.216034,84.255600
285,2.375000,-0.005801,0.931577,0.030558,0.362212,-215.584091,92.216225,84.253571
286,2.383333,-0.006058,0.931584,0.030508,0.362192,-215.584381,92.215416,84.254997
287,2.391667,-0.006044,0.931576,0.030460,0.362217,-215.583923,92.215790,84.253716
288,2.400000,-0.006726,0.931765,0.030896,0.361682,-215.582031,92.211594,84.259636
289,2.408333,-0.005960,0.931677,0.030565,0.361950,-215.580963,92.214874,84.256279
290,2.416667,-0.005928,0.931608,0.029968,0.362177,-215.580200,92.214729,84.252289
291,2.425000,-0.006741,0.931802,0.030638,0.361609,-215.578796,92.210243,84.260056
292,2.433333,-0.005825,0.931666,0.030406,0.361994,-215.579819,92.216454,84.255692
293,2.441667,-0.005768,0.931633,0.030404,0.362081,-215.580078,92.217453,84.254478
294,2.450000,-0.005833,0.931577,0.030092,0.362249,-215.580200,92.214966,84.253380
295,2.458333,-0.005897,0.931607,0.030323,0.362153,-215.582947,92.215561,84.254356
296,2.466667,-0.006708,0.931746,0.030876,0.361734,-215.580887,92.210571,84.260300
297,2.475000,-0.006872,0.931828,0.030949,0.361512,-215.579086,92.211304,84.260872
298,2.483333,-0.006694,0.931860,0.030823,0.361444,-215.578461,92.211868,84.261871
299,2.491667,-0.006790,0.931877,0.030808,0.361401,-215.577667,92.212555,84.262283
300,2.500000,-0.005705,0.931665,0.030308,0.362008,-215.580658,92.217682,84.255280
301,2.508333,-0.006503,0.931790,0.030720,0.361638,-215.580536,92.212387,84.258911
302,2.516667,-0.005881,0.931646,0.030441,0.362041,-215.583008,92.216476,84.253273
303,2.525000,-0.005866,0.931604,0.030002,0.362188,-215.583755,92.214348,84.250206
304,2.533333,-0.006022,0.931590,0.030478,0.362181,-215.585999,92.215477,84.251488
305,2.541667,-0.005922,0.931567,0.030573,0.362234,-215.586990,92.216370,84.250504
306,2.550000,-0.005961,0.931567,0.030615,0.362229,-215.586548,92.216721,84.249657
307,2.558333,-0.005958,0.931579,0.030517,0.362208,-215.585358,92.214577,84.250465
308,2.566667,-0.005972,0.931577,0.030527,0.362210,-215.584900,92.215057,84.250626
309,2.575000,-0.005896,0.931586,0.030395,0.362199,-215.584564,92.215576,84.250893
310,2.583333,-0.005988,0.931593,0.030311,0.362189,-215.583618,92.216232,84.250946
311,2.591667,-0.006088,0.931578,0.029988,0.362251,-215.581650,92.214928,84.249565
312,2.600000,-0.005954,0.931621,0.030331,0.362115,-215.582367,92.216286,84.251694
313,2.608333,-0.005831,0.931592,0.030471,0.362180,-215.583038,92.217735,84.251556
314,2.616667,-0.005969,0.931593,0.030389,0.362180,-215.583282,92.216736,84.251144
315,2.625000,-0.006720,0.931758,0.030786,0.361711,-215.582748,92.212006,84.257057
316,2.633333,-0.005933,0.931643,0.030338,0.362056,-215.583221,92.219490,84.253487
317,2.641667,-0.006680,0.931821,0.030720,0.361553,-215.580872,92.213707,84.260345
318,2.650000,-0.005728,0.931662,0.030318,0.362014,-215.582626,92.218918,84.254456
319,2.658333,-0.005826,0.931652,0.030480,0.362025,-215.583084,92.219559,84.253143
320,2.666667,-0.005827,0.931609,0.030484,0.362134,-215.584137,92.217506,84.252251
321,2.675000,-0.005895,0.931597,0.030541,0.362158,-215.584442,92.215126,84.253113
322,2.683333,-0.005916,0.931568,0.030392,0.362247,-215.585464,92.215553,84.251030
323,2.691667,-0.005874,0.931559,0.030419,0.362268,-215.585587,92.214897,84.251762
324,2.700000,-0.005959,0.931555,0.030328,0.362284,-215.585907,92.216881,84.250732
325,2.708333,-0.006128,0.931562,0.030069,0.362286,-215.583374,92.214691,84.250488
326,2.716667,-0.006003,0.931608,0.030333,0.362147,-215.583969,92.216095,84.252037
327,2.725000,-0.005819,0.931604,0.030331,0.362162,-215.583130,92.216980,84.251991
328,2.733333,-0.006716,0.931762,0.030454,0.361727,-215.578964,92.210213,84.256523
329,2.741667,-0.005753,0.931643,0.030069,0.362082,-215.580704,92.216949,84.252838
330,2.750000,-0.005756,0.931657,0.030294,0.362029,-215.581635,92.217560,84.253052
331,2.758333,-0.006464,0.931747,0.030374,0.361777,-215.579102,92.211601,84.255676
332,2.766667,-0.005782,0.931642,0.030190,0.362074,-215.581390,92.215607,84.251709
333,2.775000,-0.006466,0.931769,0.030317,0.361726,-215.580154,92.211243,84.255508
334,2.783333,-0.005745,0.931650,0.029848,0.362083,-215.581177,92.214546,84.251389
335,2.791667,-0.005673,0.931635,0.030102,0.362103,-215.582962,92.217102,84.250534
336,2.800000,-0.005720,0.931630,0.030404,0.362088,-215.583801,92.216942,84.250572
337,2.808333,-0.006560,0.931789,0.030833,0.361629,-215.581757,92.210754,84.255531
338,2.816667,-0.005389,0.931478,0.030120,0.362508,-215.588837,92.217476,84.247337
339,2.825000,-0.005478,0.931333,0.030253,0.362869,-215.593964,92.216949,84.244766
340,2.833333,-0.006276,0.931237,0.030661,0.363068,-215.598389,92.213402,84.242371
341,2.841667,-0.006899,0.931122,0.031102,0.363313,-215.602966,92.209854,84.240517
342,2.850000,-0.007107,0.931083,0.031485,0.363377,-215.603729,92.206200,84.238518
343,2.858333,-0.007011,0.931103,0.031118,0.363360,-215.601105,92.202087,84.237427
344,2.866667,-0.007583,0.931220,0.031536,0.363011,-215.600159,92.200783,84.242149
345,2.875000,-0.006960,0.931105,0.030874,0.363376,-215.596802,92.204216,84.236290
346,2.883333,-0.006787,0.931124,0.030621,0.363352,-215.593796,92.204216,84.234871
347,2.891667,-0.006778,0.931181,0.031005,0.363174,-215.592453,92.205963,84.236763
348,2.900000,-0.006745,0.931139,0.031152,0.363270,-215.590744,92.206299,84.238449
349,2.908333,-0.006526,0.931173,0.031188,0.363182,-215.587280,92.205345,84.242653
350,2.916667,-0.006374,0.931230,0.031184,0.363038,-215.583588,92.205917,84.248039
351,2.925000,-0.006529,0.931387,0.031500,0.362607,-215.576767,92.203186,84.257217
352,2.933333,-0.006398,0.931425,0.031952,0.362471,-215.571014,92.204895,84.268059
353,2.941667,-0.006351,0.931441,0.032408,0.362392,-215.566727,92.208183,84.279976
354,2.950000,-0.006148,0.931461,0.032703,0.362317,-215.562958,92.209351,84.294449
355,2.958333,-0.005910,0.931426,0.032593,0.362421,-215.558578,92.208008,84.312866
356,2.966667,-0.004368,0.931625,0.031999,0.361984,-215.555496,92.218887,84.337898
357,2.975000,-0.003833,0.931539,0.032430,0.362171,-215.553970,92.224449,84.361992
358,2.983333,-0.003974,0.931415,0.032742,0.362461,-215.552094,92.229858,84.384529
359,2.991667,-0.003576,0.931382,0.032940,0.362532,-215.545029,92.231926,84.409126
360,3.000000,-0.001880,0.931415,0.034230,0.362340,-215.530991,92.219322,84.441498
361,3.008333,-0.001080,0.931498,0.034908,0.362066,-215.517593,92.218567,84.469170
362,3.016667,-0.000617,0.931543,0.035332,0.361909,-215.500519,92.218086,84.496597
363,3.025000,0.000089,0.931577,0.035490,0.361807,-215.479630,92.216965,84.523674
364,3.033333,0.000906,0.931633,0.035290,0.361683,-215.457565,92.218521,84.547676
365,3.041667,0.001474,0.931657,0.035212,0.361625,-215.439026,92.219223,84.570084
366,3.050000,0.001918,0.931706,0.035058,0.361513,-215.422577,92.220612,84.587280
367,3.058333,0.002146,0.931718,0.034978,0.361488,-215.410782,92.223198,84.599579
368,3.066667,0.002445,0.931716,0.035033,0.361486,-215.403275,92.224571,84.610107
369,3.075000,0.002197,0.931601,0.035230,0.361765,-215.405029,92.232178,84.628883
370,3.083333,0.003257,0.931710,0.035543,0.361446,-215.401596,92.225685,84.632370
371,3.091667,0.003483,0.931720,0.035836,0.361388,-215.403412,92.224899,84.637566
372,3.100000,0.003272,0.931706,0.036102,0.361399,-215.406204,92.226051,84.644089
373,3.108333,0.003217,0.931727,0.036361,0.361320,-215.408295,92.226349,84.650871
374,3.116667,0.002145,0.931501,0.036855,0.361861,-215.417999,92.233887,84.667175
375,3.125000,0.002176,0.931444,0.037214,0.361971,-215.423035,92.234329,84.678391
376,3.133333,0.002334,0.931388,0.037735,0.362059,-215.424011,92.233284,84.692154
377,3.141667,0.004050,0.931562,0.038004,0.361567,-215.413757,92.220177,84.701340
378,3.150000,0.002891,0.931395,0.038330,0.361974,-215.420746,92.233498,84.720428
379,3.158333,0.004497,0.931544,0.038606,0.361545,-215.414474,92.220222,84.722183
380,3.166667,0.003202,0.931396,0.038581,0.361944,-215.424728,92.234840,84.731949
381,3.175000,0.002917,0.931355,0.038583,0.362050,-215.428925,92.237953,84.731956
382,3.183333,0.002584,0.931364,0.038395,0.362050,-215.432266,92.240372,84.726646
383,3.191667,0.002405,0.931380,0.038119,0.362041,-215.435715,92.242058,84.718758
384,3.200000,0.002129,0.931399,0.037876,0.362018,-215.438934,92.241417,84.703102
385,3.208333,0.002367,0.931562,0.037559,0.361629,-215.438843,92.231979,84.672905
386,3.216667,0.002144,0.931576,0.036891,0.361664,-215.446976,92.228355,84.639145
387,3.225000,0.001797,0.931594,0.036195,0.361689,-215.455978,92.226509,84.609329
388,3.233333,0.001166,0.931596,0.036013,0.361704,-215.468292,92.224937,84.580528
389,3.241667,0.001198,0.931621,0.035995,0.361642,-215.479538,92.223679,84.562912
390,3.250000,0.000908,0.931515,0.036608,0.361854,-215.489334,92.222137,84.570244
391,3.258333,0.000895,0.931426,0.037104,0.362032,-215.496231,92.238159,84.590584
392,3.266667,0.001096,0.931406,0.037940,0.361997,-215.497513,92.263229,84.619797
393,3.275000,0.001864,0.931421,0.038270,0.361922,-215.494110,92.302521,84.636719
394,3.283333,0.003073,0.931444,0.040035,0.361662,-215.487259,92.356499,84.640976
395,3.291667,0.002454,0.931427,0.039737,0.361743,-215.489029,92.420311,84.639465
396,3.300000,0.002384,0.931427,0.039824,0.361734,-215.489655,92.469025,84.648834
397,3.308333,0.002299,0.931460,0.039768,0.361657,-215.496857,92.517494,84.667793
398,3.316667,0.004534,0.931421,0.037860,0.361941,-215.497513,92.585251,84.681320
399,3.325000,0.004649,0.931458,0.037175,0.361915,-215.482117,92.644272,84.693687
400,3.333333,0.004678,0.931502,0.036822,0.361836,-215.469574,92.700653,84.702911
401,3.341667,0.002042,0.931293,0.036286,0.362454,-215.477875,92.776131,84.724556
402,3.350000,0.002668,0.931465,0.036424,0.361994,-215.472382,92.809425,84.728050
403,3.358333,0.002747,0.931543,0.036929,0.361740,-215.473526,92.843933,84.733826
404,3.366667,0.002631,0.931406,0.037723,0.362012,-215.476776,92.882988,84.743279
405,3.375000,0.002425,0.931270,0.038547,0.362276,-215.477341,92.929306,84.749008
406,3.383333,0.001066,0.931249,0.038267,0.362366,-215.479630,92.998352,84.748459
407,3.391667,0.000262,0.931230,0.038045,0.362441,-215.478424,93.065903,84.752655
408,3.400000,0.004429,0.931710,0.034599,0.361525,-215.474152,93.160065,84.767250
409,3.408333,0.004436,0.931630,0.033670,0.361817,-215.476944,93.227730,84.764496
410,3.416667,0.002426,0.931528,0.034911,0.361982,-215.472244,93.271599,84.762970
411,3.425000,0.003571,0.931674,0.034153,0.361670,-215.473099,93.333344,84.771072
412,3.433333,0.003028,0.931785,0.034143,0.361390,-215.469818,93.384216,84.779556
413,3.441667,0.001097,0.931870,0.033717,0.361221,-215.465256,93.442589,84.785706
414,3.450000,0.000398,0.931880,0.033313,0.361233,-215.456940,93.490860,84.794167
415,3.458333,0.000601,0.931765,0.033332,0.361527,-215.451996,93.534248,84.806458
416,3.466667,-0.000765,0.931587,0.032591,0.362053,-215.460968,93.598000,84.802498
417,3.475000,-0.000439,0.931507,0.033040,0.362218,-215.462830,93.649101,84.800194
418,3.483333,0.000125,0.931466,0.034758,0.362164,-215.464951,93.698334,84.799805
419,3.491667,0.000748,0.931484,0.034860,0.362107,-215.461655,93.741310,84.802765
420,3.500000,0.003720,0.931551,0.032419,0.362144,-215.461868,93.803993,84.809082
421,3.508333,0.003183,0.931666,0.031986,0.361892,-215.456268,93.849625,84.811455
422,3.516667,0.000579,0.931582,0.031401,0.362173,-215.457779,93.915848,84.822792
423,3.525000,0.000811,0.931817,0.031108,0.361591,-215.444733,93.959251,84.817192
424,3.533333,0.000124,0.931914,0.030873,0.361363,-215.437698,94.009193,84.814377
425,3.541667,0.000229,0.931885,0.030193,0.361495,-215.433258,94.061577,84.811493
426,3.550000,-0.000695,0.931820,0.028739,0.361780,-215.432144,94.120964,84.799370
427,3.558333,-0.000604,0.931846,0.028559,0.361729,-215.429184,94.173347,84.793350
428,3.566667,-0.000768,0.931812,0.028935,0.361786,-215.428192,94.224976,84.786507
429,3.575000,-0.000932,0.931819,0.029177,0.361748,-215.428238,94.281380,84.784531
430,3.583333,0.001069,0.931887,0.028264,0.361645,-215.431473,94.352798,84.781380
431,3.591667,-0.001012,0.931774,0.027335,0.362006,-215.438980,94.428650,84.784523
432,3.600000,-0.001177,0.932005,0.026557,0.361469,-215.430542,94.474632,84.773041
433,3.608333,-0.001257,0.932055,0.026188,0.361367,-215.427856,94.520531,84.768478
434,3.616667,-0.001230,0.932012,0.025912,0.361497,-215.427139,94.563980,84.762779
435,3.625000,-0.002349,0.931967,0.024913,0.361679,-215.431976,94.616951,84.751389
436,3.633333,-0.002506,0.931971,0.024790,0.361675,-215.429443,94.654449,84.748863
437,3.641667,-0.002358,0.932052,0.024691,0.361473,-215.424515,94.690147,84.747139
438,3.650000,-0.002614,0.932087,0.024307,0.361408,-215.420319,94.727417,84.745323
439,3.658333,-0.003416,0.932036,0.023844,0.361564,-215.416595,94.767471,84.734726
440,3.666667,-0.003941,0.932037,0.023119,0.361604,-215.412949,94.802917,84.734062
441,3.675000,-0.004424,0.932075,0.022504,0.361538,-215.407440,94.841354,84.729057
442,3.683333,-0.002180,0.932077,0.020368,0.361681,-215.406509,94.897339,84.721344
443,3.691667,-0.004396,0.931892,0.019709,0.362172,-215.413528,94.956970,84.725433
444,3.700000,-0.003421,0.932107,0.020428,0.361591,-215.406509,94.992973,84.715256
445,3.708333,-0.003164,0.932142,0.020519,0.361498,-215.402054,95.024521,84.712585
446,3.716667,-0.003720,0.932158,0.020326,0.361463,-215.398987,95.054703,84.708015
447,3.725000,-0.003758,0.932227,0.019935,0.361305,-215.394836,95.080803,84.704201
448,3.733333,-0.004831,0.932259,0.019015,0.361259,-215.398590,95.121284,84.694420
449,3.741667,-0.004660,0.932291,0.019011,0.361178,-215.396667,95.151100,84.693787
450,3.750000,-0.004612,0.932328,0.019150,0.361076,-215.394547,95.177902,84.693031
451,3.758333,-0.004808,0.932391,0.019331,0.360903,-215.390152,95.205086,84.690079
452,3.766667,-0.005047,0.932390,0.019721,0.360879,-215.386368,95.229546,84.690247
453,3.775000,-0.004966,0.932435,0.019833,0.360760,-215.381958,95.250587,84.691345
454,3.783333,-0.004988,0.932414,0.019910,0.360807,-215.380127,95.268822,84.693298
455,3.791667,-0.005100,0.932436,0.020050,0.360743,-215.376663,95.285820,84.695457
456,3.800000,-0.005033,0.932445,0.020013,0.360722,-215.373276,95.303062,84.695602
457,3.808333,-0.005264,0.932462,0.019777,0.360689,-215.371521,95.324417,84.693459
458,3.816667,-0.005186,0.932507,0.019310,0.360598,-215.370483,95.348206,84.689644
459,3.825000,-0.005040,0.932532,0.018960,0.360555,-215.370056,95.373215,84.687027
460,3.833333,-0.002837,0.932500,0.017091,0.360755,-215.370361,95.414444,84.680763
461,3.841667,-0.002352,0.932514,0.016404,0.360754,-215.366577,95.447746,84.679329
462,3.850000,-0.003901,0.932277,0.016162,0.361364,-215.370590,95.487320,84.694633
463,3.858333,-0.004064,0.932210,0.016170,0.361534,-215.369720,95.506088,84.697327
464,3.866667,-0.004422,0.932218,0.016331,0.361502,-215.366241,95.521217,84.700775
465,3.875000,-0.004734,0.932207,0.016540,0.361517,-215.360397,95.537216,84.701614
466,3.883333,-0.004359,0.932522,0.016621,0.360705,-215.344360,95.549080,84.692703
467,3.891667,-0.004346,0.932679,0.016649,0.360297,-215.333527,95.569862,84.691635
468,3.900000,-0.004475,0.932791,0.016822,0.359998,-215.326187,95.592995,84.690765
469,3.908333,-0.004368,0.932852,0.017270,0.359818,-215.322617,95.619789,84.686829
470,3.916667,-0.005384,0.932826,0.016413,0.359914,-215.328247,95.654884,84.674797
471,3.925000,-0.005273,0.932806,0.016436,0.359966,-215.328934,95.677444,84.673897
472,3.933333,-0.005219,0.932799,0.016085,0.360000,-215.330536,95.701668,84.669891
473,3.941667,-0.005349,0.932760,0.016135,0.360098,-215.329071,95.718346,84.665451
474,3.950000,-0.005646,0.932802,0.016218,0.359980,-215.325638,95.731842,84.664780
475,3.958333,-0.005506,0.932830,0.016206,0.359911,-215.322067,95.746162,84.664513
476,3.966667,-0.005519,0.932853,0.016281,0.359847,-215.318268,95.762268,84.664482
477,3.975000,-0.005655,0.932913,0.015979,0.359703,-215.315582,95.780853,84.661827
478,3.983333,-0.005679,0.932948,0.015990,0.359611,-215.314148,95.795616,84.662445
479,3.991667,-0.005596,0.932936,0.015975,0.359645,-215.313293,95.812828,84.661301
480,4.000000,-0.005743,0.932891,0.015655,0.359773,-215.316132,95.832291,84.657990
481,4.008333,-0.005859,0.932857,0.015692,0.359857,-215.317062,95.847450,84.658005
482,4.016667,-0.005737,0.932841,0.015907,0.359891,-215.314774,95.858559,84.661575
483,4.025000,-0.005926,0.932857,0.016160,0.359836,-215.308640,95.869759,84.662048
484,4.033333,-0.005896,0.932915,0.016354,0.359676,-215.294891,95.888702,84.663025
485,4.041667,-0.008056,0.933119,0.015618,0.359139,-215.246933,95.948135,84.675240
486,4.050000,-0.007521,0.933187,0.015068,0.358996,-215.236191,95.995598,84.662994
487,4.058333,-0.006481,0.932941,0.013450,0.359720,-215.234344,96.077171,84.650818
488,4.066667,-0.005611,0.933238,0.012690,0.358991,-215.203003,96.134171,84.626144
489,4.075000,-0.008782,0.933575,0.010692,0.358115,-215.148926,96.223602,84.617943
490,4.083333,-0.009189,0.933786,0.009609,0.357586,-215.125687,96.279922,84.606384
491,4.091667,-0.008667,0.933984,0.009678,0.357080,-215.113541,96.327263,84.594078
492,4.100000,-0.008301,0.934079,0.009084,0.356856,-215.104584,96.364365,84.580452
493,4.108333,-0.007909,0.934133,0.008578,0.356735,-215.100021,96.398613,84.571335
494,4.116667,-0.007878,0.934133,0.008003,0.356750,-215.102081,96.435722,84.563911
495,4.125000,-0.008171,0.934120,0.007374,0.356790,-215.111664,96.471527,84.556213
496,4.133333,-0.008903,0.934063,0.006979,0.356928,-215.122894,96.505371,84.549042
497,4.141667,-0.007609,0.933565,0.005234,0.358288,-215.143677,96.557953,84.544006
498,4.150000,-0.007870,0.933451,0.004812,0.358588,-215.152191,96.587105,84.537285
499,4.158333,-0.008554,0.933508,0.004983,0.358420,-215.149994,96.598442,84.534958
500,4.166667,-0.009347,0.933747,0.004710,0.357780,-215.123367,96.616646,84.531937
501,4.175000,-0.009250,0.933823,0.004770,0.357584,-215.122253,96.627853,84.529518
502,4.183333,-0.010423,0.933800,0.003841,0.357622,-215.135773,96.653221,84.517937
503,4.191667,-0.010688,0.933756,0.003764,0.357731,-215.140579,96.661133,84.516434
504,4.200000,-0.010768,0.933787,0.003842,0.357646,-215.141815,96.665367,84.518173
505,4.208333,-0.010887,0.933800,0.003964,0.357607,-215.140915,96.667877,84.517418
506,4.216667,-0.010739,0.933810,0.003959,0.357586,-215.146179,96.663300,84.513901
507,4.225000,-0.010828,0.933790,0.003857,0.357638,-215.135864,96.660271,84.519485
508,4.233333,-0.010691,0.933772,0.003766,0.357690,-215.134781,96.656952,84.520622
509,4.241667,-0.010611,0.933794,0.003792,0.357633,-215.132935,96.654335,84.523712
510,4.250000,-0.010942,0.933788,0.003795,0.357640,-215.131302,96.656326,84.521027
511,4.258333,-0.010838,0.933812,0.003726,0.357580,-215.129013,96.662018,84.520256
512,4.266667,-0.010808,0.933786,0.003831,0.357649,-215.126770,96.663979,84.520630
513,4.275000,-0.010509,0.933791,0.003810,0.357646,-215.132690,96.661285,84.517281
514,4.283333,-0.010751,0.933801,0.003676,0.357611,-215.126877,96.662048,84.518188
515,4.291667,-0.010696,0.933809,0.003792,0.357592,-215.126801,96.657715,84.519699
516,4.300000,-0.010675,0.933807,0.003813,0.357597,-215.129730,96.656212,84.519272
517,4.308333,-0.010585,0.933784,0.003770,0.357660,-215.132874,96.658195,84.517944
518,4.316667,-0.010742,0.933803,0.003871,0.357604,-215.133530,96.661583,84.516548
519,4.325000,-0.010482,0.933815,0.003932,0.357581,-215.143799,96.660118,84.510986
520,4.333333,-0.010017,0.933808,0.003947,0.357613,-215.152435,96.653458,84.505882
521,4.341667,-0.010852,0.933815,0.004011,0.357570,-215.139084,96.659904,84.514420
522,4.350000,-0.010720,0.933802,0.004053,0.357606,-215.139053,96.657364,84.516457
523,4.358333,-0.010617,0.933779,0.003881,0.357671,-215.140396,96.657509,84.516373
524,4.366667,-0.010692,0.933802,0.003858,0.357609,-215.140396,96.659836,84.516014
525,4.375000,-0.010726,0.933799,0.003870,0.357615,-215.140106,96.662224,84.515579
526,4.383333,-0.010808,0.933826,0.003968,0.357543,-215.138763,96.663918,84.516365
527,4.391667,-0.010729,0.933806,0.003972,0.357598,-215.136627,96.662155,84.517494
528,4.400000,-0.010714,0.933809,0.003826,0.357592,-215.134720,96.659317,84.518608
529,4.408333,-0.010758,0.933773,0.003798,0.357683,-215.132187,96.656029,84.518875
530,4.416667,-0.010676,0.933785,0.003777,0.357656,-215.129211,96.657249,84.519455
531,4.425000,-0.010675,0.933803,0.003814,0.357609,-215.127182,96.659485,84.519730
532,4.433333,-0.010313,0.933797,0.003787,0.357634,-215.133194,96.657272,84.515259
533,4.441667,-0.010737,0.933828,0.003646,0.357543,-215.126846,96.662102,84.516441
534,4.450000,-0.010792,0.933820,0.003716,0.357562,-215.128799,96.660706,84.517113
535,4.458333,-0.010665,0.933807,0.003892,0.357598,-215.130096,96.659409,84.517632
536,4.466667,-0.010532,0.933793,0.003832,0.357637,-215.132004,96.658501,84.517525
537,4.475000,-0.010689,0.933761,0.003784,0.357717,-215.132111,96.658096,84.517250
538,4.483333,-0.010718,0.933781,0.003748,0.357666,-215.133423,96.661003,84.515839
539,4.491667,-0.010698,0.933800,0.003814,0.357616,-215.132812,96.661308,84.517288
540,4.500000,-0.010847,0.933809,0.003757,0.357589,-215.132278,96.661247,84.518280
541,4.508333,-0.010807,0.933782,0.003768,0.357658,-215.133148,96.660355,84.518547
542,4.516667,-0.010724,0.933786,0.003730,0.357651,-215.132401,96.658714,84.520180
543,4.525000,-0.010767,0.933801,0.003772,0.357612,-215.132263,96.658081,84.521866
544,4.533333,-0.010851,0.933786,0.003775,0.357647,-215.130371,96.658272,84.522247
545,4.541667,-0.010894,0.933816,0.003828,0.357568,-215.129669,96.660217,84.522995
546,4.550000,-0.010723,0.933798,0.003813,0.357619,-215.130371,96.661308,84.522453
547,4.558333,-0.010660,0.933785,0.003811,0.357656,-215.129379,96.661751,84.523674
548,4.566667,-0.010728,0.933783,0.003872,0.357658,-215.127747,96.659645,84.523697
549,4.575000,-0.010817,0.933779,0.003728,0.357667,-215.127396,96.660019,84.520935
550,4.583333,-0.010611,0.933774,0.003741,0.357687,-215.126831,96.659782,84.521248
551,4.591667,-0.010644,0.933770,0.003744,0.357695,-215.126251,96.660065,84.520844
552,4.600000,-0.010737,0.933784,0.003720,0.357657,-215.127655,96.661308,84.519753
553,4.608333,-0.010726,0.933796,0.003723,0.357625,-215.127319,96.661133,84.520493
554,4.616667,-0.010740,0.933780,0.003734,0.357667,-215.129120,96.661049,84.519547
555,4.625000,-0.010760,0.933793,0.003845,0.357631,-215.129379,96.660004,84.520599
556,4.633333,-0.010575,0.933793,0.003844,0.357636,-215.129761,96.660370,84.520874
557,4.641667,-0.010666,0.933793,0.003897,0.357633,-215.129272,96.658974,84.521919
558,4.650000,-0.010714,0.933778,0.003792,0.357673,-215.128540,96.660027,84.521904
559,4.658333,-0.010777,0.933770,0.003793,0.357691,-215.128708,96.660820,84.522392
560,4.666667,-0.010751,0.933777,0.003742,0.357674,-215.128738,96.660904,84.523392
561,4.675000,-0.010620,0.933759,0.003788,0.357725,-215.126678,96.659782,84.525764
562,4.683333,-0.010748,0.933759,0.003697,0.357721,-215.124557,96.660004,84.525955
563,4.691667,-0.010728,0.933766,0.003710,0.357705,-215.123657,96.658829,84.527931
564,4.700000,-0.010784,0.933780,0.003619,0.357666,-215.123291,96.660507,84.527588
565,4.708333,-0.010750,0.933769,0.003680,0.357695,-215.121872,96.660431,84.527344
566,4.716667,-0.010697,0.933776,0.003594,0.357681,-215.120285,96.661011,84.527847
567,4.725000,-0.010736,0.933783,0.003724,0.357659,-215.120071,96.661194,84.527275
568,4.733333,-0.010535,0.933792,0.003708,0.357641,-215.118408,96.660851,84.528008
569,4.741667,-0.010555,0.933748,0.003577,0.357758,-215.117691,96.659843,84.526649
570,4.750000,-0.010749,0.933758,0.003678,0.357724,-215.119415,96.660027,84.526955
571,4.758333,-0.010651,0.933783,0.003662,0.357663,-215.120117,96.660522,84.526634
572,4.766667,-0.010709,0.933774,0.003612,0.357684,-215.121811,96.662231,84.525352
573,4.775000,-0.010688,0.933780,0.003577,0.357669,-215.123703,96.661392,84.524277
574,4.783333,-0.010524,0.933774,0.003629,0.357689,-215.126617,96.661186,84.525101
575,4.791667,-0.010624,0.933774,0.003728,0.357687,-215.127991,96.659721,84.525558
576,4.800000,-0.010669,0.933801,0.003780,0.357613,-215.129639,96.660179,84.525139
577,4.808333,-0.010675,0.933787,0.003822,0.357649,-215.130142,96.660576,84.525124
578,4.816667,-0.010725,0.933788,0.003693,0.357646,-215.131302,96.661285,84.524704
579,4.825000,-0.010867,0.933783,0.003736,0.357654,-215.131592,96.661530,84.523994
580,4.833333,-0.010767,0.933774,0.003766,0.357682,-215.130646,96.660927,84.523369
581,4.841667,-0.010657,0.933769,0.003761,0.357699,-215.129715,96.659889,84.522232
582,4.850000,-0.010631,0.933816,0.003805,0.357576,-215.129944,96.661171,84.522377
583,4.858333,-0.010752,0.933794,0.003896,0.357629,-215.130325,96.661110,84.520889
584,4.866667,-0.010798,0.933814,0.003767,0.357577,-215.130646,96.661766,84.519455
585,4.875000,-0.010491,0.933810,0.003751,0.357596,-215.137054,96.658134,84.515068
586,4.883333,-0.009995,0.933827,0.003842,0.357564,-215.145233,96.655090,84.509773
587,4.891667,-0.009848,0.933810,0.003727,0.357613,-215.147980,96.654900,84.507797
588,4.900000,-0.010105,0.933834,0.003737,0.357543,-215.147812,96.659920,84.507599
589,4.908333,-0.010216,0.933849,0.003637,0.357502,-215.145355,96.666168,84.510826
590,4.916667,-0.010452,0.933856,0.003667,0.357478,-215.143326,96.674622,84.514168
591,4.925000,-0.010551,0.933893,0.003540,0.357379,-215.140274,96.681664,84.519913
592,4.933333,-0.010588,0.933970,0.003284,0.357180,-215.137619,96.689972,84.526184
593,4.941667,-0.010658,0.934068,0.003335,0.356920,-215.131287,96.696198,84.537308
594,4.950000,-0.010450,0.934103,0.003045,0.356838,-215.126175,96.702850,84.547356
595,4.958333,-0.010513,0.934142,0.002959,0.356734,-215.121048,96.711334,84.559540
596,4.966667,-0.010273,0.934153,0.002719,0.356715,-215.116211,96.719841,84.573044
597,4.975000,-0.010229,0.934237,0.002797,0.356496,-215.111725,96.731796,84.587288
598,4.983333,-0.009956,0.934288,0.002625,0.356371,-215.107208,96.741646,84.600876
599,4.991667,-0.010636,0.934312,0.002315,0.356290,-215.091187,96.759811,84.619675
600,5.000000,-0.010650,0.934333,0.002212,0.356235,-215.083527,96.763496,84.637161
601,5.008333,-0.010681,0.934317,0.002065,0.356276,-215.078903,96.763931,84.653679
602,5.016667,-0.010367,0.934282,0.001883,0.356380,-215.083099,96.758514,84.667816
603,5.025000,-0.009717,0.934274,0.001846,0.356419,-215.079803,96.749817,84.686211
604,5.033333,-0.009554,0.934274,0.001662,0.356424,-215.071945,96.743446,84.703392
605,5.041667,-0.009503,0.934353,0.001685,0.356217,-215.059067,96.734306,84.726639
606,5.050000,-0.008404,0.934489,0.002460,0.355884,-215.044373,96.711441,84.799095
607,5.058333,-0.012732,0.934445,0.004606,0.355849,-215.007309,96.673286,84.840141
608,5.066667,-0.012054,0.934601,0.004915,0.355459,-214.983582,96.627258,84.888733
609,5.075000,-0.011005,0.934673,0.005538,0.355295,-214.961868,96.587387,84.926964
610,5.083333,-0.012174,0.934778,0.005406,0.354982,-214.901428,96.564880,84.982407
611,5.091667,-0.011665,0.934917,0.005055,0.354640,-214.862320,96.525108,85.029427
612,5.100000,-0.008879,0.935519,0.008557,0.353060,-214.823868,96.494186,85.085861
613,5.108333,-0.008071,0.935812,0.008934,0.352293,-214.743683,96.450974,85.162895
614,5.116667,-0.008827,0.936040,0.011281,0.351602,-214.687592,96.372414,85.231491
615,5.125000,-0.008647,0.936134,0.009077,0.351421,-214.639786,96.291603,85.294357
616,5.133333,-0.008544,0.935994,0.007201,0.351838,-214.603455,96.222359,85.356766
617,5.141667,-0.007835,0.935919,0.007285,0.352053,-214.562515,96.149231,85.427872
618,5.150000,-0.006453,0.935962,0.008925,0.351928,-214.522858,96.080330,85.497704
619,5.158333,-0.007186,0.936295,0.012417,0.350923,-214.477661,95.996964,85.583427
620,5.166667,-0.006878,0.936440,0.013746,0.350491,-214.442627,95.936081,85.644516
621,5.175000,-0.006328,0.936556,0.014552,0.350158,-214.412216,95.879356,85.709938
622,5.183333,-0.005555,0.936677,0.014619,0.349845,-214.382797,95.833351,85.765541
623,5.191667,-0.003757,0.936841,0.015870,0.349375,-214.341812,95.778709,85.832253
624,5.200000,-0.004265,0.936771,0.014988,0.349597,-214.308746,95.747986,85.894211
625,5.208333,-0.007018,0.937098,0.015347,0.348659,-214.263031,95.697189,85.957512
626,5.216667,-0.006631,0.937448,0.015344,0.347724,-214.216202,95.645912,86.012878
627,5.225000,-0.006807,0.937745,0.015267,0.346923,-214.177460,95.617172,86.066422
628,5.233333,-0.005080,0.938348,0.019065,0.345130,-214.151123,95.633331,86.134674
629,5.241667,-0.005294,0.938315,0.016741,0.345335,-214.093048,95.611877,86.199020
630,5.250000,-0.005533,0.938259,0.014282,0.345595,-214.035324,95.594200,86.265312
631,5.258333,-0.006121,0.938176,0.011716,0.345906,-213.978104,95.593651,86.332069
632,5.266667,-0.006427,0.938266,0.010653,0.345691,-213.921707,95.606926,86.396866
633,5.275000,-0.006600,0.938582,0.009869,0.344851,-213.861160,95.630775,86.459389
634,5.283333,-0.005540,0.939001,0.009813,0.343730,-213.801788,95.649216,86.528664
635,5.291667,-0.006216,0.939287,0.009833,0.342935,-213.760025,95.671631,86.584908
636,5.300000,-0.005680,0.939641,0.012517,0.341885,-213.728195,95.713089,86.636047
637,5.308333,-0.005877,0.939764,0.011325,0.341585,-213.676483,95.742218,86.700554
638,5.316667,-0.006936,0.939829,0.008463,0.341469,-213.621017,95.779091,86.772835
639,5.325000,-0.007654,0.939812,0.006411,0.341545,-213.570694,95.814331,86.826859
640,5.333333,-0.012294,0.940268,0.005536,0.340167,-213.506836,95.859680,86.889877
641,5.341667,-0.011439,0.940468,0.001908,0.339685,-213.455414,95.930550,86.949959
642,5.350000,-0.012008,0.940633,0.000898,0.339212,-213.413818,95.978981,87.003174
643,5.358333,-0.012131,0.940812,-0.000025,0.338712,-213.371231,96.025078,87.054962
644,5.366667,-0.012385,0.940993,-0.001277,0.338197,-213.319565,96.069328,87.102928
645,5.375000,-0.014130,0.941271,-0.002739,0.337344,-213.242752,96.128334,87.161560
646,5.383333,-0.014547,0.941549,-0.003247,0.336548,-213.188797,96.175964,87.223312
647,5.391667,-0.013932,0.941737,-0.004539,0.336030,-213.132233,96.214798,87.284882
648,5.400000,-0.013690,0.941830,-0.005926,0.335760,-213.080719,96.243362,87.333672
649,5.408333,-0.015742,0.941899,-0.006755,0.335461,-212.998413,96.289055,87.392937
650,5.416667,-0.014929,0.942668,-0.002817,0.333387,-212.957352,96.351364,87.436241
651,5.425000,-0.015151,0.942850,-0.003528,0.332854,-212.901886,96.383179,87.491730
652,5.433333,-0.015693,0.942967,-0.004645,0.332485,-212.850906,96.408882,87.543755
653,5.441667,-0.016206,0.943311,-0.005690,0.331465,-212.792038,96.438148,87.590446
654,5.450000,-0.015824,0.943557,-0.006847,0.330762,-212.734573,96.459801,87.636574
655,5.458333,-0.018018,0.943903,-0.005974,0.329678,-212.677292,96.458313,87.691544
656,5.466667,-0.018685,0.944017,-0.005777,0.329316,-212.636734,96.457275,87.735634
657,5.475000,-0.018960,0.944427,-0.006004,0.328118,-212.594467,96.461861,87.777901
658,5.483333,-0.020557,0.944738,-0.006697,0.327112,-212.526291,96.478874,87.827316
659,5.491667,-0.021060,0.944965,-0.007055,0.326416,-212.463455,96.478485,87.872330
660,5.500000,-0.021155,0.945197,-0.007223,0.325734,-212.404984,96.472443,87.917831
661,5.508333,-0.021774,0.945288,-0.006946,0.325436,-212.356308,96.472618,87.959389
662,5.516667,-0.020238,0.945594,-0.006641,0.324652,-212.301163,96.471901,88.006660
663,5.525000,-0.019294,0.945665,-0.007205,0.324489,-212.249084,96.457466,88.049576
664,5.533333,-0.017022,0.946008,-0.007703,0.323605,-212.188385,96.425575,88.088501
665,5.541667,-0.016782,0.945987,-0.010672,0.323596,-212.131470,96.392021,88.125076
666,5.550000,-0.018160,0.945867,-0.013017,0.323784,-212.051636,96.375954,88.175896
667,5.558333,-0.020095,0.946446,-0.007367,0.322152,-212.011459,96.366730,88.207550
668,5.566667,-0.019995,0.946700,-0.006623,0.321426,-211.968872,96.336899,88.239685
669,5.575000,-0.018863,0.946967,-0.006636,0.320707,-211.918762,96.299049,88.282883
670,5.583333,-0.019696,0.947171,-0.006090,0.320065,-211.847061,96.278122,88.329353
671,5.591667,-0.018966,0.947299,-0.005080,0.319748,-211.780121,96.244141,88.384842
672,5.600000,-0.018063,0.947421,-0.005167,0.319437,-211.727829,96.211739,88.422081
673,5.608333,-0.016545,0.947720,-0.005751,0.318622,-211.667725,96.169540,88.447723
674,5.616667,-0.017266,0.947939,-0.006441,0.317920,-211.578110,96.153732,88.495117
675,5.625000,-0.019912,0.948050,-0.007640,0.317407,-211.506195,96.104660,88.534042
676,5.633333,-0.020570,0.948075,-0.009630,0.317234,-211.440308,96.069160,88.572624
677,5.641667,-0.020089,0.948297,-0.010703,0.316568,-211.388870,96.042831,88.605103
678,5.650000,-0.018563,0.948901,-0.006207,0.314968,-211.350037,96.045753,88.631485
679,5.658333,-0.018516,0.949105,-0.004554,0.314382,-211.296112,96.033112,88.668770
680,5.666667,-0.018359,0.949042,-0.003611,0.314593,-211.237717,96.009987,88.724495
681,5.675000,-0.018213,0.949254,-0.004015,0.313957,-211.153458,95.991776,88.766800
682,5.683333,-0.017817,0.949496,-0.004963,0.313233,-211.087173,95.971672,88.799568
683,5.691667,-0.016552,0.949853,-0.005118,0.312215,-211.040070,95.947990,88.825813
684,5.700000,-0.018020,0.950250,-0.003905,0.310943,-210.979050,95.904579,88.859749
685,5.708333,-0.018516,0.950499,-0.003822,0.310153,-210.921814,95.882095,88.894585
686,5.716667,-0.020836,0.950309,-0.007169,0.310529,-210.840302,95.869377,88.935104
687,5.725000,-0.021764,0.950279,-0.010054,0.310474,-210.769516,95.851501,88.972565
688,5.733333,-0.022060,0.950397,-0.010650,0.310075,-210.698059,95.838669,89.007637
689,5.741667,-0.020897,0.950633,-0.009887,0.309457,-210.642593,95.815498,89.041664
690,5.750000,-0.019395,0.951288,-0.004048,0.307668,-210.597610,95.829582,89.082184
691,5.758333,-0.018191,0.951535,-0.003830,0.306980,-210.551407,95.811447,89.111549
692,5.766667,-0.017036,0.951738,-0.003962,0.306413,-210.496109,95.788773,89.141068
693,5.775000,-0.015711,0.952077,-0.004131,0.305427,-210.426208,95.765724,89.166679
694,5.783333,-0.020345,0.952282,-0.002718,0.304530,-210.338043,95.764069,89.213036
695,5.791667,-0.021388,0.952554,-0.002715,0.303605,-210.265518,95.758347,89.246925
696,5.800000,-0.021300,0.952821,-0.002294,0.302776,-210.209534,95.744446,89.274277
697,5.808333,-0.020252,0.953058,-0.002695,0.302097,-210.156387,95.722221,89.308067
698,5.816667,-0.019505,0.953230,-0.003721,0.301592,-210.076950,95.699677,89.341400
699,5.825000,-0.019749,0.953518,-0.004371,0.300657,-210.006073,95.681122,89.378723
700,5.833333,-0.020306,0.953582,-0.007580,0.300351,-209.929321,95.657082,89.411598
701,5.841667,-0.019021,0.953660,-0.009399,0.300136,-209.849121,95.616158,89.454315
702,5.850000,-0.018050,0.954093,-0.004344,0.298936,-209.804031,95.636101,89.495216
703,5.858333,-0.019306,0.954334,-0.002103,0.298109,-209.736450,95.611397,89.530525
704,5.866667,-0.019533,0.954512,-0.001277,0.297528,-209.669708,95.591614,89.559937
705,5.875000,-0.020069,0.954702,-0.001262,0.296885,-209.605835,95.579842,89.585083
706,5.883333,-0.020245,0.954973,-0.002219,0.295992,-209.527008,95.554970,89.607727
707,5.891667,-0.020936,0.955260,-0.003073,0.295009,-209.442993,95.559959,89.650978
708,5.900000,-0.020489,0.955423,-0.003096,0.294513,-209.380096,95.546463,89.682289
709,5.908333,-0.019665,0.955678,-0.002651,0.293746,-209.319336,95.529488,89.706512
710,5.916667,-0.018719,0.955924,-0.002961,0.293001,-209.254425,95.512886,89.732727
711,5.925000,-0.018370,0.956071,-0.003781,0.292536,-209.186768,95.499657,89.764229
712,5.933333,-0.017919,0.956064,-0.006987,0.292525,-209.097717,95.461838,89.806305
713,5.941667,-0.019027,0.955861,-0.009717,0.293041,-209.021790,95.445961,89.855621
714,5.950000,-0.019031,0.956778,-0.002343,0.290185,-208.958908,95.438133,89.872437
715,5.958333,-0.020233,0.956907,-0.002108,0.289683,-208.877441,95.431999,89.913010
716,5.966667,-0.020219,0.957096,-0.002388,0.289055,-208.817795,95.412491,89.939186
717,5.975000,-0.019130,0.957473,-0.002972,0.287873,-208.758972,95.396210,89.970352
718,5.983333,-0.019089,0.957765,-0.002860,0.286904,-208.695526,95.381386,89.993927
719,5.991667,-0.020556,0.957867,-0.002128,0.286467,-208.617996,95.358246,90.020401
720,6.000000,-0.021683,0.957988,-0.002047,0.285980,-208.547562,95.343445,90.044495
721,6.008333,-0.023547,0.958003,-0.001693,0.285785,-208.483551,95.341286,90.076797
722,6.016667,-0.022172,0.958120,-0.000660,0.285508,-208.409241,95.314850,90.112976
723,6.025000,-0.022697,0.958479,-0.000977,0.284257,-208.318115,95.313751,90.144691
724,6.033333,-0.021250,0.958646,-0.001431,0.283804,-208.239487,95.288506,90.178940
725,6.041667,-0.020476,0.958891,-0.001877,0.283029,-208.168503,95.269661,90.204742
726,6.050000,-0.020603,0.959284,-0.001677,0.281685,-208.100891,95.260399,90.222916
727,6.058333,-0.021570,0.959478,-0.001808,0.280953,-208.026260,95.237228,90.250969
728,6.066667,-0.022433,0.959577,-0.002531,0.280538,-207.959244,95.223869,90.277061
729,6.075000,-0.021862,0.959768,-0.002686,0.279930,-207.882278,95.193123,90.302071
730,6.083333,-0.021680,0.960035,-0.002020,0.279033,-207.811905,95.179108,90.324547
731,6.091667,-0.022678,0.960198,-0.001925,0.278392,-207.724213,95.177132,90.357979
732,6.100000,-0.021838,0.960361,-0.001185,0.277900,-207.655762,95.158218,90.390900
733,6.108333,-0.019572,0.960644,-0.000066,0.277090,-207.581665,95.127884,90.423630
734,6.116667,-0.018914,0.960955,-0.000205,0.276057,-207.511932,95.114136,90.437141
735,6.125000,-0.019248,0.961181,-0.000392,0.275245,-207.439728,95.105530,90.456131
736,6.133333,-0.018960,0.961442,-0.000684,0.274352,-207.359390,95.093834,90.483063
737,6.141667,-0.019451,0.961639,-0.001343,0.273625,-207.276230,95.079567,90.515312
738,6.150000,-0.020335,0.961756,-0.001445,0.273147,-207.201050,95.063194,90.541473
739,6.158333,-0.022130,0.961904,-0.001176,0.272488,-207.137802,95.068268,90.563568
740,6.166667,-0.024169,0.962318,-0.001198,0.270847,-207.054260,95.077377,90.571228
741,6.175000,-0.023557,0.962510,-0.002839,0.270208,-206.984756,95.080139,90.581406
742,6.183333,-0.021000,0.962699,-0.003961,0.269728,-206.912689,95.053825,90.619072
743,6.191667,-0.021673,0.963203,-0.003261,0.267880,-206.833557,95.025940,90.659821
744,6.200000,-0.019278,0.963505,-0.002368,0.266984,-206.755478,94.990173,90.686188
745,6.208333,-0.018734,0.963594,-0.001964,0.266706,-206.687851,94.968376,90.707222
746,6.216667,-0.018485,0.963643,-0.001506,0.266548,-206.619232,94.949287,90.733894
747,6.225000,-0.019428,0.963675,-0.000874,0.266369,-206.548401,94.934303,90.757462
748,6.233333,-0.020749,0.963790,-0.000001,0.265855,-206.484650,94.926842,90.773636
749,6.241667,-0.021434,0.963963,-0.001019,0.265170,-206.414062,94.924225,90.802742
750,6.250000,-0.021678,0.964115,-0.002600,0.264584,-206.334641,94.912804,90.827538
751,6.258333,-0.021071,0.964297,-0.003543,0.263960,-206.255478,94.903061,90.852402
752,6.266667,-0.020516,0.964548,-0.003634,0.263085,-206.183197,94.902191,90.879318
753,6.275000,-0.019611,0.964823,-0.003618,0.262143,-206.088562,94.896957,90.905655
754,6.283333,-0.020905,0.965159,-0.002510,0.260815,-206.005219,94.878799,90.923134
755,6.291667,-0.020506,0.965473,-0.002171,0.259687,-205.926437,94.858055,90.938477
756,6.300000,-0.022882,0.965599,-0.002591,0.259016,-205.861755,94.863113,90.954254
757,6.308333,-0.021396,0.965770,-0.001808,0.258509,-205.785797,94.839096,90.978355
758,6.316667,-0.020838,0.965904,-0.001202,0.258057,-205.710526,94.819267,90.998940
759,6.325000,-0.021382,0.966021,-0.001396,0.257573,-205.639267,94.804695,91.016907
760,6.333333,-0.022241,0.966160,-0.001602,0.256976,-205.559189,94.785950,91.043327
761,6.341667,-0.022719,0.966354,-0.001666,0.256207,-205.480225,94.770958,91.064384
762,6.350000,-0.024361,0.966723,-0.001246,0.254659,-205.382828,94.774208,91.080902
763,6.358333,-0.023806,0.966880,-0.001387,0.254115,-205.313995,94.751534,91.099457
764,6.366667,-0.023029,0.967012,-0.001521,0.253684,-205.247360,94.729576,91.114510
765,6.375000,-0.023361,0.967117,-0.001576,0.253253,-205.172394,94.723892,91.132767
766,6.383333,-0.021902,0.967462,-0.001230,0.252065,-205.084641,94.708595,91.149483
767,6.391667,-0.021044,0.967746,-0.000973,0.251045,-205.002899,94.702095,91.171303
768,6.400000,-0.019650,0.968040,-0.001164,0.250024,-204.909470,94.679909,91.195724
769,6.408333,-0.020137,0.968344,-0.002345,0.248795,-204.826401,94.670280,91.202744
770,6.416667,-0.021286,0.968533,-0.003071,0.247954,-204.750107,94.664124,91.221184
771,6.425000,-0.021797,0.968806,-0.002138,0.246852,-204.671814,94.644485,91.243591
772,6.433333,-0.021865,0.968928,-0.001523,0.246369,-204.592514,94.632332,91.266838
773,6.441667,-0.020454,0.968934,-0.002564,0.246459,-204.514145,94.636002,91.282364
774,6.450000,-0.020220,0.969167,-0.002862,0.245555,-204.433655,94.635895,91.294769
775,6.458333,-0.022226,0.969511,-0.001496,0.244034,-204.351425,94.619278,91.314438
776,6.466667,-0.022181,0.969731,-0.000739,0.243164,-204.276779,94.599243,91.331718
777,6.475000,-0.022877,0.969836,-0.001328,0.242679,-204.202789,94.579773,91.345436
778,6.483333,-0.023134,0.969950,-0.001648,0.242198,-204.126785,94.554886,91.353973
779,6.491667,-0.023140,0.969994,-0.002117,0.242017,-204.039215,94.532990,91.372482
780,6.500000,-0.021231,0.970258,-0.000956,0.241137,-203.957031,94.506767,91.396484
781,6.508333,-0.020790,0.970501,0.000125,0.240198,-203.868866,94.490898,91.420052
782,6.516667,-0.021099,0.970792,-0.000017,0.238992,-203.784653,94.491524,91.427979
783,6.525000,-0.021212,0.971087,-0.000082,0.237780,-203.700089,94.482780,91.441193
784,6.533333,-0.022162,0.971375,-0.000034,0.236514,-203.622894,94.473785,91.454506
785,6.541667,-0.022452,0.971453,-0.000088,0.236168,-203.539307,94.463799,91.488625
786,6.550000,-0.023128,0.971469,-0.000531,0.236034,-203.466537,94.460350,91.507164
787,6.558333,-0.023206,0.971570,-0.001069,0.235610,-203.385193,94.451660,91.520157
788,6.566667,-0.023655,0.971797,-0.001284,0.234624,-203.305222,94.448044,91.526321
789,6.575000,-0.023216,0.972065,-0.001124,0.233559,-203.221100,94.433243,91.530106
790,6.583333,-0.023088,0.972150,-0.001262,0.233215,-203.139679,94.428406,91.559242
791,6.591667,-0.023387,0.972381,-0.001275,0.232222,-203.059906,94.423721,91.576256
792,6.600000,-0.022385,0.972682,-0.001859,0.231053,-202.976990,94.405357,91.582336
793,6.608333,-0.021727,0.972941,-0.000719,0.230027,-202.882477,94.365707,91.595299
794,6.616667,-0.021896,0.973147,-0.000699,0.229139,-202.801941,94.348129,91.601273
795,6.625000,-0.019934,0.973465,-0.001033,0.227963,-202.722260,94.342056,91.597839
796,6.633333,-0.020911,0.973691,0.000047,0.226909,-202.647354,94.320503,91.608330
797,6.641667,-0.022063,0.973741,-0.000506,0.226587,-202.562637,94.316483,91.628777
798,6.650000,-0.023104,0.973777,-0.000519,0.226327,-202.488419,94.311783,91.639435
799,6.658333,-0.023586,0.973873,-0.000536,0.225863,-202.412796,94.302948,91.637299
800,6.666667,-0.023526,0.974129,0.000065,0.224764,-202.337006,94.292465,91.624794
801,6.675000,-0.023549,0.974212,0.000631,0.224402,-202.274734,94.288483,91.624763
802,6.683333,-0.024046,0.974252,-0.000104,0.224174,-202.208572,94.289894,91.634224
803,6.691667,-0.023835,0.974444,-0.000802,0.223361,-202.138138,94.287750,91.631111
804,6.700000,-0.023975,0.974717,-0.001624,0.222148,-202.063797,94.291534,91.618904
805,6.708333,-0.022848,0.975179,-0.001400,0.220230,-201.988312,94.284218,91.600136
806,6.716667,-0.023075,0.975381,-0.001775,0.219309,-201.928070,94.291130,91.594086
807,6.725000,-0.024990,0.975428,-0.001737,0.218892,-201.869370,94.295883,91.599968
808,6.733333,-0.025309,0.975466,-0.001792,0.218683,-201.818375,94.294373,91.602348
809,6.741667,-0.025160,0.975601,-0.001698,0.218097,-201.765823,94.285927,91.594765
810,6.750000,-0.023396,0.975667,-0.001122,0.218006,-201.702469,94.253578,91.594337
811,6.758333,-0.020999,0.975884,-0.002032,0.217267,-201.642487,94.238274,91.572258
812,6.766667,-0.019583,0.976092,-0.002576,0.216461,-201.584213,94.219574,91.559792
813,6.775000,-0.021214,0.976191,-0.001627,0.215868,-201.524307,94.201454,91.561798
814,6.783333,-0.022138,0.976295,-0.001120,0.215308,-201.469894,94.189804,91.557762
815,6.791667,-0.022428,0.976489,-0.000653,0.214398,-201.416397,94.176666,91.544716
816,6.800000,-0.021927,0.976689,-0.000425,0.213535,-201.363403,94.155708,91.532288
817,6.808333,-0.022368,0.976979,-0.000271,0.212161,-201.309067,94.136795,91.508293
818,6.816667,-0.022294,0.976973,-0.000319,0.212193,-201.263260,94.113747,91.493782
819,6.825000,-0.022838,0.976839,-0.000345,0.212752,-201.222473,94.101250,91.492371
820,6.833333,-0.023309,0.976787,0.000017,0.212943,-201.183701,94.079842,91.486824
821,6.841667,-0.023414,0.976897,0.000371,0.212426,-201.144455,94.053703,91.476265
822,6.850000,-0.021843,0.977200,0.001018,0.211191,-201.093338,94.005394,91.458473
823,6.858333,-0.022093,0.977401,0.002355,0.210224,-201.048782,93.959923,91.448914
824,6.866667,-0.020680,0.977488,0.003425,0.209948,-201.006500,93.914032,91.440712
825,6.875000,-0.019898,0.977368,0.001805,0.210603,-200.967072,93.898430,91.435036
826,6.883333,-0.021936,0.977426,0.002012,0.210129,-200.919861,93.867920,91.419830
827,6.891667,-0.022225,0.977509,0.002252,0.209706,-200.872986,93.839035,91.407166
828,6.900000,-0.022098,0.977617,0.002606,0.209211,-200.830841,93.806129,91.396347
829,6.908333,-0.020758,0.978013,0.003565,0.207480,-200.781174,93.757294,91.373093
830,6.916667,-0.020441,0.978143,0.004244,0.206881,-200.741074,93.710609,91.367157
831,6.925000,-0.021040,0.978110,0.004545,0.206973,-200.707458,93.679985,91.370506
832,6.933333,-0.021215,0.978115,0.004902,0.206923,-200.671097,93.644836,91.368370
833,6.941667,-0.021544,0.978191,0.005828,0.206505,-200.624176,93.597298,91.364059
834,6.950000,-0.019682,0.978369,0.007453,0.205792,-200.567154,93.528915,91.358604
835,6.958333,-0.018689,0.978442,0.007918,0.205520,-200.514435,93.467384,91.351166
836,6.966667,-0.016664,0.978587,0.008682,0.204972,-200.459717,93.404053,91.343987
837,6.975000,-0.016551,0.978682,0.008703,0.204529,-200.405930,93.367798,91.353485
838,6.983333,-0.016980,0.978814,0.008315,0.203878,-200.361450,93.341362,91.353188
839,6.991667,-0.016607,0.979024,0.008438,0.202891,-200.312424,93.315849,91.347969
840,7.000000,-0.015125,0.979455,0.009174,0.200887,-200.254028,93.284088,91.326721
841,7.008333,-0.016175,0.979451,0.009990,0.200782,-200.217026,93.278954,91.332207
842,7.016667,-0.015976,0.979441,0.010617,0.200818,-200.166077,93.261017,91.321426
843,7.025000,-0.015572,0.979413,0.010662,0.200984,-200.121384,93.246025,91.320656
844,7.033333,-0.015037,0.979483,0.010613,0.200685,-200.081543,93.237648,91.324966
845,7.041667,-0.013811,0.979483,0.011015,0.200753,-200.037552,93.224762,91.336967
846,7.050000,-0.015343,0.979499,0.011880,0.200514,-199.986618,93.211594,91.344673
847,7.058333,-0.015857,0.979509,0.012262,0.200399,-199.937744,93.205246,91.345177
848,7.066667,-0.016078,0.979548,0.012320,0.200190,-199.888870,93.205025,91.347382
849,7.075000,-0.016483,0.979667,0.012139,0.199583,-199.837646,93.213890,91.350792
850,7.083333,-0.016730,0.979828,0.012205,0.198769,-199.790817,93.225746,91.348991
851,7.091667,-0.016399,0.979960,0.011955,0.198160,-199.736298,93.238655,91.348869
852,7.100000,-0.016297,0.980079,0.011965,0.197578,-199.681976,93.258652,91.350410
853,7.108333,-0.016841,0.980370,0.011836,0.196089,-199.618652,93.281204,91.335960
854,7.116667,-0.017146,0.980477,0.011383,0.195554,-199.567276,93.302895,91.335388
855,7.125000,-0.018912,0.980504,0.009984,0.195332,-199.498795,93.329536,91.355621
856,7.133333,-0.019330,0.980514,0.009030,0.195289,-199.444122,93.340286,91.368576
857,7.141667,-0.019177,0.980743,0.008927,0.194152,-199.383163,93.343102,91.363998
858,7.150000,-0.019146,0.980832,0.008571,0.193723,-199.333984,93.347351,91.363136
859,7.158333,-0.018163,0.981012,0.008483,0.192907,-199.287231,93.345856,91.356880
860,7.166667,-0.017938,0.981155,0.008734,0.192189,-199.244141,93.349388,91.350594
861,7.175000,-0.017392,0.981250,0.009052,0.191740,-199.201126,93.351791,91.345581
862,7.183333,-0.016955,0.981320,0.009434,0.191401,-199.157471,93.350739,91.345596
863,7.191667,-0.016949,0.981334,0.009560,0.191322,-199.115585,93.346069,91.348587
864,7.200000,-0.018692,0.981254,0.009058,0.191596,-199.051453,93.353096,91.364845
865,7.208333,-0.019460,0.981405,0.008701,0.190763,-198.986176,93.347404,91.368065
866,7.216667,-0.019569,0.981508,0.008167,0.190245,-198.931366,93.337509,91.369690
867,7.225000,-0.019380,0.981634,0.007719,0.189630,-198.881973,93.330322,91.368225
868,7.233333,-0.017446,0.982124,0.007218,0.187286,-198.811203,93.309616,91.340462
869,7.241667,-0.016483,0.982311,0.006954,0.186401,-198.766602,93.299469,91.325546
870,7.250000,-0.016158,0.982427,0.006975,0.185814,-198.733322,93.294693,91.316978
871,7.258333,-0.015242,0.982506,0.007332,0.185461,-198.701126,93.286278,91.307930
872,7.266667,-0.016906,0.982402,0.008127,0.185837,-198.678284,93.297653,91.312904
873,7.275000,-0.017713,0.982361,0.009537,0.185909,-198.641342,93.284233,91.315147
874,7.283333,-0.018440,0.982310,0.010325,0.186068,-198.605957,93.270668,91.312241
875,7.291667,-0.018664,0.982335,0.010537,0.185900,-198.564880,93.253685,91.306747
876,7.300000,-0.019937,0.982383,0.009768,0.185556,-198.500488,93.247223,91.315613
877,7.308333,-0.020192,0.982360,0.009340,0.185672,-198.449570,93.233070,91.313950
878,7.316667,-0.020394,0.982405,0.009316,0.185411,-198.404083,93.221519,91.307182
879,7.325000,-0.020976,0.982489,0.008824,0.184927,-198.363907,93.214127,91.298004
880,7.333333,-0.020709,0.982703,0.008669,0.183821,-198.321228,93.203857,91.283882
881,7.341667,-0.019655,0.982888,0.008757,0.182945,-198.279022,93.190475,91.274925
882,7.350000,-0.018085,0.983165,0.009334,0.181584,-198.235428,93.174103,91.258987
883,7.358333,-0.017210,0.983302,0.009476,0.180918,-198.199570,93.160461,91.250717
884,7.366667,-0.016600,0.983395,0.009721,0.180456,-198.162750,93.141212,91.238228
885,7.375000,-0.015945,0.983455,0.010405,0.180148,-198.127563,93.119911,91.230385
886,7.383333,-0.015778,0.983489,0.010883,0.179951,-198.093613,93.099022,91.221359
887,7.391667,-0.016886,0.983416,0.010438,0.180274,-198.047318,93.089432,91.234238
888,7.400000,-0.017475,0.983507,0.010334,0.179726,-197.990524,93.063683,91.235069
889,7.408333,-0.018365,0.983430,0.010253,0.180065,-197.943192,93.037750,91.242065
890,7.416667,-0.019159,0.983474,0.011459,0.179666,-197.894180,93.000099,91.239357
891,7.425000,-0.018078,0.983558,0.012132,0.179277,-197.856293,92.951218,91.214622
892,7.433333,-0.017435,0.983734,0.012639,0.178334,-197.801147,92.904160,91.193161
893,7.441667,-0.017907,0.983825,0.013032,0.177756,-197.740219,92.853241,91.167648
894,7.450000,-0.017995,0.983993,0.013074,0.176816,-197.661102,92.804428,91.136505
895,7.458333,-0.016311,0.984184,0.013224,0.175901,-197.588654,92.753311,91.100845
896,7.466667,-0.016329,0.984193,0.012080,0.175928,-197.504883,92.685371,91.055450
897,7.475000,-0.015770,0.984399,0.015143,0.174588,-197.445450,92.655197,91.027710
898,7.483333,-0.015492,0.984625,0.014682,0.173371,-197.345779,92.588936,90.981911
899,7.491667,-0.017296,0.984815,0.011573,0.172353,-197.214401,92.545975,90.929955
900,7.500000,-0.019530,0.984807,0.008424,0.172348,-197.118301,92.506912,90.877434
901,7.508333,-0.015311,0.985325,0.015580,0.169283,-197.040863,92.518417,90.841660
902,7.516667,-0.015904,0.985375,0.015567,0.168941,-196.943695,92.506317,90.800247
903,7.525000,-0.017512,0.985741,0.015378,0.166647,-196.823425,92.509689,90.746475
904,7.533333,-0.015406,0.985974,0.013410,0.165648,-196.712646,92.471336,90.679306
905,7.541667,-0.017359,0.985923,0.011757,0.165878,-196.631424,92.480171,90.638252
906,7.550000,-0.016460,0.986128,0.016275,0.164365,-196.576050,92.522171,90.619370
907,7.558333,-0.013847,0.986418,0.015744,0.162912,-196.499344,92.513069,90.574005
908,7.566667,-0.015226,0.986845,0.015016,0.160246,-196.403610,92.541298,90.524910
909,7.575000,-0.015755,0.986654,0.013391,0.161510,-196.329193,92.523750,90.493950
910,7.583333,-0.016860,0.986600,0.011834,0.161855,-196.256073,92.508667,90.458374
911,7.591667,-0.015053,0.986564,0.009970,0.162376,-196.200821,92.460442,90.417030
912,7.600000,-0.015222,0.986561,0.007695,0.162498,-196.152054,92.431046,90.378395
913,7.608333,-0.015612,0.986690,0.006957,0.161715,-196.104111,92.431580,90.350456
914,7.616667,-0.015499,0.986790,0.006444,0.161134,-196.066147,92.441437,90.330719
915,7.625000,-0.011665,0.987252,0.013707,0.158144,-196.048538,92.498123,90.334610
916,7.633333,-0.013116,0.987158,0.009337,0.158932,-196.003845,92.484573,90.301910
917,7.641667,-0.014150,0.987316,0.005294,0.158049,-195.956619,92.471542,90.250870
918,7.650000,-0.013648,0.987432,0.003895,0.157404,-195.933685,92.457596,90.216446
919,7.658333,-0.012956,0.987502,0.001866,0.157064,-195.914032,92.427490,90.181870
920,7.666667,-0.012537,0.987415,0.000673,0.157649,-195.911499,92.360229,90.146133
921,7.675000,-0.011171,0.987383,0.000815,0.157952,-195.918747,92.264221,90.126503
922,7.683333,-0.010317,0.987365,0.005644,0.158023,-195.961975,92.275795,90.133095
923,7.691667,-0.011906,0.987101,0.004970,0.159579,-195.976013,92.266853,90.149590
924,7.700000,-0.013322,0.986935,0.002403,0.160553,-195.997864,92.260918,90.173096
925,7.708333,-0.012069,0.986836,0.004062,0.161223,-196.042542,92.254005,90.215286
926,7.716667,-0.010441,0.986796,0.006257,0.161507,-196.062500,92.244423,90.266571
927,7.725000,-0.011112,0.986584,0.007684,0.162698,-196.074631,92.250877,90.324837
928,7.733333,-0.011528,0.986572,0.008577,0.162695,-196.064301,92.259552,90.372398
929,7.741667,-0.011990,0.986524,0.010273,0.162853,-196.047409,92.250565,90.426628
930,7.750000,-0.011522,0.986434,0.012660,0.163262,-196.025085,92.246559,90.478325
931,7.758333,-0.010497,0.986447,0.014331,0.163115,-195.991928,92.240868,90.531364
932,7.766667,-0.008441,0.986703,0.014396,0.161678,-195.909088,92.216423,90.578384
933,7.775000,-0.006915,0.986237,0.015120,0.164503,-195.883789,92.185493,90.662697
934,7.783333,-0.006062,0.986125,0.013952,0.165305,-195.822525,92.162369,90.718567
935,7.791667,-0.004481,0.986138,0.014480,0.165231,-195.738342,92.152046,90.801834
936,7.800000,-0.002055,0.986360,0.016760,0.163736,-195.651276,92.159081,90.876518
937,7.808333,0.003204,0.986845,0.018180,0.160609,-195.571228,92.145966,90.938232
938,7.816667,0.008353,0.987738,0.021441,0.154417,-195.539871,92.151756,91.017822
939,7.825000,0.011821,0.988404,0.023839,0.149495,-195.513214,92.149612,91.087204
940,7.833333,0.012011,0.989061,0.026290,0.144647,-195.482071,92.142738,91.150108
941,7.841667,0.012162,0.989573,0.027065,0.140945,-195.468109,92.139366,91.197464
942,7.850000,0.011894,0.989992,0.027142,0.137980,-195.458328,92.134933,91.234711
943,7.858333,0.014025,0.990327,0.032079,0.134262,-195.456299,92.155296,91.271599
944,7.866667,0.014346,0.990579,0.032976,0.132139,-195.442657,92.156883,91.294655
945,7.875000,0.015335,0.990720,0.034187,0.130652,-195.433167,92.163696,91.296173
946,7.883333,0.015172,0.990872,0.032711,0.129893,-195.427429,92.158241,91.294548
947,7.891667,0.014935,0.990971,0.031265,0.129525,-195.434738,92.155769,91.286240
948,7.900000,0.014622,0.991027,0.030329,0.129351,-195.452255,92.154060,91.269394
949,7.908333,0.011182,0.990908,0.031452,0.130335,-195.496338,92.201782,91.257217
950,7.916667,0.009723,0.990868,0.031196,0.130820,-195.513107,92.210754,91.225677
951,7.925000,0.009121,0.990851,0.029984,0.131271,-195.543091,92.196053,91.183762
952,7.933333,0.006750,0.990827,0.029117,0.131788,-195.576141,92.214813,91.126289
953,7.941667,0.005023,0.990821,0.027147,0.132332,-195.620529,92.213051,91.071228
954,7.950000,0.002464,0.991140,0.024339,0.130549,-195.660278,92.214714,90.998268
955,7.958333,0.002080,0.991128,0.023621,0.130775,-195.716705,92.207825,90.926292
956,7.966667,0.002084,0.991212,0.020218,0.130710,-195.770401,92.209579,90.850136
957,7.975000,0.001139,0.991251,0.018477,0.130689,-195.803696,92.209755,90.776398
958,7.983333,-0.000323,0.991206,0.017302,0.131188,-195.849945,92.209091,90.713547
959,7.991667,-0.002197,0.991200,0.016038,0.131383,-195.893890,92.209900,90.665939
960,8.000000,-0.004442,0.991267,0.014812,0.130964,-195.922241,92.217514,90.630135
961,8.008333,-0.006628,0.991394,0.013355,0.130062,-195.926849,92.233932,90.598503
962,8.016667,-0.006789,0.991423,0.012813,0.129886,-195.930756,92.232681,90.576706
963,8.025000,-0.006859,0.991422,0.012478,0.129922,-195.922806,92.230484,90.555962
964,8.033333,-0.007058,0.991400,0.012560,0.130069,-195.916672,92.233772,90.553619
965,8.041667,-0.006546,0.991407,0.012654,0.130036,-195.910400,92.231239,90.561928
966,8.050000,-0.006052,0.991438,0.012711,0.129818,-195.906052,92.234779,90.593353
967,8.058333,-0.004638,0.991329,0.014231,0.130549,-195.916016,92.223221,90.636589
968,8.066667,-0.003107,0.991186,0.015995,0.131471,-195.921188,92.211555,90.682564
969,8.075000,-0.001451,0.991049,0.017263,0.132369,-195.919357,92.197189,90.732468
970,8.083333,-0.002016,0.991127,0.017638,0.131730,-195.867020,92.204582,90.776894
971,8.091667,-0.001869,0.990899,0.019101,0.133230,-195.820419,92.214760,90.847504
972,8.100000,-0.000554,0.990863,0.021882,0.133084,-195.758728,92.201874,90.901649
973,8.108333,0.001351,0.990889,0.021975,0.132867,-195.693283,92.185539,90.951630
974,8.116667,0.002767,0.991007,0.020683,0.132173,-195.620346,92.179993,90.976425
975,8.125000,0.004831,0.990738,0.020351,0.134169,-195.587921,92.160210,91.014656
976,8.133333,0.006480,0.990743,0.020534,0.134036,-195.554062,92.147682,91.043777
977,8.141667,0.009169,0.990687,0.022042,0.134050,-195.526154,92.132866,91.075890
978,8.150000,0.011399,0.990712,0.023601,0.133424,-195.504105,92.120209,91.100357
979,8.158333,0.007261,0.990499,0.024983,0.135035,-195.512527,92.157585,91.152245
980,8.166667,0.006343,0.990516,0.025443,0.134876,-195.520691,92.162003,91.177956
981,8.175000,0.007961,0.990573,0.030817,0.133235,-195.540512,92.193596,91.202614
982,8.183333,0.007959,0.990526,0.032078,0.133289,-195.545776,92.203835,91.208496
983,8.191667,0.007648,0.990495,0.032160,0.133519,-195.552795,92.206436,91.196129
984,8.200000,0.006751,0.990539,0.030819,0.133556,-195.561569,92.203400,91.178474
985,8.208333,0.006872,0.990539,0.030044,0.133729,-195.591599,92.204163,91.140114
986,8.216667,0.005396,0.990647,0.026985,0.133646,-195.603546,92.205658,91.090050
987,8.225000,0.003608,0.990885,0.023978,0.132511,-195.603302,92.210808,91.023621
988,8.233333,0.003061,0.991121,0.020796,0.131289,-195.627365,92.203438,90.948700
989,8.241667,0.004032,0.991116,0.017579,0.131776,-195.667267,92.182320,90.878883
990,8.250000,0.001703,0.991182,0.014066,0.131746,-195.704849,92.181267,90.814774
991,8.258333,0.001795,0.991262,0.016221,0.130898,-195.762222,92.202637,90.779015
992,8.266667,0.001867,0.991255,0.017154,0.130828,-195.832458,92.199661,90.749329
993,8.275000,0.001567,0.991178,0.017349,0.131391,-195.895630,92.188248,90.719383
994,8.283333,-0.004363,0.990898,0.017473,0.133405,-195.946503,92.224648,90.720123
995,8.291667,-0.006555,0.990773,0.016926,0.134308,-195.972504,92.232605,90.708008
996,8.300000,-0.006645,0.990686,0.016546,0.134993,-195.994751,92.228271,90.698303
997,8.308333,-0.007502,0.990870,0.015722,0.133692,-195.970886,92.240746,90.679192
998,8.316667,-0.003303,0.990852,0.016270,0.133930,-195.934219,92.209641,90.667633
999,8.325000,-0.002200,0.990862,0.016532,0.133842,-195.902084,92.207268,90.672417
1000,8.333333,-0.000881,0.990902,0.016931,0.133512,-195.870056,92.205467,90.692551
1001,8.341667,-0.000414,0.991039,0.017094,0.132478,-195.830460,92.207321,90.717857
1002,8.350000,0.001744,0.991012,0.017613,0.132600,-195.813248,92.187675,90.768951
1003,8.358333,0.001333,0.990784,0.019599,0.134021,-195.792343,92.200745,90.844383
1004,8.366667,0.001978,0.990714,0.021457,0.134246,-195.759155,92.203590,90.906212
1005,8.375000,0.001608,0.990659,0.022780,0.134440,-195.719376,92.184227,90.969925
1006,8.383333,0.002868,0.990571,0.022772,0.135063,-195.684677,92.172638,91.010796
1007,8.391667,0.005607,0.990429,0.025277,0.135574,-195.649902,92.175652,91.042671
1008,8.400000,0.007461,0.990427,0.026671,0.135233,-195.616333,92.174599,91.075256
1009,8.408333,0.005700,0.990454,0.026634,0.135129,-195.589142,92.189445,91.116844
1010,8.416667,0.005659,0.990389,0.026469,0.135633,-195.571442,92.185951,91.139679
1011,8.425000,0.005177,0.990357,0.025561,0.136065,-195.556717,92.178192,91.140022
1012,8.433333,0.005172,0.990318,0.024212,0.136595,-195.549850,92.172173,91.131683
1013,8.441667,0.005577,0.990281,0.023219,0.137013,-195.553375,92.173035,91.121521
1014,8.450000,0.010321,0.990352,0.023819,0.136125,-195.577835,92.219780,91.119583
1015,8.458333,0.009542,0.990503,0.025510,0.134763,-195.584900,92.242744,91.128761
1016,8.466667,0.008323,0.990521,0.024763,0.134858,-195.598953,92.241486,91.113953
1017,8.475000,0.008374,0.990499,0.023692,0.135207,-195.643143,92.222443,91.079391
1018,8.483333,0.007055,0.990584,0.022362,0.134881,-195.680649,92.219009,91.031715
1019,8.491667,0.005439,0.990649,0.021422,0.134636,-195.712769,92.214722,90.972336
1020,8.500000,0.003100,0.990677,0.019207,0.134839,-195.740372,92.215347,90.907692
1021,8.508333,0.001996,0.990814,0.018555,0.133939,-195.765930,92.228333,90.834915
1022,8.516667,0.002587,0.990848,0.017190,0.133855,-195.809692,92.223808,90.785400
1023,8.525000,0.002003,0.990941,0.015952,0.133330,-195.828979,92.221657,90.738953
1024,8.533333,0.003834,0.990956,0.015545,0.133229,-195.877914,92.193680,90.712631
1025,8.541667,-0.000420,0.990803,0.015558,0.134417,-195.918091,92.224731,90.720947
1026,8.550000,-0.002486,0.990773,0.015646,0.134601,-195.944901,92.233078,90.722031
1027,8.558333,-0.003854,0.990720,0.016033,0.134913,-195.961594,92.234596,90.726173
1028,8.566667,-0.004165,0.990663,0.016202,0.135302,-195.964371,92.235519,90.733231
1029,8.575000,-0.003799,0.990613,0.016340,0.135661,-195.951462,92.236504,90.744118
1030,8.583333,-0.002823,0.990608,0.016671,0.135680,-195.920486,92.234894,90.757545
1031,8.591667,-0.002697,0.990774,0.016153,0.134530,-195.870621,92.242554,90.761009
1032,8.600000,-0.000284,0.990761,0.016012,0.134675,-195.838409,92.232025,90.789291
1033,8.608333,0.000345,0.990801,0.017142,0.134237,-195.785217,92.235191,90.826675
1034,8.616667,0.001234,0.990716,0.016855,0.134894,-195.743103,92.218597,90.880783
1035,8.625000,0.004285,0.990707,0.020125,0.134449,-195.713562,92.212379,90.929710
1036,8.633333,0.006341,0.990738,0.021004,0.134002,-195.689362,92.209152,90.975914
1037,8.641667,0.007519,0.990770,0.021835,0.133572,-195.662231,92.208786,91.017380
1038,8.650000,0.006558,0.990634,0.022306,0.134548,-195.648865,92.216187,91.075989
1039,8.658333,0.007237,0.990564,0.024501,0.134646,-195.636856,92.226334,91.097977
1040,8.666667,0.007398,0.990512,0.025188,0.134897,-195.624298,92.231461,91.113220
1041,8.675000,0.007124,0.990538,0.024675,0.134817,-195.612396,92.229675,91.119675
1042,8.683333,0.007208,0.990532,0.024204,0.134936,-195.601990,92.228294,91.108452
1043,8.691667,0.009381,0.990520,0.024659,0.134814,-195.620972,92.217293,91.080460
1044,8.700000,0.009161,0.990615,0.022987,0.134426,-195.625977,92.204742,91.065903
1045,8.708333,0.008650,0.990821,0.022708,0.132982,-195.638046,92.215530,91.025505
1046,8.716667,0.008157,0.990942,0.020961,0.132396,-195.676971,92.206642,91.006332
1047,8.725000,0.005951,0.990796,0.022155,0.133404,-195.727646,92.222878,90.980736
1048,8.733333,0.004245,0.990739,0.021613,0.133984,-195.765381,92.227539,90.941635
1049,8.741667,0.003206,0.990682,0.020613,0.134588,-195.794891,92.225349,90.896698
1050,8.750000,0.001814,0.990695,0.019476,0.134690,-195.820297,92.227493,90.846863
1051,8.758333,0.000208,0.990888,0.016866,0.133629,-195.842499,92.224579,90.793610
1052,8.766667,0.000598,0.990956,0.016027,0.133225,-195.844254,92.222610,90.739838
1053,8.775000,0.000805,0.990872,0.015558,0.133900,-195.862030,92.219170,90.724922
1054,8.783333,0.000520,0.990888,0.015425,0.133802,-195.876343,92.220596,90.722626
1055,8.791667,0.001625,0.990903,0.015618,0.133659,-195.907013,92.205696,90.729897
1056,8.800000,-0.000737,0.990851,0.016222,0.133981,-195.913559,92.222794,90.754982
1057,8.808333,-0.002372,0.990922,0.016508,0.133401,-195.907730,92.232773,90.766945
1058,8.816667,-0.002506,0.990728,0.016942,0.134777,-195.913940,92.230827,90.803764
1059,8.825000,-0.002242,0.990635,0.017558,0.135387,-195.900711,92.230743,90.832100
1060,8.833333,-0.000342,0.990554,0.018350,0.135891,-195.873657,92.226974,90.862671
1061,8.841667,0.001808,0.990587,0.019341,0.135498,-195.829422,92.220062,90.888428
1062,8.850000,0.003342,0.990622,0.020651,0.135021,-195.781067,92.215637,90.908768
1063,8.858333,0.003967,0.990659,0.019719,0.134874,-195.722702,92.203133,90.924461
1064,8.866667,0.005831,0.990605,0.018317,0.135398,-195.680405,92.183334,90.930054
1065,8.875000,0.006145,0.990763,0.016023,0.134517,-195.627029,92.184914,90.920143
1066,8.883333,0.006751,0.990771,0.015479,0.134494,-195.588226,92.190742,90.926636
1067,8.891667,0.006258,0.990852,0.015564,0.133907,-195.565079,92.203209,90.929787
1068,8.900000,0.008284,0.990743,0.015793,0.134577,-195.589432,92.184914,90.940475
1069,8.908333,0.008435,0.990750,0.015910,0.134500,-195.605087,92.175209,90.942078
1070,8.916667,0.008760,0.990622,0.015767,0.135436,-195.647202,92.157089,90.949646
1071,8.925000,0.005600,0.990642,0.019788,0.134929,-195.704880,92.207947,90.972260
1072,8.933333,0.005199,0.990638,0.022170,0.134605,-195.752045,92.222610,90.981804
1073,8.941667,0.004374,0.990646,0.023442,0.134359,-195.796997,92.227661,90.970352
1074,8.950000,0.003638,0.990590,0.023140,0.134841,-195.834579,92.227348,90.947960
1075,8.958333,0.002877,0.990542,0.022094,0.135390,-195.864029,92.225639,90.922890
1076,8.966667,0.001864,0.990526,0.020922,0.135710,-195.882172,92.225456,90.894478
1077,8.975000,0.000202,0.990534,0.019797,0.135833,-195.889206,92.227982,90.864754
1078,8.983333,-0.001019,0.990545,0.018582,0.135922,-195.883041,92.230202,90.836403
1079,8.991667,-0.002113,0.990714,0.017131,0.134866,-195.860077,92.241302,90.799492
1080,9.000000,-0.000479,0.990811,0.014497,0.134474,-195.824539,92.218346,90.771317
1081,9.008333,0.002019,0.990760,0.009949,0.135246,-195.796753,92.221382,90.748177
1082,9.016667,0.004027,0.990750,0.007718,0.135420,-195.753998,92.226852,90.739304
1083,9.025000,0.004869,0.990747,0.008160,0.135392,-195.731552,92.225670,90.760330
1084,9.033333,0.005461,0.990750,0.009179,0.135281,-195.714676,92.223320,90.796356
1085,9.041667,0.007702,0.990617,0.014890,0.135636,-195.728394,92.239136,90.866295
1086,9.050000,0.009822,0.990612,0.016454,0.135356,-195.719513,92.248329,90.936119
1087,9.058333,0.012147,0.990494,0.018720,0.135731,-195.725266,92.246162,90.979256
1088,9.066667,0.012425,0.990518,0.018793,0.135520,-195.706116,92.249435,91.003471
1089,9.075000,0.012758,0.990503,0.018357,0.135661,-195.686890,92.246513,91.016762
1090,9.083333,0.010465,0.990621,0.020859,0.134632,-195.659653,92.220680,91.024590
1091,9.091667,0.009891,0.990624,0.021491,0.134551,-195.646774,92.208351,91.020027
1092,9.100000,0.010060,0.990617,0.021701,0.134558,-195.648315,92.202339,91.009171
1093,9.108333,0.009499,0.990683,0.021726,0.134107,-195.657852,92.194016,90.998207
1094,9.116667,0.008774,0.990770,0.021695,0.133522,-195.681183,92.183769,90.982811
1095,9.125000,0.005220,0.990714,0.022145,0.134045,-195.714294,92.205688,90.972893
1096,9.133333,0.003852,0.990723,0.022247,0.134010,-195.734528,92.210609,90.942413
1097,9.141667,0.002772,0.990690,0.022020,0.134319,-195.752853,92.213478,90.908821
1098,9.150000,0.001433,0.990755,0.020226,0.134141,-195.760803,92.207024,90.867645
1099,9.158333,0.001576,0.990895,0.017996,0.133417,-195.780151,92.197334,90.818619
1100,9.166667,0.002316,0.990984,0.018060,0.132737,-195.795624,92.200783,90.783470
1101,9.175000,0.002972,0.991041,0.017651,0.132355,-195.806244,92.193817,90.771584
1102,9.183333,0.003771,0.991109,0.017301,0.131870,-195.815918,92.182373,90.770592
1103,9.191667,0.000009,0.991005,0.017726,0.132647,-195.830582,92.217964,90.796455
1104,9.200000,-0.000904,0.990894,0.018191,0.133410,-195.835281,92.224922,90.816841
1105,9.208333,-0.000782,0.990671,0.019451,0.134877,-195.839874,92.220413,90.845863
1106,9.216667,-0.000188,0.990576,0.020883,0.135361,-195.824265,92.212112,90.867905
1107,9.225000,0.000810,0.990576,0.021820,0.135211,-195.796127,92.205688,90.886444
1108,9.233333,0.001385,0.990641,0.020855,0.134881,-195.755463,92.197075,90.899208
1109,9.241667,0.002179,0.990634,0.019280,0.135158,-195.709122,92.188354,90.900665
1110,9.250000,0.002199,0.990627,0.017405,0.135463,-195.672287,92.181488,90.895233
1111,9.258333,0.004343,0.990609,0.016515,0.135653,-195.664520,92.169060,90.897034
1112,9.266667,0.004231,0.990825,0.015645,0.134175,-195.633575,92.178322,90.886292
1113,9.275000,0.005900,0.990803,0.015554,0.134286,-195.634460,92.170341,90.884850
1114,9.283333,0.008085,0.990718,0.015963,0.134752,-195.656860,92.145790,90.880722
1115,9.291667,0.003045,0.990488,0.016018,0.136630,-195.707886,92.178017,90.900673
1116,9.300000,0.000932,0.990422,0.015911,0.137151,-195.744171,92.180557,90.893944
1117,9.308333,0.001795,0.990499,0.020149,0.136028,-195.782547,92.202606,90.891754
1118,9.316667,0.001838,0.990466,0.022196,0.135949,-195.807678,92.214043,90.890945
1119,9.325000,0.001402,0.990432,0.022209,0.136193,-195.823425,92.218422,90.876114
1120,9.333333,0.000896,0.990473,0.021122,0.136071,-195.827530,92.217407,90.855797
1121,9.341667,0.000841,0.990557,0.019782,0.135663,-195.819046,92.218857,90.835419
1122,9.350000,0.001727,0.990638,0.018699,0.135215,-195.800125,92.215866,90.818794
1123,9.358333,0.005148,0.990810,0.015528,0.134268,-195.784668,92.227798,90.800537
1124,9.366667,0.007200,0.990824,0.014489,0.134189,-195.759186,92.230453,90.802567
1125,9.375000,0.006048,0.990767,0.014669,0.134641,-195.737274,92.251190,90.827866
1126,9.383333,0.006979,0.990606,0.012654,0.135982,-195.729126,92.244743,90.868584
1127,9.391667,0.009570,0.990550,0.014762,0.136021,-195.725525,92.252144,90.893806
1128,9.400000,0.006274,0.990781,0.020384,0.133787,-195.700546,92.219810,90.950188
1129,9.408333,0.005889,0.990812,0.021071,0.133464,-195.696762,92.213943,90.984955
1130,9.416667,0.006483,0.990745,0.022636,0.133682,-195.705658,92.220116,90.995010
1131,9.425000,0.006372,0.990708,0.023143,0.133871,-195.710556,92.218056,90.998009
1132,9.433333,0.005961,0.990696,0.023049,0.133997,-195.709869,92.215546,90.986877
1133,9.441667,0.005441,0.990687,0.022610,0.134156,-195.711716,92.215248,90.968117
1134,9.450000,0.004963,0.990697,0.021798,0.134236,-195.720642,92.217369,90.945595
1135,9.458333,0.004391,0.990752,0.020837,0.134007,-195.728806,92.218826,90.917519
1136,9.466667,0.003967,0.990765,0.020032,0.134041,-195.737061,92.221199,90.885262
1137,9.475000,0.002345,0.990928,0.017412,0.133244,-195.739685,92.219612,90.853172
1138,9.483333,0.002370,0.990958,0.015072,0.133303,-195.761551,92.201004,90.829529
1139,9.491667,0.002787,0.990857,0.017250,0.133777,-195.778717,92.216148,90.842293
1140,9.500000,0.003027,0.990807,0.018633,0.133958,-195.784988,92.224808,90.864601
1141,9.508333,0.003267,0.990780,0.019592,0.134020,-195.790070,92.223129,90.882965
1142,9.516667,0.003347,0.990758,0.020314,0.134072,-195.790405,92.218849,90.898376
1143,9.525000,0.003231,0.990641,0.020727,0.134871,-195.784714,92.215538,90.915260
1144,9.533333,0.003542,0.990609,0.021017,0.135055,-195.765335,92.211731,90.921913
1145,9.541667,0.004052,0.990574,0.021062,0.135289,-195.742691,92.211090,90.923080
1146,9.550000,0.003721,0.990598,0.019403,0.135373,-195.714340,92.205742,90.921310
1147,9.558333,0.003701,0.990598,0.017600,0.135615,-195.693420,92.199577,90.906708
1148,9.566667,0.003397,0.990622,0.015744,0.135677,-195.689224,92.192856,90.886787
1149,9.575000,0.003118,0.990654,0.014567,0.135582,-195.699127,92.191589,90.870415
1150,9.583333,0.002678,0.990671,0.013937,0.135539,-195.716446,92.191353,90.858116
1151,9.591667,0.002168,0.990669,0.013797,0.135569,-195.740875,92.191971,90.855522
1152,9.600000,0.003418,0.990695,0.018080,0.134854,-195.772797,92.214058,90.872833
1153,9.608333,0.003807,0.990542,0.020074,0.135681,-195.790970,92.222008,90.896263
1154,9.616667,0.003447,0.990482,0.020961,0.135995,-195.792740,92.223557,90.902405
1155,9.625000,0.003049,0.990487,0.019694,0.136155,-195.777481,92.211685,90.907249
1156,9.633333,0.002543,0.990465,0.018078,0.136548,-195.756714,92.202423,90.899033
1157,9.641667,0.002164,0.990483,0.015974,0.136692,-195.732361,92.190491,90.877136
1158,9.650000,0.002018,0.990538,0.014584,0.136445,-195.717697,92.188194,90.859245
1159,9.658333,0.002269,0.990571,0.014158,0.136249,-195.709305,92.190292,90.853989
1160,9.666667,0.002411,0.990596,0.014112,0.136072,-195.709717,92.192802,90.855080
1161,9.675000,0.002722,0.990591,0.014332,0.136076,-195.718430,92.191025,90.863510
1162,9.683333,0.002258,0.990582,0.014350,0.136146,-195.733826,92.190460,90.870674
1163,9.691667,0.002124,0.990585,0.014521,0.136110,-195.749908,92.188629,90.869926
1164,9.700000,0.001621,0.990506,0.014651,0.136679,-195.768997,92.187462,90.872658
1165,9.708333,0.001083,0.990468,0.014811,0.136940,-195.774658,92.185959,90.873680
1166,9.716667,0.002631,0.990551,0.019068,0.135786,-195.770035,92.209412,90.879684
1167,9.725000,0.003238,0.990534,0.019213,0.135881,-195.746231,92.207550,90.889809
1168,9.733333,0.003464,0.990517,0.018649,0.136077,-195.726471,92.206749,90.889069
1169,9.741667,0.003455,0.990516,0.017440,0.136241,-195.712982,92.201714,90.883568
1170,9.750000,0.002926,0.990551,0.015637,0.136217,-195.710831,92.194817,90.872780
1171,9.758333,0.002582,0.990594,0.014186,0.136073,-195.719208,92.190872,90.863892
1172,9.766667,0.002528,0.990615,0.013880,0.135949,-195.729843,92.188789,90.862724
1173,9.775000,0.004168,0.990667,0.018162,0.135029,-195.750076,92.212540,90.873398
1174,9.783333,0.004486,0.990528,0.020075,0.135765,-195.762924,92.223030,90.891907
1175,9.791667,0.003651,0.990481,0.019845,0.136160,-195.763260,92.217865,90.904449
1176,9.800000,0.003154,0.990485,0.019287,0.136224,-195.757294,92.211769,90.899033
1177,9.808333,0.002720,0.990510,0.018084,0.136220,-195.750671,92.203125,90.887833
1178,9.816667,0.002087,0.990521,0.016355,0.136371,-195.745773,92.192986,90.877983
1179,9.825000,0.001623,0.990519,0.015011,0.136543,-195.742722,92.186913,90.871338
1180,9.833333,0.001605,0.990515,0.014825,0.136593,-195.739182,92.186905,90.870117
1181,9.841667,0.001701,0.990519,0.015036,0.136539,-195.736130,92.188026,90.869896
1182,9.850000,0.001894,0.990519,0.014908,0.136552,-195.734070,92.187653,90.871117
1183,9.858333,0.001994,0.990528,0.014972,0.136478,-195.732544,92.187576,90.868645
1184,9.866667,0.002117,0.990535,0.015040,0.136419,-195.733200,92.188301,90.869354
1185,9.875000,0.001942,0.990531,0.014980,0.136457,-195.734009,92.188354,90.870148
1186,9.883333,0.001777,0.990523,0.014760,0.136537,-195.736176,92.188583,90.869461
1187,9.891667,0.001753,0.990527,0.014820,0.136508,-195.738556,92.187813,90.868668
1188,9.900000,0.001711,0.990526,0.014823,0.136511,-195.740616,92.188202,90.869621
1189,9.908333,0.001691,0.990531,0.014790,0.136480,-195.741714,92.187187,90.869438
1190,9.916667,0.001688,0.990534,0.015002,0.136435,-195.743271,92.187668,90.869392
1191,9.925000,0.001705,0.990534,0.014868,0.136446,-195.744904,92.187424,90.868851
1192,9.933333,0.001551,0.990533,0.014825,0.136467,-195.745773,92.186478,90.868416
1193,9.941667,0.001571,0.990527,0.014916,0.136499,-195.747070,92.186943,90.869255
1194,9.950000,0.001490,0.990469,0.014953,0.136913,-195.752899,92.186974,90.874634
1195,9.958333,0.001296,0.990493,0.014887,0.136750,-195.753174,92.189445,90.873291
1196,9.966667,0.001469,0.990527,0.014874,0.136505,-195.751892,92.188705,90.870293
1197,9.975000,0.001710,0.990551,0.014942,0.136318,-195.748596,92.184662,90.868637
1198,9.983333,0.001674,0.990469,0.014900,0.136918,-195.754761,92.185478,90.873718
1199,9.991667,0.003092,0.990550,0.018824,0.135816,-195.758194,92.210701,90.881523
1200,10.000000,0.003349,0.990564,0.019089,0.135676,-195.747406,92.212029,90.893974
1201,10.008333,0.003597,0.990545,0.018951,0.135827,-195.740021,92.209618,90.894348
1202,10.016667,0.003230,0.990550,0.018251,0.135896,-195.737747,92.206108,90.890465
1203,10.025000,0.002609,0.990548,0.016733,0.136117,-195.738251,92.199860,90.882668
1204,10.033333,0.001929,0.990547,0.015115,0.136323,-195.739822,92.190811,90.871384
1205,10.041667,0.001677,0.990546,0.014526,0.136399,-195.740494,92.186768,90.867935
1206,10.050000,0.001785,0.990535,0.014577,0.136472,-195.741074,92.187279,90.868851
1207,10.058333,0.001828,0.990534,0.014814,0.136452,-195.740402,92.187904,90.870163
1208,10.066667,0.001812,0.990529,0.014858,0.136485,-195.739716,92.186615,90.869850
1209,10.075000,0.001717,0.990525,0.014894,0.136512,-195.739609,92.186340,90.870316
1210,10.083333,0.001736,0.990524,0.014826,0.136529,-195.740616,92.187302,90.870087
1211,10.091667,0.001720,0.990531,0.014799,0.136479,-195.740555,92.186050,90.870323
1212,10.100000,0.001613,0.990524,0.014674,0.136541,-195.740921,92.186234,90.869553
1213,10.108333,0.001661,0.990531,0.014693,0.136488,-195.742340,92.187302,90.868889
1214,10.116667,0.001637,0.990536,0.014728,0.136453,-195.742218,92.186714,90.869568
1215,10.125000,0.001606,0.990526,0.014828,0.136510,-195.743469,92.188873,90.869614
1216,10.133333,0.001580,0.990531,0.014867,0.136471,-195.744019,92.188034,90.869385
1217,10.141667,0.001536,0.990472,0.014953,0.136892,-195.749756,92.188026,90.873009
1218,10.150000,0.004012,0.990474,0.017653,0.136506,-195.750839,92.218636,90.867546
1219,10.158333,0.005865,0.990450,0.016569,0.136746,-195.737839,92.232330,90.871117
1220,10.166667,0.006371,0.990431,0.016151,0.136916,-195.730011,92.232307,90.867844
1221,10.175000,0.003958,0.990544,0.017084,0.136074,-195.721268,92.212532,90.872559
1222,10.183333,0.002534,0.990545,0.016172,0.136207,-195.724564,92.195778,90.861938
1223,10.191667,0.001216,0.990529,0.015515,0.136422,-195.729034,92.179741,90.849533
1224,10.200000,0.000508,0.990499,0.015861,0.136598,-195.732727,92.171516,90.845383
1225,10.208333,0.000152,0.990471,0.016374,0.136743,-195.735641,92.169846,90.847389
1226,10.216667,0.000004,0.990459,0.016664,0.136796,-195.737701,92.171333,90.848579
1227,10.225000,-0.000382,0.990459,0.016821,0.136774,-195.738770,92.170464,90.853210
1228,10.233333,0.000156,0.990464,0.016243,0.136808,-195.741669,92.175804,90.856918
1229,10.241667,0.000557,0.990493,0.016160,0.136612,-195.739105,92.176590,90.857849
1230,10.250000,0.000666,0.990528,0.016086,0.136365,-195.736404,92.176369,90.858063
1231,10.258333,0.000630,0.990545,0.016163,0.136233,-195.735657,92.176888,90.858940
1232,10.266667,0.000794,0.990545,0.016051,0.136244,-195.736710,92.177963,90.859505
1233,10.275000,0.000571,0.990527,0.015931,0.136389,-195.738571,92.178413,90.860756
1234,10.283333,0.000505,0.990526,0.016128,0.136371,-195.738846,92.177238,90.860497
1235,10.291667,0.000643,0.990528,0.016150,0.136356,-195.739609,92.177361,90.859589
1236,10.300000,0.000559,0.990531,0.016273,0.136318,-195.738998,92.175797,90.859261
1237,10.308333,0.000480,0.990518,0.016147,0.136431,-195.739960,92.176964,90.860466
1238,10.316667,0.000543,0.990528,0.016099,0.136363,-195.739777,92.176689,90.860313
1239,10.325000,0.000564,0.990528,0.015939,0.136382,-195.741455,92.178413,90.861404
1240,10.333333,0.000273,0.990519,0.016047,0.136437,-195.741882,92.178436,90.861847
1241,10.341667,0.000442,0.990523,0.015999,0.136414,-195.741959,92.177292,90.860756
1242,10.350000,0.000531,0.990537,0.016111,0.136297,-195.741425,92.176025,90.859955
1243,10.358333,0.000442,0.990536,0.015982,0.136321,-195.741364,92.176048,90.859856
1244,10.366667,0.000584,0.990532,0.015801,0.136372,-195.741516,92.175606,90.859367
1245,10.375000,0.000509,0.990538,0.016032,0.136296,-195.741302,92.175362,90.859154
1246,10.383333,0.000615,0.990540,0.015980,0.136291,-195.741302,92.176094,90.860138
1247,10.391667,0.000522,0.990541,0.016067,0.136273,-195.740997,92.176697,90.860786
1248,10.400000,0.000702,0.990540,0.016061,0.136281,-195.741760,92.177597,90.862083
1249,10.408333,0.000491,0.990539,0.016333,0.136255,-195.741486,92.176094,90.862793
1250,10.416667,0.000506,0.990539,0.016163,0.136274,-195.742172,92.175812,90.862770
1251,10.425000,0.000458,0.990539,0.016098,0.136282,-195.742981,92.175690,90.863022
1252,10.433333,0.000452,0.990543,0.016316,0.136232,-195.743698,92.176682,90.864662
1253,10.441667,0.000539,0.990538,0.016242,0.136275,-195.742767,92.176804,90.863571
1254,10.450000,0.000530,0.990536,0.016031,0.136315,-195.741608,92.175194,90.862366
1255,10.458333,0.000403,0.990540,0.016172,0.136267,-195.741913,92.175797,90.861748
1256,10.466667,0.000529,0.990532,0.016141,0.136332,-195.741745,92.177238,90.861336
1257,10.475000,0.000360,0.990542,0.016161,0.136253,-195.740753,92.176033,90.860809
1258,10.483333,0.000537,0.990537,0.016186,0.136290,-195.741364,92.176994,90.860283
1259,10.491667,0.000581,0.990543,0.016293,0.136234,-195.740433,92.175941,90.860542
1260,10.500000,0.000646,0.990551,0.016275,0.136176,-195.741028,92.176208,90.860924
1261,10.508333,0.000644,0.990549,0.016290,0.136185,-195.740814,92.175163,90.860855
1262,10.516667,0.000601,0.990546,0.016258,0.136211,-195.741074,92.174271,90.860046
1263,10.525000,0.000621,0.990544,0.016150,0.136240,-195.742050,92.175697,90.861038
1264,10.533333,0.000544,0.990545,0.016140,0.136233,-195.741791,92.175232,90.861633
1265,10.541667,0.000521,0.990546,0.016208,0.136218,-195.742432,92.175850,90.861397
1266,10.550000,0.000409,0.990539,0.016266,0.136263,-195.742096,92.175423,90.862640
1267,10.558333,0.000282,0.990529,0.016150,0.136351,-195.742538,92.176186,90.863075
1268,10.566667,0.000268,0.990519,0.015963,0.136445,-195.743469,92.177437,90.864182
1269,10.575000,0.000291,0.990511,0.016121,0.136482,-195.744202,92.178505,90.865723
1270,10.583333,0.000487,0.990528,0.016295,0.136343,-195.741516,92.177986,90.864662
1271,10.591667,0.000360,0.990526,0.016238,0.136360,-195.739578,92.176468,90.864357
1272,10.600000,0.000398,0.990535,0.016145,0.136306,-195.741074,92.177109,90.864655
1273,10.608333,0.000473,0.990531,0.016275,0.136319,-195.740265,92.175903,90.862747
1274,10.616667,0.000497,0.990539,0.016249,0.136265,-195.738068,92.173897,90.862183
1275,10.625000,0.000620,0.990553,0.016168,0.136174,-195.739441,92.175255,90.862274
1276,10.633333,0.000576,0.990547,0.016250,0.136204,-195.739761,92.175430,90.862480
1277,10.641667,0.000571,0.990542,0.016197,0.136252,-195.739899,92.175735,90.862671
1278,10.650000,0.000637,0.990546,0.016133,0.136229,-195.740692,92.175865,90.862907
1279,10.658333,0.000602,0.990537,0.016171,0.136289,-195.740585,92.175667,90.862122
1280,10.666667,0.000518,0.990544,0.016281,0.136223,-195.740891,92.176064,90.862534
1281,10.675000,0.000551,0.990545,0.016153,0.136232,-195.741638,92.176720,90.862259
1282,10.683333,0.000401,0.990530,0.016062,0.136350,-195.742630,92.177475,90.862541
1283,10.691667,0.000473,0.990530,0.015989,0.136363,-195.742752,92.175896,90.862045
1284,10.700000,0.000567,0.990541,0.016091,0.136266,-195.742004,92.175285,90.861382
1285,10.708333,0.000463,0.990550,0.016111,0.136199,-195.741714,92.175003,90.861633
1286,10.716667,0.000534,0.990557,0.015998,0.136167,-195.742340,92.175423,90.862289
1287,10.725000,0.000409,0.990540,0.016046,0.136280,-195.742294,92.174789,90.862701
1288,10.733333,0.000209,0.990516,0.016014,0.136462,-195.743301,92.175873,90.863403
1289,10.741667,0.000040,0.990506,0.016100,0.136525,-195.743210,92.175606,90.863464
1290,10.750000,0.000062,0.990511,0.016134,0.136485,-195.743210,92.176826,90.863731
1291,10.758333,0.000222,0.990517,0.016154,0.136436,-195.741516,92.175583,90.862862
1292,10.766667,0.000331,0.990526,0.016058,0.136380,-195.740540,92.176865,90.863907
1293,10.775000,0.000261,0.990520,0.016382,0.136390,-195.740219,92.176247,90.863358
1294,10.783333,0.000301,0.990517,0.016261,0.136426,-195.740952,92.177666,90.864639
1295,10.791667,0.000305,0.990517,0.016286,0.136423,-195.739212,92.175468,90.863045
1296,10.800000,0.000361,0.990533,0.016126,0.136324,-195.738983,92.174881,90.861603
1297,10.808333,0.000461,0.990527,0.016159,0.136361,-195.739487,92.176643,90.862778
1298,10.816667,0.000501,0.990534,0.016194,0.136307,-195.740250,92.177002,90.863724
1299,10.825000,0.000579,0.990537,0.016129,0.136292,-195.740265,92.176437,90.863243
1300,10.833333,0.000536,0.990545,0.016302,0.136217,-195.739792,92.175758,90.862450
1301,10.841667,0.000320,0.990530,0.016192,0.136336,-195.741257,92.177071,90.863998
1302,10.850000,0.000351,0.990524,0.016051,0.136401,-195.742386,92.176315,90.863571
1303,10.858333,0.000379,0.990516,0.016096,0.136449,-195.743317,92.177757,90.863510
1304,10.866667,0.000437,0.990531,0.016159,0.136333,-195.742432,92.175560,90.863358
1305,10.875000,0.000421,0.990525,0.016131,0.136379,-195.742203,92.176331,90.863380
1306,10.883333,0.000346,0.990519,0.016024,0.136440,-195.742538,92.175667,90.863640
1307,10.891667,0.000331,0.990520,0.016112,0.136418,-195.742935,92.175827,90.862953
1308,10.900000,0.000484,0.990537,0.016240,0.136282,-195.742493,92.176231,90.862175
1309,10.908333,0.000494,0.990537,0.016246,0.136282,-195.743225,92.177208,90.863686
1310,10.916667,0.000442,0.990522,0.016081,0.136409,-195.743378,92.178329,90.863426
1311,10.925000,0.000461,0.990530,0.016080,0.136350,-195.742538,92.177063,90.863327
1312,10.933333,0.000495,0.990532,0.016132,0.136331,-195.742096,92.176987,90.862640
1313,10.941667,0.000419,0.990524,0.016161,0.136386,-195.742065,92.176964,90.861496
1314,10.950000,0.000411,0.990534,0.016279,0.136299,-195.741714,92.175774,90.861984
1315,10.958333,0.000449,0.990536,0.016103,0.136305,-195.741211,92.176147,90.860893
