Format Version,1.25,Take Name,Take 2025-11-27 05.07.28 PM,Take Notes,,Capture Frame Rate,120.000000,Export Frame Rate,120.000000,Capture Start Time,2025-11-27 05.07.29.373 PM,Capture Start Frame,21990,Total Frames in Take,1243,Total Exported Frames,1243,Rotation Type,Quaternion,Length Units,Centimeters,Coordinate Space,Global

,Type,Rigid Body,Rigid Body,Rigid Body,Rigid Body,Rigid Body,Rigid Body,Rigid Body
,Name,SEE_large,SEE_large,SEE_large,SEE_large,SEE_large,SEE_large,SEE_large
,ID,B4680608301811F031C44B617C10C291,B4680608301811F031C44B617C10C291,B4680608301811F031C44B617C10C291,B4680608301811F031C44B617C10C291,B4680608301811F031C44B617C10C291,B4680608301811F031C44B617C10C291,B4680608301811F031C44B617C10C291
,Parent,,,,,,,
,,Rotation,Rotation,Rotation,Rotation,Position,Position,Position
Frame,Time (Seconds),X,Y,Z,W,X,Y,Z
0,0.000000,-0.007152,0.402337,0.007820,0.915430,-215.883881,92.241356,83.968582
1,0.008333,-0.007258,0.402404,0.007804,0.915400,-215.882462,92.242523,83.971176
2,0.016667,-0.007191,0.402423,0.008007,0.915391,-215.880539,92.241714,83.974533
3,0.025000,-0.006943,0.402464,0.008185,0.915373,-215.880157,92.240166,83.978539
4,0.033333,-0.006586,0.403551,0.010733,0.914871,-215.873535,92.219360,83.994606
5,0.041667,-0.006861,0.403018,0.009675,0.915115,-215.879318,92.227676,83.985382
6,0.050000,-0.006997,0.402485,0.008425,0.915361,-215.884567,92.237511,83.978477
7,0.058333,-0.006756,0.403546,0.010444,0.914875,-215.876358,92.221161,83.993027
8,0.066667,-0.007085,0.402979,0.009291,0.915135,-215.881165,92.230202,83.985832
9,0.075000,-0.007072,0.402436,0.008279,0.915383,-215.885040,92.239075,83.977646
10,0.083333,-0.007116,0.402384,0.008032,0.915408,-215.884445,92.240608,83.976097
11,0.091667,-0.007085,0.402441,0.008110,0.915382,-215.883728,92.240280,83.975677
12,0.100000,-0.006773,0.403624,0.010631,0.914838,-215.874817,92.220413,83.993874
13,0.108333,-0.007035,0.403054,0.009573,0.915099,-215.879181,92.229881,83.986656
14,0.116667,-0.006756,0.403629,0.011232,0.914829,-215.871002,92.216194,83.996979
15,0.125000,-0.006728,0.403089,0.010094,0.915081,-215.876953,92.225342,83.991966
16,0.133333,-0.006964,0.402544,0.008853,0.915331,-215.880005,92.235909,83.981651
17,0.141667,-0.007229,0.402391,0.008255,0.915402,-215.879532,92.241440,83.977272
18,0.150000,-0.006864,0.403583,0.010509,0.914857,-215.871185,92.222931,83.993256
19,0.158333,-0.007028,0.403075,0.009335,0.915093,-215.877151,92.231354,83.987862
20,0.166667,-0.007154,0.402430,0.008348,0.915385,-215.882736,92.241219,83.981216
21,0.175000,-0.006751,0.403496,0.010522,0.914896,-215.875031,92.224228,83.998924
22,0.183333,-0.006897,0.403069,0.009428,0.915095,-215.881683,92.231514,83.992699
23,0.191667,-0.007072,0.402529,0.008442,0.915341,-215.887482,92.240295,83.986870
24,0.200000,-0.007186,0.402368,0.007984,0.915415,-215.886307,92.243347,83.986435
25,0.208333,-0.006892,0.403501,0.010556,0.914892,-215.876862,92.222725,84.004501
26,0.216667,-0.006731,0.403692,0.011064,0.914804,-215.877182,92.217857,84.007690
27,0.225000,-0.006631,0.403637,0.011565,0.914822,-215.879318,92.214043,84.008179
28,0.233333,-0.006711,0.403057,0.010701,0.915088,-215.886642,92.221542,84.003624
29,0.241667,-0.006641,0.403459,0.011874,0.914897,-215.880417,92.214066,84.006393
30,0.250000,-0.006739,0.403520,0.011773,0.914870,-215.877060,92.214615,84.004333
31,0.258333,-0.006651,0.403549,0.011800,0.914858,-215.876419,92.215271,84.003036
32,0.266667,-0.006819,0.403048,0.010598,0.915092,-215.882568,92.225159,83.994690
33,0.275000,-0.006733,0.403460,0.011647,0.914898,-215.878723,92.217300,83.997803
34,0.283333,-0.006947,0.402953,0.010133,0.915138,-215.887482,92.228111,83.988449
35,0.291667,-0.007119,0.402352,0.009052,0.915413,-215.896133,92.236069,83.976105
36,0.300000,-0.007633,0.402189,0.008396,0.915486,-215.905579,92.242020,83.972153
37,0.308333,-0.007626,0.402281,0.008244,0.915448,-215.916534,92.242935,83.974731
38,0.316667,-0.007606,0.402320,0.008754,0.915426,-215.929367,92.242203,83.980598
39,0.325000,-0.007647,0.402321,0.009589,0.915417,-215.947647,92.240707,83.986862
40,0.333333,-0.007642,0.402067,0.010136,0.915522,-215.965408,92.243690,83.988922
41,0.341667,-0.007807,0.401964,0.010813,0.915558,-215.984512,92.243240,83.992615
42,0.350000,-0.008160,0.402047,0.011255,0.915513,-216.002319,92.240227,83.998596
43,0.358333,-0.008020,0.402029,0.011854,0.915515,-216.015076,92.237877,84.001892
44,0.366667,-0.007998,0.401998,0.012303,0.915523,-216.023849,92.237808,84.004875
45,0.375000,-0.008049,0.401979,0.012675,0.915526,-216.031433,92.236389,84.004776
46,0.383333,-0.008092,0.401929,0.012957,0.915543,-216.036652,92.237274,84.005737
47,0.391667,-0.008156,0.402005,0.013003,0.915509,-216.038803,92.238052,84.006500
48,0.400000,-0.008091,0.401976,0.013004,0.915522,-216.038773,92.237129,84.004150
49,0.408333,-0.008120,0.402007,0.012776,0.915512,-216.039795,92.238281,84.001839
50,0.416667,-0.008248,0.402020,0.012885,0.915503,-216.042236,92.238625,84.000328
51,0.425000,-0.008222,0.401976,0.012890,0.915523,-216.048508,92.239555,83.998672
52,0.433333,-0.008429,0.401960,0.012832,0.915528,-216.057556,92.240906,83.996857
53,0.441667,-0.008516,0.401927,0.013056,0.915539,-216.070343,92.241470,83.997307
54,0.450000,-0.008723,0.401614,0.013605,0.915666,-216.086075,92.244499,84.002846
55,0.458333,-0.008831,0.401686,0.014027,0.915627,-216.105103,92.245285,84.007233
56,0.466667,-0.008897,0.401631,0.014629,0.915641,-216.122528,92.244911,84.012749
57,0.475000,-0.008771,0.401598,0.017070,0.915615,-216.162521,92.228874,84.027840
58,0.483333,-0.008918,0.401645,0.017812,0.915579,-216.181305,92.226494,84.035568
59,0.491667,-0.009009,0.401894,0.018319,0.915459,-216.194916,92.224411,84.043274
60,0.500000,-0.009060,0.402086,0.018801,0.915364,-216.208527,92.224236,84.049599
61,0.508333,-0.009220,0.402137,0.019172,0.915332,-216.219193,92.223969,84.053871
62,0.516667,-0.009443,0.402163,0.018910,0.915324,-216.215042,92.228439,84.048050
63,0.525000,-0.009751,0.402103,0.018201,0.915361,-216.216232,92.238556,84.043243
64,0.533333,-0.009808,0.401906,0.017671,0.915458,-216.217621,92.243591,84.038338
65,0.541667,-0.009984,0.401817,0.017234,0.915504,-216.221146,92.247643,84.034828
66,0.550000,-0.010277,0.401831,0.017310,0.915492,-216.225388,92.247185,84.032974
67,0.558333,-0.010488,0.401837,0.017450,0.915485,-216.229889,92.246872,84.032013
68,0.566667,-0.010509,0.401805,0.017721,0.915494,-216.235855,92.247597,84.031502
69,0.575000,-0.010449,0.401861,0.017946,0.915465,-216.244629,92.249084,84.030762
70,0.583333,-0.010443,0.401862,0.018282,0.915458,-216.255875,92.251221,84.030258
71,0.591667,-0.010549,0.401861,0.018747,0.915448,-216.270233,92.252899,84.032211
72,0.600000,-0.010493,0.401832,0.019123,0.915454,-216.285660,92.253021,84.036041
73,0.608333,-0.011200,0.401840,0.020465,0.915413,-216.301804,92.259964,84.035736
74,0.616667,-0.011495,0.401734,0.021202,0.915439,-216.314529,92.261375,84.037773
75,0.625000,-0.011598,0.401672,0.021467,0.915459,-216.326736,92.262421,84.039398
76,0.633333,-0.011795,0.401718,0.021670,0.915431,-216.337234,92.262253,84.042427
77,0.641667,-0.012034,0.401659,0.021883,0.915449,-216.349609,92.264420,84.045181
78,0.650000,-0.011879,0.401630,0.022071,0.915459,-216.358688,92.264938,84.049187
79,0.658333,-0.011795,0.401677,0.022578,0.915427,-216.367691,92.263954,84.053825
80,0.666667,-0.012123,0.401692,0.022916,0.915408,-216.376160,92.260582,84.058479
81,0.675000,-0.012352,0.401672,0.023237,0.915405,-216.384369,92.257095,84.060555
82,0.683333,-0.012738,0.401664,0.023386,0.915400,-216.391754,92.256142,84.060913
83,0.691667,-0.012794,0.401662,0.023613,0.915394,-216.396637,92.253387,84.061226
84,0.700000,-0.012734,0.401632,0.023595,0.915409,-216.398804,92.253494,84.060349
85,0.708333,-0.012552,0.401496,0.023489,0.915473,-216.397385,92.253304,84.057358
86,0.716667,-0.012383,0.401182,0.023308,0.915618,-216.392212,92.252472,84.053322
87,0.725000,-0.012365,0.400978,0.023186,0.915711,-216.385269,92.251930,84.050797
88,0.733333,-0.012067,0.400828,0.023178,0.915781,-216.378647,92.255302,84.047592
89,0.741667,-0.011615,0.400742,0.022740,0.915835,-216.375320,92.258499,84.046089
90,0.750000,-0.011705,0.400645,0.022662,0.915878,-216.377472,92.262634,84.046638
91,0.758333,-0.012323,0.400515,0.022711,0.915926,-216.381485,92.263756,84.049515
92,0.766667,-0.013415,0.400119,0.022249,0.916095,-216.384125,92.270882,84.050644
93,0.775000,-0.014263,0.399865,0.022384,0.916189,-216.386444,92.274902,84.049164
94,0.783333,-0.014604,0.399816,0.022379,0.916206,-216.386597,92.276764,84.049400
95,0.791667,-0.014654,0.399765,0.022189,0.916232,-216.386932,92.278961,84.048172
96,0.800000,-0.014605,0.399722,0.021563,0.916266,-216.385468,92.284363,84.047691
97,0.808333,-0.015002,0.399672,0.020717,0.916301,-216.386597,92.293579,84.046860
98,0.816667,-0.011593,0.401041,0.024593,0.915656,-216.363113,92.243973,84.088936
99,0.825000,-0.011183,0.401217,0.025362,0.915563,-216.361816,92.238411,84.095886
100,0.833333,-0.011001,0.401128,0.025675,0.915596,-216.365936,92.235413,84.097412
101,0.841667,-0.010765,0.401070,0.026098,0.915612,-216.370865,92.230591,84.097237
102,0.850000,-0.010770,0.401051,0.026319,0.915614,-216.376373,92.228592,84.095421
103,0.858333,-0.010780,0.401075,0.026537,0.915597,-216.380646,92.227554,84.095154
104,0.866667,-0.010760,0.401091,0.026904,0.915580,-216.382355,92.224274,84.093315
105,0.875000,-0.010670,0.401133,0.026856,0.915564,-216.383392,92.224380,84.092506
106,0.883333,-0.010364,0.401101,0.027064,0.915575,-216.383438,92.226990,84.089073
107,0.891667,-0.010243,0.401112,0.026974,0.915575,-216.383698,92.228806,84.087959
108,0.900000,-0.010544,0.401197,0.026855,0.915537,-216.384583,92.228180,84.089020
109,0.908333,-0.010840,0.401124,0.026722,0.915570,-216.386154,92.229599,84.089294
110,0.916667,-0.010908,0.401105,0.026675,0.915579,-216.387085,92.228973,84.088646
111,0.925000,-0.011061,0.401126,0.026566,0.915571,-216.389755,92.229721,84.090271
112,0.933333,-0.011021,0.401141,0.026498,0.915567,-216.391403,92.228958,84.093216
113,0.941667,-0.011016,0.401147,0.026418,0.915566,-216.392868,92.228859,84.095009
114,0.950000,-0.010856,0.401160,0.026504,0.915560,-216.392303,92.228249,84.097221
115,0.958333,-0.010842,0.401138,0.026539,0.915569,-216.392136,92.228539,84.099106
116,0.966667,-0.010776,0.401150,0.026531,0.915565,-216.390945,92.227615,84.099876
117,0.975000,-0.010765,0.401140,0.026696,0.915564,-216.389603,92.226738,84.100494
118,0.983333,-0.010734,0.401145,0.026724,0.915562,-216.387894,92.227203,84.100006
119,0.991667,-0.010816,0.401100,0.026642,0.915583,-216.386169,92.226852,84.098541
120,1.000000,-0.010973,0.401144,0.026752,0.915558,-216.385361,92.227341,84.096054
121,1.008333,-0.011009,0.401192,0.026682,0.915539,-216.384247,92.228363,84.094879
122,1.016667,-0.010973,0.401174,0.026674,0.915547,-216.384598,92.228149,84.092178
123,1.025000,-0.010979,0.401170,0.026751,0.915547,-216.385193,92.227798,84.090363
124,1.033333,-0.010993,0.401176,0.026677,0.915546,-216.386581,92.228928,84.088692
125,1.041667,-0.011029,0.401158,0.026580,0.915557,-216.388397,92.229172,84.088425
126,1.050000,-0.010915,0.401183,0.026668,0.915544,-216.389648,92.228867,84.087677
127,1.058333,-0.010837,0.401159,0.026539,0.915560,-216.390854,92.229279,84.087494
128,1.066667,-0.010935,0.401181,0.026468,0.915551,-216.392761,92.228493,84.088364
129,1.075000,-0.011066,0.401169,0.026469,0.915555,-216.394989,92.227745,84.089485
130,1.083333,-0.011120,0.401171,0.026476,0.915553,-216.396332,92.226906,84.092064
131,1.091667,-0.011105,0.401128,0.026379,0.915575,-216.397217,92.227730,84.094070
132,1.100000,-0.010954,0.401126,0.026485,0.915574,-216.397385,92.227249,84.095871
133,1.108333,-0.011015,0.401177,0.026580,0.915549,-216.396973,92.227890,84.098091
134,1.116667,-0.011067,0.401160,0.026578,0.915556,-216.396240,92.227951,84.099411
135,1.125000,-0.010974,0.401121,0.026574,0.915574,-216.394424,92.227280,84.099602
136,1.133333,-0.010902,0.401173,0.026625,0.915551,-216.392548,92.227814,84.098297
137,1.141667,-0.010895,0.401196,0.026705,0.915538,-216.391037,92.228577,84.097588
138,1.150000,-0.010991,0.401180,0.026632,0.915546,-216.389938,92.228409,84.096130
139,1.158333,-0.011044,0.401139,0.026707,0.915561,-216.389328,92.227913,84.093765
140,1.166667,-0.011015,0.401141,0.026612,0.915564,-216.389084,92.227394,84.091270
141,1.175000,-0.011046,0.401139,0.026774,0.915559,-216.389938,92.227211,84.088684
142,1.183333,-0.011080,0.401111,0.026829,0.915569,-216.391296,92.227753,84.087303
143,1.191667,-0.010949,0.401098,0.026764,0.915579,-216.391891,92.227760,84.085938
144,1.200000,-0.011039,0.401100,0.026709,0.915578,-216.393631,92.228798,84.085342
145,1.208333,-0.010958,0.401051,0.026633,0.915603,-216.394714,92.227890,84.085594
146,1.216667,-0.011085,0.401076,0.026624,0.915591,-216.396912,92.227402,84.087440
147,1.225000,-0.011026,0.401171,0.026652,0.915549,-216.396957,92.227226,84.089874
148,1.233333,-0.011055,0.401320,0.027021,0.915473,-216.397644,92.224632,84.094154
149,1.241667,-0.010890,0.401446,0.027558,0.915403,-216.397141,92.219513,84.099701
150,1.250000,-0.010771,0.401550,0.028041,0.915344,-216.397263,92.214676,84.103958
151,1.258333,-0.010718,0.401563,0.028380,0.915329,-216.397446,92.212563,84.106865
152,1.266667,-0.010600,0.401636,0.028462,0.915296,-216.395599,92.210411,84.108734
153,1.275000,-0.010589,0.401675,0.028473,0.915278,-216.394135,92.210136,84.110168
154,1.283333,-0.010440,0.401939,0.029021,0.915147,-216.389328,92.206726,84.114059
155,1.291667,-0.010477,0.402031,0.029030,0.915106,-216.386108,92.207520,84.114029
156,1.300000,-0.010518,0.402027,0.028955,0.915109,-216.383331,92.208900,84.111977
157,1.308333,-0.010704,0.402044,0.029037,0.915097,-216.382507,92.209877,84.110947
158,1.316667,-0.010683,0.402022,0.029014,0.915108,-216.381958,92.208771,84.109207
159,1.325000,-0.010671,0.402004,0.029072,0.915114,-216.382431,92.208801,84.106255
160,1.333333,-0.010605,0.402013,0.029011,0.915113,-216.383545,92.209236,84.104881
161,1.341667,-0.010665,0.401968,0.028960,0.915134,-216.385727,92.208771,84.104248
162,1.350000,-0.010554,0.401962,0.028953,0.915138,-216.386490,92.207626,84.103294
163,1.358333,-0.010538,0.401985,0.028905,0.915129,-216.387695,92.207260,84.103859
164,1.366667,-0.010499,0.402064,0.028979,0.915092,-216.389252,92.207756,84.104286
165,1.375000,-0.010444,0.402041,0.028954,0.915104,-216.390259,92.208023,84.105309
166,1.383333,-0.010476,0.402012,0.028997,0.915115,-216.390579,92.207352,84.107765
167,1.391667,-0.010480,0.402044,0.029022,0.915100,-216.390320,92.207443,84.109024
168,1.400000,-0.010602,0.402041,0.029042,0.915100,-216.390152,92.208191,84.110985
169,1.408333,-0.010624,0.401995,0.029088,0.915118,-216.389557,92.207947,84.112869
170,1.416667,-0.010526,0.401991,0.029087,0.915121,-216.388245,92.207451,84.114326
171,1.425000,-0.010573,0.401987,0.029047,0.915123,-216.387314,92.207474,84.114807
172,1.433333,-0.010560,0.402003,0.029117,0.915114,-216.385605,92.207985,84.113800
173,1.441667,-0.010560,0.401998,0.029064,0.915118,-216.384644,92.208191,84.113976
174,1.450000,-0.010583,0.402006,0.029000,0.915117,-216.384155,92.209015,84.113350
175,1.458333,-0.010526,0.401976,0.028916,0.915133,-216.383453,92.208351,84.110901
176,1.466667,-0.010604,0.402022,0.028986,0.915110,-216.383438,92.208656,84.108528
177,1.475000,-0.010657,0.402010,0.028964,0.915115,-216.383438,92.208466,84.107162
178,1.483333,-0.010674,0.401987,0.029032,0.915123,-216.384048,92.208427,84.104958
179,1.491667,-0.010591,0.401995,0.028955,0.915123,-216.384628,92.208008,84.104080
180,1.500000,-0.010596,0.402041,0.029024,0.915100,-216.386032,92.208618,84.103119
181,1.508333,-0.010435,0.402012,0.028956,0.915117,-216.387207,92.208031,84.103981
182,1.516667,-0.010456,0.402071,0.029044,0.915088,-216.388489,92.208603,84.104317
183,1.525000,-0.010485,0.402011,0.028953,0.915117,-216.388916,92.207993,84.105446
184,1.533333,-0.010587,0.402061,0.029054,0.915090,-216.389130,92.208107,84.107193
185,1.541667,-0.010610,0.402011,0.028998,0.915114,-216.389435,92.208199,84.108780
186,1.550000,-0.010586,0.402019,0.029049,0.915109,-216.389938,92.207428,84.111267
187,1.558333,-0.010622,0.401987,0.029017,0.915124,-216.389877,92.208145,84.112206
188,1.566667,-0.010583,0.402020,0.029075,0.915108,-216.388519,92.207802,84.113388
189,1.575000,-0.010500,0.402025,0.029056,0.915107,-216.387817,92.207748,84.114120
190,1.583333,-0.010462,0.402014,0.028942,0.915116,-216.386597,92.206306,84.114120
191,1.591667,-0.010516,0.402033,0.029017,0.915105,-216.386551,92.208702,84.113327
192,1.600000,-0.010496,0.402048,0.029089,0.915096,-216.387344,92.209366,84.113083
193,1.608333,-0.010524,0.402037,0.029104,0.915101,-216.388779,92.209473,84.111641
194,1.616667,-0.010464,0.402029,0.029070,0.915106,-216.388367,92.207542,84.109444
195,1.625000,-0.010583,0.402028,0.029096,0.915104,-216.388992,92.207108,84.107246
196,1.633333,-0.010571,0.401999,0.029032,0.915119,-216.390106,92.206772,84.106133
197,1.641667,-0.010578,0.402084,0.029201,0.915076,-216.390945,92.207054,84.104797
198,1.650000,-0.010564,0.402081,0.029200,0.915077,-216.390854,92.207520,84.104179
199,1.658333,-0.010509,0.402052,0.029197,0.915091,-216.391373,92.208061,84.104172
200,1.666667,-0.010567,0.402067,0.029211,0.915083,-216.392929,92.208191,84.105003
201,1.675000,-0.010562,0.402023,0.029152,0.915104,-216.394119,92.208260,84.106384
202,1.683333,-0.010659,0.402028,0.029199,0.915100,-216.394211,92.206779,84.107956
203,1.691667,-0.010662,0.402016,0.029201,0.915105,-216.394730,92.207184,84.109421
204,1.700000,-0.010510,0.402026,0.029196,0.915102,-216.394012,92.207756,84.110657
205,1.708333,-0.010576,0.402046,0.029243,0.915091,-216.393356,92.207527,84.112915
206,1.716667,-0.010592,0.402047,0.029140,0.915094,-216.392227,92.206848,84.114365
207,1.725000,-0.010612,0.402038,0.029143,0.915097,-216.391464,92.206596,84.114769
208,1.733333,-0.010530,0.402064,0.029125,0.915088,-216.390106,92.206749,84.114624
209,1.741667,-0.010571,0.402062,0.029145,0.915088,-216.390015,92.207321,84.113625
210,1.750000,-0.010623,0.402044,0.029070,0.915097,-216.389374,92.207077,84.112671
211,1.758333,-0.010551,0.402017,0.028996,0.915112,-216.389053,92.206543,84.111061
212,1.766667,-0.010676,0.402059,0.029024,0.915092,-216.389511,92.206718,84.109306
213,1.775000,-0.010562,0.402048,0.029132,0.915094,-216.390045,92.207481,84.107819
214,1.783333,-0.010516,0.402065,0.029255,0.915083,-216.390366,92.208702,84.105782
215,1.791667,-0.010501,0.402059,0.029336,0.915084,-216.390533,92.208794,84.105423
216,1.800000,-0.010423,0.402058,0.029181,0.915090,-216.390564,92.208809,84.105247
217,1.808333,-0.010461,0.402066,0.029189,0.915086,-216.390564,92.207932,84.104446
218,1.816667,-0.010522,0.402080,0.029164,0.915079,-216.391037,92.208122,84.105286
219,1.825000,-0.010568,0.402061,0.029212,0.915086,-216.391968,92.207733,84.106758
220,1.833333,-0.010523,0.402077,0.029122,0.915082,-216.392731,92.206955,84.108826
221,1.841667,-0.010515,0.402036,0.029234,0.915097,-216.393570,92.207375,84.109406
222,1.850000,-0.010560,0.402084,0.029324,0.915072,-216.393356,92.207970,84.111908
223,1.858333,-0.010604,0.402044,0.029307,0.915090,-216.391510,92.206886,84.113571
224,1.866667,-0.010602,0.402004,0.029081,0.915115,-216.390915,92.206512,84.114510
225,1.875000,-0.010738,0.402051,0.029169,0.915090,-216.391068,92.207443,84.114471
226,1.883333,-0.010659,0.402039,0.029121,0.915097,-216.390366,92.207184,84.115532
227,1.891667,-0.010634,0.402034,0.029245,0.915096,-216.390060,92.208221,84.114433
228,1.900000,-0.010506,0.402027,0.029095,0.915105,-216.388916,92.207649,84.113304
229,1.908333,-0.010541,0.402029,0.029118,0.915103,-216.388779,92.207436,84.111649
230,1.916667,-0.010569,0.402033,0.029125,0.915101,-216.389160,92.208084,84.110725
231,1.925000,-0.010557,0.402042,0.029102,0.915098,-216.389435,92.208168,84.109604
232,1.933333,-0.010560,0.402046,0.029134,0.915095,-216.389435,92.207878,84.108192
233,1.941667,-0.010561,0.402030,0.029178,0.915100,-216.389923,92.208305,84.106987
234,1.950000,-0.010847,0.401747,0.028629,0.915239,-216.394470,92.213264,84.101288
235,1.958333,-0.010809,0.401650,0.028609,0.915282,-216.395569,92.213844,84.100281
236,1.966667,-0.010783,0.401695,0.028582,0.915264,-216.397018,92.212715,84.100639
237,1.975000,-0.010718,0.401659,0.028460,0.915285,-216.397949,92.212578,84.101761
238,1.983333,-0.010666,0.401628,0.028460,0.915298,-216.398331,92.213295,84.102341
239,1.991667,-0.010635,0.401624,0.028317,0.915305,-216.398575,92.214249,84.104088
240,2.000000,-0.010801,0.401603,0.028209,0.915316,-216.399124,92.214615,84.104851
241,2.008333,-0.010761,0.401567,0.028061,0.915337,-216.398666,92.215706,84.106087
242,2.016667,-0.010826,0.401559,0.028044,0.915340,-216.398453,92.216347,84.105888
243,2.025000,-0.010760,0.401509,0.027914,0.915366,-216.398148,92.217171,84.106293
244,2.033333,-0.010866,0.401465,0.027903,0.915385,-216.398193,92.218071,84.105621
245,2.041667,-0.010862,0.401409,0.027729,0.915415,-216.398026,92.219719,84.103149
246,2.050000,-0.010885,0.401319,0.027502,0.915461,-216.397980,92.222359,84.101173
247,2.058333,-0.010874,0.401283,0.027278,0.915483,-216.397781,92.222725,84.098663
248,2.066667,-0.010964,0.401230,0.027007,0.915513,-216.398117,92.225052,84.095589
249,2.075000,-0.011002,0.401192,0.026898,0.915533,-216.398880,92.227562,84.092522
250,2.083333,-0.011001,0.401100,0.026729,0.915578,-216.397888,92.229004,84.090118
251,2.091667,-0.011014,0.401105,0.026553,0.915581,-216.397049,92.230171,84.087624
252,2.100000,-0.011127,0.401149,0.026342,0.915566,-216.397095,92.232582,84.086151
253,2.108333,-0.011176,0.401139,0.026304,0.915571,-216.397018,92.232582,84.086014
254,2.116667,-0.011255,0.401137,0.026176,0.915575,-216.398163,92.233284,84.086716
255,2.125000,-0.011259,0.401113,0.026169,0.915586,-216.398438,92.232872,84.087578
256,2.133333,-0.011241,0.401133,0.026210,0.915576,-216.398621,92.232666,84.089661
257,2.141667,-0.011117,0.401149,0.026232,0.915570,-216.398239,92.232086,84.091415
258,2.150000,-0.011123,0.401213,0.026275,0.915540,-216.398621,92.232491,84.093651
259,2.158333,-0.011155,0.401219,0.026358,0.915535,-216.398209,92.231483,84.095230
260,2.166667,-0.010982,0.401195,0.026482,0.915544,-216.397690,92.230103,84.097015
261,2.175000,-0.011029,0.401230,0.026579,0.915525,-216.398743,92.230377,84.098282
262,2.183333,-0.010984,0.401274,0.026635,0.915505,-216.398407,92.230957,84.098610
263,2.191667,-0.011059,0.401253,0.026651,0.915513,-216.397568,92.228714,84.099091
264,2.200000,-0.011134,0.401222,0.026681,0.915524,-216.397949,92.229477,84.097466
265,2.208333,-0.011030,0.401239,0.026695,0.915518,-216.397736,92.228767,84.096954
266,2.216667,-0.011048,0.401274,0.026692,0.915502,-216.397995,92.229118,84.095551
267,2.225000,-0.011105,0.401268,0.026699,0.915504,-216.398270,92.229134,84.093842
268,2.233333,-0.011109,0.401281,0.026783,0.915496,-216.398453,92.228867,84.092407
269,2.241667,-0.011117,0.401270,0.026748,0.915502,-216.398621,92.230186,84.091171
270,2.250000,-0.011120,0.401274,0.026639,0.915503,-216.398834,92.229996,84.090614
271,2.258333,-0.011046,0.401257,0.026537,0.915514,-216.399200,92.229584,84.090057
272,2.266667,-0.011060,0.401302,0.026675,0.915491,-216.399170,92.230408,84.090569
273,2.275000,-0.011007,0.401252,0.026612,0.915515,-216.398315,92.229065,84.091171
274,2.283333,-0.011077,0.401234,0.026624,0.915522,-216.399094,92.230080,84.091927
275,2.291667,-0.011132,0.401241,0.026659,0.915517,-216.400223,92.230049,84.094398
276,2.300000,-0.011035,0.401271,0.026725,0.915503,-216.399857,92.229828,84.095985
277,2.308333,-0.010964,0.401298,0.026642,0.915495,-216.399567,92.229721,84.097916
278,2.316667,-0.010912,0.401308,0.026616,0.915492,-216.399200,92.227867,84.098663
279,2.325000,-0.010977,0.401320,0.026578,0.915486,-216.399216,92.228279,84.099358
280,2.333333,-0.011047,0.401303,0.026669,0.915490,-216.399216,92.228661,84.099510
281,2.341667,-0.010976,0.401312,0.026537,0.915491,-216.397995,92.227623,84.099304
282,2.350000,-0.011070,0.401305,0.026516,0.915494,-216.397980,92.228958,84.097969
283,2.358333,-0.011111,0.401294,0.026623,0.915495,-216.398163,92.229317,84.097054
284,2.366667,-0.011018,0.401284,0.026633,0.915500,-216.397690,92.229485,84.095528
285,2.375000,-0.011029,0.401255,0.026553,0.915515,-216.397812,92.229042,84.094582
286,2.383333,-0.011011,0.401252,0.026612,0.915515,-216.398376,92.229668,84.091782
287,2.391667,-0.011019,0.401263,0.026645,0.915509,-216.399139,92.229614,84.090874
288,2.400000,-0.011017,0.401279,0.026593,0.915504,-216.399719,92.229317,84.090668
289,2.408333,-0.011018,0.401311,0.026681,0.915487,-216.399551,92.228470,84.089645
290,2.416667,-0.011007,0.401273,0.026701,0.915503,-216.400436,92.229614,84.089920
291,2.425000,-0.010922,0.401262,0.026706,0.915509,-216.400436,92.229866,84.092094
292,2.433333,-0.010890,0.401253,0.026726,0.915512,-216.400284,92.228729,84.092667
293,2.441667,-0.010966,0.401290,0.026710,0.915496,-216.400436,92.229393,84.095039
294,2.450000,-0.011172,0.401271,0.026801,0.915499,-216.400436,92.229820,84.095551
295,2.458333,-0.011170,0.401315,0.026773,0.915481,-216.399460,92.229286,84.097359
296,2.466667,-0.011098,0.401287,0.026678,0.915497,-216.398926,92.228653,84.097832
297,2.475000,-0.011051,0.401286,0.026573,0.915501,-216.398956,92.228401,84.098862
298,2.483333,-0.010973,0.401252,0.026622,0.915515,-216.398544,92.228630,84.098480
299,2.491667,-0.010885,0.401314,0.026451,0.915494,-216.398590,92.228844,84.098801
300,2.500000,-0.011004,0.401291,0.026541,0.915500,-216.399567,92.228523,84.097626
301,2.508333,-0.011138,0.401260,0.026513,0.915513,-216.399796,92.228386,84.096817
302,2.516667,-0.011168,0.401282,0.026564,0.915501,-216.399475,92.226974,84.095398
303,2.525000,-0.011195,0.401285,0.026698,0.915496,-216.399796,92.227524,84.094887
304,2.533333,-0.011119,0.401271,0.026817,0.915499,-216.399673,92.228203,84.092934
305,2.541667,-0.011063,0.401259,0.026742,0.915507,-216.400665,92.229286,84.092224
306,2.550000,-0.010977,0.401279,0.026784,0.915498,-216.399841,92.228867,84.091187
307,2.558333,-0.011024,0.401277,0.026662,0.915502,-216.400146,92.230034,84.091354
308,2.566667,-0.010955,0.401300,0.026832,0.915488,-216.399414,92.228989,84.090866
309,2.575000,-0.010923,0.401276,0.026712,0.915502,-216.398804,92.228279,84.092346
310,2.583333,-0.011013,0.401283,0.026645,0.915500,-216.398453,92.228607,84.093102
311,2.591667,-0.010989,0.401316,0.026663,0.915485,-216.397812,92.228020,84.094879
312,2.600000,-0.011076,0.401347,0.026665,0.915471,-216.397186,92.228790,84.095840
313,2.608333,-0.011080,0.401294,0.026565,0.915497,-216.395691,92.228127,84.096321
314,2.616667,-0.011005,0.401305,0.026531,0.915494,-216.393356,92.227478,84.096748
315,2.625000,-0.010997,0.401405,0.026466,0.915452,-216.390656,92.228195,84.098724
316,2.633333,-0.010742,0.401390,0.026251,0.915468,-216.387344,92.227539,84.102158
317,2.641667,-0.010773,0.401424,0.026372,0.915449,-216.385101,92.228127,84.106537
318,2.650000,-0.010515,0.401415,0.026354,0.915456,-216.380997,92.228737,84.113106
319,2.658333,-0.010182,0.401460,0.026131,0.915447,-216.377548,92.229179,84.120003
320,2.666667,-0.010138,0.401530,0.026049,0.915419,-216.375000,92.229271,84.128059
321,2.675000,-0.009758,0.401583,0.025806,0.915407,-216.371948,92.229973,84.136597
322,2.683333,-0.009462,0.401682,0.025598,0.915373,-216.369003,92.229408,84.147308
323,2.691667,-0.009062,0.401697,0.025122,0.915383,-216.365311,92.231636,84.159004
324,2.700000,-0.008567,0.401581,0.024775,0.915448,-216.361786,92.233589,84.172195
325,2.708333,-0.007737,0.401569,0.024589,0.915466,-216.355164,92.235863,84.193413
326,2.716667,-0.006901,0.401460,0.024451,0.915524,-216.346191,92.240982,84.221336
327,2.725000,-0.005257,0.401309,0.023430,0.915628,-216.335297,92.235153,84.253525
328,2.733333,-0.003701,0.401473,0.022469,0.915588,-216.326233,92.229149,84.281181
329,2.741667,-0.002019,0.401477,0.022203,0.915598,-216.307968,92.228050,84.315369
330,2.750000,-0.000719,0.401337,0.022422,0.915656,-216.282028,92.228432,84.348289
331,2.758333,0.000919,0.401345,0.024435,0.915601,-216.285538,92.213531,84.391083
332,2.766667,0.001893,0.401551,0.024535,0.915506,-216.266174,92.209312,84.411118
333,2.775000,0.002386,0.401712,0.024308,0.915440,-216.239548,92.208931,84.422615
334,2.783333,0.002633,0.401732,0.023792,0.915445,-216.221573,92.211090,84.432198
335,2.791667,0.002476,0.401575,0.023227,0.915528,-216.214279,92.219528,84.437027
336,2.800000,0.002426,0.401310,0.022830,0.915655,-216.212387,92.226845,84.440788
337,2.808333,0.002652,0.401290,0.022763,0.915665,-216.213516,92.232117,84.444214
338,2.816667,0.002846,0.401229,0.022811,0.915689,-216.214203,92.232018,84.447044
339,2.825000,0.002976,0.401230,0.022913,0.915686,-216.217224,92.230209,84.450470
340,2.833333,0.003073,0.401269,0.022938,0.915668,-216.219635,92.228706,84.454330
341,2.841667,0.003297,0.401425,0.023215,0.915591,-216.220551,92.225136,84.461418
342,2.850000,0.003504,0.401483,0.023512,0.915558,-216.221268,92.223946,84.471855
343,2.858333,0.003754,0.401395,0.023926,0.915585,-216.222000,92.223381,84.483185
344,2.866667,0.004011,0.401349,0.024500,0.915588,-216.222961,92.222473,84.499168
345,2.875000,0.004215,0.401347,0.025238,0.915569,-216.224915,92.221436,84.513145
346,2.883333,0.004558,0.401353,0.025658,0.915552,-216.226456,92.220428,84.525475
347,2.891667,0.004427,0.401049,0.026355,0.915667,-216.229874,92.223038,84.536278
348,2.900000,0.004383,0.400892,0.026644,0.915727,-216.230942,92.225067,84.541992
349,2.908333,0.004276,0.400853,0.026908,0.915737,-216.232224,92.226120,84.540489
350,2.916667,0.004019,0.400870,0.027031,0.915727,-216.234772,92.226250,84.534767
351,2.925000,0.003778,0.401103,0.026641,0.915638,-216.239517,92.225426,84.519821
352,2.933333,0.003354,0.401204,0.026096,0.915611,-216.246887,92.221535,84.496582
353,2.941667,0.003025,0.401302,0.025619,0.915582,-216.259262,92.217392,84.464226
354,2.950000,0.002608,0.401374,0.025413,0.915558,-216.291122,92.211441,84.440659
355,2.958333,0.002002,0.401119,0.025047,0.915681,-216.301041,92.216751,84.408829
356,2.966667,0.001953,0.400895,0.024634,0.915791,-216.305038,92.222984,84.395668
357,2.975000,0.002212,0.400685,0.024386,0.915889,-216.312790,92.234108,84.412788
358,2.983333,0.003032,0.400431,0.025599,0.915964,-216.319946,92.246895,84.455177
359,2.991667,0.004384,0.400367,0.028371,0.915905,-216.343445,92.259155,84.499481
360,3.000000,0.004386,0.400438,0.028064,0.915884,-216.327072,92.305740,84.507149
361,3.008333,0.005116,0.400386,0.027719,0.915913,-216.308014,92.365868,84.507492
362,3.016667,0.003727,0.400007,0.028461,0.916062,-216.297943,92.439827,84.513451
363,3.025000,0.002741,0.399739,0.028262,0.916189,-216.289612,92.502731,84.526566
364,3.033333,0.002356,0.399647,0.027931,0.916241,-216.285706,92.563499,84.543221
365,3.041667,0.002633,0.399451,0.027482,0.916339,-216.283585,92.618568,84.559837
366,3.050000,0.003371,0.399392,0.026508,0.916391,-216.282684,92.670570,84.571716
367,3.058333,0.004325,0.399545,0.026985,0.916306,-216.306046,92.705452,84.591354
368,3.066667,0.004617,0.399796,0.025348,0.916242,-216.296478,92.756706,84.591919
369,3.075000,0.004421,0.400137,0.023866,0.916134,-216.284256,92.810043,84.592461
370,3.083333,0.003304,0.400318,0.023409,0.916072,-216.278214,92.863724,84.600159
371,3.091667,0.002180,0.400443,0.023498,0.916018,-216.273575,92.912880,84.611595
372,3.100000,0.001323,0.400572,0.024237,0.915944,-216.268341,92.956367,84.617348
373,3.108333,0.000751,0.400583,0.025174,0.915914,-216.268738,93.002968,84.623138
374,3.116667,-0.000215,0.400527,0.026670,0.915897,-216.276413,93.069260,84.633018
375,3.125000,-0.000630,0.400349,0.026623,0.915976,-216.284515,93.143394,84.640266
376,3.133333,0.000173,0.400343,0.026210,0.915990,-216.284531,93.211815,84.642586
377,3.141667,0.000827,0.400523,0.025283,0.915937,-216.282837,93.279495,84.640533
378,3.150000,0.001347,0.400781,0.024414,0.915848,-216.280884,93.338303,84.634171
379,3.158333,0.000814,0.400955,0.023737,0.915790,-216.280609,93.392387,84.629265
380,3.166667,-0.000588,0.400956,0.023410,0.915798,-216.280106,93.448616,84.623703
381,3.175000,-0.002203,0.400579,0.023427,0.915960,-216.276978,93.504929,84.619240
382,3.183333,-0.002868,0.400273,0.024046,0.916076,-216.286118,93.547188,84.630585
383,3.191667,-0.003924,0.400199,0.024353,0.916096,-216.272446,93.608101,84.635559
384,3.200000,-0.004082,0.400175,0.024054,0.916114,-216.255737,93.667480,84.639557
385,3.208333,-0.004028,0.400283,0.023218,0.916088,-216.244156,93.722763,84.643326
386,3.216667,-0.003689,0.400578,0.022026,0.915990,-216.237549,93.778351,84.649292
387,3.225000,-0.003401,0.400755,0.020727,0.915945,-216.237503,93.834290,84.652481
388,3.233333,-0.002824,0.400991,0.020528,0.915847,-216.237717,93.878998,84.658066
389,3.241667,-0.002909,0.401033,0.020527,0.915829,-216.241867,93.923096,84.659294
390,3.250000,-0.003658,0.401061,0.020457,0.915816,-216.248108,93.973999,84.661781
391,3.258333,-0.004010,0.401994,0.022428,0.915359,-216.244339,94.009323,84.672089
392,3.266667,-0.004668,0.401312,0.021046,0.915688,-216.248032,94.073357,84.662262
393,3.275000,-0.004950,0.400588,0.020272,0.916021,-216.248581,94.135490,84.649513
394,3.283333,-0.006356,0.400336,0.021313,0.916099,-216.246872,94.199615,84.642334
395,3.291667,-0.007487,0.400326,0.021517,0.916090,-216.239243,94.258163,84.637016
396,3.300000,-0.008225,0.401247,0.023120,0.915641,-216.225525,94.292847,84.643082
397,3.308333,-0.009197,0.400825,0.020965,0.915868,-216.229034,94.355515,84.630432
398,3.316667,-0.010096,0.400886,0.020862,0.915835,-216.261215,94.402412,84.638931
399,3.325000,-0.010294,0.400922,0.020031,0.915835,-216.241806,94.462242,84.623535
400,3.333333,-0.010355,0.401045,0.018803,0.915807,-216.230103,94.525146,84.612679
401,3.341667,-0.010658,0.401087,0.017823,0.915805,-216.225098,94.588432,84.603485
402,3.350000,-0.010605,0.401137,0.017584,0.915788,-216.223663,94.639229,84.599281
403,3.358333,-0.010907,0.401205,0.018209,0.915742,-216.220551,94.677704,84.604172
404,3.366667,-0.011250,0.401161,0.019559,0.915730,-216.218781,94.721786,84.606720
405,3.375000,-0.011929,0.400787,0.021131,0.915850,-216.219116,94.769379,84.612984
406,3.383333,-0.012292,0.400759,0.021932,0.915839,-216.217850,94.808868,84.613342
407,3.391667,-0.012393,0.401060,0.022536,0.915691,-216.235779,94.836533,84.619232
408,3.400000,-0.012966,0.401329,0.021374,0.915593,-216.233795,94.872093,84.615715
409,3.408333,-0.013080,0.401907,0.022256,0.915317,-216.209076,94.888977,84.599190
410,3.416667,-0.013824,0.402193,0.020639,0.915218,-216.205475,94.931534,84.590164
411,3.425000,-0.013897,0.402335,0.019509,0.915179,-216.202896,94.975105,84.579971
412,3.433333,-0.014808,0.401982,0.019184,0.915327,-216.201950,95.019737,84.575554
413,3.441667,-0.016126,0.401493,0.016922,0.915564,-216.206238,95.073792,84.556992
414,3.450000,-0.017424,0.401176,0.015020,0.915712,-216.205139,95.114624,84.536850
415,3.458333,-0.017814,0.400996,0.014103,0.915798,-216.200500,95.158302,84.526100
416,3.466667,-0.018141,0.400865,0.013243,0.915862,-216.198761,95.196121,84.517685
417,3.475000,-0.018765,0.400538,0.012668,0.916000,-216.199493,95.230347,84.508293
418,3.483333,-0.020225,0.400220,0.014527,0.916081,-216.200760,95.265419,84.507515
419,3.491667,-0.020843,0.400205,0.015930,0.916050,-216.193680,95.290001,84.515175
420,3.500000,-0.020893,0.400251,0.016723,0.916015,-216.187195,95.308319,84.522285
421,3.508333,-0.020652,0.400368,0.017299,0.915958,-216.182068,95.325951,84.532204
422,3.516667,-0.019948,0.400210,0.017387,0.916041,-216.177948,95.339012,84.544304
423,3.525000,-0.019361,0.400400,0.017720,0.915965,-216.175339,95.352859,84.555679
424,3.533333,-0.018745,0.400747,0.017989,0.915821,-216.173584,95.369507,84.566406
425,3.541667,-0.017809,0.401150,0.018299,0.915657,-216.170792,95.390221,84.573997
426,3.550000,-0.017399,0.401580,0.018710,0.915468,-216.169357,95.413284,84.577644
427,3.558333,-0.017323,0.401894,0.018924,0.915327,-216.167282,95.435783,84.576843
428,3.566667,-0.017398,0.402063,0.018956,0.915250,-216.167099,95.462563,84.574150
429,3.575000,-0.017617,0.402141,0.018909,0.915213,-216.167404,95.491470,84.569733
430,3.583333,-0.017574,0.402800,0.020548,0.914888,-216.156052,95.500778,84.572372
431,3.591667,-0.018117,0.402423,0.018616,0.915085,-216.156586,95.533684,84.560059
432,3.600000,-0.018987,0.401854,0.016478,0.915359,-216.157120,95.568535,84.546837
433,3.608333,-0.020092,0.401415,0.014824,0.915556,-216.153641,95.599419,84.529999
434,3.616667,-0.020535,0.401306,0.014084,0.915605,-216.147614,95.621391,84.522667
435,3.625000,-0.019478,0.401340,0.014166,0.915613,-216.141220,95.645569,84.523384
436,3.633333,-0.019217,0.401466,0.014578,0.915556,-216.138168,95.666954,84.525032
437,3.641667,-0.019194,0.401650,0.014717,0.915474,-216.134949,95.685410,84.525826
438,3.650000,-0.019485,0.401962,0.014752,0.915330,-216.135406,95.705017,84.526680
439,3.658333,-0.019701,0.402040,0.014820,0.915290,-216.136307,95.725403,84.529129
440,3.666667,-0.019888,0.402185,0.014881,0.915221,-216.134811,95.745560,84.529434
441,3.675000,-0.020641,0.402064,0.015644,0.915245,-216.132538,95.768753,84.532379
442,3.683333,-0.021445,0.402034,0.016684,0.915222,-216.124680,95.792625,84.536636
443,3.691667,-0.021951,0.402048,0.017199,0.915194,-216.116501,95.812340,84.539246
444,3.700000,-0.022314,0.402119,0.017582,0.915147,-216.111710,95.828880,84.538277
445,3.708333,-0.022592,0.402324,0.017579,0.915050,-216.107635,95.841690,84.537094
446,3.716667,-0.022724,0.402460,0.017495,0.914988,-216.105179,95.856003,84.534958
447,3.725000,-0.022891,0.402500,0.017321,0.914970,-216.105392,95.870773,84.531601
448,3.733333,-0.023037,0.402474,0.017038,0.914983,-216.108871,95.886688,84.525887
449,3.741667,-0.023192,0.402470,0.016915,0.914983,-216.110062,95.899841,84.521194
450,3.750000,-0.023133,0.402569,0.016512,0.914948,-216.105484,95.912621,84.517326
451,3.758333,-0.023287,0.402860,0.016274,0.914821,-216.098541,95.934807,84.513153
452,3.766667,-0.023160,0.403460,0.015480,0.914573,-216.084457,95.970146,84.500710
453,3.775000,-0.023598,0.403980,0.014251,0.914352,-216.063171,96.034149,84.489288
454,3.783333,-0.023672,0.404158,0.013423,0.914284,-216.034348,96.105507,84.476730
455,3.791667,-0.023508,0.405316,0.015481,0.913743,-215.996643,96.160789,84.473488
456,3.800000,-0.023798,0.405985,0.015933,0.913431,-215.965103,96.216606,84.468636
457,3.808333,-0.022339,0.406637,0.016809,0.913162,-215.936401,96.257370,84.473190
458,3.816667,-0.023734,0.406757,0.017516,0.913060,-215.922882,96.316689,84.468910
459,3.825000,-0.025250,0.406572,0.017599,0.913100,-215.914398,96.365540,84.468590
460,3.833333,-0.027340,0.405655,0.015648,0.913483,-215.922195,96.418243,84.455986
461,3.841667,-0.027934,0.405032,0.014531,0.913760,-215.930969,96.466698,84.440536
462,3.850000,-0.028384,0.404871,0.013881,0.913828,-215.939514,96.504150,84.430054
463,3.858333,-0.028739,0.404980,0.013111,0.913780,-215.945297,96.531265,84.420197
464,3.866667,-0.028904,0.405169,0.012818,0.913695,-215.947433,96.552246,84.413368
465,3.875000,-0.028945,0.405285,0.012519,0.913646,-215.944855,96.569023,84.406387
466,3.883333,-0.029233,0.405501,0.012429,0.913542,-215.945557,96.587074,84.400497
467,3.891667,-0.029552,0.405433,0.012629,0.913560,-215.949127,96.602180,84.394577
468,3.900000,-0.029633,0.405444,0.012618,0.913552,-215.955429,96.613716,84.391792
469,3.908333,-0.029680,0.405474,0.012809,0.913535,-215.964172,96.621765,84.388359
470,3.916667,-0.029793,0.405270,0.012510,0.913626,-215.970703,96.629372,84.380501
471,3.925000,-0.029864,0.405347,0.012260,0.913593,-215.972473,96.632965,84.379707
472,3.933333,-0.029864,0.405430,0.012182,0.913557,-215.968735,96.632362,84.380180
473,3.941667,-0.030055,0.405330,0.012154,0.913595,-215.965012,96.630440,84.380409
474,3.950000,-0.030129,0.405244,0.012071,0.913632,-215.962143,96.628212,84.386299
475,3.958333,-0.030062,0.405083,0.012088,0.913706,-215.962006,96.627190,84.392250
476,3.966667,-0.030216,0.405057,0.012063,0.913713,-215.961334,96.627602,84.394180
477,3.975000,-0.030292,0.405038,0.012165,0.913717,-215.959763,96.629738,84.395065
478,3.983333,-0.030291,0.405079,0.012356,0.913696,-215.957504,96.633568,84.396706
479,3.991667,-0.030522,0.405018,0.012351,0.913716,-215.954544,96.635849,84.397842
480,4.000000,-0.030580,0.404912,0.012244,0.913762,-215.951447,96.635300,84.397316
481,4.008333,-0.030744,0.404838,0.012142,0.913791,-215.952271,96.632690,84.396568
482,4.016667,-0.030613,0.404943,0.012031,0.913750,-215.956070,96.633408,84.397240
483,4.025000,-0.030490,0.404977,0.011967,0.913740,-215.959412,96.632973,84.393501
484,4.033333,-0.030398,0.405219,0.012018,0.913635,-215.963013,96.634293,84.388313
485,4.041667,-0.030180,0.405166,0.012101,0.913665,-215.964325,96.634102,84.384071
486,4.050000,-0.030125,0.405320,0.012289,0.913596,-215.966385,96.632591,84.384506
487,4.058333,-0.030109,0.405224,0.012268,0.913639,-215.967255,96.629883,84.381035
488,4.066667,-0.030062,0.405241,0.012253,0.913633,-215.968140,96.626976,84.379982
489,4.075000,-0.029666,0.405531,0.012597,0.913513,-215.967896,96.621201,84.385529
490,4.083333,-0.029489,0.405439,0.012745,0.913557,-215.966583,96.620567,84.384140
491,4.091667,-0.029500,0.405416,0.012834,0.913566,-215.964417,96.622673,84.385513
492,4.100000,-0.029476,0.405444,0.012836,0.913554,-215.961639,96.623413,84.387932
493,4.108333,-0.029583,0.405515,0.012876,0.913519,-215.960510,96.623802,84.392670
494,4.116667,-0.029557,0.405427,0.012812,0.913559,-215.958160,96.623230,84.396996
495,4.125000,-0.029543,0.405311,0.012927,0.913610,-215.955093,96.621330,84.401154
496,4.133333,-0.029599,0.405267,0.013035,0.913626,-215.953140,96.620018,84.404747
497,4.141667,-0.029759,0.405137,0.013148,0.913677,-215.951080,96.620949,84.405235
498,4.150000,-0.029860,0.405111,0.013033,0.913687,-215.950424,96.622093,84.404709
499,4.158333,-0.029726,0.405285,0.013032,0.913614,-215.951401,96.623322,84.404091
500,4.166667,-0.029559,0.405419,0.012896,0.913562,-215.952393,96.622124,84.401779
501,4.175000,-0.029548,0.405288,0.012856,0.913621,-215.954803,96.621620,84.397652
502,4.183333,-0.029564,0.405378,0.012769,0.913582,-215.958481,96.620766,84.397217
503,4.191667,-0.029505,0.405390,0.012717,0.913579,-215.962097,96.621002,84.394180
504,4.200000,-0.029507,0.405470,0.012704,0.913544,-215.965729,96.622276,84.390800
505,4.208333,-0.029495,0.405377,0.012738,0.913585,-215.966492,96.623650,84.386078
506,4.216667,-0.029555,0.405488,0.012820,0.913532,-215.967010,96.623383,84.385010
507,4.225000,-0.029623,0.405513,0.012766,0.913520,-215.965683,96.622635,84.383438
508,4.233333,-0.029624,0.405453,0.012796,0.913546,-215.964767,96.622269,84.385269
509,4.241667,-0.029561,0.405339,0.012805,0.913599,-215.962143,96.621689,84.388168
510,4.250000,-0.029577,0.405315,0.012805,0.913609,-215.958755,96.622032,84.390350
511,4.258333,-0.029620,0.405378,0.012804,0.913579,-215.956589,96.622154,84.394638
512,4.266667,-0.029668,0.405398,0.012729,0.913570,-215.954285,96.622902,84.397675
513,4.275000,-0.029735,0.405238,0.012899,0.913636,-215.951202,96.622597,84.398178
514,4.283333,-0.029744,0.405317,0.012887,0.913601,-215.950638,96.622810,84.402031
515,4.291667,-0.029608,0.405215,0.012908,0.913651,-215.949554,96.623108,84.403786
516,4.300000,-0.029650,0.405265,0.012952,0.913626,-215.950516,96.620026,84.405975
517,4.308333,-0.029700,0.405306,0.012954,0.913607,-215.952087,96.619881,84.404594
518,4.316667,-0.029608,0.405325,0.012923,0.913602,-215.953751,96.619705,84.401146
519,4.325000,-0.029525,0.405405,0.012902,0.913569,-215.957016,96.620956,84.400208
520,4.333333,-0.029493,0.405409,0.012954,0.913568,-215.958542,96.621078,84.395592
521,4.341667,-0.029531,0.405482,0.012758,0.913537,-215.960999,96.619377,84.392899
522,4.350000,-0.029594,0.405424,0.012742,0.913561,-215.963318,96.619553,84.389305
523,4.358333,-0.029530,0.405516,0.012856,0.913521,-215.965729,96.620300,84.388580
524,4.366667,-0.029353,0.405511,0.012715,0.913531,-215.965271,96.620346,84.384445
525,4.375000,-0.029293,0.405583,0.012647,0.913501,-215.966629,96.620499,84.385391
526,4.383333,-0.029315,0.405509,0.012612,0.913534,-215.964981,96.620850,84.384766
527,4.391667,-0.029317,0.405560,0.012536,0.913512,-215.963226,96.620522,84.386810
528,4.400000,-0.029420,0.405537,0.012595,0.913518,-215.960602,96.621132,84.389580
529,4.408333,-0.029538,0.405338,0.012685,0.913602,-215.956329,96.621239,84.392151
530,4.416667,-0.029668,0.405422,0.012777,0.913559,-215.954010,96.620087,84.396446
531,4.425000,-0.029736,0.405225,0.012968,0.913641,-215.950912,96.620178,84.397957
532,4.433333,-0.029754,0.405280,0.012951,0.913616,-215.951828,96.621315,84.402534
533,4.441667,-0.029498,0.405337,0.013057,0.913598,-215.951248,96.621529,84.404030
534,4.450000,-0.029467,0.405364,0.013059,0.913587,-215.951401,96.620804,84.403923
535,4.458333,-0.029517,0.405340,0.013004,0.913597,-215.952896,96.620361,84.404068
536,4.466667,-0.029597,0.405355,0.012996,0.913588,-215.955017,96.620735,84.402458
537,4.475000,-0.029506,0.405375,0.012989,0.913582,-215.957184,96.619308,84.400345
538,4.483333,-0.029562,0.405443,0.013114,0.913548,-215.960144,96.621178,84.398216
539,4.491667,-0.029481,0.405368,0.013111,0.913584,-215.960236,96.620422,84.393944
540,4.500000,-0.029633,0.405506,0.012884,0.913521,-215.963913,96.621613,84.392120
541,4.508333,-0.029511,0.405487,0.012832,0.913534,-215.964859,96.620399,84.389343
542,4.516667,-0.029452,0.405440,0.012909,0.913556,-215.964966,96.621170,84.387085
543,4.525000,-0.029414,0.405379,0.012844,0.913585,-215.964752,96.621986,84.386513
544,4.533333,-0.029515,0.405488,0.012840,0.913534,-215.964249,96.621895,84.388474
545,4.541667,-0.029480,0.405565,0.012757,0.913502,-215.962463,96.621834,84.388855
546,4.550000,-0.029428,0.405509,0.012552,0.913531,-215.960281,96.621315,84.391220
547,4.558333,-0.029493,0.405458,0.012773,0.913548,-215.957230,96.620300,84.393532
548,4.566667,-0.029689,0.405390,0.012767,0.913572,-215.954163,96.621391,84.397697
549,4.575000,-0.029775,0.405216,0.013000,0.913643,-215.950638,96.623093,84.400330
550,4.583333,-0.029862,0.405234,0.012943,0.913633,-215.949295,96.622604,84.403717
551,4.591667,-0.029771,0.405210,0.012851,0.913648,-215.948196,96.622780,84.403168
552,4.600000,-0.029714,0.405169,0.012924,0.913667,-215.948776,96.623947,84.403511
553,4.608333,-0.029713,0.405323,0.012982,0.913598,-215.950638,96.626289,84.404358
554,4.616667,-0.029833,0.405343,0.012887,0.913587,-215.953094,96.630486,84.404015
555,4.625000,-0.029938,0.405297,0.012798,0.913605,-215.955597,96.635239,84.402557
556,4.633333,-0.030157,0.405280,0.012494,0.913610,-215.958542,96.642715,84.400963
557,4.641667,-0.030430,0.405279,0.012233,0.913604,-215.961807,96.651268,84.401543
558,4.650000,-0.030535,0.405197,0.012003,0.913640,-215.962723,96.661530,84.402382
559,4.658333,-0.030653,0.405139,0.011620,0.913667,-215.962463,96.671890,84.404579
560,4.666667,-0.030936,0.404971,0.010647,0.913744,-215.959427,96.684280,84.407036
561,4.675000,-0.031491,0.404644,0.009267,0.913885,-215.955231,96.699860,84.408463
562,4.683333,-0.031886,0.404260,0.007993,0.914053,-215.950867,96.717392,84.413147
563,4.691667,-0.032113,0.403917,0.007038,0.914205,-215.948059,96.733040,84.419151
564,4.700000,-0.032526,0.403738,0.006781,0.914271,-215.943863,96.744316,84.431717
565,4.708333,-0.033043,0.403253,0.006390,0.914469,-215.940887,96.761024,84.443405
566,4.716667,-0.033361,0.402630,0.005861,0.914736,-215.938309,96.777855,84.457306
567,4.725000,-0.033751,0.402235,0.004785,0.914902,-215.934830,96.790718,84.468765
568,4.733333,-0.034105,0.402081,0.003556,0.914962,-215.932877,96.799126,84.481636
569,4.741667,-0.031725,0.406173,0.012118,0.913165,-215.896271,96.720901,84.563759
570,4.750000,-0.031123,0.406907,0.013035,0.912846,-215.886093,96.711189,84.594978
571,4.758333,-0.030915,0.406983,0.013669,0.912810,-215.879776,96.702339,84.621849
572,4.766667,-0.030680,0.407170,0.014464,0.912722,-215.871002,96.684891,84.650497
573,4.775000,-0.030793,0.407252,0.014809,0.912676,-215.855072,96.665070,84.687004
574,4.783333,-0.030686,0.407106,0.014963,0.912743,-215.831177,96.645233,84.729729
575,4.791667,-0.030508,0.407011,0.015740,0.912778,-215.800720,96.621910,84.770767
576,4.800000,-0.030212,0.407456,0.017000,0.912567,-215.766022,96.593689,84.814323
577,4.808333,-0.029611,0.408050,0.018110,0.912300,-215.728760,96.562073,84.857681
578,4.816667,-0.029698,0.408519,0.018388,0.912081,-215.692429,96.521133,84.906815
579,4.825000,-0.028433,0.408834,0.017694,0.911994,-215.647858,96.465080,84.963600
580,4.833333,-0.028115,0.409699,0.017348,0.911623,-215.604660,96.402756,85.019188
581,4.841667,-0.027334,0.410387,0.016695,0.911349,-215.567154,96.335770,85.073433
582,4.850000,-0.026737,0.410792,0.017302,0.911173,-215.522858,96.274307,85.137619
583,4.858333,-0.025980,0.411242,0.018841,0.910961,-215.472168,96.213577,85.214478
584,4.866667,-0.023931,0.411283,0.018484,0.911006,-215.421921,96.149078,85.284935
585,4.875000,-0.022031,0.412014,0.018743,0.910719,-215.368347,96.066299,85.363289
586,4.883333,-0.021105,0.412531,0.018186,0.910518,-215.325165,95.989380,85.433189
587,4.891667,-0.020210,0.413810,0.019642,0.909927,-215.290649,95.920479,85.506668
588,4.900000,-0.019791,0.413839,0.021164,0.909889,-215.247375,95.862549,85.583817
589,4.908333,-0.018412,0.413704,0.020991,0.909983,-215.200562,95.808350,85.656883
590,4.916667,-0.017249,0.414705,0.020885,0.909553,-215.154556,95.756516,85.723671
591,4.925000,-0.017393,0.415496,0.019326,0.909224,-215.115662,95.711205,85.783257
592,4.933333,-0.018130,0.415928,0.018796,0.909023,-215.079025,95.673416,85.838600
593,4.941667,-0.017711,0.416744,0.019365,0.908645,-215.044281,95.643341,85.899574
594,4.950000,-0.016496,0.417389,0.020366,0.908350,-215.010406,95.626762,85.964409
595,4.958333,-0.016405,0.417187,0.020819,0.908434,-214.970520,95.616730,86.024048
596,4.966667,-0.017188,0.417335,0.021685,0.908332,-214.923676,95.603661,86.091125
597,4.975000,-0.017723,0.418021,0.022502,0.907986,-214.878967,95.597473,86.157379
598,4.983333,-0.018627,0.418287,0.022991,0.907833,-214.844650,95.608948,86.219231
599,4.991667,-0.018264,0.418217,0.021711,0.907904,-214.797241,95.611938,86.289688
600,5.000000,-0.019691,0.418378,0.021698,0.907800,-214.748764,95.626152,86.359322
601,5.008333,-0.020087,0.419186,0.020723,0.907442,-214.699646,95.632011,86.413071
602,5.016667,-0.020057,0.419935,0.019988,0.907112,-214.655807,95.652626,86.467903
603,5.025000,-0.020362,0.420318,0.019791,0.906932,-214.598251,95.678368,86.540192
604,5.033333,-0.022037,0.420924,0.019458,0.906619,-214.540131,95.698212,86.607330
605,5.041667,-0.024506,0.421855,0.017871,0.906156,-214.484955,95.733864,86.664246
606,5.050000,-0.025984,0.422621,0.017426,0.905766,-214.421494,95.772804,86.723183
607,5.058333,-0.026684,0.423504,0.017412,0.905334,-214.357239,95.813843,86.786964
608,5.066667,-0.027654,0.423646,0.017294,0.905241,-214.295837,95.871040,86.850296
609,5.075000,-0.028231,0.424122,0.017387,0.904998,-214.243668,95.924446,86.908272
610,5.083333,-0.030108,0.424995,0.018548,0.904505,-214.193893,95.990791,86.964958
611,5.091667,-0.031847,0.425726,0.018472,0.904103,-214.135956,96.047798,87.017075
612,5.100000,-0.033710,0.426007,0.017464,0.903923,-214.083572,96.104118,87.067566
613,5.108333,-0.035360,0.426368,0.016588,0.903706,-214.038712,96.147552,87.123695
614,5.116667,-0.037261,0.427269,0.016235,0.903210,-213.993027,96.183899,87.184883
615,5.125000,-0.038692,0.428146,0.015501,0.902748,-213.938568,96.222382,87.237740
616,5.133333,-0.039970,0.428676,0.014007,0.902465,-213.888306,96.260796,87.283447
617,5.141667,-0.041162,0.429111,0.013075,0.902219,-213.838547,96.292877,87.333740
618,5.150000,-0.041937,0.429902,0.013033,0.901807,-213.785172,96.320595,87.397102
619,5.158333,-0.042556,0.430530,0.013593,0.901470,-213.730362,96.350540,87.456154
620,5.166667,-0.043105,0.431000,0.013499,0.901221,-213.679260,96.378899,87.499985
621,5.175000,-0.043213,0.431506,0.013246,0.900977,-213.624451,96.403336,87.546349
622,5.183333,-0.043405,0.432038,0.012876,0.900718,-213.563324,96.422783,87.602158
623,5.191667,-0.044212,0.432547,0.012726,0.900437,-213.502716,96.435379,87.651756
624,5.200000,-0.045306,0.432961,0.012538,0.900186,-213.443726,96.446945,87.692467
625,5.208333,-0.045009,0.433666,0.011551,0.899875,-213.386673,96.443367,87.737862
626,5.216667,-0.044150,0.434929,0.011170,0.899312,-213.332108,96.437248,87.781487
627,5.225000,-0.043674,0.435252,0.010404,0.899189,-213.273453,96.433701,87.824631
628,5.233333,-0.043851,0.435513,0.010917,0.899047,-213.212799,96.429214,87.867012
629,5.241667,-0.045267,0.436424,0.011204,0.898532,-213.156677,96.417961,87.910019
630,5.250000,-0.046367,0.437376,0.010605,0.898020,-213.103363,96.403877,87.945946
631,5.258333,-0.046753,0.438027,0.010130,0.897688,-213.046448,96.390526,87.986984
632,5.266667,-0.046313,0.438544,0.010664,0.897452,-212.980438,96.373756,88.037964
633,5.275000,-0.046027,0.439043,0.011254,0.897216,-212.923431,96.360329,88.081017
634,5.283333,-0.045819,0.439613,0.011638,0.896942,-212.870911,96.348305,88.115974
635,5.291667,-0.045703,0.439983,0.012667,0.896753,-212.809509,96.322090,88.155571
636,5.300000,-0.045787,0.440266,0.013695,0.896594,-212.744217,96.288673,88.201591
637,5.308333,-0.045207,0.440125,0.013236,0.896700,-212.681549,96.252205,88.245132
638,5.316667,-0.043942,0.440722,0.012894,0.896475,-212.622833,96.213409,88.287125
639,5.325000,-0.042488,0.441830,0.012803,0.896001,-212.563156,96.174637,88.328064
640,5.333333,-0.042373,0.442748,0.011800,0.895567,-212.504608,96.141525,88.370895
641,5.341667,-0.043002,0.443568,0.011833,0.895130,-212.446777,96.109795,88.412346
642,5.350000,-0.043349,0.444692,0.012679,0.894544,-212.385422,96.079857,88.454758
643,5.358333,-0.043950,0.444896,0.012876,0.894410,-212.325668,96.063515,88.492004
644,5.366667,-0.044161,0.444863,0.013767,0.894403,-212.257355,96.047028,88.529953
645,5.375000,-0.043891,0.445540,0.015121,0.894058,-212.189407,96.026978,88.571480
646,5.383333,-0.043361,0.446221,0.015614,0.893735,-212.129288,96.010231,88.608070
647,5.391667,-0.042043,0.446369,0.014133,0.893749,-212.071014,95.984772,88.645477
648,5.400000,-0.041054,0.447257,0.014066,0.893352,-212.010880,95.956665,88.682243
649,5.408333,-0.040809,0.447777,0.013670,0.893109,-211.948318,95.924309,88.715324
650,5.416667,-0.041419,0.448052,0.013824,0.892940,-211.907486,95.892395,88.748589
651,5.425000,-0.042104,0.449044,0.013747,0.892411,-211.840317,95.872238,88.792709
652,5.433333,-0.042092,0.449496,0.014333,0.892175,-211.769653,95.860832,88.841042
653,5.441667,-0.042136,0.449741,0.014947,0.892040,-211.707779,95.856438,88.881073
654,5.450000,-0.042250,0.450274,0.015423,0.891757,-211.648010,95.849281,88.914421
655,5.458333,-0.042358,0.451351,0.016220,0.891193,-211.581253,95.829742,88.954720
656,5.466667,-0.042692,0.451812,0.015993,0.890948,-211.507675,95.807503,88.999039
657,5.475000,-0.042653,0.451871,0.014890,0.890939,-211.444443,95.788902,89.037521
658,5.483333,-0.041702,0.453098,0.014532,0.890366,-211.377975,95.764572,89.075180
659,5.491667,-0.041049,0.454359,0.014515,0.889754,-211.317490,95.744995,89.108681
660,5.500000,-0.040467,0.454898,0.014077,0.889512,-211.257721,95.730240,89.132790
661,5.508333,-0.039932,0.455409,0.014487,0.889269,-211.190964,95.716377,89.168587
662,5.516667,-0.040768,0.456343,0.014665,0.888749,-211.126877,95.699165,89.208801
663,5.525000,-0.042151,0.456897,0.014416,0.888403,-211.061783,95.683586,89.238724
664,5.533333,-0.042815,0.457507,0.014400,0.888058,-210.995224,95.664879,89.266953
665,5.541667,-0.042324,0.458452,0.014917,0.887585,-210.922455,95.643280,89.307983
666,5.550000,-0.041943,0.459093,0.015332,0.887265,-210.853287,95.631447,89.347275
667,5.558333,-0.042280,0.459349,0.015754,0.887109,-210.787460,95.623848,89.374069
668,5.566667,-0.042442,0.459991,0.016498,0.886755,-210.716461,95.605171,89.405838
669,5.575000,-0.041557,0.460507,0.015814,0.886542,-210.643097,95.581558,89.446564
670,5.583333,-0.040703,0.460946,0.014474,0.886376,-210.574524,95.563271,89.481407
671,5.591667,-0.040398,0.461897,0.014230,0.885899,-210.506149,95.546982,89.515305
672,5.600000,-0.039924,0.462777,0.014578,0.885455,-210.436218,95.533913,89.547142
673,5.608333,-0.039695,0.463311,0.014209,0.885192,-210.366364,95.532394,89.575981
674,5.616667,-0.040572,0.464010,0.014149,0.884787,-210.295486,95.516762,89.614326
675,5.625000,-0.041316,0.464921,0.015244,0.884256,-210.218674,95.493141,89.658295
676,5.633333,-0.042062,0.465431,0.015823,0.883942,-210.144623,95.480408,89.695152
677,5.641667,-0.042706,0.465787,0.016376,0.883714,-210.082245,95.471863,89.723083
678,5.650000,-0.042479,0.466616,0.017489,0.883266,-210.009842,95.453156,89.755096
679,5.658333,-0.042167,0.467060,0.018321,0.883030,-209.933395,95.439217,89.790695
680,5.666667,-0.041613,0.467220,0.017557,0.882987,-209.864639,95.429123,89.825310
681,5.675000,-0.041222,0.468055,0.017651,0.882561,-209.797882,95.416954,89.860329
682,5.683333,-0.040591,0.468912,0.016868,0.882150,-209.728195,95.397179,89.888702
683,5.691667,-0.040407,0.469667,0.015734,0.881778,-209.656815,95.379341,89.909363
684,5.700000,-0.040116,0.470163,0.015538,0.881530,-209.582047,95.363266,89.939484
685,5.708333,-0.040057,0.471215,0.016514,0.880954,-209.511444,95.347237,89.974419
686,5.716667,-0.040548,0.472421,0.016720,0.880281,-209.447601,95.325279,90.001450
687,5.725000,-0.041313,0.472931,0.016121,0.879983,-209.381073,95.304855,90.025620
688,5.733333,-0.041768,0.473508,0.016606,0.879642,-209.301468,95.280884,90.060257
689,5.741667,-0.042325,0.474016,0.016850,0.879337,-209.225494,95.266739,90.095329
690,5.750000,-0.042679,0.474867,0.017039,0.878857,-209.155228,95.258781,90.121719
691,5.758333,-0.042944,0.475479,0.017137,0.878511,-209.076401,95.248840,90.155502
692,5.766667,-0.042989,0.476127,0.017583,0.878149,-208.998154,95.239075,90.190521
693,5.775000,-0.042323,0.476028,0.016498,0.878256,-208.918503,95.226501,90.216133
694,5.783333,-0.041650,0.476969,0.016749,0.877773,-208.846863,95.210480,90.247078
695,5.791667,-0.040957,0.477932,0.017092,0.877275,-208.780502,95.184372,90.281105
696,5.800000,-0.040455,0.478397,0.017117,0.877044,-208.712692,95.161400,90.303665
697,5.808333,-0.040139,0.478760,0.016701,0.876869,-208.639404,95.151810,90.324608
698,5.816667,-0.042581,0.479734,0.016621,0.876222,-208.560806,95.131317,90.357086
699,5.825000,-0.044622,0.480487,0.016712,0.875707,-208.489349,95.118782,90.388748
700,5.833333,-0.045275,0.480695,0.016271,0.875567,-208.419296,95.110146,90.414551
701,5.841667,-0.045278,0.481517,0.016975,0.875102,-208.343216,95.091316,90.444740
702,5.850000,-0.045436,0.482256,0.018011,0.874666,-208.269119,95.075073,90.470444
703,5.858333,-0.044728,0.482925,0.018596,0.874321,-208.197495,95.062340,90.492584
704,5.866667,-0.043245,0.483590,0.017737,0.874046,-208.120651,95.043961,90.519737
705,5.875000,-0.041609,0.484411,0.017738,0.873670,-208.047318,95.025055,90.549728
706,5.883333,-0.040885,0.485380,0.017373,0.873174,-207.958008,95.017532,90.566429
707,5.891667,-0.041033,0.486099,0.016339,0.872787,-207.875366,95.016869,90.590927
708,5.900000,-0.040848,0.487004,0.016625,0.872286,-207.795670,95.006508,90.623543
709,5.908333,-0.039681,0.487767,0.017209,0.871902,-207.723877,94.990959,90.659218
710,5.916667,-0.038565,0.488072,0.017356,0.871778,-207.659317,94.979683,90.685074
711,5.925000,-0.040912,0.488298,0.017518,0.871542,-207.588699,94.950317,90.717407
712,5.933333,-0.042751,0.488918,0.018073,0.871094,-207.515259,94.924339,90.742271
713,5.941667,-0.044367,0.489565,0.018466,0.870641,-207.438660,94.907852,90.762459
714,5.950000,-0.046005,0.489902,0.018306,0.870370,-207.367844,94.898491,90.787270
715,5.958333,-0.045952,0.490454,0.018933,0.870048,-207.290390,94.890472,90.817604
716,5.966667,-0.046034,0.491046,0.019327,0.869702,-207.216599,94.880203,90.844627
717,5.975000,-0.045608,0.491303,0.018449,0.869598,-207.144302,94.868774,90.866852
718,5.983333,-0.044920,0.492084,0.017720,0.869207,-207.074738,94.853386,90.885559
719,5.991667,-0.043778,0.493555,0.017888,0.868428,-206.993896,94.827431,90.907524
720,6.000000,-0.044261,0.494440,0.017475,0.867908,-206.913376,94.813248,90.929802
721,6.008333,-0.044780,0.494824,0.017132,0.867670,-206.835342,94.810471,90.945282
722,6.016667,-0.044503,0.495638,0.017819,0.867205,-206.752609,94.801727,90.965553
723,6.025000,-0.043888,0.496646,0.018433,0.866647,-206.673859,94.793739,90.992416
724,6.033333,-0.043713,0.497207,0.018117,0.866341,-206.606003,94.785156,91.012863
725,6.041667,-0.043517,0.497772,0.017975,0.866029,-206.534409,94.773849,91.037079
726,6.050000,-0.043003,0.498637,0.018591,0.865544,-206.447311,94.761375,91.066742
727,6.058333,-0.042298,0.499394,0.019187,0.865129,-206.363388,94.756111,91.091736
728,6.066667,-0.042092,0.499897,0.020042,0.864829,-206.283524,94.746460,91.108215
729,6.075000,-0.042315,0.500644,0.021095,0.864361,-206.203323,94.729584,91.137100
730,6.083333,-0.041947,0.501241,0.021527,0.864022,-206.127502,94.715919,91.169014
731,6.091667,-0.040926,0.501499,0.020573,0.863945,-206.057556,94.706100,91.193619
732,6.100000,-0.040018,0.502336,0.019702,0.863521,-205.980499,94.696632,91.204285
733,6.108333,-0.039886,0.503634,0.019063,0.862785,-205.902817,94.681717,91.221397
734,6.116667,-0.039312,0.504670,0.019152,0.862204,-205.818695,94.666634,91.238823
735,6.125000,-0.038860,0.505040,0.018555,0.862021,-205.733032,94.659790,91.249886
736,6.133333,-0.040360,0.505409,0.019870,0.861706,-205.647827,94.634750,91.272812
737,6.141667,-0.041271,0.505878,0.021138,0.861358,-205.571960,94.614166,91.288803
738,6.150000,-0.041964,0.506610,0.021450,0.860887,-205.499908,94.591728,91.307587
739,6.158333,-0.042485,0.507541,0.020456,0.860337,-205.423141,94.578896,91.322342
740,6.166667,-0.042508,0.508392,0.020646,0.859828,-205.339844,94.568459,91.337296
741,6.175000,-0.043503,0.509157,0.021683,0.859300,-205.252625,94.558281,91.353371
742,6.183333,-0.044993,0.509058,0.021961,0.859275,-205.167419,94.552063,91.369003
743,6.191667,-0.044995,0.509426,0.023234,0.859023,-205.086166,94.534088,91.391426
744,6.200000,-0.044118,0.510064,0.023331,0.858688,-205.009277,94.511147,91.412262
745,6.208333,-0.043236,0.510939,0.021814,0.858252,-204.930084,94.499031,91.424149
746,6.216667,-0.042824,0.511960,0.020953,0.857685,-204.844574,94.485504,91.438362
747,6.225000,-0.042274,0.512965,0.021019,0.857111,-204.756378,94.468285,91.465309
748,6.233333,-0.041731,0.514036,0.020846,0.856499,-204.673340,94.459213,91.489540
749,6.241667,-0.041759,0.514689,0.019770,0.856131,-204.600815,94.464401,91.506378
750,6.250000,-0.041798,0.515258,0.019727,0.855788,-204.523895,94.455048,91.528000
751,6.258333,-0.041640,0.515918,0.019864,0.855395,-204.444214,94.448273,91.553963
752,6.266667,-0.041593,0.516778,0.019806,0.854879,-204.359344,94.443840,91.576584
753,6.275000,-0.041633,0.517230,0.018832,0.854626,-204.279022,94.451653,91.587357
754,6.283333,-0.042146,0.517536,0.018479,0.854423,-204.195190,94.451927,91.594604
755,6.291667,-0.042900,0.517837,0.018553,0.854202,-204.117538,94.451408,91.607536
756,6.300000,-0.043252,0.518029,0.018421,0.854070,-204.038910,94.447693,91.625069
757,6.308333,-0.042409,0.518863,0.017350,0.853629,-203.956085,94.438614,91.642967
758,6.316667,-0.041750,0.520143,0.016556,0.852897,-203.871414,94.428619,91.647270
759,6.325000,-0.042004,0.520975,0.015779,0.852392,-203.794693,94.421158,91.648445
760,6.333333,-0.039653,0.523124,0.020584,0.851085,-203.702728,94.368057,91.688515
761,6.341667,-0.038911,0.523338,0.020901,0.850980,-203.621170,94.350342,91.706604
762,6.350000,-0.037455,0.523552,0.021904,0.850888,-203.538757,94.332260,91.726540
763,6.358333,-0.039505,0.524065,0.021909,0.850479,-203.456711,94.305702,91.742302
764,6.366667,-0.040981,0.524873,0.021357,0.849925,-203.376633,94.286552,91.743614
765,6.375000,-0.041797,0.525749,0.021276,0.849346,-203.303452,94.270477,91.749489
766,6.383333,-0.041755,0.526584,0.022146,0.848808,-203.229172,94.259003,91.757812
767,6.391667,-0.042078,0.527188,0.022844,0.848399,-203.154999,94.250206,91.762718
768,6.400000,-0.042643,0.527529,0.022871,0.848158,-203.079178,94.250420,91.761009
769,6.408333,-0.043300,0.527923,0.022683,0.847884,-203.002686,94.249413,91.753906
770,6.416667,-0.042526,0.528758,0.022528,0.847407,-202.931351,94.249641,91.749260
771,6.425000,-0.042028,0.529649,0.022802,0.846868,-202.862259,94.249100,91.750679
772,6.433333,-0.041945,0.530303,0.023236,0.846451,-202.804276,94.246529,91.748917
773,6.441667,-0.041820,0.530914,0.023675,0.846062,-202.751038,94.244003,91.741745
774,6.450000,-0.041920,0.531487,0.023392,0.845705,-202.696945,94.245567,91.729584
775,6.458333,-0.041807,0.532103,0.022898,0.845337,-202.639481,94.246277,91.715073
776,6.466667,-0.041388,0.532649,0.023056,0.845009,-202.578812,94.241051,91.707550
777,6.475000,-0.041271,0.532989,0.023238,0.844796,-202.515457,94.233444,91.706779
778,6.483333,-0.040353,0.533079,0.022826,0.844794,-202.453918,94.221245,91.703285
779,6.491667,-0.039538,0.533628,0.022958,0.844483,-202.394363,94.205910,91.695145
780,6.500000,-0.038964,0.534246,0.023278,0.844110,-202.338074,94.187660,91.686668
781,6.508333,-0.038353,0.534583,0.023244,0.843925,-202.285675,94.172066,91.680664
782,6.516667,-0.040082,0.535094,0.022720,0.843535,-202.230881,94.142776,91.679253
783,6.525000,-0.040504,0.535654,0.022495,0.843166,-202.184250,94.122490,91.669998
784,6.533333,-0.040619,0.536133,0.022433,0.842857,-202.140213,94.102371,91.660202
785,6.541667,-0.040467,0.536514,0.022307,0.842625,-202.094269,94.077026,91.651108
786,6.550000,-0.040128,0.537136,0.022464,0.842241,-202.048462,94.048843,91.640625
787,6.558333,-0.039824,0.537777,0.022962,0.841833,-201.999695,94.012886,91.628616
788,6.566667,-0.039430,0.538161,0.023607,0.841588,-201.947617,93.977676,91.613655
789,6.575000,-0.039481,0.538427,0.024019,0.841404,-201.902298,93.949173,91.602760
790,6.583333,-0.039397,0.538717,0.024517,0.841208,-201.862366,93.923523,91.592026
791,6.591667,-0.038808,0.539160,0.024787,0.840944,-201.824219,93.895630,91.583908
792,6.600000,-0.038057,0.539608,0.024413,0.840702,-201.784821,93.868187,91.570396
793,6.608333,-0.037220,0.540288,0.024773,0.840291,-201.740891,93.839348,91.552902
794,6.616667,-0.036531,0.540785,0.025253,0.839988,-201.694031,93.810059,91.535934
795,6.625000,-0.035483,0.540865,0.025004,0.839988,-201.641541,93.772873,91.528442
796,6.633333,-0.034372,0.541126,0.024722,0.839875,-201.598114,93.736221,91.524651
797,6.641667,-0.033039,0.541471,0.024423,0.839715,-201.559418,93.697731,91.521324
798,6.650000,-0.031863,0.541991,0.024279,0.839429,-201.518631,93.655945,91.515755
799,6.658333,-0.033924,0.542547,0.024088,0.838995,-201.471085,93.599815,91.511154
800,6.666667,-0.033624,0.543053,0.024811,0.838658,-201.423813,93.547073,91.504066
801,6.675000,-0.032994,0.543740,0.026037,0.838201,-201.372864,93.497063,91.500977
802,6.683333,-0.032941,0.544169,0.026692,0.837904,-201.321365,93.449120,91.505089
803,6.691667,-0.032649,0.544311,0.026776,0.837820,-201.271240,93.405464,91.506096
804,6.700000,-0.030721,0.544317,0.025572,0.837927,-201.219559,93.359375,91.508217
805,6.708333,-0.029315,0.544690,0.025126,0.837749,-201.172119,93.320717,91.505913
806,6.716667,-0.027937,0.545390,0.025131,0.837340,-201.123764,93.284538,91.504951
807,6.725000,-0.026767,0.546091,0.025538,0.836908,-201.073288,93.253143,91.505028
808,6.733333,-0.025986,0.546716,0.025736,0.836519,-201.018936,93.229698,91.505524
809,6.741667,-0.025413,0.547191,0.025764,0.836225,-200.969452,93.214424,91.506638
810,6.750000,-0.025201,0.547393,0.025544,0.836106,-200.925415,93.209129,91.505493
811,6.758333,-0.025074,0.547389,0.025670,0.836109,-200.880615,93.204651,91.503502
812,6.766667,-0.027089,0.547457,0.025922,0.835993,-200.828720,93.191055,91.511879
813,6.775000,-0.028012,0.548031,0.026391,0.835572,-200.774628,93.179680,91.513855
814,6.783333,-0.028464,0.548774,0.026528,0.835065,-200.720627,93.172615,91.513931
815,6.791667,-0.028728,0.549346,0.026813,0.834670,-200.663589,93.173447,91.517418
816,6.800000,-0.028855,0.549824,0.026821,0.834351,-200.611618,93.180664,91.521179
817,6.808333,-0.028943,0.550217,0.026559,0.834097,-200.563553,93.190498,91.523590
818,6.816667,-0.029162,0.550550,0.026266,0.833879,-200.514175,93.209335,91.526787
819,6.825000,-0.029418,0.550832,0.026012,0.833692,-200.466080,93.233620,91.529137
820,6.833333,-0.029500,0.551218,0.025735,0.833443,-200.413223,93.256081,91.533096
821,6.841667,-0.029817,0.551710,0.025465,0.833114,-200.363831,93.279953,91.537682
822,6.850000,-0.030375,0.552441,0.025535,0.832607,-200.313858,93.292305,91.539940
823,6.858333,-0.030739,0.553091,0.025854,0.832152,-200.253845,93.296188,91.542084
824,6.866667,-0.030905,0.553355,0.025837,0.831971,-200.200302,93.304108,91.544846
825,6.875000,-0.031336,0.553533,0.025799,0.831838,-200.151016,93.314545,91.544930
826,6.883333,-0.032192,0.553651,0.025547,0.831734,-200.096481,93.321976,91.541901
827,6.891667,-0.032763,0.553735,0.025384,0.831661,-200.043243,93.333336,91.539352
828,6.900000,-0.032876,0.554112,0.025842,0.831391,-199.992081,93.338600,91.539078
829,6.908333,-0.032471,0.554670,0.026647,0.831009,-199.944809,93.340317,91.542961
830,6.916667,-0.032034,0.555246,0.026915,0.830633,-199.897568,93.336662,91.542809
831,6.925000,-0.031749,0.556202,0.027274,0.829992,-199.847382,93.325180,91.539665
832,6.933333,-0.031989,0.556887,0.027186,0.829527,-199.799469,93.315498,91.538826
833,6.941667,-0.031902,0.557411,0.026655,0.829195,-199.747086,93.305984,91.535019
834,6.950000,-0.031958,0.557681,0.026206,0.829026,-199.696381,93.303360,91.533539
835,6.958333,-0.032083,0.557988,0.025972,0.828822,-199.646881,93.303070,91.535278
836,6.966667,-0.032153,0.558408,0.026061,0.828533,-199.598312,93.305496,91.536270
837,6.975000,-0.031624,0.558573,0.026651,0.828424,-199.545776,93.303055,91.531784
838,6.983333,-0.030855,0.558576,0.026916,0.828442,-199.493622,93.298492,91.527107
839,6.991667,-0.029657,0.558781,0.026947,0.828346,-199.441360,93.285606,91.524368
840,7.000000,-0.029224,0.559193,0.027027,0.828081,-199.397705,93.274696,91.521362
841,7.008333,-0.028681,0.559444,0.026513,0.827947,-199.353683,93.262672,91.514626
842,7.016667,-0.028470,0.559889,0.026228,0.827663,-199.313446,93.248436,91.509399
843,7.025000,-0.028259,0.560444,0.025778,0.827309,-199.273987,93.233856,91.507812
844,7.033333,-0.027968,0.561197,0.025523,0.826816,-199.235428,93.221420,91.505699
845,7.041667,-0.027675,0.561838,0.025475,0.826392,-199.194809,93.211479,91.498856
846,7.050000,-0.027288,0.562290,0.025668,0.826091,-199.152313,93.203445,91.487495
847,7.058333,-0.030029,0.562624,0.025601,0.825770,-199.106293,93.181236,91.481728
848,7.066667,-0.030718,0.563030,0.025417,0.825474,-199.062164,93.168480,91.470680
849,7.075000,-0.030803,0.563396,0.025256,0.825226,-199.019073,93.156990,91.459427
850,7.083333,-0.030699,0.563798,0.025380,0.824952,-198.982742,93.143501,91.449699
851,7.091667,-0.030376,0.563859,0.025149,0.824929,-198.950333,93.126282,91.444168
852,7.100000,-0.030270,0.563898,0.025315,0.824901,-198.919846,93.111313,91.442154
853,7.108333,-0.030013,0.564043,0.025770,0.824797,-198.889084,93.097046,91.442055
854,7.116667,-0.029678,0.564228,0.026503,0.824660,-198.849838,93.074829,91.442276
855,7.125000,-0.029100,0.564786,0.027267,0.824273,-198.801422,93.044601,91.440109
856,7.133333,-0.028374,0.565565,0.027962,0.823741,-198.748032,93.005981,91.439232
857,7.141667,-0.027633,0.566236,0.027998,0.823304,-198.693741,92.964241,91.435745
858,7.150000,-0.026736,0.566378,0.027159,0.823264,-198.641663,92.926315,91.421318
859,7.158333,-0.025596,0.566676,0.026560,0.823115,-198.592194,92.883041,91.396942
860,7.166667,-0.024572,0.567339,0.026233,0.822699,-198.539612,92.836426,91.368500
861,7.175000,-0.022817,0.568291,0.026468,0.822085,-198.465118,92.782021,91.337257
862,7.183333,-0.023987,0.569004,0.026418,0.821560,-198.384232,92.724823,91.322151
863,7.191667,-0.024139,0.569270,0.027228,0.821345,-198.307373,92.674164,91.293648
864,7.200000,-0.023192,0.570273,0.028872,0.820620,-198.216904,92.616966,91.251656
865,7.208333,-0.022784,0.571220,0.028771,0.819976,-198.125381,92.574806,91.216125
866,7.216667,-0.023177,0.571773,0.028424,0.819592,-198.034332,92.546471,91.182716
867,7.225000,-0.022766,0.572723,0.028461,0.818938,-197.930969,92.524025,91.132179
868,7.233333,-0.022382,0.573798,0.028973,0.818178,-197.836395,92.513298,91.085258
869,7.241667,-0.022923,0.574815,0.028892,0.817452,-197.727936,92.489983,91.043777
870,7.250000,-0.022825,0.576082,0.028424,0.816579,-197.619980,92.474976,90.991821
871,7.258333,-0.022152,0.576988,0.027896,0.815975,-197.523972,92.477234,90.943352
872,7.266667,-0.022011,0.577792,0.028322,0.815395,-197.436447,92.488152,90.902977
873,7.275000,-0.021787,0.578676,0.028206,0.814778,-197.344727,92.504448,90.860023
874,7.283333,-0.021483,0.579321,0.026950,0.814371,-197.260239,92.519341,90.818085
875,7.291667,-0.021248,0.580200,0.026661,0.813760,-197.175461,92.522461,90.780006
876,7.300000,-0.022452,0.581358,0.026859,0.812894,-197.091324,92.512711,90.744942
877,7.308333,-0.022736,0.582418,0.027353,0.812111,-197.020844,92.501465,90.715561
878,7.316667,-0.022610,0.582864,0.027000,0.811806,-196.957626,92.491898,90.688240
879,7.325000,-0.022380,0.583213,0.026687,0.811572,-196.899063,92.481216,90.661659
880,7.333333,-0.021444,0.583642,0.025558,0.811326,-196.848404,92.483772,90.633698
881,7.341667,-0.021359,0.584054,0.024943,0.811050,-196.806259,92.489250,90.605331
882,7.350000,-0.022054,0.584325,0.023729,0.810873,-196.769501,92.503906,90.573433
883,7.358333,-0.022270,0.584744,0.022972,0.810587,-196.728256,92.505959,90.538826
884,7.366667,-0.022840,0.584980,0.022130,0.810424,-196.704697,92.502060,90.507507
885,7.375000,-0.023227,0.584835,0.021197,0.810543,-196.687668,92.476295,90.477905
886,7.383333,-0.023122,0.584629,0.020403,0.810715,-196.675110,92.414383,90.441559
887,7.391667,-0.022495,0.584215,0.019150,0.811061,-196.674301,92.329453,90.398849
888,7.400000,-0.021591,0.583496,0.018041,0.811628,-196.682556,92.304352,90.375183
889,7.408333,-0.024011,0.582325,0.018206,0.812398,-196.680099,92.266098,90.380386
890,7.416667,-0.021809,0.582480,0.019172,0.812326,-196.704376,92.264679,90.402206
891,7.425000,-0.023797,0.582221,0.019823,0.812440,-196.727386,92.255714,90.441429
892,7.433333,-0.024418,0.582273,0.020790,0.812360,-196.748062,92.252197,90.476913
893,7.441667,-0.023651,0.582791,0.022251,0.811973,-196.763092,92.245956,90.522209
894,7.450000,-0.022920,0.582618,0.023160,0.812093,-196.772369,92.244232,90.565369
895,7.458333,-0.021876,0.582377,0.023791,0.812276,-196.777100,92.247452,90.612633
896,7.466667,-0.020624,0.581819,0.024306,0.812693,-196.775909,92.246086,90.669922
897,7.475000,-0.020564,0.580788,0.024476,0.813427,-196.779053,92.261940,90.744225
898,7.483333,-0.017216,0.580789,0.026491,0.813441,-196.752060,92.245712,90.811432
899,7.491667,-0.014383,0.580046,0.027447,0.813994,-196.722809,92.237152,90.883621
900,7.500000,-0.011162,0.579226,0.026811,0.814650,-196.687241,92.225365,90.962662
901,7.508333,-0.008606,0.578997,0.026198,0.814864,-196.646561,92.212868,91.051315
902,7.516667,-0.005916,0.578371,0.026293,0.815328,-196.589142,92.201698,91.149590
903,7.525000,-0.002908,0.577403,0.026730,0.816016,-196.536621,92.207893,91.236015
904,7.533333,-0.000378,0.576912,0.028133,0.816321,-196.478882,92.212082,91.319908
905,7.541667,0.001817,0.576746,0.028602,0.816421,-196.418320,92.217781,91.398529
906,7.550000,0.003783,0.576489,0.027330,0.816639,-196.367828,92.236488,91.459671
907,7.558333,0.006310,0.577184,0.025578,0.816189,-196.312744,92.243401,91.501923
908,7.566667,0.007943,0.579051,0.024187,0.814893,-196.253250,92.241852,91.534721
909,7.575000,0.009050,0.581064,0.023703,0.813462,-196.200836,92.237000,91.556435
910,7.583333,0.009955,0.583216,0.023287,0.811922,-196.171158,92.240494,91.574135
911,7.591667,0.010140,0.585505,0.023019,0.810279,-196.159271,92.245033,91.589714
912,7.600000,0.008875,0.588152,0.022782,0.808381,-196.156860,92.254036,91.600037
913,7.608333,0.008209,0.590147,0.023140,0.806923,-196.176743,92.255203,91.602325
914,7.616667,0.007977,0.591809,0.024593,0.805664,-196.221085,92.251221,91.602097
915,7.625000,0.008092,0.593862,0.025189,0.804132,-196.279388,92.250008,91.600296
916,7.633333,0.007227,0.596092,0.025563,0.802477,-196.330063,92.245422,91.585503
917,7.641667,0.005465,0.598223,0.025515,0.800905,-196.375381,92.238739,91.563614
918,7.650000,0.003739,0.600481,0.025773,0.799215,-196.421600,92.236069,91.523407
919,7.658333,0.003229,0.602143,0.026064,0.797956,-196.461899,92.233124,91.468201
920,7.666667,0.000835,0.603190,0.026226,0.797166,-196.500427,92.227448,91.397675
921,7.675000,-0.002319,0.604028,0.025788,0.796543,-196.539886,92.224983,91.316017
922,7.683333,-0.005319,0.603968,0.024811,0.796605,-196.574203,92.226318,91.226463
923,7.691667,-0.008409,0.604170,0.023779,0.796456,-196.583817,92.233406,91.128960
924,7.700000,-0.009965,0.603642,0.023213,0.796855,-196.602509,92.242424,91.029358
925,7.708333,-0.011849,0.603194,0.021672,0.797212,-196.613068,92.243690,90.951500
926,7.716667,-0.014002,0.603206,0.020538,0.797198,-196.615204,92.250320,90.879669
927,7.725000,-0.015715,0.603268,0.019498,0.797145,-196.608444,92.255424,90.816986
928,7.733333,-0.016918,0.603206,0.018486,0.797192,-196.600861,92.259216,90.766083
929,7.741667,-0.015405,0.603269,0.017467,0.797198,-196.601776,92.275284,90.730087
930,7.750000,-0.014217,0.602846,0.017012,0.797549,-196.599289,92.286774,90.707535
931,7.758333,-0.014082,0.602484,0.016818,0.797829,-196.597748,92.289375,90.694824
932,7.766667,-0.014092,0.602312,0.016816,0.797960,-196.598297,92.289078,90.698547
933,7.775000,-0.013805,0.602203,0.017109,0.798041,-196.600204,92.287651,90.712578
934,7.783333,-0.017035,0.602132,0.017661,0.798020,-196.595795,92.263405,90.747818
935,7.791667,-0.016974,0.601983,0.018306,0.798119,-196.597763,92.253372,90.788063
936,7.800000,-0.015672,0.601365,0.018839,0.798599,-196.599472,92.249634,90.839455
937,7.808333,-0.013380,0.600617,0.019891,0.799178,-196.603836,92.248520,90.904266
938,7.816667,-0.010993,0.600054,0.020880,0.799611,-196.602966,92.236938,90.976212
939,7.825000,-0.009700,0.599996,0.022157,0.799637,-196.592651,92.242287,91.064049
940,7.833333,-0.007025,0.599104,0.023185,0.800304,-196.581787,92.224098,91.165749
941,7.841667,-0.004034,0.598291,0.024149,0.800905,-196.567886,92.215622,91.257980
942,7.850000,-0.001076,0.597745,0.025067,0.801293,-196.548111,92.220131,91.338715
943,7.858333,0.001195,0.597531,0.026002,0.801423,-196.519928,92.223061,91.413895
944,7.866667,0.003155,0.597343,0.026546,0.801540,-196.495331,92.229736,91.479698
945,7.875000,0.003894,0.596955,0.026414,0.801830,-196.476776,92.234795,91.532814
946,7.883333,0.004686,0.596537,0.026506,0.802134,-196.457306,92.234497,91.571716
947,7.891667,0.005219,0.596116,0.026697,0.802437,-196.437500,92.236023,91.591446
948,7.900000,0.005854,0.595769,0.026531,0.802696,-196.416718,92.236969,91.598137
949,7.908333,0.006296,0.595467,0.026089,0.802931,-196.394806,92.240189,91.591805
950,7.916667,0.006321,0.595069,0.025221,0.803254,-196.371841,92.241272,91.576164
951,7.925000,0.006326,0.594701,0.024343,0.803553,-196.349472,92.242188,91.546455
952,7.933333,0.005697,0.594334,0.023635,0.803850,-196.329468,92.240181,91.507484
953,7.941667,0.004312,0.594453,0.023393,0.803778,-196.320862,92.229630,91.462585
954,7.950000,0.002916,0.594508,0.022939,0.803758,-196.328308,92.226768,91.414719
955,7.958333,0.000996,0.594942,0.021735,0.803474,-196.345810,92.233917,91.360695
956,7.966667,-0.000478,0.594907,0.020848,0.803524,-196.391937,92.235031,91.302803
957,7.975000,-0.002974,0.594941,0.021388,0.803479,-196.460739,92.227974,91.237488
958,7.983333,-0.005954,0.595047,0.022462,0.803355,-196.529541,92.218445,91.163414
959,7.991667,-0.007963,0.595122,0.022612,0.803278,-196.584671,92.225288,91.087975
960,8.000000,-0.010271,0.595109,0.022642,0.803261,-196.627792,92.238098,91.016052
961,8.008333,-0.012449,0.595418,0.023097,0.802987,-196.653122,92.244164,90.960281
962,8.016667,-0.014784,0.595721,0.022596,0.802738,-196.671021,92.250702,90.909042
963,8.025000,-0.016270,0.595958,0.021597,0.802560,-196.681458,92.251541,90.865547
964,8.033333,-0.017122,0.596131,0.020896,0.802433,-196.679688,92.248650,90.829872
965,8.041667,-0.017586,0.596355,0.020484,0.802267,-196.674026,92.250153,90.802391
966,8.050000,-0.015442,0.596821,0.020055,0.801975,-196.670761,92.263336,90.785942
967,8.058333,-0.013788,0.596801,0.019739,0.802028,-196.663589,92.273621,90.776230
968,8.066667,-0.016794,0.596891,0.019613,0.801907,-196.650009,92.256157,90.790817
969,8.075000,-0.017236,0.596996,0.019764,0.801816,-196.642746,92.250336,90.813538
970,8.083333,-0.016139,0.597001,0.020199,0.801824,-196.636353,92.250534,90.846878
971,8.091667,-0.014808,0.596766,0.021398,0.801994,-196.628937,92.250633,90.890266
972,8.100000,-0.012505,0.596362,0.021366,0.802334,-196.617264,92.239258,90.942802
973,8.108333,-0.010525,0.595930,0.022070,0.802664,-196.609863,92.236176,91.005943
974,8.116667,-0.008371,0.595795,0.022483,0.802778,-196.584183,92.222198,91.088852
975,8.125000,-0.006224,0.595832,0.022805,0.802761,-196.552582,92.213196,91.175491
976,8.133333,-0.003747,0.595265,0.022671,0.803201,-196.513824,92.213402,91.252579
977,8.141667,-0.000990,0.594625,0.022944,0.803675,-196.467911,92.215034,91.314583
978,8.150000,0.001068,0.594376,0.023364,0.803847,-196.422821,92.220604,91.369698
979,8.158333,0.002942,0.594190,0.023597,0.803973,-196.378098,92.220291,91.416801
980,8.166667,0.003759,0.594199,0.023879,0.803955,-196.342514,92.221085,91.452446
981,8.175000,0.004592,0.594095,0.023673,0.804034,-196.323135,92.230293,91.478371
982,8.183333,0.005730,0.593942,0.023643,0.804140,-196.320984,92.241623,91.499588
983,8.191667,0.005719,0.593938,0.023914,0.804135,-196.328674,92.242661,91.517082
984,8.200000,0.005687,0.593943,0.024237,0.804121,-196.340866,92.241837,91.523270
985,8.208333,0.005340,0.594095,0.024485,0.804004,-196.352356,92.238327,91.517876
986,8.216667,0.004293,0.594261,0.024645,0.803883,-196.361893,92.231438,91.501335
987,8.225000,0.003637,0.594388,0.024459,0.803798,-196.372635,92.226692,91.471222
988,8.233333,0.002676,0.594432,0.023929,0.803785,-196.384399,92.222755,91.422501
989,8.241667,0.000922,0.595012,0.022708,0.803395,-196.384537,92.229820,91.369400
990,8.250000,0.000047,0.594905,0.021972,0.803495,-196.412460,92.229927,91.306816
991,8.258333,-0.002344,0.595066,0.021455,0.803387,-196.452972,92.226616,91.237183
992,8.266667,-0.004910,0.595504,0.021668,0.803045,-196.491379,92.216766,91.161896
993,8.275000,-0.008346,0.596159,0.020607,0.802559,-196.516479,92.228851,91.076744
994,8.283333,-0.009956,0.595782,0.020293,0.802828,-196.555405,92.234612,91.005730
995,8.291667,-0.011250,0.595554,0.020605,0.802972,-196.591553,92.236900,90.952278
996,8.300000,-0.013451,0.595804,0.022233,0.802710,-196.625763,92.246834,90.918930
997,8.308333,-0.014926,0.595853,0.022298,0.802645,-196.652023,92.251877,90.894745
998,8.316667,-0.016228,0.595817,0.022007,0.802655,-196.671753,92.254410,90.874687
999,8.325000,-0.016676,0.595751,0.021779,0.802701,-196.677277,92.252136,90.859863
1000,8.333333,-0.016587,0.595614,0.021449,0.802813,-196.668854,92.250282,90.853638
1001,8.341667,-0.016048,0.595693,0.020969,0.802778,-196.656403,92.249748,90.854782
1002,8.350000,-0.015495,0.595845,0.021240,0.802669,-196.643066,92.252106,90.870071
1003,8.358333,-0.014383,0.595921,0.021519,0.802626,-196.629364,92.251678,90.895737
1004,8.366667,-0.012435,0.595770,0.021017,0.802784,-196.612762,92.241264,90.935577
1005,8.375000,-0.010923,0.595400,0.021719,0.803062,-196.605194,92.240578,90.981087
1006,8.383333,-0.009117,0.595087,0.022376,0.803298,-196.581406,92.230179,91.044411
1007,8.391667,-0.008250,0.595559,0.021404,0.802984,-196.538406,92.227333,91.112259
1008,8.400000,-0.005068,0.595424,0.021718,0.803102,-196.497162,92.213486,91.191437
1009,8.408333,-0.002319,0.594679,0.021287,0.803678,-196.458740,92.217926,91.248993
1010,8.416667,0.000236,0.594344,0.021677,0.803919,-196.416016,92.219505,91.309624
1011,8.425000,0.000991,0.594697,0.021968,0.803649,-196.379135,92.231903,91.357330
1012,8.433333,0.002291,0.594353,0.022850,0.803876,-196.374939,92.227188,91.400497
1013,8.441667,0.003100,0.594175,0.023853,0.803976,-196.377228,92.221245,91.438927
1014,8.450000,0.003480,0.594206,0.024365,0.803936,-196.373413,92.220551,91.462532
1015,8.458333,0.004266,0.594305,0.024478,0.803856,-196.368210,92.225296,91.472565
1016,8.466667,0.004516,0.594424,0.024326,0.803771,-196.361343,92.225800,91.472931
1017,8.475000,0.004067,0.594603,0.024126,0.803647,-196.353363,92.222763,91.462189
1018,8.483333,0.003354,0.594706,0.023805,0.803584,-196.353622,92.222275,91.437187
1019,8.491667,0.002491,0.594849,0.023356,0.803495,-196.368454,92.223389,91.406746
1020,8.500000,0.001012,0.595340,0.022623,0.803154,-196.382019,92.230011,91.369370
1021,8.508333,-0.000154,0.595528,0.021871,0.803037,-196.402008,92.232422,91.323502
1022,8.516667,-0.001438,0.595360,0.021311,0.803175,-196.435242,92.229393,91.258537
1023,8.525000,-0.003469,0.595624,0.021374,0.802971,-196.463531,92.217545,91.192085
1024,8.533333,-0.006132,0.595746,0.020761,0.802881,-196.492432,92.216896,91.114861
1025,8.541667,-0.007955,0.595720,0.020236,0.802898,-196.517624,92.218933,91.047165
1026,8.550000,-0.009518,0.595618,0.019662,0.802971,-196.544815,92.229378,90.989456
1027,8.558333,-0.010809,0.595597,0.019745,0.802968,-196.569046,92.235031,90.948799
1028,8.566667,-0.011885,0.595560,0.020273,0.802967,-196.591156,92.237160,90.927925
1029,8.575000,-0.012717,0.595468,0.020727,0.803011,-196.613007,92.238228,90.924690
1030,8.583333,-0.013601,0.595439,0.022438,0.802972,-196.636414,92.248360,90.928360
1031,8.591667,-0.013653,0.595235,0.022927,0.803109,-196.648712,92.249565,90.937271
1032,8.600000,-0.012878,0.594803,0.022613,0.803450,-196.650909,92.241982,90.953880
1033,8.608333,-0.011893,0.594417,0.022461,0.803755,-196.640274,92.235031,90.974136
1034,8.616667,-0.010995,0.593869,0.022123,0.804182,-196.621811,92.233185,90.999397
1035,8.625000,-0.009659,0.593420,0.021332,0.804552,-196.588379,92.224464,91.034828
1036,8.633333,-0.009181,0.593895,0.020386,0.804232,-196.533173,92.225830,91.082207
1037,8.641667,-0.006237,0.593724,0.020742,0.804377,-196.494934,92.210350,91.146461
1038,8.650000,-0.003240,0.593589,0.020881,0.804491,-196.454086,92.209831,91.205612
1039,8.658333,-0.000987,0.593264,0.020614,0.804744,-196.424530,92.223984,91.259392
1040,8.666667,0.000527,0.593563,0.021338,0.804505,-196.406342,92.223640,91.313324
1041,8.675000,0.001004,0.593812,0.022469,0.804289,-196.407883,92.221390,91.356125
1042,8.683333,0.001641,0.593806,0.023262,0.804270,-196.417648,92.221054,91.388458
1043,8.691667,0.001980,0.593841,0.023902,0.804225,-196.425934,92.221031,91.410446
1044,8.700000,0.002139,0.594044,0.024359,0.804061,-196.432846,92.220291,91.421776
1045,8.708333,0.001980,0.594357,0.024563,0.803823,-196.440247,92.221275,91.422234
1046,8.716667,0.001610,0.594641,0.024652,0.803612,-196.445679,92.221527,91.406441
1047,8.725000,0.001081,0.594843,0.024012,0.803482,-196.451233,92.221771,91.381882
1048,8.733333,0.000486,0.595158,0.023441,0.803267,-196.457550,92.221191,91.348175
1049,8.741667,-0.000714,0.595608,0.022752,0.802953,-196.465973,92.221748,91.300873
1050,8.750000,-0.002847,0.596133,0.021643,0.802589,-196.474442,92.217842,91.240112
1051,8.758333,-0.004913,0.596947,0.021123,0.801987,-196.478119,92.209892,91.169998
1052,8.766667,-0.006715,0.597096,0.019958,0.801893,-196.490067,92.215714,91.100662
1053,8.775000,-0.008140,0.596923,0.019280,0.802026,-196.502563,92.219162,91.040565
1054,8.783333,-0.009226,0.596572,0.018845,0.802286,-196.518875,92.226837,90.991905
1055,8.791667,-0.010059,0.596349,0.018535,0.802448,-196.532959,92.231438,90.959831
1056,8.800000,-0.010752,0.596089,0.018518,0.802632,-196.545471,92.233521,90.943756
1057,8.808333,-0.011035,0.595915,0.018890,0.802749,-196.557480,92.232986,90.941025
1058,8.816667,-0.011037,0.595698,0.019225,0.802903,-196.568405,92.228867,90.950783
1059,8.825000,-0.011046,0.595270,0.020704,0.803183,-196.582870,92.229210,90.982140
1060,8.833333,-0.010270,0.594804,0.021025,0.803530,-196.591095,92.224762,91.017899
1061,8.841667,-0.008860,0.594750,0.021773,0.803567,-196.593918,92.217850,91.071365
1062,8.850000,-0.007626,0.594748,0.022377,0.803565,-196.589569,92.217049,91.130272
1063,8.858333,-0.005850,0.594379,0.023035,0.803834,-196.570374,92.207977,91.195877
1064,8.866667,-0.004426,0.593904,0.023432,0.804183,-196.548004,92.203156,91.248230
1065,8.875000,-0.002623,0.593346,0.023431,0.804602,-196.524796,92.207466,91.287132
1066,8.883333,-0.000976,0.592775,0.023415,0.805027,-196.497971,92.213806,91.320511
1067,8.891667,0.000390,0.592425,0.023592,0.805280,-196.471161,92.217911,91.345253
1068,8.900000,0.000807,0.592323,0.023464,0.805358,-196.446304,92.219200,91.359718
1069,8.908333,0.001056,0.592245,0.022954,0.805431,-196.423080,92.220192,91.355949
1070,8.916667,0.001392,0.592205,0.022331,0.805477,-196.408005,92.224113,91.345398
1071,8.925000,0.000926,0.592117,0.021667,0.805560,-196.406769,92.226204,91.329155
1072,8.933333,0.000451,0.592000,0.021178,0.805659,-196.423370,92.227974,91.306725
1073,8.941667,-0.000813,0.592020,0.021343,0.805640,-196.453812,92.226181,91.279480
1074,8.950000,-0.002864,0.592279,0.022217,0.805422,-196.486481,92.216095,91.243591
1075,8.958333,-0.004688,0.592525,0.022390,0.805228,-196.519958,92.210846,91.197311
1076,8.966667,-0.006864,0.592553,0.022236,0.805195,-196.548721,92.214783,91.145950
1077,8.975000,-0.008251,0.592550,0.021966,0.805192,-196.566345,92.217918,91.093285
1078,8.983333,-0.009198,0.592450,0.021031,0.805280,-196.573334,92.221016,91.046234
1079,8.991667,-0.009714,0.592390,0.020505,0.805332,-196.573059,92.222038,91.014778
1080,9.000000,-0.009798,0.592407,0.020241,0.805325,-196.572174,92.223366,90.998276
1081,9.008333,-0.009989,0.592493,0.020252,0.805259,-196.574783,92.225304,90.995972
1082,9.016667,-0.009843,0.592376,0.020508,0.805340,-196.576614,92.224678,91.006149
1083,9.025000,-0.009690,0.592285,0.020731,0.805403,-196.578461,92.223343,91.027908
1084,9.033333,-0.008933,0.592195,0.021221,0.805465,-196.576508,92.220154,91.061317
1085,9.041667,-0.007851,0.592061,0.021683,0.805564,-196.562393,92.213928,91.104744
1086,9.050000,-0.006458,0.591866,0.021720,0.805718,-196.539261,92.207832,91.155167
1087,9.058333,-0.004491,0.591624,0.021833,0.805906,-196.507721,92.206261,91.200882
1088,9.066667,-0.002623,0.591075,0.021454,0.806327,-196.471329,92.207054,91.239365
1089,9.075000,-0.001301,0.590603,0.021252,0.806681,-196.443817,92.217346,91.268631
1090,9.083333,-0.000341,0.590473,0.021431,0.806772,-196.434433,92.224800,91.293488
1091,9.091667,0.000260,0.590570,0.021936,0.806688,-196.437607,92.226166,91.316002
1092,9.100000,0.000475,0.590688,0.022355,0.806591,-196.442719,92.223701,91.326660
1093,9.108333,0.000232,0.590799,0.022463,0.806506,-196.446945,92.221703,91.323662
1094,9.116667,-0.000126,0.590826,0.022230,0.806493,-196.449478,92.223801,91.306641
1095,9.125000,-0.000880,0.590794,0.021763,0.806529,-196.449738,92.222939,91.278336
1096,9.133333,-0.001795,0.590932,0.021623,0.806429,-196.456512,92.217354,91.241829
1097,9.141667,-0.003652,0.591155,0.021459,0.806264,-196.474289,92.211349,91.192406
1098,9.150000,-0.005644,0.591333,0.021097,0.806132,-196.492340,92.208794,91.140488
1099,9.158333,-0.008106,0.591776,0.019980,0.805814,-196.496277,92.221954,91.091599
1100,9.166667,-0.009699,0.591688,0.019267,0.805879,-196.513657,92.231728,91.056862
1101,9.175000,-0.009360,0.591586,0.019973,0.805940,-196.530960,92.224762,91.046051
1102,9.183333,-0.009085,0.591442,0.020346,0.806039,-196.548645,92.221382,91.044037
1103,9.191667,-0.009119,0.591441,0.020763,0.806030,-196.561829,92.217583,91.054604
1104,9.200000,-0.009027,0.591373,0.021235,0.806068,-196.570175,92.215591,91.076645
1105,9.208333,-0.008534,0.591279,0.021783,0.806128,-196.569901,92.213234,91.106575
1106,9.216667,-0.007607,0.591217,0.022052,0.806175,-196.560898,92.210754,91.139900
1107,9.225000,-0.006039,0.591264,0.022080,0.806153,-196.538895,92.204239,91.180199
1108,9.233333,-0.004253,0.591082,0.022104,0.806297,-196.511826,92.202431,91.215378
1109,9.241667,-0.002560,0.590613,0.021973,0.806652,-196.480179,92.206169,91.242027
1110,9.250000,-0.001768,0.590198,0.021629,0.806967,-196.452011,92.214195,91.257881
1111,9.258333,-0.001257,0.589953,0.021254,0.807157,-196.435181,92.221603,91.266571
1112,9.266667,-0.000944,0.589921,0.021123,0.807184,-196.433014,92.223518,91.269806
1113,9.275000,-0.001512,0.590019,0.021522,0.807101,-196.445053,92.220024,91.269203
1114,9.283333,-0.001923,0.590189,0.022175,0.806958,-196.465042,92.216888,91.257324
1115,9.291667,-0.002977,0.590226,0.022341,0.806923,-196.482971,92.212448,91.232712
1116,9.300000,-0.004249,0.590448,0.022220,0.806759,-196.500610,92.210114,91.200340
1117,9.308333,-0.005792,0.590648,0.021675,0.806618,-196.516068,92.209206,91.160980
1118,9.316667,-0.007005,0.590691,0.021309,0.806586,-196.521347,92.208710,91.125320
1119,9.325000,-0.008676,0.591164,0.020111,0.806254,-196.510529,92.221298,91.093239
1120,9.333333,-0.009617,0.591296,0.019404,0.806164,-196.507553,92.229637,91.073952
1121,9.341667,-0.010182,0.591290,0.019028,0.806170,-196.510559,92.236771,91.068489
1122,9.350000,-0.010389,0.591331,0.018728,0.806144,-196.513016,92.242783,91.075531
1123,9.358333,-0.010440,0.591128,0.018560,0.806297,-196.516281,92.246605,91.099129
1124,9.366667,-0.006216,0.591415,0.021210,0.806065,-196.498322,92.208771,91.161713
1125,9.375000,-0.004531,0.591285,0.021619,0.806160,-196.488602,92.206337,91.198280
1126,9.383333,-0.003066,0.591054,0.021611,0.806337,-196.475525,92.207153,91.226288
1127,9.391667,-0.002013,0.590796,0.021653,0.806528,-196.460159,92.211807,91.244217
1128,9.400000,-0.001818,0.590533,0.021471,0.806726,-196.447556,92.214813,91.253906
1129,9.408333,-0.001898,0.590447,0.021484,0.806788,-196.446472,92.216988,91.256218
1130,9.416667,-0.002016,0.590568,0.021675,0.806694,-196.449844,92.216400,91.250694
1131,9.425000,-0.002286,0.590662,0.021613,0.806626,-196.453232,92.215363,91.232773
1132,9.433333,-0.003069,0.590704,0.021511,0.806596,-196.458054,92.211296,91.211014
1133,9.441667,-0.004087,0.590784,0.021370,0.806536,-196.469147,92.209419,91.183830
1134,9.450000,-0.005414,0.590861,0.021030,0.806481,-196.481674,92.208908,91.152351
1135,9.458333,-0.007127,0.591315,0.020256,0.806155,-196.481689,92.217941,91.125618
1136,9.466667,-0.008144,0.591320,0.019790,0.806153,-196.489792,92.223938,91.109367
1137,9.475000,-0.008856,0.591219,0.019466,0.806228,-196.500153,92.230331,91.105537
1138,9.483333,-0.007295,0.591077,0.020557,0.806320,-196.507599,92.213226,91.129128
1139,9.491667,-0.006113,0.590864,0.021039,0.806474,-196.510712,92.204376,91.153160
1140,9.500000,-0.005062,0.590766,0.021407,0.806543,-196.502304,92.202576,91.177902
1141,9.508333,-0.004109,0.590638,0.021543,0.806639,-196.489212,92.204048,91.195488
1142,9.516667,-0.003296,0.590372,0.021469,0.806839,-196.473114,92.207649,91.205818
1143,9.525000,-0.003000,0.590211,0.021308,0.806962,-196.459457,92.210098,91.211006
1144,9.533333,-0.002792,0.590129,0.021206,0.807026,-196.457153,92.211311,91.213623
1145,9.541667,-0.002935,0.590194,0.021418,0.806972,-196.462891,92.210686,91.213379
1146,9.550000,-0.003265,0.590324,0.021505,0.806873,-196.469574,92.209740,91.209412
1147,9.558333,-0.003752,0.590488,0.021433,0.806753,-196.474564,92.208817,91.198341
1148,9.566667,-0.004288,0.590523,0.021435,0.806725,-196.477478,92.208435,91.180305
1149,9.575000,-0.005131,0.590629,0.021126,0.806650,-196.477463,92.208847,91.157677
1150,9.583333,-0.005795,0.590679,0.020736,0.806620,-196.479477,92.210526,91.138603
1151,9.591667,-0.006090,0.590679,0.020505,0.806623,-196.480927,92.209419,91.130920
1152,9.600000,-0.005866,0.590588,0.020521,0.806691,-196.481918,92.206757,91.139267
1153,9.608333,-0.005450,0.590495,0.020627,0.806759,-196.482803,92.206123,91.156021
1154,9.616667,-0.004670,0.590458,0.020918,0.806784,-196.480728,92.205025,91.170921
1155,9.625000,-0.004227,0.590371,0.021207,0.806842,-196.477554,92.207802,91.181458
1156,9.633333,-0.003960,0.590326,0.021331,0.806874,-196.472794,92.208656,91.186180
1157,9.641667,-0.003940,0.590219,0.021134,0.806957,-196.470184,92.209412,91.185707
1158,9.650000,-0.004043,0.590295,0.021271,0.806897,-196.474091,92.210526,91.180054
1159,9.658333,-0.004480,0.590350,0.021179,0.806857,-196.477386,92.208160,91.172569
1160,9.666667,-0.005096,0.590471,0.020981,0.806770,-196.479172,92.208649,91.158234
1161,9.675000,-0.005656,0.590452,0.020739,0.806786,-196.483200,92.208008,91.144142
1162,9.683333,-0.005878,0.590465,0.020697,0.806776,-196.489853,92.208519,91.141220
1163,9.691667,-0.005801,0.590460,0.020833,0.806777,-196.493668,92.207169,91.147705
1164,9.700000,-0.005653,0.590421,0.021028,0.806801,-196.493835,92.204414,91.158852
1165,9.708333,-0.005207,0.590350,0.021165,0.806853,-196.492767,92.205879,91.165268
1166,9.716667,-0.005185,0.590341,0.021252,0.806857,-196.488480,92.207306,91.164650
1167,9.725000,-0.005200,0.590198,0.021006,0.806968,-196.482269,92.207184,91.159660
1168,9.733333,-0.005232,0.590194,0.020750,0.806978,-196.478012,92.208328,91.151459
1169,9.741667,-0.005529,0.590213,0.020673,0.806964,-196.480316,92.208244,91.145775
1170,9.750000,-0.005616,0.590263,0.020709,0.806926,-196.487442,92.207161,91.148682
1171,9.758333,-0.005679,0.590262,0.021007,0.806918,-196.491928,92.206665,91.151443
1172,9.766667,-0.005751,0.590158,0.021186,0.806989,-196.492859,92.207489,91.151596
1173,9.775000,-0.005696,0.590155,0.021065,0.806995,-196.490372,92.207672,91.148338
1174,9.783333,-0.005569,0.590206,0.020791,0.806966,-196.484818,92.206642,91.148201
1175,9.791667,-0.005478,0.590267,0.020792,0.806922,-196.480728,92.207260,91.150993
1176,9.800000,-0.005339,0.590291,0.020764,0.806906,-196.481659,92.208588,91.152779
1177,9.808333,-0.005470,0.590225,0.020757,0.806953,-196.482834,92.207535,91.150513
1178,9.816667,-0.005523,0.590240,0.020792,0.806941,-196.484238,92.207924,91.148552
1179,9.825000,-0.005516,0.590257,0.020763,0.806930,-196.485062,92.207649,91.149750
1180,9.833333,-0.005663,0.590251,0.020854,0.806930,-196.485031,92.207794,91.149124
1181,9.841667,-0.005611,0.590216,0.020766,0.806959,-196.484222,92.207260,91.151031
1182,9.850000,-0.005400,0.590220,0.020772,0.806957,-196.483383,92.207390,91.151756
1183,9.858333,-0.005451,0.590261,0.020666,0.806929,-196.482010,92.206505,91.152565
1184,9.866667,-0.005500,0.590232,0.020775,0.806947,-196.482330,92.207016,91.152512
1185,9.875000,-0.005386,0.590247,0.020706,0.806939,-196.482559,92.207352,91.152122
1186,9.883333,-0.005389,0.590270,0.020751,0.806921,-196.482849,92.207191,91.152435
1187,9.891667,-0.005476,0.590243,0.020721,0.806941,-196.482773,92.207260,91.152481
1188,9.900000,-0.005526,0.590235,0.020813,0.806945,-196.482117,92.207420,91.151962
1189,9.908333,-0.005410,0.590246,0.020861,0.806936,-196.482101,92.207291,91.151878
1190,9.916667,-0.005448,0.590240,0.020794,0.806942,-196.482666,92.208015,91.151176
1191,9.925000,-0.005484,0.590270,0.020831,0.806918,-196.482773,92.207245,91.150970
1192,9.933333,-0.005424,0.590261,0.020721,0.806928,-196.483429,92.207375,91.150856
1193,9.941667,-0.005417,0.590282,0.020819,0.806910,-196.483200,92.207947,91.150063
1194,9.950000,-0.005390,0.590232,0.020753,0.806949,-196.483353,92.207687,91.150383
1195,9.958333,-0.005406,0.590254,0.020681,0.806934,-196.484024,92.207649,91.150314
1196,9.966667,-0.005365,0.590250,0.020771,0.806935,-196.484375,92.206879,91.150024
1197,9.975000,-0.005403,0.590234,0.020718,0.806948,-196.485214,92.207397,91.150780
1198,9.983333,-0.005370,0.590251,0.020797,0.806934,-196.485413,92.207024,91.151070
1199,9.991667,-0.005503,0.590228,0.020780,0.806950,-196.485687,92.206535,91.151283
1200,10.000000,-0.005514,0.590214,0.020780,0.806960,-196.485886,92.206566,91.152863
1201,10.008333,-0.005452,0.590228,0.020751,0.806951,-196.486877,92.207184,91.153351
1202,10.016667,-0.005393,0.590235,0.020713,0.806948,-196.487411,92.207260,91.153175
1203,10.025000,-0.005371,0.590270,0.020642,0.806924,-196.487549,92.207108,91.153214
1204,10.033333,-0.005429,0.590262,0.020668,0.806929,-196.487823,92.206268,91.153862
1205,10.041667,-0.005437,0.590273,0.020620,0.806922,-196.488541,92.208115,91.153221
1206,10.050000,-0.005433,0.590221,0.020667,0.806958,-196.488708,92.206940,91.153473
1207,10.058333,-0.005282,0.590229,0.020799,0.806951,-196.488937,92.208076,91.153664
1208,10.066667,-0.005444,0.590216,0.020849,0.806958,-196.489502,92.207840,91.153732
1209,10.075000,-0.005506,0.590231,0.020804,0.806948,-196.489700,92.207886,91.154259
1210,10.083333,-0.005429,0.590204,0.020786,0.806968,-196.489914,92.208672,91.153458
1211,10.091667,-0.005333,0.590175,0.020808,0.806990,-196.490860,92.209488,91.154266
1212,10.100000,-0.005387,0.590201,0.020765,0.806971,-196.490662,92.208344,91.154305
1213,10.108333,-0.005491,0.590225,0.020778,0.806953,-196.491287,92.208427,91.153908
1214,10.116667,-0.005434,0.590212,0.020839,0.806961,-196.490829,92.208221,91.153160
1215,10.125000,-0.005379,0.590194,0.020763,0.806977,-196.491165,92.207779,91.153008
1216,10.133333,-0.005427,0.590221,0.020864,0.806954,-196.490997,92.208626,91.152885
1217,10.141667,-0.005424,0.590190,0.020755,0.806979,-196.490646,92.207954,91.153946
1218,10.150000,-0.005527,0.590195,0.020860,0.806972,-196.490784,92.209282,91.153702
1219,10.158333,-0.005389,0.590202,0.020733,0.806971,-196.491058,92.208969,91.154686
1220,10.166667,-0.005527,0.590193,0.020669,0.806978,-196.490677,92.207893,91.154739
1221,10.175000,-0.005471,0.590240,0.020719,0.806944,-196.490158,92.207054,91.154465
1222,10.183333,-0.005551,0.590221,0.020802,0.806954,-196.490829,92.208061,91.154953
1223,10.191667,-0.005530,0.590178,0.020792,0.806987,-196.490585,92.207603,91.155357
1224,10.200000,-0.005322,0.590218,0.020881,0.806956,-196.491074,92.208412,91.154762
1225,10.208333,-0.005462,0.590199,0.020820,0.806971,-196.491608,92.208725,91.155006
1226,10.216667,-0.005452,0.590217,0.020789,0.806958,-196.492661,92.209312,91.155167
1227,10.225000,-0.005500,0.590222,0.020806,0.806954,-196.493057,92.209099,91.155228
1228,10.233333,-0.005429,0.590212,0.020953,0.806958,-196.493500,92.209122,91.154938
1229,10.241667,-0.005444,0.590212,0.020880,0.806960,-196.494080,92.208908,91.155121
1230,10.250000,-0.005407,0.590203,0.020830,0.806968,-196.495026,92.208984,91.155228
1231,10.258333,-0.005532,0.590186,0.020801,0.806980,-196.495132,92.208824,91.154984
1232,10.266667,-0.005497,0.590212,0.020813,0.806962,-196.495178,92.208519,91.155716
1233,10.275000,-0.005409,0.590082,0.020725,0.807059,-196.497086,92.208832,91.151443
1234,10.283333,-0.005882,0.589972,0.020718,0.807136,-196.497604,92.206352,91.147133
1235,10.291667,-0.006177,0.589937,0.020709,0.807160,-196.497437,92.204613,91.144104
1236,10.300000,-0.006550,0.589834,0.020598,0.807235,-196.497253,92.202942,91.142395
1237,10.308333,-0.006372,0.589821,0.020635,0.807245,-196.497040,92.202919,91.141449
1238,10.316667,-0.006132,0.589759,0.020579,0.807294,-196.497513,92.203560,91.140373
1239,10.325000,-0.006161,0.589748,0.020611,0.807300,-196.497086,92.204247,91.140129
1240,10.333333,-0.006036,0.589747,0.020654,0.807302,-196.497696,92.205360,91.140816
1241,10.341667,-0.006229,0.589761,0.020686,0.807289,-196.497864,92.205276,91.141731
1242,10.350000,-0.006152,0.589751,0.020710,0.807296,-196.498215,92.204346,91.142288
