Format Version,1.25,Take Name,Take 2025-11-27 05.10.20 PM,Take Notes,,Capture Frame Rate,120.000000,Export Frame Rate,120.000000,Capture Start Time,2025-11-27 05.10.20.938 PM,Capture Start Frame,42577,Total Frames in Take,1318,Total Exported Frames,1318,Rotation Type,Quaternion,Length Units,Centimeters,Coordinate Space,Global

,Type,Rigid Body,Rigid Body,Rigid Body,Rigid Body,Rigid Body,Rigid Body,Rigid Body
,Name,SEE_large,SEE_large,SEE_large,SEE_large,SEE_large,SEE_large,SEE_large
,ID,B4680608301811F031C44B617C10C291,B4680608301811F031C44B617C10C291,B4680608301811F031C44B617C10C291,B4680608301811F031C44B617C10C291,B4680608301811F031C44B617C10C291,B4680608301811F031C44B617C10C291,B4680608301811F031C44B617C10C291
,Parent,,,,,,,
,,Rotation,Rotation,Rotation,Rotation,Position,Position,Position
Frame,Time (Seconds),X,Y,Z,W,X,Y,Z
0,0.000000,-0.006074,0.404549,0.011962,0.914418,-215.870285,92.210472,83.997047
1,0.008333,-0.006157,0.404571,0.011906,0.914409,-215.869766,92.210648,83.996910
2,0.016667,-0.006178,0.404599,0.011868,0.914396,-215.869141,92.210976,83.996346
3,0.025000,-0.006306,0.404600,0.011948,0.914394,-215.868958,92.211380,83.995636
4,0.033333,-0.006240,0.404560,0.011968,0.914412,-215.868805,92.213303,83.995354
5,0.041667,-0.006135,0.404507,0.011958,0.914436,-215.868118,92.211197,83.994263
6,0.050000,-0.006184,0.404476,0.012067,0.914448,-215.869720,92.211998,83.995842
7,0.058333,-0.006193,0.404493,0.012023,0.914441,-215.869431,92.211884,83.994675
8,0.066667,-0.006162,0.404521,0.011960,0.914430,-215.869812,92.211433,83.993980
9,0.075000,-0.006171,0.404530,0.011874,0.914427,-215.870743,92.211624,83.992744
10,0.083333,-0.006279,0.404520,0.011868,0.914431,-215.871552,92.211899,83.992722
11,0.091667,-0.006278,0.404513,0.011858,0.914434,-215.872314,92.212349,83.993713
12,0.100000,-0.006140,0.404555,0.011843,0.914416,-215.872986,92.210938,83.994598
13,0.108333,-0.006056,0.404555,0.012000,0.914415,-215.873306,92.211273,83.996315
14,0.116667,-0.006030,0.404572,0.011965,0.914408,-215.873932,92.211510,83.996597
15,0.125000,-0.006159,0.404588,0.011938,0.914400,-215.874237,92.211174,83.997086
16,0.133333,-0.006287,0.404524,0.011970,0.914427,-215.873962,92.211113,83.997574
17,0.141667,-0.006417,0.404584,0.011971,0.914400,-215.873627,92.210190,83.999596
18,0.150000,-0.006334,0.404524,0.012015,0.914427,-215.872452,92.209991,83.998856
19,0.158333,-0.006127,0.404522,0.012013,0.914429,-215.871567,92.209694,83.998466
20,0.166667,-0.006104,0.404517,0.011959,0.914432,-215.871506,92.210365,83.998451
21,0.175000,-0.006122,0.404530,0.011936,0.914426,-215.871521,92.210915,83.997711
22,0.183333,-0.006134,0.404518,0.011893,0.914432,-215.871399,92.209740,83.997467
23,0.191667,-0.006212,0.404500,0.011949,0.914439,-215.871246,92.210228,83.995895
24,0.200000,-0.006453,0.404561,0.011716,0.914413,-215.872574,92.211304,83.997406
25,0.208333,-0.006476,0.404518,0.011805,0.914431,-215.873367,92.211540,83.994850
26,0.216667,-0.006474,0.404570,0.011822,0.914408,-215.874435,92.211761,83.996429
27,0.225000,-0.006277,0.404542,0.011797,0.914422,-215.874619,92.211464,83.994865
28,0.233333,-0.006387,0.404029,0.010440,0.914665,-215.881088,92.223000,83.989624
29,0.241667,-0.006102,0.404561,0.011731,0.914415,-215.874481,92.213440,83.997322
30,0.250000,-0.006078,0.404609,0.011579,0.914396,-215.874268,92.214516,83.998688
31,0.258333,-0.006141,0.404572,0.011653,0.914411,-215.875656,92.213448,83.999367
32,0.266667,-0.006412,0.404637,0.011757,0.914379,-215.877457,92.211899,83.999756
33,0.275000,-0.006410,0.404576,0.011735,0.914407,-215.878586,92.210838,84.000168
34,0.283333,-0.006262,0.404547,0.011882,0.914419,-215.878052,92.210861,83.999031
35,0.291667,-0.005979,0.404538,0.011960,0.914424,-215.876938,92.211655,84.000511
36,0.300000,-0.006161,0.404564,0.011880,0.914412,-215.876465,92.211876,83.999687
37,0.308333,-0.006284,0.404546,0.011990,0.914418,-215.875702,92.211761,83.998604
38,0.316667,-0.006478,0.404535,0.012106,0.914420,-215.876648,92.211517,84.000549
39,0.325000,-0.006319,0.404488,0.012066,0.914442,-215.875595,92.210983,83.998230
40,0.333333,-0.006122,0.404517,0.011914,0.914432,-215.874893,92.211098,83.997002
41,0.341667,-0.006373,0.404603,0.011718,0.914395,-215.876129,92.209785,83.998146
42,0.350000,-0.006276,0.404524,0.011817,0.914429,-215.876129,92.210457,83.996910
43,0.358333,-0.006271,0.404471,0.011831,0.914453,-215.876480,92.210999,83.996010
44,0.366667,-0.006120,0.404554,0.011807,0.914418,-215.877533,92.211250,83.996407
45,0.375000,-0.006273,0.404595,0.011788,0.914398,-215.878983,92.210411,83.998039
46,0.383333,-0.006237,0.404504,0.011891,0.914438,-215.879105,92.210800,83.998047
47,0.391667,-0.006056,0.404493,0.011968,0.914443,-215.879105,92.210320,83.998779
48,0.400000,-0.006027,0.404475,0.011940,0.914451,-215.879517,92.210655,83.999306
49,0.408333,-0.006215,0.404553,0.011843,0.914417,-215.881012,92.209244,84.001747
50,0.416667,-0.006213,0.404537,0.011894,0.914423,-215.879776,92.209717,84.000778
51,0.425000,-0.006111,0.404528,0.011792,0.914429,-215.878922,92.210274,83.999725
52,0.433333,-0.006248,0.404615,0.011789,0.914390,-215.878418,92.209656,84.000641
53,0.441667,-0.006456,0.404605,0.011840,0.914392,-215.877869,92.208687,84.000504
54,0.450000,-0.006289,0.404506,0.011911,0.914436,-215.876343,92.209579,83.999809
55,0.458333,-0.006236,0.404450,0.012074,0.914459,-215.875290,92.211967,83.998665
56,0.466667,-0.006168,0.404477,0.012008,0.914449,-215.875275,92.212013,83.998253
57,0.475000,-0.006254,0.404451,0.012068,0.914459,-215.875244,92.212616,83.997734
58,0.483333,-0.006183,0.404533,0.011952,0.914424,-215.874725,92.212189,83.996758
59,0.491667,-0.006084,0.404480,0.011827,0.914450,-215.874649,92.211655,83.996407
60,0.500000,-0.006075,0.404483,0.011828,0.914449,-215.875031,92.211639,83.995422
61,0.508333,-0.006088,0.404502,0.011962,0.914439,-215.875458,92.210503,83.996147
62,0.516667,-0.006196,0.404508,0.011945,0.914435,-215.875839,92.210403,83.996681
63,0.525000,-0.006285,0.404531,0.011951,0.914425,-215.876862,92.210594,83.996925
64,0.533333,-0.006223,0.404467,0.011785,0.914455,-215.877289,92.210518,83.997482
65,0.541667,-0.006110,0.404518,0.011860,0.914433,-215.877716,92.210548,83.997498
66,0.550000,-0.006094,0.404503,0.011934,0.914438,-215.877716,92.210320,83.998039
67,0.558333,-0.006117,0.404534,0.011972,0.914424,-215.877609,92.210953,83.999046
68,0.566667,-0.006322,0.404595,0.011883,0.914397,-215.878174,92.209671,83.999329
69,0.575000,-0.006184,0.404537,0.011827,0.914424,-215.876556,92.209816,83.998039
70,0.583333,-0.006219,0.404513,0.011845,0.914434,-215.875702,92.209717,83.997498
71,0.591667,-0.006124,0.404510,0.011878,0.914436,-215.875168,92.210587,83.997833
72,0.600000,-0.006238,0.404568,0.011841,0.914410,-215.875000,92.210625,83.998749
73,0.608333,-0.006168,0.404525,0.011898,0.914429,-215.874069,92.209877,83.997932
74,0.616667,-0.006156,0.404520,0.011793,0.914432,-215.873901,92.210579,83.996147
75,0.625000,-0.006054,0.404524,0.011775,0.914431,-215.872910,92.210464,83.996025
76,0.633333,-0.006143,0.404536,0.011826,0.914425,-215.872879,92.211617,83.995216
77,0.641667,-0.006162,0.404521,0.011823,0.914431,-215.873306,92.211235,83.995476
78,0.650000,-0.006111,0.404535,0.011995,0.914423,-215.872711,92.210617,83.994553
79,0.658333,-0.006128,0.404514,0.011920,0.914434,-215.873138,92.210983,83.995682
80,0.666667,-0.006121,0.404517,0.011930,0.914432,-215.873032,92.211060,83.995178
81,0.675000,-0.006190,0.404505,0.011887,0.914438,-215.873001,92.210678,83.995728
82,0.683333,-0.006120,0.404457,0.011974,0.914458,-215.873215,92.209915,83.995911
83,0.691667,-0.006068,0.404506,0.012008,0.914436,-215.873505,92.211136,83.996979
84,0.700000,-0.006169,0.404505,0.012083,0.914435,-215.873337,92.210869,83.996460
85,0.708333,-0.006151,0.404520,0.011958,0.914430,-215.872223,92.211006,83.995682
86,0.716667,-0.006125,0.404557,0.011933,0.914415,-215.871506,92.212242,83.995491
87,0.725000,-0.006193,0.404538,0.011902,0.914423,-215.870743,92.212097,83.994644
88,0.733333,-0.006090,0.404534,0.011852,0.914426,-215.870850,92.211151,83.995361
89,0.741667,-0.006080,0.404546,0.011957,0.914419,-215.870163,92.210564,83.995506
90,0.750000,-0.006176,0.404539,0.011935,0.914422,-215.869781,92.210922,83.995605
91,0.758333,-0.006173,0.404575,0.011949,0.914406,-215.868805,92.211205,83.994949
92,0.766667,-0.006082,0.404524,0.011969,0.914429,-215.868118,92.211067,83.994453
93,0.775000,-0.006155,0.404567,0.011990,0.914409,-215.867279,92.211365,83.994789
94,0.783333,-0.006156,0.404573,0.011922,0.914407,-215.866928,92.210915,83.994446
95,0.791667,-0.006147,0.404593,0.011927,0.914398,-215.865829,92.211105,83.993988
96,0.800000,-0.006111,0.404617,0.011894,0.914388,-215.864655,92.211678,83.993896
97,0.808333,-0.006103,0.404551,0.011993,0.914417,-215.864304,92.212067,83.995186
98,0.816667,-0.006249,0.404524,0.012143,0.914425,-215.864639,92.212532,83.996330
99,0.825000,-0.006187,0.404553,0.012081,0.914414,-215.865234,92.211357,83.996490
100,0.833333,-0.006257,0.404509,0.012096,0.914433,-215.866470,92.212059,83.996857
101,0.841667,-0.006213,0.404524,0.012023,0.914427,-215.866714,92.211243,83.996597
102,0.850000,-0.006129,0.404545,0.011964,0.914419,-215.868027,92.210770,83.997169
103,0.858333,-0.006084,0.404536,0.011949,0.914424,-215.869431,92.211349,83.997238
104,0.866667,-0.006069,0.404514,0.011954,0.914434,-215.870834,92.210632,83.997322
105,0.875000,-0.006302,0.404604,0.011878,0.914393,-215.873215,92.209747,83.998505
106,0.883333,-0.006486,0.404693,0.011869,0.914353,-215.874649,92.209595,83.997635
107,0.891667,-0.006288,0.404546,0.011908,0.914419,-215.874359,92.210518,83.995544
108,0.900000,-0.006266,0.404524,0.011938,0.914428,-215.874268,92.212318,83.994835
109,0.908333,-0.006175,0.404467,0.011916,0.914454,-215.874054,92.211952,83.994385
110,0.916667,-0.006094,0.404486,0.011895,0.914446,-215.873978,92.211273,83.994354
111,0.925000,-0.006144,0.404551,0.011863,0.914418,-215.873260,92.211601,83.994011
112,0.933333,-0.006104,0.404570,0.011951,0.914408,-215.871735,92.210701,83.994255
113,0.941667,-0.006069,0.404550,0.011920,0.914418,-215.871338,92.210159,83.995567
114,0.950000,-0.006018,0.404557,0.012023,0.914414,-215.870575,92.210732,83.995667
115,0.958333,-0.006063,0.404466,0.011935,0.914455,-215.870071,92.210861,83.995972
116,0.966667,-0.006318,0.404541,0.012127,0.914418,-215.871475,92.211403,83.995232
117,0.975000,-0.006531,0.404304,0.012218,0.914520,-215.875763,92.213295,83.992645
118,0.983333,-0.006903,0.403443,0.010658,0.914917,-215.887741,92.226349,83.983261
119,0.991667,-0.007261,0.402829,0.009428,0.915198,-215.896851,92.237053,83.974510
120,1.000000,-0.007700,0.402652,0.008909,0.915278,-215.905457,92.242867,83.974670
121,1.008333,-0.007846,0.402596,0.009095,0.915299,-215.917038,92.245453,83.977806
122,1.016667,-0.007846,0.402701,0.009682,0.915247,-215.929230,92.243782,83.979752
123,1.025000,-0.007981,0.402655,0.009936,0.915263,-215.945129,92.244110,83.981613
124,1.033333,-0.007872,0.402519,0.010294,0.915320,-215.957550,92.244278,83.979851
125,1.041667,-0.007616,0.402506,0.010789,0.915322,-215.971115,92.242813,83.981018
126,1.050000,-0.007520,0.402511,0.011281,0.915315,-215.986038,92.243446,83.983765
127,1.058333,-0.007684,0.402552,0.011872,0.915288,-215.999649,92.241516,83.985481
128,1.066667,-0.007909,0.402595,0.012277,0.915262,-216.011780,92.241844,83.987801
129,1.075000,-0.008087,0.402551,0.012633,0.915275,-216.023560,92.240875,83.988747
130,1.083333,-0.008228,0.402555,0.012833,0.915269,-216.034607,92.240959,83.990990
131,1.091667,-0.008259,0.402558,0.013070,0.915264,-216.042511,92.239594,83.995140
132,1.100000,-0.008234,0.402527,0.013301,0.915275,-216.048340,92.238716,83.997581
133,1.108333,-0.008330,0.402559,0.013464,0.915257,-216.051743,92.239586,83.999687
134,1.116667,-0.008256,0.402497,0.013467,0.915285,-216.055725,92.239845,84.000626
135,1.125000,-0.008384,0.402437,0.013570,0.915309,-216.060501,92.240295,84.002701
136,1.133333,-0.008365,0.402472,0.013527,0.915294,-216.068176,92.241791,84.004539
137,1.141667,-0.008343,0.402522,0.013943,0.915266,-216.076736,92.242279,84.006775
138,1.150000,-0.008655,0.402186,0.014434,0.915403,-216.089340,92.243698,84.012764
139,1.158333,-0.008754,0.402117,0.014748,0.915428,-216.101593,92.243080,84.015579
140,1.166667,-0.008825,0.402182,0.015199,0.915391,-216.115860,92.242256,84.018204
141,1.175000,-0.008997,0.402196,0.015649,0.915376,-216.131241,92.243484,84.020386
142,1.183333,-0.008727,0.402165,0.017918,0.915350,-216.165741,92.227325,84.031250
143,1.191667,-0.008791,0.402183,0.018468,0.915331,-216.183212,92.224548,84.035156
144,1.200000,-0.008980,0.402365,0.019119,0.915235,-216.196350,92.224228,84.039711
145,1.208333,-0.009208,0.402555,0.019539,0.915141,-216.209534,92.223106,84.042542
146,1.216667,-0.009407,0.402649,0.019379,0.915101,-216.210556,92.227539,84.037956
147,1.225000,-0.009554,0.402590,0.018843,0.915136,-216.215561,92.236343,84.033379
148,1.233333,-0.009830,0.402361,0.018262,0.915246,-216.222763,92.244637,84.029701
149,1.241667,-0.010128,0.402162,0.017983,0.915336,-216.231354,92.250237,84.029587
150,1.250000,-0.010326,0.402116,0.018159,0.915351,-216.238159,92.251717,84.029945
151,1.258333,-0.010285,0.402215,0.018728,0.915296,-216.243164,92.248520,84.033104
152,1.266667,-0.010188,0.402305,0.019215,0.915247,-216.250275,92.245308,84.038002
153,1.275000,-0.011033,0.402390,0.020584,0.915170,-216.258484,92.252541,84.040543
154,1.283333,-0.011370,0.402270,0.020961,0.915210,-216.266037,92.256615,84.040703
155,1.291667,-0.011423,0.402175,0.020851,0.915254,-216.274841,92.258553,84.038986
156,1.300000,-0.011458,0.402090,0.020648,0.915296,-216.285187,92.261444,84.037636
157,1.308333,-0.011712,0.401955,0.020759,0.915349,-216.295807,92.264557,84.037048
158,1.316667,-0.011881,0.401912,0.021134,0.915357,-216.305542,92.265778,84.037170
159,1.325000,-0.012158,0.401798,0.021325,0.915399,-216.318008,92.268105,84.037231
160,1.333333,-0.012165,0.401848,0.021798,0.915366,-216.329483,92.267868,84.038406
161,1.341667,-0.012107,0.401881,0.022230,0.915342,-216.341949,92.266647,84.040421
162,1.350000,-0.012133,0.401913,0.022754,0.915315,-216.352875,92.266518,84.041565
163,1.358333,-0.012154,0.401904,0.023146,0.915309,-216.364120,92.266312,84.042915
164,1.366667,-0.012273,0.401875,0.023422,0.915312,-216.375259,92.265663,84.044670
165,1.375000,-0.012698,0.401889,0.023906,0.915288,-216.385559,92.263481,84.047714
166,1.383333,-0.013155,0.401877,0.024313,0.915276,-216.392929,92.260925,84.049675
167,1.391667,-0.013280,0.401703,0.024312,0.915351,-216.396835,92.259521,84.050461
168,1.400000,-0.013149,0.401601,0.024360,0.915396,-216.396332,92.257378,84.050491
169,1.408333,-0.012738,0.401268,0.024452,0.915546,-216.392059,92.259003,84.049812
170,1.416667,-0.012653,0.401017,0.024147,0.915665,-216.384842,92.258163,84.051788
171,1.425000,-0.012557,0.400795,0.024058,0.915766,-216.376205,92.261414,84.049217
172,1.433333,-0.012311,0.400870,0.023744,0.915745,-216.371368,92.263206,84.049812
173,1.441667,-0.012297,0.400842,0.023422,0.915765,-216.372345,92.265854,84.050117
174,1.450000,-0.012356,0.400830,0.023308,0.915772,-216.374725,92.268044,84.049545
175,1.458333,-0.012784,0.400872,0.023444,0.915745,-216.379852,92.265488,84.052132
176,1.466667,-0.013034,0.400831,0.023502,0.915758,-216.381866,92.262939,84.052933
177,1.475000,-0.012732,0.400836,0.023782,0.915753,-216.380936,92.262169,84.052216
178,1.483333,-0.012424,0.400795,0.023859,0.915773,-216.380692,92.263947,84.052116
179,1.491667,-0.012283,0.400846,0.023885,0.915752,-216.378433,92.265961,84.050407
180,1.500000,-0.012295,0.400830,0.023913,0.915758,-216.378860,92.266808,84.049324
181,1.508333,-0.012734,0.400814,0.023595,0.915767,-216.380173,92.266228,84.049973
182,1.516667,-0.013045,0.400788,0.023375,0.915780,-216.383942,92.264587,84.050163
183,1.525000,-0.013090,0.400775,0.023407,0.915784,-216.388397,92.262802,84.049858
184,1.533333,-0.013272,0.400841,0.023415,0.915752,-216.392822,92.262589,84.051773
185,1.541667,-0.013422,0.400840,0.023665,0.915744,-216.397552,92.264000,84.051636
186,1.550000,-0.013411,0.400975,0.023838,0.915681,-216.401550,92.263435,84.052727
187,1.558333,-0.013358,0.400941,0.023995,0.915692,-216.405945,92.263062,84.055565
188,1.566667,-0.013182,0.400974,0.024236,0.915674,-216.406326,92.261848,84.057709
189,1.575000,-0.013151,0.400963,0.024160,0.915681,-216.404129,92.261002,84.058319
190,1.583333,-0.013211,0.400953,0.024087,0.915687,-216.401428,92.260826,84.057457
191,1.591667,-0.013188,0.400958,0.024053,0.915686,-216.396881,92.262581,84.056068
192,1.600000,-0.013130,0.400936,0.024144,0.915694,-216.393829,92.262703,84.055008
193,1.608333,-0.013112,0.400892,0.024156,0.915713,-216.393402,92.262169,84.055244
194,1.616667,-0.013128,0.400943,0.023983,0.915695,-216.393417,92.262726,84.055656
195,1.625000,-0.013181,0.400961,0.024039,0.915685,-216.393692,92.261787,84.054466
196,1.633333,-0.013386,0.401001,0.023816,0.915670,-216.396667,92.263702,84.053520
197,1.641667,-0.013376,0.400993,0.024014,0.915668,-216.398804,92.263779,84.052216
198,1.650000,-0.013445,0.400984,0.024090,0.915669,-216.401749,92.262589,84.052567
199,1.658333,-0.013404,0.400937,0.023991,0.915693,-216.403610,92.261871,84.053230
200,1.666667,-0.013324,0.400981,0.023955,0.915676,-216.405823,92.259804,84.054565
201,1.675000,-0.013353,0.400957,0.024020,0.915685,-216.407364,92.259186,84.055557
202,1.683333,-0.013353,0.400977,0.024094,0.915674,-216.406876,92.259285,84.054596
203,1.691667,-0.013417,0.400940,0.024056,0.915690,-216.407181,92.260437,84.054909
204,1.700000,-0.013543,0.400973,0.024138,0.915671,-216.408020,92.260620,84.055511
205,1.708333,-0.013450,0.401024,0.024062,0.915653,-216.407654,92.260712,84.055969
206,1.716667,-0.013432,0.401065,0.024074,0.915635,-216.407471,92.261330,84.056419
207,1.725000,-0.013361,0.401036,0.024119,0.915647,-216.406464,92.262047,84.056686
208,1.733333,-0.013332,0.401057,0.024148,0.915638,-216.405563,92.262306,84.057632
209,1.741667,-0.013315,0.401080,0.024218,0.915626,-216.404984,92.261696,84.058670
210,1.750000,-0.013235,0.401113,0.024134,0.915615,-216.403824,92.262245,84.058311
211,1.758333,-0.013261,0.401075,0.024218,0.915629,-216.401749,92.261513,84.057274
212,1.766667,-0.013324,0.401014,0.024194,0.915656,-216.400055,92.262512,84.056610
213,1.775000,-0.013205,0.400986,0.023986,0.915675,-216.399551,92.262688,84.055511
214,1.783333,-0.013362,0.401028,0.024053,0.915652,-216.400497,92.263054,84.054390
215,1.791667,-0.013342,0.401055,0.024147,0.915639,-216.401810,92.260811,84.054512
216,1.800000,-0.013331,0.401044,0.024195,0.915642,-216.404343,92.260002,84.055321
217,1.808333,-0.013304,0.401067,0.024088,0.915635,-216.407486,92.259666,84.056053
218,1.816667,-0.013300,0.401018,0.024113,0.915656,-216.408966,92.260757,84.055061
219,1.825000,-0.013375,0.400994,0.024074,0.915667,-216.410110,92.262688,84.054016
220,1.833333,-0.013398,0.401024,0.024325,0.915647,-216.409546,92.262115,84.053703
221,1.841667,-0.013405,0.400981,0.024345,0.915665,-216.409561,92.261307,84.055016
222,1.850000,-0.013374,0.401035,0.024274,0.915643,-216.407944,92.260429,84.056183
223,1.858333,-0.013328,0.401038,0.024112,0.915647,-216.406601,92.261116,84.056389
224,1.866667,-0.013303,0.401024,0.024080,0.915655,-216.405457,92.261955,84.056870
225,1.875000,-0.013294,0.401076,0.024252,0.915627,-216.404373,92.261963,84.057846
226,1.883333,-0.013348,0.401110,0.024236,0.915612,-216.404602,92.261925,84.057861
227,1.891667,-0.013279,0.401076,0.024184,0.915629,-216.404465,92.260971,84.058464
228,1.900000,-0.013328,0.401062,0.024204,0.915634,-216.403870,92.261978,84.057198
229,1.908333,-0.013441,0.401078,0.024176,0.915626,-216.403793,92.262474,84.056931
230,1.916667,-0.013361,0.401072,0.024157,0.915631,-216.403107,92.261787,84.056358
231,1.925000,-0.013322,0.401044,0.024120,0.915644,-216.402893,92.261757,84.056557
232,1.933333,-0.013211,0.401042,0.023995,0.915650,-216.402649,92.259995,84.055969
233,1.941667,-0.013262,0.401015,0.024008,0.915661,-216.403503,92.260704,84.055565
234,1.950000,-0.013303,0.401043,0.024173,0.915644,-216.404373,92.261391,84.054527
235,1.958333,-0.013411,0.401059,0.024238,0.915633,-216.405899,92.262115,84.053268
236,1.966667,-0.013375,0.401052,0.024165,0.915639,-216.407822,92.260666,84.054634
237,1.975000,-0.013415,0.401049,0.024113,0.915641,-216.409271,92.261581,84.054504
238,1.983333,-0.013273,0.401034,0.024133,0.915649,-216.410095,92.262154,84.055367
239,1.991667,-0.013255,0.401031,0.024204,0.915649,-216.411331,92.262512,84.055763
240,2.000000,-0.013153,0.401085,0.024313,0.915624,-216.410400,92.261810,84.056190
241,2.008333,-0.013297,0.401082,0.024355,0.915622,-216.408630,92.262093,84.057388
242,2.016667,-0.013295,0.401059,0.024277,0.915634,-216.407089,92.261429,84.058151
243,2.025000,-0.013325,0.401063,0.024266,0.915632,-216.404861,92.260620,84.058304
244,2.033333,-0.013269,0.401035,0.024007,0.915652,-216.403244,92.261467,84.057877
245,2.041667,-0.013315,0.401087,0.024165,0.915625,-216.403152,92.261765,84.057114
246,2.050000,-0.013448,0.401066,0.024171,0.915631,-216.403625,92.263329,84.056709
247,2.058333,-0.013462,0.401058,0.024003,0.915639,-216.404388,92.262276,84.056625
248,2.066667,-0.013383,0.401041,0.024030,0.915647,-216.404648,92.261917,84.056236
249,2.075000,-0.013342,0.401029,0.024098,0.915651,-216.404892,92.261658,84.056610
250,2.083333,-0.013425,0.401048,0.024039,0.915643,-216.406509,92.262230,84.055862
251,2.091667,-0.013430,0.401039,0.023941,0.915650,-216.408066,92.262924,84.054184
252,2.100000,-0.013281,0.400990,0.024020,0.915671,-216.409607,92.262566,84.054283
253,2.108333,-0.013174,0.401003,0.024217,0.915662,-216.409851,92.262253,84.054260
254,2.116667,-0.013135,0.400991,0.024299,0.915666,-216.412354,92.261993,84.054291
255,2.125000,-0.013128,0.401039,0.024370,0.915643,-216.413834,92.260483,84.055855
256,2.133333,-0.013000,0.401005,0.024360,0.915659,-216.412979,92.259560,84.055901
257,2.141667,-0.013141,0.400988,0.024282,0.915667,-216.413620,92.260590,84.056915
258,2.150000,-0.013258,0.401034,0.024465,0.915640,-216.413971,92.259529,84.057808
259,2.158333,-0.013368,0.401036,0.024497,0.915637,-216.415100,92.259178,84.058609
260,2.166667,-0.013326,0.401024,0.024439,0.915645,-216.414291,92.259094,84.058990
261,2.175000,-0.013277,0.401049,0.024517,0.915632,-216.411758,92.258362,84.058769
262,2.183333,-0.013269,0.401060,0.024351,0.915632,-216.409546,92.260109,84.058815
263,2.191667,-0.013311,0.401063,0.024227,0.915633,-216.408401,92.260796,84.058662
264,2.200000,-0.013376,0.401076,0.024177,0.915628,-216.407043,92.262146,84.057526
265,2.208333,-0.013386,0.401069,0.024019,0.915635,-216.406509,92.263641,84.056656
266,2.216667,-0.013361,0.401040,0.024168,0.915644,-216.407089,92.263832,84.055313
267,2.225000,-0.013272,0.401071,0.024107,0.915633,-216.407898,92.263107,84.055695
268,2.233333,-0.013277,0.401072,0.024263,0.915629,-216.410278,92.261703,84.056000
269,2.241667,-0.013239,0.401042,0.024386,0.915639,-216.411774,92.259995,84.057083
270,2.250000,-0.013222,0.401075,0.024382,0.915625,-216.412827,92.259689,84.056549
271,2.258333,-0.013163,0.401034,0.024379,0.915644,-216.413910,92.259850,84.055962
272,2.266667,-0.013182,0.401071,0.024439,0.915626,-216.412949,92.259041,84.055290
273,2.275000,-0.013295,0.401104,0.024398,0.915611,-216.412399,92.259651,84.054985
274,2.283333,-0.013352,0.401044,0.024335,0.915638,-216.412689,92.259773,84.054962
275,2.291667,-0.013364,0.401055,0.024395,0.915631,-216.413712,92.260223,84.056023
276,2.300000,-0.013361,0.401050,0.024330,0.915636,-216.413910,92.261299,84.056328
277,2.308333,-0.013286,0.401053,0.024205,0.915639,-216.413528,92.260727,84.056938
278,2.316667,-0.013302,0.401030,0.024201,0.915649,-216.413208,92.260490,84.057846
279,2.325000,-0.013262,0.401046,0.024293,0.915640,-216.412476,92.259796,84.058647
280,2.333333,-0.013187,0.401094,0.024377,0.915618,-216.411942,92.260124,84.059456
281,2.341667,-0.013102,0.401096,0.024338,0.915619,-216.409683,92.260345,84.059265
282,2.350000,-0.013220,0.401057,0.024190,0.915638,-216.408508,92.262474,84.057663
283,2.358333,-0.013295,0.401036,0.024135,0.915648,-216.407562,92.263145,84.056648
284,2.366667,-0.013291,0.401049,0.024045,0.915645,-216.407776,92.263626,84.056648
285,2.375000,-0.013305,0.401098,0.024078,0.915622,-216.407394,92.261658,84.055801
286,2.383333,-0.013447,0.401081,0.024097,0.915627,-216.408783,92.262466,84.053818
287,2.391667,-0.013372,0.401119,0.024082,0.915612,-216.410660,92.262245,84.054161
288,2.400000,-0.013270,0.401074,0.024198,0.915630,-216.412048,92.261978,84.054008
289,2.408333,-0.013197,0.401074,0.024294,0.915628,-216.413757,92.260834,84.054390
290,2.416667,-0.013190,0.401045,0.024425,0.915638,-216.414474,92.259750,84.055489
291,2.425000,-0.013208,0.401051,0.024445,0.915634,-216.415237,92.258583,84.056046
292,2.433333,-0.013285,0.401123,0.024613,0.915597,-216.415527,92.257515,84.056892
293,2.441667,-0.013306,0.401107,0.024622,0.915604,-216.414001,92.257637,84.057129
294,2.450000,-0.013327,0.401081,0.024453,0.915619,-216.413193,92.258537,84.057022
295,2.458333,-0.013236,0.401038,0.024398,0.915641,-216.412399,92.258690,84.057930
296,2.466667,-0.013236,0.401042,0.024385,0.915639,-216.412430,92.259583,84.057800
297,2.475000,-0.013145,0.401033,0.024443,0.915643,-216.412903,92.258804,84.059647
298,2.483333,-0.013123,0.401108,0.024560,0.915608,-216.412216,92.259483,84.059975
299,2.491667,-0.013076,0.401122,0.024545,0.915602,-216.411331,92.259689,84.061096
300,2.500000,-0.013131,0.401132,0.024520,0.915598,-216.410187,92.260269,84.059021
301,2.508333,-0.013196,0.401127,0.024404,0.915602,-216.410355,92.261009,84.058113
302,2.516667,-0.013216,0.401105,0.024309,0.915614,-216.409775,92.260872,84.058006
303,2.525000,-0.013331,0.401043,0.024323,0.915639,-216.409821,92.261955,84.056595
304,2.533333,-0.013348,0.401088,0.024223,0.915622,-216.409561,92.261818,84.055069
305,2.541667,-0.013328,0.401076,0.024176,0.915629,-216.410141,92.261658,84.053627
306,2.550000,-0.013259,0.401084,0.024313,0.915623,-216.412521,92.261024,84.053802
307,2.558333,-0.013269,0.401126,0.024272,0.915605,-216.413971,92.260498,84.054192
308,2.566667,-0.013288,0.401093,0.024192,0.915621,-216.415222,92.260994,84.055069
309,2.575000,-0.013217,0.401075,0.024328,0.915627,-216.415863,92.259888,84.055038
310,2.583333,-0.013376,0.401082,0.024439,0.915619,-216.416519,92.260048,84.055809
311,2.591667,-0.013295,0.401078,0.024463,0.915621,-216.416046,92.259094,84.056549
312,2.600000,-0.013198,0.401066,0.024433,0.915628,-216.415100,92.257660,84.057602
313,2.608333,-0.013182,0.401064,0.024535,0.915626,-216.413803,92.257591,84.057907
314,2.616667,-0.012982,0.401021,0.024398,0.915652,-216.412064,92.258034,84.059532
315,2.625000,-0.013115,0.401087,0.024247,0.915625,-216.410904,92.260696,84.058914
316,2.633333,-0.013214,0.401097,0.024286,0.915618,-216.409927,92.261246,84.057709
317,2.641667,-0.013249,0.401112,0.024299,0.915611,-216.410324,92.261490,84.057388
318,2.650000,-0.013250,0.401093,0.024249,0.915621,-216.410797,92.259727,84.058563
319,2.658333,-0.013262,0.401078,0.024366,0.915624,-216.410538,92.259094,84.058563
320,2.666667,-0.013277,0.401131,0.024407,0.915599,-216.411133,92.259247,84.058357
321,2.675000,-0.013227,0.401118,0.024383,0.915606,-216.411331,92.260506,84.057571
322,2.683333,-0.013248,0.401090,0.024351,0.915619,-216.411499,92.260452,84.056686
323,2.691667,-0.013298,0.401012,0.024341,0.915653,-216.412048,92.259689,84.056137
324,2.700000,-0.013367,0.401049,0.024228,0.915639,-216.412003,92.260567,84.054893
325,2.708333,-0.013445,0.401080,0.024359,0.915620,-216.412277,92.260864,84.054131
326,2.716667,-0.013345,0.401102,0.024476,0.915609,-216.413406,92.259827,84.054207
327,2.725000,-0.013323,0.401066,0.024288,0.915630,-216.414307,92.259857,84.054642
328,2.733333,-0.013408,0.401080,0.024356,0.915621,-216.415314,92.259895,84.055046
329,2.741667,-0.013290,0.401151,0.024308,0.915593,-216.414948,92.259453,84.055016
330,2.750000,-0.013328,0.401068,0.024358,0.915627,-216.415070,92.261658,84.055138
331,2.758333,-0.013350,0.401090,0.024526,0.915613,-216.414307,92.259819,84.056656
332,2.766667,-0.013334,0.401129,0.024429,0.915599,-216.412735,92.259689,84.057472
333,2.775000,-0.013287,0.401105,0.024274,0.915614,-216.411041,92.259392,84.058495
334,2.783333,-0.013270,0.401067,0.024310,0.915630,-216.410492,92.259857,84.058914
335,2.791667,-0.013363,0.401073,0.024304,0.915626,-216.408844,92.261765,84.057114
336,2.800000,-0.013385,0.401062,0.024166,0.915634,-216.408630,92.262627,84.056915
337,2.808333,-0.013252,0.401044,0.024079,0.915646,-216.407867,92.261383,84.056961
338,2.816667,-0.013252,0.401025,0.024192,0.915652,-216.410065,92.260422,84.057693
339,2.825000,-0.013256,0.401013,0.024239,0.915656,-216.411346,92.259964,84.058121
340,2.833333,-0.013258,0.401083,0.024346,0.915622,-216.410797,92.259956,84.056564
341,2.841667,-0.013223,0.401043,0.024353,0.915640,-216.411728,92.259415,84.056427
342,2.850000,-0.013228,0.401111,0.024467,0.915607,-216.412872,92.259483,84.056244
343,2.858333,-0.013219,0.401097,0.024346,0.915617,-216.412766,92.259476,84.055969
344,2.866667,-0.013171,0.401116,0.024296,0.915610,-216.412903,92.259483,84.054840
345,2.875000,-0.013145,0.401123,0.024429,0.915604,-216.413071,92.260529,84.054504
346,2.883333,-0.013414,0.401080,0.024438,0.915619,-216.413666,92.261612,84.055351
347,2.891667,-0.013397,0.401096,0.024305,0.915615,-216.412827,92.260765,84.054634
348,2.900000,-0.013445,0.401078,0.024241,0.915624,-216.413040,92.261673,84.055084
349,2.908333,-0.013414,0.401043,0.024244,0.915640,-216.412354,92.262299,84.055748
350,2.916667,-0.013331,0.401017,0.024219,0.915653,-216.412094,92.261353,84.057495
351,2.925000,-0.013198,0.401049,0.024371,0.915637,-216.410355,92.261894,84.057877
352,2.933333,-0.013110,0.401045,0.024410,0.915639,-216.409775,92.260910,84.058678
353,2.941667,-0.013247,0.401095,0.024285,0.915619,-216.409119,92.260918,84.058090
354,2.950000,-0.013352,0.401101,0.024258,0.915615,-216.408890,92.262375,84.057343
355,2.958333,-0.013283,0.401060,0.024156,0.915637,-216.408371,92.262337,84.057793
356,2.966667,-0.013279,0.401036,0.024128,0.915648,-216.408829,92.262573,84.057228
357,2.975000,-0.013238,0.401002,0.024248,0.915661,-216.410355,92.261902,84.056450
358,2.983333,-0.013292,0.401063,0.024320,0.915631,-216.410919,92.261353,84.056183
359,2.991667,-0.013350,0.401044,0.024397,0.915637,-216.412766,92.260544,84.056732
360,3.000000,-0.013303,0.401058,0.024337,0.915633,-216.413406,92.259689,84.056702
361,3.008333,-0.013281,0.401076,0.024522,0.915620,-216.414017,92.258377,84.056725
362,3.016667,-0.013212,0.401026,0.024506,0.915644,-216.414597,92.258659,84.055840
363,3.025000,-0.013175,0.401021,0.024452,0.915648,-216.414505,92.259041,84.056580
364,3.033333,-0.013320,0.401011,0.024263,0.915655,-216.413162,92.262100,84.056107
365,3.041667,-0.013434,0.401040,0.024234,0.915641,-216.412598,92.263725,84.054329
366,3.050000,-0.013315,0.401033,0.024387,0.915642,-216.412735,92.261223,84.055382
367,3.058333,-0.013193,0.401051,0.024344,0.915637,-216.412231,92.260040,84.057251
368,3.066667,-0.013260,0.401073,0.024453,0.915624,-216.411804,92.260437,84.058853
369,3.075000,-0.013322,0.401060,0.024513,0.915627,-216.411407,92.259888,84.058426
370,3.083333,-0.013337,0.401093,0.024445,0.915614,-216.411118,92.259979,84.058907
371,3.091667,-0.013334,0.401087,0.024285,0.915621,-216.409973,92.260704,84.058472
372,3.100000,-0.013295,0.401053,0.024197,0.915639,-216.409256,92.262436,84.057549
373,3.108333,-0.013363,0.401039,0.024282,0.915642,-216.408920,92.261871,84.056831
374,3.116667,-0.013352,0.401027,0.024301,0.915647,-216.410446,92.261345,84.057137
375,3.125000,-0.013328,0.401066,0.024228,0.915632,-216.410187,92.262596,84.056831
376,3.133333,-0.013361,0.401040,0.024136,0.915645,-216.410797,92.262100,84.055435
377,3.141667,-0.013285,0.401027,0.024257,0.915649,-216.412384,92.261040,84.055534
378,3.150000,-0.013337,0.401075,0.024448,0.915622,-216.413666,92.259979,84.056160
379,3.158333,-0.013180,0.401051,0.024525,0.915632,-216.414261,92.258568,84.056908
380,3.166667,-0.013147,0.401109,0.024610,0.915605,-216.414886,92.258095,84.057602
381,3.175000,-0.013130,0.401106,0.024582,0.915608,-216.415405,92.257835,84.057358
382,3.183333,-0.013279,0.401127,0.024433,0.915600,-216.414764,92.259262,84.057289
383,3.191667,-0.013136,0.401057,0.024399,0.915634,-216.414047,92.258858,84.056786
384,3.200000,-0.013246,0.401084,0.024419,0.915620,-216.412521,92.260818,84.055885
385,3.208333,-0.013298,0.401010,0.024281,0.915655,-216.412323,92.260689,84.057304
386,3.216667,-0.013205,0.401043,0.024257,0.915643,-216.411560,92.259941,84.057487
387,3.225000,-0.013224,0.401033,0.024296,0.915646,-216.411301,92.260185,84.058121
388,3.233333,-0.013305,0.401051,0.024171,0.915640,-216.410660,92.260887,84.058746
389,3.241667,-0.013187,0.401083,0.024086,0.915630,-216.409042,92.261307,84.058250
390,3.250000,-0.013145,0.401079,0.024114,0.915632,-216.410141,92.262520,84.058998
391,3.258333,-0.012996,0.401056,0.024085,0.915644,-216.409348,92.261436,84.059021
392,3.266667,-0.013203,0.401069,0.023974,0.915639,-216.407516,92.262833,84.058060
393,3.275000,-0.013318,0.401140,0.024139,0.915602,-216.405624,92.261955,84.055519
394,3.283333,-0.013337,0.401077,0.024067,0.915631,-216.404800,92.262062,84.054398
395,3.291667,-0.013307,0.401124,0.024009,0.915612,-216.402313,92.262459,84.054367
396,3.300000,-0.013141,0.401176,0.023867,0.915596,-216.400177,92.263535,84.056145
397,3.308333,-0.012947,0.401142,0.023726,0.915617,-216.398285,92.261963,84.060020
398,3.316667,-0.012807,0.401227,0.023730,0.915582,-216.395309,92.261543,84.064926
399,3.325000,-0.012599,0.401237,0.023793,0.915578,-216.393539,92.261299,84.072762
400,3.333333,-0.012314,0.401293,0.023792,0.915558,-216.391022,92.262337,84.080452
401,3.341667,-0.012017,0.401288,0.023661,0.915568,-216.388351,92.262428,84.088821
402,3.350000,-0.011647,0.402362,0.025893,0.915040,-216.377899,92.243439,84.113472
403,3.358333,-0.011369,0.402519,0.026320,0.914963,-216.371536,92.238388,84.129799
404,3.366667,-0.011004,0.401878,0.024941,0.915287,-216.373489,92.248596,84.142929
405,3.375000,-0.010197,0.401495,0.023678,0.915499,-216.369339,92.260918,84.160408
406,3.383333,-0.009152,0.401404,0.022998,0.915567,-216.358810,92.267174,84.184273
407,3.391667,-0.007196,0.401216,0.022451,0.915680,-216.342545,92.258232,84.223068
408,3.400000,-0.005600,0.401193,0.021854,0.915716,-216.328949,92.253181,84.255608
409,3.408333,-0.004102,0.401200,0.021535,0.915728,-216.310028,92.253975,84.287003
410,3.416667,-0.002646,0.402379,0.024397,0.915144,-216.277267,92.230675,84.331047
411,3.425000,-0.001980,0.401881,0.023389,0.915391,-216.285492,92.236626,84.358109
412,3.433333,-0.001255,0.401641,0.022977,0.915508,-216.272552,92.239296,84.374496
413,3.441667,-0.000660,0.401796,0.022646,0.915449,-216.248138,92.241035,84.382309
414,3.450000,-0.000422,0.401708,0.021986,0.915504,-216.229065,92.246613,84.385582
415,3.458333,-0.000389,0.401585,0.020837,0.915585,-216.217636,92.256355,84.389999
416,3.466667,-0.000373,0.401391,0.020252,0.915683,-216.213089,92.263367,84.393425
417,3.475000,-0.000276,0.401281,0.020364,0.915729,-216.214996,92.265594,84.398613
418,3.483333,-0.000325,0.401181,0.020599,0.915767,-216.216873,92.265854,84.404358
419,3.491667,-0.000288,0.401142,0.020738,0.915781,-216.220062,92.265671,84.410812
420,3.500000,-0.000121,0.401129,0.020974,0.915781,-216.220566,92.266060,84.416039
421,3.508333,0.000013,0.401104,0.021060,0.915790,-216.220047,92.265678,84.423538
422,3.516667,0.000218,0.401171,0.021185,0.915758,-216.218872,92.266006,84.432167
423,3.525000,0.000434,0.401127,0.021247,0.915776,-216.217590,92.267914,84.444229
424,3.533333,0.000800,0.401136,0.021335,0.915770,-216.218094,92.270203,84.457939
425,3.541667,0.001104,0.401207,0.021580,0.915733,-216.218857,92.271286,84.472694
426,3.550000,0.001405,0.401177,0.021972,0.915736,-216.219666,92.271530,84.486450
427,3.558333,0.001460,0.401133,0.022409,0.915745,-216.220428,92.273170,84.498901
428,3.566667,0.001396,0.401096,0.022803,0.915751,-216.222809,92.271683,84.507439
429,3.575000,0.001550,0.401013,0.023251,0.915776,-216.226379,92.268875,84.512398
430,3.583333,0.001556,0.401103,0.023514,0.915730,-216.230591,92.268227,84.513725
431,3.591667,0.001560,0.401190,0.023713,0.915687,-216.237045,92.266098,84.508583
432,3.600000,0.001495,0.401278,0.023784,0.915646,-216.243652,92.263206,84.496346
433,3.608333,0.001135,0.401275,0.023705,0.915650,-216.253418,92.257988,84.474609
434,3.616667,0.000567,0.401175,0.023627,0.915696,-216.263931,92.252998,84.445351
435,3.625000,-0.000057,0.401115,0.023978,0.915714,-216.291885,92.243500,84.416977
436,3.633333,-0.000557,0.401334,0.026213,0.915556,-216.288895,92.222404,84.377579
437,3.641667,-0.001292,0.401538,0.026195,0.915467,-216.292313,92.223015,84.355469
438,3.650000,-0.001416,0.401576,0.026087,0.915453,-216.298004,92.227783,84.358147
439,3.658333,-0.000863,0.401498,0.026233,0.915484,-216.305725,92.239433,84.391228
440,3.666667,-0.000446,0.400897,0.025376,0.915772,-216.316559,92.280327,84.424538
441,3.675000,-0.000026,0.400482,0.025415,0.915952,-216.318008,92.326263,84.445320
442,3.683333,0.001098,0.400368,0.025711,0.915993,-216.308670,92.387894,84.453316
443,3.691667,0.000646,0.400970,0.028204,0.915657,-216.292267,92.438560,84.465965
444,3.700000,0.000131,0.401191,0.028443,0.915553,-216.286163,92.494751,84.477829
445,3.708333,-0.000044,0.401119,0.028660,0.915577,-216.290802,92.538162,84.493507
446,3.716667,0.000486,0.401011,0.028640,0.915625,-216.297531,92.580132,84.513245
447,3.725000,0.001621,0.400924,0.028376,0.915671,-216.297699,92.626152,84.529037
448,3.733333,0.002047,0.400768,0.025791,0.915814,-216.311890,92.695274,84.546310
449,3.741667,0.002041,0.400249,0.024430,0.916079,-216.302902,92.759552,84.541740
450,3.750000,0.000990,0.400005,0.022835,0.916228,-216.291016,92.829987,84.538994
451,3.758333,-0.000460,0.399868,0.021524,0.916320,-216.280075,92.895210,84.538063
452,3.766667,-0.001956,0.399744,0.021324,0.916376,-216.277435,92.948875,84.538803
453,3.775000,-0.003144,0.399953,0.021886,0.916269,-216.276291,92.992035,84.544281
454,3.783333,-0.003432,0.399949,0.022581,0.916253,-216.276642,93.035576,84.547821
455,3.791667,-0.004250,0.400152,0.024131,0.916121,-216.279846,93.090698,84.553642
456,3.800000,-0.004632,0.401045,0.026108,0.915674,-216.276520,93.144524,84.567436
457,3.808333,-0.004328,0.400825,0.024115,0.915827,-216.280243,93.224998,84.566681
458,3.816667,-0.003959,0.400691,0.022343,0.915932,-216.280914,93.306610,84.567093
459,3.825000,-0.003468,0.400747,0.021638,0.915927,-216.277573,93.373932,84.565659
460,3.833333,-0.003424,0.400905,0.021778,0.915854,-216.272659,93.427528,84.566513
461,3.841667,-0.003673,0.401074,0.022340,0.915766,-216.271118,93.475090,84.570999
462,3.850000,-0.004185,0.400977,0.022856,0.915793,-216.268845,93.517242,84.578606
463,3.858333,-0.004466,0.400956,0.023358,0.915789,-216.263275,93.559738,84.586380
464,3.866667,-0.005409,0.401272,0.024425,0.915617,-216.258453,93.612701,84.588737
465,3.875000,-0.005854,0.401447,0.024617,0.915533,-216.252258,93.666092,84.590897
466,3.883333,-0.005907,0.401501,0.023913,0.915527,-216.246536,93.715240,84.594139
467,3.891667,-0.005355,0.401560,0.022905,0.915530,-216.243118,93.767998,84.604691
468,3.900000,-0.004963,0.401649,0.022105,0.915513,-216.243500,93.815544,84.611877
469,3.908333,-0.004506,0.402384,0.024441,0.915134,-216.237686,93.843773,84.620636
470,3.916667,-0.004675,0.402387,0.024038,0.915142,-216.241150,93.896828,84.621719
471,3.925000,-0.005517,0.401806,0.022167,0.915440,-216.250870,93.966827,84.620010
472,3.933333,-0.006614,0.401083,0.020946,0.915778,-216.254395,94.035866,84.613472
473,3.941667,-0.007508,0.400560,0.020190,0.916017,-216.250992,94.104935,84.602936
474,3.950000,-0.008592,0.400754,0.020835,0.915908,-216.245132,94.168922,84.592674
475,3.958333,-0.009226,0.400984,0.021106,0.915795,-216.238144,94.225220,84.586075
476,3.966667,-0.009771,0.401099,0.021041,0.915741,-216.232513,94.275215,84.577934
477,3.975000,-0.010231,0.402065,0.022479,0.915278,-216.223953,94.304977,84.588852
478,3.983333,-0.011212,0.401619,0.020240,0.915514,-216.230194,94.365898,84.579697
479,3.991667,-0.012141,0.401567,0.019749,0.915536,-216.250198,94.414124,84.587463
480,4.000000,-0.013010,0.401642,0.018829,0.915511,-216.235138,94.472916,84.570885
481,4.008333,-0.013776,0.401746,0.017754,0.915475,-216.224411,94.533264,84.556221
482,4.016667,-0.014208,0.401594,0.017261,0.915545,-216.220276,94.590294,84.550354
483,4.025000,-0.014198,0.401554,0.017474,0.915558,-216.216873,94.637978,84.549088
484,4.033333,-0.014272,0.401856,0.018931,0.915396,-216.217209,94.686180,84.549049
485,4.041667,-0.013917,0.401866,0.019828,0.915378,-216.217834,94.728241,84.550980
486,4.050000,-0.013606,0.401790,0.020068,0.915411,-216.219193,94.767342,84.551704
487,4.058333,-0.013631,0.401869,0.020013,0.915377,-216.222519,94.802582,84.547768
488,4.066667,-0.013662,0.402071,0.019658,0.915296,-216.222733,94.833542,84.545296
489,4.075000,-0.013911,0.402818,0.020811,0.914938,-216.226334,94.854317,84.557076
490,4.083333,-0.014527,0.402731,0.021279,0.914956,-216.213043,94.882713,84.544228
491,4.091667,-0.015367,0.402757,0.020866,0.914940,-216.205887,94.922348,84.538406
492,4.100000,-0.016371,0.402758,0.020574,0.914929,-216.201447,94.959953,84.532028
493,4.108333,-0.017624,0.402348,0.018420,0.915132,-216.205856,95.014328,84.524826
494,4.116667,-0.018769,0.402004,0.016835,0.915291,-216.207458,95.066330,84.510376
495,4.125000,-0.019663,0.401815,0.015728,0.915375,-216.203003,95.112442,84.495605
496,4.133333,-0.020213,0.401734,0.014681,0.915416,-216.196945,95.155060,84.482803
497,4.141667,-0.020378,0.401671,0.013524,0.915458,-216.191910,95.192337,84.475739
498,4.150000,-0.020422,0.401712,0.013054,0.915445,-216.187698,95.223305,84.471497
499,4.158333,-0.021201,0.401958,0.014550,0.915297,-216.187500,95.254074,84.471283
500,4.166667,-0.021425,0.402110,0.015683,0.915206,-216.185684,95.274277,84.475937
501,4.175000,-0.021615,0.402044,0.015802,0.915229,-216.183853,95.296394,84.477364
502,4.183333,-0.021151,0.402132,0.017704,0.915166,-216.196533,95.295563,84.490135
503,4.191667,-0.020914,0.402210,0.016987,0.915151,-216.181396,95.318428,84.492615
504,4.200000,-0.021156,0.402168,0.016112,0.915179,-216.170685,95.346062,84.495583
505,4.208333,-0.021021,0.402164,0.015736,0.915191,-216.164536,95.372406,84.497276
506,4.216667,-0.020527,0.402410,0.015884,0.915092,-216.162445,95.400970,84.497658
507,4.225000,-0.020333,0.402786,0.016066,0.914927,-216.162186,95.427773,84.498924
508,4.233333,-0.020585,0.402967,0.016232,0.914839,-216.160721,95.454712,84.499275
509,4.241667,-0.020599,0.403062,0.016429,0.914793,-216.162033,95.484077,84.499512
510,4.250000,-0.020761,0.403091,0.016283,0.914780,-216.165085,95.511871,84.495857
511,4.258333,-0.020865,0.403055,0.015902,0.914800,-216.164703,95.534058,84.489853
512,4.266667,-0.020532,0.403805,0.017678,0.914444,-216.154388,95.535538,84.495026
513,4.275000,-0.021192,0.403301,0.015592,0.914689,-216.155319,95.567062,84.488297
514,4.283333,-0.021564,0.402827,0.014244,0.914911,-216.153412,95.593391,84.479874
515,4.291667,-0.021749,0.402735,0.013657,0.914956,-216.149170,95.614433,84.476654
516,4.300000,-0.020906,0.402665,0.013754,0.915005,-216.144867,95.639648,84.473457
517,4.308333,-0.020424,0.402751,0.013909,0.914976,-216.140930,95.663895,84.471909
518,4.316667,-0.020640,0.402777,0.013972,0.914959,-216.140503,95.687645,84.472313
519,4.325000,-0.021022,0.403056,0.013764,0.914830,-216.139435,95.711937,84.471893
520,4.333333,-0.021279,0.403207,0.013979,0.914754,-216.138489,95.733543,84.471443
521,4.341667,-0.021652,0.403246,0.014186,0.914725,-216.135529,95.749596,84.471352
522,4.350000,-0.022610,0.403474,0.015697,0.914577,-216.132782,95.774139,84.472412
523,4.358333,-0.022711,0.403744,0.016105,0.914448,-216.126282,95.791489,84.474167
524,4.366667,-0.023074,0.403740,0.016396,0.914436,-216.122696,95.810715,84.476433
525,4.375000,-0.023203,0.403884,0.016137,0.914373,-216.117432,95.825539,84.473785
526,4.383333,-0.023552,0.404022,0.016030,0.914306,-216.113495,95.841080,84.471535
527,4.391667,-0.023796,0.403951,0.015938,0.914332,-216.110825,95.856918,84.469711
528,4.400000,-0.024031,0.403878,0.015797,0.914361,-216.112427,95.873779,84.467194
529,4.408333,-0.024220,0.403895,0.015626,0.914351,-216.114166,95.888550,84.464111
530,4.416667,-0.024247,0.403822,0.015420,0.914386,-216.113037,95.900551,84.462303
531,4.425000,-0.024333,0.403937,0.015501,0.914332,-216.107483,95.916786,84.462044
532,4.433333,-0.024671,0.404172,0.015426,0.914220,-216.098022,95.942810,84.458855
533,4.441667,-0.025055,0.404435,0.015235,0.914096,-216.079956,95.985756,84.452866
534,4.450000,-0.025015,0.404834,0.016122,0.913906,-216.048645,96.034615,84.449440
535,4.458333,-0.025085,0.405278,0.016464,0.913701,-216.016205,96.105034,84.440353
536,4.466667,-0.025739,0.405668,0.016732,0.913505,-215.991348,96.173759,84.427414
537,4.475000,-0.026771,0.406033,0.016083,0.913325,-215.967941,96.243683,84.412598
538,4.483333,-0.028257,0.406650,0.015812,0.913010,-215.947693,96.311203,84.400032
539,4.491667,-0.029749,0.406359,0.013407,0.913131,-215.942032,96.380745,84.383163
540,4.500000,-0.030873,0.405587,0.010767,0.913472,-215.945557,96.437187,84.363335
541,4.508333,-0.031766,0.405248,0.009470,0.913606,-215.950272,96.480133,84.350403
542,4.516667,-0.032493,0.405222,0.009295,0.913594,-215.958954,96.516052,84.341759
543,4.525000,-0.032814,0.405274,0.009522,0.913557,-215.964645,96.542320,84.337036
544,4.533333,-0.032721,0.405353,0.009973,0.913520,-215.968460,96.562210,84.336128
545,4.541667,-0.032890,0.405470,0.010369,0.913458,-215.966171,96.578400,84.334602
546,4.550000,-0.032938,0.405654,0.010577,0.913372,-215.963654,96.592804,84.331383
547,4.558333,-0.032959,0.405755,0.010740,0.913324,-215.964249,96.605453,84.326027
548,4.566667,-0.033121,0.405726,0.010908,0.913329,-215.968750,96.617813,84.320839
549,4.575000,-0.033206,0.405683,0.010972,0.913345,-215.975311,96.628716,84.317955
550,4.583333,-0.033273,0.405603,0.011186,0.913375,-215.980865,96.637978,84.315231
551,4.591667,-0.033382,0.405599,0.011074,0.913374,-215.983063,96.645889,84.312935
552,4.600000,-0.033559,0.405601,0.010966,0.913368,-215.982178,96.652679,84.311264
553,4.608333,-0.033647,0.405613,0.010713,0.913363,-215.979736,96.659561,84.309593
554,4.616667,-0.033803,0.405551,0.010582,0.913386,-215.977615,96.662102,84.308914
555,4.625000,-0.033879,0.405546,0.010496,0.913386,-215.973694,96.657745,84.310516
556,4.633333,-0.033637,0.405516,0.010406,0.913409,-215.971725,96.652046,84.314720
557,4.641667,-0.033406,0.405533,0.010597,0.913408,-215.968674,96.647987,84.319389
558,4.650000,-0.033454,0.405542,0.010719,0.913401,-215.966675,96.647072,84.321060
559,4.658333,-0.033641,0.405653,0.010744,0.913345,-215.964478,96.650848,84.321594
560,4.666667,-0.033697,0.405596,0.010739,0.913368,-215.962769,96.653397,84.321518
561,4.675000,-0.033801,0.405612,0.010747,0.913357,-215.962769,96.654800,84.320816
562,4.683333,-0.033793,0.405576,0.010680,0.913374,-215.963699,96.651718,84.320168
563,4.691667,-0.033725,0.405541,0.010542,0.913394,-215.966171,96.649986,84.320007
564,4.700000,-0.033527,0.405503,0.010531,0.913418,-215.969009,96.650246,84.320297
565,4.708333,-0.033566,0.405573,0.010614,0.913385,-215.971756,96.651054,84.317017
566,4.716667,-0.033687,0.405622,0.010465,0.913360,-215.973587,96.653969,84.313759
567,4.725000,-0.033787,0.405655,0.010635,0.913340,-215.975815,96.656403,84.310493
568,4.733333,-0.033779,0.405608,0.010497,0.913362,-215.978058,96.658234,84.308411
569,4.741667,-0.033776,0.405524,0.010508,0.913400,-215.979126,96.656204,84.308426
570,4.750000,-0.033538,0.405549,0.010525,0.913397,-215.978500,96.652145,84.310661
571,4.758333,-0.033458,0.405569,0.010687,0.913389,-215.977829,96.650269,84.311821
572,4.766667,-0.033522,0.405626,0.010721,0.913361,-215.976837,96.649529,84.313652
573,4.775000,-0.033585,0.405591,0.010785,0.913374,-215.975311,96.651917,84.314453
574,4.783333,-0.033747,0.405667,0.010736,0.913335,-215.973801,96.655022,84.315582
575,4.791667,-0.033818,0.405619,0.010819,0.913352,-215.971024,96.654114,84.316727
576,4.800000,-0.033795,0.405560,0.010727,0.913381,-215.967560,96.651497,84.319649
577,4.808333,-0.033613,0.405538,0.010675,0.913398,-215.964050,96.649658,84.321754
578,4.816667,-0.033586,0.405508,0.010632,0.913412,-215.961914,96.651054,84.322296
579,4.825000,-0.033650,0.405498,0.010595,0.913415,-215.960983,96.652702,84.321823
580,4.833333,-0.033752,0.405547,0.010543,0.913390,-215.962479,96.654037,84.320557
581,4.841667,-0.033883,0.405575,0.010590,0.913372,-215.964218,96.655327,84.318466
582,4.850000,-0.033856,0.405566,0.010502,0.913378,-215.966721,96.655579,84.317177
583,4.858333,-0.033705,0.405515,0.010418,0.913408,-215.970154,96.654350,84.315559
584,4.866667,-0.033602,0.405563,0.010407,0.913390,-215.972855,96.652107,84.314369
585,4.875000,-0.033541,0.405540,0.010412,0.913403,-215.975449,96.651253,84.312508
586,4.883333,-0.033562,0.405568,0.010620,0.913387,-215.977982,96.653244,84.311699
587,4.891667,-0.033554,0.405626,0.010731,0.913360,-215.978577,96.653717,84.310371
588,4.900000,-0.033579,0.405611,0.010701,0.913366,-215.979141,96.655586,84.310356
589,4.908333,-0.033647,0.405620,0.010675,0.913360,-215.977432,96.654533,84.310707
590,4.916667,-0.033617,0.405570,0.010614,0.913384,-215.974548,96.651726,84.312134
591,4.925000,-0.033540,0.405591,0.010607,0.913378,-215.972382,96.650642,84.315422
592,4.933333,-0.033542,0.405621,0.010615,0.913364,-215.969894,96.649429,84.317146
593,4.941667,-0.033574,0.405608,0.010581,0.913369,-215.966980,96.651443,84.317780
594,4.950000,-0.033765,0.405576,0.010488,0.913377,-215.965302,96.652534,84.318214
595,4.958333,-0.033874,0.405564,0.010543,0.913378,-215.963196,96.653763,84.318947
596,4.966667,-0.033932,0.405530,0.010514,0.913391,-215.961792,96.653954,84.320259
597,4.975000,-0.033838,0.405576,0.010537,0.913374,-215.963120,96.652000,84.321144
598,4.983333,-0.033663,0.405590,0.010467,0.913375,-215.963562,96.651726,84.321373
599,4.991667,-0.033613,0.405546,0.010412,0.913397,-215.964676,96.652649,84.319748
600,5.000000,-0.033646,0.405563,0.010419,0.913388,-215.965988,96.653816,84.317665
601,5.008333,-0.033618,0.405628,0.010410,0.913361,-215.969635,96.654518,84.315468
602,5.016667,-0.033640,0.405645,0.010577,0.913350,-215.971954,96.653923,84.313774
603,5.025000,-0.033746,0.405564,0.010554,0.913383,-215.974594,96.653625,84.312973
604,5.033333,-0.033557,0.405601,0.010594,0.913373,-215.975922,96.652252,84.311584
605,5.041667,-0.033513,0.405568,0.010550,0.913389,-215.976761,96.650970,84.311523
606,5.050000,-0.033618,0.405599,0.010537,0.913372,-215.977554,96.651833,84.310974
607,5.058333,-0.033724,0.405658,0.010594,0.913341,-215.976898,96.653725,84.310585
608,5.066667,-0.033784,0.405586,0.010627,0.913370,-215.974777,96.654724,84.311005
609,5.075000,-0.033764,0.405590,0.010464,0.913372,-215.971970,96.656090,84.313972
610,5.083333,-0.033768,0.405623,0.010455,0.913357,-215.968674,96.655289,84.314270
611,5.091667,-0.033821,0.405585,0.010342,0.913373,-215.965485,96.654419,84.316399
612,5.100000,-0.033810,0.405505,0.010204,0.913410,-215.963074,96.654259,84.317932
613,5.108333,-0.033639,0.405547,0.010298,0.913397,-215.961487,96.653458,84.319580
614,5.116667,-0.033747,0.405578,0.010314,0.913379,-215.961243,96.654274,84.320251
615,5.125000,-0.033777,0.405580,0.010397,0.913376,-215.961288,96.653610,84.320465
616,5.133333,-0.033825,0.405632,0.010429,0.913351,-215.962296,96.653214,84.320023
617,5.141667,-0.033744,0.405628,0.010433,0.913356,-215.964676,96.652321,84.319633
618,5.150000,-0.033642,0.405602,0.010543,0.913370,-215.966385,96.652184,84.318352
619,5.158333,-0.033660,0.405648,0.010521,0.913349,-215.969635,96.653328,84.316956
620,5.166667,-0.033606,0.405643,0.010654,0.913352,-215.971558,96.654312,84.315506
621,5.175000,-0.033528,0.405544,0.010661,0.913399,-215.974289,96.654060,84.314438
622,5.183333,-0.033589,0.405565,0.010628,0.913387,-215.975433,96.654167,84.311798
623,5.191667,-0.033614,0.405618,0.010555,0.913364,-215.975876,96.653481,84.311264
624,5.200000,-0.033549,0.405613,0.010525,0.913368,-215.976456,96.653755,84.311203
625,5.208333,-0.033553,0.405621,0.010511,0.913365,-215.975952,96.653709,84.311638
626,5.216667,-0.033663,0.405608,0.010506,0.913366,-215.973038,96.652657,84.311874
627,5.225000,-0.033712,0.405575,0.010545,0.913379,-215.970184,96.653404,84.312897
628,5.233333,-0.033805,0.405552,0.010415,0.913387,-215.967392,96.654114,84.314880
629,5.241667,-0.033693,0.405541,0.010363,0.913397,-215.964386,96.653435,84.316620
630,5.250000,-0.033729,0.405521,0.010245,0.913406,-215.962570,96.654060,84.318878
631,5.258333,-0.033812,0.405521,0.010264,0.913402,-215.960342,96.654816,84.319794
632,5.266667,-0.033845,0.405566,0.010290,0.913381,-215.959045,96.655540,84.321533
633,5.275000,-0.033895,0.405514,0.010348,0.913402,-215.959351,96.657585,84.322281
634,5.283333,-0.033872,0.405528,0.010213,0.913398,-215.960556,96.662201,84.323273
635,5.291667,-0.033926,0.405506,0.010131,0.913407,-215.963486,96.667236,84.323654
636,5.300000,-0.034176,0.405488,0.009980,0.913407,-215.966248,96.675301,84.324318
637,5.308333,-0.034330,0.405415,0.009984,0.913433,-215.969345,96.683159,84.325294
638,5.316667,-0.034670,0.405371,0.009898,0.913441,-215.971161,96.692947,84.327248
639,5.325000,-0.034947,0.405299,0.009700,0.913464,-215.972778,96.702644,84.330734
640,5.333333,-0.035251,0.405205,0.009552,0.913496,-215.972092,96.711029,84.337128
641,5.341667,-0.035597,0.405110,0.009313,0.913527,-215.968994,96.717552,84.344658
642,5.350000,-0.035738,0.405160,0.008902,0.913504,-215.965652,96.724823,84.357582
643,5.358333,-0.035810,0.405083,0.008678,0.913537,-215.960724,96.732811,84.369049
644,5.366667,-0.035998,0.405094,0.008473,0.913527,-215.955933,96.742081,84.380814
645,5.375000,-0.035799,0.405956,0.010781,0.913128,-215.941864,96.730606,84.404266
646,5.383333,-0.036344,0.405931,0.010374,0.913122,-215.937714,96.740898,84.420601
647,5.391667,-0.036902,0.405170,0.008454,0.913457,-215.941528,96.761673,84.428574
648,5.400000,-0.037235,0.404611,0.006911,0.913704,-215.937256,96.773911,84.440948
649,5.408333,-0.037467,0.404585,0.006174,0.913712,-215.928299,96.780670,84.458565
650,5.416667,-0.037586,0.404488,0.005898,0.913752,-215.919250,96.784523,84.481583
651,5.425000,-0.037682,0.404692,0.005761,0.913658,-215.908096,96.786766,84.504456
652,5.433333,-0.036769,0.405496,0.006956,0.913330,-215.887268,96.763237,84.540520
653,5.441667,-0.035817,0.407307,0.010904,0.912523,-215.857910,96.714607,84.592865
654,5.450000,-0.035429,0.407803,0.011627,0.912309,-215.834641,96.686272,84.637703
655,5.458333,-0.035300,0.407091,0.010342,0.912647,-215.816711,96.675781,84.672379
656,5.466667,-0.035334,0.406851,0.010208,0.912754,-215.785355,96.655746,84.707153
657,5.475000,-0.035087,0.407181,0.009795,0.912621,-215.753464,96.636322,84.737564
658,5.483333,-0.035170,0.407907,0.009427,0.912297,-215.720398,96.599350,84.780487
659,5.491667,-0.034076,0.408553,0.010024,0.912043,-215.676849,96.543015,84.839195
660,5.500000,-0.032207,0.410130,0.013324,0.911361,-215.621780,96.457085,84.923592
661,5.508333,-0.031885,0.409935,0.012213,0.911475,-215.589783,96.399734,84.976112
662,5.516667,-0.031846,0.409783,0.011330,0.911557,-215.553665,96.346748,85.029167
663,5.525000,-0.031348,0.409837,0.012058,0.911540,-215.507629,96.292358,85.094345
664,5.533333,-0.028995,0.411715,0.015941,0.910712,-215.452789,96.205727,85.182884
665,5.541667,-0.027237,0.411618,0.014746,0.910830,-215.417999,96.138374,85.246025
666,5.550000,-0.025888,0.411484,0.013841,0.910944,-215.368484,96.062920,85.319588
667,5.558333,-0.025372,0.411685,0.013373,0.910875,-215.325745,95.995338,85.386864
668,5.566667,-0.025131,0.413784,0.017146,0.909867,-215.272949,95.917885,85.473480
669,5.575000,-0.024160,0.413669,0.016401,0.909959,-215.233856,95.882202,85.535919
670,5.583333,-0.022563,0.413690,0.015580,0.910005,-215.188812,95.829185,85.607407
671,5.591667,-0.022614,0.414479,0.013752,0.909674,-215.150330,95.783119,85.668457
672,5.600000,-0.023368,0.414472,0.012567,0.909675,-215.110535,95.750771,85.720551
673,5.608333,-0.023586,0.416068,0.015314,0.908899,-215.058655,95.704170,85.802238
674,5.616667,-0.022940,0.416411,0.015313,0.908758,-215.030579,95.690956,85.861656
675,5.625000,-0.022122,0.416844,0.015848,0.908571,-214.997314,95.677292,85.919777
676,5.633333,-0.022065,0.416950,0.016128,0.908519,-214.954422,95.665070,85.977730
677,5.641667,-0.022928,0.417156,0.015858,0.908407,-214.912628,95.657394,86.040459
678,5.650000,-0.023452,0.417627,0.015583,0.908182,-214.874847,95.659729,86.099960
679,5.658333,-0.023378,0.418977,0.017723,0.907523,-214.826538,95.654678,86.175285
680,5.666667,-0.024073,0.419023,0.017538,0.907487,-214.776367,95.678619,86.249252
681,5.675000,-0.024094,0.419055,0.017003,0.907482,-214.742310,95.686203,86.326012
682,5.683333,-0.024974,0.419418,0.016214,0.907305,-214.693039,95.706184,86.383835
683,5.691667,-0.026658,0.419847,0.014769,0.907083,-214.636230,95.742172,86.438538
684,5.700000,-0.028753,0.420030,0.012544,0.906968,-214.571091,95.780670,86.488991
685,5.708333,-0.030343,0.420693,0.011239,0.906626,-214.499664,95.810173,86.545990
686,5.716667,-0.031400,0.422527,0.013010,0.905713,-214.430283,95.830872,86.616577
687,5.725000,-0.032134,0.422875,0.012627,0.905530,-214.378784,95.873238,86.674133
688,5.733333,-0.033042,0.423194,0.012526,0.905350,-214.330170,95.925148,86.739143
689,5.741667,-0.034385,0.423710,0.012845,0.905054,-214.278702,95.986420,86.798576
690,5.750000,-0.035884,0.424450,0.012468,0.904654,-214.231445,96.055382,86.856377
691,5.758333,-0.037534,0.425101,0.011680,0.904292,-214.181427,96.117989,86.901024
692,5.766667,-0.039013,0.425482,0.010524,0.904065,-214.130280,96.171738,86.946198
693,5.775000,-0.040511,0.425748,0.009285,0.903887,-214.081863,96.220932,86.992096
694,5.783333,-0.041405,0.427499,0.011455,0.902995,-214.022018,96.236244,87.064156
695,5.791667,-0.042449,0.428472,0.011553,0.902484,-213.969543,96.258858,87.129669
696,5.800000,-0.043505,0.428746,0.010079,0.902321,-213.920380,96.296143,87.185295
697,5.808333,-0.044903,0.428783,0.009337,0.902243,-213.877487,96.330322,87.236176
698,5.816667,-0.046354,0.429170,0.008858,0.901990,-213.828918,96.363419,87.291489
699,5.825000,-0.047878,0.429490,0.008092,0.901765,-213.771088,96.397202,87.341499
700,5.833333,-0.049053,0.429892,0.007023,0.901519,-213.716843,96.429741,87.381874
701,5.841667,-0.049777,0.430182,0.006196,0.901348,-213.664703,96.455940,87.421265
702,5.850000,-0.048971,0.432139,0.008783,0.900434,-213.592667,96.457497,87.489975
703,5.858333,-0.048918,0.432740,0.009402,0.900141,-213.530548,96.469208,87.545029
704,5.866667,-0.049222,0.432506,0.009175,0.900240,-213.477753,96.481201,87.589622
705,5.875000,-0.049723,0.432726,0.008917,0.900109,-213.424088,96.487198,87.631653
706,5.883333,-0.049482,0.433442,0.007836,0.899788,-213.366440,96.486351,87.674744
707,5.891667,-0.048802,0.435407,0.008975,0.898865,-213.296432,96.466919,87.729469
708,5.900000,-0.048731,0.435785,0.008344,0.898692,-213.227890,96.464798,87.774681
709,5.908333,-0.049327,0.436275,0.008700,0.898418,-213.166550,96.450272,87.820206
710,5.916667,-0.050007,0.436593,0.007802,0.898234,-213.119507,96.439751,87.855698
711,5.925000,-0.050181,0.437863,0.009274,0.897592,-213.059479,96.409210,87.898140
712,5.933333,-0.050223,0.438224,0.009116,0.897415,-212.998383,96.395561,87.944382
713,5.941667,-0.050155,0.438843,0.009453,0.897113,-212.940567,96.377907,87.987793
714,5.950000,-0.050240,0.439504,0.009350,0.896786,-212.885925,96.363434,88.023941
715,5.958333,-0.050226,0.440278,0.009671,0.896404,-212.833542,96.344170,88.057510
716,5.966667,-0.050126,0.440312,0.009473,0.896395,-212.774918,96.321449,88.101097
717,5.975000,-0.049518,0.440690,0.011429,0.896220,-212.705811,96.277435,88.153038
718,5.983333,-0.048514,0.440537,0.010657,0.896359,-212.649948,96.244034,88.198181
719,5.991667,-0.048281,0.441938,0.010236,0.895687,-212.599823,96.207153,88.241241
720,6.000000,-0.048359,0.442648,0.009782,0.895337,-212.542587,96.168854,88.281120
721,6.008333,-0.048738,0.442845,0.009005,0.895227,-212.484024,96.144318,88.318924
722,6.016667,-0.048211,0.443337,0.008486,0.895017,-212.426758,96.126175,88.357536
723,6.025000,-0.048054,0.444008,0.008474,0.894693,-212.364319,96.108780,88.390480
724,6.033333,-0.048284,0.444355,0.008523,0.894508,-212.300964,96.095848,88.418701
725,6.041667,-0.048446,0.445457,0.010605,0.893929,-212.225082,96.071442,88.459869
726,6.050000,-0.048105,0.446314,0.011722,0.893506,-212.161087,96.048050,88.498375
727,6.058333,-0.047432,0.446424,0.011258,0.893493,-212.113312,96.025932,88.537857
728,6.066667,-0.046434,0.446743,0.009767,0.893403,-212.059570,96.006218,88.577423
729,6.075000,-0.045749,0.446980,0.008992,0.893328,-211.991760,95.985565,88.615204
730,6.083333,-0.046232,0.447421,0.007772,0.893094,-211.930878,95.966568,88.653633
731,6.091667,-0.046424,0.448742,0.009274,0.892406,-211.864853,95.933189,88.700500
732,6.100000,-0.046629,0.449485,0.010355,0.892010,-211.803055,95.908615,88.743126
733,6.108333,-0.046909,0.449937,0.011121,0.891758,-211.740967,95.894890,88.781235
734,6.116667,-0.046684,0.450302,0.010569,0.891592,-211.681152,95.890800,88.819084
735,6.125000,-0.046510,0.450898,0.010510,0.891301,-211.621384,95.881134,88.853035
736,6.133333,-0.046852,0.451744,0.010159,0.890859,-211.548264,95.872025,88.881973
737,6.141667,-0.047280,0.453107,0.011492,0.890127,-211.471100,95.848137,88.922546
738,6.150000,-0.046517,0.453414,0.010209,0.890027,-211.403412,95.822647,88.962051
739,6.158333,-0.045978,0.454132,0.010012,0.889691,-211.345963,95.799309,88.997253
740,6.166667,-0.045196,0.454801,0.009642,0.889394,-211.287598,95.783913,89.033333
741,6.175000,-0.044851,0.454795,0.009499,0.889415,-211.220169,95.776909,89.064445
742,6.183333,-0.045450,0.456261,0.011259,0.888614,-211.146286,95.752632,89.112709
743,6.191667,-0.047152,0.457027,0.011321,0.888130,-211.081528,95.737144,89.148209
744,6.200000,-0.047573,0.457567,0.011578,0.887826,-211.019806,95.720047,89.176651
745,6.208333,-0.047537,0.458327,0.011735,0.887434,-210.956863,95.701996,89.207306
746,6.216667,-0.046725,0.459070,0.011295,0.887099,-210.890961,95.685905,89.249481
747,6.225000,-0.046246,0.459101,0.011712,0.887102,-210.821579,95.670090,89.285316
748,6.233333,-0.046006,0.460158,0.013389,0.886543,-210.752319,95.648270,89.321571
749,6.241667,-0.046483,0.460995,0.013634,0.886080,-210.682266,95.636986,89.350266
750,6.250000,-0.046268,0.461223,0.012438,0.885990,-210.613632,95.622757,89.387009
751,6.258333,-0.045728,0.461358,0.011193,0.885964,-210.542297,95.604767,89.419441
752,6.266667,-0.044963,0.461737,0.010627,0.885813,-210.468887,95.593597,89.457993
753,6.275000,-0.044592,0.462191,0.010679,0.885594,-210.395721,95.587685,89.487175
754,6.283333,-0.045251,0.463908,0.012079,0.884645,-210.321838,95.562668,89.531189
755,6.291667,-0.046084,0.464818,0.012000,0.884125,-210.253265,95.544930,89.564003
756,6.300000,-0.046406,0.465324,0.012429,0.883836,-210.178253,95.528084,89.599525
757,6.308333,-0.046980,0.465529,0.012384,0.883698,-210.116989,95.518341,89.625130
758,6.316667,-0.047834,0.465717,0.011004,0.883571,-210.065216,95.524712,89.643639
759,6.325000,-0.049201,0.466000,0.009808,0.883361,-209.994553,95.531425,89.659424
760,6.333333,-0.047628,0.468040,0.012690,0.882331,-209.901611,95.495682,89.715942
761,6.341667,-0.045865,0.468770,0.013365,0.882028,-209.823486,95.464645,89.771370
762,6.350000,-0.044335,0.469580,0.014725,0.881653,-209.755951,95.431137,89.806870
763,6.358333,-0.043147,0.470488,0.015475,0.881215,-209.687012,95.401855,89.837662
764,6.366667,-0.043192,0.470240,0.013719,0.881374,-209.622528,95.394257,89.865341
765,6.375000,-0.042893,0.470495,0.013074,0.881263,-209.549759,95.381554,89.894691
766,6.383333,-0.042846,0.472851,0.015512,0.879964,-209.466858,95.338295,89.939323
767,6.391667,-0.043345,0.474007,0.015277,0.879321,-209.404175,95.320358,89.963577
768,6.400000,-0.043668,0.474448,0.015813,0.879058,-209.328247,95.302261,89.995659
769,6.408333,-0.044383,0.474582,0.015947,0.878947,-209.260132,95.295074,90.029449
770,6.416667,-0.044864,0.474830,0.014756,0.878810,-209.194611,95.301781,90.055153
771,6.425000,-0.045040,0.476066,0.015835,0.878113,-209.114975,95.282707,90.087379
772,6.433333,-0.044701,0.476954,0.016922,0.877628,-209.036926,95.260414,90.118423
773,6.441667,-0.044253,0.477656,0.017392,0.877260,-208.960175,95.241150,90.146965
774,6.450000,-0.043614,0.477323,0.015859,0.877502,-208.889862,95.226166,90.173836
775,6.458333,-0.042995,0.478253,0.015407,0.877034,-208.823975,95.207848,90.202835
776,6.466667,-0.043065,0.478755,0.014262,0.876776,-208.757187,95.200226,90.229179
777,6.475000,-0.042683,0.479115,0.015711,0.876573,-208.671738,95.182243,90.254494
778,6.483333,-0.044203,0.479800,0.015266,0.876131,-208.600403,95.174484,90.281815
779,6.491667,-0.045001,0.480761,0.015406,0.875561,-208.527252,95.162804,90.315460
780,6.500000,-0.045382,0.481736,0.015404,0.875005,-208.460495,95.146667,90.347336
781,6.508333,-0.045471,0.482680,0.015500,0.874478,-208.391830,95.126663,90.367012
782,6.516667,-0.045293,0.483585,0.016740,0.873964,-208.316391,95.102669,90.394936
783,6.525000,-0.045179,0.484200,0.017602,0.873613,-208.241516,95.082947,90.418488
784,6.533333,-0.045576,0.484477,0.017141,0.873448,-208.163864,95.076706,90.443855
785,6.541667,-0.045708,0.485175,0.017137,0.873053,-208.091980,95.067329,90.469231
786,6.550000,-0.045779,0.485967,0.016028,0.872630,-208.003540,95.058189,90.491302
787,6.558333,-0.045865,0.486503,0.014186,0.872359,-207.922607,95.052505,90.511360
788,6.566667,-0.046298,0.487024,0.013502,0.872056,-207.847778,95.042442,90.541603
789,6.575000,-0.044514,0.488317,0.015911,0.871385,-207.761093,95.000443,90.592285
790,6.583333,-0.044815,0.488722,0.016305,0.871135,-207.699402,94.985931,90.614311
791,6.591667,-0.045756,0.488706,0.015787,0.871105,-207.639313,94.983742,90.629753
792,6.600000,-0.046499,0.489159,0.015411,0.870818,-207.568954,94.978531,90.639252
793,6.608333,-0.046915,0.489729,0.015161,0.870480,-207.488220,94.969627,90.661339
794,6.616667,-0.047744,0.490283,0.014842,0.870128,-207.421036,94.966743,90.686592
795,6.625000,-0.045087,0.492275,0.017476,0.869096,-207.333344,94.920082,90.749878
796,6.633333,-0.045970,0.492551,0.017297,0.868897,-207.270508,94.915367,90.770027
797,6.641667,-0.047193,0.492914,0.017488,0.868621,-207.202744,94.912979,90.779404
798,6.650000,-0.047586,0.492705,0.015898,0.868749,-207.131073,94.908737,90.790054
799,6.658333,-0.047294,0.493616,0.015037,0.868263,-207.053467,94.897499,90.803673
800,6.666667,-0.047470,0.494639,0.014509,0.867680,-206.974243,94.892578,90.824219
801,6.675000,-0.044384,0.496695,0.017407,0.866615,-206.870789,94.843719,90.891312
802,6.683333,-0.043320,0.496815,0.017655,0.866595,-206.792313,94.839233,90.907959
803,6.691667,-0.044131,0.496801,0.017370,0.866568,-206.725220,94.830269,90.925606
804,6.700000,-0.045508,0.497641,0.016809,0.866026,-206.661194,94.822655,90.940071
805,6.708333,-0.046507,0.498146,0.015506,0.865706,-206.585510,94.822685,90.944794
806,6.716667,-0.047473,0.498640,0.014482,0.865387,-206.508636,94.824799,90.953514
807,6.725000,-0.044299,0.500744,0.017883,0.864276,-206.397034,94.772354,91.021767
808,6.733333,-0.043707,0.501233,0.019122,0.863996,-206.314926,94.755844,91.048401
809,6.741667,-0.044142,0.501341,0.019446,0.863904,-206.251877,94.748451,91.063576
810,6.750000,-0.044345,0.501855,0.019785,0.863588,-206.188110,94.736221,91.082565
811,6.758333,-0.044639,0.502789,0.020069,0.863022,-206.107376,94.730354,91.100052
812,6.766667,-0.044346,0.503223,0.018658,0.862817,-206.024902,94.720612,91.118721
813,6.775000,-0.042954,0.504179,0.018349,0.862335,-205.936462,94.697914,91.143066
814,6.783333,-0.042020,0.505245,0.018985,0.861743,-205.851791,94.678177,91.165627
815,6.791667,-0.041968,0.505771,0.018831,0.861441,-205.773849,94.668945,91.179794
816,6.800000,-0.043496,0.506158,0.017898,0.861157,-205.702942,94.655701,91.196686
817,6.808333,-0.043688,0.506815,0.018339,0.860752,-205.629395,94.637917,91.218246
818,6.816667,-0.043765,0.507443,0.018185,0.860381,-205.555176,94.627228,91.239639
819,6.825000,-0.043172,0.508759,0.018280,0.859632,-205.467743,94.610130,91.261078
820,6.833333,-0.043120,0.509467,0.018579,0.859208,-205.381897,94.600731,91.278122
821,6.841667,-0.044007,0.510072,0.019129,0.858792,-205.308197,94.593361,91.294388
822,6.850000,-0.044788,0.510528,0.020087,0.858459,-205.228470,94.584152,91.315987
823,6.858333,-0.045162,0.510560,0.020447,0.858412,-205.148987,94.574867,91.330215
824,6.866667,-0.044856,0.511572,0.020839,0.857816,-205.066940,94.565018,91.348511
825,6.875000,-0.043109,0.512976,0.020464,0.857076,-204.975540,94.543327,91.373550
826,6.883333,-0.042337,0.513597,0.019707,0.856760,-204.888657,94.527779,91.390190
827,6.891667,-0.042413,0.514195,0.019386,0.856404,-204.806061,94.515785,91.410217
828,6.900000,-0.043164,0.514470,0.019236,0.856205,-204.724854,94.502731,91.432274
829,6.908333,-0.043396,0.515226,0.019212,0.855739,-204.649948,94.492104,91.446892
830,6.916667,-0.043801,0.516128,0.018639,0.855187,-204.574402,94.486534,91.457008
831,6.925000,-0.042979,0.516910,0.019394,0.854740,-204.484863,94.469620,91.481575
832,6.933333,-0.042329,0.517833,0.020092,0.854198,-204.395966,94.458061,91.509933
833,6.941667,-0.041852,0.518328,0.020399,0.853913,-204.313538,94.451294,91.533684
834,6.950000,-0.042069,0.518734,0.021128,0.853639,-204.238098,94.444748,91.546310
835,6.958333,-0.042607,0.519304,0.021576,0.853254,-204.167480,94.439987,91.553513
836,6.966667,-0.043727,0.520145,0.021624,0.852684,-204.084427,94.434540,91.563637
837,6.975000,-0.043271,0.521032,0.022011,0.852155,-203.987885,94.421608,91.581825
838,6.983333,-0.043120,0.522063,0.022063,0.851530,-203.901718,94.412407,91.592949
839,6.991667,-0.042155,0.522712,0.021561,0.851193,-203.819824,94.392365,91.613312
840,7.000000,-0.041668,0.523369,0.021890,0.850805,-203.745743,94.374214,91.626648
841,7.008333,-0.041843,0.523551,0.022240,0.850676,-203.669434,94.360939,91.632370
842,7.016667,-0.042489,0.523840,0.021952,0.850473,-203.584167,94.340889,91.654022
843,7.025000,-0.042155,0.524742,0.021554,0.849944,-203.489990,94.312775,91.677765
844,7.033333,-0.042195,0.525690,0.020845,0.849373,-203.408295,94.295616,91.684280
845,7.041667,-0.042732,0.526304,0.020551,0.848973,-203.338654,94.287285,91.687187
846,7.050000,-0.043509,0.526881,0.021776,0.848546,-203.267319,94.277473,91.694435
847,7.058333,-0.043796,0.527787,0.022615,0.847946,-203.191116,94.267838,91.696709
848,7.066667,-0.043478,0.528760,0.022640,0.847355,-203.112061,94.267998,91.695717
849,7.075000,-0.043306,0.528961,0.022013,0.847255,-203.032349,94.267860,91.690292
850,7.083333,-0.043391,0.529252,0.021741,0.847075,-202.961777,94.268265,91.685150
851,7.091667,-0.044012,0.529634,0.021782,0.846804,-202.897522,94.268311,91.682945
852,7.100000,-0.044148,0.529993,0.022585,0.846551,-202.834824,94.263008,91.682877
853,7.108333,-0.044110,0.530652,0.023086,0.846127,-202.773926,94.258392,91.679504
854,7.116667,-0.044005,0.531634,0.022806,0.845523,-202.715271,94.256508,91.672905
855,7.125000,-0.043711,0.532503,0.022253,0.845005,-202.658112,94.256493,91.659637
856,7.133333,-0.043826,0.533078,0.022304,0.844636,-202.605682,94.254684,91.649376
857,7.141667,-0.043975,0.533107,0.022191,0.844613,-202.548767,94.249519,91.645752
858,7.150000,-0.043699,0.533141,0.022284,0.844603,-202.486847,94.240509,91.641182
859,7.158333,-0.043205,0.533595,0.023112,0.844320,-202.426117,94.229179,91.635193
860,7.166667,-0.042104,0.534199,0.022454,0.844011,-202.364807,94.207153,91.630692
861,7.175000,-0.042727,0.534991,0.021916,0.843492,-202.309723,94.181778,91.626129
862,7.183333,-0.042889,0.535638,0.021629,0.843081,-202.256012,94.160873,91.619987
863,7.191667,-0.042732,0.535959,0.021260,0.842894,-202.209778,94.146988,91.613464
864,7.200000,-0.042147,0.536167,0.021145,0.842794,-202.164459,94.131042,91.604225
865,7.208333,-0.041771,0.536398,0.021117,0.842666,-202.118988,94.108681,91.593239
866,7.216667,-0.041097,0.537033,0.021417,0.842287,-202.068741,94.080544,91.581512
867,7.225000,-0.040674,0.537602,0.021880,0.841933,-202.016708,94.044144,91.570068
868,7.233333,-0.040519,0.538222,0.022540,0.841527,-201.968979,94.010681,91.557709
869,7.241667,-0.041079,0.538828,0.023065,0.841098,-201.922531,93.975319,91.546288
870,7.250000,-0.041130,0.539274,0.023606,0.840794,-201.880096,93.942688,91.538704
871,7.258333,-0.040680,0.539495,0.023251,0.840684,-201.838211,93.912766,91.528778
872,7.266667,-0.039962,0.539872,0.023195,0.840478,-201.797989,93.885735,91.514137
873,7.275000,-0.039547,0.540256,0.023563,0.840240,-201.754456,93.858612,91.493103
874,7.283333,-0.039023,0.540559,0.023995,0.840058,-201.708725,93.834267,91.476357
875,7.291667,-0.038487,0.540827,0.024473,0.839897,-201.661163,93.806442,91.467278
876,7.300000,-0.037332,0.541114,0.024117,0.839774,-201.616577,93.770210,91.468346
877,7.308333,-0.035984,0.541608,0.023720,0.839526,-201.574402,93.724709,91.469688
878,7.316667,-0.036377,0.542297,0.023091,0.839081,-201.532700,93.674942,91.466713
879,7.325000,-0.035824,0.543007,0.023278,0.838641,-201.489761,93.627563,91.456367
880,7.333333,-0.034999,0.543369,0.023791,0.838427,-201.444321,93.579597,91.445816
881,7.341667,-0.034846,0.543903,0.024310,0.838072,-201.397354,93.531181,91.438553
882,7.350000,-0.034463,0.544333,0.024477,0.837804,-201.348953,93.480942,91.439407
883,7.358333,-0.033663,0.544805,0.024726,0.837522,-201.295654,93.431129,91.443817
884,7.366667,-0.032965,0.545019,0.024993,0.837402,-201.241898,93.388451,91.444969
885,7.375000,-0.031623,0.545094,0.024173,0.837430,-201.190491,93.347229,91.447296
886,7.383333,-0.030506,0.545399,0.024007,0.837277,-201.144196,93.310455,91.444595
887,7.391667,-0.029547,0.545620,0.024848,0.837143,-201.090317,93.273132,91.433754
888,7.400000,-0.029181,0.546064,0.024448,0.836878,-201.037689,93.251976,91.431114
889,7.408333,-0.028685,0.546767,0.024564,0.836433,-200.986938,93.233742,91.435471
890,7.416667,-0.028244,0.547098,0.023781,0.836254,-200.943680,93.230476,91.428673
891,7.425000,-0.028218,0.547291,0.023343,0.836141,-200.894287,93.230141,91.422531
892,7.433333,-0.028278,0.547288,0.022977,0.836151,-200.841934,93.236328,91.419960
893,7.441667,-0.028979,0.547179,0.021406,0.836240,-200.795990,93.249741,91.419044
894,7.450000,-0.031063,0.547770,0.020324,0.835805,-200.747055,93.249046,91.417328
895,7.458333,-0.031852,0.548263,0.019766,0.835466,-200.695328,93.248100,91.419777
896,7.466667,-0.032227,0.548597,0.019338,0.835242,-200.646591,93.252640,91.423897
897,7.475000,-0.032708,0.548768,0.019103,0.835116,-200.599747,93.262306,91.427109
898,7.483333,-0.033582,0.548966,0.018620,0.834962,-200.552155,93.280006,91.428238
899,7.491667,-0.034055,0.549228,0.018082,0.834783,-200.502991,93.302902,91.427490
900,7.500000,-0.034545,0.549777,0.017736,0.834409,-200.450943,93.325943,91.430244
901,7.508333,-0.035107,0.550162,0.017767,0.834130,-200.401886,93.348045,91.430672
902,7.516667,-0.035282,0.550677,0.018017,0.833778,-200.351593,93.361839,91.431435
903,7.525000,-0.035347,0.551158,0.017681,0.833464,-200.298126,93.369797,91.432610
904,7.533333,-0.035513,0.551566,0.017166,0.833198,-200.245285,93.381920,91.435394
905,7.541667,-0.035852,0.551765,0.016980,0.833056,-200.194580,93.394127,91.434654
906,7.550000,-0.033966,0.554163,0.023397,0.831386,-200.118134,93.346161,91.475266
907,7.558333,-0.034233,0.554621,0.024247,0.831045,-200.065109,93.350052,91.481422
908,7.566667,-0.034045,0.554627,0.024770,0.831033,-200.020432,93.355194,91.480736
909,7.575000,-0.033635,0.554774,0.025418,0.830932,-199.973709,93.355087,91.480293
910,7.583333,-0.033396,0.555283,0.025987,0.830584,-199.924530,93.350151,91.479294
911,7.591667,-0.033213,0.555965,0.026190,0.830129,-199.874023,93.340927,91.478767
912,7.600000,-0.033403,0.556954,0.026164,0.829459,-199.821259,93.326012,91.476151
913,7.608333,-0.033736,0.557573,0.025731,0.829043,-199.772217,93.318855,91.474823
914,7.616667,-0.033944,0.557835,0.025274,0.828872,-199.724426,93.315918,91.471542
915,7.625000,-0.034166,0.558075,0.025057,0.828708,-199.677170,93.316078,91.470848
916,7.633333,-0.034355,0.558213,0.025196,0.828603,-199.628860,93.317520,91.469414
917,7.641667,-0.034006,0.558496,0.025694,0.828412,-199.578522,93.315071,91.466019
918,7.650000,-0.033199,0.558840,0.026540,0.828186,-199.528259,93.310440,91.461334
919,7.658333,-0.032750,0.559129,0.026777,0.828001,-199.479599,93.301399,91.461479
920,7.666667,-0.031908,0.559410,0.026490,0.827853,-199.431427,93.288940,91.462753
921,7.675000,-0.031317,0.559842,0.026550,0.827582,-199.385818,93.279495,91.461967
922,7.683333,-0.031123,0.559967,0.026358,0.827510,-199.344727,93.267555,91.456955
923,7.691667,-0.030918,0.560255,0.025495,0.827350,-199.301071,93.250038,91.453049
924,7.700000,-0.030529,0.560724,0.024905,0.827065,-199.260239,93.234230,91.446365
925,7.708333,-0.031930,0.561350,0.024585,0.826596,-199.219818,93.214188,91.440781
926,7.716667,-0.032591,0.562002,0.024783,0.826122,-199.178329,93.201324,91.431038
927,7.725000,-0.032778,0.562561,0.024880,0.825731,-199.133804,93.192261,91.419830
928,7.733333,-0.032678,0.562961,0.024809,0.825464,-199.085892,93.183319,91.409637
929,7.741667,-0.032526,0.563279,0.024844,0.825253,-199.044174,93.173538,91.400238
930,7.750000,-0.032545,0.563721,0.024939,0.824947,-199.006958,93.159958,91.392738
931,7.758333,-0.032425,0.564270,0.025135,0.824570,-198.973770,93.143585,91.388412
932,7.766667,-0.032205,0.564631,0.025160,0.824331,-198.943039,93.128448,91.384628
933,7.775000,-0.032099,0.564899,0.025178,0.824151,-198.916336,93.119743,91.377220
934,7.783333,-0.032139,0.564984,0.025153,0.824092,-198.887817,93.114594,91.363213
935,7.791667,-0.032072,0.565193,0.025064,0.823954,-198.857849,93.110809,91.353622
936,7.800000,-0.031958,0.565396,0.025151,0.823816,-198.826935,93.100204,91.348770
937,7.808333,-0.031871,0.565618,0.025446,0.823658,-198.794693,93.082687,91.348213
938,7.816667,-0.031634,0.565691,0.025778,0.823607,-198.758423,93.056297,91.348740
939,7.825000,-0.031076,0.565877,0.026127,0.823490,-198.716690,93.024536,91.351166
940,7.833333,-0.030014,0.566401,0.026725,0.823149,-198.670425,92.991226,91.350693
941,7.841667,-0.029014,0.566769,0.026932,0.822925,-198.626831,92.954102,91.344772
942,7.850000,-0.027555,0.567107,0.026216,0.822766,-198.579483,92.910645,91.329086
943,7.858333,-0.026755,0.567737,0.025856,0.822369,-198.522705,92.860588,91.296318
944,7.866667,-0.027481,0.568549,0.025808,0.821785,-198.460266,92.797928,91.269905
945,7.875000,-0.027815,0.569134,0.025892,0.821366,-198.394196,92.739067,91.250862
946,7.883333,-0.027327,0.569675,0.027003,0.820972,-198.316528,92.678902,91.225250
947,7.891667,-0.026155,0.570729,0.028321,0.820233,-198.227509,92.622307,91.186508
948,7.900000,-0.025898,0.571780,0.028116,0.819516,-198.143799,92.582176,91.150436
949,7.908333,-0.025773,0.572294,0.027501,0.819182,-198.054016,92.557442,91.112579
950,7.916667,-0.025382,0.572874,0.027543,0.818787,-197.959274,92.538864,91.069466
951,7.925000,-0.025172,0.573871,0.028266,0.818070,-197.869232,92.525375,91.033234
952,7.933333,-0.025202,0.574887,0.028978,0.817331,-197.766800,92.510750,90.989594
953,7.941667,-0.024832,0.576085,0.027831,0.816538,-197.654434,92.494720,90.940170
954,7.950000,-0.024275,0.577033,0.027874,0.815884,-197.555542,92.492409,90.899483
955,7.958333,-0.024199,0.577863,0.028179,0.815288,-197.463577,92.498634,90.855659
956,7.966667,-0.024401,0.578500,0.027882,0.814840,-197.369736,92.511848,90.809418
957,7.975000,-0.025581,0.578934,0.026757,0.814534,-197.293777,92.537788,90.765724
958,7.983333,-0.024834,0.579980,0.026235,0.813829,-197.206451,92.535072,90.726608
959,7.991667,-0.025596,0.580889,0.025968,0.813166,-197.120316,92.528603,90.675797
960,8.000000,-0.025180,0.582095,0.026214,0.812308,-197.036926,92.510849,90.648109
961,8.008333,-0.024861,0.582030,0.024712,0.812411,-196.982727,92.516228,90.610764
962,8.016667,-0.024093,0.582000,0.023926,0.812479,-196.925781,92.510757,90.576782
963,8.025000,-0.023619,0.582249,0.022925,0.812344,-196.872223,92.494659,90.538994
964,8.033333,-0.023608,0.582786,0.021396,0.812001,-196.823456,92.471748,90.499008
965,8.041667,-0.024603,0.582905,0.020085,0.811919,-196.782562,92.434540,90.458427
966,8.050000,-0.025355,0.582663,0.018771,0.812101,-196.748825,92.378876,90.411964
967,8.058333,-0.028407,0.582931,0.016504,0.811857,-196.709518,92.300133,90.367493
968,8.066667,-0.028634,0.583457,0.014316,0.811513,-196.658859,92.283592,90.344627
969,8.075000,-0.027395,0.583259,0.013276,0.811715,-196.615402,92.296638,90.336075
970,8.083333,-0.026129,0.582428,0.012891,0.812360,-196.590393,92.310509,90.339622
971,8.091667,-0.025737,0.581780,0.013151,0.812832,-196.591629,92.313301,90.352745
972,8.100000,-0.025551,0.581134,0.013665,0.813292,-196.609329,92.310074,90.380333
973,8.108333,-0.025081,0.581092,0.014752,0.813317,-196.644073,92.304092,90.422707
974,8.116667,-0.024572,0.581206,0.016332,0.813221,-196.678574,92.293739,90.473717
975,8.125000,-0.023910,0.581013,0.018201,0.813339,-196.707855,92.283951,90.528275
976,8.133333,-0.023045,0.581154,0.020785,0.813201,-196.727402,92.278984,90.591118
977,8.141667,-0.021248,0.581299,0.022412,0.813104,-196.740295,92.279030,90.661736
978,8.150000,-0.019276,0.581308,0.023900,0.813104,-196.739777,92.275864,90.736923
979,8.158333,-0.017590,0.581240,0.025484,0.813143,-196.734314,92.274414,90.814445
980,8.166667,-0.015613,0.580660,0.026538,0.813564,-196.721970,92.262878,90.892570
981,8.175000,-0.013596,0.580373,0.026224,0.813815,-196.697800,92.248528,90.980843
982,8.183333,-0.010374,0.580693,0.026133,0.813637,-196.657318,92.237076,91.084679
983,8.191667,-0.006890,0.580104,0.026430,0.814084,-196.612518,92.233269,91.186432
984,8.200000,-0.003480,0.579269,0.027553,0.814663,-196.565384,92.234306,91.284584
985,8.208333,-0.000345,0.579044,0.028858,0.814785,-196.515060,92.238762,91.375198
986,8.216667,0.001893,0.578781,0.029327,0.814954,-196.466248,92.244545,91.449913
987,8.225000,0.003776,0.578863,0.029468,0.814884,-196.417007,92.245491,91.512665
988,8.233333,0.005041,0.579598,0.029000,0.814371,-196.368591,92.249260,91.566071
989,8.241667,0.006264,0.580917,0.028290,0.813447,-196.322052,92.256500,91.606483
990,8.250000,0.007778,0.581861,0.027051,0.812801,-196.276398,92.260193,91.634163
991,8.258333,0.009335,0.583120,0.025881,0.811920,-196.228378,92.260674,91.647362
992,8.266667,0.010444,0.584562,0.024346,0.810916,-196.177902,92.257378,91.642761
993,8.275000,0.011228,0.585699,0.023002,0.810124,-196.140167,92.257706,91.632866
994,8.283333,0.011238,0.586772,0.021882,0.809378,-196.121902,92.263992,91.618195
995,8.291667,0.010422,0.587671,0.021488,0.808747,-196.124207,92.269119,91.605606
996,8.300000,0.009259,0.588529,0.021680,0.808132,-196.144363,92.269241,91.595207
997,8.308333,0.008085,0.589336,0.022614,0.807531,-196.180969,92.266975,91.589371
998,8.316667,0.006931,0.590089,0.024234,0.806945,-196.230392,92.266922,91.573975
999,8.325000,0.005739,0.590776,0.024871,0.806432,-196.281952,92.259331,91.546509
1000,8.333333,0.003994,0.591683,0.025385,0.805761,-196.334351,92.254730,91.504509
1001,8.341667,0.002516,0.592627,0.025948,0.805055,-196.379669,92.239189,91.456764
1002,8.350000,0.000707,0.593411,0.026025,0.804478,-196.431061,92.232307,91.389534
1003,8.358333,-0.001562,0.594204,0.025874,0.803897,-196.484467,92.232910,91.314980
1004,8.366667,-0.004847,0.595110,0.025729,0.803218,-196.536041,92.231598,91.234329
1005,8.375000,-0.007681,0.596276,0.025338,0.802343,-196.586029,92.237076,91.141167
1006,8.383333,-0.010398,0.597338,0.025075,0.801530,-196.623856,92.248207,91.041710
1007,8.391667,-0.013022,0.597880,0.024369,0.801109,-196.648270,92.257462,90.952980
1008,8.400000,-0.015387,0.598395,0.022880,0.800727,-196.663086,92.260719,90.872368
1009,8.408333,-0.017352,0.598923,0.021564,0.800328,-196.671585,92.268005,90.795273
1010,8.416667,-0.018761,0.599590,0.019968,0.799839,-196.661591,92.276146,90.724380
1011,8.425000,-0.018755,0.600540,0.017573,0.799181,-196.635559,92.297340,90.666336
1012,8.433333,-0.019230,0.601135,0.015890,0.798758,-196.613724,92.311684,90.616478
1013,8.441667,-0.020889,0.601347,0.015296,0.798568,-196.592270,92.300217,90.584335
1014,8.450000,-0.020670,0.601332,0.015515,0.798581,-196.579605,92.287132,90.566231
1015,8.458333,-0.020216,0.600985,0.015395,0.798856,-196.570541,92.281250,90.554733
1016,8.466667,-0.019514,0.600454,0.015598,0.799269,-196.561722,92.277054,90.558617
1017,8.475000,-0.019919,0.600333,0.014928,0.799363,-196.543045,92.288986,90.567245
1018,8.483333,-0.018165,0.599579,0.015675,0.799956,-196.537857,92.276886,90.591980
1019,8.491667,-0.016579,0.598589,0.016366,0.800718,-196.533157,92.266632,90.627556
1020,8.500000,-0.015250,0.597362,0.016690,0.801653,-196.522705,92.263588,90.673172
1021,8.508333,-0.014794,0.596207,0.016771,0.802519,-196.508438,92.269928,90.741661
1022,8.516667,-0.013789,0.595285,0.016778,0.803221,-196.497177,92.265373,90.817795
1023,8.525000,-0.011341,0.594398,0.017470,0.803901,-196.485611,92.256042,90.904541
1024,8.533333,-0.007775,0.592941,0.019636,0.804969,-196.473450,92.237366,91.022400
1025,8.541667,-0.004789,0.591677,0.021807,0.805866,-196.463364,92.227592,91.131508
1026,8.550000,-0.002124,0.590538,0.022716,0.806688,-196.453659,92.229439,91.236099
1027,8.558333,0.000259,0.589833,0.024379,0.807157,-196.438110,92.232346,91.324234
1028,8.566667,0.002124,0.589269,0.026248,0.807508,-196.410995,92.226639,91.405663
1029,8.575000,0.003771,0.588453,0.027231,0.808064,-196.389725,92.229820,91.473915
1030,8.583333,0.005135,0.587364,0.028256,0.808813,-196.374435,92.239555,91.529449
1031,8.591667,0.006024,0.586378,0.028847,0.809501,-196.358597,92.244263,91.572762
1032,8.600000,0.006981,0.585370,0.028830,0.810223,-196.339340,92.248238,91.606033
1033,8.608333,0.007102,0.584174,0.027687,0.811125,-196.328552,92.257866,91.617844
1034,8.616667,0.007679,0.583788,0.027711,0.811397,-196.306335,92.249474,91.625618
1035,8.625000,0.007725,0.583243,0.027571,0.811793,-196.288269,92.251793,91.613647
1036,8.633333,0.007855,0.582497,0.026053,0.812377,-196.263611,92.244316,91.590851
1037,8.641667,0.007829,0.581670,0.024684,0.813013,-196.239731,92.241295,91.553635
1038,8.650000,0.007129,0.580930,0.023798,0.813574,-196.221420,92.245308,91.504433
1039,8.658333,0.005900,0.580301,0.023161,0.814051,-196.219055,92.246544,91.452759
1040,8.666667,0.003943,0.579891,0.022303,0.814379,-196.234940,92.254517,91.396637
1041,8.675000,0.001198,0.579643,0.021451,0.814588,-196.281082,92.269287,91.329353
1042,8.683333,-0.000610,0.579840,0.021605,0.814444,-196.333694,92.260674,91.267784
1043,8.691667,-0.003391,0.579866,0.022053,0.814406,-196.392654,92.245918,91.201820
1044,8.700000,-0.006346,0.579396,0.021717,0.814732,-196.451218,92.239059,91.125267
1045,8.708333,-0.008808,0.579332,0.021320,0.814766,-196.503128,92.241333,91.041336
1046,8.716667,-0.010491,0.579366,0.021605,0.814714,-196.545486,92.241867,90.957657
1047,8.725000,-0.011901,0.579045,0.021822,0.814917,-196.579376,92.241066,90.877892
1048,8.733333,-0.012962,0.579031,0.021698,0.814913,-196.598541,92.239815,90.814758
1049,8.741667,-0.014382,0.579237,0.020854,0.814766,-196.609177,92.248688,90.763184
1050,8.750000,-0.015617,0.579463,0.019862,0.814607,-196.609756,92.252167,90.714279
1051,8.758333,-0.016974,0.579498,0.019060,0.814574,-196.613098,92.255302,90.668839
1052,8.766667,-0.018026,0.579547,0.018339,0.814533,-196.614609,92.258881,90.638115
1053,8.775000,-0.018337,0.579585,0.017996,0.814507,-196.614227,92.260681,90.626816
1054,8.783333,-0.018476,0.579605,0.017934,0.814490,-196.617615,92.262306,90.625229
1055,8.791667,-0.018213,0.579650,0.018343,0.814456,-196.621948,92.262230,90.638107
1056,8.800000,-0.017441,0.579561,0.018855,0.814524,-196.626282,92.259544,90.666267
1057,8.808333,-0.016734,0.579259,0.020342,0.814718,-196.635880,92.261658,90.704185
1058,8.816667,-0.015281,0.578951,0.021585,0.814933,-196.630707,92.255829,90.759346
1059,8.825000,-0.013635,0.578577,0.021837,0.815221,-196.617905,92.249313,90.808212
1060,8.833333,-0.012178,0.578077,0.021705,0.815603,-196.594498,92.240837,90.857628
1061,8.841667,-0.010564,0.577815,0.021415,0.815818,-196.560364,92.231590,90.916222
1062,8.850000,-0.007942,0.577367,0.020428,0.816191,-196.511414,92.227776,90.988144
1063,8.858333,-0.005535,0.577168,0.021002,0.816337,-196.448380,92.220787,91.068283
1064,8.866667,-0.003412,0.576963,0.021606,0.816477,-196.394516,92.220543,91.141922
1065,8.875000,-0.000536,0.576611,0.022314,0.816714,-196.340683,92.223946,91.216293
1066,8.883333,0.001672,0.576263,0.022461,0.816954,-196.298172,92.238983,91.282394
1067,8.891667,0.003142,0.575913,0.021800,0.817215,-196.272827,92.247513,91.338577
1068,8.900000,0.003318,0.575717,0.021308,0.817365,-196.272858,92.259689,91.382851
1069,8.908333,0.003671,0.575399,0.022037,0.817568,-196.285934,92.262947,91.422974
1070,8.916667,0.003825,0.575042,0.023661,0.817773,-196.305832,92.263382,91.459236
1071,8.925000,0.004111,0.574854,0.025313,0.817854,-196.328339,92.259216,91.483315
1072,8.933333,0.004175,0.574715,0.026137,0.817925,-196.347778,92.255959,91.494110
1073,8.941667,0.003913,0.574776,0.026593,0.817869,-196.364807,92.253693,91.491409
1074,8.950000,0.003459,0.574926,0.026962,0.817754,-196.380463,92.256592,91.476212
1075,8.958333,0.002706,0.575178,0.026766,0.817586,-196.393036,92.257248,91.448845
1076,8.966667,0.001417,0.575589,0.026174,0.817319,-196.406631,92.259209,91.409348
1077,8.975000,-0.000198,0.576348,0.025850,0.816795,-196.420639,92.257866,91.354790
1078,8.983333,-0.001902,0.576634,0.024288,0.816639,-196.433289,92.252922,91.289101
1079,8.991667,-0.003369,0.577034,0.023457,0.816377,-196.444321,92.233429,91.207542
1080,9.000000,-0.005456,0.576942,0.022031,0.816470,-196.453537,92.228104,91.120544
1081,9.008333,-0.006993,0.576940,0.020809,0.816491,-196.461792,92.225037,91.029022
1082,9.016667,-0.008713,0.577058,0.019692,0.816419,-196.468811,92.231407,90.939522
1083,9.025000,-0.010904,0.577364,0.018586,0.816203,-196.472031,92.238327,90.862450
1084,9.033333,-0.012172,0.577766,0.017425,0.815926,-196.474838,92.248543,90.807785
1085,9.041667,-0.012427,0.578271,0.017119,0.815571,-196.470490,92.246368,90.764297
1086,9.050000,-0.012085,0.578536,0.017185,0.815386,-196.471756,92.241211,90.727112
1087,9.058333,-0.012203,0.578550,0.017079,0.815376,-196.474716,92.237984,90.704498
1088,9.066667,-0.012524,0.578616,0.016824,0.815330,-196.478104,92.238228,90.695808
1089,9.075000,-0.012648,0.578716,0.016858,0.815257,-196.482101,92.239342,90.700256
1090,9.083333,-0.012205,0.578708,0.017259,0.815261,-196.487854,92.237595,90.717697
1091,9.091667,-0.013049,0.578366,0.017341,0.815489,-196.499054,92.251328,90.755783
1092,9.100000,-0.012948,0.578126,0.017979,0.815646,-196.504547,92.252533,90.799278
1093,9.108333,-0.012833,0.578320,0.018582,0.815497,-196.500397,92.255661,90.855316
1094,9.116667,-0.011009,0.577794,0.019600,0.815873,-196.515366,92.243889,90.913544
1095,9.125000,-0.008606,0.577259,0.020471,0.816259,-196.519333,92.231178,90.990318
1096,9.133333,-0.005980,0.577339,0.022645,0.816169,-196.505920,92.217331,91.074524
1097,9.141667,-0.003999,0.577066,0.023977,0.816335,-196.491455,92.212860,91.155952
1098,9.150000,-0.003731,0.576557,0.024146,0.816692,-196.483307,92.237442,91.238579
1099,9.158333,-0.001935,0.576301,0.025651,0.816832,-196.456985,92.249489,91.309326
1100,9.166667,-0.000270,0.575972,0.026181,0.817050,-196.432739,92.258003,91.361549
1101,9.175000,0.001318,0.575238,0.026269,0.817563,-196.408752,92.259804,91.404373
1102,9.183333,0.002309,0.574641,0.026166,0.817984,-196.386734,92.259109,91.433075
1103,9.191667,0.003231,0.574332,0.026154,0.818198,-196.366196,92.258453,91.448570
1104,9.200000,0.003875,0.574091,0.025467,0.818386,-196.341949,92.253510,91.452209
1105,9.208333,0.004160,0.574043,0.024180,0.818458,-196.316452,92.251839,91.443329
1106,9.216667,0.003992,0.574213,0.022643,0.818383,-196.290558,92.251579,91.416901
1107,9.225000,0.003299,0.574280,0.021645,0.818366,-196.275436,92.255981,91.383408
1108,9.233333,0.002185,0.574272,0.021097,0.818390,-196.273010,92.258995,91.344299
1109,9.241667,0.000551,0.574292,0.021805,0.818360,-196.294830,92.263367,91.297958
1110,9.250000,-0.001602,0.574557,0.021946,0.818169,-196.334549,92.254158,91.250267
1111,9.258333,-0.003737,0.574925,0.021859,0.817906,-196.383591,92.244438,91.199097
1112,9.266667,-0.005666,0.575276,0.021935,0.817646,-196.429962,92.236671,91.137932
1113,9.275000,-0.007278,0.575464,0.021543,0.817511,-196.469986,92.233437,91.072479
1114,9.283333,-0.008705,0.575609,0.021068,0.817407,-196.508194,92.234550,91.000923
1115,9.291667,-0.010227,0.575725,0.021139,0.817306,-196.533203,92.232712,90.932678
1116,9.300000,-0.011546,0.575959,0.021226,0.817122,-196.546829,92.231949,90.875458
1117,9.308333,-0.012925,0.576271,0.020415,0.816902,-196.548340,92.240005,90.834183
1118,9.316667,-0.013791,0.576660,0.019829,0.816627,-196.544464,92.246529,90.809158
1119,9.325000,-0.014035,0.576930,0.019490,0.816440,-196.539917,92.251122,90.795929
1120,9.333333,-0.014058,0.577035,0.019324,0.816370,-196.540955,92.253128,90.788940
1121,9.341667,-0.013993,0.577115,0.019474,0.816311,-196.544189,92.253441,90.792870
1122,9.350000,-0.013827,0.577111,0.019934,0.816305,-196.550308,92.252678,90.808350
1123,9.358333,-0.013376,0.576873,0.020227,0.816474,-196.555176,92.250031,90.832390
1124,9.366667,-0.012857,0.576377,0.020341,0.816829,-196.550125,92.244911,90.865807
1125,9.375000,-0.011722,0.575885,0.019931,0.817204,-196.530090,92.242332,90.907394
1126,9.383333,-0.010071,0.575415,0.019325,0.817571,-196.495117,92.244316,90.960449
1127,9.391667,-0.008007,0.575471,0.019719,0.817545,-196.449646,92.243652,91.026772
1128,9.400000,-0.006478,0.575444,0.020164,0.817567,-196.408112,92.240570,91.090981
1129,9.408333,-0.004864,0.575197,0.020372,0.817747,-196.366455,92.244682,91.148544
1130,9.416667,-0.003117,0.575035,0.020726,0.817860,-196.330444,92.248848,91.202728
1131,9.425000,-0.001478,0.574997,0.021311,0.817877,-196.310562,92.255791,91.250275
1132,9.433333,0.000858,0.575263,0.022824,0.817650,-196.306915,92.248360,91.303551
1133,9.441667,0.001498,0.575489,0.023836,0.817461,-196.324265,92.246964,91.341171
1134,9.450000,0.002000,0.575474,0.025132,0.817432,-196.346146,92.250648,91.366890
1135,9.458333,0.002022,0.575481,0.025948,0.817401,-196.363205,92.248024,91.378914
1136,9.466667,0.001771,0.575678,0.026294,0.817252,-196.378403,92.246071,91.379616
1137,9.475000,0.001271,0.576021,0.026381,0.817008,-196.392792,92.244072,91.367653
1138,9.483333,0.000525,0.576489,0.025717,0.816700,-196.403198,92.238396,91.341324
1139,9.491667,-0.000505,0.576850,0.024858,0.816472,-196.413071,92.236809,91.303596
1140,9.500000,-0.002513,0.577107,0.023817,0.816318,-196.424057,92.233368,91.251938
1141,9.508333,-0.004298,0.577299,0.022868,0.816201,-196.435883,92.232864,91.191826
1142,9.516667,-0.006181,0.577185,0.021637,0.816303,-196.442764,92.233536,91.125534
1143,9.525000,-0.007522,0.577402,0.020485,0.816168,-196.439499,92.234161,91.051743
1144,9.533333,-0.008904,0.577801,0.019144,0.815905,-196.434036,92.242851,90.978378
1145,9.541667,-0.010306,0.578067,0.017771,0.815731,-196.434204,92.254089,90.918144
1146,9.550000,-0.011603,0.578369,0.016806,0.815520,-196.432846,92.258278,90.877281
1147,9.558333,-0.012294,0.578610,0.016411,0.815347,-196.433838,92.261681,90.851479
1148,9.566667,-0.012585,0.578831,0.016363,0.815187,-196.434555,92.261848,90.841019
1149,9.575000,-0.012289,0.578904,0.016495,0.815137,-196.435898,92.261719,90.845848
1150,9.583333,-0.012126,0.578835,0.016665,0.815184,-196.436752,92.261795,90.860321
1151,9.591667,-0.011543,0.578858,0.017088,0.815168,-196.437393,92.259743,90.888443
1152,9.600000,-0.010398,0.578750,0.017500,0.815251,-196.440186,92.258881,90.932373
1153,9.608333,-0.009084,0.578891,0.018947,0.815134,-196.437698,92.245895,90.999153
1154,9.616667,-0.007728,0.578670,0.020061,0.815279,-196.441559,92.243179,91.065819
1155,9.625000,-0.006011,0.578397,0.021604,0.815447,-196.440384,92.236069,91.141861
1156,9.633333,-0.004314,0.578503,0.023254,0.815337,-196.433884,92.229286,91.200409
1157,9.641667,-0.002335,0.578469,0.023943,0.815349,-196.420547,92.232124,91.251144
1158,9.650000,-0.000710,0.578252,0.024226,0.815498,-196.401108,92.235031,91.292091
1159,9.658333,0.000235,0.577997,0.024290,0.815677,-196.383621,92.235779,91.315109
1160,9.666667,0.000756,0.577905,0.024196,0.815745,-196.367935,92.237709,91.327202
1161,9.675000,0.000949,0.577799,0.023942,0.815827,-196.351135,92.239227,91.328972
1162,9.683333,0.000891,0.577695,0.023407,0.815916,-196.333405,92.240227,91.320953
1163,9.691667,0.000622,0.577638,0.022922,0.815971,-196.324188,92.242172,91.302803
1164,9.700000,-0.000687,0.577653,0.022592,0.815970,-196.330688,92.240692,91.274956
1165,9.708333,-0.002114,0.577792,0.022469,0.815872,-196.355026,92.236671,91.241211
1166,9.716667,-0.003791,0.578034,0.022378,0.815697,-196.386871,92.232124,91.201042
1167,9.725000,-0.005975,0.577932,0.021500,0.815780,-196.414932,92.238510,91.144737
1168,9.733333,-0.007529,0.578077,0.020803,0.815682,-196.435043,92.242012,91.090050
1169,9.741667,-0.008483,0.578298,0.020318,0.815528,-196.449631,92.241730,91.039452
1170,9.750000,-0.009368,0.578597,0.020021,0.815314,-196.458206,92.242432,90.994232
1171,9.758333,-0.010154,0.578651,0.019098,0.815289,-196.468979,92.248528,90.952873
1172,9.766667,-0.011244,0.578833,0.018698,0.815154,-196.472717,92.252060,90.929070
1173,9.775000,-0.011528,0.578877,0.018636,0.815121,-196.478226,92.254799,90.919479
1174,9.783333,-0.011552,0.578883,0.018588,0.815117,-196.485764,92.255058,90.924744
1175,9.791667,-0.011129,0.578886,0.018939,0.815113,-196.492767,92.251274,90.945107
1176,9.800000,-0.010405,0.578610,0.019197,0.815312,-196.494247,92.247643,90.980759
1177,9.808333,-0.008935,0.578622,0.020518,0.815289,-196.477432,92.236542,91.026634
1178,9.816667,-0.007810,0.578253,0.020951,0.815551,-196.458817,92.234726,91.067032
1179,9.825000,-0.007125,0.577752,0.021020,0.815911,-196.432480,92.235764,91.103226
1180,9.833333,-0.006235,0.577515,0.021154,0.816082,-196.401382,92.237099,91.138367
1181,9.841667,-0.004892,0.577222,0.021239,0.816296,-196.365875,92.239494,91.172775
1182,9.850000,-0.003577,0.576923,0.021239,0.816515,-196.340286,92.244591,91.201492
1183,9.858333,-0.002771,0.576738,0.021443,0.816643,-196.330368,92.248512,91.221695
1184,9.866667,-0.002706,0.576732,0.021793,0.816638,-196.339508,92.246117,91.235641
1185,9.875000,-0.003021,0.576971,0.022289,0.816455,-196.361359,92.244270,91.244659
1186,9.883333,-0.003396,0.577117,0.022745,0.816338,-196.382507,92.240646,91.242149
1187,9.891667,-0.004116,0.577271,0.022947,0.816220,-196.401215,92.238441,91.226761
1188,9.900000,-0.005034,0.577322,0.022648,0.816187,-196.419464,92.239449,91.199409
1189,9.908333,-0.006052,0.577245,0.022356,0.816243,-196.433365,92.239014,91.163673
1190,9.916667,-0.006904,0.577153,0.021952,0.816312,-196.442230,92.237198,91.124191
1191,9.925000,-0.007712,0.577215,0.021538,0.816272,-196.447983,92.236053,91.087822
1192,9.933333,-0.008284,0.577345,0.020909,0.816190,-196.445847,92.235649,91.052002
1193,9.941667,-0.008485,0.577403,0.020094,0.816168,-196.434326,92.235451,91.020065
1194,9.950000,-0.008531,0.577544,0.019313,0.816087,-196.418442,92.240067,90.995705
1195,9.958333,-0.008395,0.577548,0.018896,0.816095,-196.398895,92.241249,90.986702
1196,9.966667,-0.008240,0.577491,0.018591,0.816144,-196.385880,92.243980,90.990883
1197,9.975000,-0.007814,0.577535,0.018705,0.816114,-196.371429,92.244194,91.013344
1198,9.983333,-0.007558,0.577685,0.018701,0.816011,-196.356979,92.249557,91.038269
1199,9.991667,-0.006870,0.577869,0.019178,0.815875,-196.351654,92.247322,91.073364
1200,10.000000,-0.005323,0.577967,0.020462,0.815786,-196.364441,92.234352,91.114738
1201,10.008333,-0.004956,0.578107,0.021369,0.815666,-196.381195,92.234619,91.165298
1202,10.016667,-0.004358,0.578366,0.022340,0.815460,-196.394424,92.236748,91.203270
1203,10.025000,-0.004186,0.578426,0.022798,0.815405,-196.401947,92.237267,91.224007
1204,10.033333,-0.003775,0.578587,0.023124,0.815284,-196.407928,92.240189,91.233780
1205,10.041667,-0.004018,0.578647,0.023053,0.815242,-196.412109,92.239998,91.231911
1206,10.050000,-0.004322,0.578755,0.023057,0.815164,-196.414246,92.238785,91.221558
1207,10.058333,-0.004914,0.578722,0.022829,0.815190,-196.415894,92.237160,91.199562
1208,10.066667,-0.005543,0.578582,0.022180,0.815304,-196.415787,92.237938,91.170654
1209,10.075000,-0.006196,0.578390,0.021470,0.815454,-196.411713,92.235199,91.135529
1210,10.083333,-0.006795,0.578275,0.020714,0.815551,-196.404510,92.233528,91.090454
1211,10.091667,-0.007245,0.578335,0.019876,0.815525,-196.394257,92.235359,91.049675
1212,10.100000,-0.008202,0.578749,0.018675,0.815251,-196.376022,92.248245,91.011963
1213,10.108333,-0.007665,0.578686,0.018322,0.815309,-196.368027,92.244995,90.999664
1214,10.116667,-0.007498,0.578599,0.018325,0.815372,-196.363037,92.244019,91.000366
1215,10.125000,-0.007166,0.578562,0.018281,0.815402,-196.355637,92.243263,91.012375
1216,10.133333,-0.007545,0.578664,0.018052,0.815332,-196.345566,92.251266,91.027916
1217,10.141667,-0.007321,0.578929,0.018614,0.815132,-196.344894,92.250168,91.056969
1218,10.150000,-0.005969,0.578985,0.019927,0.815073,-196.364243,92.236771,91.091957
1219,10.158333,-0.005456,0.579041,0.021096,0.815007,-196.391602,92.230759,91.133537
1220,10.166667,-0.005496,0.579276,0.021901,0.814819,-196.415436,92.231384,91.164101
1221,10.175000,-0.005706,0.579565,0.022507,0.814595,-196.434479,92.234406,91.182281
1222,10.183333,-0.006019,0.579775,0.023010,0.814429,-196.448898,92.234985,91.190430
1223,10.191667,-0.006068,0.579803,0.023343,0.814400,-196.465088,92.236855,91.188065
1224,10.200000,-0.006439,0.579786,0.023289,0.814411,-196.477615,92.236244,91.180244
1225,10.208333,-0.006709,0.579809,0.023307,0.814391,-196.488922,92.235672,91.163994
1226,10.216667,-0.007237,0.579928,0.023170,0.814306,-196.492264,92.233795,91.145721
1227,10.225000,-0.007707,0.579954,0.022732,0.814295,-196.486679,92.233894,91.130867
1228,10.233333,-0.007326,0.579868,0.022270,0.814373,-196.470963,92.232574,91.127327
1229,10.241667,-0.006853,0.579675,0.021793,0.814528,-196.448593,92.232742,91.124916
1230,10.250000,-0.006324,0.579407,0.021228,0.814737,-196.421036,92.233498,91.117050
1231,10.258333,-0.007483,0.579497,0.019736,0.814701,-196.382507,92.246445,91.091331
1232,10.266667,-0.007059,0.579497,0.018965,0.814723,-196.354141,92.248016,91.067955
1233,10.275000,-0.007085,0.579451,0.018258,0.814772,-196.340164,92.250290,91.047882
1234,10.283333,-0.007607,0.579460,0.017814,0.814770,-196.346207,92.251740,91.029968
1235,10.291667,-0.008155,0.579339,0.018007,0.814847,-196.357712,92.251472,91.024628
1236,10.300000,-0.008347,0.579314,0.018460,0.814853,-196.370010,92.249626,91.031380
1237,10.308333,-0.007416,0.578824,0.019380,0.815188,-196.390015,92.238129,91.054070
1238,10.316667,-0.006684,0.578564,0.020228,0.815359,-196.407272,92.233124,91.088226
1239,10.325000,-0.006292,0.578500,0.021091,0.815385,-196.419388,92.231934,91.119499
1240,10.333333,-0.006076,0.578471,0.021643,0.815394,-196.427994,92.233521,91.143562
1241,10.341667,-0.006038,0.578523,0.022152,0.815343,-196.432587,92.235657,91.158188
1242,10.350000,-0.005787,0.578529,0.022242,0.815338,-196.434387,92.234917,91.165939
1243,10.358333,-0.005900,0.578455,0.022151,0.815392,-196.435242,92.235008,91.166252
1244,10.366667,-0.005880,0.578305,0.021998,0.815503,-196.435211,92.236404,91.160263
1245,10.375000,-0.006198,0.578098,0.021814,0.815652,-196.432938,92.236992,91.148102
1246,10.383333,-0.006537,0.577886,0.021423,0.815810,-196.428345,92.238327,91.130898
1247,10.391667,-0.006423,0.577805,0.021289,0.815872,-196.421631,92.232506,91.109047
1248,10.400000,-0.006477,0.577786,0.020999,0.815892,-196.411194,92.227623,91.080513
1249,10.408333,-0.006306,0.577827,0.020543,0.815876,-196.394531,92.224083,91.058533
1250,10.416667,-0.007032,0.578399,0.019363,0.815494,-196.366135,92.236145,91.051445
1251,10.425000,-0.006808,0.578546,0.019107,0.815398,-196.350662,92.237991,91.056519
1252,10.433333,-0.006554,0.578634,0.019035,0.815339,-196.346970,92.240105,91.067261
1253,10.441667,-0.006349,0.578704,0.019526,0.815279,-196.362473,92.238251,91.079041
1254,10.450000,-0.005877,0.578524,0.020668,0.815382,-196.396606,92.229248,91.088753
1255,10.458333,-0.005578,0.578463,0.021766,0.815399,-196.424683,92.220314,91.094299
1256,10.466667,-0.005412,0.578611,0.022381,0.815279,-196.437119,92.216141,91.102493
1257,10.475000,-0.005569,0.578592,0.022381,0.815291,-196.438293,92.215576,91.113358
1258,10.483333,-0.005557,0.578492,0.022342,0.815363,-196.436295,92.219826,91.121307
1259,10.491667,-0.005558,0.578416,0.022176,0.815422,-196.431839,92.221924,91.125221
1260,10.500000,-0.005502,0.578286,0.021921,0.815521,-196.427490,92.224678,91.120735
1261,10.508333,-0.005780,0.578110,0.021405,0.815657,-196.420471,92.225609,91.106979
1262,10.516667,-0.005824,0.578070,0.020982,0.815696,-196.411591,92.226006,91.089828
1263,10.525000,-0.006179,0.578130,0.020398,0.815666,-196.396317,92.224937,91.074020
1264,10.533333,-0.006906,0.578515,0.019284,0.815415,-196.372147,92.238098,91.075523
1265,10.541667,-0.006810,0.578524,0.018956,0.815417,-196.364868,92.243279,91.077759
1266,10.550000,-0.006104,0.578247,0.019527,0.815605,-196.381790,92.237549,91.081635
1267,10.558333,-0.006136,0.578080,0.020128,0.815709,-196.407318,92.230965,91.084167
1268,10.566667,-0.006174,0.578185,0.020921,0.815614,-196.424072,92.225250,91.084717
1269,10.575000,-0.006122,0.578248,0.021118,0.815565,-196.429855,92.224289,91.090714
1270,10.583333,-0.005916,0.578223,0.021236,0.815581,-196.423996,92.225082,91.098213
1271,10.591667,-0.005772,0.578161,0.021103,0.815629,-196.415680,92.226486,91.100952
1272,10.600000,-0.005980,0.578096,0.020762,0.815683,-196.406326,92.228317,91.098671
1273,10.608333,-0.006218,0.578048,0.020491,0.815722,-196.395065,92.229599,91.089531
1274,10.616667,-0.006858,0.578408,0.019620,0.815483,-196.372192,92.239357,91.087730
1275,10.625000,-0.006922,0.578487,0.019281,0.815434,-196.368149,92.240906,91.084953
1276,10.633333,-0.006701,0.578166,0.019570,0.815657,-196.384064,92.235931,91.086876
1277,10.641667,-0.006327,0.578079,0.020420,0.815701,-196.398621,92.230400,91.095695
1278,10.650000,-0.006306,0.578069,0.020884,0.815696,-196.407776,92.227669,91.100891
1279,10.658333,-0.006649,0.577979,0.020672,0.815763,-196.415253,92.233177,91.101830
1280,10.666667,-0.007011,0.577978,0.020333,0.815769,-196.411438,92.234406,91.090019
1281,10.675000,-0.006849,0.578229,0.020047,0.815600,-196.401550,92.234711,91.089104
1282,10.683333,-0.006665,0.578312,0.020248,0.815537,-196.394516,92.234177,91.091446
1283,10.691667,-0.006552,0.578277,0.020057,0.815568,-196.389618,92.234222,91.092224
1284,10.700000,-0.006418,0.578246,0.020218,0.815587,-196.394333,92.233673,91.093323
1285,10.708333,-0.006470,0.578125,0.020300,0.815670,-196.402328,92.233505,91.093002
1286,10.716667,-0.006690,0.578109,0.020500,0.815675,-196.409302,92.232880,91.093437
1287,10.725000,-0.006903,0.578021,0.020467,0.815736,-196.411148,92.231773,91.092834
1288,10.733333,-0.006917,0.578077,0.020493,0.815696,-196.409027,92.231834,91.093811
1289,10.741667,-0.006631,0.578051,0.020330,0.815720,-196.404526,92.233734,91.094521
1290,10.750000,-0.006626,0.578044,0.020378,0.815724,-196.398209,92.233391,91.093735
1291,10.758333,-0.006730,0.578048,0.020087,0.815728,-196.395462,92.232986,91.093063
1292,10.766667,-0.006787,0.578028,0.019954,0.815744,-196.397766,92.234802,91.092522
1293,10.775000,-0.006863,0.577995,0.019990,0.815766,-196.400253,92.236359,91.092506
1294,10.783333,-0.006704,0.577994,0.020048,0.815767,-196.401566,92.236588,91.092651
1295,10.791667,-0.006836,0.577913,0.019898,0.815827,-196.401672,92.236504,91.092911
1296,10.800000,-0.006594,0.577858,0.019831,0.815870,-196.400879,92.238747,91.091812
1297,10.808333,-0.006804,0.577878,0.019835,0.815854,-196.398407,92.237434,91.091164
1298,10.816667,-0.006943,0.577883,0.019732,0.815852,-196.399658,92.237419,91.090286
1299,10.825000,-0.006804,0.577895,0.019616,0.815847,-196.402512,92.239204,91.089607
1300,10.833333,-0.006843,0.577850,0.019626,0.815879,-196.404266,92.240158,91.089424
1301,10.841667,-0.006829,0.577825,0.019649,0.815895,-196.404373,92.239861,91.088562
1302,10.850000,-0.006868,0.577821,0.019533,0.815901,-196.403854,92.240860,91.088104
1303,10.858333,-0.007047,0.577838,0.019438,0.815890,-196.403824,92.240105,91.087296
1304,10.866667,-0.007063,0.577854,0.019397,0.815879,-196.403763,92.240181,91.087891
1305,10.875000,-0.007147,0.577835,0.019332,0.815893,-196.403641,92.240311,91.087814
1306,10.883333,-0.007026,0.577783,0.019300,0.815932,-196.402740,92.241493,91.086609
1307,10.891667,-0.006865,0.577763,0.019284,0.815948,-196.401215,92.242332,91.086288
1308,10.900000,-0.006868,0.577783,0.019270,0.815934,-196.400925,92.242737,91.087173
1309,10.908333,-0.006983,0.577733,0.019286,0.815968,-196.400513,92.242691,91.087547
1310,10.916667,-0.007119,0.577748,0.019245,0.815957,-196.399933,92.242882,91.087219
1311,10.925000,-0.007017,0.577756,0.019292,0.815951,-196.399963,92.243355,91.087433
1312,10.933333,-0.006930,0.577727,0.019258,0.815973,-196.400131,92.242905,91.086998
1313,10.941667,-0.006976,0.577725,0.019236,0.815975,-196.400436,92.242775,91.087234
1314,10.950000,-0.007020,0.577757,0.019301,0.815950,-196.401031,92.242226,91.087288
1315,10.958333,-0.006959,0.577761,0.019313,0.815948,-196.400757,92.242935,91.086983
1316,10.966667,-0.006919,0.577709,0.019254,0.815987,-196.402008,92.242828,91.086754
1317,10.975000,-0.006908,0.577750,0.019269,0.815957,-196.402634,92.242180,91.085945
