Format Version,1.25,Take Name,Take 2025-11-27 05.11.14 PM,Take Notes,,Capture Frame Rate,120.000000,Export Frame Rate,120.000000,Capture Start Time,2025-11-27 05.11.15.472 PM,Capture Start Frame,49121,Total Frames in Take,1347,Total Exported Frames,1347,Rotation Type,Quaternion,Length Units,Centimeters,Coordinate Space,Global

,Type,Rigid Body,Rigid Body,Rigid Body,Rigid Body,Rigid Body,Rigid Body,Rigid Body
,Name,SEE_large,SEE_large,SEE_large,SEE_large,SEE_large,SEE_large,SEE_large
,ID,B4680608301811F031C44B617C10C291,B4680608301811F031C44B617C10C291,B4680608301811F031C44B617C10C291,B4680608301811F031C44B617C10C291,B4680608301811F031C44B617C10C291,B4680608301811F031C44B617C10C291,B4680608301811F031C44B617C10C291
,Parent,,,,,,,
,,Rotation,Rotation,Rotation,Rotation,Position,Position,Position
Frame,Time (Seconds),X,Y,Z,W,X,Y,Z
0,0.000000,-0.007583,0.397733,0.008272,0.917433,-215.887375,92.242157,83.909691
1,0.008333,-0.007765,0.397771,0.008183,0.917415,-215.888977,92.242836,83.909088
2,0.016667,-0.007750,0.397776,0.008282,0.917413,-215.889282,92.243019,83.907738
3,0.025000,-0.007601,0.397781,0.008384,0.917411,-215.888351,92.242531,83.908524
4,0.033333,-0.007540,0.397801,0.008391,0.917402,-215.887497,92.241699,83.908424
5,0.041667,-0.007454,0.397807,0.008181,0.917402,-215.886475,92.241432,83.908936
6,0.050000,-0.007569,0.397763,0.008132,0.917421,-215.885666,92.243240,83.908859
7,0.058333,-0.007718,0.397737,0.008283,0.917430,-215.884750,92.242920,83.908310
8,0.066667,-0.007693,0.397764,0.008282,0.917418,-215.883881,92.243202,83.909599
9,0.075000,-0.007662,0.397787,0.008291,0.917408,-215.882233,92.243843,83.908371
10,0.083333,-0.007587,0.397782,0.008340,0.917411,-215.880325,92.242905,83.908188
11,0.091667,-0.007664,0.397789,0.008289,0.917408,-215.880615,92.243866,83.907516
12,0.100000,-0.007751,0.397708,0.008279,0.917442,-215.881104,92.243645,83.907494
13,0.108333,-0.007719,0.397743,0.008309,0.917427,-215.880463,92.243591,83.907120
14,0.116667,-0.007684,0.397745,0.008352,0.917426,-215.880936,92.243683,83.907051
15,0.125000,-0.007685,0.397768,0.008443,0.917415,-215.881439,92.242401,83.905861
16,0.133333,-0.007787,0.397736,0.008286,0.917430,-215.882080,92.242676,83.904999
17,0.141667,-0.007675,0.397823,0.008311,0.917393,-215.882278,92.242378,83.904442
18,0.150000,-0.007639,0.397821,0.008401,0.917393,-215.882248,92.242310,83.903442
19,0.158333,-0.007673,0.397693,0.008253,0.917449,-215.883301,92.242859,83.902710
20,0.166667,-0.007722,0.397720,0.008293,0.917437,-215.882401,92.243996,83.902901
21,0.175000,-0.007596,0.397751,0.008427,0.917423,-215.882492,92.242279,83.903748
22,0.183333,-0.007666,0.397747,0.008459,0.917424,-215.882401,92.242073,83.904213
23,0.191667,-0.007734,0.397732,0.008246,0.917432,-215.882568,92.243729,83.904518
24,0.200000,-0.007606,0.397758,0.008251,0.917422,-215.881516,92.243347,83.903740
25,0.208333,-0.007713,0.397735,0.008340,0.917430,-215.881439,92.244576,83.904861
26,0.216667,-0.007741,0.397716,0.008443,0.917437,-215.880722,92.243752,83.905891
27,0.225000,-0.007717,0.397745,0.008384,0.917425,-215.880768,92.243385,83.907326
28,0.233333,-0.007604,0.397725,0.008466,0.917434,-215.879913,92.244011,83.907890
29,0.241667,-0.007565,0.397753,0.008531,0.917422,-215.880325,92.243568,83.908913
30,0.250000,-0.007670,0.397722,0.008536,0.917434,-215.880035,92.243629,83.908607
31,0.258333,-0.007621,0.397748,0.008377,0.917425,-215.879517,92.242996,83.906914
32,0.266667,-0.007594,0.397768,0.008225,0.917418,-215.879196,92.242989,83.906784
33,0.275000,-0.007645,0.397819,0.008195,0.917395,-215.879013,92.244728,83.905235
34,0.283333,-0.007564,0.397792,0.008227,0.917408,-215.878845,92.243851,83.904945
35,0.291667,-0.007407,0.397799,0.008033,0.917408,-215.879105,92.244026,83.904350
36,0.300000,-0.007369,0.397793,0.008126,0.917410,-215.879028,92.243828,83.903328
37,0.308333,-0.007393,0.397821,0.008205,0.917397,-215.878036,92.244865,83.903030
38,0.316667,-0.007532,0.397836,0.008139,0.917389,-215.876938,92.245323,83.902847
39,0.325000,-0.007595,0.397798,0.008206,0.917405,-215.876099,92.245209,83.903252
40,0.333333,-0.007678,0.397747,0.008230,0.917426,-215.874771,92.245476,83.903267
41,0.341667,-0.007671,0.397764,0.008228,0.917419,-215.872360,92.245461,83.903740
42,0.350000,-0.007796,0.397749,0.008346,0.917423,-215.871170,92.247154,83.905098
43,0.358333,-0.007719,0.397725,0.008402,0.917434,-215.868637,92.246338,83.905342
44,0.366667,-0.007623,0.397744,0.008276,0.917427,-215.867783,92.246498,83.905945
45,0.375000,-0.007633,0.397723,0.008360,0.917436,-215.866730,92.246391,83.907463
46,0.383333,-0.007626,0.397729,0.008469,0.917432,-215.867096,92.247528,83.908447
47,0.391667,-0.007750,0.397701,0.008522,0.917443,-215.866257,92.248466,83.907059
48,0.400000,-0.007799,0.397723,0.008516,0.917433,-215.867142,92.249184,83.906593
49,0.408333,-0.007615,0.397719,0.008491,0.917436,-215.868713,92.248276,83.907394
50,0.416667,-0.007516,0.397756,0.008494,0.917421,-215.870697,92.248383,83.906761
51,0.425000,-0.007549,0.397765,0.008520,0.917417,-215.871857,92.248482,83.905769
52,0.433333,-0.007711,0.397697,0.008500,0.917445,-215.873749,92.248497,83.904358
53,0.441667,-0.007702,0.397736,0.008491,0.917428,-215.876099,92.247925,83.904228
54,0.450000,-0.007704,0.397742,0.008611,0.917425,-215.877960,92.247681,83.902161
55,0.458333,-0.007813,0.397692,0.008700,0.917445,-215.879196,92.249260,83.902779
56,0.466667,-0.007890,0.397719,0.008701,0.917432,-215.879349,92.248810,83.901634
57,0.475000,-0.007837,0.397754,0.008782,0.917417,-215.879486,92.248001,83.902206
58,0.483333,-0.007908,0.397762,0.008709,0.917413,-215.880890,92.247612,83.902145
59,0.491667,-0.007860,0.397802,0.008779,0.917396,-215.883881,92.246101,83.903412
60,0.500000,-0.008004,0.397791,0.008975,0.917397,-215.889221,92.246567,83.905518
61,0.508333,-0.008006,0.397702,0.009184,0.917434,-215.896057,92.247429,83.906952
62,0.516667,-0.008099,0.397586,0.009475,0.917480,-215.904480,92.247101,83.908463
63,0.525000,-0.008111,0.397574,0.009793,0.917482,-215.913864,92.246109,83.911697
64,0.533333,-0.008021,0.397583,0.010160,0.917475,-215.923309,92.244247,83.914009
65,0.541667,-0.008055,0.397511,0.010321,0.917504,-215.934494,92.243698,83.914612
66,0.550000,-0.008116,0.397400,0.010719,0.917547,-215.945618,92.244759,83.916283
67,0.558333,-0.008051,0.397347,0.010907,0.917568,-215.958221,92.245712,83.918251
68,0.566667,-0.008217,0.397342,0.011140,0.917566,-215.971848,92.244301,83.917793
69,0.575000,-0.008406,0.397406,0.011547,0.917532,-215.986588,92.242500,83.919701
70,0.583333,-0.008361,0.397347,0.011945,0.917552,-216.001633,92.241478,83.921860
71,0.591667,-0.008490,0.397385,0.012564,0.917526,-216.017532,92.242798,83.924759
72,0.600000,-0.008248,0.397340,0.013227,0.917539,-216.029358,92.241196,83.926926
73,0.608333,-0.008249,0.397301,0.013454,0.917553,-216.040726,92.243729,83.929672
74,0.616667,-0.008415,0.397258,0.013575,0.917568,-216.053009,92.244431,83.930695
75,0.625000,-0.008575,0.397021,0.014001,0.917663,-216.062759,92.245865,83.935234
76,0.633333,-0.008468,0.396934,0.015978,0.917669,-216.086746,92.233315,83.944237
77,0.641667,-0.008369,0.397018,0.016347,0.917627,-216.097397,92.231743,83.950546
78,0.650000,-0.008324,0.397133,0.016737,0.917571,-216.103622,92.229149,83.956230
79,0.658333,-0.008345,0.397282,0.017252,0.917497,-216.110306,92.225800,83.961700
80,0.666667,-0.008254,0.397314,0.017745,0.917474,-216.117767,92.224396,83.967659
81,0.675000,-0.008215,0.397305,0.018002,0.917473,-216.125275,92.222198,83.972633
82,0.683333,-0.008190,0.397439,0.017799,0.917419,-216.122055,92.225990,83.968613
83,0.691667,-0.008404,0.397383,0.016984,0.917457,-216.125443,92.235382,83.965096
84,0.700000,-0.008723,0.397233,0.016268,0.917532,-216.133377,92.243126,83.961975
85,0.708333,-0.008990,0.397161,0.016197,0.917562,-216.145157,92.247925,83.961159
86,0.716667,-0.009126,0.397121,0.016670,0.917570,-216.160004,92.247833,83.962181
87,0.725000,-0.009188,0.397171,0.017348,0.917535,-216.178391,92.245834,83.967461
88,0.733333,-0.009412,0.397383,0.018028,0.917427,-216.194794,92.243690,83.969734
89,0.741667,-0.009644,0.397543,0.018735,0.917341,-216.212509,92.242470,83.972214
90,0.750000,-0.009914,0.397550,0.019228,0.917325,-216.230362,92.243813,83.974510
91,0.758333,-0.010010,0.397673,0.019699,0.917261,-216.242630,92.244400,83.975792
92,0.766667,-0.010278,0.397639,0.020113,0.917264,-216.252106,92.246094,83.974426
93,0.775000,-0.010414,0.397601,0.020220,0.917276,-216.255859,92.247978,83.972977
94,0.783333,-0.010347,0.397553,0.020202,0.917299,-216.257477,92.247429,83.972916
95,0.791667,-0.010231,0.397588,0.020142,0.917286,-216.258789,92.247833,83.972755
96,0.800000,-0.010464,0.397599,0.020219,0.917277,-216.261475,92.248528,83.972389
97,0.808333,-0.011148,0.397568,0.021016,0.917264,-216.268661,92.255203,83.971107
98,0.816667,-0.011605,0.397502,0.021579,0.917274,-216.278595,92.257271,83.971199
99,0.825000,-0.011827,0.397357,0.021857,0.917328,-216.291092,92.257568,83.970863
100,0.833333,-0.012022,0.397332,0.022233,0.917327,-216.304871,92.256500,83.971100
101,0.841667,-0.012172,0.397199,0.022597,0.917373,-216.319656,92.253967,83.972572
102,0.850000,-0.012283,0.397128,0.023129,0.917389,-216.333344,92.253288,83.974762
103,0.858333,-0.012500,0.397020,0.023655,0.917420,-216.346069,92.252174,83.975723
104,0.866667,-0.012505,0.396997,0.024143,0.917417,-216.355591,92.251381,83.977829
105,0.875000,-0.012588,0.396914,0.024590,0.917440,-216.364670,92.252968,83.978729
106,0.883333,-0.012575,0.396796,0.024845,0.917485,-216.374802,92.253342,83.977699
107,0.891667,-0.012675,0.396579,0.025146,0.917569,-216.386002,92.251640,83.978188
108,0.900000,-0.012851,0.396453,0.025196,0.917619,-216.398575,92.254074,83.978058
109,0.908333,-0.012885,0.396459,0.025397,0.917610,-216.412140,92.254707,83.976753
110,0.916667,-0.012881,0.396636,0.025456,0.917533,-216.425842,92.256599,83.976242
111,0.925000,-0.012842,0.396692,0.025563,0.917506,-216.430588,92.257034,83.975868
112,0.933333,-0.012727,0.396855,0.025710,0.917433,-216.427582,92.255928,83.975594
113,0.941667,-0.012817,0.396957,0.025776,0.917386,-216.420776,92.256081,83.977829
114,0.950000,-0.012809,0.397120,0.025779,0.917315,-216.410187,92.254410,83.976791
115,0.958333,-0.012771,0.397128,0.025546,0.917319,-216.402252,92.253342,83.977386
116,0.966667,-0.012763,0.397189,0.025488,0.917294,-216.398666,92.254364,83.977936
117,0.975000,-0.012635,0.397123,0.025510,0.917324,-216.399460,92.255760,83.978233
118,0.983333,-0.012658,0.397114,0.025621,0.917324,-216.401260,92.255646,83.977684
119,0.991667,-0.012919,0.397152,0.025371,0.917311,-216.406128,92.256485,83.977509
120,1.000000,-0.012932,0.397135,0.025364,0.917318,-216.409180,92.256012,83.976318
121,1.008333,-0.012876,0.397176,0.025463,0.917299,-216.408676,92.255363,83.977180
122,1.016667,-0.012839,0.397176,0.025483,0.917299,-216.408371,92.256012,83.976837
123,1.025000,-0.012769,0.397186,0.025470,0.917296,-216.407394,92.254745,83.977112
124,1.033333,-0.012722,0.397238,0.025410,0.917275,-216.409332,92.255089,83.977203
125,1.041667,-0.012724,0.397248,0.025579,0.917266,-216.412979,92.254883,83.975670
126,1.050000,-0.012714,0.397366,0.025645,0.917214,-216.418121,92.254776,83.975975
127,1.058333,-0.012845,0.397348,0.025714,0.917218,-216.424683,92.255478,83.975456
128,1.066667,-0.012741,0.397373,0.025803,0.917206,-216.426987,92.255920,83.975624
129,1.075000,-0.012711,0.397392,0.025971,0.917194,-216.428192,92.255188,83.975830
130,1.083333,-0.012651,0.397439,0.026053,0.917171,-216.428497,92.254532,83.977402
131,1.091667,-0.012641,0.397456,0.026072,0.917164,-216.427399,92.254562,83.978722
132,1.100000,-0.012633,0.397449,0.026047,0.917167,-216.424744,92.254448,83.978661
133,1.108333,-0.012612,0.397464,0.025999,0.917163,-216.421799,92.253181,83.978706
134,1.116667,-0.012699,0.397547,0.026036,0.917124,-216.418869,92.252281,83.978935
135,1.125000,-0.012730,0.397501,0.026003,0.917145,-216.418121,92.251068,83.979347
136,1.133333,-0.012786,0.397511,0.026110,0.917137,-216.418243,92.252029,83.979256
137,1.141667,-0.012651,0.397489,0.026036,0.917150,-216.419266,92.252518,83.979279
138,1.150000,-0.012582,0.397510,0.025927,0.917145,-216.421585,92.253326,83.979080
139,1.158333,-0.012652,0.397550,0.026043,0.917124,-216.423798,92.253365,83.978157
140,1.166667,-0.012647,0.397560,0.025920,0.917123,-216.425537,92.252975,83.978989
141,1.175000,-0.012722,0.397544,0.025920,0.917129,-216.427475,92.254730,83.978516
142,1.183333,-0.012687,0.397516,0.025857,0.917143,-216.429062,92.255066,83.978813
143,1.191667,-0.012655,0.397499,0.025797,0.917153,-216.429428,92.254242,83.978661
144,1.200000,-0.012627,0.397556,0.025785,0.917129,-216.431137,92.253693,83.978638
145,1.208333,-0.012640,0.397609,0.025982,0.917100,-216.436462,92.254623,83.978584
146,1.216667,-0.012556,0.397610,0.026010,0.917100,-216.439774,92.254875,83.979050
147,1.225000,-0.012504,0.397689,0.025980,0.917067,-216.442703,92.255226,83.978951
148,1.233333,-0.012465,0.397762,0.026044,0.917034,-216.444565,92.254082,83.978813
149,1.241667,-0.012392,0.397743,0.026204,0.917039,-216.440720,92.252876,83.980003
150,1.250000,-0.012454,0.397713,0.026218,0.917051,-216.437500,92.253784,83.980675
151,1.258333,-0.012511,0.397691,0.026365,0.917055,-216.434891,92.253662,83.981293
152,1.266667,-0.012545,0.397710,0.026449,0.917044,-216.431763,92.252235,83.980713
153,1.275000,-0.012640,0.397676,0.026491,0.917056,-216.430328,92.251793,83.980820
154,1.283333,-0.012707,0.397669,0.026314,0.917064,-216.430374,92.252068,83.980461
155,1.291667,-0.012585,0.397679,0.026288,0.917062,-216.432098,92.253365,83.979378
156,1.300000,-0.012425,0.397692,0.026225,0.917060,-216.433960,92.255013,83.978844
157,1.308333,-0.012353,0.397696,0.026158,0.917061,-216.435974,92.255440,83.977928
158,1.316667,-0.012267,0.397730,0.026009,0.917052,-216.437912,92.255074,83.979065
159,1.325000,-0.012274,0.397729,0.025822,0.917057,-216.441040,92.255661,83.978195
160,1.333333,-0.012323,0.397767,0.025824,0.917040,-216.442459,92.256775,83.978493
161,1.341667,-0.012408,0.397807,0.025946,0.917018,-216.443558,92.255554,83.978210
162,1.350000,-0.012456,0.397803,0.026026,0.917017,-216.443939,92.254761,83.979759
163,1.358333,-0.012394,0.397844,0.026040,0.917000,-216.443848,92.254745,83.979042
164,1.366667,-0.012235,0.397792,0.026226,0.917019,-216.443375,92.252670,83.980118
165,1.375000,-0.012230,0.397784,0.026284,0.917021,-216.441925,92.252090,83.981255
166,1.383333,-0.012325,0.397821,0.026414,0.917000,-216.440872,92.252258,83.981270
167,1.391667,-0.012266,0.397797,0.026373,0.917012,-216.439697,92.252472,83.981369
168,1.400000,-0.012341,0.397751,0.026290,0.917034,-216.437943,92.253548,83.980431
169,1.408333,-0.012442,0.397755,0.026179,0.917034,-216.435959,92.253319,83.979691
170,1.416667,-0.012433,0.397711,0.026268,0.917050,-216.433426,92.253456,83.980385
171,1.425000,-0.012571,0.397720,0.026187,0.917047,-216.431000,92.252907,83.979004
172,1.433333,-0.012643,0.397677,0.026033,0.917069,-216.430710,92.254128,83.977165
173,1.441667,-0.012566,0.397696,0.026041,0.917062,-216.429901,92.254639,83.976715
174,1.450000,-0.012459,0.397724,0.026085,0.917050,-216.431076,92.255875,83.976173
175,1.458333,-0.012388,0.397736,0.025999,0.917048,-216.433456,92.254555,83.975754
176,1.466667,-0.012313,0.397744,0.025842,0.917050,-216.436737,92.253838,83.976555
177,1.475000,-0.012368,0.397761,0.025779,0.917043,-216.440460,92.253952,83.976761
178,1.483333,-0.012339,0.397788,0.025945,0.917028,-216.443054,92.255211,83.976807
179,1.491667,-0.012357,0.397794,0.025907,0.917026,-216.445038,92.255402,83.976616
180,1.500000,-0.012340,0.397862,0.025956,0.916995,-216.445419,92.255035,83.978470
181,1.508333,-0.012327,0.397877,0.025983,0.916988,-216.444214,92.254196,83.979210
182,1.516667,-0.012238,0.397867,0.026157,0.916989,-216.442734,92.253334,83.980217
183,1.525000,-0.012221,0.397819,0.026170,0.917009,-216.441040,92.253357,83.981308
184,1.533333,-0.012264,0.397780,0.026170,0.917025,-216.440826,92.252968,83.981529
185,1.541667,-0.012289,0.397785,0.026236,0.917021,-216.440002,92.254463,83.981644
186,1.550000,-0.012254,0.397815,0.026172,0.917010,-216.438156,92.253853,83.982475
187,1.558333,-0.012303,0.397780,0.026175,0.917025,-216.437393,92.254761,83.981339
188,1.566667,-0.012359,0.397858,0.026211,0.916989,-216.435654,92.254196,83.981033
189,1.575000,-0.012389,0.397809,0.026312,0.917007,-216.435715,92.252937,83.979385
190,1.583333,-0.012364,0.397788,0.026261,0.917018,-216.435379,92.252258,83.979134
191,1.591667,-0.012308,0.397763,0.026257,0.917030,-216.435501,92.253395,83.978897
192,1.600000,-0.012397,0.397739,0.026184,0.917041,-216.436722,92.254700,83.977417
193,1.608333,-0.012383,0.397782,0.026186,0.917023,-216.437714,92.255257,83.977180
194,1.616667,-0.012364,0.397757,0.026110,0.917036,-216.439194,92.256210,83.977966
195,1.625000,-0.012291,0.397787,0.026057,0.917026,-216.439789,92.255959,83.976570
196,1.633333,-0.012253,0.397781,0.025933,0.917032,-216.440552,92.256088,83.977798
197,1.641667,-0.012260,0.397790,0.026010,0.917026,-216.442459,92.255898,83.977859
198,1.650000,-0.012151,0.397808,0.026000,0.917020,-216.443558,92.254654,83.978661
199,1.658333,-0.012240,0.397851,0.026067,0.916998,-216.443542,92.254128,83.978981
200,1.666667,-0.012353,0.397804,0.026078,0.917017,-216.443161,92.254501,83.980728
201,1.675000,-0.012369,0.397833,0.026082,0.917004,-216.442200,92.254601,83.980507
202,1.683333,-0.012369,0.397783,0.026099,0.917025,-216.440750,92.253860,83.981010
203,1.691667,-0.012216,0.397799,0.026163,0.917018,-216.438751,92.255028,83.981972
204,1.700000,-0.012210,0.397797,0.026204,0.917018,-216.437057,92.255348,83.981285
205,1.708333,-0.012272,0.397749,0.026248,0.917037,-216.436523,92.253716,83.980873
206,1.716667,-0.012410,0.397755,0.026294,0.917031,-216.435532,92.252899,83.980804
207,1.725000,-0.012449,0.397702,0.026236,0.917055,-216.435074,92.252403,83.979744
208,1.733333,-0.012412,0.397711,0.026095,0.917056,-216.435699,92.253998,83.979179
209,1.741667,-0.012448,0.397770,0.026200,0.917027,-216.435867,92.254753,83.977760
210,1.750000,-0.012379,0.397770,0.026152,0.917029,-216.436295,92.255386,83.977432
211,1.758333,-0.012316,0.397798,0.026135,0.917018,-216.437820,92.256233,83.976952
212,1.766667,-0.012319,0.397758,0.026068,0.917037,-216.438751,92.256508,83.976349
213,1.775000,-0.012328,0.397748,0.026109,0.917040,-216.439865,92.256828,83.976288
214,1.783333,-0.012333,0.397763,0.026093,0.917034,-216.439957,92.256073,83.976570
215,1.791667,-0.012340,0.397754,0.026006,0.917041,-216.441010,92.255882,83.977303
216,1.800000,-0.012200,0.397809,0.026028,0.917018,-216.442276,92.254837,83.978683
217,1.808333,-0.012218,0.397865,0.026091,0.916992,-216.442322,92.254631,83.980133
218,1.816667,-0.012334,0.397781,0.026186,0.917024,-216.442108,92.254074,83.980896
219,1.825000,-0.012378,0.397807,0.026227,0.917011,-216.441055,92.254295,83.981544
220,1.833333,-0.012371,0.397782,0.026269,0.917021,-216.440338,92.253670,83.981392
221,1.841667,-0.012372,0.397832,0.026381,0.916996,-216.438705,92.252060,83.981674
222,1.850000,-0.012380,0.397783,0.026308,0.917019,-216.437943,92.252335,83.982574
223,1.858333,-0.012470,0.397783,0.026408,0.917015,-216.436218,92.252541,83.981552
224,1.866667,-0.012413,0.397719,0.026245,0.917048,-216.435745,92.252403,83.981468
225,1.875000,-0.012354,0.397729,0.026095,0.917048,-216.435486,92.253281,83.979637
226,1.883333,-0.012362,0.397815,0.026126,0.917010,-216.435410,92.254219,83.977821
227,1.891667,-0.012452,0.397771,0.026141,0.917028,-216.435928,92.255196,83.977158
228,1.900000,-0.012554,0.397736,0.026129,0.917042,-216.437363,92.255554,83.977226
229,1.908333,-0.012542,0.397773,0.026060,0.917028,-216.438843,92.256790,83.976402
230,1.916667,-0.012341,0.397829,0.026066,0.917006,-216.439392,92.255928,83.976166
231,1.925000,-0.012322,0.397823,0.026161,0.917006,-216.440506,92.255356,83.976532
232,1.933333,-0.012337,0.397789,0.026025,0.917025,-216.441162,92.256477,83.977257
233,1.941667,-0.012205,0.397756,0.026192,0.917036,-216.441605,92.254341,83.977531
234,1.950000,-0.012307,0.397829,0.026158,0.917004,-216.442108,92.255501,83.978859
235,1.958333,-0.012270,0.397883,0.026354,0.916976,-216.442230,92.254341,83.979233
236,1.966667,-0.012256,0.397882,0.026207,0.916980,-216.443039,92.253868,83.980629
237,1.975000,-0.012272,0.397861,0.026300,0.916987,-216.443176,92.252167,83.981415
238,1.983333,-0.012390,0.397829,0.026273,0.917000,-216.445786,92.253448,83.980858
239,1.991667,-0.012350,0.397849,0.026224,0.916993,-216.445633,92.254631,83.981331
240,2.000000,-0.012347,0.397869,0.026231,0.916984,-216.444778,92.254517,83.981796
241,2.008333,-0.012365,0.397875,0.026207,0.916982,-216.443939,92.253990,83.980766
242,2.016667,-0.012408,0.397862,0.026272,0.916985,-216.441376,92.252907,83.981384
243,2.025000,-0.012437,0.397880,0.026329,0.916975,-216.440231,92.252708,83.980698
244,2.033333,-0.012411,0.397842,0.026362,0.916991,-216.439651,92.253754,83.979439
245,2.041667,-0.012289,0.397906,0.026409,0.916964,-216.439346,92.254951,83.979446
246,2.050000,-0.012230,0.397907,0.026336,0.916966,-216.439789,92.254578,83.978394
247,2.058333,-0.012355,0.397863,0.026231,0.916986,-216.441757,92.254974,83.977478
248,2.066667,-0.012318,0.397901,0.026236,0.916971,-216.443726,92.253204,83.977516
249,2.075000,-0.012238,0.397956,0.026155,0.916950,-216.446060,92.253014,83.978043
250,2.083333,-0.012224,0.397926,0.026280,0.916960,-216.447235,92.253021,83.978348
251,2.091667,-0.012226,0.397938,0.026226,0.916956,-216.447067,92.253426,83.978996
252,2.100000,-0.012275,0.397951,0.026283,0.916948,-216.447067,92.252800,83.978668
253,2.108333,-0.012338,0.397946,0.026242,0.916951,-216.446381,92.252266,83.979866
254,2.116667,-0.012307,0.397947,0.026249,0.916950,-216.445679,92.251839,83.979553
255,2.125000,-0.012246,0.397973,0.026201,0.916941,-216.445114,92.253464,83.981735
256,2.133333,-0.012276,0.397948,0.026343,0.916947,-216.444138,92.253906,83.981865
257,2.141667,-0.012325,0.397957,0.026329,0.916943,-216.442947,92.254547,83.981522
258,2.150000,-0.012329,0.397956,0.026309,0.916944,-216.441650,92.254723,83.981407
259,2.158333,-0.012404,0.397953,0.026332,0.916944,-216.440964,92.254364,83.981697
260,2.166667,-0.012386,0.397917,0.026330,0.916960,-216.440445,92.253708,83.981171
261,2.175000,-0.012272,0.397919,0.026332,0.916961,-216.440628,92.253098,83.980194
262,2.183333,-0.012324,0.397941,0.026388,0.916949,-216.441223,92.253960,83.979622
263,2.191667,-0.012316,0.397929,0.026410,0.916953,-216.442230,92.254250,83.978943
264,2.200000,-0.012286,0.397874,0.026257,0.916982,-216.442184,92.253311,83.978096
265,2.208333,-0.012345,0.397910,0.026323,0.916964,-216.443298,92.253876,83.977615
266,2.216667,-0.012348,0.397954,0.026368,0.916943,-216.444321,92.253448,83.977142
267,2.225000,-0.012403,0.397964,0.026195,0.916943,-216.445877,92.253777,83.977142
268,2.233333,-0.012446,0.397937,0.026050,0.916958,-216.446426,92.254501,83.976791
269,2.241667,-0.012452,0.398008,0.026061,0.916927,-216.445999,92.253693,83.977112
270,2.250000,-0.012336,0.398005,0.026113,0.916929,-216.446564,92.252113,83.978455
271,2.258333,-0.012341,0.397951,0.026122,0.916952,-216.446426,92.252747,83.979782
272,2.266667,-0.012320,0.397906,0.026200,0.916969,-216.445541,92.252426,83.979660
273,2.275000,-0.012344,0.397961,0.026173,0.916946,-216.444153,92.253670,83.980545
274,2.283333,-0.012359,0.397916,0.026237,0.916963,-216.443008,92.254517,83.981339
275,2.291667,-0.012391,0.397917,0.026264,0.916962,-216.442291,92.255608,83.981613
276,2.300000,-0.012418,0.397927,0.026283,0.916957,-216.441681,92.255020,83.981422
277,2.308333,-0.012404,0.397927,0.026310,0.916956,-216.441650,92.254433,83.980331
278,2.316667,-0.012387,0.397950,0.026204,0.916949,-216.441269,92.254402,83.980873
279,2.325000,-0.012401,0.397915,0.026257,0.916963,-216.440964,92.253181,83.979820
280,2.333333,-0.012352,0.397926,0.026263,0.916958,-216.442200,92.255394,83.979210
281,2.341667,-0.012213,0.397945,0.026261,0.916952,-216.441971,92.254562,83.978241
282,2.350000,-0.012243,0.397954,0.026257,0.916948,-216.442734,92.253830,83.978668
283,2.358333,-0.012309,0.397958,0.026205,0.916947,-216.442993,92.253281,83.978096
284,2.366667,-0.012344,0.397962,0.026305,0.916942,-216.444275,92.253799,83.977226
285,2.375000,-0.012331,0.397942,0.026196,0.916954,-216.445877,92.254822,83.977455
286,2.383333,-0.012386,0.397971,0.026155,0.916941,-216.446213,92.254761,83.977737
287,2.391667,-0.012299,0.397980,0.026079,0.916941,-216.446732,92.254677,83.978584
288,2.400000,-0.012321,0.397987,0.026068,0.916938,-216.446274,92.254082,83.977852
289,2.408333,-0.012461,0.397966,0.026033,0.916946,-216.445969,92.253426,83.978806
290,2.416667,-0.012536,0.397975,0.026093,0.916940,-216.445084,92.253372,83.979874
291,2.425000,-0.012473,0.397948,0.026179,0.916950,-216.444565,92.253784,83.980652
292,2.433333,-0.012448,0.397951,0.026328,0.916944,-216.442917,92.253510,83.980766
293,2.441667,-0.012392,0.397955,0.026261,0.916945,-216.442398,92.254143,83.981171
294,2.450000,-0.012305,0.397972,0.026306,0.916938,-216.441376,92.254196,83.982094
295,2.458333,-0.012304,0.397966,0.026437,0.916937,-216.441055,92.253418,83.981262
296,2.466667,-0.012376,0.397940,0.026384,0.916949,-216.441040,92.253944,83.980736
297,2.475000,-0.012329,0.397891,0.026297,0.916973,-216.440872,92.252731,83.980598
298,2.483333,-0.012387,0.397933,0.026324,0.916953,-216.441467,92.253403,83.979813
299,2.491667,-0.012315,0.397947,0.026343,0.916948,-216.442322,92.254242,83.978859
300,2.500000,-0.012295,0.397963,0.026272,0.916943,-216.443817,92.254234,83.977661
301,2.508333,-0.012259,0.397967,0.026275,0.916941,-216.444046,92.254173,83.977051
302,2.516667,-0.012346,0.397913,0.026199,0.916966,-216.445038,92.254951,83.977455
303,2.525000,-0.012331,0.397961,0.026160,0.916946,-216.444992,92.254898,83.977951
304,2.533333,-0.012425,0.397941,0.026241,0.916952,-216.445969,92.254631,83.978188
305,2.541667,-0.012565,0.397988,0.026124,0.916933,-216.445847,92.254517,83.978004
306,2.550000,-0.012588,0.397973,0.026207,0.916936,-216.445709,92.253578,83.977737
307,2.558333,-0.012629,0.397922,0.026104,0.916961,-216.445084,92.254280,83.979530
308,2.566667,-0.012436,0.397879,0.026186,0.916980,-216.443939,92.253899,83.980545
309,2.575000,-0.012416,0.397938,0.026285,0.916952,-216.442841,92.254005,83.980309
310,2.583333,-0.012463,0.397893,0.026376,0.916968,-216.442230,92.255142,83.981667
311,2.591667,-0.012432,0.397834,0.026497,0.916991,-216.441849,92.255150,83.982658
312,2.600000,-0.012381,0.397811,0.026478,0.917002,-216.440338,92.253304,83.983162
313,2.608333,-0.012415,0.397770,0.026520,0.917018,-216.439270,92.253448,83.984062
314,2.616667,-0.012537,0.397698,0.026574,0.917046,-216.438507,92.254654,83.984238
315,2.625000,-0.012592,0.397652,0.026600,0.917064,-216.438171,92.254379,83.984604
316,2.633333,-0.012681,0.397645,0.026729,0.917062,-216.438156,92.254341,83.983627
317,2.641667,-0.012742,0.397557,0.026696,0.917101,-216.438431,92.255249,83.983452
318,2.650000,-0.013017,0.397511,0.026823,0.917113,-216.438538,92.257446,83.982872
319,2.658333,-0.013036,0.397419,0.026886,0.917150,-216.438080,92.258331,83.983826
320,2.666667,-0.012968,0.397367,0.026833,0.917176,-216.438293,92.258972,83.983673
321,2.675000,-0.012818,0.397326,0.026795,0.917197,-216.438248,92.258965,83.983360
322,2.683333,-0.012731,0.397413,0.026662,0.917164,-216.438919,92.260437,83.984070
323,2.691667,-0.012674,0.397469,0.026521,0.917145,-216.438339,92.257416,83.984818
324,2.700000,-0.012481,0.397477,0.026261,0.917151,-216.438751,92.254913,83.984283
325,2.708333,-0.012410,0.397521,0.026264,0.917133,-216.438156,92.254692,83.985153
326,2.716667,-0.012234,0.397388,0.026038,0.917200,-216.433929,92.252495,83.988144
327,2.725000,-0.012351,0.397384,0.026124,0.917197,-216.432114,92.253075,83.988998
328,2.733333,-0.012329,0.397296,0.026265,0.917232,-216.431122,92.252243,83.990440
329,2.741667,-0.012341,0.397286,0.026169,0.917239,-216.430923,92.253670,83.990280
330,2.750000,-0.012258,0.397256,0.026174,0.917253,-216.430634,92.253578,83.989517
331,2.758333,-0.012285,0.397302,0.026285,0.917229,-216.430374,92.253838,83.989349
332,2.766667,-0.012420,0.397314,0.026194,0.917225,-216.429108,92.253845,83.988861
333,2.775000,-0.012460,0.397290,0.026200,0.917234,-216.429169,92.253784,83.987305
334,2.783333,-0.012430,0.397264,0.026115,0.917248,-216.429779,92.254295,83.987389
335,2.791667,-0.012470,0.397239,0.026167,0.917257,-216.430252,92.254280,83.986099
336,2.800000,-0.012477,0.397299,0.026071,0.917234,-216.429871,92.254219,83.986053
337,2.808333,-0.012360,0.397270,0.026032,0.917249,-216.429718,92.254692,83.986237
338,2.816667,-0.012398,0.397374,0.026060,0.917203,-216.429230,92.254494,83.985184
339,2.825000,-0.012537,0.397332,0.025947,0.917222,-216.428589,92.254105,83.984344
340,2.833333,-0.012579,0.397331,0.025765,0.917227,-216.428726,92.255455,83.984253
341,2.841667,-0.012488,0.397334,0.025871,0.917224,-216.426849,92.255142,83.984253
342,2.850000,-0.012504,0.397324,0.025871,0.917228,-216.425156,92.255013,83.986649
343,2.858333,-0.012546,0.397331,0.025779,0.917228,-216.423553,92.255928,83.989708
344,2.866667,-0.012430,0.397363,0.025681,0.917218,-216.419434,92.256157,83.995018
345,2.875000,-0.012307,0.397368,0.025629,0.917219,-216.413925,92.257141,84.000633
346,2.883333,-0.012231,0.397441,0.025420,0.917194,-216.407425,92.255936,84.007881
347,2.891667,-0.011939,0.397481,0.025452,0.917180,-216.402679,92.256561,84.017563
348,2.900000,-0.011902,0.397467,0.025091,0.917196,-216.399460,92.259010,84.028221
349,2.908333,-0.011707,0.397537,0.024976,0.917171,-216.395660,92.259880,84.040871
350,2.916667,-0.011164,0.397555,0.024675,0.917179,-216.391785,92.260948,84.055557
351,2.925000,-0.010903,0.397787,0.024366,0.917089,-216.391342,92.260986,84.074020
352,2.933333,-0.010234,0.398009,0.024189,0.917006,-216.386505,92.259346,84.095001
353,2.941667,-0.009539,0.397995,0.023946,0.917026,-216.380783,92.258965,84.120728
354,2.950000,-0.008529,0.397801,0.023634,0.917128,-216.371582,92.259308,84.152771
355,2.958333,-0.006845,0.397783,0.022450,0.917179,-216.355011,92.256317,84.180374
356,2.966667,-0.005169,0.398154,0.021417,0.917054,-216.331436,92.250565,84.202568
357,2.975000,-0.004031,0.398563,0.020868,0.916895,-216.303467,92.244522,84.226234
358,2.983333,-0.003173,0.398736,0.020268,0.916836,-216.279312,92.244759,84.249405
359,2.991667,-0.002437,0.398728,0.020028,0.916847,-216.260025,92.247604,84.268349
360,3.000000,-0.001965,0.398851,0.019712,0.916802,-216.245026,92.249771,84.283012
361,3.008333,-0.000863,0.400480,0.023041,0.916015,-216.222046,92.222397,84.317787
362,3.016667,0.000064,0.400121,0.025665,0.916103,-216.232651,92.199745,84.328949
363,3.025000,0.000538,0.400044,0.026152,0.916123,-216.230682,92.192299,84.333488
364,3.033333,0.000694,0.399925,0.026343,0.916169,-216.232254,92.190941,84.338837
365,3.041667,0.000840,0.399791,0.026453,0.916224,-216.234711,92.192551,84.346909
366,3.050000,0.001087,0.399810,0.026093,0.916226,-216.235306,92.195671,84.354195
367,3.058333,0.001035,0.399872,0.025257,0.916223,-216.235229,92.201294,84.360489
368,3.066667,0.000808,0.400008,0.024434,0.916185,-216.234726,92.208885,84.366096
369,3.075000,0.000663,0.399942,0.023794,0.916231,-216.234497,92.219269,84.373070
370,3.083333,0.000707,0.399811,0.023201,0.916304,-216.234344,92.226707,84.382866
371,3.091667,0.000928,0.399421,0.022437,0.916492,-216.239807,92.235199,84.395699
372,3.100000,0.001525,0.399141,0.022203,0.916620,-216.244843,92.235512,84.407845
373,3.108333,0.001895,0.399196,0.022444,0.916589,-216.247314,92.236176,84.418793
374,3.116667,0.002074,0.399308,0.022825,0.916530,-216.247528,92.237679,84.428780
375,3.125000,0.002226,0.399255,0.023081,0.916547,-216.249161,92.238556,84.436058
376,3.133333,0.002149,0.399180,0.023227,0.916576,-216.253525,92.239624,84.441017
377,3.141667,0.001949,0.399156,0.023391,0.916583,-216.258118,92.240402,84.442490
378,3.150000,0.001536,0.399162,0.023471,0.916579,-216.263031,92.241516,84.438095
379,3.158333,0.001502,0.399173,0.023391,0.916576,-216.268295,92.238907,84.425774
380,3.166667,0.001046,0.399135,0.023380,0.916593,-216.276627,92.236740,84.404976
381,3.175000,0.000877,0.399298,0.025514,0.916466,-216.265366,92.212509,84.368362
382,3.183333,0.000204,0.399459,0.024896,0.916413,-216.267731,92.217323,84.341522
383,3.191667,-0.000611,0.398928,0.022657,0.916702,-216.279358,92.237350,84.310295
384,3.200000,-0.001262,0.398311,0.021165,0.917006,-216.286560,92.253311,84.288963
385,3.208333,-0.000973,0.397859,0.020718,0.917212,-216.292450,92.260391,84.294716
386,3.216667,-0.000844,0.397709,0.020683,0.917278,-216.301102,92.282646,84.309258
387,3.225000,-0.000483,0.397954,0.020922,0.917167,-216.299728,92.311935,84.334885
388,3.233333,0.001919,0.398266,0.023819,0.916959,-216.322952,92.348495,84.366180
389,3.241667,0.002475,0.398125,0.023197,0.917035,-216.298157,92.404625,84.373962
390,3.250000,0.000617,0.397809,0.023571,0.917165,-216.275269,92.479881,84.381180
391,3.258333,-0.000574,0.397360,0.022982,0.917375,-216.268448,92.546371,84.387802
392,3.266667,-0.001275,0.397201,0.023338,0.917434,-216.270401,92.597290,84.397278
393,3.275000,-0.001332,0.397154,0.023920,0.917439,-216.276260,92.639580,84.420021
394,3.283333,-0.000656,0.398343,0.026140,0.916864,-216.269928,92.665642,84.455193
395,3.291667,0.000453,0.398320,0.024895,0.916909,-216.295151,92.723518,84.480583
396,3.300000,0.000556,0.398216,0.024077,0.916975,-216.288513,92.787979,84.479813
397,3.308333,0.000161,0.398115,0.023103,0.917045,-216.278366,92.852081,84.482857
398,3.316667,-0.000832,0.397904,0.021894,0.917165,-216.269348,92.920067,84.482368
399,3.325000,-0.002098,0.397662,0.020958,0.917290,-216.266708,92.979851,84.475052
400,3.333333,-0.002930,0.397796,0.021256,0.917223,-216.260864,93.024307,84.475159
401,3.341667,-0.002624,0.397746,0.023766,0.917184,-216.262680,93.087379,84.480682
402,3.350000,-0.002859,0.397891,0.025076,0.917085,-216.265030,93.145164,84.487877
403,3.358333,-0.003329,0.398214,0.024719,0.916954,-216.268661,93.202461,84.492455
404,3.366667,-0.003688,0.398548,0.023663,0.916835,-216.270203,93.263542,84.495232
405,3.375000,-0.004024,0.398811,0.022436,0.916750,-216.269638,93.327553,84.498199
406,3.383333,-0.003683,0.399269,0.021736,0.916569,-216.265457,93.387100,84.499878
407,3.391667,-0.003596,0.399454,0.021727,0.916489,-216.261597,93.446480,84.496620
408,3.400000,-0.003458,0.399444,0.021843,0.916491,-216.257904,93.501129,84.495941
409,3.408333,-0.003466,0.399257,0.022099,0.916566,-216.253876,93.551979,84.502777
410,3.416667,-0.003897,0.399200,0.022193,0.916587,-216.249008,93.598717,84.510582
411,3.425000,-0.005013,0.399261,0.023110,0.916532,-216.244888,93.650795,84.511032
412,3.433333,-0.005386,0.400191,0.025314,0.916066,-216.234451,93.682190,84.525261
413,3.441667,-0.005394,0.400125,0.025148,0.916100,-216.234833,93.723831,84.535019
414,3.450000,-0.004927,0.400142,0.025123,0.916096,-216.237259,93.762001,84.544800
415,3.458333,-0.004912,0.399991,0.023040,0.916216,-216.248199,93.821564,84.549454
416,3.466667,-0.005323,0.399786,0.021224,0.916347,-216.251923,93.883400,84.547249
417,3.475000,-0.005661,0.399599,0.020052,0.916453,-216.249084,93.946365,84.544029
418,3.483333,-0.005869,0.399247,0.020236,0.916601,-216.260361,94.011162,84.547974
419,3.491667,-0.006479,0.398899,0.020063,0.916752,-216.247971,94.077446,84.535965
420,3.500000,-0.007139,0.398809,0.019564,0.916798,-216.235764,94.142593,84.527412
421,3.508333,-0.008412,0.399043,0.020405,0.916666,-216.226883,94.204491,84.519485
422,3.516667,-0.009686,0.399435,0.020507,0.916481,-216.220093,94.261391,84.513634
423,3.525000,-0.010313,0.399584,0.020217,0.916416,-216.217163,94.312737,84.509010
424,3.533333,-0.010894,0.399647,0.019408,0.916399,-216.217590,94.362053,84.502907
425,3.541667,-0.011182,0.399844,0.018587,0.916327,-216.218704,94.411995,84.496208
426,3.550000,-0.011835,0.400142,0.018500,0.916190,-216.235138,94.459839,84.500954
427,3.558333,-0.012535,0.400181,0.018078,0.916172,-216.226547,94.516823,84.489555
428,3.566667,-0.013071,0.399916,0.017479,0.916292,-216.218140,94.573509,84.482903
429,3.575000,-0.013518,0.399609,0.017145,0.916425,-216.213577,94.626068,84.475967
430,3.583333,-0.014186,0.399598,0.017840,0.916407,-216.212601,94.680367,84.468590
431,3.591667,-0.014570,0.399683,0.018271,0.916356,-216.211349,94.729706,84.468391
432,3.600000,-0.014658,0.399761,0.018269,0.916320,-216.210938,94.768944,84.469559
433,3.608333,-0.014409,0.400672,0.019964,0.915891,-216.204193,94.790283,84.481033
434,3.616667,-0.014438,0.400835,0.020019,0.915818,-216.201614,94.820824,84.481880
435,3.625000,-0.014380,0.400850,0.020030,0.915812,-216.200470,94.851006,84.480080
436,3.633333,-0.014915,0.400408,0.019047,0.916018,-216.217209,94.892448,84.477303
437,3.641667,-0.015757,0.399981,0.017752,0.916216,-216.210358,94.941475,84.460503
438,3.650000,-0.016630,0.399953,0.016505,0.916236,-216.198685,94.992973,84.448418
439,3.658333,-0.017689,0.399942,0.015067,0.916246,-216.187866,95.044884,84.437866
440,3.666667,-0.018392,0.399895,0.013864,0.916271,-216.181946,95.091354,84.426392
441,3.675000,-0.019601,0.399766,0.012920,0.916317,-216.181320,95.137138,84.412453
442,3.683333,-0.020487,0.399646,0.012290,0.916358,-216.181488,95.172607,84.400917
443,3.691667,-0.020935,0.399698,0.012217,0.916326,-216.180511,95.202377,84.398094
444,3.700000,-0.021719,0.400147,0.013663,0.916092,-216.179581,95.235672,84.395363
445,3.708333,-0.021799,0.400391,0.014488,0.915971,-216.177841,95.259544,84.394424
446,3.716667,-0.021531,0.400508,0.014778,0.915921,-216.175980,95.277328,84.397652
447,3.725000,-0.021299,0.400749,0.014946,0.915818,-216.172623,95.292816,84.400139
448,3.733333,-0.021182,0.400738,0.015245,0.915821,-216.170364,95.308701,84.404419
449,3.741667,-0.021153,0.400871,0.017020,0.915732,-216.184479,95.310638,84.420753
450,3.750000,-0.021057,0.400952,0.017321,0.915693,-216.182068,95.324493,84.430733
451,3.758333,-0.021156,0.401110,0.017166,0.915624,-216.164810,95.347328,84.432312
452,3.766667,-0.021389,0.401118,0.016873,0.915621,-216.154739,95.373917,84.430260
453,3.775000,-0.021418,0.401000,0.016293,0.915683,-216.150543,95.406654,84.427010
454,3.783333,-0.021278,0.400998,0.015684,0.915698,-216.148041,95.439590,84.424042
455,3.791667,-0.021369,0.400926,0.015158,0.915736,-216.146118,95.473686,84.420410
456,3.800000,-0.021706,0.400954,0.014481,0.915726,-216.144348,95.508476,84.417305
457,3.808333,-0.021841,0.400938,0.014074,0.915737,-216.142151,95.538635,84.411308
458,3.816667,-0.021524,0.401071,0.014169,0.915684,-216.139725,95.558701,84.409180
459,3.825000,-0.021064,0.401155,0.014417,0.915655,-216.137100,95.573792,84.409859
460,3.833333,-0.020753,0.401293,0.014622,0.915598,-216.137344,95.587173,84.409210
461,3.841667,-0.020453,0.401337,0.014884,0.915581,-216.138489,95.602509,84.409660
462,3.850000,-0.020166,0.401425,0.015018,0.915547,-216.140442,95.620522,84.410980
463,3.858333,-0.019953,0.401499,0.015093,0.915518,-216.140457,95.639984,84.409447
464,3.866667,-0.020047,0.401582,0.015002,0.915481,-216.138702,95.666885,84.408607
465,3.875000,-0.020221,0.401679,0.014701,0.915439,-216.137192,95.693359,84.405754
466,3.883333,-0.020408,0.401803,0.014378,0.915386,-216.135330,95.719025,84.405823
467,3.891667,-0.020835,0.401843,0.014167,0.915362,-216.132828,95.741997,84.403969
468,3.900000,-0.021756,0.402132,0.014878,0.915202,-216.129379,95.768204,84.402405
469,3.908333,-0.022355,0.402327,0.015143,0.915098,-216.124298,95.788452,84.403061
470,3.916667,-0.022740,0.402407,0.015153,0.915053,-216.119507,95.805611,84.406128
471,3.925000,-0.023154,0.402358,0.014972,0.915067,-216.115601,95.821251,84.407509
472,3.933333,-0.023602,0.402360,0.014861,0.915057,-216.113663,95.839760,84.405502
473,3.941667,-0.023846,0.402381,0.014893,0.915041,-216.111404,95.854851,84.404121
474,3.950000,-0.024028,0.402284,0.014876,0.915079,-216.112091,95.868484,84.402863
475,3.958333,-0.024249,0.402217,0.014888,0.915102,-216.112350,95.878204,84.399155
476,3.966667,-0.024371,0.402176,0.014799,0.915118,-216.110855,95.891029,84.396858
477,3.975000,-0.024136,0.402106,0.014859,0.915154,-216.101746,95.908089,84.395477
478,3.983333,-0.024183,0.402266,0.014456,0.915089,-216.087677,95.935349,84.390152
479,3.991667,-0.023891,0.402774,0.015874,0.914850,-216.058990,95.962769,84.385452
480,4.000000,-0.023884,0.402823,0.015917,0.914828,-216.034348,96.012268,84.373085
481,4.008333,-0.024625,0.403217,0.016247,0.914629,-216.008286,96.076218,84.362541
482,4.016667,-0.025752,0.403326,0.014750,0.914575,-215.992599,96.158684,84.351913
483,4.025000,-0.026738,0.404213,0.015331,0.914146,-215.962769,96.217644,84.345024
484,4.033333,-0.028578,0.404271,0.013954,0.914086,-215.949280,96.297424,84.325851
485,4.041667,-0.029971,0.403993,0.011848,0.914194,-215.941147,96.376694,84.304634
486,4.050000,-0.031050,0.403494,0.009855,0.914402,-215.939621,96.437859,84.283607
487,4.058333,-0.031338,0.403352,0.008983,0.914464,-215.945557,96.478310,84.276634
488,4.066667,-0.031627,0.403373,0.009254,0.914442,-215.952087,96.507576,84.276421
489,4.075000,-0.031834,0.403514,0.009472,0.914370,-215.960007,96.533516,84.275375
490,4.083333,-0.031778,0.403789,0.009849,0.914247,-215.962250,96.557327,84.270851
491,4.091667,-0.031523,0.403958,0.010200,0.914177,-215.962128,96.580086,84.268692
492,4.100000,-0.031730,0.404105,0.010391,0.914103,-215.961594,96.600250,84.263474
493,4.108333,-0.031811,0.404136,0.010482,0.914086,-215.965057,96.618477,84.257889
494,4.116667,-0.032063,0.404080,0.010317,0.914103,-215.969925,96.633492,84.250984
495,4.125000,-0.032520,0.404131,0.010179,0.914066,-215.975479,96.646210,84.243065
496,4.133333,-0.032981,0.404029,0.009805,0.914099,-215.979721,96.655708,84.237091
497,4.141667,-0.033320,0.403978,0.009748,0.914110,-215.981750,96.662476,84.233444
498,4.150000,-0.033385,0.403951,0.009786,0.914119,-215.980453,96.666519,84.231041
499,4.158333,-0.033324,0.404025,0.009831,0.914088,-215.978287,96.669212,84.230820
500,4.166667,-0.033188,0.404132,0.009895,0.914045,-215.976135,96.668068,84.231743
501,4.175000,-0.033103,0.404079,0.009939,0.914071,-215.974808,96.663788,84.234901
502,4.183333,-0.032992,0.404088,0.009894,0.914072,-215.972015,96.658951,84.239487
503,4.191667,-0.032924,0.404108,0.009909,0.914065,-215.970108,96.654823,84.243370
504,4.200000,-0.033069,0.404095,0.010006,0.914064,-215.967651,96.656395,84.245209
505,4.208333,-0.033317,0.404137,0.010151,0.914035,-215.964859,96.660736,84.245499
506,4.216667,-0.033524,0.404073,0.009912,0.914058,-215.963501,96.665825,84.244812
507,4.225000,-0.033569,0.404075,0.009845,0.914057,-215.962814,96.667892,84.244316
508,4.233333,-0.033332,0.404084,0.009864,0.914061,-215.963776,96.663910,84.246132
509,4.241667,-0.033058,0.404050,0.009837,0.914086,-215.965958,96.659599,84.248421
510,4.250000,-0.033127,0.404050,0.009891,0.914083,-215.969162,96.658363,84.247437
511,4.258333,-0.033174,0.404067,0.009960,0.914074,-215.972015,96.659218,84.244659
512,4.266667,-0.033340,0.404066,0.009997,0.914067,-215.975952,96.663078,84.239937
513,4.275000,-0.033293,0.404082,0.010035,0.914062,-215.977936,96.665489,84.237068
514,4.283333,-0.033355,0.404082,0.009982,0.914060,-215.978790,96.664604,84.234818
515,4.291667,-0.033233,0.403997,0.009740,0.914104,-215.979553,96.662560,84.234413
516,4.300000,-0.033125,0.404004,0.009624,0.914107,-215.979477,96.659561,84.234146
517,4.308333,-0.033104,0.404018,0.009657,0.914101,-215.978271,96.659538,84.234116
518,4.316667,-0.033104,0.404138,0.009767,0.914047,-215.976791,96.659782,84.234329
519,4.325000,-0.033252,0.404061,0.009844,0.914074,-215.975006,96.661987,84.235855
520,4.333333,-0.033503,0.404060,0.009889,0.914065,-215.972275,96.663483,84.235970
521,4.341667,-0.033482,0.404058,0.009840,0.914067,-215.969986,96.663452,84.238136
522,4.350000,-0.033450,0.404064,0.009724,0.914067,-215.967041,96.662964,84.240677
523,4.358333,-0.033324,0.404053,0.009595,0.914078,-215.963959,96.660645,84.244080
524,4.366667,-0.033279,0.404106,0.009675,0.914056,-215.961960,96.659996,84.246613
525,4.375000,-0.033291,0.404100,0.009805,0.914056,-215.962250,96.662109,84.247169
526,4.383333,-0.033226,0.404113,0.009883,0.914052,-215.963882,96.664360,84.246765
527,4.391667,-0.033147,0.404125,0.009847,0.914050,-215.966217,96.665321,84.245506
528,4.400000,-0.033229,0.404172,0.009916,0.914026,-215.969208,96.664230,84.244476
529,4.408333,-0.033265,0.404126,0.009903,0.914045,-215.973114,96.662117,84.243652
530,4.416667,-0.033145,0.404078,0.010043,0.914069,-215.976242,96.659798,84.241501
531,4.425000,-0.033095,0.404110,0.010007,0.914057,-215.978836,96.661064,84.240761
532,4.433333,-0.033051,0.404097,0.009980,0.914064,-215.980392,96.661697,84.237656
533,4.441667,-0.033131,0.404074,0.009882,0.914073,-215.981201,96.662773,84.235573
534,4.450000,-0.033222,0.404039,0.009933,0.914084,-215.979507,96.663033,84.233246
535,4.458333,-0.033310,0.404101,0.009850,0.914055,-215.977722,96.662331,84.233078
536,4.466667,-0.033208,0.404029,0.009800,0.914091,-215.975662,96.661827,84.234840
537,4.475000,-0.033322,0.404063,0.009730,0.914073,-215.972168,96.662392,84.235779
538,4.483333,-0.033374,0.404133,0.009766,0.914039,-215.968903,96.662834,84.236877
539,4.491667,-0.033399,0.404127,0.009757,0.914041,-215.967102,96.663460,84.238815
540,4.500000,-0.033391,0.404150,0.009873,0.914030,-215.965866,96.663574,84.241020
541,4.508333,-0.033431,0.404141,0.009858,0.914032,-215.964630,96.663582,84.243309
542,4.516667,-0.033263,0.404124,0.009825,0.914047,-215.964035,96.660942,84.244797
543,4.525000,-0.033143,0.404065,0.009691,0.914078,-215.964386,96.659904,84.247597
544,4.533333,-0.033124,0.404125,0.009820,0.914051,-215.964920,96.659592,84.247467
545,4.541667,-0.033221,0.404135,0.009884,0.914043,-215.967010,96.661438,84.247841
546,4.550000,-0.033366,0.404108,0.009901,0.914049,-215.970016,96.662384,84.244743
547,4.558333,-0.033282,0.404089,0.009871,0.914061,-215.972488,96.662842,84.242783
548,4.566667,-0.033259,0.404077,0.009854,0.914067,-215.974945,96.662727,84.241249
549,4.575000,-0.033158,0.404122,0.009892,0.914051,-215.977478,96.661896,84.239021
550,4.583333,-0.033190,0.404088,0.009856,0.914065,-215.979172,96.661140,84.237701
551,4.591667,-0.033281,0.404086,0.009810,0.914063,-215.979462,96.660332,84.235535
552,4.600000,-0.033366,0.404044,0.009931,0.914077,-215.979187,96.660065,84.234177
553,4.608333,-0.033311,0.404079,0.009931,0.914063,-215.977509,96.661392,84.233994
554,4.616667,-0.033277,0.404087,0.009787,0.914063,-215.975876,96.663368,84.234138
555,4.625000,-0.033252,0.404153,0.009933,0.914033,-215.972610,96.662865,84.236366
556,4.633333,-0.033206,0.404138,0.009897,0.914042,-215.969131,96.661606,84.237358
557,4.641667,-0.033179,0.404094,0.009844,0.914063,-215.966507,96.662209,84.239723
558,4.650000,-0.033240,0.404131,0.009730,0.914045,-215.965012,96.661980,84.241463
559,4.658333,-0.033317,0.404100,0.009680,0.914056,-215.963394,96.662903,84.243004
560,4.666667,-0.033268,0.404135,0.009783,0.914042,-215.962891,96.661728,84.245201
561,4.675000,-0.033211,0.404177,0.009821,0.914025,-215.964645,96.662369,84.246628
562,4.683333,-0.033184,0.404205,0.009874,0.914013,-215.966110,96.662811,84.246765
563,4.691667,-0.033213,0.404118,0.009885,0.914050,-215.966873,96.661499,84.246185
564,4.700000,-0.033275,0.404114,0.009843,0.914050,-215.969498,96.661163,84.245186
565,4.708333,-0.033302,0.404096,0.009835,0.914057,-215.973114,96.662498,84.243546
566,4.716667,-0.033256,0.404085,0.009808,0.914064,-215.975113,96.662811,84.240868
567,4.725000,-0.033151,0.404099,0.009852,0.914061,-215.977341,96.662292,84.238693
568,4.733333,-0.033204,0.404021,0.009809,0.914094,-215.978317,96.661636,84.237701
569,4.741667,-0.033194,0.404035,0.009716,0.914090,-215.979172,96.662155,84.236946
570,4.750000,-0.033125,0.404062,0.009936,0.914078,-215.977982,96.661530,84.235596
571,4.758333,-0.033103,0.404108,0.009944,0.914058,-215.977478,96.662788,84.235771
572,4.766667,-0.033158,0.404097,0.009867,0.914062,-215.975601,96.663757,84.236031
573,4.775000,-0.033140,0.404147,0.009868,0.914040,-215.972015,96.663010,84.235855
574,4.783333,-0.033252,0.404079,0.009929,0.914066,-215.968353,96.662651,84.237938
575,4.791667,-0.033337,0.404121,0.009842,0.914045,-215.965530,96.662987,84.239594
576,4.800000,-0.033318,0.404135,0.009855,0.914039,-215.963318,96.663216,84.242744
577,4.808333,-0.033325,0.404165,0.009907,0.914025,-215.961807,96.664497,84.244415
578,4.816667,-0.033390,0.404138,0.009796,0.914036,-215.961105,96.666656,84.246765
579,4.825000,-0.033710,0.404115,0.009581,0.914037,-215.961670,96.670319,84.247169
580,4.833333,-0.033890,0.404095,0.009627,0.914038,-215.962692,96.676338,84.249756
581,4.841667,-0.034071,0.404007,0.009765,0.914069,-215.964981,96.682480,84.253120
582,4.850000,-0.034357,0.404046,0.009730,0.914042,-215.967438,96.690125,84.255005
583,4.858333,-0.034647,0.404017,0.009669,0.914044,-215.969498,96.699127,84.256454
584,4.866667,-0.034908,0.403970,0.009517,0.914056,-215.972061,96.706306,84.261581
585,4.875000,-0.034966,0.403914,0.009546,0.914079,-215.972519,96.711937,84.268959
586,4.883333,-0.035127,0.403957,0.009699,0.914052,-215.971329,96.718559,84.279800
587,4.891667,-0.035281,0.403913,0.009498,0.914068,-215.967804,96.725906,84.291466
588,4.900000,-0.035582,0.403859,0.009394,0.914081,-215.963913,96.731834,84.304741
589,4.908333,-0.035970,0.403853,0.009236,0.914070,-215.958786,96.740273,84.318634
590,4.916667,-0.036192,0.403819,0.008983,0.914078,-215.951920,96.749489,84.333488
591,4.925000,-0.036398,0.403708,0.008573,0.914123,-215.943954,96.756294,84.347733
592,4.933333,-0.036721,0.403546,0.008045,0.914187,-215.934418,96.760788,84.364143
593,4.941667,-0.037272,0.403380,0.006933,0.914247,-215.927460,96.771454,84.380684
594,4.950000,-0.036986,0.404372,0.009093,0.913801,-215.907883,96.752922,84.413361
595,4.958333,-0.037648,0.403548,0.007028,0.914157,-215.905945,96.771561,84.428558
596,4.966667,-0.037885,0.403378,0.005797,0.914231,-215.895966,96.777855,84.445236
597,4.975000,-0.037304,0.403447,0.006157,0.914221,-215.879517,96.761749,84.476257
598,4.983333,-0.036282,0.404006,0.006822,0.914011,-215.855453,96.736504,84.515747
599,4.991667,-0.035032,0.405785,0.011263,0.913227,-215.817505,96.681908,84.578331
600,5.000000,-0.034590,0.405823,0.012527,0.913211,-215.783829,96.647659,84.626984
601,5.008333,-0.034501,0.405173,0.011060,0.913522,-215.762024,96.634453,84.661339
602,5.016667,-0.034083,0.405501,0.010531,0.913398,-215.732224,96.612411,84.693657
603,5.025000,-0.034091,0.407281,0.013146,0.912572,-215.688324,96.552528,84.750107
604,5.033333,-0.033316,0.407784,0.012427,0.912386,-215.647675,96.499344,84.808372
605,5.041667,-0.031830,0.408131,0.013078,0.912274,-215.600800,96.432976,84.874519
606,5.050000,-0.030919,0.408043,0.012304,0.912356,-215.570114,96.381172,84.928169
607,5.058333,-0.030328,0.408009,0.012361,0.912390,-215.533966,96.326149,84.986130
608,5.066667,-0.030153,0.408449,0.012622,0.912196,-215.491776,96.271988,85.054092
609,5.075000,-0.029309,0.410142,0.014893,0.911429,-215.439148,96.190788,85.132095
610,5.083333,-0.027425,0.409954,0.012679,0.911606,-215.399094,96.121483,85.198959
611,5.091667,-0.025398,0.409764,0.011990,0.911759,-215.345520,96.045921,85.276230
612,5.100000,-0.024975,0.409977,0.012035,0.911674,-215.304642,95.987244,85.340698
613,5.108333,-0.024997,0.410534,0.012618,0.911415,-215.262939,95.934906,85.405716
614,5.116667,-0.024039,0.411435,0.016575,0.910971,-215.231949,95.854073,85.499474
615,5.125000,-0.022094,0.411991,0.016201,0.910776,-215.176727,95.802727,85.571358
616,5.133333,-0.021823,0.412858,0.014330,0.910421,-215.127136,95.769424,85.633125
617,5.141667,-0.022858,0.412818,0.012062,0.910447,-215.087173,95.750244,85.681526
618,5.150000,-0.023844,0.413108,0.011258,0.910300,-215.045792,95.731422,85.739113
619,5.158333,-0.023534,0.414406,0.012776,0.909698,-215.005585,95.701790,85.811005
620,5.166667,-0.022687,0.415164,0.014514,0.909348,-214.967484,95.678642,85.877243
621,5.175000,-0.022404,0.415203,0.015529,0.909320,-214.929031,95.663322,85.939522
622,5.183333,-0.023385,0.415568,0.015764,0.909125,-214.889862,95.656921,86.000702
623,5.191667,-0.023954,0.416240,0.015839,0.908801,-214.852142,95.661240,86.057129
624,5.200000,-0.024595,0.416579,0.015722,0.908631,-214.809326,95.672951,86.117226
625,5.208333,-0.024287,0.418071,0.018163,0.907908,-214.741043,95.669022,86.201027
626,5.216667,-0.024280,0.418031,0.016315,0.907961,-214.710876,95.690315,86.282051
627,5.225000,-0.024645,0.418176,0.014827,0.907911,-214.657547,95.714722,86.330864
628,5.233333,-0.026010,0.418536,0.013284,0.907731,-214.597031,95.752373,86.383965
629,5.241667,-0.028336,0.418467,0.012397,0.907705,-214.537003,95.800056,86.442986
630,5.250000,-0.029673,0.418863,0.010975,0.907498,-214.466599,95.833656,86.498070
631,5.258333,-0.030899,0.420823,0.012924,0.906524,-214.394562,95.847137,86.568489
632,5.266667,-0.032726,0.421058,0.012181,0.906362,-214.351303,95.893417,86.628716
633,5.275000,-0.034060,0.421480,0.012489,0.906112,-214.299683,95.946167,86.695831
634,5.283333,-0.035190,0.422380,0.012478,0.905650,-214.250473,96.002220,86.761162
635,5.291667,-0.036611,0.423052,0.012253,0.905283,-214.207581,96.063957,86.821091
636,5.300000,-0.037859,0.423777,0.011638,0.904900,-214.163940,96.122459,86.871170
637,5.308333,-0.039508,0.424267,0.010492,0.904614,-214.112686,96.175453,86.912346
638,5.316667,-0.041030,0.424472,0.009529,0.904461,-214.062256,96.223808,86.962967
639,5.325000,-0.041666,0.426022,0.011254,0.903683,-213.997147,96.244583,87.030762
640,5.333333,-0.042551,0.426495,0.011007,0.903422,-213.940887,96.274300,87.085800
641,5.341667,-0.043352,0.427337,0.011492,0.902979,-213.883789,96.298759,87.139359
642,5.350000,-0.045039,0.427575,0.009755,0.902804,-213.858978,96.341270,87.203178
643,5.358333,-0.046346,0.427537,0.009278,0.902761,-213.804382,96.377892,87.246773
644,5.366667,-0.047699,0.427989,0.008166,0.902487,-213.739746,96.415344,87.290756
645,5.375000,-0.049349,0.428421,0.006712,0.902206,-213.681198,96.444458,87.327187
646,5.383333,-0.050924,0.428552,0.005238,0.902066,-213.624161,96.469002,87.365471
647,5.391667,-0.050803,0.430331,0.007554,0.901209,-213.555099,96.467247,87.430344
648,5.400000,-0.050425,0.431374,0.008320,0.900725,-213.500595,96.482216,87.490364
649,5.408333,-0.050589,0.431368,0.008355,0.900718,-213.446045,96.491478,87.539520
650,5.416667,-0.050912,0.431488,0.009385,0.900632,-213.406754,96.484009,87.589874
651,5.425000,-0.051527,0.432529,0.007905,0.900112,-213.339111,96.491158,87.623367
652,5.433333,-0.050929,0.432912,0.005983,0.899976,-213.271301,96.494225,87.659714
653,5.441667,-0.049926,0.434304,0.006888,0.899355,-213.191681,96.480125,87.716484
654,5.450000,-0.049257,0.434584,0.007041,0.899256,-213.128922,96.475014,87.759987
655,5.458333,-0.049445,0.434955,0.008399,0.899054,-213.092545,96.449097,87.808701
656,5.466667,-0.049730,0.436049,0.008701,0.898506,-213.028809,96.421936,87.851845
657,5.475000,-0.050090,0.436615,0.008201,0.898215,-212.971710,96.405586,87.898758
658,5.483333,-0.050377,0.437369,0.008626,0.897828,-212.913971,96.385124,87.943260
659,5.491667,-0.051066,0.438111,0.009531,0.897419,-212.858536,96.363022,87.980423
660,5.500000,-0.051342,0.438383,0.009399,0.897272,-212.809708,96.342964,88.012115
661,5.508333,-0.050894,0.438645,0.009816,0.897165,-212.753937,96.319138,88.053703
662,5.516667,-0.050200,0.438560,0.009513,0.897248,-212.697266,96.291611,88.100929
663,5.525000,-0.048962,0.438275,0.008448,0.897467,-212.641479,96.254318,88.142540
664,5.533333,-0.048752,0.439248,0.007287,0.897013,-212.588837,96.217255,88.176239
665,5.541667,-0.048904,0.440956,0.008028,0.896159,-212.520218,96.170837,88.223305
666,5.550000,-0.049425,0.441277,0.007687,0.895976,-212.449432,96.142654,88.261879
667,5.558333,-0.048652,0.441615,0.007640,0.895852,-212.389801,96.118584,88.300697
668,5.566667,-0.048167,0.442551,0.008100,0.895412,-212.326782,96.101059,88.337372
669,5.575000,-0.048426,0.442846,0.008259,0.895251,-212.267273,96.084740,88.367447
670,5.583333,-0.048437,0.443738,0.010602,0.894784,-212.193207,96.054596,88.411598
671,5.591667,-0.047835,0.444240,0.011016,0.894562,-212.133713,96.025887,88.453468
672,5.600000,-0.047235,0.444842,0.010974,0.894295,-212.082245,96.002113,88.489975
673,5.608333,-0.046487,0.445211,0.009323,0.894170,-212.023300,95.985260,88.528511
674,5.616667,-0.045830,0.445345,0.008371,0.894146,-211.958481,95.966568,88.567421
675,5.625000,-0.046122,0.445899,0.007584,0.893862,-211.898178,95.947304,88.608040
676,5.633333,-0.046344,0.447338,0.008868,0.893119,-211.835358,95.921295,88.655472
677,5.641667,-0.046807,0.447904,0.009667,0.892803,-211.775513,95.903694,88.697098
678,5.650000,-0.047432,0.448374,0.010583,0.892524,-211.712128,95.888321,88.734055
679,5.658333,-0.047665,0.448974,0.010568,0.892210,-211.644958,95.877930,88.765678
680,5.666667,-0.047633,0.449549,0.010891,0.891918,-211.584259,95.861885,88.797539
681,5.675000,-0.047712,0.450002,0.010594,0.891689,-211.518906,95.852463,88.831886
682,5.683333,-0.046654,0.451228,0.010742,0.891124,-211.436493,95.819244,88.884521
683,5.691667,-0.045845,0.451691,0.009537,0.890945,-211.373932,95.800690,88.913864
684,5.700000,-0.045396,0.452533,0.009224,0.890544,-211.314301,95.776649,88.943787
685,5.708333,-0.044716,0.453029,0.008134,0.890337,-211.248871,95.759140,88.981926
686,5.716667,-0.044144,0.453125,0.008138,0.890316,-211.182693,95.747917,89.015976
687,5.725000,-0.045211,0.453623,0.008012,0.890010,-211.119156,95.739952,89.053543
688,5.733333,-0.045912,0.455397,0.009975,0.889048,-211.042786,95.713242,89.099319
689,5.741667,-0.046759,0.456179,0.009768,0.888605,-210.971970,95.700165,89.128891
690,5.750000,-0.046791,0.456677,0.009886,0.888346,-210.906403,95.683937,89.157204
691,5.758333,-0.046079,0.456804,0.010156,0.888315,-210.841492,95.664330,89.201393
692,5.766667,-0.046190,0.456949,0.010900,0.888226,-210.776047,95.649544,89.241043
693,5.775000,-0.046800,0.457125,0.011314,0.888098,-210.716248,95.640503,89.269760
694,5.783333,-0.046572,0.458244,0.011774,0.887527,-210.637085,95.620331,89.312103
695,5.791667,-0.045942,0.458731,0.010331,0.887327,-210.568710,95.610062,89.337631
696,5.800000,-0.045128,0.459390,0.009879,0.887033,-210.499954,95.594368,89.367126
697,5.808333,-0.045385,0.459517,0.008707,0.886966,-210.437592,95.594337,89.392914
698,5.816667,-0.045706,0.460043,0.008309,0.886681,-210.367401,95.590996,89.414581
699,5.825000,-0.045275,0.462462,0.010544,0.885420,-210.284348,95.542366,89.468605
700,5.833333,-0.046268,0.463122,0.010579,0.885023,-210.214188,95.523384,89.514450
701,5.841667,-0.046341,0.463492,0.011969,0.884807,-210.141632,95.506355,89.554802
702,5.850000,-0.046658,0.463827,0.012945,0.884601,-210.076050,95.494591,89.585701
703,5.858333,-0.047740,0.463877,0.011568,0.884537,-210.021942,95.507095,89.604950
704,5.866667,-0.048827,0.464423,0.010570,0.884203,-209.954422,95.510536,89.622086
705,5.875000,-0.049278,0.465522,0.011409,0.883590,-209.876968,95.495750,89.656410
706,5.883333,-0.048919,0.465526,0.009753,0.883628,-209.805267,95.484070,89.680206
707,5.891667,-0.048454,0.466304,0.009052,0.883250,-209.737396,95.469406,89.696365
708,5.900000,-0.045568,0.468199,0.011098,0.882378,-209.656448,95.417061,89.748573
709,5.908333,-0.042744,0.468642,0.012252,0.882268,-209.601730,95.373192,89.820549
710,5.916667,-0.041906,0.468582,0.012482,0.882337,-209.525726,95.353531,89.848274
711,5.925000,-0.042323,0.470516,0.014757,0.881252,-209.436203,95.313255,89.883873
712,5.933333,-0.043069,0.471909,0.014378,0.880477,-209.368805,95.293594,89.910416
713,5.941667,-0.044053,0.472148,0.013443,0.880315,-209.298782,95.287262,89.937668
714,5.950000,-0.045079,0.472580,0.013876,0.880024,-209.225967,95.278595,89.969063
715,5.958333,-0.045633,0.473186,0.014773,0.879656,-209.146194,95.273026,90.004898
716,5.966667,-0.046127,0.473254,0.014144,0.879604,-209.080963,95.277061,90.028221
717,5.975000,-0.045409,0.474267,0.015957,0.879064,-209.000443,95.250854,90.059631
718,5.983333,-0.045180,0.474967,0.016789,0.878682,-208.922318,95.236107,90.092514
719,5.991667,-0.044167,0.474996,0.015701,0.878738,-208.843613,95.213387,90.127258
720,6.000000,-0.044336,0.475681,0.015231,0.878368,-208.778931,95.192215,90.154411
721,6.008333,-0.044504,0.477108,0.014916,0.877590,-208.707596,95.169586,90.182755
722,6.016667,-0.045216,0.477358,0.012745,0.877452,-208.644653,95.170906,90.202606
723,6.025000,-0.045446,0.478232,0.013282,0.876956,-208.568909,95.157898,90.232674
724,6.033333,-0.044933,0.479028,0.014381,0.876531,-208.490570,95.142815,90.269974
725,6.041667,-0.044798,0.480057,0.015982,0.875947,-208.414276,95.124062,90.301666
726,6.050000,-0.044633,0.480630,0.016856,0.875625,-208.341980,95.102928,90.325836
727,6.058333,-0.045180,0.480694,0.015080,0.875594,-208.278473,95.092949,90.342743
728,6.066667,-0.045299,0.481422,0.014394,0.875199,-208.208084,95.080612,90.364326
729,6.075000,-0.044931,0.482803,0.016225,0.874425,-208.115768,95.054039,90.401627
730,6.083333,-0.045224,0.483589,0.016180,0.873976,-208.038071,95.052246,90.427444
731,6.091667,-0.044758,0.483490,0.014243,0.874089,-207.964676,95.049248,90.452599
732,6.100000,-0.044070,0.484276,0.013650,0.873698,-207.889816,95.032188,90.473686
733,6.108333,-0.043892,0.484844,0.013565,0.873393,-207.819321,95.011780,90.499702
734,6.116667,-0.044175,0.485188,0.013513,0.873189,-207.750519,94.990967,90.526947
735,6.125000,-0.044312,0.486006,0.013339,0.872730,-207.682541,94.974953,90.554482
736,6.133333,-0.044094,0.486555,0.014125,0.872422,-207.623596,94.961464,90.590355
737,6.141667,-0.044465,0.486906,0.014513,0.872201,-207.538300,94.953514,90.602600
738,6.150000,-0.044445,0.487549,0.015047,0.871834,-207.449844,94.948784,90.635872
739,6.158333,-0.044521,0.488256,0.015570,0.871425,-207.374405,94.944397,90.665817
740,6.166667,-0.044769,0.488813,0.015618,0.871099,-207.309128,94.939331,90.687927
741,6.175000,-0.044847,0.489689,0.016109,0.870594,-207.244080,94.928375,90.704651
742,6.183333,-0.044868,0.490141,0.016207,0.870337,-207.168915,94.914772,90.729561
743,6.191667,-0.044025,0.490470,0.015333,0.870210,-207.086655,94.892960,90.755257
744,6.200000,-0.043370,0.491513,0.015315,0.869655,-207.007004,94.874939,90.771149
745,6.208333,-0.043345,0.492739,0.015140,0.868965,-206.932037,94.864868,90.791901
746,6.216667,-0.043152,0.493629,0.014613,0.868479,-206.855988,94.858047,90.816841
747,6.225000,-0.043119,0.493744,0.014161,0.868422,-206.778412,94.854858,90.839073
748,6.233333,-0.044036,0.494336,0.014166,0.868039,-206.703018,94.841118,90.869049
749,6.241667,-0.044135,0.495379,0.014770,0.867430,-206.627579,94.820709,90.891365
750,6.250000,-0.043897,0.496341,0.015192,0.866884,-206.548569,94.803619,90.908669
751,6.258333,-0.044329,0.496794,0.015300,0.866601,-206.469986,94.795815,90.927292
752,6.266667,-0.044895,0.497163,0.015665,0.866353,-206.388947,94.789581,90.950912
753,6.275000,-0.045023,0.497862,0.016138,0.865936,-206.307434,94.782959,90.978027
754,6.283333,-0.045129,0.498537,0.016696,0.865532,-206.230423,94.770103,91.003815
755,6.291667,-0.045043,0.499400,0.017398,0.865025,-206.158325,94.759697,91.019279
756,6.300000,-0.044160,0.500097,0.017815,0.864659,-206.080658,94.747681,91.038582
757,6.308333,-0.042797,0.500931,0.016506,0.864271,-205.992096,94.729675,91.058159
758,6.316667,-0.042107,0.501521,0.015856,0.863975,-205.915314,94.717690,91.072990
759,6.325000,-0.041878,0.502251,0.015486,0.863569,-205.836914,94.708138,91.087303
760,6.333333,-0.041652,0.503000,0.014847,0.863154,-205.756241,94.700821,91.100166
761,6.341667,-0.042367,0.503706,0.013627,0.862728,-205.683762,94.693581,91.118095
762,6.350000,-0.042483,0.504103,0.012896,0.862502,-205.605179,94.686859,91.140015
763,6.358333,-0.042622,0.504511,0.012494,0.862262,-205.529068,94.681587,91.159927
764,6.366667,-0.042727,0.505252,0.012694,0.861820,-205.447769,94.670311,91.177658
765,6.375000,-0.043579,0.505791,0.012459,0.861464,-205.366974,94.668953,91.192566
766,6.383333,-0.045773,0.505706,0.011280,0.861417,-205.294846,94.670227,91.199944
767,6.391667,-0.048206,0.505175,0.010297,0.861608,-205.218857,94.668762,91.208595
768,6.400000,-0.050612,0.505167,0.010893,0.861467,-205.132034,94.642685,91.223557
769,6.408333,-0.047348,0.508974,0.018322,0.859283,-205.012161,94.570023,91.288986
770,6.416667,-0.044459,0.510518,0.018408,0.858520,-204.923035,94.545502,91.312721
771,6.425000,-0.042149,0.511557,0.018938,0.858006,-204.850739,94.527809,91.334373
772,6.433333,-0.041399,0.512138,0.018724,0.857701,-204.778671,94.513222,91.356758
773,6.441667,-0.041010,0.512446,0.019249,0.857524,-204.692459,94.500374,91.385361
774,6.450000,-0.042544,0.512820,0.019386,0.857222,-204.602341,94.485008,91.405914
775,6.458333,-0.043087,0.513449,0.018843,0.856831,-204.521393,94.479408,91.414833
776,6.466667,-0.043850,0.514319,0.018354,0.856281,-204.442688,94.466522,91.426773
777,6.475000,-0.044477,0.515234,0.018668,0.855691,-204.363281,94.451675,91.448608
778,6.483333,-0.044886,0.515806,0.019329,0.855311,-204.283234,94.440338,91.477730
779,6.491667,-0.045033,0.516222,0.019940,0.855038,-204.207855,94.437317,91.492294
780,6.500000,-0.044847,0.516792,0.020490,0.854690,-204.131577,94.431564,91.500923
781,6.508333,-0.044481,0.518082,0.021116,0.853912,-204.044861,94.421974,91.513786
782,6.516667,-0.043673,0.519105,0.021451,0.853324,-203.954987,94.412399,91.531952
783,6.525000,-0.042886,0.519786,0.020484,0.852974,-203.868317,94.405380,91.543732
784,6.533333,-0.042711,0.520516,0.020637,0.852533,-203.797226,94.395973,91.557251
785,6.541667,-0.044017,0.521064,0.020675,0.852131,-203.718567,94.365997,91.573692
786,6.550000,-0.044484,0.521739,0.020307,0.851703,-203.634995,94.340950,91.581711
787,6.558333,-0.044086,0.522276,0.019529,0.851412,-203.553177,94.320801,91.592056
788,6.566667,-0.043431,0.522960,0.019455,0.851028,-203.464218,94.301666,91.604622
789,6.575000,-0.043264,0.523783,0.019977,0.850518,-203.385025,94.292053,91.621819
790,6.583333,-0.043719,0.524372,0.020554,0.850118,-203.310318,94.284904,91.630959
791,6.591667,-0.043847,0.524939,0.021060,0.849749,-203.240707,94.278862,91.631371
792,6.600000,-0.044044,0.525884,0.021348,0.849147,-203.163193,94.264832,91.630081
793,6.608333,-0.043249,0.526777,0.021059,0.848641,-203.078964,94.250702,91.629936
794,6.616667,-0.042521,0.527478,0.020986,0.848244,-203.003403,94.243385,91.630707
795,6.625000,-0.042747,0.527892,0.020754,0.847981,-202.940109,94.246117,91.630142
796,6.633333,-0.043263,0.528090,0.020585,0.847836,-202.878860,94.251801,91.624916
797,6.641667,-0.043504,0.528435,0.021172,0.847594,-202.818176,94.252983,91.623085
798,6.650000,-0.043893,0.529050,0.021567,0.847180,-202.757095,94.255318,91.619820
799,6.658333,-0.043890,0.529982,0.021460,0.846601,-202.694489,94.256569,91.608604
800,6.666667,-0.043906,0.530665,0.021619,0.846168,-202.637192,94.251862,91.599968
801,6.675000,-0.043944,0.531195,0.021894,0.845826,-202.585419,94.246765,91.593971
802,6.683333,-0.043736,0.531624,0.022002,0.845565,-202.532791,94.242821,91.587189
803,6.691667,-0.045014,0.531835,0.022069,0.845363,-202.476761,94.230255,91.581177
804,6.700000,-0.045505,0.532197,0.021786,0.845116,-202.419662,94.217606,91.567322
805,6.708333,-0.045378,0.532663,0.021052,0.844848,-202.363998,94.199371,91.558296
806,6.716667,-0.045301,0.533438,0.020914,0.844366,-202.306885,94.179893,91.552704
807,6.725000,-0.045201,0.533927,0.020701,0.844068,-202.249619,94.166725,91.552177
808,6.733333,-0.044633,0.533994,0.020745,0.844054,-202.195145,94.152847,91.549507
809,6.741667,-0.043764,0.534266,0.021079,0.843920,-202.147293,94.134262,91.542427
810,6.750000,-0.043062,0.534476,0.021140,0.843821,-202.099365,94.108406,91.529785
811,6.758333,-0.042390,0.534987,0.021076,0.843533,-202.051361,94.079361,91.514496
812,6.766667,-0.042281,0.535659,0.021243,0.843108,-202.007538,94.050629,91.501152
813,6.775000,-0.042166,0.536436,0.021709,0.842608,-201.964859,94.020515,91.489433
814,6.783333,-0.042374,0.536938,0.022292,0.842262,-201.921539,93.985558,91.480232
815,6.791667,-0.041941,0.537467,0.022300,0.841946,-201.876480,93.952042,91.470215
816,6.800000,-0.041468,0.538037,0.022315,0.841605,-201.830841,93.923096,91.457726
817,6.808333,-0.040505,0.538518,0.022752,0.841333,-201.784058,93.896736,91.440216
818,6.816667,-0.039936,0.538906,0.022900,0.841107,-201.739594,93.875587,91.423317
819,6.825000,-0.040992,0.539185,0.023237,0.840868,-201.696808,93.847618,91.412331
820,6.833333,-0.041324,0.539398,0.023256,0.840715,-201.658127,93.814537,91.406342
821,6.841667,-0.040477,0.539553,0.022895,0.840666,-201.620651,93.771156,91.409508
822,6.850000,-0.039176,0.540102,0.022899,0.840375,-201.579208,93.726929,91.408318
823,6.858333,-0.037662,0.540663,0.022596,0.840092,-201.532990,93.680153,91.401619
824,6.866667,-0.036255,0.541280,0.023189,0.839740,-201.481720,93.628998,91.389755
825,6.875000,-0.035692,0.541747,0.023307,0.839460,-201.435059,93.585945,91.379799
826,6.883333,-0.035435,0.542162,0.023251,0.839204,-201.390152,93.540932,91.374191
827,6.891667,-0.035259,0.542513,0.023464,0.838979,-201.345200,93.491440,91.372070
828,6.900000,-0.034881,0.543012,0.023685,0.838665,-201.295517,93.438385,91.378464
829,6.908333,-0.033819,0.543639,0.024204,0.838288,-201.244171,93.394272,91.384537
830,6.916667,-0.031942,0.544017,0.024626,0.838104,-201.187347,93.348198,91.386559
831,6.925000,-0.030369,0.544298,0.024530,0.837983,-201.135635,93.313568,91.386223
832,6.933333,-0.029687,0.544521,0.024296,0.837869,-201.090820,93.291382,91.384109
833,6.941667,-0.029302,0.544621,0.023915,0.837829,-201.041626,93.269371,91.383881
834,6.950000,-0.028785,0.544875,0.024240,0.837672,-200.991989,93.249245,91.382881
835,6.958333,-0.027829,0.545251,0.024420,0.837455,-200.941895,93.234169,91.379250
836,6.966667,-0.027453,0.545881,0.024713,0.837048,-200.890762,93.227409,91.378586
837,6.975000,-0.027300,0.546494,0.024981,0.836645,-200.837357,93.223198,91.382729
838,6.983333,-0.027184,0.546888,0.024717,0.836399,-200.781845,93.223267,91.385582
839,6.991667,-0.027099,0.547416,0.024506,0.836063,-200.732117,93.223587,91.385834
840,7.000000,-0.026985,0.548016,0.024226,0.835682,-200.685242,93.223251,91.387619
841,7.008333,-0.026929,0.548533,0.024436,0.835338,-200.640030,93.222984,91.392784
842,7.016667,-0.029717,0.548855,0.024383,0.835034,-200.590103,93.216011,91.403618
843,7.025000,-0.031110,0.549296,0.024335,0.834694,-200.539093,93.224144,91.408073
844,7.033333,-0.031914,0.549871,0.024318,0.834285,-200.482559,93.242653,91.410255
845,7.041667,-0.032156,0.550142,0.024065,0.834105,-200.426910,93.266609,91.410027
846,7.050000,-0.032540,0.550398,0.023897,0.833926,-200.370880,93.291222,91.410210
847,7.058333,-0.032456,0.550768,0.023945,0.833683,-200.318954,93.304253,91.408577
848,7.066667,-0.032408,0.551242,0.024098,0.833367,-200.270035,93.308449,91.409859
849,7.075000,-0.032643,0.551746,0.024184,0.833022,-200.219513,93.311546,91.409607
850,7.083333,-0.033331,0.552173,0.024393,0.832706,-200.171234,93.321785,91.413185
851,7.091667,-0.034216,0.552515,0.024520,0.832439,-200.120239,93.334427,91.418488
852,7.100000,-0.034747,0.552953,0.024700,0.832121,-200.068665,93.344048,91.422127
853,7.108333,-0.034576,0.553381,0.024982,0.831835,-200.013275,93.347565,91.424629
854,7.116667,-0.034356,0.553650,0.025064,0.831663,-199.962601,93.352318,91.423927
855,7.125000,-0.033968,0.554099,0.025064,0.831380,-199.912430,93.344345,91.422775
856,7.133333,-0.033411,0.554637,0.025074,0.831043,-199.862015,93.332375,91.419365
857,7.141667,-0.033168,0.555177,0.025147,0.830690,-199.812393,93.322327,91.415833
858,7.150000,-0.033295,0.555752,0.025124,0.830301,-199.764389,93.313866,91.411072
859,7.158333,-0.033634,0.556216,0.024991,0.829981,-199.719238,93.310242,91.408173
860,7.166667,-0.034075,0.556480,0.025197,0.829780,-199.673004,93.309929,91.406143
861,7.175000,-0.034314,0.556764,0.025430,0.829572,-199.626190,93.311531,91.403854
862,7.183333,-0.034246,0.557182,0.025732,0.829285,-199.580475,93.311783,91.400803
863,7.191667,-0.034082,0.557555,0.025736,0.829041,-199.535370,93.307808,91.400352
864,7.200000,-0.033448,0.557899,0.026023,0.828826,-199.490662,93.300430,91.403320
865,7.208333,-0.032478,0.558177,0.025962,0.828680,-199.443039,93.286209,91.407272
866,7.216667,-0.033725,0.558407,0.026099,0.828470,-199.395050,93.265335,91.412575
867,7.225000,-0.033685,0.558709,0.026367,0.828260,-199.350662,93.249901,91.409088
868,7.233333,-0.033307,0.558890,0.025860,0.828169,-199.302643,93.233551,91.400093
869,7.241667,-0.033106,0.559190,0.024956,0.828002,-199.257904,93.218300,91.390488
870,7.250000,-0.033199,0.559651,0.024744,0.827693,-199.217010,93.209480,91.379234
871,7.258333,-0.033143,0.560111,0.024473,0.827392,-199.177216,93.202164,91.368050
872,7.266667,-0.032944,0.560517,0.024493,0.827125,-199.134720,93.195335,91.353600
873,7.275000,-0.030780,0.561165,0.024975,0.826754,-199.094803,93.196907,91.343071
874,7.283333,-0.030259,0.561713,0.025137,0.826396,-199.055252,93.184479,91.338234
875,7.291667,-0.030472,0.562282,0.025060,0.826004,-199.022461,93.169853,91.333702
876,7.300000,-0.032285,0.562771,0.024984,0.825605,-198.987778,93.143867,91.334145
877,7.308333,-0.032759,0.563087,0.025007,0.825369,-198.953934,93.122635,91.331589
878,7.316667,-0.032478,0.563357,0.025291,0.825188,-198.914856,93.101860,91.327301
879,7.325000,-0.032036,0.563770,0.025436,0.824918,-198.869003,93.080811,91.319901
880,7.333333,-0.031724,0.563904,0.025205,0.824846,-198.822998,93.057205,91.311302
881,7.341667,-0.031213,0.563969,0.025377,0.824816,-198.774490,93.024933,91.305496
882,7.350000,-0.030485,0.564137,0.025627,0.824720,-198.725540,92.988052,91.295700
883,7.358333,-0.029849,0.564699,0.026074,0.824345,-198.673462,92.944954,91.288933
884,7.366667,-0.028648,0.565461,0.025487,0.823884,-198.613708,92.896065,91.273407
885,7.375000,-0.028968,0.566562,0.025188,0.823125,-198.542465,92.834160,91.249237
886,7.383333,-0.028634,0.567249,0.025072,0.822666,-198.473389,92.782936,91.223221
887,7.391667,-0.028180,0.567512,0.025433,0.822489,-198.400803,92.732742,91.194031
888,7.400000,-0.025472,0.568404,0.026849,0.821917,-198.319962,92.690292,91.155846
889,7.408333,-0.025660,0.569459,0.027375,0.821163,-198.233032,92.637733,91.116570
890,7.416667,-0.025774,0.570307,0.027178,0.820577,-198.138901,92.590401,91.078331
891,7.425000,-0.025237,0.571240,0.027304,0.819941,-198.034851,92.553490,91.035233
892,7.433333,-0.025505,0.571950,0.027632,0.819426,-197.935791,92.530975,90.993584
893,7.441667,-0.025843,0.572660,0.027927,0.818909,-197.845779,92.520432,90.952385
894,7.450000,-0.025516,0.573833,0.027736,0.818105,-197.741806,92.509300,90.899345
895,7.458333,-0.025505,0.575123,0.027056,0.817222,-197.632233,92.503860,90.858215
896,7.466667,-0.025071,0.576197,0.027612,0.816459,-197.538300,92.502388,90.817696
897,7.475000,-0.024194,0.577140,0.028228,0.815799,-197.435623,92.500809,90.772385
898,7.483333,-0.024061,0.577665,0.027722,0.815448,-197.342636,92.518082,90.723068
899,7.491667,-0.024644,0.578325,0.026829,0.814993,-197.257904,92.522263,90.686745
900,7.500000,-0.024900,0.579392,0.026361,0.814242,-197.174973,92.529427,90.641991
901,7.508333,-0.025148,0.580148,0.025918,0.813710,-197.099121,92.533577,90.605530
902,7.516667,-0.025258,0.580419,0.025289,0.813533,-197.033813,92.536041,90.573936
903,7.525000,-0.024703,0.580524,0.024564,0.813498,-196.971451,92.521706,90.547791
904,7.533333,-0.023855,0.581172,0.024625,0.813058,-196.916824,92.505165,90.520287
905,7.541667,-0.023338,0.581858,0.023510,0.812616,-196.869431,92.491577,90.490372
906,7.550000,-0.023415,0.582716,0.022431,0.812029,-196.827377,92.488770,90.457436
907,7.558333,-0.023827,0.583032,0.020949,0.811829,-196.788757,92.471275,90.424820
908,7.566667,-0.023888,0.582942,0.019882,0.811919,-196.756500,92.430672,90.385910
909,7.575000,-0.026265,0.582927,0.018400,0.811891,-196.721024,92.347549,90.348595
910,7.583333,-0.026924,0.583308,0.017133,0.811624,-196.695816,92.295441,90.315498
911,7.591667,-0.027099,0.583509,0.016284,0.811491,-196.675629,92.276817,90.304359
912,7.600000,-0.026595,0.583052,0.016150,0.811839,-196.666748,92.275024,90.309959
913,7.608333,-0.025538,0.582526,0.016912,0.812235,-196.671951,92.279793,90.331268
914,7.616667,-0.025377,0.581635,0.017362,0.812869,-196.695602,92.284195,90.357956
915,7.625000,-0.025580,0.581275,0.018436,0.813096,-196.725769,92.280220,90.391235
916,7.633333,-0.022074,0.581740,0.020382,0.812820,-196.756638,92.285706,90.433365
917,7.641667,-0.023535,0.581304,0.021595,0.813059,-196.766113,92.270973,90.479492
918,7.650000,-0.023303,0.581317,0.022955,0.813019,-196.774109,92.262611,90.529861
919,7.658333,-0.022749,0.580848,0.023707,0.813349,-196.777420,92.261475,90.589317
920,7.666667,-0.021716,0.580011,0.024412,0.813953,-196.772720,92.260857,90.650406
921,7.675000,-0.020392,0.579353,0.025303,0.814429,-196.760590,92.259224,90.716896
922,7.683333,-0.018016,0.578655,0.025982,0.814960,-196.732803,92.253983,90.795174
923,7.691667,-0.014611,0.578014,0.026350,0.815471,-196.692810,92.242363,90.877472
924,7.700000,-0.011307,0.577377,0.025785,0.815992,-196.648773,92.233635,90.956917
925,7.708333,-0.008563,0.577802,0.025303,0.815740,-196.596146,92.222008,91.054062
926,7.716667,-0.005680,0.578272,0.025499,0.815426,-196.536835,92.216125,91.154762
927,7.725000,-0.002374,0.578463,0.025930,0.815293,-196.481033,92.220741,91.242676
928,7.733333,0.000846,0.579427,0.026896,0.814579,-196.412079,92.218658,91.330978
929,7.741667,0.003330,0.580138,0.026516,0.814080,-196.354431,92.233101,91.397629
930,7.750000,0.006149,0.581093,0.026324,0.813388,-196.290253,92.242401,91.456429
931,7.758333,0.008170,0.582870,0.026418,0.812095,-196.236877,92.246521,91.499062
932,7.766667,0.009616,0.584925,0.025234,0.810638,-196.198318,92.245514,91.534576
933,7.775000,0.009978,0.587232,0.024794,0.808978,-196.181030,92.250748,91.561852
934,7.783333,0.009196,0.589863,0.024331,0.807085,-196.168076,92.256584,91.587616
935,7.791667,0.009165,0.591981,0.025045,0.805511,-196.181793,92.265465,91.600533
936,7.800000,0.009023,0.593845,0.025306,0.804131,-196.201767,92.268700,91.609673
937,7.808333,0.008883,0.595804,0.025268,0.802683,-196.225403,92.269989,91.609802
938,7.816667,0.008428,0.597837,0.025266,0.801175,-196.248550,92.271950,91.600594
939,7.825000,0.007803,0.599617,0.025024,0.799858,-196.270233,92.270035,91.579750
940,7.833333,0.006298,0.601286,0.024512,0.798633,-196.288330,92.264000,91.547737
941,7.841667,0.004990,0.603083,0.024025,0.797301,-196.309158,92.256950,91.502998
942,7.850000,0.004411,0.604597,0.024315,0.796148,-196.334137,92.240364,91.447021
943,7.858333,0.003427,0.605572,0.024020,0.795421,-196.362228,92.235741,91.365768
944,7.866667,0.000961,0.606999,0.023351,0.794359,-196.402435,92.228409,91.285919
945,7.875000,-0.002948,0.608824,0.022716,0.792975,-196.460617,92.226814,91.196136
946,7.883333,-0.005802,0.609620,0.022083,0.792365,-196.512405,92.230812,91.103775
947,7.891667,-0.008240,0.610737,0.022597,0.791468,-196.560257,92.241562,91.010384
948,7.900000,-0.011138,0.611650,0.022522,0.790730,-196.597763,92.242706,90.931602
949,7.908333,-0.013722,0.611743,0.020934,0.790661,-196.633728,92.250282,90.861305
950,7.916667,-0.015388,0.611780,0.020189,0.790621,-196.666107,92.256638,90.801186
951,7.925000,-0.014625,0.611946,0.019998,0.790512,-196.696594,92.270309,90.747383
952,7.933333,-0.014738,0.611957,0.020278,0.790494,-196.716797,92.274872,90.702965
953,7.941667,-0.015787,0.611795,0.020198,0.790601,-196.731308,92.275795,90.671799
954,7.950000,-0.017108,0.611630,0.020008,0.790706,-196.745728,92.276848,90.650162
955,7.958333,-0.017975,0.611703,0.020076,0.790628,-196.755539,92.274933,90.638336
956,7.966667,-0.018371,0.611725,0.019871,0.790608,-196.760315,92.272087,90.636467
957,7.975000,-0.018256,0.611802,0.019955,0.790548,-196.760208,92.272743,90.640785
958,7.983333,-0.017794,0.611720,0.020095,0.790619,-196.754776,92.273781,90.654739
959,7.991667,-0.016500,0.611773,0.020425,0.790598,-196.741791,92.271690,90.676544
960,8.000000,-0.014966,0.611791,0.020483,0.790612,-196.726135,92.273804,90.705376
961,8.008333,-0.013579,0.611572,0.020141,0.790815,-196.707672,92.274864,90.742966
962,8.016667,-0.009856,0.611355,0.020219,0.791037,-196.687134,92.284561,90.787926
963,8.025000,-0.007687,0.611134,0.020744,0.791218,-196.655655,92.281685,90.845993
964,8.033333,-0.008537,0.611358,0.022169,0.790997,-196.609680,92.254929,90.918800
965,8.041667,-0.008047,0.611021,0.022288,0.791259,-196.568817,92.243233,90.992699
966,8.050000,-0.004444,0.610714,0.022593,0.791517,-196.522171,92.241325,91.081688
967,8.058333,-0.002819,0.610572,0.022893,0.791625,-196.459091,92.226608,91.172974
968,8.066667,-0.000566,0.610434,0.022708,0.791741,-196.403564,92.225060,91.248665
969,8.075000,0.001418,0.609930,0.022631,0.792131,-196.360504,92.230919,91.320663
970,8.083333,0.003694,0.609841,0.023799,0.792158,-196.329697,92.237160,91.397736
971,8.091667,0.005693,0.609944,0.024593,0.792042,-196.316132,92.243576,91.458717
972,8.100000,0.007522,0.610091,0.025272,0.791893,-196.306396,92.244339,91.505844
973,8.108333,0.008553,0.609988,0.025529,0.791954,-196.298416,92.244751,91.537712
974,8.116667,0.009169,0.609882,0.025518,0.792028,-196.288345,92.243881,91.557137
975,8.125000,0.009457,0.609751,0.025247,0.792134,-196.277222,92.244232,91.564507
976,8.133333,0.009866,0.609714,0.024989,0.792166,-196.267700,92.246231,91.562592
977,8.141667,0.009755,0.609852,0.024604,0.792073,-196.259659,92.246422,91.549667
978,8.150000,0.009158,0.610235,0.024294,0.791795,-196.257858,92.245918,91.526726
979,8.158333,0.008153,0.610601,0.024080,0.791531,-196.269119,92.247391,91.502129
980,8.166667,0.006694,0.610927,0.024134,0.791291,-196.295090,92.247490,91.475616
981,8.175000,0.004688,0.611073,0.024176,0.791191,-196.333496,92.245697,91.436150
982,8.183333,0.002845,0.611360,0.024187,0.790978,-196.377914,92.238144,91.383392
983,8.191667,0.000303,0.611882,0.024304,0.790576,-196.426849,92.230949,91.311913
984,8.200000,-0.002119,0.612545,0.024164,0.790064,-196.470169,92.225174,91.240494
985,8.208333,-0.004833,0.612983,0.024195,0.789711,-196.511124,92.225517,91.157051
986,8.216667,-0.007565,0.613228,0.023312,0.789526,-196.551651,92.237015,91.059456
987,8.225000,-0.007734,0.613919,0.022648,0.789006,-196.579941,92.251968,90.973083
988,8.233333,-0.010440,0.614191,0.021700,0.788790,-196.593826,92.246864,90.903442
989,8.241667,-0.012852,0.614276,0.020189,0.788728,-196.613770,92.252434,90.836090
990,8.250000,-0.014549,0.614456,0.019412,0.788578,-196.638062,92.258583,90.782112
991,8.258333,-0.016151,0.614789,0.018962,0.788298,-196.662491,92.261513,90.741203
992,8.266667,-0.017078,0.615086,0.019176,0.788041,-196.684189,92.263016,90.719757
993,8.275000,-0.017807,0.615341,0.019542,0.787817,-196.702118,92.265366,90.710510
994,8.283333,-0.018407,0.615469,0.020181,0.787688,-196.719711,92.264351,90.710953
995,8.291667,-0.018373,0.615394,0.020450,0.787740,-196.733658,92.262970,90.720032
996,8.300000,-0.018212,0.615283,0.020799,0.787822,-196.741379,92.262688,90.732933
997,8.308333,-0.017440,0.615172,0.021018,0.787920,-196.737289,92.261017,90.750351
998,8.316667,-0.016431,0.614942,0.020829,0.788126,-196.719299,92.258560,90.774498
999,8.325000,-0.014833,0.614868,0.020795,0.788216,-196.686859,92.253052,90.806908
1000,8.333333,-0.012876,0.614942,0.020936,0.788189,-196.640381,92.247681,90.854767
1001,8.341667,-0.010947,0.615046,0.021321,0.788127,-196.599091,92.246010,90.909561
1002,8.350000,-0.006767,0.615161,0.021987,0.788066,-196.568405,92.249420,90.965096
1003,8.358333,-0.004245,0.614348,0.021823,0.788722,-196.531052,92.250351,91.030846
1004,8.366667,-0.004539,0.614337,0.022775,0.788702,-196.484406,92.236626,91.114700
1005,8.375000,-0.002862,0.614315,0.023119,0.788717,-196.442596,92.235794,91.193718
1006,8.383333,-0.001178,0.613975,0.023049,0.788988,-196.409286,92.248100,91.264458
1007,8.391667,0.001517,0.613890,0.023417,0.789043,-196.376160,92.256523,91.344162
1008,8.400000,0.004314,0.613965,0.024543,0.788940,-196.341568,92.247421,91.410423
1009,8.408333,0.005422,0.614007,0.025154,0.788881,-196.320190,92.244507,91.461983
1010,8.416667,0.006352,0.614118,0.025580,0.788774,-196.309830,92.245407,91.493500
1011,8.425000,0.006726,0.614119,0.025616,0.788769,-196.299316,92.243011,91.509972
1012,8.433333,0.007095,0.614119,0.025321,0.788775,-196.288544,92.242119,91.511864
1013,8.441667,0.007044,0.614126,0.024878,0.788784,-196.278046,92.242279,91.503868
1014,8.450000,0.006634,0.614175,0.024547,0.788760,-196.278214,92.242966,91.491524
1015,8.458333,0.006042,0.614367,0.024507,0.788616,-196.295288,92.245987,91.479599
1016,8.466667,0.005297,0.614619,0.024649,0.788421,-196.318436,92.245941,91.457825
1017,8.475000,0.004542,0.615012,0.024568,0.788122,-196.347946,92.245636,91.418991
1018,8.483333,0.002816,0.615399,0.024430,0.787832,-196.379608,92.243484,91.371330
1019,8.491667,0.000106,0.615707,0.024256,0.787602,-196.418945,92.241707,91.302475
1020,8.500000,-0.002615,0.616005,0.024170,0.787367,-196.450394,92.235558,91.232941
1021,8.508333,-0.004723,0.616547,0.024205,0.786932,-196.477753,92.235451,91.156212
1022,8.516667,-0.004135,0.617170,0.023160,0.786478,-196.510284,92.257210,91.057289
1023,8.525000,-0.004759,0.616889,0.021647,0.786738,-196.535889,92.272072,90.967659
1024,8.533333,-0.007184,0.617269,0.020234,0.786460,-196.544083,92.283264,90.902832
1025,8.541667,-0.012159,0.617419,0.020098,0.786284,-196.559402,92.255577,90.865746
1026,8.550000,-0.013951,0.617699,0.019974,0.786037,-196.585770,92.251564,90.828453
1027,8.558333,-0.014755,0.617817,0.019924,0.785931,-196.605347,92.253586,90.798058
1028,8.566667,-0.015256,0.617921,0.019902,0.785840,-196.622116,92.258186,90.780716
1029,8.575000,-0.015118,0.617968,0.020163,0.785800,-196.636887,92.261101,90.778961
1030,8.583333,-0.015053,0.617979,0.020539,0.785782,-196.651428,92.262573,90.788612
1031,8.591667,-0.011537,0.618246,0.021348,0.785610,-196.673706,92.277374,90.813118
1032,8.600000,-0.010213,0.618006,0.022495,0.785785,-196.684540,92.278465,90.848160
1033,8.608333,-0.009529,0.617820,0.023274,0.785918,-196.689499,92.275269,90.891724
1034,8.616667,-0.008913,0.617588,0.023750,0.786093,-196.681519,92.266922,90.939835
1035,8.625000,-0.008066,0.617344,0.024160,0.786281,-196.663956,92.262924,90.989326
1036,8.633333,-0.009227,0.616943,0.024660,0.786568,-196.633072,92.243034,91.044968
1037,8.641667,-0.008002,0.616897,0.025748,0.786582,-196.589569,92.229256,91.112808
1038,8.650000,-0.005788,0.616522,0.026271,0.786878,-196.532928,92.225937,91.185562
1039,8.658333,-0.002875,0.615686,0.025147,0.787585,-196.477356,92.231293,91.248169
1040,8.666667,-0.000417,0.615370,0.024380,0.787861,-196.422607,92.236343,91.295395
1041,8.675000,0.001909,0.615156,0.023820,0.788044,-196.365463,92.241783,91.340210
1042,8.683333,0.004161,0.614783,0.023482,0.788336,-196.318329,92.247078,91.380173
1043,8.691667,0.005145,0.614490,0.023392,0.788561,-196.294159,92.248611,91.411499
1044,8.700000,0.005556,0.614270,0.023683,0.788720,-196.291168,92.248886,91.438049
1045,8.708333,0.005731,0.614271,0.024422,0.788697,-196.303207,92.246979,91.461044
1046,8.716667,0.005165,0.614326,0.025227,0.788632,-196.325836,92.244072,91.474731
1047,8.725000,0.005348,0.614310,0.025850,0.788623,-196.345032,92.244453,91.473198
1048,8.733333,0.005067,0.614365,0.025909,0.788580,-196.364502,92.244690,91.458572
1049,8.741667,0.004217,0.614459,0.025714,0.788518,-196.382980,92.243546,91.432137
1050,8.750000,0.002786,0.614627,0.025348,0.788406,-196.404083,92.241158,91.393356
1051,8.758333,0.000992,0.614923,0.025178,0.788185,-196.429199,92.238136,91.337677
1052,8.766667,-0.001645,0.615039,0.024592,0.788111,-196.455154,92.233086,91.270119
1053,8.775000,-0.003697,0.615310,0.024127,0.787907,-196.473328,92.230606,91.205597
1054,8.783333,-0.005386,0.615745,0.023852,0.787566,-196.491028,92.234032,91.125145
1055,8.791667,-0.004501,0.616050,0.022359,0.787377,-196.514938,92.260910,91.031113
1056,8.800000,-0.004866,0.615935,0.021191,0.787497,-196.527954,92.272141,90.954552
1057,8.808333,-0.010500,0.616182,0.019840,0.787283,-196.521545,92.268738,90.906479
1058,8.816667,-0.013407,0.616240,0.018943,0.787216,-196.532791,92.270782,90.866058
1059,8.825000,-0.012994,0.616204,0.019494,0.787238,-196.546799,92.255585,90.847923
1060,8.833333,-0.013235,0.616069,0.019660,0.787336,-196.560898,92.251266,90.833473
1061,8.841667,-0.013353,0.615983,0.019814,0.787397,-196.570557,92.251762,90.829041
1062,8.850000,-0.013304,0.615903,0.019969,0.787457,-196.575745,92.250793,90.837875
1063,8.858333,-0.012729,0.615910,0.020485,0.787447,-196.580475,92.251190,90.861115
1064,8.866667,-0.012024,0.615952,0.021320,0.787403,-196.586075,92.248177,90.896370
1065,8.875000,-0.008046,0.616137,0.021889,0.787294,-196.600555,92.263992,90.940956
1066,8.883333,-0.006181,0.615949,0.022937,0.787428,-196.606110,92.264954,90.992332
1067,8.891667,-0.007768,0.615685,0.024394,0.787577,-196.595688,92.244896,91.059174
1068,8.900000,-0.006700,0.615394,0.025876,0.787766,-196.574524,92.231438,91.136078
1069,8.908333,-0.004779,0.615067,0.026512,0.788015,-196.539215,92.226562,91.207924
1070,8.916667,-0.002555,0.614395,0.025965,0.788567,-196.506363,92.224968,91.271217
1071,8.925000,-0.000793,0.613978,0.026228,0.788887,-196.480286,92.231964,91.320648
1072,8.933333,0.001179,0.613829,0.025929,0.789012,-196.444717,92.234192,91.367180
1073,8.941667,0.002774,0.613619,0.025508,0.789185,-196.409760,92.237778,91.402016
1074,8.950000,0.004058,0.613509,0.025144,0.789277,-196.376007,92.240921,91.419235
1075,8.958333,0.004606,0.613388,0.024555,0.789387,-196.343216,92.241379,91.422745
1076,8.966667,0.004728,0.613377,0.024001,0.789411,-196.315628,92.241402,91.416550
1077,8.975000,0.004672,0.613466,0.023536,0.789357,-196.306366,92.245636,91.406410
1078,8.983333,0.004255,0.613544,0.023258,0.789307,-196.312302,92.247116,91.393112
1079,8.991667,0.003229,0.613646,0.023228,0.789233,-196.338959,92.246834,91.372688
1080,9.000000,0.001813,0.613939,0.023806,0.788992,-196.381058,92.243729,91.342651
1081,9.008333,-0.000831,0.614103,0.024552,0.788844,-196.431442,92.237137,91.297112
1082,9.016667,-0.002923,0.614226,0.024987,0.788729,-196.470123,92.228569,91.252457
1083,9.025000,-0.004747,0.614528,0.025434,0.788470,-196.505920,92.229996,91.196480
1084,9.033333,-0.006050,0.614617,0.025064,0.788404,-196.541351,92.235718,91.130104
1085,9.041667,-0.008091,0.614691,0.024233,0.788354,-196.570251,92.244247,91.056473
1086,9.050000,-0.006711,0.615162,0.023348,0.788026,-196.592133,92.261139,90.994438
1087,9.058333,-0.006655,0.615139,0.022353,0.788073,-196.598663,92.269775,90.947395
1088,9.066667,-0.007260,0.615280,0.021829,0.787973,-196.607437,92.270882,90.920372
1089,9.075000,-0.007995,0.615499,0.021675,0.787799,-196.619522,92.269485,90.902832
1090,9.083333,-0.008331,0.615543,0.021916,0.787754,-196.633453,92.269821,90.900841
1091,9.091667,-0.008433,0.615411,0.022320,0.787845,-196.645859,92.268631,90.909019
1092,9.100000,-0.008262,0.615288,0.022872,0.787927,-196.650391,92.267303,90.924744
1093,9.108333,-0.007738,0.615024,0.023229,0.788128,-196.644470,92.266212,90.945282
1094,9.116667,-0.006946,0.614771,0.023279,0.788331,-196.626877,92.265274,90.970642
1095,9.125000,-0.005544,0.614532,0.023252,0.788529,-196.600311,92.266121,91.000954
1096,9.133333,-0.003650,0.614187,0.023487,0.788803,-196.559662,92.264397,91.044571
1097,9.141667,-0.004864,0.614095,0.023997,0.788852,-196.504684,92.241112,91.108322
1098,9.150000,-0.003998,0.614058,0.023524,0.788900,-196.453125,92.231529,91.167297
1099,9.158333,-0.002762,0.613960,0.022343,0.789016,-196.413788,92.238083,91.209236
1100,9.166667,-0.001276,0.613988,0.021884,0.789011,-196.387512,92.242935,91.243805
1101,9.175000,0.000111,0.613796,0.021907,0.789161,-196.376938,92.245796,91.280807
1102,9.183333,0.000751,0.613836,0.022935,0.789100,-196.383591,92.243034,91.316643
1103,9.191667,0.001255,0.614017,0.024195,0.788921,-196.405930,92.240753,91.347725
1104,9.200000,0.001501,0.614034,0.025266,0.788874,-196.433273,92.237366,91.363274
1105,9.208333,0.001083,0.614103,0.025986,0.788797,-196.459137,92.235863,91.364738
1106,9.216667,0.000144,0.614215,0.026657,0.788689,-196.487350,92.237076,91.352753
1107,9.225000,-0.001030,0.614394,0.026836,0.788542,-196.512558,92.233582,91.329803
1108,9.233333,-0.002263,0.614737,0.027218,0.788259,-196.533310,92.233154,91.297928
1109,9.241667,-0.003414,0.615216,0.027581,0.787869,-196.551376,92.231201,91.255577
1110,9.250000,-0.004534,0.615557,0.026729,0.787626,-196.572952,92.231567,91.203056
1111,9.258333,-0.006019,0.615739,0.025925,0.787501,-196.594421,92.236809,91.144066
1112,9.266667,-0.005279,0.616002,0.025243,0.787322,-196.611908,92.251686,91.081940
1113,9.275000,-0.005620,0.616019,0.023965,0.787347,-196.611435,92.261841,91.026817
1114,9.283333,-0.005912,0.616208,0.022802,0.787231,-196.596771,92.265869,90.983856
1115,9.291667,-0.006088,0.616322,0.021782,0.787169,-196.576553,92.269485,90.952034
1116,9.300000,-0.006094,0.616293,0.020931,0.787215,-196.557205,92.272194,90.931473
1117,9.308333,-0.006705,0.616655,0.019738,0.786957,-196.524567,92.287758,90.924454
1118,9.316667,-0.006922,0.616676,0.019147,0.786954,-196.508820,92.297516,90.923973
1119,9.325000,-0.004675,0.616716,0.019928,0.786920,-196.489883,92.284012,90.949791
1120,9.333333,-0.002876,0.616776,0.020561,0.786865,-196.470459,92.271141,90.988365
1121,9.341667,-0.001605,0.616831,0.020947,0.786815,-196.448227,92.266022,91.037476
1122,9.350000,-0.003923,0.616952,0.021574,0.786695,-196.422256,92.244133,91.107399
1123,9.358333,-0.003656,0.616990,0.021688,0.786664,-196.421234,92.240677,91.174362
1124,9.366667,-0.003099,0.617036,0.022696,0.786601,-196.432236,92.239426,91.225342
1125,9.375000,-0.002365,0.617271,0.024609,0.786362,-196.457291,92.242470,91.265480
1126,9.383333,-0.001516,0.617361,0.025736,0.786257,-196.481674,92.237572,91.304718
1127,9.391667,-0.001160,0.617899,0.027459,0.785777,-196.510483,92.238388,91.330704
1128,9.400000,-0.001031,0.617958,0.027873,0.785717,-196.534851,92.238747,91.345963
1129,9.408333,-0.001823,0.618053,0.028256,0.785626,-196.556824,92.237495,91.347328
1130,9.416667,-0.002423,0.618197,0.028465,0.785504,-196.581528,92.238968,91.335175
1131,9.425000,-0.003707,0.618746,0.028037,0.785082,-196.592697,92.247704,91.315369
1132,9.433333,-0.003548,0.618635,0.028655,0.785148,-196.613297,92.236969,91.285744
1133,9.441667,-0.004526,0.618839,0.028748,0.784979,-196.634827,92.233795,91.243759
1134,9.450000,-0.005676,0.619017,0.028217,0.784850,-196.646881,92.232635,91.199806
1135,9.458333,-0.007023,0.618940,0.027465,0.784927,-196.644547,92.234917,91.155846
1136,9.466667,-0.007658,0.618933,0.026684,0.784953,-196.632080,92.235016,91.120163
1137,9.475000,-0.008037,0.618967,0.025610,0.784958,-196.602509,92.234322,91.086403
1138,9.483333,-0.008208,0.619056,0.023901,0.784940,-196.560806,92.235420,91.053429
1139,9.491667,-0.005131,0.619544,0.022205,0.784631,-196.518158,92.253685,91.030350
1140,9.500000,-0.003062,0.619544,0.020875,0.784679,-196.467545,92.266640,91.015251
1141,9.508333,-0.002654,0.619858,0.019122,0.784477,-196.409622,92.281258,91.014984
1142,9.516667,-0.000941,0.619900,0.018853,0.784453,-196.371277,92.274078,91.033417
1143,9.525000,0.000014,0.619668,0.018312,0.784650,-196.347305,92.267380,91.053604
1144,9.533333,0.000427,0.619642,0.018182,0.784674,-196.336929,92.264717,91.070541
1145,9.541667,0.000502,0.619657,0.018351,0.784658,-196.338730,92.265602,91.087875
1146,9.550000,-0.000678,0.620368,0.019006,0.784080,-196.351242,92.280037,91.100769
1147,9.558333,-0.004574,0.620865,0.019864,0.783652,-196.381973,92.267326,91.121521
1148,9.566667,-0.004814,0.620858,0.021899,0.783603,-196.436981,92.248512,91.139458
1149,9.575000,-0.004913,0.620676,0.024381,0.783673,-196.507614,92.239090,91.151543
1150,9.583333,-0.005259,0.620632,0.026275,0.783644,-196.564560,92.234390,91.164360
1151,9.591667,-0.005669,0.620769,0.027552,0.783489,-196.611862,92.231468,91.177658
1152,9.600000,-0.004318,0.621233,0.028201,0.783106,-196.648819,92.238678,91.195435
1153,9.608333,-0.006036,0.621309,0.028725,0.783015,-196.664749,92.229652,91.215057
1154,9.616667,-0.005963,0.621237,0.029209,0.783055,-196.673615,92.229691,91.234138
1155,9.625000,-0.005885,0.620968,0.029476,0.783259,-196.670547,92.229057,91.254601
1156,9.633333,-0.004724,0.620463,0.029319,0.783673,-196.652344,92.229668,91.277466
1157,9.641667,-0.003969,0.620043,0.028909,0.784025,-196.626373,92.231842,91.297379
1158,9.650000,-0.003047,0.620087,0.028727,0.784001,-196.602127,92.236984,91.303375
1159,9.658333,-0.002702,0.620042,0.028149,0.784059,-196.578674,92.236847,91.298378
1160,9.666667,-0.002540,0.619957,0.027459,0.784151,-196.555313,92.237312,91.282906
1161,9.675000,-0.002849,0.619666,0.026490,0.784413,-196.528824,92.236504,91.257950
1162,9.683333,-0.003471,0.619523,0.025388,0.784560,-196.501297,92.239273,91.222923
1163,9.691667,-0.004013,0.619637,0.024068,0.784509,-196.470795,92.239410,91.176826
1164,9.700000,-0.004555,0.620074,0.022267,0.784214,-196.441299,92.243675,91.123543
1165,9.708333,-0.005769,0.620898,0.020570,0.783601,-196.414917,92.254623,91.074860
1166,9.716667,-0.006985,0.620792,0.019364,0.783705,-196.408997,92.259933,91.031372
1167,9.725000,-0.003996,0.620483,0.019192,0.783975,-196.416992,92.267647,91.000252
1168,9.733333,-0.002542,0.619676,0.019081,0.784621,-196.418747,92.271355,90.982933
1169,9.741667,-0.002201,0.619497,0.019089,0.784764,-196.415466,92.271515,90.978157
1170,9.750000,-0.001932,0.619617,0.019302,0.784665,-196.409912,92.271202,90.989670
1171,9.758333,-0.001804,0.619822,0.019529,0.784497,-196.408493,92.269600,91.008324
1172,9.766667,-0.002138,0.620301,0.019505,0.784118,-196.404388,92.277260,91.035599
1173,9.775000,-0.002297,0.620319,0.020008,0.784091,-196.415955,92.281433,91.069511
1174,9.783333,-0.004378,0.620179,0.021933,0.784141,-196.436798,92.248825,91.124657
1175,9.791667,-0.004437,0.619916,0.023801,0.784294,-196.476990,92.239922,91.166077
1176,9.800000,-0.004330,0.619726,0.025523,0.784391,-196.512482,92.235199,91.199196
1177,9.808333,-0.004027,0.619713,0.026668,0.784365,-196.547165,92.232880,91.223892
1178,9.816667,-0.003900,0.619948,0.027529,0.784150,-196.576721,92.230522,91.239014
1179,9.825000,-0.004613,0.620285,0.028026,0.783862,-196.604797,92.227486,91.242020
1180,9.833333,-0.004803,0.620583,0.028720,0.783600,-196.628342,92.230942,91.239799
1181,9.841667,-0.005414,0.620557,0.028994,0.783606,-196.637253,92.228813,91.242065
1182,9.850000,-0.005489,0.620443,0.028985,0.783696,-196.634521,92.227715,91.245827
1183,9.858333,-0.005390,0.620274,0.028702,0.783842,-196.619766,92.225189,91.253647
1184,9.866667,-0.004545,0.620117,0.028146,0.783991,-196.598740,92.226318,91.256348
1185,9.875000,-0.003805,0.619883,0.027680,0.784197,-196.572250,92.228737,91.246445
1186,9.883333,-0.003980,0.619655,0.026864,0.784404,-196.547989,92.232796,91.227364
1187,9.891667,-0.004303,0.619713,0.025890,0.784390,-196.521774,92.234283,91.197502
1188,9.900000,-0.004538,0.619830,0.024756,0.784332,-196.494980,92.236320,91.162239
1189,9.908333,-0.004904,0.620159,0.023254,0.784116,-196.464676,92.237091,91.119591
1190,9.916667,-0.005850,0.620887,0.020995,0.783597,-196.425003,92.250076,91.080078
1191,9.925000,-0.003501,0.621169,0.019522,0.783426,-196.408218,92.272743,91.046143
1192,9.933333,-0.001727,0.620812,0.019283,0.783720,-196.394974,92.273529,91.027107
1193,9.941667,-0.001047,0.620654,0.019107,0.783851,-196.387894,92.269798,91.017639
1194,9.950000,-0.001121,0.620588,0.019122,0.783903,-196.389755,92.269226,91.016869
1195,9.958333,-0.001455,0.620484,0.019265,0.783981,-196.396194,92.269112,91.020172
1196,9.966667,-0.002153,0.620793,0.019140,0.783738,-196.400360,92.278191,91.035202
1197,9.975000,-0.005882,0.620928,0.019583,0.783601,-196.412918,92.267799,91.063896
1198,9.983333,-0.005443,0.620719,0.021403,0.783722,-196.440704,92.247749,91.102806
1199,9.991667,-0.004882,0.620179,0.023299,0.784099,-196.481171,92.237549,91.142509
1200,10.000000,-0.004448,0.619875,0.024975,0.784291,-196.519470,92.233185,91.179260
1201,10.008333,-0.004458,0.619692,0.026450,0.784386,-196.552734,92.232063,91.207710
1202,10.016667,-0.004340,0.619824,0.027541,0.784245,-196.584213,92.230713,91.228378
1203,10.025000,-0.004390,0.620066,0.028338,0.784026,-196.610855,92.231071,91.243881
1204,10.033333,-0.004409,0.620077,0.028617,0.784006,-196.625397,92.230209,91.259186
1205,10.041667,-0.004584,0.620047,0.028910,0.784018,-196.632812,92.229805,91.270264
1206,10.050000,-0.004774,0.619978,0.028879,0.784073,-196.639450,92.230164,91.273392
1207,10.058333,-0.004738,0.620103,0.029001,0.783970,-196.638641,92.229843,91.267059
1208,10.066667,-0.004724,0.620112,0.028747,0.783972,-196.631104,92.228943,91.261177
1209,10.075000,-0.004789,0.620096,0.028430,0.783996,-196.617432,92.228043,91.251503
1210,10.083333,-0.004511,0.620002,0.027948,0.784090,-196.596451,92.226639,91.230476
1211,10.091667,-0.004494,0.619846,0.027066,0.784244,-196.571991,92.229355,91.208870
1212,10.100000,-0.004729,0.619757,0.026078,0.784346,-196.543152,92.232109,91.181648
1213,10.108333,-0.004956,0.619848,0.024674,0.784318,-196.508163,92.234299,91.150864
1214,10.116667,-0.005082,0.620048,0.023035,0.784210,-196.472900,92.237656,91.116592
1215,10.125000,-0.005961,0.620788,0.020821,0.783680,-196.426422,92.252060,91.089020
1216,10.133333,-0.006434,0.620993,0.019431,0.783549,-196.400757,92.260483,91.066864
1217,10.141667,-0.004098,0.621101,0.018596,0.783499,-196.395172,92.281059,91.046890
1218,10.150000,-0.003404,0.620766,0.018209,0.783777,-196.397705,92.292534,91.030785
1219,10.158333,-0.007377,0.620624,0.018311,0.783860,-196.402817,92.278488,91.038361
1220,10.166667,-0.008333,0.620510,0.018506,0.783936,-196.417404,92.277596,91.047768
1221,10.175000,-0.008697,0.620305,0.019115,0.784079,-196.434280,92.278633,91.068085
1222,10.183333,-0.006011,0.620250,0.021851,0.784076,-196.447998,92.246536,91.115967
1223,10.191667,-0.004813,0.619950,0.023622,0.784271,-196.480148,92.239883,91.152504
1224,10.200000,-0.004612,0.619763,0.025114,0.784374,-196.512970,92.235085,91.180481
1225,10.208333,-0.004685,0.619659,0.026308,0.784416,-196.542664,92.232857,91.199684
1226,10.216667,-0.004549,0.619792,0.027045,0.784287,-196.569473,92.230186,91.209976
1227,10.225000,-0.004670,0.619882,0.027553,0.784197,-196.587891,92.228027,91.217133
1228,10.233333,-0.004402,0.620020,0.027873,0.784078,-196.595398,92.227036,91.225006
1229,10.241667,-0.004745,0.619999,0.027876,0.784093,-196.593033,92.224770,91.233421
1230,10.250000,-0.004403,0.620023,0.027763,0.784080,-196.590530,92.227730,91.232422
1231,10.258333,-0.004470,0.619962,0.027452,0.784139,-196.585159,92.230377,91.219780
1232,10.266667,-0.004767,0.619888,0.026944,0.784213,-196.570129,92.230453,91.207848
1233,10.275000,-0.004947,0.619758,0.026167,0.784341,-196.550552,92.230957,91.194084
1234,10.283333,-0.004963,0.619795,0.025405,0.784337,-196.528183,92.232208,91.173836
1235,10.291667,-0.004909,0.619908,0.024367,0.784281,-196.502075,92.235474,91.148689
1236,10.300000,-0.005054,0.620095,0.023124,0.784169,-196.473938,92.237167,91.121666
1237,10.308333,-0.005064,0.620375,0.021862,0.783984,-196.445251,92.240944,91.102097
1238,10.316667,-0.003181,0.621015,0.020374,0.783528,-196.419968,92.265991,91.089050
1239,10.325000,-0.005485,0.621055,0.019965,0.783493,-196.408661,92.263306,91.085472
1240,10.333333,-0.006729,0.620946,0.019976,0.783570,-196.420563,92.263390,91.080574
1241,10.341667,-0.005813,0.620712,0.021241,0.783729,-196.437668,92.247307,91.091576
1242,10.350000,-0.005164,0.620189,0.022527,0.784112,-196.461624,92.237762,91.112610
1243,10.358333,-0.004775,0.619818,0.023694,0.784373,-196.483917,92.234436,91.139870
1244,10.366667,-0.004549,0.619641,0.024741,0.784483,-196.503372,92.234016,91.164085
1245,10.375000,-0.004629,0.619612,0.025375,0.784485,-196.522141,92.234764,91.180153
1246,10.383333,-0.004833,0.619587,0.026042,0.784481,-196.538330,92.234474,91.189232
1247,10.391667,-0.004873,0.619574,0.026323,0.784481,-196.553024,92.232681,91.190567
1248,10.400000,-0.004928,0.619564,0.026371,0.784488,-196.558304,92.230728,91.192749
1249,10.408333,-0.004798,0.619537,0.026358,0.784510,-196.555634,92.230423,91.196625
1250,10.416667,-0.004857,0.619492,0.026262,0.784549,-196.548630,92.230598,91.196404
1251,10.425000,-0.004865,0.619395,0.025929,0.784636,-196.538895,92.230774,91.190079
1252,10.433333,-0.004994,0.619442,0.025462,0.784614,-196.530060,92.231934,91.177063
1253,10.441667,-0.005166,0.619551,0.024846,0.784546,-196.514709,92.231873,91.160423
1254,10.450000,-0.005223,0.619647,0.024252,0.784489,-196.495041,92.233749,91.144707
1255,10.458333,-0.004992,0.619687,0.023266,0.784488,-196.471649,92.235207,91.126343
1256,10.466667,-0.005241,0.619856,0.022250,0.784383,-196.448578,92.238060,91.115395
1257,10.475000,-0.005023,0.620037,0.021619,0.784258,-196.434830,92.240509,91.109184
1258,10.483333,-0.005052,0.620191,0.021604,0.784137,-196.435410,92.243774,91.106598
1259,10.491667,-0.005193,0.620071,0.022090,0.784218,-196.448380,92.241966,91.110138
1260,10.500000,-0.005073,0.619862,0.022852,0.784362,-196.466980,92.238525,91.123611
1261,10.508333,-0.005060,0.619735,0.023721,0.784437,-196.487488,92.236359,91.140625
1262,10.516667,-0.004956,0.619683,0.024638,0.784450,-196.507004,92.235535,91.154770
1263,10.525000,-0.004894,0.619673,0.025146,0.784442,-196.520187,92.233261,91.164703
1264,10.533333,-0.005032,0.619596,0.025462,0.784492,-196.526962,92.231522,91.172615
1265,10.541667,-0.004897,0.619460,0.025565,0.784597,-196.527756,92.231247,91.176155
1266,10.550000,-0.004877,0.619484,0.025437,0.784582,-196.525436,92.232338,91.174622
1267,10.558333,-0.005015,0.619497,0.025189,0.784579,-196.519836,92.233704,91.169609
1268,10.566667,-0.005038,0.619523,0.024846,0.784569,-196.510956,92.233788,91.162552
1269,10.575000,-0.005126,0.619563,0.024432,0.784550,-196.498215,92.233650,91.154205
1270,10.583333,-0.005057,0.619554,0.023684,0.784580,-196.482025,92.234901,91.140434
1271,10.591667,-0.005085,0.619709,0.023007,0.784478,-196.465332,92.236244,91.126320
1272,10.600000,-0.005024,0.619853,0.022398,0.784382,-196.453186,92.238358,91.121887
1273,10.608333,-0.005061,0.619939,0.022330,0.784316,-196.449341,92.239937,91.123108
1274,10.616667,-0.005003,0.619883,0.022646,0.784351,-196.462051,92.239693,91.128906
1275,10.625000,-0.005067,0.619774,0.023240,0.784420,-196.478790,92.238304,91.137657
1276,10.633333,-0.005141,0.619757,0.024008,0.784410,-196.496506,92.236237,91.144447
1277,10.641667,-0.005232,0.619698,0.024424,0.784443,-196.506805,92.233971,91.149376
1278,10.650000,-0.005049,0.619628,0.024575,0.784494,-196.507996,92.232071,91.154228
1279,10.658333,-0.004876,0.619548,0.024542,0.784560,-196.504440,92.233215,91.156792
1280,10.666667,-0.004808,0.619588,0.024356,0.784535,-196.499100,92.234055,91.153976
1281,10.675000,-0.004873,0.619573,0.023956,0.784558,-196.491531,92.234627,91.146530
1282,10.683333,-0.005011,0.619656,0.023563,0.784504,-196.482498,92.235535,91.133659
1283,10.691667,-0.005007,0.619814,0.023066,0.784394,-196.473083,92.237770,91.122253
1284,10.700000,-0.004946,0.619873,0.022757,0.784357,-196.465302,92.237556,91.122581
1285,10.708333,-0.004921,0.619857,0.022706,0.784371,-196.461639,92.237396,91.133812
1286,10.716667,-0.004755,0.619781,0.023046,0.784422,-196.463867,92.238998,91.147415
1287,10.725000,-0.004359,0.619712,0.023314,0.784471,-196.466690,92.240601,91.153389
1288,10.733333,-0.004440,0.619656,0.023427,0.784511,-196.466309,92.238197,91.154694
1289,10.741667,-0.004536,0.619646,0.023260,0.784523,-196.466141,92.238319,91.149872
1290,10.750000,-0.004849,0.619771,0.023084,0.784428,-196.464111,92.237015,91.140350
1291,10.758333,-0.004960,0.619863,0.023000,0.784357,-196.467224,92.237793,91.130165
1292,10.766667,-0.005024,0.619838,0.023133,0.784373,-196.473389,92.237564,91.129593
1293,10.775000,-0.005231,0.619864,0.023438,0.784341,-196.480835,92.236290,91.131721
1294,10.783333,-0.005278,0.619890,0.023628,0.784316,-196.484558,92.235710,91.130142
1295,10.791667,-0.005254,0.619846,0.023529,0.784353,-196.482498,92.235252,91.128014
1296,10.800000,-0.005028,0.619839,0.023319,0.784367,-196.477158,92.234787,91.127434
1297,10.808333,-0.005016,0.619849,0.023122,0.784364,-196.470337,92.234787,91.129730
1298,10.816667,-0.004968,0.619834,0.022966,0.784381,-196.464264,92.236511,91.133942
1299,10.825000,-0.004888,0.619852,0.022907,0.784369,-196.465439,92.238411,91.136398
1300,10.833333,-0.004967,0.619864,0.022983,0.784357,-196.466415,92.237793,91.134193
1301,10.841667,-0.004871,0.619895,0.023076,0.784330,-196.468826,92.238594,91.131920
1302,10.850000,-0.005053,0.619891,0.023279,0.784327,-196.470673,92.236618,91.133110
1303,10.858333,-0.004991,0.619871,0.023259,0.784343,-196.473450,92.236801,91.132988
1304,10.866667,-0.004981,0.619800,0.023136,0.784403,-196.474411,92.237076,91.131973
1305,10.875000,-0.004897,0.619772,0.023139,0.784426,-196.475464,92.237068,91.132935
1306,10.883333,-0.005019,0.619809,0.023284,0.784391,-196.476166,92.235992,91.133217
1307,10.891667,-0.005099,0.619812,0.023275,0.784389,-196.476074,92.235588,91.133156
1308,10.900000,-0.005146,0.619772,0.023237,0.784421,-196.474869,92.235535,91.133286
1309,10.908333,-0.004878,0.619790,0.023180,0.784410,-196.474380,92.237549,91.131943
1310,10.916667,-0.004825,0.619834,0.023132,0.784377,-196.472321,92.237923,91.131088
1311,10.925000,-0.004918,0.619847,0.023200,0.784365,-196.470612,92.237717,91.132019
1312,10.933333,-0.004994,0.619885,0.023200,0.784334,-196.469757,92.237129,91.132797
1313,10.941667,-0.005036,0.619871,0.023107,0.784347,-196.469330,92.237221,91.132767
1314,10.950000,-0.005126,0.619885,0.023135,0.784335,-196.467972,92.236534,91.133408
1315,10.958333,-0.004997,0.619835,0.023090,0.784377,-196.468002,92.236580,91.133408
1316,10.966667,-0.005013,0.619786,0.023039,0.784417,-196.468658,92.235565,91.133347
1317,10.975000,-0.005012,0.619835,0.023223,0.784372,-196.469955,92.237640,91.133240
1318,10.983333,-0.005159,0.619827,0.023423,0.784372,-196.471756,92.239113,91.134567
1319,10.991667,-0.005197,0.619768,0.023603,0.784413,-196.472412,92.238892,91.134819
1320,11.000000,-0.005447,0.619460,0.024338,0.784632,-196.474640,92.243477,91.139435
1321,11.008333,-0.005618,0.619306,0.024985,0.784732,-196.476440,92.246460,91.141426
1322,11.016667,-0.005568,0.619103,0.025107,0.784889,-196.477478,92.247993,91.144623
1323,11.025000,-0.004831,0.619132,0.023174,0.784930,-196.471375,92.236191,91.142601
1324,11.033333,-0.004595,0.619273,0.022412,0.784842,-196.468201,92.231850,91.138725
1325,11.041667,-0.004614,0.619386,0.022398,0.784753,-196.467682,92.231361,91.137192
1326,11.050000,-0.004635,0.619374,0.022359,0.784764,-196.467300,92.232597,91.138046
1327,11.058333,-0.004689,0.619375,0.022436,0.784761,-196.466125,92.231628,91.138847
1328,11.066667,-0.004730,0.619402,0.022388,0.784741,-196.465744,92.232857,91.138832
1329,11.075000,-0.004650,0.619395,0.022374,0.784747,-196.464493,92.233017,91.137993
1330,11.083333,-0.004556,0.619406,0.022274,0.784742,-196.463821,92.233688,91.137764
1331,11.091667,-0.004656,0.619416,0.022350,0.784731,-196.463303,92.233803,91.137161
1332,11.100000,-0.004730,0.619448,0.022401,0.784704,-196.463470,92.233696,91.137177
1333,11.108333,-0.004582,0.619445,0.022391,0.784707,-196.463821,92.233398,91.136269
1334,11.116667,-0.004591,0.619428,0.022363,0.784721,-196.464432,92.232773,91.135849
1335,11.125000,-0.004645,0.619385,0.022315,0.784756,-196.465546,92.232704,91.135986
1336,11.133333,-0.004669,0.619386,0.022332,0.784755,-196.466919,92.233429,91.136345
1337,11.141667,-0.004571,0.619405,0.022365,0.784740,-196.467239,92.232475,91.136116
1338,11.150000,-0.004528,0.619377,0.022313,0.784764,-196.466919,92.232445,91.136284
1339,11.158333,-0.004468,0.619377,0.022266,0.784765,-196.467392,92.232445,91.136757
1340,11.166667,-0.004600,0.619397,0.022386,0.784745,-196.468597,92.232353,91.137383
1341,11.175000,-0.004634,0.619383,0.022489,0.784753,-196.469070,92.233307,91.138161
1342,11.183333,-0.004546,0.619346,0.022516,0.784782,-196.467407,92.231247,91.137848
1343,11.191667,-0.004612,0.619366,0.022459,0.784768,-196.466660,92.231667,91.138023
1344,11.200000,-0.004472,0.619414,0.022438,0.784731,-196.466309,92.232689,91.137024
1345,11.208333,-0.004380,0.619398,0.022337,0.784747,-196.464615,92.232338,91.136108
1346,11.216667,-0.004574,0.619445,0.022287,0.784711,-196.464081,92.231674,91.136238
