Format Version,1.25,Take Name,Take 2025-11-27 05.08.22 PM,Take Notes,,Capture Frame Rate,120.000000,Export Frame Rate,120.000000,Capture Start Time,2025-11-27 05.08.22.778 PM,Capture Start Frame,28398,Total Frames in Take,1282,Total Exported Frames,1282,Rotation Type,Quaternion,Length Units,Centimeters,Coordinate Space,Global

,Type,Rigid Body,Rigid Body,Rigid Body,Rigid Body,Rigid Body,Rigid Body,Rigid Body
,Name,SEE_large,SEE_large,SEE_large,SEE_large,SEE_large,SEE_large,SEE_large
,ID,B4680608301811F031C44B617C10C291,B4680608301811F031C44B617C10C291,B4680608301811F031C44B617C10C291,B4680608301811F031C44B617C10C291,B4680608301811F031C44B617C10C291,B4680608301811F031C44B617C10C291,B4680608301811F031C44B617C10C291
,Parent,,,,,,,
,,Rotation,Rotation,Rotation,Rotation,Position,Position,Position
Frame,Time (Seconds),X,Y,Z,W,X,Y,Z
0,0.000000,-0.007105,0.395841,0.008738,0.918250,-215.917847,92.234924,83.894386
1,0.008333,-0.007006,0.395826,0.008600,0.918258,-215.917709,92.234970,83.894402
2,0.016667,-0.007182,0.395797,0.008577,0.918270,-215.917709,92.234947,83.893349
3,0.025000,-0.007156,0.395852,0.008628,0.918246,-215.919357,92.234871,83.892181
4,0.033333,-0.006983,0.395855,0.008613,0.918246,-215.920181,92.234406,83.893242
5,0.041667,-0.006996,0.395893,0.008552,0.918230,-215.922119,92.235001,83.893280
6,0.050000,-0.007108,0.395861,0.008728,0.918242,-215.924622,92.234161,83.894348
7,0.058333,-0.007059,0.395834,0.008731,0.918253,-215.925674,92.234161,83.896240
8,0.066667,-0.006985,0.395875,0.008762,0.918236,-215.927200,92.233810,83.896317
9,0.075000,-0.006927,0.395936,0.008800,0.918210,-215.928574,92.233032,83.895668
10,0.083333,-0.006938,0.395912,0.008796,0.918220,-215.929840,92.231384,83.896347
11,0.091667,-0.006979,0.395838,0.008688,0.918253,-215.929718,92.230995,83.897713
12,0.100000,-0.006917,0.395876,0.008746,0.918236,-215.929626,92.230072,83.896980
13,0.108333,-0.006951,0.395943,0.008892,0.918206,-215.928436,92.230690,83.898651
14,0.116667,-0.007095,0.395879,0.008843,0.918233,-215.927673,92.231483,83.898102
15,0.125000,-0.007035,0.395859,0.008707,0.918243,-215.926666,92.233315,83.897278
16,0.133333,-0.007030,0.395841,0.008721,0.918251,-215.925140,92.234482,83.897057
17,0.141667,-0.006871,0.395836,0.008724,0.918254,-215.923553,92.233925,83.897171
18,0.150000,-0.006868,0.395816,0.008648,0.918263,-215.921814,92.233963,83.896217
19,0.158333,-0.006858,0.395827,0.008661,0.918259,-215.920013,92.235954,83.895523
20,0.166667,-0.006960,0.395843,0.008638,0.918251,-215.918610,92.234230,83.894226
21,0.175000,-0.007220,0.395858,0.008601,0.918243,-215.918259,92.233269,83.892456
22,0.183333,-0.007192,0.395830,0.008590,0.918255,-215.917374,92.233887,83.893143
23,0.191667,-0.007064,0.395864,0.008601,0.918242,-215.917938,92.234207,83.893036
24,0.200000,-0.006920,0.395909,0.008736,0.918222,-215.917664,92.234451,83.893173
25,0.208333,-0.006875,0.395845,0.008741,0.918250,-215.917725,92.233528,83.893730
26,0.216667,-0.007004,0.395850,0.008639,0.918248,-215.918304,92.231903,83.893600
27,0.225000,-0.007182,0.395881,0.008628,0.918233,-215.919464,92.231598,83.893692
28,0.233333,-0.007051,0.395894,0.008756,0.918227,-215.920212,92.232666,83.894768
29,0.241667,-0.006973,0.395875,0.008819,0.918236,-215.919525,92.230316,83.895866
30,0.250000,-0.007043,0.395899,0.008669,0.918226,-215.920563,92.231331,83.896820
31,0.258333,-0.006985,0.395833,0.008662,0.918255,-215.919922,92.231689,83.897369
32,0.266667,-0.006996,0.395899,0.008626,0.918227,-215.918915,92.232407,83.895241
33,0.275000,-0.007074,0.395917,0.008714,0.918218,-215.918991,92.232834,83.894371
34,0.283333,-0.007114,0.395826,0.008687,0.918257,-215.919205,92.232605,83.894714
35,0.291667,-0.007080,0.395849,0.008751,0.918247,-215.919022,92.233124,83.895615
36,0.300000,-0.006994,0.395871,0.008682,0.918238,-215.919540,92.233971,83.894012
37,0.308333,-0.007116,0.395811,0.008603,0.918264,-215.920395,92.233315,83.893776
38,0.316667,-0.007163,0.395828,0.008502,0.918257,-215.921616,92.232147,83.894394
39,0.325000,-0.007201,0.395864,0.008424,0.918242,-215.923477,92.231125,83.893494
40,0.333333,-0.007072,0.395903,0.008420,0.918227,-215.924744,92.231071,83.894386
41,0.341667,-0.006931,0.395924,0.008547,0.918217,-215.926239,92.231430,83.895279
42,0.350000,-0.006907,0.395934,0.008629,0.918212,-215.927887,92.230675,83.897087
43,0.358333,-0.006908,0.395912,0.008626,0.918222,-215.929123,92.230095,83.897308
44,0.366667,-0.006879,0.395950,0.008653,0.918206,-215.930130,92.231140,83.897331
45,0.375000,-0.006899,0.395922,0.008630,0.918218,-215.930847,92.230537,83.899033
46,0.383333,-0.006991,0.395893,0.008652,0.918229,-215.930145,92.229935,83.900642
47,0.391667,-0.007103,0.395900,0.008573,0.918226,-215.930222,92.230919,83.899811
48,0.400000,-0.007111,0.395899,0.008555,0.918227,-215.928818,92.230545,83.900146
49,0.408333,-0.007065,0.395923,0.008646,0.918216,-215.927460,92.229462,83.901062
50,0.416667,-0.006989,0.395893,0.008647,0.918229,-215.926865,92.230011,83.901825
51,0.425000,-0.006932,0.395911,0.008567,0.918223,-215.925461,92.231575,83.901474
52,0.433333,-0.007025,0.395903,0.008647,0.918225,-215.924759,92.231339,83.900429
53,0.441667,-0.007147,0.395897,0.008481,0.918228,-215.924164,92.232262,83.899643
54,0.450000,-0.007070,0.395874,0.008456,0.918239,-215.923615,92.232475,83.898720
55,0.458333,-0.007014,0.395865,0.008494,0.918243,-215.923996,92.231415,83.897156
56,0.466667,-0.007014,0.395834,0.008488,0.918256,-215.924454,92.232422,83.897568
57,0.475000,-0.006992,0.395832,0.008513,0.918257,-215.925293,92.232193,83.896721
58,0.483333,-0.007051,0.395915,0.008653,0.918219,-215.926956,92.231361,83.894791
59,0.491667,-0.007164,0.395869,0.008660,0.918238,-215.933395,92.231010,83.893661
60,0.500000,-0.007409,0.395807,0.008802,0.918262,-215.940170,92.230865,83.891098
61,0.508333,-0.007443,0.395857,0.009015,0.918238,-215.948730,92.230453,83.892754
62,0.516667,-0.007574,0.395858,0.009207,0.918235,-215.957230,92.231560,83.894798
63,0.525000,-0.007876,0.395661,0.009068,0.918318,-215.969986,92.237076,83.895195
64,0.533333,-0.008267,0.395507,0.009064,0.918381,-215.983292,92.242317,83.892601
65,0.541667,-0.008014,0.395646,0.010043,0.918313,-215.994736,92.236671,83.900780
66,0.550000,-0.007990,0.395636,0.010595,0.918311,-216.009903,92.234741,83.905998
67,0.558333,-0.008114,0.395516,0.010972,0.918358,-216.023590,92.235161,83.908554
68,0.566667,-0.008159,0.395511,0.011370,0.918355,-216.032272,92.233292,83.909836
69,0.575000,-0.008046,0.395438,0.011585,0.918384,-216.037231,92.232864,83.910194
70,0.583333,-0.007948,0.395512,0.011652,0.918353,-216.040588,92.233238,83.912163
71,0.591667,-0.007950,0.395580,0.011770,0.918322,-216.043121,92.233208,83.912727
72,0.600000,-0.008123,0.395581,0.011713,0.918321,-216.047028,92.235062,83.912010
73,0.608333,-0.008411,0.395274,0.012145,0.918444,-216.055557,92.236290,83.915176
74,0.616667,-0.008130,0.395197,0.012528,0.918475,-216.063614,92.236725,83.913765
75,0.625000,-0.007817,0.395244,0.014871,0.918422,-216.096802,92.221855,83.926849
76,0.633333,-0.007860,0.395402,0.015097,0.918351,-216.103821,92.225395,83.926430
77,0.641667,-0.008087,0.395550,0.014746,0.918290,-216.110107,92.232605,83.926521
78,0.650000,-0.008202,0.395531,0.014372,0.918303,-216.120911,92.236710,83.925446
79,0.658333,-0.008278,0.395515,0.014416,0.918309,-216.132401,92.239372,83.927048
80,0.666667,-0.008504,0.395568,0.014714,0.918279,-216.145493,92.239586,83.929321
81,0.675000,-0.008672,0.395688,0.015231,0.918218,-216.156311,92.238914,83.934471
82,0.683333,-0.008676,0.395730,0.015932,0.918188,-216.167068,92.236534,83.938057
83,0.691667,-0.008743,0.395790,0.016422,0.918153,-216.176910,92.235321,83.943565
84,0.700000,-0.008750,0.395854,0.016939,0.918116,-216.187363,92.233887,83.947212
85,0.708333,-0.008931,0.395907,0.017210,0.918086,-216.195496,92.231918,83.950592
86,0.716667,-0.008998,0.395950,0.017334,0.918064,-216.203491,92.232590,83.952469
87,0.725000,-0.009184,0.396000,0.017559,0.918037,-216.209885,92.232574,83.953056
88,0.733333,-0.009506,0.396009,0.017662,0.918028,-216.218597,92.232620,83.953003
89,0.741667,-0.009838,0.396025,0.017605,0.918018,-216.226578,92.235893,83.952782
90,0.750000,-0.010160,0.395948,0.017810,0.918044,-216.237091,92.238235,83.952003
91,0.758333,-0.010356,0.395984,0.018164,0.918019,-216.247986,92.238968,83.951927
92,0.766667,-0.010455,0.396055,0.018564,0.917979,-216.262817,92.240501,83.951355
93,0.775000,-0.010548,0.396078,0.019071,0.917958,-216.277527,92.241302,83.952599
94,0.783333,-0.010652,0.396031,0.019585,0.917966,-216.290970,92.242569,83.953445
95,0.791667,-0.010612,0.395980,0.020180,0.917976,-216.301758,92.242233,83.954773
96,0.800000,-0.010668,0.396039,0.020718,0.917938,-216.311523,92.240906,83.955704
97,0.808333,-0.010786,0.395968,0.021007,0.917961,-216.319748,92.239616,83.957382
98,0.816667,-0.011179,0.396060,0.021858,0.917896,-216.327835,92.241364,83.957001
99,0.825000,-0.011525,0.396068,0.022301,0.917878,-216.334457,92.244133,83.957954
100,0.833333,-0.011763,0.395997,0.022582,0.917899,-216.342545,92.243774,83.958611
101,0.841667,-0.011959,0.395935,0.022698,0.917920,-216.353317,92.244301,83.960121
102,0.850000,-0.012171,0.395852,0.022799,0.917951,-216.363449,92.245033,83.960403
103,0.858333,-0.012356,0.395772,0.023116,0.917975,-216.371323,92.245926,83.961395
104,0.866667,-0.012257,0.395794,0.023458,0.917958,-216.375214,92.244652,83.961891
105,0.875000,-0.012215,0.395818,0.023519,0.917947,-216.375992,92.243759,83.962624
106,0.883333,-0.012269,0.395857,0.023489,0.917930,-216.373688,92.243599,83.962296
107,0.891667,-0.012189,0.396041,0.023302,0.917856,-216.367676,92.242447,83.962883
108,0.900000,-0.012059,0.396192,0.023183,0.917796,-216.362930,92.242699,83.962326
109,0.908333,-0.012064,0.396227,0.023211,0.917780,-216.361542,92.242348,83.961258
110,0.916667,-0.012044,0.396140,0.023116,0.917820,-216.362808,92.243942,83.960052
111,0.925000,-0.012122,0.396005,0.022972,0.917881,-216.364670,92.246208,83.958069
112,0.933333,-0.012227,0.396011,0.022916,0.917878,-216.367432,92.247826,83.955696
113,0.941667,-0.012146,0.395984,0.022970,0.917890,-216.368317,92.248512,83.955803
114,0.950000,-0.012111,0.396057,0.022907,0.917861,-216.368179,92.248108,83.955872
115,0.958333,-0.012154,0.396060,0.022913,0.917858,-216.365768,92.247231,83.956749
116,0.966667,-0.012264,0.396060,0.022902,0.917857,-216.365189,92.247284,83.957741
117,0.975000,-0.012237,0.396124,0.022934,0.917829,-216.364212,92.245300,83.958908
118,0.983333,-0.012289,0.396054,0.022998,0.917857,-216.365189,92.244431,83.960358
119,0.991667,-0.012416,0.396102,0.023116,0.917832,-216.368195,92.245735,83.961769
120,1.000000,-0.012416,0.396095,0.023212,0.917832,-216.369919,92.246262,83.963631
121,1.008333,-0.012325,0.395991,0.023278,0.917876,-216.374634,92.245575,83.964531
122,1.016667,-0.012361,0.396033,0.023288,0.917858,-216.378113,92.246094,83.963898
123,1.025000,-0.012431,0.396069,0.023386,0.917839,-216.380554,92.246773,83.964607
124,1.033333,-0.012415,0.396007,0.023454,0.917864,-216.382950,92.248001,83.965218
125,1.041667,-0.012341,0.395971,0.023562,0.917878,-216.385010,92.248253,83.964050
126,1.050000,-0.012321,0.396006,0.023534,0.917864,-216.385651,92.248878,83.962669
127,1.058333,-0.012270,0.396040,0.023628,0.917847,-216.385101,92.248360,83.960686
128,1.066667,-0.012232,0.396063,0.023470,0.917842,-216.386459,92.248833,83.960579
129,1.075000,-0.012261,0.396055,0.023495,0.917844,-216.385742,92.248711,83.958900
130,1.083333,-0.012282,0.396022,0.023547,0.917857,-216.384979,92.248947,83.957130
131,1.091667,-0.012445,0.395997,0.023515,0.917866,-216.385345,92.250130,83.957069
132,1.100000,-0.012525,0.395987,0.023448,0.917871,-216.385483,92.249443,83.955933
133,1.108333,-0.012548,0.396000,0.023364,0.917868,-216.386200,92.249512,83.956123
134,1.116667,-0.012499,0.396029,0.023351,0.917856,-216.385437,92.249367,83.957825
135,1.125000,-0.012501,0.396006,0.023343,0.917866,-216.384979,92.248947,83.957916
136,1.133333,-0.012579,0.395993,0.023315,0.917871,-216.384125,92.249931,83.958427
137,1.141667,-0.012423,0.396039,0.023361,0.917852,-216.383316,92.248932,83.959732
138,1.150000,-0.012405,0.396054,0.023449,0.917844,-216.383179,92.248833,83.960655
139,1.158333,-0.012464,0.396094,0.023380,0.917828,-216.383438,92.248039,83.961960
140,1.166667,-0.012534,0.396097,0.023465,0.917823,-216.384857,92.248070,83.961533
141,1.175000,-0.012542,0.396032,0.023476,0.917851,-216.385818,92.248123,83.962273
142,1.183333,-0.012610,0.396053,0.023513,0.917840,-216.387085,92.249367,83.961060
143,1.191667,-0.012422,0.396104,0.023668,0.917817,-216.388016,92.248291,83.961357
144,1.200000,-0.012322,0.396071,0.023678,0.917832,-216.389847,92.248505,83.960693
145,1.208333,-0.012320,0.396038,0.023514,0.917850,-216.390411,92.248444,83.959389
146,1.216667,-0.012458,0.396073,0.023534,0.917833,-216.389755,92.248444,83.957283
147,1.225000,-0.012516,0.396012,0.023539,0.917858,-216.389282,92.248177,83.956261
148,1.233333,-0.012436,0.396003,0.023380,0.917867,-216.388275,92.247879,83.955650
149,1.241667,-0.012471,0.395992,0.023292,0.917874,-216.387421,92.249138,83.953590
150,1.250000,-0.012431,0.395985,0.023290,0.917877,-216.386795,92.250481,83.953026
151,1.258333,-0.012443,0.396047,0.023404,0.917848,-216.386078,92.251076,83.954552
152,1.266667,-0.012420,0.396025,0.023356,0.917859,-216.385620,92.251511,83.955994
153,1.275000,-0.012383,0.395965,0.023402,0.917884,-216.385132,92.250702,83.955780
154,1.283333,-0.012471,0.396054,0.023379,0.917845,-216.384369,92.251678,83.957222
155,1.291667,-0.012405,0.396090,0.023417,0.917829,-216.383789,92.251114,83.958359
156,1.300000,-0.012456,0.396031,0.023316,0.917857,-216.383652,92.250999,83.959869
157,1.308333,-0.012490,0.396042,0.023298,0.917852,-216.382263,92.250519,83.960564
158,1.316667,-0.012568,0.396096,0.023266,0.917828,-216.381714,92.249512,83.961449
159,1.325000,-0.012485,0.396046,0.023407,0.917847,-216.381195,92.248543,83.962097
160,1.333333,-0.012460,0.396052,0.023442,0.917844,-216.382172,92.248726,83.963745
161,1.341667,-0.012455,0.396080,0.023522,0.917830,-216.383865,92.249146,83.964508
162,1.350000,-0.012318,0.396091,0.023525,0.917827,-216.384857,92.248421,83.964020
163,1.358333,-0.012427,0.396092,0.023591,0.917823,-216.386002,92.248711,83.963524
164,1.366667,-0.012442,0.396083,0.023596,0.917827,-216.387085,92.249573,83.962807
165,1.375000,-0.012438,0.396016,0.023632,0.917855,-216.387207,92.250153,83.962021
166,1.383333,-0.012393,0.396036,0.023566,0.917849,-216.386627,92.250046,83.960434
167,1.391667,-0.012511,0.396050,0.023621,0.917840,-216.386993,92.249886,83.959457
168,1.400000,-0.012501,0.396059,0.023452,0.917840,-216.386414,92.250824,83.959190
169,1.408333,-0.012417,0.396078,0.023481,0.917833,-216.384415,92.250351,83.959480
170,1.416667,-0.012450,0.396041,0.023429,0.917849,-216.383713,92.251152,83.961174
171,1.425000,-0.012432,0.396046,0.023360,0.917850,-216.382507,92.250778,83.961174
172,1.433333,-0.012506,0.396086,0.023350,0.917831,-216.381882,92.250877,83.961891
173,1.441667,-0.012405,0.396080,0.023389,0.917834,-216.382050,92.248817,83.962662
174,1.450000,-0.012443,0.396083,0.023507,0.917829,-216.382095,92.249260,83.963104
175,1.458333,-0.012348,0.396098,0.023600,0.917822,-216.381454,92.247414,83.964455
176,1.466667,-0.012409,0.396105,0.023629,0.917817,-216.382980,92.248482,83.965591
177,1.475000,-0.012406,0.396113,0.023722,0.917811,-216.382782,92.247643,83.965927
178,1.483333,-0.012495,0.396081,0.023529,0.917829,-216.383408,92.247269,83.965561
179,1.491667,-0.012514,0.396046,0.023457,0.917846,-216.383530,92.246674,83.965477
180,1.500000,-0.012554,0.396069,0.023573,0.917832,-216.384003,92.247002,83.964188
181,1.508333,-0.012525,0.396086,0.023724,0.917822,-216.384857,92.247803,83.962692
182,1.516667,-0.012451,0.396130,0.023689,0.917804,-216.385513,92.248718,83.962204
183,1.525000,-0.012448,0.396093,0.023781,0.917818,-216.385559,92.249390,83.960083
184,1.533333,-0.012362,0.396076,0.023777,0.917827,-216.385834,92.249825,83.959648
185,1.541667,-0.012167,0.396036,0.023840,0.917845,-216.385193,92.249146,83.958122
186,1.550000,-0.012198,0.396095,0.023706,0.917822,-216.383820,92.249916,83.958755
187,1.558333,-0.012323,0.396092,0.023631,0.917824,-216.382950,92.250755,83.958626
188,1.566667,-0.012470,0.396006,0.023692,0.917857,-216.381958,92.250488,83.957268
189,1.575000,-0.012631,0.396034,0.023407,0.917851,-216.381256,92.251335,83.957581
190,1.583333,-0.012579,0.396034,0.023428,0.917851,-216.380142,92.250267,83.958122
191,1.591667,-0.012379,0.396060,0.023386,0.917843,-216.379974,92.249878,83.959396
192,1.600000,-0.012346,0.396093,0.023466,0.917827,-216.380341,92.250549,83.961647
193,1.608333,-0.012467,0.396117,0.023517,0.917814,-216.380005,92.250420,83.962730
194,1.616667,-0.012478,0.396112,0.023485,0.917817,-216.380829,92.250183,83.962402
195,1.625000,-0.012429,0.396086,0.023477,0.917829,-216.384384,92.249367,83.963379
196,1.633333,-0.012578,0.396149,0.023590,0.917797,-216.386841,92.249977,83.963356
197,1.641667,-0.012612,0.396147,0.023620,0.917796,-216.386490,92.250336,83.963638
198,1.650000,-0.012503,0.396082,0.023683,0.917825,-216.388779,92.249313,83.962669
199,1.658333,-0.012398,0.396102,0.023882,0.917812,-216.389511,92.248520,83.962814
200,1.666667,-0.012371,0.396107,0.023973,0.917808,-216.389771,92.248238,83.962402
201,1.675000,-0.012372,0.396124,0.023890,0.917803,-216.389160,92.249084,83.961632
202,1.683333,-0.012415,0.396108,0.023952,0.917807,-216.389511,92.250565,83.961555
203,1.691667,-0.012449,0.396108,0.024011,0.917805,-216.390396,92.251053,83.960876
204,1.700000,-0.012394,0.396117,0.023871,0.917806,-216.390915,92.250580,83.960220
205,1.708333,-0.012327,0.396106,0.023967,0.917809,-216.390228,92.248550,83.960747
206,1.716667,-0.012289,0.396059,0.023914,0.917832,-216.390152,92.249390,83.960663
207,1.725000,-0.012273,0.396131,0.023944,0.917800,-216.389252,92.249008,83.960220
208,1.733333,-0.012421,0.396106,0.023863,0.917811,-216.389175,92.248604,83.960838
209,1.741667,-0.012575,0.396072,0.023675,0.917828,-216.388626,92.248810,83.960968
210,1.750000,-0.012604,0.396069,0.023664,0.917829,-216.388031,92.249138,83.961136
211,1.758333,-0.012563,0.396121,0.023731,0.917806,-216.388397,92.249832,83.962822
212,1.766667,-0.012507,0.396113,0.023687,0.917811,-216.388412,92.250687,83.963280
213,1.775000,-0.012455,0.396121,0.023663,0.917809,-216.388535,92.250893,83.962700
214,1.783333,-0.012415,0.396081,0.023574,0.917829,-216.389221,92.250404,83.962959
215,1.791667,-0.012377,0.396068,0.023565,0.917836,-216.389969,92.250130,83.962593
216,1.800000,-0.012482,0.396106,0.023616,0.917816,-216.390533,92.249573,83.961296
217,1.808333,-0.012481,0.396117,0.023629,0.917811,-216.390640,92.250198,83.960625
218,1.816667,-0.012541,0.396115,0.023713,0.917809,-216.391327,92.250511,83.959785
219,1.825000,-0.012523,0.396111,0.023777,0.917809,-216.391510,92.249344,83.959579
220,1.833333,-0.012463,0.396089,0.023806,0.917819,-216.391830,92.249168,83.959518
221,1.841667,-0.012479,0.396120,0.023871,0.917803,-216.391403,92.249184,83.959045
222,1.850000,-0.012467,0.396057,0.023819,0.917832,-216.391541,92.250374,83.958229
223,1.858333,-0.012346,0.396114,0.023886,0.917808,-216.391678,92.250740,83.957939
224,1.866667,-0.012326,0.396155,0.023811,0.917792,-216.391449,92.251190,83.957954
225,1.875000,-0.012311,0.396172,0.023733,0.917787,-216.389771,92.250351,83.959183
226,1.883333,-0.012320,0.396153,0.023752,0.917795,-216.389984,92.249565,83.959930
227,1.891667,-0.012439,0.396138,0.023828,0.917797,-216.389542,92.249489,83.960167
228,1.900000,-0.012581,0.396123,0.023738,0.917804,-216.389130,92.249969,83.960693
229,1.908333,-0.012536,0.396149,0.023589,0.917798,-216.388580,92.250809,83.960899
230,1.916667,-0.012395,0.396179,0.023752,0.917782,-216.388565,92.249474,83.961975
231,1.925000,-0.012478,0.396152,0.023700,0.917794,-216.389435,92.250031,83.961769
232,1.933333,-0.012542,0.396137,0.023744,0.917798,-216.390640,92.248955,83.961578
233,1.941667,-0.012478,0.396134,0.023687,0.917802,-216.390579,92.249504,83.961067
234,1.950000,-0.012469,0.396118,0.023635,0.917811,-216.390396,92.249092,83.960510
235,1.958333,-0.012554,0.396109,0.023680,0.917812,-216.390259,92.249084,83.959610
236,1.966667,-0.012480,0.396130,0.023786,0.917801,-216.390091,92.248764,83.958778
237,1.975000,-0.012422,0.396146,0.023687,0.917798,-216.391159,92.249405,83.958260
238,1.983333,-0.012471,0.396175,0.023701,0.917785,-216.391998,92.250359,83.957848
239,1.991667,-0.012358,0.396091,0.023667,0.917823,-216.391235,92.250313,83.957115
240,2.000000,-0.012452,0.396069,0.023698,0.917831,-216.390259,92.250420,83.957291
241,2.008333,-0.012478,0.396065,0.023546,0.917836,-216.389542,92.250999,83.956650
242,2.016667,-0.012404,0.396071,0.023554,0.917834,-216.388458,92.250153,83.957115
243,2.025000,-0.012421,0.396057,0.023536,0.917840,-216.388748,92.250534,83.957939
244,2.033333,-0.012393,0.396070,0.023538,0.917835,-216.388794,92.252197,83.957939
245,2.041667,-0.012339,0.396122,0.023505,0.917814,-216.388626,92.252960,83.959755
246,2.050000,-0.012391,0.396129,0.023601,0.917808,-216.388351,92.251717,83.960579
247,2.058333,-0.012479,0.396121,0.023612,0.917810,-216.387634,92.250313,83.961449
248,2.066667,-0.012410,0.396090,0.023605,0.917825,-216.387817,92.249481,83.961525
249,2.075000,-0.012446,0.396087,0.023639,0.917824,-216.388672,92.250473,83.961601
250,2.083333,-0.012445,0.396166,0.023789,0.917786,-216.388748,92.250282,83.962173
251,2.091667,-0.012382,0.396190,0.023858,0.917775,-216.389816,92.248993,83.962784
252,2.100000,-0.012404,0.396154,0.023962,0.917787,-216.389984,92.248413,83.961906
253,2.108333,-0.012465,0.396125,0.023958,0.917799,-216.390961,92.248154,83.961487
254,2.116667,-0.012519,0.396148,0.024040,0.917787,-216.391403,92.249390,83.960899
255,2.125000,-0.012467,0.396128,0.024060,0.917796,-216.391617,92.248199,83.959709
256,2.133333,-0.012446,0.396146,0.023920,0.917791,-216.392166,92.247856,83.960083
257,2.141667,-0.012522,0.396136,0.023859,0.917796,-216.392136,92.249138,83.959793
258,2.150000,-0.012355,0.396125,0.023895,0.917803,-216.390533,92.248367,83.960419
259,2.158333,-0.012347,0.396113,0.023886,0.917808,-216.390488,92.249870,83.959763
260,2.166667,-0.012481,0.396148,0.023802,0.917793,-216.390015,92.250290,83.959381
261,2.175000,-0.012419,0.396165,0.023835,0.917786,-216.389420,92.249596,83.959000
262,2.183333,-0.012388,0.396130,0.023826,0.917802,-216.389206,92.249603,83.960052
263,2.191667,-0.012414,0.396160,0.023720,0.917791,-216.389282,92.250732,83.960472
264,2.200000,-0.012435,0.396122,0.023621,0.917810,-216.389297,92.251572,83.961029
265,2.208333,-0.012479,0.396164,0.023717,0.917789,-216.389130,92.251495,83.961792
266,2.216667,-0.012398,0.396149,0.023676,0.917797,-216.388519,92.249992,83.962944
267,2.225000,-0.012473,0.396155,0.023675,0.917794,-216.389175,92.250580,83.962753
268,2.233333,-0.012450,0.396167,0.023639,0.917790,-216.389465,92.250481,83.962540
269,2.241667,-0.012362,0.396121,0.023578,0.917812,-216.389282,92.251595,83.961395
270,2.250000,-0.012298,0.396128,0.023565,0.917811,-216.389252,92.251816,83.961212
271,2.258333,-0.012390,0.396106,0.023499,0.917820,-216.389648,92.251434,83.960243
272,2.266667,-0.012531,0.396143,0.023396,0.917805,-216.389771,92.250107,83.960114
273,2.275000,-0.012666,0.396122,0.023471,0.917810,-216.389816,92.249557,83.959068
274,2.283333,-0.012656,0.396050,0.023563,0.917839,-216.389923,92.250336,83.958992
275,2.291667,-0.012589,0.396093,0.023624,0.917820,-216.389679,92.250511,83.958260
276,2.300000,-0.012490,0.396093,0.023675,0.917820,-216.389984,92.251328,83.958519
277,2.308333,-0.012375,0.396078,0.023555,0.917831,-216.389771,92.251877,83.958801
278,2.316667,-0.012485,0.396128,0.023675,0.917805,-216.389297,92.251976,83.959145
279,2.325000,-0.012585,0.396102,0.023621,0.917816,-216.389633,92.251976,83.959526
280,2.333333,-0.012539,0.396114,0.023564,0.917813,-216.388794,92.251526,83.959183
281,2.341667,-0.012508,0.396079,0.023602,0.917828,-216.388290,92.251472,83.960350
282,2.350000,-0.012507,0.396118,0.023609,0.917811,-216.387970,92.251312,83.961067
283,2.358333,-0.012555,0.396110,0.023470,0.917817,-216.388443,92.249969,83.961494
284,2.366667,-0.012649,0.396137,0.023457,0.917805,-216.388626,92.249908,83.961700
285,2.375000,-0.012658,0.396141,0.023524,0.917801,-216.388916,92.250008,83.960892
286,2.383333,-0.012639,0.396156,0.023570,0.917794,-216.388840,92.249199,83.962006
287,2.391667,-0.012662,0.396132,0.023643,0.917802,-216.389603,92.250381,83.961777
288,2.400000,-0.012565,0.396135,0.023740,0.917799,-216.389816,92.249763,83.962593
289,2.408333,-0.012433,0.396121,0.023683,0.917808,-216.390091,92.249649,83.962128
290,2.416667,-0.012309,0.396144,0.023755,0.917799,-216.390823,92.249390,83.960686
291,2.425000,-0.012265,0.396186,0.023736,0.917781,-216.390442,92.249825,83.961281
292,2.433333,-0.012323,0.396158,0.023783,0.917792,-216.391113,92.249237,83.960892
293,2.441667,-0.012281,0.396144,0.023986,0.917793,-216.390854,92.248611,83.961395
294,2.450000,-0.012218,0.396149,0.023911,0.917794,-216.391251,92.250275,83.961143
295,2.458333,-0.012256,0.396137,0.023938,0.917797,-216.391663,92.250740,83.960327
296,2.466667,-0.012408,0.396109,0.023923,0.917808,-216.391022,92.251289,83.960503
297,2.475000,-0.012458,0.396137,0.023980,0.917794,-216.389709,92.250565,83.960091
298,2.483333,-0.012451,0.396168,0.023882,0.917783,-216.389160,92.249916,83.960579
299,2.491667,-0.012437,0.396156,0.023724,0.917792,-216.388748,92.249908,83.961861
300,2.500000,-0.012423,0.396123,0.023708,0.917807,-216.387909,92.249641,83.962540
301,2.508333,-0.012428,0.396107,0.023686,0.917815,-216.387650,92.251099,83.962784
302,2.516667,-0.012450,0.396113,0.023721,0.917811,-216.387680,92.249527,83.962555
303,2.525000,-0.012562,0.396170,0.023653,0.917786,-216.387848,92.248886,83.963219
304,2.533333,-0.012488,0.396136,0.023645,0.917802,-216.388199,92.248085,83.963753
305,2.541667,-0.012469,0.396134,0.023716,0.917802,-216.388412,92.249344,83.964027
306,2.550000,-0.012463,0.396125,0.023778,0.917804,-216.388992,92.249886,83.962944
307,2.558333,-0.012438,0.396138,0.023784,0.917799,-216.388992,92.249931,83.962395
308,2.566667,-0.012439,0.396120,0.023831,0.917805,-216.389282,92.251221,83.961754
309,2.575000,-0.012344,0.396141,0.023895,0.917796,-216.388992,92.250305,83.961922
310,2.583333,-0.012362,0.396130,0.023830,0.917802,-216.389343,92.250420,83.961334
311,2.591667,-0.012311,0.396141,0.023782,0.917799,-216.388580,92.250862,83.961212
312,2.600000,-0.012290,0.396186,0.023835,0.917779,-216.388672,92.251328,83.961014
313,2.608333,-0.012421,0.396162,0.023725,0.917790,-216.388153,92.252106,83.960114
314,2.616667,-0.012446,0.396128,0.023705,0.917805,-216.386993,92.250824,83.960052
315,2.625000,-0.012535,0.396115,0.023651,0.917811,-216.386765,92.250671,83.960335
316,2.633333,-0.012462,0.396122,0.023597,0.917810,-216.385956,92.250809,83.960449
317,2.641667,-0.012410,0.396127,0.023694,0.917806,-216.385559,92.249718,83.960579
318,2.650000,-0.012422,0.396141,0.023655,0.917801,-216.385620,92.250084,83.960327
319,2.658333,-0.012495,0.396113,0.023663,0.917812,-216.386230,92.250618,83.960358
320,2.666667,-0.012448,0.396087,0.023716,0.917822,-216.386887,92.249504,83.961555
321,2.675000,-0.012423,0.396116,0.023770,0.917808,-216.387436,92.249413,83.961502
322,2.683333,-0.012482,0.396137,0.023776,0.917799,-216.388458,92.249863,83.961220
323,2.691667,-0.012537,0.396132,0.023766,0.917800,-216.389297,92.249207,83.960632
324,2.700000,-0.012475,0.396117,0.023745,0.917808,-216.390350,92.249489,83.959541
325,2.708333,-0.012496,0.396082,0.023703,0.917824,-216.390640,92.251053,83.959328
326,2.716667,-0.012585,0.396096,0.023594,0.917820,-216.389801,92.251190,83.958725
327,2.725000,-0.012535,0.396115,0.023619,0.917812,-216.389282,92.251137,83.958435
328,2.733333,-0.012440,0.396152,0.023609,0.917797,-216.388107,92.250320,83.958321
329,2.741667,-0.012297,0.396165,0.023567,0.917795,-216.387009,92.251259,83.958733
330,2.750000,-0.012166,0.396139,0.023392,0.917812,-216.385941,92.251762,83.960052
331,2.758333,-0.012159,0.396099,0.023439,0.917828,-216.385818,92.252556,83.959778
332,2.766667,-0.012198,0.396199,0.023535,0.917782,-216.383286,92.251823,83.957069
333,2.775000,-0.012326,0.396185,0.023326,0.917792,-216.381287,92.251381,83.957077
334,2.783333,-0.012289,0.396156,0.023227,0.917807,-216.377441,92.249641,83.960220
335,2.791667,-0.012372,0.396262,0.023025,0.917765,-216.374756,92.249557,83.965157
336,2.800000,-0.012235,0.396326,0.023177,0.917736,-216.372437,92.249001,83.968880
337,2.808333,-0.012102,0.396451,0.023122,0.917685,-216.370255,92.249718,83.977165
338,2.816667,-0.011860,0.396553,0.022938,0.917649,-216.368347,92.250008,83.985901
339,2.825000,-0.011442,0.396727,0.022865,0.917581,-216.366531,92.250114,83.998230
340,2.833333,-0.010971,0.396839,0.022878,0.917538,-216.365936,92.251678,84.010757
341,2.841667,-0.010442,0.396825,0.022748,0.917553,-216.365646,92.252441,84.027519
342,2.850000,-0.009667,0.396619,0.022140,0.917665,-216.363937,92.251213,84.047661
343,2.858333,-0.009378,0.396713,0.022630,0.917616,-216.361542,92.252716,84.067001
344,2.866667,-0.008642,0.396598,0.022199,0.917683,-216.360138,92.248222,84.095833
345,2.875000,-0.007585,0.396479,0.021793,0.917754,-216.354279,92.242470,84.126648
346,2.883333,-0.006565,0.396472,0.021501,0.917771,-216.349380,92.242241,84.157143
347,2.891667,-0.005505,0.396369,0.021160,0.917831,-216.339828,92.246872,84.190010
348,2.900000,-0.003686,0.396561,0.021409,0.917751,-216.319778,92.242416,84.228905
349,2.908333,-0.002093,0.396622,0.021405,0.917730,-216.300827,92.237923,84.261032
350,2.916667,-0.000997,0.396755,0.021061,0.917682,-216.281097,92.238060,84.282776
351,2.925000,-0.000310,0.396928,0.020474,0.917621,-216.260712,92.237473,84.295830
352,2.933333,-0.000139,0.396937,0.019892,0.917630,-216.243011,92.242165,84.305725
353,2.941667,0.000824,0.398164,0.023155,0.917022,-216.240982,92.216728,84.351181
354,2.950000,0.001527,0.398322,0.023699,0.916938,-216.237473,92.217613,84.368317
355,2.958333,0.002055,0.398208,0.024099,0.916976,-216.238861,92.221298,84.379280
356,2.966667,0.002212,0.398114,0.024275,0.917012,-216.241638,92.221527,84.386620
357,2.975000,0.002120,0.398066,0.024265,0.917034,-216.246368,92.223587,84.390762
358,2.983333,0.001864,0.397973,0.024090,0.917079,-216.250778,92.226715,84.391319
359,2.991667,0.001942,0.398071,0.024427,0.917027,-216.251633,92.225868,84.396675
360,3.000000,0.002029,0.397998,0.024557,0.917055,-216.252487,92.227226,84.403206
361,3.008333,0.002231,0.397881,0.024434,0.917109,-216.252396,92.229095,84.408501
362,3.016667,0.002340,0.397461,0.023896,0.917305,-216.254471,92.238197,84.417618
363,3.025000,0.002624,0.397209,0.024052,0.917409,-216.254639,92.242447,84.429657
364,3.033333,0.002954,0.397126,0.024138,0.917442,-216.254044,92.245483,84.443802
365,3.041667,0.003227,0.397186,0.024333,0.917410,-216.251831,92.245361,84.453743
366,3.050000,0.003058,0.397043,0.024442,0.917470,-216.253281,92.245781,84.462616
367,3.058333,0.002972,0.397055,0.024504,0.917463,-216.255356,92.245476,84.466324
368,3.066667,0.003013,0.397044,0.024532,0.917467,-216.257294,92.244553,84.464371
369,3.075000,0.002838,0.397010,0.024468,0.917484,-216.260437,92.242012,84.456558
370,3.083333,0.002480,0.397372,0.024376,0.917331,-216.263123,92.242432,84.440277
371,3.091667,0.002201,0.398134,0.024594,0.916995,-216.264984,92.237534,84.429794
372,3.100000,0.002219,0.397849,0.026518,0.917065,-216.258881,92.213127,84.388176
373,3.108333,0.001505,0.398091,0.026322,0.916967,-216.266159,92.208389,84.355148
374,3.116667,0.000102,0.397760,0.023929,0.917177,-216.283386,92.221931,84.312584
375,3.125000,-0.001460,0.397313,0.022474,0.917407,-216.296249,92.233376,84.271690
376,3.133333,-0.002682,0.397110,0.021508,0.917515,-216.304901,92.243210,84.253822
377,3.141667,-0.002845,0.397021,0.021070,0.917563,-216.310669,92.264244,84.265915
378,3.150000,-0.002359,0.396947,0.020744,0.917604,-216.309525,92.305183,84.290962
379,3.158333,-0.001445,0.396806,0.021333,0.917654,-216.304901,92.353424,84.313980
380,3.166667,-0.001102,0.396890,0.024506,0.917538,-216.322205,92.398743,84.343437
381,3.175000,-0.001570,0.396664,0.024696,0.917630,-216.304642,92.463593,84.344963
382,3.183333,-0.002067,0.396476,0.023596,0.917740,-216.291733,92.524017,84.346596
383,3.191667,-0.001966,0.396607,0.022800,0.917703,-216.290634,92.579453,84.355217
384,3.200000,-0.001584,0.396710,0.022804,0.917659,-216.292023,92.621841,84.372673
385,3.208333,-0.001434,0.396815,0.022797,0.917615,-216.293365,92.666153,84.392952
386,3.216667,-0.001385,0.396924,0.022510,0.917574,-216.293671,92.715477,84.408363
387,3.225000,-0.001508,0.397334,0.023205,0.917379,-216.307404,92.764488,84.432617
388,3.233333,-0.001983,0.397360,0.022792,0.917377,-216.296524,92.831161,84.439545
389,3.241667,-0.002503,0.397064,0.021927,0.917526,-216.285065,92.899307,84.440163
390,3.250000,-0.002720,0.396870,0.021669,0.917615,-216.273315,92.958755,84.440628
391,3.258333,-0.002964,0.396887,0.021824,0.917603,-216.264984,93.007950,84.444717
392,3.266667,-0.002494,0.396859,0.023208,0.917583,-216.260452,93.065475,84.445900
393,3.275000,-0.002224,0.396983,0.024020,0.917509,-216.259598,93.117653,84.450951
394,3.283333,-0.002927,0.397130,0.023851,0.917448,-216.262390,93.170181,84.454521
395,3.291667,-0.003870,0.397391,0.023260,0.917346,-216.263412,93.225746,84.454926
396,3.300000,-0.004540,0.397590,0.022332,0.917280,-216.261551,93.285240,84.458351
397,3.308333,-0.005004,0.397783,0.021508,0.917214,-216.260498,93.349052,84.463974
398,3.316667,-0.004913,0.398128,0.021343,0.917068,-216.259628,93.408356,84.465370
399,3.325000,-0.004462,0.398043,0.021551,0.917103,-216.260834,93.468437,84.462509
400,3.333333,-0.004279,0.397764,0.021674,0.917222,-216.260147,93.521683,84.464172
401,3.341667,-0.004428,0.397537,0.021538,0.917323,-216.260406,93.571983,84.471062
402,3.350000,-0.005114,0.398304,0.024121,0.916922,-216.252319,93.611473,84.485992
403,3.358333,-0.004959,0.398286,0.025104,0.916904,-216.242218,93.663063,84.489822
404,3.366667,-0.005813,0.397899,0.023790,0.917102,-216.246613,93.711990,84.491333
405,3.375000,-0.006478,0.397597,0.022031,0.917273,-216.248489,93.759460,84.493408
406,3.383333,-0.006614,0.397879,0.020739,0.917179,-216.245651,93.809311,84.495956
407,3.391667,-0.006805,0.398007,0.019769,0.917144,-216.240112,93.860069,84.497467
408,3.400000,-0.006961,0.398059,0.018815,0.917140,-216.235352,93.917809,84.496338
409,3.408333,-0.007259,0.397958,0.018065,0.917197,-216.233490,93.979057,84.493416
410,3.416667,-0.007387,0.397696,0.019411,0.917282,-216.251236,94.032043,84.503105
411,3.425000,-0.007395,0.397604,0.019869,0.917312,-216.236282,94.095596,84.497772
412,3.433333,-0.008451,0.397788,0.020682,0.917205,-216.226105,94.164154,84.490234
413,3.441667,-0.009490,0.398052,0.020631,0.917082,-216.216064,94.224113,84.479439
414,3.450000,-0.010259,0.398323,0.020121,0.916967,-216.213150,94.273453,84.473022
415,3.458333,-0.010791,0.398397,0.019741,0.916937,-216.214676,94.319199,84.471710
416,3.466667,-0.011201,0.398426,0.019089,0.916934,-216.219589,94.366142,84.468956
417,3.475000,-0.011458,0.398423,0.018592,0.916942,-216.226379,94.414536,84.463684
418,3.483333,-0.012124,0.398483,0.018246,0.916914,-216.229706,94.467171,84.460541
419,3.491667,-0.012680,0.398426,0.018239,0.916931,-216.228897,94.520493,84.457527
420,3.500000,-0.013200,0.398496,0.018275,0.916893,-216.226700,94.568756,84.457329
421,3.508333,-0.013820,0.398351,0.018269,0.916947,-216.221619,94.612381,84.454712
422,3.516667,-0.015049,0.398414,0.019057,0.916884,-216.215332,94.660927,84.448853
423,3.525000,-0.015663,0.398590,0.019301,0.916792,-216.208984,94.706711,84.444084
424,3.533333,-0.015883,0.399269,0.020551,0.916466,-216.198593,94.736168,84.446350
425,3.541667,-0.016108,0.399462,0.020310,0.916383,-216.192764,94.773453,84.443596
426,3.550000,-0.016185,0.398939,0.018422,0.916650,-216.197372,94.819885,84.435326
427,3.558333,-0.016151,0.398642,0.017227,0.916803,-216.197937,94.861382,84.425499
428,3.566667,-0.015921,0.398734,0.016473,0.916780,-216.194672,94.904694,84.421867
429,3.575000,-0.016124,0.398865,0.016311,0.916723,-216.190552,94.947411,84.416061
430,3.583333,-0.016691,0.398876,0.016305,0.916708,-216.187576,94.989433,84.410240
431,3.591667,-0.017006,0.399918,0.018658,0.916203,-216.173370,95.010086,84.422897
432,3.600000,-0.017875,0.399351,0.016954,0.916467,-216.175751,95.059929,84.410057
433,3.608333,-0.018858,0.398907,0.015282,0.916670,-216.176727,95.105568,84.395439
434,3.616667,-0.019741,0.398812,0.014021,0.916713,-216.172714,95.147148,84.385391
435,3.625000,-0.020615,0.398598,0.012949,0.916803,-216.170166,95.187714,84.376297
436,3.633333,-0.021827,0.398756,0.013594,0.916696,-216.169601,95.223083,84.367012
437,3.641667,-0.022252,0.399038,0.014126,0.916556,-216.168503,95.246452,84.365601
438,3.650000,-0.022147,0.399297,0.014482,0.916440,-216.167038,95.264618,84.369545
439,3.658333,-0.022051,0.399473,0.014854,0.916359,-216.166473,95.280785,84.373894
440,3.666667,-0.022040,0.399617,0.015296,0.916289,-216.165680,95.292854,84.376892
441,3.675000,-0.022118,0.399657,0.015551,0.916266,-216.164642,95.307785,84.382492
442,3.683333,-0.022084,0.399653,0.015899,0.916262,-216.161758,95.321671,84.389130
443,3.691667,-0.021912,0.399837,0.017307,0.916161,-216.173462,95.331802,84.404182
444,3.700000,-0.022006,0.399815,0.017287,0.916169,-216.158600,95.359718,84.398422
445,3.708333,-0.022298,0.399729,0.016889,0.916207,-216.147614,95.390350,84.392235
446,3.716667,-0.022572,0.399631,0.016402,0.916252,-216.140274,95.424835,84.386093
447,3.725000,-0.023120,0.399515,0.015713,0.916300,-216.136627,95.457397,84.378967
448,3.733333,-0.023370,0.399442,0.015186,0.916335,-216.138672,95.489746,84.373566
449,3.741667,-0.023030,0.399353,0.014920,0.916386,-216.139175,95.517159,84.371193
450,3.750000,-0.022596,0.399430,0.015038,0.916362,-216.138458,95.535530,84.371101
451,3.758333,-0.022010,0.399574,0.015136,0.916312,-216.138458,95.553192,84.372719
452,3.766667,-0.021622,0.399689,0.015203,0.916270,-216.138672,95.568672,84.375252
453,3.775000,-0.021353,0.399846,0.015451,0.916203,-216.138885,95.585442,84.378502
454,3.783333,-0.021003,0.399957,0.015521,0.916162,-216.138550,95.605797,84.382660
455,3.791667,-0.020694,0.400213,0.015676,0.916054,-216.135223,95.626320,84.380447
456,3.800000,-0.020787,0.400475,0.015358,0.915943,-216.128616,95.649940,84.379471
457,3.808333,-0.021162,0.400589,0.014788,0.915894,-216.123718,95.678978,84.376190
458,3.816667,-0.021491,0.400676,0.014338,0.915855,-216.122299,95.706329,84.374474
459,3.825000,-0.022474,0.400897,0.015385,0.915718,-216.122940,95.738640,84.370041
460,3.833333,-0.022747,0.401057,0.016358,0.915625,-216.136719,95.754517,84.378395
461,3.841667,-0.022804,0.401833,0.016347,0.915283,-216.135223,95.769028,84.393547
462,3.850000,-0.022530,0.401219,0.018285,0.915523,-216.120438,95.766281,84.375443
463,3.858333,-0.023142,0.401319,0.018012,0.915469,-216.117279,95.786552,84.372978
464,3.866667,-0.023666,0.401372,0.017499,0.915442,-216.115280,95.807320,84.370552
465,3.875000,-0.023967,0.401381,0.017300,0.915434,-216.113358,95.826248,84.369148
466,3.883333,-0.024315,0.401409,0.017006,0.915418,-216.112045,95.847961,84.365128
467,3.891667,-0.024681,0.401406,0.016817,0.915413,-216.112259,95.868332,84.361633
468,3.900000,-0.025081,0.400972,0.015173,0.915621,-216.116425,95.895988,84.356705
469,3.908333,-0.024685,0.401384,0.016462,0.915429,-216.098999,95.897751,84.360313
470,3.916667,-0.024824,0.401088,0.014767,0.915584,-216.090744,95.928230,84.356255
471,3.925000,-0.025012,0.400720,0.013715,0.915756,-216.076843,95.964722,84.346275
472,3.933333,-0.025184,0.400489,0.013059,0.915862,-216.057343,96.009369,84.334831
473,3.941667,-0.026025,0.400608,0.012904,0.915789,-216.032455,96.070221,84.320625
474,3.950000,-0.027515,0.401127,0.012685,0.915521,-216.006897,96.137825,84.308014
475,3.958333,-0.028739,0.401669,0.012449,0.915249,-215.979904,96.206718,84.295448
476,3.966667,-0.030255,0.402996,0.014501,0.914587,-215.951279,96.267105,84.291496
477,3.975000,-0.031500,0.402842,0.012824,0.914637,-215.943222,96.341972,84.275337
478,3.983333,-0.032480,0.402280,0.010565,0.914879,-215.943695,96.408089,84.254372
479,3.991667,-0.032749,0.401970,0.009420,0.915018,-215.947464,96.453651,84.241280
480,4.000000,-0.032578,0.401982,0.009133,0.915022,-215.955399,96.483704,84.238701
481,4.008333,-0.032231,0.402072,0.009355,0.914993,-215.963226,96.510872,84.235298
482,4.016667,-0.032047,0.402212,0.009786,0.914933,-215.967896,96.535210,84.229706
483,4.025000,-0.032207,0.402370,0.009987,0.914856,-215.970398,96.557373,84.225800
484,4.033333,-0.032308,0.402539,0.010256,0.914775,-215.972443,96.581985,84.220139
485,4.041667,-0.032470,0.402598,0.010268,0.914743,-215.974457,96.599487,84.215477
486,4.050000,-0.032641,0.402690,0.010124,0.914698,-215.977600,96.613380,84.211769
487,4.058333,-0.032870,0.402648,0.009968,0.914710,-215.982239,96.625504,84.208588
488,4.066667,-0.033126,0.402520,0.009744,0.914760,-215.986465,96.635666,84.206146
489,4.075000,-0.033438,0.402538,0.009734,0.914741,-215.988922,96.643875,84.204086
490,4.083333,-0.033636,0.402604,0.009773,0.914704,-215.989044,96.649193,84.203445
491,4.091667,-0.033747,0.402671,0.009781,0.914670,-215.987579,96.653870,84.202911
492,4.100000,-0.033728,0.402682,0.009892,0.914665,-215.985626,96.653381,84.202942
493,4.108333,-0.033614,0.402587,0.009821,0.914712,-215.983871,96.648201,84.206245
494,4.116667,-0.033281,0.402573,0.009745,0.914731,-215.981323,96.643433,84.212723
495,4.125000,-0.033128,0.402566,0.009867,0.914738,-215.979675,96.640259,84.214577
496,4.133333,-0.033263,0.402658,0.010008,0.914691,-215.977814,96.640221,84.213577
497,4.141667,-0.033519,0.402650,0.010102,0.914684,-215.976959,96.644073,84.211769
498,4.150000,-0.033766,0.402699,0.010013,0.914655,-215.976715,96.650009,84.210167
499,4.158333,-0.033861,0.402691,0.010015,0.914655,-215.974930,96.651169,84.207657
500,4.166667,-0.033794,0.402640,0.009894,0.914681,-215.974075,96.647011,84.207275
501,4.175000,-0.033566,0.402681,0.009654,0.914674,-215.975601,96.642349,84.208855
502,4.183333,-0.033358,0.402702,0.009716,0.914672,-215.978027,96.639458,84.208099
503,4.191667,-0.033275,0.402652,0.009800,0.914696,-215.980881,96.640411,84.206848
504,4.200000,-0.033389,0.402663,0.009802,0.914687,-215.984558,96.644226,84.204750
505,4.208333,-0.033567,0.402647,0.009773,0.914687,-215.985779,96.648422,84.201988
506,4.216667,-0.033524,0.402652,0.009825,0.914686,-215.986176,96.648010,84.200874
507,4.225000,-0.033606,0.402543,0.009774,0.914732,-215.986465,96.646751,84.202209
508,4.233333,-0.033510,0.402643,0.009739,0.914692,-215.985458,96.643051,84.204582
509,4.241667,-0.033495,0.402638,0.009853,0.914693,-215.984772,96.641174,84.206551
510,4.250000,-0.033383,0.402653,0.009889,0.914690,-215.984512,96.642677,84.207993
511,4.258333,-0.033415,0.402658,0.009993,0.914686,-215.983994,96.645447,84.208122
512,4.266667,-0.033479,0.402667,0.010054,0.914679,-215.982193,96.647789,84.207413
513,4.275000,-0.033689,0.402646,0.009987,0.914681,-215.980057,96.648216,84.209373
514,4.283333,-0.033615,0.402665,0.009958,0.914676,-215.977661,96.644859,84.211006
515,4.291667,-0.033399,0.402705,0.009848,0.914667,-215.975861,96.643776,84.212669
516,4.300000,-0.033250,0.402669,0.009837,0.914689,-215.974808,96.644501,84.213600
517,4.308333,-0.033264,0.402686,0.009990,0.914679,-215.975372,96.643288,84.211205
518,4.316667,-0.033423,0.402732,0.010017,0.914653,-215.977127,96.644409,84.208946
519,4.325000,-0.033588,0.402654,0.010002,0.914681,-215.978577,96.645775,84.207291
520,4.333333,-0.033665,0.402656,0.009890,0.914679,-215.980026,96.647530,84.205658
521,4.341667,-0.033398,0.402698,0.009794,0.914671,-215.980576,96.645943,84.204369
522,4.350000,-0.033220,0.402686,0.009758,0.914683,-215.982147,96.643127,84.203964
523,4.358333,-0.033350,0.402653,0.009761,0.914693,-215.983887,96.642509,84.203949
524,4.366667,-0.033541,0.402617,0.009891,0.914700,-215.985703,96.643997,84.202858
525,4.375000,-0.033668,0.402600,0.009920,0.914703,-215.986984,96.646194,84.201881
526,4.383333,-0.033558,0.402618,0.009898,0.914699,-215.986343,96.647697,84.201828
527,4.391667,-0.033465,0.402632,0.009767,0.914698,-215.985779,96.647331,84.204033
528,4.400000,-0.033474,0.402646,0.009722,0.914692,-215.983170,96.644630,84.205452
529,4.408333,-0.033430,0.402691,0.009733,0.914674,-215.981125,96.644386,84.207520
530,4.416667,-0.033334,0.402656,0.009908,0.914691,-215.979736,96.643745,84.210243
531,4.425000,-0.033473,0.402678,0.010074,0.914674,-215.979980,96.644638,84.210274
532,4.433333,-0.033477,0.402662,0.010069,0.914681,-215.979797,96.646523,84.211456
533,4.441667,-0.033626,0.402669,0.009967,0.914673,-215.979584,96.647606,84.211128
534,4.450000,-0.033589,0.402680,0.009942,0.914671,-215.978378,96.644966,84.210129
535,4.458333,-0.033540,0.402699,0.009801,0.914665,-215.977951,96.643059,84.210793
536,4.466667,-0.033379,0.402693,0.009846,0.914673,-215.978699,96.644363,84.210457
537,4.475000,-0.033207,0.402644,0.009964,0.914700,-215.979645,96.644089,84.209915
538,4.483333,-0.033364,0.402654,0.009945,0.914690,-215.980576,96.644936,84.207954
539,4.491667,-0.033471,0.402708,0.009955,0.914662,-215.981430,96.644623,84.205887
540,4.500000,-0.033436,0.402668,0.009974,0.914681,-215.981888,96.644447,84.204491
541,4.508333,-0.033519,0.402634,0.009920,0.914694,-215.981979,96.645065,84.204430
542,4.516667,-0.033575,0.402576,0.009830,0.914718,-215.982147,96.644875,84.204338
543,4.525000,-0.033439,0.402592,0.009803,0.914716,-215.982529,96.644585,84.204651
544,4.533333,-0.033325,0.402687,0.009793,0.914679,-215.982635,96.646896,84.205643
545,4.541667,-0.033328,0.402649,0.009947,0.914693,-215.982391,96.648064,84.207626
546,4.550000,-0.033463,0.402641,0.009978,0.914692,-215.981720,96.647774,84.208183
547,4.558333,-0.033448,0.402626,0.009935,0.914699,-215.980881,96.646988,84.209763
548,4.566667,-0.033345,0.402660,0.009925,0.914688,-215.978821,96.646111,84.212326
549,4.575000,-0.033306,0.402689,0.009966,0.914676,-215.977478,96.643730,84.213524
550,4.583333,-0.033269,0.402747,0.009968,0.914652,-215.977295,96.644882,84.215424
551,4.591667,-0.033232,0.402653,0.010088,0.914694,-215.977509,96.645622,84.215050
552,4.600000,-0.033470,0.402631,0.009953,0.914696,-215.977219,96.647308,84.212318
553,4.608333,-0.033402,0.402630,0.009965,0.914699,-215.977386,96.644997,84.211678
554,4.616667,-0.033284,0.402669,0.009956,0.914686,-215.978058,96.645554,84.211311
555,4.625000,-0.033340,0.402654,0.009898,0.914692,-215.977905,96.643852,84.210098
556,4.633333,-0.033464,0.402657,0.009847,0.914686,-215.978378,96.645180,84.207237
557,4.641667,-0.033551,0.402694,0.009843,0.914667,-215.978867,96.645645,84.206154
558,4.650000,-0.033531,0.402684,0.009888,0.914671,-215.979767,96.646965,84.205177
559,4.658333,-0.033446,0.402664,0.009892,0.914683,-215.979980,96.647446,84.203407
560,4.666667,-0.033403,0.402620,0.009774,0.914706,-215.980148,96.647858,84.203117
561,4.675000,-0.033344,0.402683,0.009756,0.914680,-215.979553,96.646492,84.203102
562,4.683333,-0.033384,0.402600,0.009740,0.914715,-215.978912,96.646133,84.204315
563,4.691667,-0.033473,0.402601,0.009860,0.914710,-215.978668,96.646950,84.205360
564,4.700000,-0.033588,0.402625,0.009904,0.914695,-215.977448,96.647659,84.206177
565,4.708333,-0.033599,0.402687,0.009944,0.914667,-215.976898,96.647987,84.208038
566,4.716667,-0.033549,0.402709,0.009905,0.914659,-215.976212,96.647385,84.208870
567,4.725000,-0.033512,0.402644,0.009874,0.914690,-215.975906,96.646851,84.211723
568,4.733333,-0.033377,0.402614,0.009870,0.914708,-215.975601,96.645073,84.212753
569,4.741667,-0.033386,0.402653,0.009818,0.914691,-215.975433,96.644707,84.211525
570,4.750000,-0.033337,0.402692,0.009779,0.914676,-215.975327,96.647507,84.212265
571,4.758333,-0.033397,0.402682,0.009932,0.914677,-215.975571,96.648819,84.211990
572,4.766667,-0.033582,0.402677,0.009974,0.914672,-215.976547,96.650223,84.211174
573,4.775000,-0.033816,0.402706,0.009949,0.914651,-215.977341,96.653137,84.211456
574,4.783333,-0.034080,0.402724,0.009814,0.914634,-215.978531,96.659103,84.212372
575,4.791667,-0.034340,0.402725,0.009723,0.914625,-215.978790,96.667213,84.212151
576,4.800000,-0.034548,0.402710,0.009759,0.914624,-215.978882,96.675911,84.213821
577,4.808333,-0.034565,0.402674,0.009757,0.914639,-215.978668,96.682144,84.217430
578,4.816667,-0.034666,0.402649,0.009814,0.914645,-215.977859,96.687126,84.224098
579,4.825000,-0.035031,0.402671,0.009780,0.914622,-215.976242,96.691971,84.233490
580,4.833333,-0.035397,0.402668,0.009782,0.914609,-215.973251,96.696938,84.243195
581,4.841667,-0.035736,0.402566,0.009845,0.914640,-215.967590,96.701035,84.257881
582,4.850000,-0.036167,0.402570,0.009664,0.914623,-215.964035,96.709839,84.270866
583,4.858333,-0.036625,0.402578,0.009482,0.914604,-215.960770,96.720039,84.286186
584,4.866667,-0.036889,0.402535,0.009347,0.914613,-215.957397,96.729156,84.303864
585,4.875000,-0.037050,0.402463,0.009156,0.914640,-215.951080,96.736725,84.321182
586,4.883333,-0.037262,0.402383,0.008833,0.914670,-215.944916,96.739426,84.337860
587,4.891667,-0.037590,0.402315,0.008349,0.914691,-215.938232,96.741379,84.356049
588,4.900000,-0.037719,0.402210,0.007893,0.914736,-215.929230,96.743385,84.374619
589,4.908333,-0.038005,0.402069,0.007301,0.914791,-215.920639,96.745834,84.392815
590,4.916667,-0.038674,0.401885,0.006518,0.914850,-215.913300,96.752823,84.410263
591,4.925000,-0.038232,0.402672,0.008784,0.914504,-215.897949,96.730591,84.445145
592,4.933333,-0.037198,0.403113,0.010232,0.914337,-215.877411,96.701225,84.479782
593,4.941667,-0.036164,0.403681,0.011588,0.914111,-215.854828,96.668381,84.521950
594,4.950000,-0.034807,0.404286,0.013516,0.913870,-215.818329,96.624908,84.577766
595,4.958333,-0.034520,0.403953,0.012625,0.914041,-215.789383,96.603477,84.627678
596,4.966667,-0.035001,0.404067,0.012383,0.913975,-215.757172,96.574020,84.670403
597,4.975000,-0.035195,0.404752,0.011965,0.913671,-215.720795,96.542160,84.707794
598,4.983333,-0.034877,0.405078,0.011089,0.913549,-215.675873,96.498657,84.755394
599,4.991667,-0.033737,0.405058,0.010123,0.913612,-215.623505,96.449829,84.810242
600,5.000000,-0.032216,0.406057,0.010487,0.913220,-215.571457,96.387466,84.877464
601,5.008333,-0.031344,0.406632,0.011032,0.912988,-215.532211,96.326675,84.945267
602,5.016667,-0.030297,0.407040,0.012085,0.912828,-215.488464,96.263657,85.016212
603,5.025000,-0.029218,0.407257,0.012484,0.912761,-215.449265,96.204788,85.078362
604,5.033333,-0.028074,0.408190,0.012137,0.912384,-215.409714,96.120544,85.159309
605,5.041667,-0.026317,0.408485,0.012107,0.912305,-215.360428,96.038147,85.243240
606,5.050000,-0.025663,0.408877,0.012536,0.912142,-215.322906,95.975990,85.314079
607,5.058333,-0.025660,0.409284,0.013170,0.911951,-215.288162,95.927490,85.372581
608,5.066667,-0.024957,0.411334,0.017338,0.910978,-215.228485,95.842072,85.462753
609,5.075000,-0.023902,0.410562,0.014928,0.911397,-215.188553,95.798721,85.527435
610,5.083333,-0.022950,0.411058,0.013421,0.911221,-215.149872,95.763512,85.586029
611,5.091667,-0.022957,0.411159,0.012137,0.911194,-215.112167,95.740944,85.642334
612,5.100000,-0.023886,0.411458,0.011707,0.911041,-215.072891,95.720444,85.697945
613,5.108333,-0.023822,0.414034,0.015682,0.909815,-215.014893,95.670624,85.788742
614,5.116667,-0.023702,0.414084,0.015006,0.909806,-214.980453,95.662804,85.842979
615,5.125000,-0.023648,0.413735,0.015064,0.909965,-214.936203,95.652634,85.899612
616,5.133333,-0.024114,0.413994,0.015293,0.909832,-214.891815,95.647575,85.960724
617,5.141667,-0.025032,0.414620,0.015018,0.909527,-214.854523,95.652679,86.018082
618,5.150000,-0.025689,0.414998,0.015062,0.909335,-214.807556,95.661560,86.072731
619,5.158333,-0.026207,0.416437,0.017023,0.908627,-214.742584,95.661400,86.157639
620,5.166667,-0.026052,0.416485,0.015323,0.908640,-214.693695,95.678780,86.231705
621,5.175000,-0.025630,0.417022,0.014346,0.908422,-214.648788,95.701668,86.293068
622,5.183333,-0.026332,0.417329,0.013531,0.908273,-214.594910,95.731720,86.351868
623,5.191667,-0.028656,0.417283,0.013218,0.908228,-214.542969,95.777962,86.415062
624,5.200000,-0.030471,0.417364,0.013296,0.908131,-214.501236,95.811783,86.475822
625,5.208333,-0.031967,0.417987,0.012656,0.907802,-214.435059,95.847961,86.523140
626,5.216667,-0.033332,0.419759,0.013479,0.906923,-214.374298,95.873131,86.585976
627,5.225000,-0.034649,0.420675,0.014606,0.906432,-214.320587,95.909515,86.653664
628,5.233333,-0.035980,0.420895,0.013402,0.906297,-214.276855,95.971901,86.723885
629,5.241667,-0.037198,0.421481,0.012597,0.905986,-214.227982,96.033203,86.784050
630,5.250000,-0.038620,0.422110,0.012042,0.905642,-214.181381,96.088753,86.832642
631,5.258333,-0.040042,0.422861,0.011043,0.905242,-214.127945,96.145355,86.878349
632,5.266667,-0.041704,0.423189,0.009713,0.905029,-214.075226,96.197769,86.923958
633,5.275000,-0.042835,0.423503,0.008823,0.904839,-214.021759,96.242439,86.975555
634,5.283333,-0.043151,0.425001,0.010482,0.904103,-213.956070,96.257767,87.044991
635,5.291667,-0.044595,0.425563,0.010804,0.903765,-213.897736,96.283844,87.096962
636,5.300000,-0.045332,0.426013,0.009847,0.903527,-213.846771,96.315994,87.151543
637,5.308333,-0.046473,0.426191,0.008856,0.903395,-213.800125,96.351456,87.207016
638,5.316667,-0.047795,0.426617,0.008593,0.903128,-213.743011,96.382164,87.258408
639,5.325000,-0.049609,0.427173,0.007719,0.902775,-213.682968,96.410789,87.300423
640,5.333333,-0.051344,0.427450,0.006464,0.902557,-213.624603,96.433136,87.336296
641,5.341667,-0.052508,0.427770,0.005215,0.902346,-213.566879,96.459694,87.375443
642,5.350000,-0.051862,0.429598,0.007705,0.901497,-213.501602,96.455833,87.440155
643,5.358333,-0.052199,0.430522,0.008904,0.901026,-213.439362,96.457817,87.497826
644,5.366667,-0.052685,0.430474,0.008460,0.901024,-213.389175,96.462349,87.539055
645,5.375000,-0.052756,0.430704,0.007382,0.900920,-213.338989,96.455544,87.579643
646,5.383333,-0.052185,0.431511,0.006269,0.900575,-213.283188,96.445274,87.620659
647,5.391667,-0.051969,0.431605,0.005406,0.900549,-213.225311,96.443550,87.663589
648,5.400000,-0.051534,0.433196,0.007321,0.899796,-213.156937,96.422508,87.722496
649,5.408333,-0.051419,0.433892,0.007273,0.899467,-213.102417,96.411461,87.765831
650,5.416667,-0.051075,0.434545,0.007894,0.899166,-213.053925,96.391876,87.811783
651,5.425000,-0.051164,0.434426,0.007297,0.899223,-213.006622,96.379478,87.853035
652,5.433333,-0.051682,0.434575,0.007035,0.899124,-212.953568,96.359749,87.895111
653,5.441667,-0.052454,0.435226,0.006788,0.898766,-212.896866,96.338234,87.930305
654,5.450000,-0.052079,0.437255,0.008999,0.897783,-212.833282,96.300781,87.978973
655,5.458333,-0.051654,0.437238,0.009032,0.897816,-212.777237,96.279839,88.019295
656,5.466667,-0.050142,0.436673,0.008510,0.898182,-212.722809,96.245934,88.067657
657,5.475000,-0.048988,0.436817,0.008080,0.898179,-212.662094,96.212372,88.110992
658,5.483333,-0.049225,0.437659,0.007761,0.897759,-212.608688,96.177017,88.146217
659,5.491667,-0.049782,0.439128,0.008664,0.897003,-212.539749,96.133827,88.189301
660,5.500000,-0.050321,0.439812,0.008968,0.896634,-212.471054,96.100327,88.225380
661,5.508333,-0.050608,0.440040,0.009006,0.896506,-212.411743,96.078995,88.256546
662,5.516667,-0.049818,0.440766,0.009123,0.896192,-212.354034,96.064552,88.295975
663,5.525000,-0.049755,0.441551,0.009014,0.895810,-212.289383,96.047920,88.331741
664,5.533333,-0.049777,0.441567,0.008624,0.895805,-212.223511,96.035728,88.362068
665,5.541667,-0.049228,0.442463,0.009450,0.895385,-212.156342,96.006279,88.406738
666,5.550000,-0.048579,0.443503,0.010335,0.894896,-212.098816,95.977318,88.448402
667,5.558333,-0.048173,0.443981,0.010295,0.894681,-212.045334,95.954773,88.484810
668,5.566667,-0.047410,0.444081,0.009583,0.894680,-211.982346,95.936829,88.527046
669,5.575000,-0.047599,0.444653,0.008951,0.894392,-211.919052,95.914238,88.575874
670,5.583333,-0.047628,0.445318,0.008214,0.894067,-211.861893,95.898621,88.615021
671,5.591667,-0.048136,0.446727,0.009257,0.893327,-211.795761,95.877983,88.659981
672,5.600000,-0.048872,0.447228,0.010080,0.893027,-211.728912,95.862267,88.692871
673,5.608333,-0.049510,0.448086,0.010953,0.892551,-211.663406,95.846870,88.721176
674,5.616667,-0.049297,0.448583,0.011008,0.892312,-211.604218,95.829926,88.758430
675,5.625000,-0.049119,0.448982,0.010930,0.892123,-211.544373,95.812935,88.795189
676,5.633333,-0.048442,0.449170,0.009294,0.892084,-211.476105,95.800529,88.833076
677,5.641667,-0.047412,0.450350,0.009976,0.891537,-211.404327,95.776833,88.873383
678,5.650000,-0.046957,0.450979,0.009748,0.891245,-211.342285,95.757881,88.901779
679,5.658333,-0.046840,0.451590,0.010177,0.890937,-211.281296,95.738014,88.934013
680,5.666667,-0.047663,0.452434,0.009612,0.890471,-211.218994,95.722305,88.982567
681,5.675000,-0.048390,0.452789,0.009634,0.890251,-211.158508,95.708847,89.019791
682,5.683333,-0.048671,0.453197,0.009530,0.890030,-211.095169,95.700554,89.047943
683,5.691667,-0.048686,0.454792,0.011124,0.889197,-211.012146,95.680786,89.089523
684,5.700000,-0.048636,0.455568,0.010936,0.888804,-210.942535,95.671638,89.117683
685,5.708333,-0.048468,0.455894,0.011139,0.888644,-210.876602,95.654381,89.151100
686,5.716667,-0.049361,0.455809,0.010932,0.888641,-210.818512,95.644577,89.177162
687,5.725000,-0.050624,0.456058,0.010172,0.888451,-210.757324,95.641090,89.199142
688,5.733333,-0.049046,0.457673,0.012051,0.887685,-210.675842,95.607552,89.251396
689,5.741667,-0.047040,0.458283,0.012335,0.887475,-210.602493,95.577286,89.304665
690,5.750000,-0.045733,0.458666,0.012401,0.887344,-210.530518,95.552536,89.344780
691,5.758333,-0.045396,0.459001,0.012430,0.887188,-210.458664,95.544258,89.377144
692,5.766667,-0.046975,0.459468,0.011220,0.886881,-210.395523,95.539734,89.408813
693,5.775000,-0.047546,0.460430,0.011796,0.886343,-210.338760,95.516441,89.447800
694,5.783333,-0.046498,0.462063,0.013845,0.885519,-210.251312,95.475975,89.490486
695,5.791667,-0.046537,0.462338,0.013752,0.885375,-210.176010,95.466080,89.527458
696,5.800000,-0.046501,0.463189,0.014376,0.884922,-210.109634,95.455742,89.560295
697,5.808333,-0.046812,0.463847,0.014301,0.884562,-210.043503,95.446259,89.582672
698,5.816667,-0.047662,0.464371,0.013167,0.884259,-209.981628,95.450661,89.601242
699,5.825000,-0.048148,0.464940,0.012705,0.883941,-209.904984,95.447792,89.629372
700,5.833333,-0.046650,0.466024,0.014007,0.883430,-209.817627,95.411644,89.679672
701,5.841667,-0.045161,0.466751,0.014295,0.883120,-209.742264,95.384445,89.710388
702,5.850000,-0.044827,0.467500,0.014665,0.882734,-209.683151,95.364716,89.733795
703,5.858333,-0.044738,0.467980,0.015039,0.882478,-209.616501,95.349380,89.768501
704,5.866667,-0.045841,0.467799,0.013479,0.882542,-209.562897,95.342239,89.812721
705,5.875000,-0.046191,0.468569,0.012713,0.882127,-209.484192,95.323410,89.836815
706,5.883333,-0.045342,0.470896,0.014512,0.880903,-209.398148,95.284531,89.875275
707,5.891667,-0.045821,0.471464,0.014016,0.880583,-209.330750,95.272400,89.904655
708,5.900000,-0.046617,0.471516,0.014146,0.880511,-209.259064,95.264893,89.932671
709,5.908333,-0.047188,0.472230,0.015149,0.880081,-209.185745,95.252838,89.965218
710,5.916667,-0.047761,0.472489,0.014528,0.879922,-209.119553,95.253448,89.988335
711,5.925000,-0.047889,0.472822,0.013972,0.879745,-209.053162,95.248421,90.009491
712,5.933333,-0.047022,0.473810,0.015250,0.879239,-208.970062,95.216988,90.043663
713,5.941667,-0.047124,0.474308,0.014839,0.878972,-208.888321,95.198669,90.075043
714,5.950000,-0.047163,0.474741,0.013760,0.878753,-208.824326,95.184158,90.094994
715,5.958333,-0.047367,0.475605,0.013065,0.878285,-208.758453,95.173164,90.115585
716,5.966667,-0.048055,0.476203,0.012803,0.877928,-208.679626,95.168060,90.144653
717,5.975000,-0.047399,0.476973,0.013604,0.877533,-208.602219,95.148399,90.179703
718,5.983333,-0.046781,0.477564,0.014548,0.877230,-208.528305,95.132759,90.216682
719,5.991667,-0.046089,0.478785,0.015870,0.876578,-208.453949,95.109848,90.250542
720,6.000000,-0.045767,0.479845,0.016579,0.876002,-208.382416,95.087051,90.274231
721,6.008333,-0.046119,0.480445,0.016787,0.875651,-208.311844,95.069031,90.294106
722,6.016667,-0.046502,0.480983,0.017245,0.875326,-208.232971,95.053764,90.321037
723,6.025000,-0.046947,0.481626,0.017269,0.874948,-208.151489,95.046082,90.351448
724,6.033333,-0.047436,0.482222,0.016290,0.874612,-208.077103,95.042786,90.374016
725,6.041667,-0.047282,0.482589,0.014575,0.874448,-208.001465,95.036316,90.401367
726,6.050000,-0.046699,0.483471,0.014153,0.873999,-207.925842,95.020844,90.426636
727,6.058333,-0.046634,0.483902,0.014342,0.873761,-207.852264,95.004890,90.454689
728,6.066667,-0.046960,0.484180,0.014609,0.873585,-207.779510,94.989220,90.478966
729,6.075000,-0.045147,0.485783,0.016597,0.872755,-207.692337,94.949310,90.525024
730,6.083333,-0.046207,0.486234,0.016138,0.872457,-207.628601,94.946381,90.543007
731,6.091667,-0.047256,0.486374,0.015165,0.872340,-207.565430,94.950012,90.551247
732,6.100000,-0.047980,0.486424,0.014423,0.872285,-207.495468,94.952629,90.566658
733,6.108333,-0.047755,0.487266,0.015093,0.871816,-207.418365,94.941406,90.600243
734,6.116667,-0.047869,0.488027,0.015416,0.871379,-207.351807,94.933960,90.626259
735,6.125000,-0.045177,0.490115,0.018282,0.870294,-207.261841,94.890884,90.666260
736,6.133333,-0.046259,0.490375,0.018029,0.870096,-207.192474,94.889328,90.676033
737,6.141667,-0.046845,0.490147,0.016195,0.870230,-207.116745,94.883888,90.685295
738,6.150000,-0.046949,0.490488,0.014671,0.870059,-207.042694,94.879547,90.695602
739,6.158333,-0.046842,0.491254,0.014540,0.869634,-206.967575,94.871941,90.719818
740,6.166667,-0.047262,0.492068,0.014530,0.869152,-206.892303,94.866959,90.749535
741,6.175000,-0.045313,0.494166,0.017312,0.868013,-206.791397,94.816124,90.818123
742,6.183333,-0.046113,0.494159,0.016166,0.867997,-206.722565,94.815155,90.839066
743,6.191667,-0.045514,0.494964,0.016692,0.867560,-206.650421,94.799271,90.863205
744,6.200000,-0.044865,0.495830,0.017173,0.867090,-206.578690,94.782028,90.879631
745,6.208333,-0.045041,0.496546,0.017089,0.866673,-206.502029,94.770798,90.898293
746,6.216667,-0.045443,0.496747,0.017144,0.866535,-206.423645,94.761986,90.918945
747,6.225000,-0.045426,0.497741,0.018601,0.865935,-206.335190,94.738129,90.952065
748,6.233333,-0.045660,0.498586,0.019122,0.865426,-206.260895,94.724930,90.977455
749,6.241667,-0.045401,0.499335,0.018886,0.865013,-206.191116,94.716629,90.994553
750,6.250000,-0.044161,0.499994,0.018581,0.864702,-206.111786,94.698082,91.008644
751,6.258333,-0.043129,0.500775,0.019039,0.864293,-206.022934,94.682541,91.028717
752,6.266667,-0.043218,0.501331,0.018581,0.863976,-205.942291,94.680382,91.046562
753,6.275000,-0.043748,0.501981,0.018599,0.863571,-205.858368,94.662170,91.069626
754,6.283333,-0.044616,0.502756,0.018565,0.863077,-205.782608,94.648865,91.084763
755,6.291667,-0.044674,0.503637,0.018682,0.862557,-205.708008,94.633011,91.101372
756,6.300000,-0.044256,0.504114,0.018207,0.862310,-205.631607,94.619614,91.121078
757,6.308333,-0.043708,0.504674,0.017890,0.862017,-205.552765,94.607719,91.143188
758,6.316667,-0.043852,0.505533,0.017693,0.861510,-205.472702,94.599876,91.162201
759,6.325000,-0.043574,0.506653,0.018770,0.860843,-205.380493,94.583382,91.185387
760,6.333333,-0.043688,0.506969,0.019137,0.860644,-205.305389,94.580376,91.198235
761,6.341667,-0.043853,0.507481,0.019916,0.860316,-205.228760,94.567978,91.219078
762,6.350000,-0.044827,0.507919,0.020544,0.859992,-205.147858,94.558960,91.237274
763,6.358333,-0.045627,0.508522,0.019627,0.859615,-205.066086,94.562477,91.243973
764,6.366667,-0.045701,0.509229,0.017532,0.859238,-204.984589,94.561882,91.245277
765,6.375000,-0.045804,0.509763,0.016593,0.858934,-204.907227,94.552551,91.251961
766,6.383333,-0.041831,0.511586,0.019413,0.857993,-204.802658,94.496880,91.314003
767,6.391667,-0.041330,0.511768,0.019385,0.857910,-204.720596,94.486443,91.340622
768,6.400000,-0.042274,0.512176,0.019673,0.857614,-204.640244,94.464966,91.357765
769,6.408333,-0.043313,0.512822,0.018887,0.857194,-204.570892,94.460205,91.364845
770,6.416667,-0.044555,0.513633,0.017835,0.856667,-204.493027,94.457855,91.373299
771,6.425000,-0.043970,0.514619,0.018838,0.856084,-204.402512,94.436111,91.401031
772,6.433333,-0.043841,0.515306,0.019810,0.855655,-204.316467,94.421715,91.430511
773,6.441667,-0.044001,0.515815,0.020592,0.855321,-204.238342,94.411255,91.449127
774,6.450000,-0.043986,0.516549,0.021043,0.854868,-204.168701,94.402306,91.456581
775,6.458333,-0.044319,0.517711,0.021526,0.854136,-204.088837,94.392868,91.464981
776,6.466667,-0.044847,0.518389,0.021573,0.853696,-203.997284,94.390503,91.479172
777,6.475000,-0.044622,0.519628,0.021471,0.852956,-203.902847,94.372520,91.498238
778,6.483333,-0.044862,0.519791,0.019856,0.852884,-203.830246,94.362053,91.514687
779,6.491667,-0.044832,0.520376,0.020247,0.852519,-203.757263,94.342438,91.529770
780,6.500000,-0.044159,0.521338,0.021099,0.851946,-203.671814,94.312912,91.539886
781,6.508333,-0.043929,0.521534,0.020423,0.851854,-203.588028,94.295654,91.549660
782,6.516667,-0.043768,0.521809,0.019705,0.851711,-203.507965,94.282410,91.559578
783,6.525000,-0.043431,0.522828,0.019691,0.851104,-203.426956,94.265923,91.576996
784,6.533333,-0.043494,0.523769,0.020366,0.850505,-203.350479,94.258064,91.590050
785,6.541667,-0.043802,0.524256,0.021234,0.850168,-203.275299,94.251877,91.590759
786,6.550000,-0.043896,0.524949,0.021534,0.849728,-203.198502,94.245163,91.580307
787,6.558333,-0.043712,0.525853,0.021141,0.849188,-203.120667,94.239235,91.576088
788,6.566667,-0.043687,0.526422,0.020663,0.848849,-203.049774,94.239403,91.574707
789,6.575000,-0.044019,0.526990,0.020516,0.848483,-202.983765,94.239876,91.576973
790,6.583333,-0.044210,0.527571,0.020633,0.848109,-202.922348,94.236786,91.576469
791,6.591667,-0.044078,0.527769,0.021160,0.847980,-202.856186,94.231300,91.571304
792,6.600000,-0.044244,0.527780,0.021572,0.847953,-202.790375,94.233910,91.564156
793,6.608333,-0.044129,0.528335,0.021627,0.847613,-202.727768,94.235756,91.556641
794,6.616667,-0.044507,0.528907,0.021151,0.847248,-202.671844,94.237610,91.547928
795,6.625000,-0.045624,0.529206,0.020831,0.847010,-202.618027,94.226906,91.549065
796,6.633333,-0.046084,0.529727,0.020934,0.846657,-202.569077,94.217995,91.542374
797,6.641667,-0.046011,0.530083,0.021064,0.846435,-202.514999,94.207237,91.535080
798,6.650000,-0.045690,0.530450,0.020750,0.846230,-202.461197,94.195511,91.524963
799,6.658333,-0.045495,0.530817,0.019584,0.846038,-202.407379,94.178253,91.515289
800,6.666667,-0.045092,0.531451,0.019308,0.845667,-202.352402,94.158859,91.503891
801,6.675000,-0.044731,0.531593,0.018955,0.845605,-202.295013,94.144440,91.499611
802,6.683333,-0.044324,0.531764,0.019246,0.845513,-202.239655,94.124916,91.494713
803,6.691667,-0.043837,0.532238,0.019706,0.845229,-202.186203,94.098816,91.485008
804,6.700000,-0.043621,0.532849,0.019795,0.844854,-202.137238,94.066582,91.471901
805,6.708333,-0.043548,0.533379,0.019686,0.844525,-202.093079,94.037697,91.460167
806,6.716667,-0.043939,0.533818,0.019823,0.844225,-202.052048,94.010475,91.445045
807,6.725000,-0.044167,0.534255,0.019852,0.843935,-202.008850,93.981239,91.432121
808,6.733333,-0.043858,0.534780,0.020137,0.843612,-201.964050,93.948975,91.418564
809,6.741667,-0.042913,0.535299,0.020538,0.843322,-201.918121,93.916611,91.407318
810,6.750000,-0.041614,0.535797,0.020915,0.843062,-201.873596,93.885857,91.396431
811,6.758333,-0.040973,0.536234,0.021130,0.842810,-201.830109,93.859550,91.383415
812,6.766667,-0.041715,0.536641,0.021202,0.842512,-201.788406,93.835258,91.372360
813,6.775000,-0.041938,0.537057,0.021254,0.842234,-201.744659,93.808914,91.362625
814,6.783333,-0.041337,0.537285,0.021128,0.842122,-201.702164,93.772209,91.359940
815,6.791667,-0.040359,0.537597,0.021615,0.841958,-201.663422,93.728172,91.357544
816,6.800000,-0.038593,0.537953,0.021604,0.841813,-201.619339,93.677017,91.353745
817,6.808333,-0.037407,0.538281,0.021740,0.841654,-201.571152,93.629143,91.346016
818,6.816667,-0.037014,0.538779,0.021705,0.841354,-201.521133,93.585602,91.336845
819,6.825000,-0.036739,0.539407,0.021777,0.840962,-201.474380,93.546333,91.327591
820,6.833333,-0.036482,0.539969,0.021755,0.840612,-201.427551,93.500862,91.319183
821,6.841667,-0.036372,0.540359,0.021624,0.840370,-201.383942,93.454338,91.317993
822,6.850000,-0.035624,0.540669,0.021801,0.840198,-201.336090,93.408417,91.318245
823,6.858333,-0.034336,0.541178,0.022490,0.839906,-201.282425,93.364052,91.321602
824,6.866667,-0.032344,0.541640,0.022928,0.839675,-201.223297,93.316422,91.328033
825,6.875000,-0.031586,0.542055,0.022997,0.839434,-201.172134,93.280647,91.332245
826,6.883333,-0.031118,0.542299,0.022818,0.839299,-201.126129,93.255241,91.335335
827,6.891667,-0.030679,0.542455,0.022852,0.839214,-201.082352,93.237930,91.334183
828,6.900000,-0.030020,0.542537,0.022700,0.839188,-201.036423,93.227997,91.329216
829,6.908333,-0.029553,0.543004,0.022693,0.838903,-200.988342,93.218567,91.328445
830,6.916667,-0.029341,0.543567,0.022720,0.838545,-200.940842,93.214897,91.326942
831,6.925000,-0.028978,0.544015,0.022823,0.838264,-200.889282,93.212631,91.329018
832,6.933333,-0.028335,0.544521,0.023215,0.837947,-200.827164,93.211571,91.334038
833,6.941667,-0.030115,0.545285,0.023401,0.837383,-200.770096,93.202553,91.343163
834,6.950000,-0.030802,0.545982,0.023212,0.836909,-200.721558,93.199341,91.348854
835,6.958333,-0.030788,0.546324,0.023253,0.836685,-200.675293,93.200531,91.353264
836,6.966667,-0.030887,0.546561,0.023326,0.836525,-200.629929,93.209061,91.356850
837,6.975000,-0.031745,0.546910,0.023316,0.836265,-200.577454,93.223915,91.362228
838,6.983333,-0.032301,0.547349,0.023060,0.835963,-200.521851,93.241608,91.363075
839,6.991667,-0.032690,0.547773,0.022868,0.835675,-200.466064,93.263680,91.361771
840,7.000000,-0.033273,0.548136,0.022692,0.835419,-200.408752,93.288597,91.359718
841,7.008333,-0.033798,0.548556,0.022572,0.835125,-200.355911,93.304886,91.355865
842,7.016667,-0.033964,0.548911,0.022239,0.834894,-200.305939,93.312035,91.352806
843,7.025000,-0.033837,0.549332,0.022175,0.834624,-200.260666,93.316986,91.355186
844,7.033333,-0.033980,0.549818,0.022400,0.834292,-200.214691,93.322029,91.359131
845,7.041667,-0.034618,0.550321,0.022654,0.833928,-200.166580,93.331055,91.364494
846,7.050000,-0.035097,0.550763,0.023071,0.833604,-200.113007,93.339676,91.369995
847,7.058333,-0.034886,0.551227,0.023480,0.833295,-200.058609,93.342155,91.372047
848,7.066667,-0.034744,0.551727,0.023993,0.832955,-200.006058,93.343163,91.374008
849,7.075000,-0.034479,0.552028,0.024209,0.832760,-199.952301,93.336014,91.372856
850,7.083333,-0.034033,0.552233,0.024066,0.832647,-199.901123,93.326561,91.366211
851,7.091667,-0.033748,0.552587,0.023976,0.832426,-199.851700,93.318741,91.363350
852,7.100000,-0.033684,0.553178,0.023720,0.832044,-199.803635,93.311127,91.362534
853,7.108333,-0.034021,0.553734,0.023416,0.831669,-199.756210,93.303688,91.363312
854,7.116667,-0.034326,0.554186,0.023500,0.831353,-199.707108,93.299522,91.362663
855,7.125000,-0.034691,0.554674,0.024023,0.830997,-199.661224,93.297775,91.361603
856,7.133333,-0.034899,0.555121,0.024292,0.830682,-199.612076,93.295792,91.357742
857,7.141667,-0.035966,0.555632,0.024289,0.830295,-199.566864,93.287430,91.356583
858,7.150000,-0.036100,0.555918,0.024399,0.830095,-199.525421,93.279343,91.354828
859,7.158333,-0.035654,0.556038,0.023915,0.830048,-199.478668,93.267052,91.355659
860,7.166667,-0.035327,0.556362,0.023732,0.829849,-199.433990,93.254379,91.355835
861,7.175000,-0.035295,0.556431,0.023949,0.829798,-199.390610,93.237228,91.351906
862,7.183333,-0.034767,0.556520,0.023207,0.829782,-199.343033,93.218681,91.347015
863,7.191667,-0.034433,0.557260,0.023011,0.829305,-199.300385,93.202797,91.336739
864,7.200000,-0.034242,0.558002,0.022608,0.828824,-199.258545,93.186569,91.323921
865,7.208333,-0.033964,0.558609,0.022571,0.828428,-199.219467,93.175987,91.310898
866,7.216667,-0.032712,0.559037,0.023067,0.828176,-199.178299,93.173782,91.296005
867,7.225000,-0.032100,0.559166,0.022963,0.828116,-199.132584,93.171394,91.281364
868,7.233333,-0.033472,0.559592,0.022828,0.827777,-199.092743,93.153694,91.275108
869,7.241667,-0.034052,0.559799,0.022903,0.827612,-199.054031,93.136963,91.276947
870,7.250000,-0.033966,0.560071,0.023153,0.827424,-199.018509,93.124466,91.275780
871,7.258333,-0.033454,0.560355,0.023377,0.827246,-198.985519,93.113548,91.270035
872,7.266667,-0.033263,0.560683,0.023456,0.827030,-198.956787,93.104919,91.260025
873,7.275000,-0.033369,0.560892,0.023360,0.826886,-198.927673,93.101936,91.245537
874,7.283333,-0.033575,0.561227,0.023220,0.826654,-198.897400,93.098251,91.236282
875,7.291667,-0.033426,0.561608,0.023567,0.826392,-198.859909,93.080414,91.233376
876,7.300000,-0.033122,0.561887,0.024009,0.826202,-198.826645,93.059822,91.232132
877,7.308333,-0.032811,0.562136,0.024546,0.826029,-198.792892,93.032303,91.233406
878,7.316667,-0.032345,0.562354,0.024755,0.825893,-198.756058,92.998123,91.232811
879,7.325000,-0.031952,0.562608,0.024840,0.825733,-198.717636,92.964561,91.231216
880,7.333333,-0.031455,0.562798,0.024173,0.825642,-198.668854,92.916298,91.228088
881,7.341667,-0.030948,0.563762,0.024102,0.825005,-198.611038,92.868164,91.205734
882,7.350000,-0.030395,0.564501,0.023806,0.824529,-198.547714,92.818863,91.177155
883,7.358333,-0.029772,0.564758,0.023573,0.824383,-198.484848,92.767921,91.151604
884,7.366667,-0.027730,0.565163,0.023737,0.824172,-198.417633,92.722076,91.125336
885,7.375000,-0.027151,0.566047,0.024994,0.823547,-198.337708,92.657753,91.097160
886,7.383333,-0.027458,0.567218,0.025622,0.822711,-198.253769,92.605232,91.063606
887,7.391667,-0.027435,0.568009,0.025677,0.822164,-198.173370,92.567917,91.028053
888,7.400000,-0.026648,0.569312,0.026003,0.821278,-198.075378,92.533859,90.990936
889,7.408333,-0.026333,0.570294,0.026582,0.820588,-197.974152,92.508690,90.954163
890,7.416667,-0.026171,0.570853,0.027173,0.820185,-197.881760,92.498329,90.915749
891,7.425000,-0.025768,0.571773,0.027220,0.819555,-197.775360,92.491676,90.860954
892,7.433333,-0.025533,0.572738,0.026302,0.818918,-197.674850,92.489365,90.815422
893,7.441667,-0.025272,0.573801,0.026547,0.818174,-197.571701,92.485886,90.777298
894,7.450000,-0.024970,0.574985,0.027577,0.817318,-197.471817,92.479782,90.734085
895,7.458333,-0.024563,0.575810,0.026845,0.816774,-197.373169,92.485359,90.691414
896,7.466667,-0.025798,0.576870,0.026823,0.815988,-197.296204,92.499252,90.650940
897,7.475000,-0.026170,0.577978,0.026619,0.815199,-197.218353,92.504005,90.612999
898,7.483333,-0.025549,0.578909,0.026118,0.814573,-197.140274,92.511536,90.573784
899,7.491667,-0.024871,0.578974,0.024864,0.814587,-197.068787,92.511086,90.543419
900,7.500000,-0.024279,0.579231,0.024543,0.814432,-197.006699,92.502487,90.513260
901,7.508333,-0.023898,0.579810,0.024463,0.814034,-196.947510,92.486534,90.479233
902,7.516667,-0.023751,0.580891,0.023704,0.813289,-196.890259,92.464729,90.440765
903,7.525000,-0.024310,0.581948,0.021956,0.812566,-196.844833,92.446320,90.403175
904,7.533333,-0.024692,0.582096,0.020193,0.812494,-196.803925,92.413391,90.367081
905,7.541667,-0.026792,0.582317,0.018832,0.812302,-196.763641,92.344437,90.331039
906,7.550000,-0.027982,0.582674,0.017165,0.812043,-196.721191,92.279541,90.292725
907,7.558333,-0.027177,0.583006,0.015499,0.811865,-196.674698,92.264290,90.273727
908,7.566667,-0.025303,0.582818,0.014835,0.812074,-196.639923,92.271011,90.273529
909,7.575000,-0.024448,0.582358,0.015290,0.812421,-196.628647,92.274429,90.286781
910,7.583333,-0.023912,0.581957,0.015986,0.812710,-196.635468,92.273247,90.310333
911,7.591667,-0.023802,0.581408,0.016440,0.813098,-196.665909,92.273064,90.344269
912,7.600000,-0.021326,0.582066,0.018030,0.812662,-196.700592,92.276939,90.392479
913,7.608333,-0.020558,0.581778,0.019618,0.812851,-196.730682,92.270622,90.442154
914,7.616667,-0.022072,0.581797,0.021731,0.812744,-196.755005,92.252213,90.501038
915,7.625000,-0.021798,0.581892,0.023177,0.812643,-196.776230,92.250839,90.562347
916,7.633333,-0.020577,0.581432,0.023903,0.812983,-196.786285,92.251167,90.627701
917,7.641667,-0.018730,0.581071,0.024962,0.813254,-196.783035,92.252357,90.700256
918,7.650000,-0.016132,0.581045,0.026717,0.813273,-196.767395,92.247177,90.783287
919,7.658333,-0.013796,0.580519,0.027645,0.813660,-196.742584,92.237816,90.864853
920,7.666667,-0.011505,0.579905,0.027456,0.814140,-196.708374,92.223015,90.945724
921,7.675000,-0.008066,0.579869,0.026780,0.814230,-196.658859,92.205391,91.047928
922,7.683333,-0.004744,0.579555,0.026656,0.814483,-196.603104,92.205185,91.148796
923,7.691667,-0.001737,0.578784,0.026897,0.815035,-196.549622,92.214149,91.237328
924,7.700000,0.001031,0.578884,0.028793,0.814901,-196.495544,92.216545,91.319817
925,7.708333,0.003538,0.578801,0.028978,0.814946,-196.439255,92.222717,91.389374
926,7.716667,0.005429,0.578758,0.028397,0.814987,-196.387314,92.230072,91.439667
927,7.725000,0.006816,0.579238,0.027885,0.814653,-196.336060,92.235474,91.479988
928,7.733333,0.008394,0.580562,0.026433,0.813743,-196.279221,92.230591,91.513222
929,7.741667,0.009743,0.582294,0.025556,0.812518,-196.233871,92.230896,91.532806
930,7.750000,0.010551,0.584163,0.024548,0.811197,-196.201797,92.232727,91.539520
931,7.758333,0.010392,0.586096,0.024114,0.809816,-196.190475,92.236450,91.543198
932,7.766667,0.009752,0.588057,0.024838,0.808379,-196.199753,92.242912,91.545387
933,7.775000,0.009398,0.589830,0.025258,0.807078,-196.220978,92.243973,91.546074
934,7.783333,0.009066,0.591283,0.025529,0.806009,-196.251328,92.241684,91.537560
935,7.791667,0.008402,0.592682,0.025742,0.804981,-196.283859,92.237816,91.518311
936,7.800000,0.007371,0.594184,0.025664,0.803886,-196.317596,92.234138,91.485390
937,7.808333,0.006104,0.595546,0.025433,0.802896,-196.344986,92.224838,91.448647
938,7.816667,0.004625,0.596942,0.025305,0.801872,-196.373199,92.218575,91.394737
939,7.825000,0.002007,0.598653,0.024041,0.800645,-196.394165,92.226448,91.326256
940,7.833333,-0.000505,0.600170,0.023074,0.799539,-196.426804,92.227371,91.244888
941,7.841667,-0.003031,0.601458,0.021880,0.798599,-196.473816,92.218285,91.149582
942,7.850000,-0.005229,0.603234,0.021766,0.797250,-196.512848,92.213478,91.051331
943,7.858333,-0.008137,0.604341,0.021627,0.796391,-196.543503,92.222527,90.953690
944,7.866667,-0.011416,0.605037,0.020635,0.795848,-196.572739,92.240211,90.858658
945,7.875000,-0.013853,0.605607,0.020035,0.795391,-196.592712,92.245277,90.786102
946,7.883333,-0.013915,0.605716,0.019629,0.795317,-196.617416,92.253952,90.732643
947,7.891667,-0.014323,0.605430,0.019331,0.795535,-196.642731,92.255989,90.685097
948,7.900000,-0.015237,0.605146,0.019014,0.795741,-196.676605,92.259987,90.644432
949,7.908333,-0.016114,0.604989,0.019163,0.795840,-196.708786,92.262581,90.615623
950,7.916667,-0.016790,0.604948,0.019489,0.795850,-196.736542,92.262001,90.601181
951,7.925000,-0.017415,0.604866,0.019743,0.795892,-196.756561,92.260307,90.595970
952,7.933333,-0.017438,0.604724,0.019972,0.795994,-196.765656,92.259720,90.597221
953,7.941667,-0.017066,0.604540,0.020056,0.796139,-196.758698,92.258301,90.605942
954,7.950000,-0.016693,0.604314,0.019918,0.796323,-196.742737,92.256866,90.618210
955,7.958333,-0.015875,0.604227,0.019658,0.796411,-196.714996,92.254082,90.640381
956,7.966667,-0.014670,0.604348,0.019832,0.796339,-196.683228,92.250610,90.675255
957,7.975000,-0.013616,0.604476,0.020143,0.796252,-196.652588,92.249969,90.717499
958,7.983333,-0.012572,0.604487,0.020340,0.796256,-196.625839,92.253128,90.768341
959,7.991667,-0.012407,0.604560,0.020632,0.796195,-196.600677,92.242584,90.827980
960,8.000000,-0.009865,0.604380,0.021244,0.796352,-196.570862,92.230873,90.917435
961,8.008333,-0.006027,0.604187,0.021804,0.796521,-196.539871,92.220963,91.012917
962,8.016667,-0.003948,0.603724,0.021838,0.796884,-196.504837,92.213478,91.101227
963,8.025000,-0.001277,0.603290,0.022484,0.797204,-196.461563,92.210716,91.194656
964,8.033333,0.001163,0.602869,0.023584,0.797491,-196.416473,92.216576,91.272835
965,8.041667,0.003227,0.602647,0.024335,0.797630,-196.374207,92.219337,91.332748
966,8.050000,0.004982,0.602409,0.024212,0.797805,-196.337738,92.221626,91.385201
967,8.058333,0.006569,0.602370,0.023949,0.797831,-196.309418,92.224907,91.433914
968,8.066667,0.007514,0.602457,0.024065,0.797753,-196.290070,92.229767,91.475746
969,8.075000,0.008494,0.602581,0.024153,0.797647,-196.275085,92.233932,91.504684
970,8.083333,0.008934,0.602539,0.024269,0.797671,-196.264282,92.234474,91.522018
971,8.091667,0.009368,0.602512,0.024304,0.797685,-196.259232,92.236137,91.530136
972,8.100000,0.009345,0.602527,0.024319,0.797673,-196.260925,92.237114,91.527550
973,8.108333,0.008716,0.602490,0.024102,0.797715,-196.270767,92.235931,91.513405
974,8.116667,0.007952,0.602522,0.024212,0.797695,-196.283798,92.232269,91.491417
975,8.125000,0.006970,0.602397,0.024087,0.797802,-196.301147,92.227455,91.458267
976,8.133333,0.005730,0.602291,0.024019,0.797895,-196.324570,92.223343,91.409698
977,8.141667,0.003876,0.602218,0.023973,0.797962,-196.350784,92.221062,91.355202
978,8.150000,0.002073,0.602210,0.023748,0.797982,-196.380646,92.221191,91.295898
979,8.158333,-0.000090,0.602224,0.022802,0.798002,-196.418198,92.220177,91.226707
980,8.166667,-0.002738,0.602546,0.021756,0.797783,-196.461395,92.216690,91.141190
981,8.175000,-0.005122,0.603127,0.021653,0.797335,-196.500290,92.213913,91.049538
982,8.183333,-0.007800,0.603006,0.021112,0.797419,-196.529800,92.219193,90.958458
983,8.191667,-0.010812,0.602819,0.020705,0.797536,-196.558960,92.238243,90.870255
984,8.200000,-0.013287,0.603098,0.020416,0.797295,-196.583862,92.245705,90.803116
985,8.208333,-0.014767,0.603450,0.020188,0.797009,-196.606964,92.245049,90.752754
986,8.216667,-0.014103,0.603402,0.020020,0.797061,-196.635132,92.251755,90.716827
987,8.225000,-0.014242,0.602990,0.019808,0.797376,-196.663437,92.256561,90.686455
988,8.233333,-0.014908,0.602715,0.019791,0.797572,-196.693436,92.257782,90.667496
989,8.241667,-0.015537,0.602657,0.020192,0.797594,-196.718552,92.256317,90.662109
990,8.250000,-0.015953,0.602515,0.020640,0.797681,-196.734756,92.254799,90.662682
991,8.258333,-0.015873,0.602328,0.020807,0.797819,-196.738754,92.252823,90.669563
992,8.266667,-0.015361,0.602156,0.020972,0.797955,-196.727921,92.252121,90.683098
993,8.275000,-0.014492,0.602061,0.021044,0.798041,-196.706085,92.249886,90.702972
994,8.283333,-0.013610,0.602174,0.021155,0.797968,-196.677246,92.248878,90.726479
995,8.291667,-0.012434,0.602537,0.021078,0.797715,-196.644211,92.250381,90.761307
996,8.300000,-0.012978,0.602634,0.020710,0.797643,-196.611511,92.241180,90.807266
997,8.308333,-0.011332,0.602512,0.020752,0.797760,-196.579498,92.237350,90.870575
998,8.316667,-0.008790,0.602595,0.021755,0.797702,-196.543671,92.226181,90.954659
999,8.325000,-0.005584,0.602716,0.021713,0.797641,-196.510330,92.215057,91.043259
1000,8.333333,-0.003041,0.602219,0.021331,0.798040,-196.472610,92.212448,91.126709
1001,8.341667,-0.000818,0.601957,0.022362,0.798215,-196.427292,92.212601,91.209724
1002,8.350000,0.001292,0.601741,0.023405,0.798347,-196.393539,92.218620,91.279701
1003,8.358333,0.003071,0.601810,0.024135,0.798268,-196.365601,92.219391,91.337540
1004,8.366667,0.004486,0.601896,0.023925,0.798204,-196.344406,92.219833,91.382042
1005,8.375000,0.005796,0.602153,0.023982,0.798000,-196.323349,92.221352,91.420372
1006,8.383333,0.006645,0.602159,0.024042,0.797986,-196.306396,92.223763,91.449577
1007,8.391667,0.007151,0.602133,0.024019,0.798003,-196.298706,92.228874,91.469864
1008,8.400000,0.007277,0.602089,0.024050,0.798034,-196.294266,92.229576,91.476013
1009,8.408333,0.007178,0.602069,0.024088,0.798049,-196.296249,92.229713,91.473991
1010,8.416667,0.006842,0.602033,0.024046,0.798080,-196.304840,92.228371,91.457481
1011,8.425000,0.006176,0.601960,0.023939,0.798144,-196.317062,92.225189,91.432281
1012,8.433333,0.005028,0.601830,0.023975,0.798249,-196.337250,92.222878,91.391579
1013,8.441667,0.003641,0.601834,0.023935,0.798254,-196.357483,92.219582,91.348228
1014,8.450000,0.001948,0.601756,0.023537,0.798331,-196.385574,92.222748,91.296349
1015,8.458333,0.000089,0.601870,0.022817,0.798268,-196.416901,92.220695,91.235649
1016,8.466667,-0.002438,0.602163,0.021454,0.798081,-196.455841,92.217484,91.155762
1017,8.475000,-0.004805,0.602742,0.021462,0.797633,-196.489777,92.213341,91.069817
1018,8.483333,-0.007057,0.602829,0.021011,0.797563,-196.515717,92.218277,90.984352
1019,8.491667,-0.009725,0.602507,0.020575,0.797789,-196.542770,92.234329,90.903885
1020,8.500000,-0.012088,0.602490,0.020180,0.797780,-196.565262,92.243881,90.837387
1021,8.508333,-0.013757,0.602780,0.020027,0.797537,-196.586487,92.245575,90.786606
1022,8.516667,-0.012659,0.603140,0.019995,0.797284,-196.611282,92.255066,90.756500
1023,8.525000,-0.012977,0.602844,0.020066,0.797501,-196.632156,92.256699,90.734138
1024,8.533333,-0.013450,0.602535,0.020426,0.797718,-196.654312,92.254700,90.722519
1025,8.541667,-0.013960,0.602317,0.020785,0.797864,-196.678879,92.252525,90.722435
1026,8.550000,-0.014027,0.602048,0.021173,0.798056,-196.699249,92.251221,90.733368
1027,8.558333,-0.013849,0.601864,0.021672,0.798184,-196.708862,92.252220,90.750549
1028,8.566667,-0.013479,0.601603,0.021860,0.798382,-196.706116,92.252090,90.772003
1029,8.575000,-0.014448,0.601615,0.022115,0.798349,-196.690323,92.241959,90.801140
1030,8.583333,-0.013847,0.601382,0.022101,0.798536,-196.663254,92.236107,90.837906
1031,8.591667,-0.012087,0.600753,0.021609,0.799052,-196.620804,92.232040,90.880745
1032,8.600000,-0.009416,0.600664,0.021118,0.799168,-196.571213,92.224945,90.934662
1033,8.608333,-0.006657,0.601079,0.021031,0.798885,-196.524857,92.215706,90.999229
1034,8.616667,-0.004038,0.601086,0.020707,0.798906,-196.478455,92.210396,91.074837
1035,8.625000,-0.002026,0.600677,0.020664,0.799222,-196.436279,92.215240,91.146835
1036,8.633333,-0.000196,0.600400,0.021790,0.799403,-196.403351,92.221375,91.217705
1037,8.641667,0.001479,0.600222,0.022863,0.799505,-196.391678,92.225136,91.276436
1038,8.650000,0.002890,0.600351,0.024009,0.799371,-196.392746,92.222771,91.328880
1039,8.658333,0.003687,0.600427,0.024828,0.799285,-196.398880,92.219559,91.370064
1040,8.666667,0.004203,0.600561,0.025314,0.799167,-196.408920,92.218216,91.398193
1041,8.675000,0.004250,0.600709,0.025475,0.799050,-196.417984,92.217484,91.413513
1042,8.683333,0.004209,0.600914,0.025622,0.798892,-196.424881,92.218292,91.415604
1043,8.691667,0.003886,0.601104,0.025721,0.798748,-196.431091,92.216652,91.404488
1044,8.700000,0.003011,0.601262,0.025649,0.798635,-196.437256,92.216026,91.379341
1045,8.708333,0.001578,0.601814,0.024841,0.798248,-196.430328,92.224327,91.344872
1046,8.716667,0.000453,0.601779,0.023814,0.798307,-196.434906,92.229492,91.297508
1047,8.725000,-0.000520,0.601793,0.023170,0.798316,-196.450241,92.221138,91.237846
1048,8.733333,-0.002151,0.601928,0.021622,0.798255,-196.464172,92.214340,91.165199
1049,8.741667,-0.004114,0.602459,0.020812,0.797868,-196.473389,92.211525,91.081718
1050,8.750000,-0.005891,0.602769,0.020108,0.797641,-196.481369,92.216064,91.000656
1051,8.758333,-0.008107,0.602164,0.018730,0.798111,-196.488037,92.228645,90.923294
1052,8.766667,-0.010149,0.601615,0.017610,0.798528,-196.499191,92.239876,90.862778
1053,8.775000,-0.011596,0.601635,0.017990,0.798484,-196.510315,92.248444,90.818970
1054,8.783333,-0.012537,0.601647,0.017992,0.798461,-196.519119,92.249146,90.788399
1055,8.791667,-0.011028,0.601786,0.018006,0.798379,-196.531677,92.259315,90.772560
1056,8.800000,-0.010341,0.601466,0.018236,0.798623,-196.539658,92.264732,90.766167
1057,8.808333,-0.010366,0.601095,0.018479,0.798897,-196.548721,92.264709,90.772781
1058,8.816667,-0.012544,0.600716,0.018941,0.799140,-196.555405,92.248878,90.790726
1059,8.825000,-0.012647,0.600378,0.019444,0.799380,-196.564453,92.241821,90.819893
1060,8.833333,-0.011513,0.599823,0.019944,0.799801,-196.572632,92.237724,90.865738
1061,8.841667,-0.009615,0.599458,0.020453,0.800087,-196.578476,92.229805,90.922432
1062,8.850000,-0.007737,0.599515,0.021776,0.800030,-196.583740,92.219032,90.991081
1063,8.858333,-0.006937,0.599640,0.022795,0.799915,-196.576111,92.229507,91.064926
1064,8.866667,-0.004783,0.599011,0.023852,0.800371,-196.567352,92.220016,91.144966
1065,8.875000,-0.002879,0.598232,0.024477,0.800944,-196.559937,92.215019,91.213005
1066,8.883333,-0.001121,0.597544,0.024918,0.801448,-196.548080,92.217705,91.269447
1067,8.891667,0.000545,0.597175,0.025413,0.801708,-196.531937,92.220528,91.313324
1068,8.900000,0.001582,0.596990,0.025580,0.801839,-196.515259,92.219650,91.342316
1069,8.908333,0.002096,0.596866,0.025645,0.801928,-196.500656,92.219276,91.361725
1070,8.916667,0.002470,0.596711,0.025618,0.802043,-196.485489,92.217865,91.370392
1071,8.925000,0.002424,0.596524,0.025368,0.802191,-196.472855,92.219109,91.364655
1072,8.933333,0.002270,0.596223,0.024747,0.802434,-196.459503,92.219910,91.348701
1073,8.941667,0.001953,0.596093,0.024080,0.802552,-196.444672,92.221298,91.320641
1074,8.950000,0.000614,0.596466,0.022482,0.802323,-196.418884,92.228889,91.278801
1075,8.958333,-0.000575,0.596531,0.021338,0.802306,-196.412079,92.232384,91.224693
1076,8.966667,-0.001937,0.596465,0.021062,0.802360,-196.424011,92.223572,91.167076
1077,8.975000,-0.003621,0.596649,0.020702,0.802227,-196.453506,92.214081,91.104713
1078,8.983333,-0.005631,0.596637,0.020256,0.802236,-196.493454,92.214226,91.035797
1079,8.991667,-0.007461,0.596680,0.020164,0.802192,-196.534500,92.220215,90.971756
1080,9.000000,-0.009563,0.596544,0.020322,0.802266,-196.573624,92.226151,90.924332
1081,9.008333,-0.011406,0.596566,0.020935,0.802209,-196.607056,92.228439,90.895981
1082,9.016667,-0.012932,0.596601,0.022513,0.802118,-196.642685,92.239365,90.879066
1083,9.025000,-0.013503,0.596276,0.022487,0.802351,-196.664368,92.242989,90.865845
1084,9.033333,-0.013833,0.596011,0.022609,0.802539,-196.675186,92.242867,90.858665
1085,9.041667,-0.013891,0.595698,0.022480,0.802774,-196.672852,92.242218,90.856934
1086,9.050000,-0.013474,0.595401,0.022348,0.803005,-196.657288,92.239738,90.864273
1087,9.058333,-0.012103,0.595216,0.021178,0.803195,-196.623489,92.227386,90.884750
1088,9.066667,-0.010944,0.595332,0.020637,0.803140,-196.597534,92.223068,90.909111
1089,9.075000,-0.009189,0.595412,0.020202,0.803114,-196.574265,92.220894,90.944069
1090,9.083333,-0.007925,0.595813,0.019831,0.802839,-196.537247,92.225594,91.002594
1091,9.091667,-0.006889,0.595726,0.020071,0.802907,-196.510788,92.228363,91.061493
1092,9.100000,-0.003854,0.595565,0.021553,0.803009,-196.477051,92.211273,91.134705
1093,9.108333,-0.001967,0.595072,0.021723,0.803376,-196.451981,92.212479,91.190720
1094,9.116667,-0.000470,0.594768,0.021741,0.803603,-196.441727,92.219879,91.234550
1095,9.125000,0.000680,0.594816,0.022344,0.803551,-196.436279,92.218979,91.274895
1096,9.133333,0.001463,0.594778,0.023065,0.803558,-196.433243,92.219803,91.303154
1097,9.141667,0.001797,0.594773,0.023330,0.803553,-196.430389,92.218628,91.318680
1098,9.150000,0.002035,0.594854,0.023422,0.803490,-196.427460,92.220436,91.321495
1099,9.158333,0.001583,0.594971,0.023170,0.803411,-196.423203,92.218102,91.312973
1100,9.166667,0.001368,0.595167,0.022644,0.803282,-196.421265,92.220482,91.286484
1101,9.175000,0.000227,0.595143,0.021845,0.803323,-196.427841,92.223259,91.250816
1102,9.183333,-0.000961,0.595276,0.021760,0.803226,-196.447495,92.220612,91.214462
1103,9.191667,-0.002503,0.595522,0.022213,0.803028,-196.475189,92.214516,91.174820
1104,9.200000,-0.004301,0.595805,0.022185,0.802811,-196.506760,92.212044,91.120895
1105,9.208333,-0.006757,0.596385,0.020850,0.802399,-196.526215,92.221985,91.057236
1106,9.216667,-0.007629,0.596318,0.020706,0.802445,-196.550888,92.219910,90.998123
1107,9.225000,-0.008877,0.596219,0.020688,0.802506,-196.571564,92.222542,90.948654
1108,9.233333,-0.009877,0.596219,0.020594,0.802497,-196.584442,92.223335,90.915962
1109,9.241667,-0.010695,0.596388,0.020447,0.802365,-196.595413,92.225594,90.897041
1110,9.250000,-0.011002,0.596560,0.020761,0.802224,-196.603424,92.227890,90.894279
1111,9.258333,-0.011706,0.596655,0.022210,0.802105,-196.617050,92.236542,90.900558
1112,9.266667,-0.011101,0.596361,0.021845,0.802342,-196.619720,92.229897,90.917877
1113,9.275000,-0.010295,0.596205,0.021656,0.802474,-196.617432,92.225380,90.936951
1114,9.283333,-0.009076,0.595996,0.021511,0.802648,-196.603806,92.221199,90.965584
1115,9.291667,-0.008667,0.596266,0.020832,0.802470,-196.568680,92.228737,90.999039
1116,9.300000,-0.007766,0.596156,0.020247,0.802576,-196.532349,92.228989,91.036728
1117,9.308333,-0.005021,0.595932,0.020635,0.802754,-196.488007,92.212387,91.084633
1118,9.316667,-0.003028,0.595628,0.020970,0.802981,-196.445053,92.210976,91.124870
1119,9.325000,-0.001908,0.595316,0.020856,0.803219,-196.416336,92.219727,91.157028
1120,9.333333,-0.001288,0.595209,0.020715,0.803303,-196.407990,92.226318,91.180840
1121,9.341667,-0.001635,0.595622,0.020617,0.802998,-196.409760,92.233643,91.200089
1122,9.350000,-0.001149,0.595565,0.021516,0.803018,-196.442596,92.225128,91.220070
1123,9.358333,-0.001303,0.595554,0.022422,0.803001,-196.482712,92.221771,91.229736
1124,9.366667,-0.001846,0.595726,0.023609,0.802839,-196.519714,92.217346,91.227036
1125,9.375000,-0.002929,0.595985,0.024507,0.802616,-196.550827,92.214241,91.212204
1126,9.383333,-0.004153,0.596322,0.025322,0.802335,-196.579987,92.212639,91.186783
1127,9.391667,-0.005281,0.596554,0.025337,0.802155,-196.608261,92.214371,91.150024
1128,9.400000,-0.006206,0.596732,0.024808,0.802033,-196.633667,92.220062,91.108871
1129,9.408333,-0.006840,0.597056,0.024716,0.801789,-196.652222,92.226791,91.076561
1130,9.416667,-0.007901,0.597178,0.024530,0.801695,-196.654434,92.225594,91.048485
1131,9.425000,-0.008564,0.597256,0.024073,0.801644,-196.648193,92.225838,91.023483
1132,9.433333,-0.008979,0.597273,0.023313,0.801649,-196.632416,92.224792,91.000336
1133,9.441667,-0.009005,0.597277,0.022013,0.801682,-196.605927,92.220009,90.980530
1134,9.450000,-0.008319,0.597436,0.020972,0.801600,-196.568329,92.218208,90.971062
1135,9.458333,-0.007438,0.597574,0.019973,0.801530,-196.532089,92.217140,90.972549
1136,9.466667,-0.006517,0.597678,0.019387,0.801476,-196.495468,92.214981,90.986160
1137,9.475000,-0.005051,0.597815,0.019145,0.801390,-196.454758,92.210083,91.020065
1138,9.483333,-0.003902,0.597930,0.019232,0.801308,-196.424210,92.211716,91.055832
1139,9.491667,-0.003172,0.597946,0.019203,0.801300,-196.408386,92.216560,91.089745
1140,9.500000,-0.002700,0.598061,0.019667,0.801205,-196.411240,92.220291,91.121986
1141,9.508333,-0.002637,0.598280,0.020404,0.801023,-196.432144,92.220535,91.150909
1142,9.516667,-0.002821,0.598622,0.021506,0.800738,-196.467667,92.217422,91.172424
1143,9.525000,-0.003318,0.599034,0.022628,0.800397,-196.513062,92.214912,91.184532
1144,9.533333,-0.003629,0.599218,0.023724,0.800226,-196.550171,92.213966,91.189491
1145,9.541667,-0.004032,0.599310,0.024831,0.800122,-196.582108,92.213371,91.185608
1146,9.550000,-0.005015,0.599445,0.026101,0.799975,-196.616440,92.216866,91.170128
1147,9.558333,-0.005775,0.599681,0.026638,0.799775,-196.646408,92.219254,91.149681
1148,9.566667,-0.006640,0.599857,0.027021,0.799623,-196.665237,92.223228,91.129692
1149,9.575000,-0.006551,0.600028,0.026783,0.799504,-196.667404,92.225990,91.113892
1150,9.583333,-0.006477,0.599981,0.025749,0.799574,-196.657867,92.225609,91.101723
1151,9.591667,-0.006754,0.600013,0.025041,0.799570,-196.638962,92.224724,91.089722
1152,9.600000,-0.006635,0.600037,0.024436,0.799571,-196.611328,92.222237,91.083382
1153,9.608333,-0.007053,0.600624,0.023128,0.799166,-196.559113,92.229958,91.080704
1154,9.616667,-0.005324,0.600471,0.021919,0.799328,-196.516281,92.214981,91.088219
1155,9.625000,-0.004117,0.600209,0.020590,0.799568,-196.470993,92.209435,91.088760
1156,9.633333,-0.003632,0.599918,0.019563,0.799814,-196.428223,92.213348,91.080620
1157,9.641667,-0.003476,0.599794,0.018903,0.799924,-196.398773,92.219536,91.073975
1158,9.650000,-0.003369,0.599755,0.018436,0.799964,-196.388504,92.222885,91.064369
1159,9.658333,-0.003591,0.599867,0.018671,0.799874,-196.396454,92.221481,91.056404
1160,9.666667,-0.004179,0.600143,0.019072,0.799654,-196.420364,92.217644,91.046997
1161,9.675000,-0.004903,0.600457,0.019536,0.799403,-196.458740,92.214294,91.039101
1162,9.683333,-0.005649,0.600507,0.020434,0.799338,-196.507599,92.217728,91.035500
1163,9.691667,-0.006028,0.600221,0.021835,0.799514,-196.552338,92.219559,91.041389
1164,9.700000,-0.007033,0.600279,0.022859,0.799433,-196.577530,92.234154,91.053398
1165,9.708333,-0.007642,0.600001,0.023226,0.799626,-196.600006,92.243271,91.064774
1166,9.716667,-0.007008,0.599452,0.024373,0.800009,-196.616333,92.232094,91.089775
1167,9.725000,-0.006143,0.598921,0.025250,0.800386,-196.624832,92.221397,91.115524
1168,9.733333,-0.005387,0.598542,0.025659,0.800663,-196.619354,92.215714,91.143929
1169,9.741667,-0.004690,0.598042,0.025158,0.801056,-196.608276,92.217857,91.166458
1170,9.750000,-0.004208,0.597783,0.025005,0.801257,-196.595901,92.220482,91.182693
1171,9.758333,-0.003934,0.597697,0.024786,0.801329,-196.580444,92.219505,91.187462
1172,9.766667,-0.003837,0.597602,0.024179,0.801419,-196.567505,92.219994,91.184868
1173,9.775000,-0.003809,0.597577,0.023498,0.801458,-196.550400,92.218819,91.173134
1174,9.783333,-0.003834,0.597597,0.022827,0.801463,-196.531326,92.217354,91.151009
1175,9.791667,-0.004100,0.597629,0.021723,0.801468,-196.509415,92.216095,91.121109
1176,9.800000,-0.004518,0.597910,0.020661,0.801284,-196.490021,92.215553,91.085526
1177,9.808333,-0.005011,0.597972,0.019544,0.801263,-196.472443,92.216217,91.044449
1178,9.816667,-0.005417,0.598035,0.018998,0.801226,-196.465622,92.216583,91.002800
1179,9.825000,-0.005830,0.598355,0.018791,0.800990,-196.457458,92.216682,90.984940
1180,9.833333,-0.006222,0.598336,0.018487,0.801008,-196.454773,92.220840,90.970459
1181,9.841667,-0.006179,0.598200,0.018437,0.801111,-196.454346,92.223701,90.971863
1182,9.850000,-0.005854,0.598022,0.018882,0.801236,-196.450699,92.220833,90.985527
1183,9.858333,-0.005183,0.598038,0.019400,0.801216,-196.452576,92.219337,91.012505
1184,9.866667,-0.005008,0.598122,0.019907,0.801142,-196.466888,92.218224,91.040901
1185,9.875000,-0.005068,0.598305,0.020827,0.800981,-196.495361,92.216316,91.068321
1186,9.883333,-0.005002,0.598385,0.022247,0.800884,-196.529160,92.215691,91.092041
1187,9.891667,-0.005156,0.598313,0.023387,0.800905,-196.561508,92.216995,91.109482
1188,9.900000,-0.005580,0.598311,0.024369,0.800874,-196.591217,92.219360,91.121323
1189,9.908333,-0.005590,0.598270,0.025479,0.800870,-196.612213,92.219284,91.135246
1190,9.916667,-0.005306,0.598263,0.026302,0.800851,-196.620880,92.216507,91.154259
1191,9.925000,-0.005295,0.598137,0.026789,0.800929,-196.627563,92.216675,91.165192
1192,9.933333,-0.005336,0.598061,0.027107,0.800974,-196.633148,92.217361,91.167274
1193,9.941667,-0.005304,0.598055,0.027089,0.800980,-196.632370,92.216522,91.164017
1194,9.950000,-0.005515,0.598077,0.026640,0.800977,-196.625504,92.216873,91.158821
1195,9.958333,-0.005451,0.598068,0.025772,0.801012,-196.611862,92.216583,91.144508
1196,9.966667,-0.005575,0.598096,0.024760,0.801022,-196.594208,92.217461,91.126411
1197,9.975000,-0.006306,0.598614,0.023368,0.800672,-196.561493,92.226212,91.107719
1198,9.983333,-0.006700,0.598677,0.021949,0.800662,-196.536224,92.229179,91.085014
1199,9.991667,-0.005723,0.598451,0.021535,0.800849,-196.515244,92.217697,91.065048
1200,10.000000,-0.005280,0.598261,0.020982,0.801010,-196.490540,92.213730,91.043007
1201,10.008333,-0.004975,0.598342,0.020132,0.800972,-196.462372,92.215324,91.028397
1202,10.016667,-0.005179,0.598462,0.019605,0.800894,-196.445343,92.218002,91.014854
1203,10.025000,-0.005685,0.598609,0.019292,0.800789,-196.448334,92.220619,91.005035
1204,10.033333,-0.005891,0.598509,0.019475,0.800858,-196.457520,92.221085,91.003059
1205,10.041667,-0.005676,0.598376,0.019806,0.800951,-196.470795,92.219887,91.015617
1206,10.050000,-0.005470,0.598109,0.020439,0.801135,-196.484833,92.216339,91.042175
1207,10.058333,-0.004943,0.598050,0.021319,0.801160,-196.496689,92.213943,91.074951
1208,10.066667,-0.004444,0.598158,0.022455,0.801051,-196.505005,92.211327,91.108170
1209,10.075000,-0.004234,0.597719,0.022882,0.801368,-196.517624,92.214973,91.123428
1210,10.083333,-0.004043,0.597515,0.022986,0.801518,-196.526917,92.217407,91.136803
1211,10.091667,-0.003873,0.597437,0.023229,0.801570,-196.531372,92.217857,91.144386
1212,10.100000,-0.003981,0.597388,0.023208,0.801607,-196.533997,92.217552,91.144043
1213,10.108333,-0.004180,0.597421,0.022962,0.801588,-196.536621,92.218063,91.135582
1214,10.116667,-0.004671,0.597534,0.022639,0.801511,-196.537415,92.217491,91.120354
1215,10.125000,-0.005061,0.597583,0.022213,0.801483,-196.535751,92.218109,91.100166
1216,10.133333,-0.005468,0.597640,0.021657,0.801453,-196.533875,92.218224,91.072891
1217,10.141667,-0.005973,0.597732,0.021004,0.801398,-196.528244,92.219337,91.043213
1218,10.150000,-0.006284,0.597741,0.020497,0.801402,-196.518814,92.218857,91.023567
1219,10.158333,-0.006089,0.597774,0.020105,0.801389,-196.508041,92.221138,91.018410
1220,10.166667,-0.005672,0.597700,0.019863,0.801453,-196.496704,92.220924,91.025581
1221,10.175000,-0.005313,0.597668,0.019837,0.801481,-196.490891,92.221840,91.042114
1222,10.183333,-0.005179,0.597788,0.020160,0.801384,-196.501678,92.221413,91.062103
1223,10.191667,-0.005224,0.597927,0.021092,0.801256,-196.518494,92.220444,91.077278
1224,10.200000,-0.005144,0.598024,0.021867,0.801163,-196.535797,92.219505,91.086166
1225,10.208333,-0.005434,0.597988,0.022318,0.801176,-196.548553,92.219887,91.087395
1226,10.216667,-0.006515,0.598393,0.021901,0.800877,-196.549530,92.229042,91.081932
1227,10.225000,-0.007040,0.598485,0.021528,0.800814,-196.553024,92.235207,91.077095
1228,10.233333,-0.005941,0.598222,0.022030,0.801006,-196.548325,92.223343,91.083946
1229,10.241667,-0.005425,0.597923,0.022095,0.801231,-196.542816,92.218491,91.084824
1230,10.250000,-0.005214,0.597824,0.021813,0.801314,-196.530548,92.217155,91.079712
1231,10.258333,-0.005229,0.597734,0.021100,0.801400,-196.514328,92.218269,91.067276
1232,10.266667,-0.005411,0.597645,0.020480,0.801481,-196.498108,92.218102,91.051544
1233,10.275000,-0.005652,0.597538,0.020015,0.801571,-196.490891,92.219315,91.034325
1234,10.283333,-0.005715,0.597487,0.019707,0.801616,-196.490356,92.221664,91.026443
1235,10.291667,-0.005781,0.597476,0.019767,0.801622,-196.495026,92.222420,91.031021
1236,10.300000,-0.005539,0.597543,0.020030,0.801567,-196.506714,92.221924,91.044487
1237,10.308333,-0.005375,0.597623,0.020642,0.801493,-196.522018,92.219803,91.060440
1238,10.316667,-0.005376,0.597660,0.021401,0.801446,-196.536819,92.219460,91.069946
1239,10.325000,-0.006392,0.598003,0.021309,0.801185,-196.538574,92.227356,91.070320
1240,10.333333,-0.006895,0.598083,0.021209,0.801124,-196.546692,92.234413,91.067429
1241,10.341667,-0.007533,0.597947,0.020704,0.801233,-196.547012,92.239449,91.066467
1242,10.350000,-0.005968,0.597793,0.021525,0.801339,-196.542221,92.222305,91.075958
1243,10.358333,-0.005454,0.597607,0.021491,0.801482,-196.539078,92.217842,91.070602
1244,10.366667,-0.005490,0.597514,0.021218,0.801559,-196.530624,92.216698,91.061485
1245,10.375000,-0.005618,0.597617,0.020817,0.801491,-196.516617,92.215942,91.049911
1246,10.383333,-0.005457,0.597637,0.020255,0.801492,-196.501511,92.217636,91.046806
1247,10.391667,-0.005323,0.597715,0.020052,0.801440,-196.493301,92.219368,91.052162
1248,10.400000,-0.005270,0.597764,0.020230,0.801400,-196.501129,92.220154,91.059776
1249,10.408333,-0.005545,0.597856,0.020740,0.801316,-196.515961,92.219734,91.061813
1250,10.416667,-0.005666,0.597806,0.021121,0.801342,-196.528595,92.218163,91.058311
1251,10.425000,-0.005855,0.597788,0.021178,0.801353,-196.534378,92.217697,91.055794
1252,10.433333,-0.005709,0.597819,0.021075,0.801334,-196.530594,92.216034,91.057327
1253,10.441667,-0.005484,0.597898,0.020847,0.801282,-196.521835,92.215431,91.057800
1254,10.450000,-0.005313,0.597894,0.020537,0.801295,-196.513229,92.215836,91.052879
1255,10.458333,-0.005162,0.597857,0.020324,0.801328,-196.507080,92.215431,91.054413
1256,10.466667,-0.005317,0.597862,0.020422,0.801321,-196.510773,92.216469,91.056053
1257,10.475000,-0.005428,0.597885,0.020701,0.801296,-196.516907,92.217232,91.055283
1258,10.483333,-0.005511,0.597935,0.020919,0.801252,-196.522003,92.215797,91.052719
1259,10.491667,-0.005558,0.597879,0.020854,0.801296,-196.523315,92.215172,91.054832
1260,10.500000,-0.005606,0.597820,0.020814,0.801340,-196.520187,92.214195,91.057495
1261,10.508333,-0.005576,0.597843,0.020767,0.801325,-196.515427,92.215279,91.056274
1262,10.516667,-0.005385,0.597869,0.020566,0.801312,-196.509766,92.215378,91.060028
1263,10.525000,-0.005279,0.597865,0.020391,0.801320,-196.503937,92.215446,91.062508
1264,10.533333,-0.005182,0.597898,0.020328,0.801297,-196.500824,92.215805,91.064362
1265,10.541667,-0.005238,0.597920,0.020345,0.801280,-196.503418,92.216408,91.063606
1266,10.550000,-0.005242,0.597952,0.020351,0.801256,-196.506119,92.216522,91.062340
1267,10.558333,-0.005465,0.597916,0.020356,0.801282,-196.508926,92.216072,91.062477
1268,10.566667,-0.005338,0.597914,0.020411,0.801283,-196.512527,92.216606,91.061646
1269,10.575000,-0.005420,0.597916,0.020462,0.801279,-196.515457,92.216385,91.061554
1270,10.583333,-0.005560,0.597884,0.020460,0.801302,-196.516998,92.216591,91.060768
1271,10.591667,-0.005460,0.597907,0.020354,0.801288,-196.517807,92.216698,91.060020
1272,10.600000,-0.005561,0.597914,0.020439,0.801280,-196.519287,92.218048,91.058304
1273,10.608333,-0.005445,0.597872,0.020472,0.801312,-196.518524,92.217346,91.057991
1274,10.616667,-0.005380,0.597864,0.020363,0.801321,-196.518890,92.217667,91.057411
1275,10.625000,-0.005495,0.597908,0.020300,0.801289,-196.518845,92.217506,91.057724
1276,10.633333,-0.005453,0.597933,0.020290,0.801270,-196.518051,92.217316,91.058731
1277,10.641667,-0.005530,0.597902,0.020192,0.801296,-196.517517,92.218056,91.059486
1278,10.650000,-0.005557,0.597949,0.020338,0.801257,-196.515808,92.218132,91.059990
1279,10.658333,-0.005327,0.597990,0.020418,0.801226,-196.513992,92.216911,91.060120
1280,10.666667,-0.005437,0.597923,0.020323,0.801277,-196.512253,92.216530,91.061958
1281,10.675000,-0.005369,0.597966,0.020313,0.801246,-196.509735,92.215904,91.062325
