Format Version,1.25,Take Name,Take 2025-11-27 05.09.35 PM,Take Notes,,Capture Frame Rate,120.000000,Export Frame Rate,120.000000,Capture Start Time,2025-11-27 05.09.36.079 PM,Capture Start Frame,37194,Total Frames in Take,1333,Total Exported Frames,1333,Rotation Type,Quaternion,Length Units,Centimeters,Coordinate Space,Global

,Type,Rigid Body,Rigid Body,Rigid Body,Rigid Body,Rigid Body,Rigid Body,Rigid Body
,Name,SEE_large,SEE_large,SEE_large,SEE_large,SEE_large,SEE_large,SEE_large
,ID,B4680608301811F031C44B617C10C291,B4680608301811F031C44B617C10C291,B4680608301811F031C44B617C10C291,B4680608301811F031C44B617C10C291,B4680608301811F031C44B617C10C291,B4680608301811F031C44B617C10C291,B4680608301811F031C44B617C10C291
,Parent,,,,,,,
,,Rotation,Rotation,Rotation,Rotation,Position,Position,Position
Frame,Time (Seconds),X,Y,Z,W,X,Y,Z
0,0.000000,-0.006542,0.405116,0.007995,0.914207,-215.874222,92.245651,83.909424
1,0.008333,-0.006478,0.405149,0.007866,0.914194,-215.874435,92.245689,83.909813
2,0.016667,-0.006534,0.405083,0.007894,0.914223,-215.876358,92.245079,83.911171
3,0.025000,-0.006513,0.405086,0.007978,0.914221,-215.877914,92.246292,83.911072
4,0.033333,-0.006601,0.405048,0.007794,0.914239,-215.879745,92.248367,83.909424
5,0.041667,-0.006502,0.405080,0.007772,0.914225,-215.880280,92.247246,83.910240
6,0.050000,-0.006283,0.405174,0.007941,0.914183,-215.881516,92.244186,83.911552
7,0.058333,-0.006540,0.405151,0.007902,0.914192,-215.883545,92.247604,83.911125
8,0.066667,-0.006709,0.405091,0.007702,0.914219,-215.884644,92.249596,83.908615
9,0.075000,-0.006862,0.405017,0.007477,0.914253,-215.885284,92.252678,83.905853
10,0.083333,-0.006960,0.404927,0.007435,0.914292,-215.883606,92.251945,83.903702
11,0.091667,-0.006978,0.404952,0.007462,0.914281,-215.882278,92.252068,83.903709
12,0.100000,-0.006564,0.405105,0.007953,0.914212,-215.878723,92.246132,83.908257
13,0.108333,-0.006448,0.405167,0.008131,0.914184,-215.878113,92.243469,83.910660
14,0.116667,-0.006392,0.405183,0.008239,0.914176,-215.876266,92.242531,83.910210
15,0.125000,-0.006325,0.405096,0.008231,0.914215,-215.875381,92.242630,83.911079
16,0.133333,-0.006375,0.405085,0.008183,0.914220,-215.874725,92.243225,83.910027
17,0.141667,-0.006403,0.405128,0.008043,0.914202,-215.874298,92.244247,83.910194
18,0.150000,-0.006478,0.405107,0.008116,0.914210,-215.874344,92.243927,83.911064
19,0.158333,-0.006522,0.405083,0.007970,0.914222,-215.875061,92.245033,83.909889
20,0.166667,-0.006432,0.405065,0.007952,0.914231,-215.875671,92.245331,83.910095
21,0.175000,-0.006618,0.404968,0.007489,0.914276,-215.878540,92.249863,83.908745
22,0.183333,-0.006903,0.404940,0.007306,0.914288,-215.880707,92.252373,83.905830
23,0.191667,-0.006952,0.404939,0.007361,0.914288,-215.881943,92.252144,83.904633
24,0.200000,-0.006942,0.405013,0.007526,0.914254,-215.882706,92.250359,83.905807
25,0.208333,-0.006674,0.405154,0.007798,0.914191,-215.882523,92.246399,83.908691
26,0.216667,-0.006669,0.405166,0.007691,0.914187,-215.884232,92.246635,83.909760
27,0.225000,-0.006449,0.405207,0.008059,0.914167,-215.884140,92.245628,83.911201
28,0.233333,-0.006672,0.405081,0.007825,0.914223,-215.885330,92.247437,83.910233
29,0.241667,-0.006593,0.405129,0.007963,0.914201,-215.882919,92.244583,83.910141
30,0.250000,-0.006543,0.405152,0.008047,0.914190,-215.882736,92.244019,83.911598
31,0.258333,-0.006478,0.405162,0.008110,0.914186,-215.882141,92.243256,83.911530
32,0.266667,-0.006707,0.405107,0.007945,0.914210,-215.882538,92.246414,83.909645
33,0.275000,-0.006607,0.405136,0.008008,0.914198,-215.881378,92.245667,83.910004
34,0.283333,-0.006695,0.405030,0.007801,0.914246,-215.882355,92.247963,83.908813
35,0.291667,-0.006729,0.405041,0.007644,0.914242,-215.881897,92.248955,83.906448
36,0.300000,-0.006981,0.405010,0.007375,0.914256,-215.882614,92.250435,83.904716
37,0.308333,-0.006694,0.405080,0.007721,0.914224,-215.881439,92.244644,83.908707
38,0.316667,-0.006731,0.405099,0.007723,0.914215,-215.883774,92.245827,83.909927
39,0.325000,-0.006569,0.405149,0.007902,0.914193,-215.883591,92.243454,83.911194
40,0.333333,-0.006435,0.405238,0.008052,0.914153,-215.884186,92.242058,83.911621
41,0.341667,-0.006711,0.405153,0.007689,0.914192,-215.886215,92.245712,83.911110
42,0.350000,-0.006483,0.405189,0.007933,0.914176,-215.884949,92.242859,83.912697
43,0.358333,-0.006378,0.405179,0.008017,0.914180,-215.885284,92.242805,83.914009
44,0.366667,-0.006272,0.405191,0.008067,0.914175,-215.885712,92.243233,83.914848
45,0.375000,-0.006262,0.405196,0.008110,0.914172,-215.886353,92.242470,83.914879
46,0.383333,-0.006285,0.405192,0.008173,0.914174,-215.885254,92.241837,83.915054
47,0.391667,-0.006347,0.405204,0.008180,0.914168,-215.885025,92.242050,83.914627
48,0.400000,-0.006452,0.405263,0.008195,0.914141,-215.883896,92.243011,83.913803
49,0.408333,-0.006499,0.405181,0.008194,0.914177,-215.883041,92.243698,83.915207
50,0.416667,-0.006559,0.405126,0.008076,0.914201,-215.881729,92.244453,83.913979
51,0.425000,-0.006504,0.405127,0.008071,0.914202,-215.881439,92.243767,83.913872
52,0.433333,-0.006520,0.405153,0.008012,0.914191,-215.881317,92.242203,83.913490
53,0.441667,-0.006570,0.405198,0.008012,0.914170,-215.881531,92.241806,83.913597
54,0.450000,-0.006770,0.405140,0.007706,0.914197,-215.883011,92.245117,83.911827
55,0.458333,-0.006996,0.405104,0.007394,0.914214,-215.884995,92.247833,83.910545
56,0.466667,-0.006921,0.405025,0.007313,0.914250,-215.886475,92.250374,83.908440
57,0.475000,-0.006551,0.405155,0.007640,0.914192,-215.885666,92.245468,83.912895
58,0.483333,-0.006568,0.405202,0.007689,0.914171,-215.889114,92.245636,83.915123
59,0.491667,-0.006664,0.405197,0.007691,0.914173,-215.892288,92.246368,83.914169
60,0.500000,-0.006817,0.405129,0.007683,0.914202,-215.894897,92.248390,83.913506
61,0.508333,-0.006920,0.405109,0.007497,0.914212,-215.896317,92.249237,83.914200
62,0.516667,-0.006416,0.405302,0.008062,0.914125,-215.894150,92.244423,83.918854
63,0.525000,-0.006358,0.405300,0.008094,0.914126,-215.893051,92.245293,83.920090
64,0.533333,-0.006359,0.405259,0.008087,0.914144,-215.889862,92.243393,83.920006
65,0.541667,-0.006404,0.405248,0.008149,0.914148,-215.886658,92.241600,83.919518
66,0.550000,-0.006367,0.405242,0.008180,0.914151,-215.882996,92.240547,83.917427
67,0.558333,-0.006358,0.405179,0.008133,0.914179,-215.878876,92.241966,83.914986
68,0.566667,-0.006373,0.405151,0.008067,0.914192,-215.874863,92.241272,83.913986
69,0.575000,-0.006435,0.405106,0.008084,0.914212,-215.871887,92.241341,83.912262
70,0.583333,-0.006508,0.405086,0.007996,0.914221,-215.870148,92.242142,83.910110
71,0.591667,-0.006594,0.405041,0.007815,0.914241,-215.870255,92.243355,83.909264
72,0.600000,-0.006387,0.405028,0.007948,0.914248,-215.871002,92.242294,83.909225
73,0.608333,-0.006293,0.405124,0.007995,0.914205,-215.874008,92.243103,83.910332
74,0.616667,-0.006281,0.405143,0.008092,0.914196,-215.877197,92.242500,83.910332
75,0.625000,-0.006320,0.405175,0.008144,0.914181,-215.881302,92.242691,83.912010
76,0.633333,-0.006579,0.405143,0.007808,0.914196,-215.885345,92.246445,83.911095
77,0.641667,-0.006771,0.405141,0.007639,0.914197,-215.889435,92.247955,83.909729
78,0.650000,-0.006905,0.405085,0.007415,0.914223,-215.892197,92.249146,83.908180
79,0.658333,-0.006636,0.405239,0.007819,0.914153,-215.891434,92.244545,83.913033
80,0.666667,-0.006625,0.405234,0.007866,0.914155,-215.892166,92.244255,83.916138
81,0.675000,-0.006441,0.405293,0.008075,0.914128,-215.890686,92.242844,83.916748
82,0.683333,-0.006610,0.405185,0.007833,0.914178,-215.889603,92.243927,83.915482
83,0.691667,-0.006450,0.405184,0.008008,0.914177,-215.885712,92.241814,83.915665
84,0.700000,-0.006469,0.405207,0.008224,0.914165,-215.882538,92.240547,83.915985
85,0.708333,-0.006493,0.405137,0.008285,0.914196,-215.878891,92.240692,83.915619
86,0.716667,-0.006521,0.405144,0.008149,0.914194,-215.875488,92.241203,83.913887
87,0.725000,-0.006501,0.405100,0.007898,0.914215,-215.873199,92.242012,83.911369
88,0.733333,-0.006556,0.405138,0.007933,0.914198,-215.872223,92.242088,83.910477
89,0.741667,-0.006674,0.405098,0.007859,0.914215,-215.871338,92.242989,83.908783
90,0.750000,-0.006759,0.405075,0.007801,0.914225,-215.871353,92.243950,83.907585
91,0.758333,-0.006643,0.405133,0.007823,0.914200,-215.873428,92.242844,83.909645
92,0.766667,-0.006542,0.405124,0.007779,0.914205,-215.875336,92.243973,83.908218
93,0.775000,-0.006539,0.405065,0.007809,0.914231,-215.877945,92.243851,83.909882
94,0.783333,-0.006556,0.405067,0.007723,0.914231,-215.881485,92.246712,83.909416
95,0.791667,-0.006485,0.405146,0.007971,0.914194,-215.883011,92.244736,83.910522
96,0.800000,-0.006417,0.405190,0.008062,0.914174,-215.885422,92.243317,83.912506
97,0.808333,-0.006525,0.405164,0.007772,0.914188,-215.888245,92.245117,83.911934
98,0.816667,-0.006738,0.405101,0.007590,0.914215,-215.888947,92.247620,83.908447
99,0.825000,-0.006633,0.405195,0.007791,0.914173,-215.886688,92.244324,83.910736
100,0.833333,-0.006559,0.405224,0.007824,0.914160,-215.885300,92.243217,83.913239
101,0.841667,-0.006469,0.405221,0.008020,0.914161,-215.882828,92.241898,83.913040
102,0.850000,-0.006441,0.405220,0.008003,0.914162,-215.880081,92.242638,83.913536
103,0.858333,-0.006520,0.405212,0.008027,0.914164,-215.877274,92.241966,83.911430
104,0.866667,-0.006556,0.405110,0.007994,0.914210,-215.874405,92.241241,83.910721
105,0.875000,-0.006377,0.405068,0.007920,0.914230,-215.871689,92.242188,83.909546
106,0.883333,-0.006529,0.405055,0.007961,0.914235,-215.869812,92.243401,83.908028
107,0.891667,-0.006490,0.405028,0.007816,0.914248,-215.868454,92.244415,83.907074
108,0.900000,-0.006479,0.405041,0.007804,0.914242,-215.869141,92.244736,83.906570
109,0.908333,-0.006475,0.405040,0.007923,0.914242,-215.869873,92.243629,83.906708
110,0.916667,-0.006374,0.405073,0.007965,0.914227,-215.872650,92.242775,83.907455
111,0.925000,-0.006482,0.405089,0.007912,0.914220,-215.874619,92.242538,83.906425
112,0.933333,-0.006546,0.405080,0.007852,0.914224,-215.876816,92.242043,83.907616
113,0.941667,-0.006540,0.405094,0.007912,0.914217,-215.879272,92.242165,83.908981
114,0.950000,-0.006354,0.405147,0.007932,0.914195,-215.882111,92.242935,83.910423
115,0.958333,-0.006560,0.405167,0.007868,0.914185,-215.888092,92.245552,83.907990
116,0.966667,-0.006947,0.404905,0.007773,0.914299,-215.897156,92.247055,83.902710
117,0.975000,-0.007352,0.404517,0.007873,0.914467,-215.910004,92.247986,83.897430
118,0.983333,-0.007500,0.404169,0.008281,0.914616,-215.924164,92.247246,83.896950
119,0.991667,-0.007531,0.404067,0.008631,0.914658,-215.937637,92.246887,83.898994
120,1.000000,-0.007414,0.404090,0.009065,0.914645,-215.950867,92.246735,83.901680
121,1.008333,-0.007444,0.404154,0.009542,0.914611,-215.963699,92.246429,83.904968
122,1.016667,-0.007413,0.404194,0.009945,0.914589,-215.973022,92.245590,83.904747
123,1.025000,-0.007411,0.404194,0.010288,0.914585,-215.979004,92.243614,83.904671
124,1.033333,-0.007594,0.404214,0.010513,0.914573,-215.982742,92.243401,83.904114
125,1.041667,-0.007743,0.404204,0.010597,0.914575,-215.987061,92.242569,83.904671
126,1.050000,-0.007731,0.404207,0.010793,0.914571,-215.992661,92.242996,83.905121
127,1.058333,-0.007742,0.404196,0.010817,0.914575,-216.001251,92.244232,83.906212
128,1.066667,-0.007743,0.404224,0.010989,0.914561,-216.010422,92.245193,83.910019
129,1.075000,-0.007713,0.404224,0.011477,0.914555,-216.022751,92.243095,83.913452
130,1.083333,-0.007838,0.404231,0.012084,0.914543,-216.037201,92.243813,83.919289
131,1.091667,-0.008000,0.404245,0.012442,0.914531,-216.052872,92.243355,83.924858
132,1.100000,-0.007919,0.404315,0.012789,0.914496,-216.069672,92.239861,83.930115
133,1.108333,-0.007910,0.404361,0.013229,0.914470,-216.087158,92.237854,83.934258
134,1.116667,-0.008156,0.404395,0.013772,0.914445,-216.100266,92.235352,83.938896
135,1.125000,-0.008349,0.404449,0.014196,0.914412,-216.112274,92.233589,83.941544
136,1.133333,-0.008414,0.404528,0.014401,0.914374,-216.121750,92.232254,83.944214
137,1.141667,-0.008284,0.404494,0.014689,0.914385,-216.130249,92.230324,83.946625
138,1.150000,-0.007824,0.404422,0.016651,0.914388,-216.154663,92.215057,83.956680
139,1.158333,-0.007630,0.404428,0.017181,0.914377,-216.163345,92.211357,83.960152
140,1.166667,-0.007577,0.404667,0.017379,0.914267,-216.168259,92.211174,83.964554
141,1.175000,-0.007485,0.404813,0.017574,0.914200,-216.173721,92.210403,83.967850
142,1.183333,-0.007644,0.404894,0.017788,0.914159,-216.180756,92.209015,83.969185
143,1.191667,-0.007886,0.404867,0.017899,0.914167,-216.189056,92.209229,83.970848
144,1.200000,-0.008018,0.404800,0.017546,0.914202,-216.185211,92.213516,83.965935
145,1.208333,-0.008357,0.404677,0.016458,0.914273,-216.189240,92.222824,83.963394
146,1.216667,-0.008585,0.404252,0.016020,0.914467,-216.198914,92.231224,83.963821
147,1.225000,-0.008756,0.404098,0.016107,0.914532,-216.208832,92.234871,83.964394
148,1.233333,-0.009772,0.404054,0.017722,0.914512,-216.223312,92.243324,83.965218
149,1.241667,-0.010128,0.403857,0.018481,0.914579,-216.235931,92.244736,83.970016
150,1.250000,-0.010363,0.403567,0.018951,0.914695,-216.249969,92.243149,83.975311
151,1.258333,-0.010539,0.403421,0.019415,0.914748,-216.263657,92.242882,83.980080
152,1.266667,-0.010743,0.403325,0.019912,0.914777,-216.276459,92.243484,83.981178
153,1.275000,-0.010949,0.403165,0.020052,0.914842,-216.287994,92.244255,83.981750
154,1.283333,-0.011190,0.402960,0.020267,0.914925,-216.298843,92.245644,83.982971
155,1.291667,-0.011358,0.402902,0.020503,0.914943,-216.307785,92.247131,83.982399
156,1.300000,-0.011328,0.402914,0.020675,0.914934,-216.315155,92.248955,83.981079
157,1.308333,-0.011157,0.402790,0.020986,0.914984,-216.320038,92.248657,83.981941
158,1.316667,-0.011088,0.402710,0.021232,0.915014,-216.324966,92.249367,83.982315
159,1.325000,-0.011108,0.402758,0.021353,0.914990,-216.328934,92.248283,83.983421
160,1.333333,-0.011267,0.402743,0.021538,0.914990,-216.333420,92.248352,83.984299
161,1.341667,-0.011265,0.402618,0.021781,0.915040,-216.339447,92.249725,83.985916
162,1.350000,-0.011321,0.402547,0.021873,0.915068,-216.347153,92.250435,83.986382
163,1.358333,-0.011319,0.402472,0.022244,0.915092,-216.356369,92.250862,83.988281
164,1.366667,-0.011284,0.402425,0.022541,0.915106,-216.368683,92.251373,83.989487
165,1.375000,-0.011313,0.402367,0.022921,0.915122,-216.378662,92.249435,83.990196
166,1.383333,-0.011564,0.402178,0.023284,0.915192,-216.386749,92.249588,83.990959
167,1.391667,-0.011634,0.401787,0.023504,0.915358,-216.392136,92.248650,83.991241
168,1.400000,-0.011510,0.400959,0.023452,0.915724,-216.392609,92.245300,83.993317
169,1.408333,-0.011687,0.400473,0.023374,0.915936,-216.388733,92.243340,83.994247
170,1.416667,-0.011734,0.400341,0.023346,0.915994,-216.383942,92.242882,83.996147
171,1.425000,-0.011701,0.400366,0.023245,0.915986,-216.382187,92.242744,83.996651
172,1.433333,-0.011849,0.400311,0.023373,0.916005,-216.383057,92.244888,83.995865
173,1.441667,-0.011895,0.400347,0.023413,0.915987,-216.382629,92.245705,83.996216
174,1.450000,-0.011786,0.400334,0.023224,0.915999,-216.384430,92.245552,83.996796
175,1.458333,-0.011624,0.400311,0.023142,0.916013,-216.383408,92.245827,83.997604
176,1.466667,-0.011705,0.400364,0.023172,0.915989,-216.379791,92.245628,83.996857
177,1.475000,-0.011712,0.400339,0.023055,0.916002,-216.374390,92.243866,83.995270
178,1.483333,-0.011752,0.400405,0.023021,0.915973,-216.370422,92.243523,83.994637
179,1.491667,-0.011717,0.400322,0.023011,0.916011,-216.368027,92.243446,83.994926
180,1.500000,-0.011795,0.400292,0.022786,0.916028,-216.367340,92.245193,83.994278
181,1.508333,-0.011800,0.400284,0.022870,0.916030,-216.370438,92.245132,83.993294
182,1.516667,-0.011869,0.400288,0.022795,0.916029,-216.374039,92.246414,83.994080
183,1.525000,-0.011926,0.400278,0.023085,0.916025,-216.379120,92.247437,83.993919
184,1.533333,-0.011764,0.400264,0.023344,0.916027,-216.385986,92.246841,83.995186
185,1.541667,-0.011742,0.400347,0.023397,0.915990,-216.393463,92.248154,83.997429
186,1.550000,-0.011812,0.400382,0.023514,0.915970,-216.400360,92.245392,83.998833
187,1.558333,-0.011795,0.400461,0.023638,0.915933,-216.403152,92.242882,83.999565
188,1.566667,-0.011805,0.400544,0.023849,0.915891,-216.405441,92.243095,84.000702
189,1.575000,-0.011859,0.400551,0.023947,0.915884,-216.405899,92.241890,84.000519
190,1.583333,-0.011849,0.400511,0.024067,0.915899,-216.404816,92.240730,84.000694
191,1.591667,-0.011747,0.400476,0.024137,0.915914,-216.402359,92.241165,84.001831
192,1.600000,-0.011681,0.400472,0.024158,0.915916,-216.400330,92.243195,84.001923
193,1.608333,-0.011700,0.400442,0.024054,0.915932,-216.397263,92.245224,84.000092
194,1.616667,-0.011667,0.400388,0.023771,0.915963,-216.394882,92.245590,83.998772
195,1.625000,-0.011910,0.400336,0.023645,0.915986,-216.393250,92.247414,83.997665
196,1.633333,-0.011916,0.400346,0.023397,0.915988,-216.390869,92.248650,83.997795
197,1.641667,-0.011734,0.400350,0.023386,0.915989,-216.389130,92.246994,83.997078
198,1.650000,-0.011588,0.400393,0.023470,0.915970,-216.389725,92.247681,83.996071
199,1.658333,-0.011629,0.400361,0.023573,0.915981,-216.393524,92.247620,83.995209
200,1.666667,-0.011865,0.400452,0.023661,0.915936,-216.395660,92.245590,83.994781
201,1.675000,-0.011943,0.400460,0.023529,0.915934,-216.397232,92.245316,83.993820
202,1.683333,-0.011931,0.400470,0.023620,0.915928,-216.400650,92.245239,83.993271
203,1.691667,-0.011787,0.400492,0.023664,0.915919,-216.401978,92.245117,83.992958
204,1.700000,-0.011585,0.400592,0.023754,0.915875,-216.402863,92.244141,83.992523
205,1.708333,-0.011592,0.400599,0.023830,0.915870,-216.404800,92.244728,83.992676
206,1.716667,-0.011499,0.400585,0.023773,0.915879,-216.405487,92.243759,83.993538
207,1.725000,-0.011531,0.400567,0.023861,0.915884,-216.406036,92.242744,83.993927
208,1.733333,-0.011599,0.400597,0.023856,0.915870,-216.405945,92.242500,83.993164
209,1.741667,-0.011621,0.400565,0.023883,0.915883,-216.404892,92.242958,83.992813
210,1.750000,-0.011561,0.400477,0.023847,0.915924,-216.402222,92.244286,83.993309
211,1.758333,-0.011592,0.400414,0.023831,0.915951,-216.398483,92.244514,83.993111
212,1.766667,-0.011699,0.400436,0.023685,0.915944,-216.396194,92.244759,83.992371
213,1.775000,-0.011689,0.400427,0.023610,0.915950,-216.393585,92.245445,83.992020
214,1.783333,-0.011792,0.400334,0.023685,0.915987,-216.391800,92.248138,83.990868
215,1.791667,-0.011636,0.400274,0.023560,0.916019,-216.390411,92.248299,83.990952
216,1.800000,-0.011623,0.400337,0.023649,0.915989,-216.390366,92.248383,83.990807
217,1.808333,-0.011664,0.400368,0.023693,0.915974,-216.391678,92.248711,83.991135
218,1.816667,-0.011603,0.400318,0.023594,0.915999,-216.393326,92.247787,83.989853
219,1.825000,-0.011613,0.400376,0.023652,0.915972,-216.394974,92.246407,83.989624
220,1.833333,-0.011589,0.400410,0.023679,0.915957,-216.397339,92.245689,83.989296
221,1.841667,-0.011632,0.400412,0.023787,0.915953,-216.399078,92.245613,83.990372
222,1.850000,-0.011563,0.400431,0.023791,0.915945,-216.400070,92.244606,83.990532
223,1.858333,-0.011563,0.400465,0.023908,0.915927,-216.401169,92.243835,83.990967
224,1.866667,-0.011633,0.400430,0.023808,0.915944,-216.402603,92.245010,83.990189
225,1.875000,-0.011557,0.400488,0.023743,0.915921,-216.402466,92.243591,83.990440
226,1.883333,-0.011533,0.400512,0.023777,0.915910,-216.402679,92.243317,83.991158
227,1.891667,-0.011657,0.400479,0.023702,0.915925,-216.400070,92.243591,83.991516
228,1.900000,-0.011721,0.400402,0.023835,0.915955,-216.398483,92.244324,83.992691
229,1.908333,-0.011597,0.400443,0.023767,0.915940,-216.395737,92.245430,83.993217
230,1.916667,-0.011472,0.400474,0.023750,0.915928,-216.393417,92.245216,83.993065
231,1.925000,-0.011587,0.400432,0.023716,0.915946,-216.392181,92.246201,83.992043
232,1.933333,-0.011715,0.400426,0.023652,0.915949,-216.391495,92.246887,83.992645
233,1.941667,-0.011651,0.400440,0.023567,0.915946,-216.391495,92.247375,83.992233
234,1.950000,-0.011689,0.400417,0.023448,0.915959,-216.393204,92.246994,83.990913
235,1.958333,-0.011703,0.400458,0.023414,0.915941,-216.394562,92.245796,83.990685
236,1.966667,-0.011779,0.400490,0.023380,0.915927,-216.397858,92.246101,83.990868
237,1.975000,-0.011682,0.400537,0.023538,0.915904,-216.400528,92.246216,83.991501
238,1.983333,-0.011611,0.400437,0.023532,0.915948,-216.403793,92.246887,83.991394
239,1.991667,-0.011615,0.400513,0.023629,0.915913,-216.405518,92.245758,83.990929
240,2.000000,-0.011603,0.400589,0.023665,0.915879,-216.408066,92.244080,83.990814
241,2.008333,-0.011540,0.400634,0.023784,0.915857,-216.408508,92.242889,83.992104
242,2.016667,-0.011553,0.400648,0.023851,0.915849,-216.409134,92.242638,83.992790
243,2.025000,-0.011647,0.400613,0.024000,0.915859,-216.408997,92.243729,83.993828
244,2.033333,-0.011750,0.400597,0.024044,0.915864,-216.408798,92.245361,83.994270
245,2.041667,-0.011689,0.400561,0.024054,0.915880,-216.408234,92.244705,83.994583
246,2.050000,-0.011687,0.400576,0.024003,0.915875,-216.406921,92.244431,83.994812
247,2.058333,-0.011837,0.400590,0.024103,0.915864,-216.405792,92.244659,83.995613
248,2.066667,-0.011890,0.400562,0.023941,0.915880,-216.404541,92.246857,83.995537
249,2.075000,-0.011787,0.400527,0.024004,0.915895,-216.403534,92.246712,83.996078
250,2.083333,-0.011782,0.400522,0.023879,0.915900,-216.401764,92.246216,83.995056
251,2.091667,-0.011794,0.400488,0.023796,0.915917,-216.401489,92.246689,83.995018
252,2.100000,-0.011802,0.400558,0.023864,0.915884,-216.401718,92.246605,83.995316
253,2.108333,-0.011771,0.400646,0.023654,0.915852,-216.404541,92.247620,83.995354
254,2.116667,-0.011691,0.400700,0.023791,0.915826,-216.407822,92.246689,83.995255
255,2.125000,-0.011702,0.400752,0.023985,0.915798,-216.411133,92.246445,83.994690
256,2.133333,-0.011658,0.400723,0.024113,0.915808,-216.413757,92.245575,83.994492
257,2.141667,-0.011839,0.400697,0.024122,0.915816,-216.417511,92.246643,83.993927
258,2.150000,-0.011757,0.400725,0.024052,0.915807,-216.418808,92.245468,83.993790
259,2.158333,-0.011796,0.400709,0.023965,0.915816,-216.418839,92.246086,83.993813
260,2.166667,-0.011737,0.400671,0.024086,0.915830,-216.419342,92.246368,83.995399
261,2.175000,-0.011617,0.400732,0.024029,0.915806,-216.419083,92.247681,83.995491
262,2.183333,-0.011822,0.400711,0.024030,0.915813,-216.418167,92.247574,83.994781
263,2.191667,-0.011856,0.400720,0.024102,0.915807,-216.416351,92.248032,83.995377
264,2.200000,-0.011902,0.400742,0.024062,0.915798,-216.414780,92.246391,83.996086
265,2.208333,-0.011864,0.400754,0.024102,0.915792,-216.413452,92.246094,83.995659
266,2.216667,-0.011956,0.400684,0.024124,0.915821,-216.412308,92.246407,83.995445
267,2.225000,-0.011963,0.400653,0.024065,0.915836,-216.410858,92.246796,83.995209
268,2.233333,-0.011908,0.400665,0.024013,0.915833,-216.410278,92.246933,83.995697
269,2.241667,-0.011843,0.400707,0.024173,0.915811,-216.410904,92.246307,83.996338
270,2.250000,-0.011873,0.400679,0.024279,0.915820,-216.412094,92.247787,83.996132
271,2.258333,-0.011893,0.400665,0.024243,0.915826,-216.412735,92.247734,83.995605
272,2.266667,-0.011923,0.400667,0.024234,0.915826,-216.413574,92.246956,83.994781
273,2.275000,-0.011935,0.400667,0.024235,0.915825,-216.414932,92.246368,83.994736
274,2.283333,-0.011967,0.400686,0.024308,0.915815,-216.417450,92.246841,83.994827
275,2.291667,-0.011962,0.400726,0.024370,0.915796,-216.418365,92.245644,83.994850
276,2.300000,-0.011879,0.400835,0.024420,0.915748,-216.420502,92.246513,83.995613
277,2.308333,-0.011822,0.400801,0.024356,0.915765,-216.421127,92.246498,83.995857
278,2.316667,-0.011904,0.400791,0.024463,0.915766,-216.421127,92.245819,83.995491
279,2.325000,-0.011977,0.400741,0.024487,0.915786,-216.419907,92.245636,83.995667
280,2.333333,-0.012018,0.400730,0.024515,0.915789,-216.419266,92.246284,83.996613
281,2.341667,-0.011996,0.400761,0.024485,0.915777,-216.417938,92.246117,83.997604
282,2.350000,-0.011898,0.400713,0.024429,0.915800,-216.416504,92.246918,83.998024
283,2.358333,-0.011821,0.400666,0.024323,0.915825,-216.413742,92.246437,83.997482
284,2.366667,-0.011785,0.400656,0.024213,0.915833,-216.412384,92.246368,83.998016
285,2.375000,-0.011960,0.400707,0.024189,0.915809,-216.412399,92.245987,83.997253
286,2.383333,-0.012000,0.400705,0.024248,0.915808,-216.412857,92.247063,83.996719
287,2.391667,-0.011867,0.400703,0.024384,0.915807,-216.412491,92.246330,83.996460
288,2.400000,-0.011924,0.400730,0.024348,0.915795,-216.413742,92.247276,83.996101
289,2.408333,-0.011956,0.400720,0.024291,0.915800,-216.414932,92.247704,83.996002
290,2.416667,-0.011971,0.400726,0.024328,0.915797,-216.416412,92.249245,83.994423
291,2.425000,-0.012065,0.400708,0.024356,0.915803,-216.416809,92.249176,83.994598
292,2.433333,-0.012015,0.400708,0.024443,0.915801,-216.417740,92.247337,83.994446
293,2.441667,-0.011944,0.400733,0.024478,0.915790,-216.419357,92.246971,83.994934
294,2.450000,-0.012014,0.400749,0.024583,0.915779,-216.420532,92.247437,83.994743
295,2.458333,-0.012011,0.400774,0.024610,0.915768,-216.421082,92.247757,83.994156
296,2.466667,-0.012055,0.400819,0.024665,0.915746,-216.420715,92.247070,83.996246
297,2.475000,-0.011959,0.400834,0.024502,0.915745,-216.420105,92.247322,83.996964
298,2.483333,-0.011941,0.400746,0.024465,0.915785,-216.418884,92.246902,83.996979
299,2.491667,-0.011907,0.400731,0.024327,0.915795,-216.417725,92.246735,83.996948
300,2.500000,-0.011996,0.400725,0.024144,0.915802,-216.416550,92.247681,83.995995
301,2.508333,-0.011929,0.400708,0.024278,0.915806,-216.415619,92.248001,83.996704
302,2.516667,-0.011953,0.400665,0.024213,0.915827,-216.414642,92.248543,83.997299
303,2.525000,-0.011935,0.400671,0.024280,0.915823,-216.414383,92.248314,83.997368
304,2.533333,-0.011848,0.400705,0.024227,0.915810,-216.413498,92.247864,83.996902
305,2.541667,-0.011990,0.400700,0.024387,0.915806,-216.413284,92.247269,83.996155
306,2.550000,-0.011946,0.400706,0.024336,0.915805,-216.414459,92.247322,83.996185
307,2.558333,-0.011847,0.400744,0.024466,0.915787,-216.415955,92.246284,83.995888
308,2.566667,-0.011972,0.400741,0.024461,0.915787,-216.418274,92.246964,83.995193
309,2.575000,-0.012020,0.400763,0.024439,0.915777,-216.418381,92.247154,83.994522
310,2.583333,-0.011907,0.400745,0.024480,0.915785,-216.419128,92.247086,83.994637
311,2.591667,-0.011880,0.400735,0.024578,0.915787,-216.419571,92.248245,83.995232
312,2.600000,-0.011822,0.400740,0.024552,0.915787,-216.420715,92.249107,83.995728
313,2.608333,-0.011887,0.400790,0.024547,0.915764,-216.421005,92.248314,83.995636
314,2.616667,-0.011845,0.400748,0.024569,0.915782,-216.420715,92.246513,83.997673
315,2.625000,-0.012056,0.400811,0.024505,0.915754,-216.420059,92.247162,83.997421
316,2.633333,-0.011947,0.400746,0.024511,0.915784,-216.419891,92.247025,83.997093
317,2.641667,-0.011834,0.400705,0.024422,0.915805,-216.418793,92.246117,83.997635
318,2.650000,-0.011875,0.400679,0.024405,0.915817,-216.418320,92.246750,83.996727
319,2.658333,-0.012089,0.400688,0.024380,0.915810,-216.417221,92.248207,83.995712
320,2.666667,-0.011935,0.400707,0.024349,0.915805,-216.417145,92.247826,83.995277
321,2.675000,-0.011871,0.400665,0.024379,0.915823,-216.417068,92.247101,83.995560
322,2.683333,-0.011964,0.400646,0.024341,0.915832,-216.416748,92.247063,83.996391
323,2.691667,-0.012082,0.400725,0.024334,0.915795,-216.417511,92.247322,83.996376
324,2.700000,-0.011925,0.400712,0.024535,0.915798,-216.418106,92.246521,83.995483
325,2.708333,-0.011843,0.400774,0.024670,0.915768,-216.418808,92.247604,83.994797
326,2.716667,-0.011782,0.400766,0.024555,0.915775,-216.419952,92.248062,83.995369
327,2.725000,-0.011920,0.400686,0.024419,0.915812,-216.420502,92.248123,83.995132
328,2.733333,-0.011959,0.400695,0.024491,0.915806,-216.421051,92.248558,83.994987
329,2.741667,-0.012027,0.400723,0.024618,0.915789,-216.420700,92.247597,83.995178
330,2.750000,-0.011948,0.400719,0.024491,0.915796,-216.421051,92.248337,83.996582
331,2.758333,-0.011886,0.400775,0.024437,0.915773,-216.421036,92.248756,83.996719
332,2.766667,-0.011925,0.400754,0.024543,0.915779,-216.420334,92.247406,83.996948
333,2.775000,-0.012049,0.400696,0.024474,0.915805,-216.420029,92.246857,83.996796
334,2.783333,-0.011963,0.400711,0.024497,0.915799,-216.418671,92.246536,83.998032
335,2.791667,-0.011892,0.400714,0.024351,0.915802,-216.417572,92.248741,83.997345
336,2.800000,-0.011989,0.400693,0.024322,0.915811,-216.417938,92.248741,83.997139
337,2.808333,-0.012170,0.400680,0.024276,0.915816,-216.416595,92.249130,83.995430
338,2.816667,-0.012175,0.400722,0.024326,0.915796,-216.416138,92.249115,83.995338
339,2.825000,-0.012199,0.400703,0.024390,0.915802,-216.415695,92.248947,83.994865
340,2.833333,-0.012139,0.400705,0.024390,0.915802,-216.415436,92.248093,83.994392
341,2.841667,-0.012040,0.400663,0.024350,0.915823,-216.416306,92.248955,83.994888
342,2.850000,-0.011916,0.400714,0.024493,0.915798,-216.416519,92.247620,83.995071
343,2.858333,-0.011972,0.400687,0.024454,0.915811,-216.417526,92.247803,83.995499
344,2.866667,-0.012108,0.400691,0.024467,0.915806,-216.418076,92.247139,83.995422
345,2.875000,-0.012099,0.400670,0.024425,0.915817,-216.419556,92.247368,83.995979
346,2.883333,-0.012143,0.400661,0.024419,0.915820,-216.419937,92.247101,83.995598
347,2.891667,-0.012029,0.400715,0.024668,0.915792,-216.420105,92.246895,83.996552
348,2.900000,-0.011854,0.400748,0.024635,0.915780,-216.420883,92.247543,83.997841
349,2.908333,-0.011958,0.400737,0.024525,0.915787,-216.421005,92.248276,83.996941
350,2.916667,-0.012059,0.400709,0.024398,0.915801,-216.420609,92.247536,83.997162
351,2.925000,-0.012103,0.400695,0.024354,0.915808,-216.419952,92.247406,83.996254
352,2.933333,-0.012093,0.400656,0.024383,0.915824,-216.419220,92.248825,83.995872
353,2.941667,-0.011981,0.400685,0.024511,0.915810,-216.418243,92.249084,83.996429
354,2.950000,-0.011945,0.400740,0.024489,0.915787,-216.417618,92.249313,83.997673
355,2.958333,-0.012025,0.400721,0.024365,0.915797,-216.417908,92.249580,83.997238
356,2.966667,-0.012055,0.400687,0.024453,0.915809,-216.416885,92.247665,83.996590
357,2.975000,-0.011983,0.400631,0.024474,0.915834,-216.416931,92.247627,83.996574
358,2.983333,-0.012029,0.400700,0.024606,0.915800,-216.416595,92.248077,83.996208
359,2.991667,-0.012004,0.400675,0.024616,0.915811,-216.416962,92.248459,83.996361
360,3.000000,-0.011976,0.400691,0.024551,0.915806,-216.417694,92.248413,83.996185
361,3.008333,-0.012137,0.400733,0.024555,0.915786,-216.418503,92.248199,83.995667
362,3.016667,-0.012190,0.400729,0.024398,0.915791,-216.419357,92.248787,83.995476
363,3.025000,-0.012069,0.400705,0.024456,0.915801,-216.418488,92.247673,83.995834
364,3.033333,-0.011971,0.400642,0.024362,0.915833,-216.419052,92.248337,83.996544
365,3.041667,-0.012048,0.400695,0.024362,0.915808,-216.419525,92.248886,83.996101
366,3.050000,-0.012145,0.400706,0.024439,0.915800,-216.420197,92.248444,83.996971
367,3.058333,-0.012188,0.400698,0.024510,0.915801,-216.419952,92.249878,83.996239
368,3.066667,-0.012157,0.400743,0.024287,0.915788,-216.419800,92.249420,83.996849
369,3.075000,-0.012153,0.400727,0.024439,0.915791,-216.419815,92.247940,83.996841
370,3.083333,-0.012060,0.400702,0.024473,0.915802,-216.419632,92.247856,83.997620
371,3.091667,-0.011957,0.400722,0.024515,0.915794,-216.419250,92.248497,83.997658
372,3.100000,-0.011914,0.400681,0.024444,0.915814,-216.419083,92.248131,83.997261
373,3.108333,-0.012057,0.400718,0.024459,0.915796,-216.419357,92.249176,83.997520
374,3.116667,-0.012075,0.400710,0.024541,0.915797,-216.418762,92.248230,83.997589
375,3.125000,-0.012105,0.400708,0.024591,0.915796,-216.418243,92.247650,83.996841
376,3.133333,-0.012129,0.400687,0.024551,0.915806,-216.419083,92.248245,83.995850
377,3.141667,-0.012022,0.400678,0.024462,0.915813,-216.419189,92.247864,83.995018
378,3.150000,-0.012075,0.400648,0.024470,0.915826,-216.419434,92.248039,83.995644
379,3.158333,-0.012046,0.400687,0.024465,0.915809,-216.419189,92.248840,83.996086
380,3.166667,-0.012065,0.400705,0.024475,0.915801,-216.418869,92.248169,83.995651
381,3.175000,-0.012030,0.400728,0.024438,0.915792,-216.419769,92.250557,83.996330
382,3.183333,-0.012034,0.400746,0.024456,0.915784,-216.419479,92.250565,83.995277
383,3.191667,-0.011970,0.400651,0.024546,0.915824,-216.419388,92.249153,83.996140
384,3.200000,-0.012012,0.400717,0.024486,0.915796,-216.420273,92.249512,83.996750
385,3.208333,-0.012011,0.400760,0.024442,0.915778,-216.420822,92.249031,83.996574
386,3.216667,-0.011985,0.400725,0.024436,0.915794,-216.420441,92.248543,83.997871
387,3.225000,-0.012031,0.400732,0.024573,0.915787,-216.420273,92.247482,83.997986
388,3.233333,-0.011937,0.400743,0.024570,0.915783,-216.419724,92.247269,83.999527
389,3.241667,-0.011951,0.400777,0.024479,0.915771,-216.418747,92.247215,84.000221
390,3.250000,-0.011975,0.400724,0.024618,0.915790,-216.418198,92.247513,84.000084
391,3.258333,-0.011975,0.400765,0.024698,0.915770,-216.416245,92.247078,83.998940
392,3.266667,-0.011983,0.400743,0.024584,0.915782,-216.414017,92.246887,83.998131
393,3.275000,-0.011992,0.400713,0.024630,0.915794,-216.410736,92.247414,83.996620
394,3.283333,-0.011971,0.400704,0.024438,0.915803,-216.407150,92.246918,83.998260
395,3.291667,-0.011926,0.400668,0.024188,0.915826,-216.404053,92.248795,84.000168
396,3.300000,-0.011801,0.400688,0.023985,0.915824,-216.400009,92.249176,84.004745
397,3.308333,-0.011589,0.400701,0.023899,0.915824,-216.395264,92.248169,84.012909
398,3.316667,-0.011464,0.400727,0.023906,0.915814,-216.392334,92.248962,84.021034
399,3.325000,-0.011213,0.400782,0.023802,0.915796,-216.391510,92.250519,84.031464
400,3.333333,-0.011146,0.400853,0.023737,0.915767,-216.390701,92.250153,84.042137
401,3.341667,-0.011043,0.400890,0.023655,0.915754,-216.388443,92.247719,84.054817
402,3.350000,-0.010743,0.400941,0.023727,0.915734,-216.384674,92.246330,84.068642
403,3.358333,-0.010160,0.400892,0.023508,0.915767,-216.382721,92.245255,84.089401
404,3.366667,-0.009374,0.401969,0.025704,0.915244,-216.369766,92.225128,84.128548
405,3.375000,-0.007968,0.401985,0.025722,0.915250,-216.358276,92.218575,84.161583
406,3.383333,-0.006357,0.401225,0.024068,0.915641,-216.357758,92.226006,84.190285
407,3.391667,-0.004614,0.400787,0.023035,0.915870,-216.347290,92.228943,84.218773
408,3.400000,-0.003422,0.400764,0.022320,0.915903,-216.325333,92.233620,84.248886
409,3.408333,-0.001865,0.402054,0.025329,0.915264,-216.284134,92.205460,84.297958
410,3.416667,-0.000752,0.402095,0.024894,0.915259,-216.261475,92.205254,84.320892
411,3.425000,0.000067,0.401994,0.024641,0.915311,-216.247009,92.203430,84.332794
412,3.433333,0.000844,0.401619,0.025659,0.915447,-216.253922,92.190102,84.346191
413,3.441667,0.000688,0.401485,0.023057,0.915575,-216.259354,92.210899,84.357605
414,3.450000,0.000762,0.401229,0.022695,0.915696,-216.258759,92.215019,84.363388
415,3.458333,0.000703,0.401111,0.022823,0.915745,-216.258957,92.218674,84.369339
416,3.466667,0.000584,0.401076,0.022847,0.915760,-216.259583,92.222420,84.374756
417,3.475000,0.000468,0.401034,0.022933,0.915776,-216.259415,92.222885,84.377579
418,3.483333,0.000504,0.400934,0.022929,0.915820,-216.260117,92.223061,84.380783
419,3.491667,0.000653,0.400739,0.022923,0.915905,-216.259811,92.223747,84.381218
420,3.500000,0.000727,0.400744,0.023000,0.915901,-216.259033,92.223076,84.387604
421,3.508333,0.001021,0.400749,0.023080,0.915896,-216.259415,92.224052,84.396873
422,3.516667,0.001254,0.400661,0.023186,0.915932,-216.259674,92.224075,84.407486
423,3.525000,0.001405,0.400584,0.023274,0.915963,-216.260574,92.227264,84.419731
424,3.533333,0.001614,0.400462,0.023378,0.916014,-216.262268,92.229492,84.430397
425,3.541667,0.001727,0.400408,0.023479,0.916035,-216.264587,92.231812,84.438141
426,3.550000,0.001779,0.400398,0.023710,0.916033,-216.266174,92.231552,84.441765
427,3.558333,0.001806,0.400387,0.023762,0.916036,-216.269257,92.231628,84.444832
428,3.566667,0.001742,0.400405,0.023865,0.916026,-216.272812,92.230980,84.441109
429,3.575000,0.001542,0.400388,0.023878,0.916033,-216.278198,92.230148,84.432800
430,3.583333,0.001164,0.400370,0.023790,0.916044,-216.283722,92.227463,84.419182
431,3.591667,0.000783,0.400125,0.023668,0.916155,-216.281677,92.223778,84.386566
432,3.600000,0.000423,0.400603,0.025576,0.915895,-216.276718,92.203094,84.357162
433,3.608333,-0.001029,0.400163,0.023662,0.916138,-216.291229,92.214394,84.323540
434,3.616667,-0.002324,0.399588,0.022160,0.916424,-216.309448,92.229866,84.287056
435,3.625000,-0.002972,0.399376,0.021708,0.916526,-216.322189,92.239220,84.265724
436,3.633333,-0.002641,0.399252,0.021835,0.916577,-216.331909,92.244751,84.275383
437,3.641667,-0.001772,0.399225,0.021878,0.916590,-216.338638,92.263138,84.299973
438,3.650000,-0.000827,0.399306,0.022014,0.916553,-216.338898,92.296936,84.333168
439,3.658333,-0.000414,0.399186,0.022632,0.916591,-216.337112,92.339890,84.359222
440,3.666667,0.000602,0.399055,0.023563,0.916624,-216.325287,92.396210,84.369308
441,3.675000,-0.000544,0.399019,0.024774,0.916608,-216.316986,92.464157,84.373894
442,3.683333,-0.001391,0.398712,0.024750,0.916741,-216.314484,92.520248,84.381706
443,3.691667,-0.001692,0.398719,0.024307,0.916750,-216.319733,92.569870,84.394196
444,3.700000,-0.001540,0.398669,0.024047,0.916778,-216.324493,92.611282,84.411263
445,3.708333,-0.000887,0.399682,0.025825,0.916290,-216.317703,92.641426,84.439247
446,3.716667,-0.000329,0.399395,0.024079,0.916462,-216.317459,92.705933,84.450523
447,3.725000,0.000204,0.399419,0.023934,0.916456,-216.330414,92.765381,84.465248
448,3.733333,-0.000472,0.399538,0.023278,0.916421,-216.318436,92.828705,84.467293
449,3.741667,-0.001917,0.399316,0.022094,0.916545,-216.309616,92.896111,84.466919
450,3.750000,-0.003015,0.399013,0.021160,0.916696,-216.300583,92.959091,84.462585
451,3.758333,-0.003573,0.398955,0.021407,0.916714,-216.291626,93.007195,84.465660
452,3.766667,-0.004358,0.399017,0.022731,0.916651,-216.289658,93.056747,84.473091
453,3.775000,-0.003095,0.399001,0.023818,0.916636,-216.293213,93.111092,84.476219
454,3.783333,-0.002748,0.399151,0.023835,0.916571,-216.298157,93.167374,84.480263
455,3.791667,-0.003212,0.399338,0.023221,0.916504,-216.299683,93.224976,84.483704
456,3.800000,-0.003730,0.399480,0.022086,0.916468,-216.298370,93.291893,84.489594
457,3.808333,-0.003597,0.399810,0.021520,0.916338,-216.296722,93.356789,84.496918
458,3.816667,-0.003526,0.400035,0.021863,0.916232,-216.297272,93.414680,84.498505
459,3.825000,-0.003950,0.400106,0.022302,0.916189,-216.297668,93.464798,84.497772
460,3.833333,-0.004795,0.400225,0.022489,0.916129,-216.296906,93.512794,84.502464
461,3.841667,-0.005194,0.399981,0.022309,0.916237,-216.294556,93.560806,84.509865
462,3.850000,-0.005661,0.399978,0.022984,0.916219,-216.290359,93.613396,84.511169
463,3.858333,-0.005652,0.400687,0.025128,0.915853,-216.276794,93.649307,84.521233
464,3.866667,-0.005556,0.400776,0.025411,0.915807,-216.268661,93.694351,84.528374
465,3.875000,-0.005157,0.400821,0.025601,0.915784,-216.262848,93.735252,84.537506
466,3.883333,-0.004887,0.400883,0.025673,0.915757,-216.259521,93.775406,84.544930
467,3.891667,-0.005411,0.400800,0.023180,0.915856,-216.266006,93.839333,84.547676
468,3.900000,-0.006083,0.400474,0.020995,0.916048,-216.270477,93.904976,84.544495
469,3.908333,-0.006487,0.400223,0.019788,0.916181,-216.268845,93.968132,84.537392
470,3.916667,-0.006850,0.399834,0.020240,0.916339,-216.284973,94.030579,84.537582
471,3.925000,-0.007437,0.399631,0.020277,0.916422,-216.271973,94.096741,84.527153
472,3.933333,-0.008546,0.399735,0.021049,0.916349,-216.264252,94.162544,84.520599
473,3.941667,-0.009563,0.399959,0.020945,0.916244,-216.260284,94.222733,84.515488
474,3.950000,-0.010012,0.400137,0.020601,0.916169,-216.254669,94.274994,84.509224
475,3.958333,-0.010376,0.400216,0.019646,0.916151,-216.253830,94.328339,84.506561
476,3.966667,-0.010795,0.400378,0.019022,0.916089,-216.257355,94.378380,84.500679
477,3.975000,-0.011329,0.400624,0.018469,0.915986,-216.262360,94.429420,84.497086
478,3.983333,-0.012286,0.400966,0.018898,0.915816,-216.277023,94.475426,84.506081
479,3.991667,-0.013276,0.400936,0.018446,0.915824,-216.265015,94.527840,84.497093
480,4.000000,-0.013949,0.400762,0.017897,0.915901,-216.251541,94.582603,84.488312
481,4.008333,-0.014828,0.400744,0.018525,0.915883,-216.242722,94.638451,84.477356
482,4.016667,-0.015129,0.400772,0.018999,0.915856,-216.234589,94.689545,84.471848
483,4.025000,-0.014976,0.400717,0.018898,0.915885,-216.231232,94.736870,84.470490
484,4.033333,-0.014845,0.400609,0.018665,0.915939,-216.229889,94.777313,84.468452
485,4.041667,-0.014416,0.401366,0.020172,0.915582,-216.224167,94.798645,84.479439
486,4.050000,-0.014440,0.401522,0.020226,0.915512,-216.226028,94.831314,84.477959
487,4.058333,-0.014863,0.400882,0.018880,0.915815,-216.235352,94.873718,84.466492
488,4.066667,-0.015246,0.400389,0.018589,0.916030,-216.254471,94.909088,84.461662
489,4.075000,-0.016455,0.400586,0.017408,0.915946,-216.240616,94.956467,84.449409
490,4.083333,-0.017613,0.400779,0.015972,0.915866,-216.230438,95.005997,84.439362
491,4.091667,-0.018445,0.400774,0.014780,0.915872,-216.222382,95.055176,84.430626
492,4.100000,-0.019488,0.400548,0.013702,0.915966,-216.218872,95.104233,84.420235
493,4.108333,-0.020545,0.400345,0.012789,0.916045,-216.218750,95.146431,84.406944
494,4.116667,-0.021315,0.400297,0.012549,0.916051,-216.216034,95.179764,84.401764
495,4.125000,-0.022230,0.400705,0.013458,0.915839,-216.211960,95.212494,84.399567
496,4.133333,-0.022362,0.401022,0.013985,0.915689,-216.206329,95.238152,84.398544
497,4.141667,-0.022208,0.401296,0.014212,0.915569,-216.202805,95.259026,84.399017
498,4.150000,-0.021812,0.401386,0.014655,0.915532,-216.200882,95.278252,84.402000
499,4.158333,-0.021449,0.401495,0.015199,0.915484,-216.201706,95.294441,84.405701
500,4.166667,-0.021513,0.401550,0.015643,0.915451,-216.200806,95.308594,84.408524
501,4.175000,-0.021376,0.401571,0.016094,0.915437,-216.198807,95.322128,84.413490
502,4.183333,-0.021279,0.401689,0.017441,0.915363,-216.210724,95.327728,84.427765
503,4.191667,-0.021273,0.401774,0.017707,0.915321,-216.210220,95.344200,84.432564
504,4.200000,-0.021632,0.401932,0.017467,0.915247,-216.193909,95.366928,84.426163
505,4.208333,-0.022172,0.401970,0.017015,0.915226,-216.183350,95.395111,84.422623
506,4.216667,-0.022176,0.402018,0.016514,0.915214,-216.177063,95.429611,84.421135
507,4.225000,-0.021981,0.402016,0.015948,0.915230,-216.176346,95.467667,84.418304
508,4.233333,-0.021819,0.402032,0.015369,0.915236,-216.175323,95.504341,84.415268
509,4.241667,-0.021964,0.402004,0.014984,0.915252,-216.175797,95.531448,84.411812
510,4.250000,-0.022011,0.402069,0.014775,0.915226,-216.175049,95.550232,84.411003
511,4.258333,-0.021999,0.402069,0.014668,0.915228,-216.174393,95.565033,84.412346
512,4.266667,-0.021759,0.402185,0.014789,0.915180,-216.172760,95.578552,84.413811
513,4.275000,-0.021594,0.402204,0.014857,0.915175,-216.171814,95.594040,84.416183
514,4.283333,-0.021205,0.402235,0.014958,0.915169,-216.171005,95.612793,84.418152
515,4.291667,-0.020977,0.402280,0.015105,0.915152,-216.168503,95.633400,84.414970
516,4.300000,-0.021031,0.402277,0.014756,0.915158,-216.166595,95.662613,84.409790
517,4.308333,-0.020883,0.402331,0.014596,0.915140,-216.160416,95.690842,84.408928
518,4.316667,-0.020825,0.402420,0.014398,0.915105,-216.158340,95.718712,84.408096
519,4.325000,-0.021808,0.402605,0.015497,0.914983,-216.157562,95.748428,84.401474
520,4.333333,-0.022418,0.402778,0.015738,0.914888,-216.153885,95.770111,84.398384
521,4.341667,-0.022763,0.402825,0.015398,0.914864,-216.149933,95.785858,84.398804
522,4.350000,-0.022996,0.402719,0.014954,0.914912,-216.147476,95.800537,84.402016
523,4.358333,-0.023476,0.402706,0.015001,0.914905,-216.146042,95.816444,84.400551
524,4.366667,-0.023967,0.402688,0.014860,0.914903,-216.143845,95.832901,84.398903
525,4.375000,-0.024197,0.402678,0.014869,0.914901,-216.140701,95.850006,84.398392
526,4.383333,-0.024554,0.402849,0.014790,0.914818,-216.136353,95.868591,84.395508
527,4.391667,-0.024845,0.402900,0.014702,0.914789,-216.131973,95.885551,84.393135
528,4.400000,-0.025064,0.402929,0.014558,0.914772,-216.127945,95.898521,84.392128
529,4.408333,-0.025093,0.402923,0.014530,0.914775,-216.120880,95.910233,84.392174
530,4.416667,-0.025046,0.403015,0.014446,0.914737,-216.111496,95.926926,84.392952
531,4.425000,-0.024842,0.403713,0.015799,0.914412,-216.090347,95.943306,84.395988
532,4.433333,-0.024751,0.403665,0.015702,0.914437,-216.069168,95.988998,84.385086
533,4.441667,-0.024955,0.403747,0.015827,0.914393,-216.043762,96.044044,84.375504
534,4.450000,-0.025947,0.403781,0.014870,0.914367,-216.026489,96.121986,84.359840
535,4.458333,-0.026770,0.404767,0.015620,0.913895,-215.997192,96.181747,84.354683
536,4.466667,-0.028984,0.404866,0.014220,0.913806,-215.981750,96.271965,84.334183
537,4.475000,-0.030820,0.404687,0.011979,0.913857,-215.970230,96.349045,84.309807
538,4.483333,-0.031948,0.404419,0.009791,0.913963,-215.963699,96.412491,84.283302
539,4.491667,-0.031898,0.404338,0.009032,0.914009,-215.965439,96.452644,84.274643
540,4.500000,-0.031931,0.404339,0.009045,0.914007,-215.970032,96.484146,84.273155
541,4.508333,-0.031899,0.404461,0.009606,0.913948,-215.978714,96.510040,84.270218
542,4.516667,-0.031976,0.404681,0.009955,0.913844,-215.984940,96.534828,84.267761
543,4.525000,-0.031875,0.404846,0.010494,0.913769,-215.986298,96.555695,84.264717
544,4.533333,-0.031889,0.405034,0.010557,0.913684,-215.985458,96.577660,84.261230
545,4.541667,-0.031938,0.405029,0.010638,0.913684,-215.984802,96.596344,84.255753
546,4.550000,-0.032137,0.405039,0.010567,0.913673,-215.985535,96.609497,84.250648
547,4.558333,-0.032523,0.404918,0.010310,0.913716,-215.988953,96.622086,84.247971
548,4.566667,-0.032687,0.404802,0.010130,0.913764,-215.992996,96.634583,84.246078
549,4.575000,-0.032876,0.404800,0.010080,0.913759,-215.995239,96.643028,84.242615
550,4.583333,-0.033060,0.404816,0.009981,0.913746,-215.995316,96.648689,84.241470
551,4.591667,-0.033237,0.404836,0.010001,0.913730,-215.994019,96.652924,84.240982
552,4.600000,-0.033451,0.404809,0.010064,0.913734,-215.992020,96.655235,84.240219
553,4.608333,-0.033410,0.404860,0.010022,0.913713,-215.991425,96.653275,84.240387
554,4.616667,-0.033084,0.404881,0.010014,0.913716,-215.990738,96.647919,84.242805
555,4.625000,-0.032890,0.404827,0.010141,0.913745,-215.991898,96.642822,84.245872
556,4.633333,-0.032839,0.404846,0.010285,0.913737,-215.991180,96.641418,84.245636
557,4.641667,-0.033043,0.404892,0.010361,0.913708,-215.989548,96.643814,84.244972
558,4.650000,-0.033219,0.404974,0.010290,0.913667,-215.988022,96.648476,84.242424
559,4.658333,-0.033275,0.404961,0.010200,0.913671,-215.986298,96.652451,84.241447
560,4.666667,-0.033226,0.404866,0.010143,0.913716,-215.985916,96.652428,84.241119
561,4.675000,-0.033136,0.404864,0.009989,0.913722,-215.986115,96.647354,84.242935
562,4.683333,-0.032954,0.404899,0.009941,0.913713,-215.987442,96.644234,84.243698
563,4.691667,-0.032954,0.404922,0.009929,0.913703,-215.987854,96.643654,84.243546
564,4.700000,-0.033060,0.404889,0.010086,0.913712,-215.988739,96.646004,84.243134
565,4.708333,-0.033188,0.404873,0.010229,0.913713,-215.989609,96.648476,84.241776
566,4.716667,-0.033229,0.404861,0.010260,0.913717,-215.989777,96.650787,84.241554
567,4.725000,-0.033105,0.404830,0.010206,0.913736,-215.990479,96.649643,84.241447
568,4.733333,-0.033036,0.404827,0.010070,0.913741,-215.990570,96.646675,84.242851
569,4.741667,-0.033012,0.404889,0.010012,0.913715,-215.990692,96.645393,84.243187
570,4.750000,-0.033015,0.404853,0.010020,0.913730,-215.990234,96.646042,84.243706
571,4.758333,-0.033052,0.404865,0.010287,0.913721,-215.989304,96.646843,84.242737
572,4.766667,-0.033105,0.404850,0.010278,0.913726,-215.989014,96.648643,84.242958
573,4.775000,-0.033120,0.404824,0.010156,0.913738,-215.988571,96.650658,84.242928
574,4.783333,-0.033114,0.404853,0.010170,0.913726,-215.987350,96.649078,84.243111
575,4.791667,-0.033213,0.404826,0.010102,0.913735,-215.986710,96.647171,84.243088
576,4.800000,-0.033200,0.404924,0.010193,0.913691,-215.985992,96.644981,84.243492
577,4.808333,-0.033073,0.404969,0.010355,0.913674,-215.985321,96.644173,84.243431
578,4.816667,-0.032994,0.404926,0.010210,0.913697,-215.986298,96.646378,84.243927
579,4.825000,-0.033073,0.404909,0.010217,0.913701,-215.987091,96.648994,84.242455
580,4.833333,-0.033069,0.404840,0.010128,0.913733,-215.987701,96.650330,84.242012
581,4.841667,-0.033096,0.404845,0.010106,0.913730,-215.987518,96.649292,84.242027
582,4.850000,-0.033187,0.404866,0.010187,0.913717,-215.988281,96.646584,84.241936
583,4.858333,-0.033150,0.404874,0.010048,0.913716,-215.988739,96.646034,84.243065
584,4.866667,-0.033035,0.404873,0.010141,0.913720,-215.988953,96.645645,84.242699
585,4.875000,-0.033060,0.404888,0.010226,0.913711,-215.990097,96.647629,84.242500
586,4.883333,-0.033269,0.404861,0.010187,0.913716,-215.990311,96.648407,84.241592
587,4.891667,-0.033271,0.404868,0.010214,0.913712,-215.989594,96.649475,84.241714
588,4.900000,-0.033144,0.404852,0.010174,0.913725,-215.987564,96.647171,84.242569
589,4.908333,-0.033095,0.404847,0.010090,0.913730,-215.986877,96.645996,84.244415
590,4.916667,-0.033123,0.404899,0.010053,0.913706,-215.986053,96.645279,84.243759
591,4.925000,-0.033176,0.404871,0.010121,0.913716,-215.986298,96.646950,84.242966
592,4.933333,-0.033134,0.404867,0.010090,0.913719,-215.986603,96.648369,84.243210
593,4.941667,-0.033071,0.404887,0.010090,0.913713,-215.986877,96.648895,84.242828
594,4.950000,-0.033107,0.404891,0.009998,0.913711,-215.987045,96.650452,84.242958
595,4.958333,-0.033055,0.404906,0.010051,0.913705,-215.986664,96.648956,84.242477
596,4.966667,-0.033013,0.404872,0.010086,0.913722,-215.987213,96.647865,84.243408
597,4.975000,-0.033000,0.404878,0.010199,0.913718,-215.987991,96.646553,84.243767
598,4.983333,-0.033104,0.404931,0.010166,0.913691,-215.988449,96.647568,84.243477
599,4.991667,-0.032948,0.404871,0.010155,0.913724,-215.988083,96.648087,84.242912
600,5.000000,-0.032946,0.404866,0.010084,0.913727,-215.988235,96.648369,84.243484
601,5.008333,-0.033023,0.404867,0.010139,0.913723,-215.987778,96.648537,84.242805
602,5.016667,-0.033149,0.404858,0.010125,0.913722,-215.988831,96.648216,84.242332
603,5.025000,-0.033216,0.404841,0.010094,0.913728,-215.988968,96.647354,84.242805
604,5.033333,-0.033120,0.404895,0.010100,0.913707,-215.988831,96.646584,84.243073
605,5.041667,-0.033048,0.404883,0.010062,0.913716,-215.989517,96.646515,84.243011
606,5.050000,-0.033131,0.404912,0.010197,0.913698,-215.989090,96.646156,84.242310
607,5.058333,-0.033173,0.404919,0.010246,0.913693,-215.988571,96.646599,84.243248
608,5.066667,-0.033101,0.404914,0.010228,0.913698,-215.988190,96.646935,84.243958
609,5.075000,-0.033119,0.404829,0.010228,0.913735,-215.987900,96.646317,84.243767
610,5.083333,-0.033104,0.404905,0.010199,0.913702,-215.988022,96.646156,84.243927
611,5.091667,-0.033140,0.404872,0.010107,0.913717,-215.987778,96.646957,84.243622
612,5.100000,-0.033116,0.404923,0.010237,0.913694,-215.987228,96.647522,84.243759
613,5.108333,-0.033010,0.404877,0.010168,0.913718,-215.987183,96.648369,84.244156
614,5.116667,-0.032903,0.404872,0.010154,0.913725,-215.987183,96.648148,84.244194
615,5.125000,-0.032941,0.404868,0.010156,0.913725,-215.987137,96.647278,84.243797
616,5.133333,-0.033028,0.404901,0.010143,0.913707,-215.987091,96.646851,84.243156
617,5.141667,-0.033085,0.404882,0.010085,0.913714,-215.987442,96.646690,84.242783
618,5.150000,-0.033145,0.404874,0.010041,0.913716,-215.986984,96.646461,84.243103
619,5.158333,-0.033078,0.404958,0.010101,0.913681,-215.986938,96.647278,84.243088
620,5.166667,-0.033071,0.404908,0.010174,0.913703,-215.987259,96.648582,84.243629
621,5.175000,-0.033006,0.404882,0.010188,0.913716,-215.986816,96.647873,84.243225
622,5.183333,-0.032901,0.404853,0.010059,0.913734,-215.986511,96.647522,84.243958
623,5.191667,-0.032879,0.404931,0.010107,0.913700,-215.985291,96.647110,84.243629
624,5.200000,-0.033010,0.404975,0.009856,0.913678,-215.984039,96.647743,84.242981
625,5.208333,-0.033078,0.404907,0.009839,0.913706,-215.983551,96.648422,84.243034
626,5.216667,-0.033077,0.404889,0.009811,0.913715,-215.984528,96.649185,84.242317
627,5.225000,-0.033053,0.404860,0.009872,0.913728,-215.985870,96.648117,84.242531
628,5.233333,-0.033075,0.404827,0.010055,0.913740,-215.985901,96.647659,84.243553
629,5.241667,-0.033104,0.404858,0.010136,0.913724,-215.985840,96.647270,84.244324
630,5.250000,-0.033016,0.404925,0.010067,0.913698,-215.984818,96.648422,84.243568
631,5.258333,-0.033094,0.404967,0.009945,0.913678,-215.983963,96.651558,84.242470
632,5.266667,-0.033358,0.404954,0.009872,0.913675,-215.984085,96.654152,84.242043
633,5.275000,-0.033542,0.404909,0.009783,0.913689,-215.983704,96.658173,84.243027
634,5.283333,-0.033682,0.404828,0.009801,0.913720,-215.984268,96.662697,84.245682
635,5.291667,-0.033733,0.404791,0.009711,0.913735,-215.984512,96.668716,84.248283
636,5.300000,-0.033932,0.404790,0.009732,0.913728,-215.984772,96.675293,84.250549
637,5.308333,-0.034197,0.404788,0.009883,0.913718,-215.985077,96.683456,84.255005
638,5.316667,-0.034589,0.404867,0.009808,0.913669,-215.983841,96.691170,84.259621
639,5.325000,-0.034880,0.404805,0.009631,0.913687,-215.981964,96.697800,84.267982
640,5.333333,-0.035045,0.404802,0.009571,0.913683,-215.979691,96.705093,84.279778
641,5.341667,-0.035382,0.404797,0.009470,0.913673,-215.975220,96.711380,84.292130
642,5.350000,-0.035740,0.404816,0.009298,0.913652,-215.971252,96.719353,84.305580
643,5.358333,-0.036061,0.404685,0.009133,0.913699,-215.966980,96.726524,84.319916
644,5.366667,-0.036353,0.404667,0.008965,0.913697,-215.962570,96.736031,84.334145
645,5.375000,-0.036688,0.404501,0.008663,0.913760,-215.957718,96.746445,84.349731
646,5.383333,-0.037008,0.404446,0.008139,0.913777,-215.952728,96.754845,84.365631
647,5.391667,-0.037573,0.404141,0.007035,0.913898,-215.946609,96.764793,84.378654
648,5.400000,-0.037313,0.405164,0.009407,0.913434,-215.929489,96.744690,84.409454
649,5.408333,-0.037668,0.404535,0.007664,0.913714,-215.927505,96.755341,84.424515
650,5.416667,-0.038104,0.404025,0.006235,0.913933,-215.920502,96.766418,84.442032
651,5.425000,-0.037693,0.404077,0.006615,0.913924,-215.904358,96.752693,84.468391
652,5.433333,-0.036589,0.404616,0.007390,0.913724,-215.879913,96.727524,84.508362
653,5.441667,-0.035266,0.406442,0.011561,0.912923,-215.842773,96.673027,84.568878
654,5.450000,-0.035018,0.406889,0.012667,0.912718,-215.811539,96.637436,84.618454
655,5.458333,-0.034982,0.406266,0.011328,0.913015,-215.786148,96.621033,84.654831
656,5.466667,-0.034738,0.406287,0.010932,0.913020,-215.751526,96.599373,84.693596
657,5.475000,-0.034699,0.407994,0.013492,0.912225,-215.704971,96.541359,84.745781
658,5.483333,-0.034086,0.408550,0.013095,0.912005,-215.661972,96.490990,84.804405
659,5.491667,-0.032537,0.409043,0.013572,0.911834,-215.614014,96.423660,84.872261
660,5.500000,-0.031464,0.408986,0.012639,0.911910,-215.582733,96.369659,84.929733
661,5.508333,-0.030886,0.409117,0.012422,0.911874,-215.548752,96.313690,84.985085
662,5.516667,-0.030599,0.409366,0.012508,0.911771,-215.508301,96.261177,85.051292
663,5.525000,-0.029874,0.409663,0.012378,0.911663,-215.463394,96.201256,85.116135
664,5.533333,-0.027899,0.410377,0.012187,0.911408,-215.419724,96.124420,85.186157
665,5.541667,-0.026152,0.410706,0.012074,0.911313,-215.370728,96.044411,85.265877
666,5.550000,-0.025605,0.410775,0.012310,0.911294,-215.330124,95.980011,85.333412
667,5.558333,-0.025590,0.411333,0.012840,0.911035,-215.295456,95.923981,85.396057
668,5.566667,-0.024747,0.412486,0.014660,0.910510,-215.248184,95.861420,85.474106
669,5.575000,-0.022875,0.412742,0.014847,0.910439,-215.201599,95.806305,85.550323
670,5.583333,-0.022137,0.413493,0.013935,0.910132,-215.160843,95.760971,85.618118
671,5.591667,-0.022730,0.413810,0.012694,0.909991,-215.122650,95.732094,85.673347
672,5.600000,-0.023597,0.414036,0.012412,0.909870,-215.078354,95.708221,85.732254
673,5.608333,-0.023544,0.415118,0.013183,0.909367,-215.031738,95.681656,85.801575
674,5.616667,-0.022818,0.416266,0.014138,0.908846,-214.989334,95.659164,85.866180
675,5.625000,-0.022462,0.416493,0.014787,0.908741,-214.945511,95.643730,85.929581
676,5.633333,-0.023061,0.416535,0.015131,0.908701,-214.899918,95.636238,85.994843
677,5.641667,-0.023536,0.417095,0.015197,0.908431,-214.855881,95.638977,86.055031
678,5.650000,-0.024231,0.418673,0.017017,0.907654,-214.806656,95.636742,86.126953
679,5.658333,-0.024093,0.419054,0.017703,0.907469,-214.746185,95.643883,86.198448
680,5.666667,-0.024041,0.418957,0.015325,0.907558,-214.698624,95.663902,86.267128
681,5.675000,-0.024317,0.419299,0.013977,0.907415,-214.656616,95.686638,86.322403
682,5.683333,-0.025844,0.419775,0.012623,0.907172,-214.609360,95.724335,86.378845
683,5.691667,-0.027868,0.419613,0.011555,0.907202,-214.554688,95.765259,86.437103
684,5.700000,-0.030134,0.419694,0.010187,0.907108,-214.498718,95.804230,86.491051
685,5.708333,-0.031439,0.421054,0.012186,0.906408,-214.428085,95.821709,86.561211
686,5.716667,-0.032962,0.421875,0.012813,0.905964,-214.372223,95.858887,86.628372
687,5.725000,-0.034670,0.421800,0.013574,0.905924,-214.337784,95.916405,86.692543
688,5.733333,-0.035329,0.422053,0.012983,0.905790,-214.279694,95.975273,86.762596
689,5.741667,-0.036165,0.422886,0.012809,0.905371,-214.225052,96.034195,86.823730
690,5.750000,-0.037280,0.423671,0.012295,0.904965,-214.177841,96.090767,86.874748
691,5.758333,-0.039406,0.424157,0.011274,0.904661,-214.124710,96.147385,86.915497
692,5.766667,-0.041293,0.424351,0.009360,0.904507,-214.071396,96.200630,86.960861
693,5.775000,-0.042090,0.425759,0.010523,0.903796,-214.011307,96.223289,87.024704
694,5.783333,-0.043250,0.426517,0.010796,0.903380,-213.953537,96.253410,87.080353
695,5.791667,-0.044554,0.426711,0.009633,0.903238,-213.900131,96.291481,87.129791
696,5.800000,-0.046387,0.427161,0.008084,0.902948,-213.849823,96.329712,87.182327
697,5.808333,-0.047831,0.427521,0.006756,0.902714,-213.798950,96.365372,87.232132
698,5.816667,-0.048883,0.428036,0.006116,0.902418,-213.738068,96.396271,87.283752
699,5.825000,-0.049645,0.428828,0.006269,0.901999,-213.671692,96.413353,87.338913
700,5.833333,-0.048845,0.429270,0.009356,0.901806,-213.629700,96.397690,87.405602
701,5.841667,-0.047685,0.430975,0.012370,0.901018,-213.552429,96.383530,87.466049
702,5.850000,-0.047646,0.431537,0.010561,0.900774,-213.500626,96.411781,87.512207
703,5.858333,-0.048123,0.432020,0.009792,0.900526,-213.445038,96.427223,87.555595
704,5.866667,-0.048822,0.432460,0.009575,0.900279,-213.388138,96.433113,87.597427
705,5.875000,-0.048623,0.432977,0.008723,0.900050,-213.327240,96.423546,87.642693
706,5.883333,-0.047684,0.433805,0.007535,0.899713,-213.275391,96.419044,87.677071
707,5.891667,-0.046986,0.434379,0.006724,0.899479,-213.221329,96.413994,87.718513
708,5.900000,-0.047277,0.435010,0.006856,0.899157,-213.162277,96.402809,87.774315
709,5.908333,-0.047809,0.435731,0.007064,0.898778,-213.106232,96.386101,87.818764
710,5.916667,-0.047290,0.436572,0.008364,0.898387,-213.071442,96.356285,87.871399
711,5.925000,-0.047643,0.437314,0.007711,0.898013,-213.006332,96.339081,87.907600
712,5.933333,-0.048612,0.437599,0.007407,0.897825,-212.942261,96.325699,87.948364
713,5.941667,-0.049317,0.437984,0.007472,0.897598,-212.881302,96.312004,87.986168
714,5.950000,-0.049187,0.438537,0.008524,0.897326,-212.824631,96.292534,88.026260
715,5.958333,-0.048616,0.438888,0.009689,0.897173,-212.764954,96.265503,88.079147
716,5.966667,-0.047156,0.438857,0.009610,0.897267,-212.702942,96.227356,88.131561
717,5.975000,-0.045820,0.439145,0.009655,0.897195,-212.646301,96.185791,88.171127
718,5.983333,-0.045456,0.440317,0.009320,0.896642,-212.600662,96.145996,88.204338
719,5.991667,-0.045518,0.441474,0.008659,0.896077,-212.542694,96.104271,88.240997
720,6.000000,-0.046313,0.441969,0.008922,0.895790,-212.480042,96.072411,88.281013
721,6.008333,-0.046837,0.442492,0.009881,0.895494,-212.418503,96.050873,88.323853
722,6.016667,-0.046554,0.443261,0.010894,0.895117,-212.354736,96.038803,88.365433
723,6.025000,-0.046507,0.443710,0.011498,0.894889,-212.288956,96.023422,88.395729
724,6.033333,-0.046373,0.443627,0.011946,0.894931,-212.222321,96.006729,88.430557
725,6.041667,-0.046517,0.444007,0.012213,0.894732,-212.154556,95.988869,88.471985
726,6.050000,-0.045780,0.444455,0.011232,0.894560,-212.091187,95.967331,88.515190
727,6.058333,-0.045042,0.445330,0.010121,0.894176,-212.035507,95.944824,88.548019
728,6.066667,-0.044433,0.446165,0.009580,0.893796,-211.974838,95.919868,88.582634
729,6.075000,-0.044693,0.446854,0.009159,0.893443,-211.913116,95.896461,88.626228
730,6.083333,-0.044775,0.447462,0.009308,0.893133,-211.853119,95.878593,88.668983
731,6.091667,-0.044770,0.448228,0.010161,0.892740,-211.792038,95.860924,88.712326
732,6.100000,-0.045028,0.448762,0.011062,0.892448,-211.726669,95.844574,88.751633
733,6.108333,-0.045260,0.449609,0.012120,0.891996,-211.658890,95.827682,88.786377
734,6.116667,-0.045630,0.450229,0.012785,0.891655,-211.597580,95.813744,88.820267
735,6.125000,-0.045682,0.450974,0.013107,0.891271,-211.528961,95.795097,88.860474
736,6.133333,-0.044691,0.451333,0.011689,0.891159,-211.458969,95.772682,88.901703
737,6.141667,-0.043826,0.451742,0.010333,0.891012,-211.399628,95.755966,88.929222
738,6.150000,-0.043338,0.452611,0.009519,0.890604,-211.341187,95.739487,88.954712
739,6.158333,-0.043158,0.453703,0.009210,0.890060,-211.275772,95.723129,88.985535
740,6.166667,-0.043039,0.454042,0.009112,0.889894,-211.208755,95.710495,89.017899
741,6.175000,-0.043921,0.454809,0.009281,0.889457,-211.142807,95.696762,89.059990
742,6.183333,-0.044998,0.455551,0.009345,0.889022,-211.076767,95.684059,89.095512
743,6.191667,-0.045600,0.456048,0.009068,0.888740,-211.006195,95.673592,89.131088
744,6.200000,-0.045696,0.456623,0.008901,0.888441,-210.940552,95.661743,89.160881
745,6.208333,-0.045326,0.457301,0.009121,0.888109,-210.870941,95.643875,89.194092
746,6.216667,-0.045591,0.457446,0.009966,0.888012,-210.800140,95.629974,89.234306
747,6.225000,-0.046251,0.457523,0.010484,0.887932,-210.735184,95.622917,89.267937
748,6.233333,-0.045693,0.457553,0.009127,0.887961,-210.665314,95.611435,89.303040
749,6.241667,-0.044997,0.458163,0.007617,0.887696,-210.600143,95.600052,89.332016
750,6.250000,-0.044445,0.458819,0.006216,0.887396,-210.530930,95.589539,89.358276
751,6.258333,-0.044789,0.459191,0.005718,0.887189,-210.462769,95.587776,89.387352
752,6.266667,-0.045054,0.459576,0.005335,0.886979,-210.396698,95.585350,89.410904
753,6.275000,-0.045959,0.460657,0.004976,0.886373,-210.329819,95.568672,89.443535
754,6.283333,-0.046593,0.461343,0.005067,0.885983,-210.263611,95.549362,89.477631
755,6.291667,-0.047390,0.461141,0.004943,0.886047,-210.190887,95.542343,89.510887
756,6.300000,-0.048065,0.461463,0.005112,0.885842,-210.122604,95.539024,89.543716
757,6.308333,-0.048248,0.462072,0.004739,0.885516,-210.056824,95.537346,89.569862
758,6.316667,-0.045238,0.467005,0.013682,0.882991,-209.945053,95.448784,89.658554
759,6.325000,-0.045225,0.468075,0.015496,0.882395,-209.869675,95.424217,89.701439
760,6.333333,-0.044202,0.468014,0.014987,0.882487,-209.797546,95.397636,89.733902
761,6.341667,-0.043578,0.468442,0.015377,0.882285,-209.729080,95.375671,89.756058
762,6.350000,-0.043103,0.469515,0.015276,0.881740,-209.660461,95.355186,89.781937
763,6.358333,-0.042589,0.470278,0.014665,0.881368,-209.594803,95.337311,89.812477
764,6.366667,-0.043059,0.470572,0.014441,0.881192,-209.523773,95.311424,89.852570
765,6.375000,-0.043277,0.471468,0.015177,0.880690,-209.455612,95.288132,89.886162
766,6.383333,-0.043329,0.472645,0.015152,0.880057,-209.392212,95.268730,89.912262
767,6.391667,-0.043730,0.473183,0.014518,0.879758,-209.326767,95.257462,89.938202
768,6.400000,-0.044397,0.473715,0.014866,0.879433,-209.246613,95.249847,89.974396
769,6.408333,-0.045188,0.474330,0.015507,0.879050,-209.166550,95.242203,90.011993
770,6.416667,-0.045607,0.474923,0.015960,0.878700,-209.096054,95.239380,90.040955
771,6.425000,-0.045153,0.475275,0.016723,0.878519,-209.023148,95.226242,90.066597
772,6.433333,-0.044380,0.476006,0.017507,0.878147,-208.948547,95.208038,90.097015
773,6.441667,-0.043602,0.476191,0.016940,0.878097,-208.875107,95.187866,90.130173
774,6.450000,-0.042877,0.476592,0.016280,0.877928,-208.806824,95.167854,90.155899
775,6.458333,-0.042308,0.477763,0.016082,0.877322,-208.735489,95.150986,90.180717
776,6.466667,-0.042200,0.478568,0.015284,0.876903,-208.661896,95.144287,90.204796
777,6.475000,-0.043759,0.479240,0.014537,0.876472,-208.588440,95.134331,90.234741
778,6.483333,-0.044395,0.479886,0.015210,0.876075,-208.511520,95.117096,90.268036
779,6.491667,-0.044558,0.480943,0.016423,0.875465,-208.436295,95.097618,90.298080
780,6.500000,-0.044745,0.481686,0.016350,0.875048,-208.362442,95.082893,90.319527
781,6.508333,-0.044954,0.482213,0.016326,0.874748,-208.294632,95.060791,90.333778
782,6.516667,-0.044658,0.483102,0.016752,0.874264,-208.219193,95.039619,90.361832
783,6.525000,-0.045187,0.483617,0.016746,0.873952,-208.138397,95.035339,90.395393
784,6.533333,-0.045005,0.484167,0.015887,0.873673,-208.058517,95.029205,90.424919
785,6.541667,-0.044497,0.484963,0.015930,0.873256,-207.979248,95.018745,90.456322
786,6.550000,-0.043972,0.485901,0.016003,0.872761,-207.904633,95.003654,90.482071
787,6.558333,-0.043894,0.486116,0.015482,0.872654,-207.834702,94.988541,90.506386
788,6.566667,-0.043846,0.486470,0.015981,0.872450,-207.760330,94.963379,90.533546
789,6.575000,-0.043603,0.487332,0.016547,0.871971,-207.690308,94.941071,90.561829
790,6.583333,-0.043774,0.488026,0.016721,0.871570,-207.620880,94.930145,90.583481
791,6.591667,-0.044157,0.488410,0.016626,0.871338,-207.549973,94.921616,90.604111
792,6.600000,-0.044266,0.489033,0.017271,0.870970,-207.467102,94.912407,90.638374
793,6.608333,-0.044055,0.489847,0.018122,0.870506,-207.390808,94.903214,90.673843
794,6.616667,-0.044387,0.490258,0.018112,0.870258,-207.323029,94.900803,90.694214
795,6.625000,-0.044229,0.491153,0.018972,0.869743,-207.253601,94.887833,90.708900
796,6.633333,-0.044104,0.491821,0.019439,0.869361,-207.176086,94.870224,90.733360
797,6.641667,-0.043343,0.492109,0.018077,0.869266,-207.090714,94.848038,90.757996
798,6.650000,-0.042776,0.492877,0.017321,0.868874,-207.011032,94.836533,90.771606
799,6.658333,-0.042692,0.494150,0.017280,0.868156,-206.936813,94.829117,90.795891
800,6.666667,-0.042597,0.495268,0.017127,0.867526,-206.859894,94.821625,90.823448
801,6.675000,-0.042778,0.495408,0.016445,0.867450,-206.781937,94.815674,90.844147
802,6.683333,-0.043636,0.495768,0.016559,0.867200,-206.707642,94.802071,90.875389
803,6.691667,-0.043836,0.496748,0.017168,0.866617,-206.636765,94.785759,90.903923
804,6.700000,-0.043699,0.497661,0.017481,0.866094,-206.561539,94.769852,90.920151
805,6.708333,-0.044069,0.498298,0.017126,0.865716,-206.484512,94.762886,90.936188
806,6.716667,-0.044342,0.498799,0.017924,0.865397,-206.401352,94.752983,90.960426
807,6.725000,-0.044411,0.499347,0.019243,0.865049,-206.316467,94.739723,90.989182
808,6.733333,-0.044680,0.499738,0.018950,0.864816,-206.247253,94.737526,91.009781
809,6.741667,-0.044744,0.500523,0.019470,0.864347,-206.176620,94.730896,91.028801
810,6.750000,-0.044138,0.501249,0.019834,0.863949,-206.097336,94.716522,91.043953
811,6.758333,-0.042809,0.502000,0.018281,0.863614,-206.007736,94.700264,91.060013
812,6.766667,-0.042573,0.502771,0.017232,0.863199,-205.928070,94.692146,91.071739
813,6.775000,-0.042367,0.503411,0.017365,0.862833,-205.845215,94.677765,91.090721
814,6.783333,-0.042023,0.504353,0.018009,0.862286,-205.765839,94.661552,91.109985
815,6.791667,-0.043292,0.505081,0.017615,0.861805,-205.693558,94.641518,91.128906
816,6.800000,-0.043395,0.505502,0.016968,0.861566,-205.620270,94.629387,91.146156
817,6.808333,-0.043204,0.506278,0.016873,0.861122,-205.541412,94.620338,91.171082
818,6.816667,-0.042943,0.507407,0.017775,0.860452,-205.451324,94.608147,91.195114
819,6.825000,-0.043322,0.508159,0.018817,0.859967,-205.368683,94.597504,91.213348
820,6.833333,-0.043789,0.508777,0.019371,0.859566,-205.293488,94.589447,91.231178
821,6.841667,-0.044624,0.509152,0.019957,0.859287,-205.213455,94.577011,91.253494
822,6.850000,-0.044761,0.509556,0.020752,0.859022,-205.129288,94.562920,91.276283
823,6.858333,-0.044543,0.510188,0.020724,0.858659,-205.044250,94.555954,91.294960
824,6.866667,-0.043450,0.511374,0.020800,0.858007,-204.959534,94.551285,91.304474
825,6.875000,-0.041684,0.512165,0.019995,0.857642,-204.874771,94.528000,91.320770
826,6.883333,-0.041279,0.512921,0.019249,0.857227,-204.802872,94.515244,91.340340
827,6.891667,-0.040543,0.513285,0.020382,0.857018,-204.715347,94.491249,91.364052
828,6.900000,-0.040255,0.513739,0.021001,0.856744,-204.630096,94.474014,91.381912
829,6.908333,-0.041603,0.514532,0.020538,0.856215,-204.550598,94.462791,91.397224
830,6.916667,-0.042447,0.515466,0.019911,0.855627,-204.472214,94.452271,91.410866
831,6.925000,-0.042475,0.516324,0.020473,0.855095,-204.388123,94.436844,91.434006
832,6.933333,-0.042454,0.516882,0.021378,0.854736,-204.306107,94.425659,91.461212
833,6.941667,-0.042408,0.517183,0.022296,0.854533,-204.228683,94.417831,91.479767
834,6.950000,-0.042584,0.517843,0.023771,0.854085,-204.148102,94.403419,91.482437
835,6.958333,-0.042479,0.518798,0.025002,0.853474,-204.064987,94.381828,91.489929
836,6.966667,-0.041990,0.519567,0.025411,0.853019,-203.974319,94.366310,91.502434
837,6.975000,-0.041605,0.520126,0.024994,0.852709,-203.887390,94.354004,91.512741
838,6.983333,-0.041700,0.520747,0.024822,0.852331,-203.816635,94.346916,91.528397
839,6.991667,-0.041661,0.521333,0.023817,0.852003,-203.741592,94.338402,91.546860
840,7.000000,-0.042875,0.522355,0.022518,0.851352,-203.656815,94.322060,91.560158
841,7.008333,-0.042921,0.523215,0.021344,0.850851,-203.572708,94.306595,91.574852
842,7.016667,-0.042630,0.523884,0.020840,0.850467,-203.488510,94.289993,91.587921
843,7.025000,-0.042752,0.524682,0.020862,0.849968,-203.407333,94.278412,91.602150
844,7.033333,-0.043417,0.525340,0.021185,0.849520,-203.332642,94.272087,91.615005
845,7.041667,-0.043666,0.525800,0.021651,0.849211,-203.260635,94.271111,91.617119
846,7.050000,-0.043710,0.526642,0.021715,0.848685,-203.187134,94.263435,91.611984
847,7.058333,-0.043031,0.527718,0.021033,0.848068,-203.104279,94.252487,91.608490
848,7.066667,-0.042955,0.528415,0.020451,0.847652,-203.031952,94.249985,91.605484
849,7.075000,-0.043449,0.528778,0.020398,0.847402,-202.965469,94.251587,91.602280
850,7.083333,-0.044140,0.529061,0.019854,0.847202,-202.902512,94.256577,91.596474
851,7.091667,-0.044588,0.529393,0.019871,0.846971,-202.839310,94.259315,91.592407
852,7.100000,-0.044699,0.529754,0.020020,0.846736,-202.772873,94.262192,91.588959
853,7.108333,-0.044790,0.530258,0.020174,0.846412,-202.712601,94.262390,91.584068
854,7.116667,-0.044542,0.531027,0.020199,0.845942,-202.656509,94.261238,91.578766
855,7.125000,-0.044791,0.531557,0.020013,0.845601,-202.604431,94.257393,91.574303
856,7.133333,-0.045447,0.531769,0.018902,0.845458,-202.556747,94.260590,91.558907
857,7.141667,-0.046786,0.531999,0.017657,0.845267,-202.504807,94.258827,91.547424
858,7.150000,-0.047291,0.532470,0.016503,0.844966,-202.447769,94.251526,91.537086
859,7.158333,-0.047608,0.533195,0.015964,0.844501,-202.399414,94.245201,91.531754
860,7.166667,-0.047150,0.533561,0.014802,0.844317,-202.351379,94.227104,91.528725
861,7.175000,-0.046682,0.533778,0.014091,0.844217,-202.301865,94.211555,91.525078
862,7.183333,-0.043518,0.535366,0.020587,0.843247,-202.222961,94.136353,91.543045
863,7.191667,-0.042863,0.535509,0.021205,0.843175,-202.170517,94.108902,91.533463
864,7.200000,-0.042289,0.535625,0.021495,0.843122,-202.123993,94.080269,91.517677
865,7.208333,-0.041968,0.535903,0.021038,0.842973,-202.080399,94.051964,91.500137
866,7.216667,-0.042050,0.536500,0.021337,0.842582,-202.036499,94.018066,91.489334
867,7.225000,-0.042675,0.537236,0.021673,0.842073,-201.992004,93.981659,91.474861
868,7.233333,-0.042595,0.537938,0.021902,0.841623,-201.947952,93.945389,91.466537
869,7.241667,-0.042017,0.538492,0.022222,0.841289,-201.901001,93.912613,91.458084
870,7.250000,-0.040725,0.539024,0.022815,0.840996,-201.854187,93.882408,91.447304
871,7.258333,-0.039768,0.539389,0.023163,0.840798,-201.810074,93.856552,91.431961
872,7.266667,-0.039557,0.539668,0.023419,0.840622,-201.767899,93.832764,91.416840
873,7.275000,-0.039452,0.539870,0.023561,0.840493,-201.724594,93.811226,91.403114
874,7.283333,-0.040140,0.540143,0.023502,0.840287,-201.685501,93.778534,91.397911
875,7.291667,-0.039552,0.540353,0.022961,0.840194,-201.645416,93.736107,91.399330
876,7.300000,-0.038377,0.541004,0.022670,0.839838,-201.601593,93.687325,91.395920
877,7.308333,-0.036686,0.541560,0.022918,0.839549,-201.552963,93.637833,91.389626
878,7.316667,-0.035616,0.542113,0.023458,0.839223,-201.503418,93.592659,91.380211
879,7.325000,-0.035494,0.542526,0.023372,0.838964,-201.455719,93.549690,91.370102
880,7.333333,-0.035216,0.542973,0.023520,0.838682,-201.411850,93.504311,91.362770
881,7.341667,-0.035194,0.543206,0.023618,0.838529,-201.368927,93.454803,91.359428
882,7.350000,-0.034499,0.543640,0.023963,0.838267,-201.319534,93.406738,91.361565
883,7.358333,-0.033304,0.544307,0.024759,0.837859,-201.263565,93.363113,91.366867
884,7.366667,-0.031770,0.544706,0.024783,0.837659,-201.207916,93.318192,91.370003
885,7.375000,-0.030754,0.545043,0.024388,0.837489,-201.159195,93.286224,91.370865
886,7.383333,-0.030495,0.545164,0.024000,0.837431,-201.112289,93.261108,91.368225
887,7.391667,-0.030061,0.545370,0.023964,0.837313,-201.065399,93.241615,91.369690
888,7.400000,-0.029651,0.545704,0.024203,0.837103,-201.015900,93.225731,91.371292
889,7.408333,-0.028726,0.546067,0.024386,0.836894,-200.964935,93.214294,91.369156
890,7.416667,-0.028360,0.546523,0.024786,0.836597,-200.914902,93.209366,91.367264
891,7.425000,-0.028032,0.547168,0.025135,0.836176,-200.862503,93.206818,91.370033
892,7.433333,-0.027896,0.547550,0.024856,0.835938,-200.806854,93.210526,91.372108
893,7.441667,-0.027523,0.548119,0.024517,0.835588,-200.751404,93.211830,91.370865
894,7.450000,-0.027755,0.548607,0.024285,0.835267,-200.703766,93.215401,91.373573
895,7.458333,-0.029581,0.549232,0.024131,0.834798,-200.658035,93.209290,91.383865
896,7.466667,-0.030349,0.549780,0.024312,0.834404,-200.610565,93.211136,91.391930
897,7.475000,-0.031221,0.550050,0.024246,0.834196,-200.560242,93.225494,91.396523
898,7.483333,-0.031620,0.550573,0.024274,0.833835,-200.503845,93.245529,91.398010
899,7.491667,-0.032203,0.550897,0.023983,0.833607,-200.448364,93.268990,91.398140
900,7.500000,-0.032669,0.551150,0.023899,0.833424,-200.393921,93.292633,91.396782
901,7.508333,-0.032820,0.551379,0.023848,0.833268,-200.341797,93.305664,91.394356
902,7.516667,-0.032702,0.551808,0.024059,0.832982,-200.290054,93.308807,91.395988
903,7.525000,-0.032576,0.552438,0.024386,0.832560,-200.240738,93.309822,91.399399
904,7.533333,-0.032862,0.552951,0.024422,0.832208,-200.193375,93.318520,91.402206
905,7.541667,-0.033536,0.553277,0.024579,0.831959,-200.142593,93.330292,91.406036
906,7.550000,-0.034049,0.553701,0.024777,0.831650,-200.090607,93.339630,91.407974
907,7.558333,-0.033912,0.554167,0.024861,0.831343,-200.035568,93.342300,91.408318
908,7.566667,-0.033669,0.554540,0.025016,0.831099,-199.984329,93.344177,91.407722
909,7.575000,-0.033157,0.554955,0.024904,0.830846,-199.933182,93.336014,91.405647
910,7.583333,-0.032960,0.555480,0.025234,0.830493,-199.881073,93.323799,91.404930
911,7.591667,-0.032916,0.555896,0.025374,0.830212,-199.832733,93.313644,91.405220
912,7.600000,-0.033076,0.556429,0.025495,0.829845,-199.784195,93.304337,91.403328
913,7.608333,-0.033261,0.556929,0.025339,0.829507,-199.735046,93.300148,91.403191
914,7.616667,-0.033597,0.557294,0.025435,0.829246,-199.688293,93.300095,91.398438
915,7.625000,-0.033980,0.557515,0.025645,0.829074,-199.640137,93.300560,91.392944
916,7.633333,-0.034221,0.557851,0.025726,0.828836,-199.594025,93.301018,91.386795
917,7.641667,-0.034148,0.558226,0.025640,0.828589,-199.549866,93.297646,91.382874
918,7.650000,-0.033642,0.558683,0.025926,0.828293,-199.504532,93.287216,91.383774
919,7.658333,-0.032876,0.558897,0.025667,0.828187,-199.455292,93.272903,91.386780
920,7.666667,-0.033520,0.559257,0.025866,0.827913,-199.411911,93.254860,91.387993
921,7.675000,-0.033972,0.559655,0.025886,0.827624,-199.367859,93.235878,91.385681
922,7.683333,-0.033918,0.560058,0.025326,0.827371,-199.320084,93.216301,91.380653
923,7.691667,-0.033482,0.560390,0.024577,0.827187,-199.275131,93.202698,91.370903
924,7.700000,-0.032969,0.560701,0.024223,0.827007,-199.233322,93.193672,91.359772
925,7.708333,-0.033235,0.560923,0.024132,0.826849,-199.191315,93.188385,91.345695
926,7.716667,-0.033323,0.561191,0.024266,0.826659,-199.148331,93.180298,91.331520
927,7.725000,-0.031895,0.561508,0.024705,0.826488,-199.103210,93.177826,91.321007
928,7.733333,-0.031259,0.561754,0.025092,0.826333,-199.062210,93.170265,91.313911
929,7.741667,-0.033060,0.562325,0.024929,0.825879,-199.030228,93.148376,91.312988
930,7.750000,-0.033546,0.562989,0.024830,0.825410,-199.000687,93.131432,91.312012
931,7.758333,-0.033221,0.563521,0.025038,0.825054,-198.970322,93.117989,91.306602
932,7.766667,-0.032754,0.563837,0.025211,0.824851,-198.938004,93.107407,91.295021
933,7.775000,-0.032545,0.564240,0.025135,0.824586,-198.906815,93.102135,91.282898
934,7.783333,-0.032292,0.564620,0.024900,0.824343,-198.875198,93.096466,91.274490
935,7.791667,-0.032398,0.564894,0.024721,0.824157,-198.842331,93.082893,91.269440
936,7.800000,-0.032382,0.565013,0.024788,0.824073,-198.810425,93.063568,91.267471
937,7.808333,-0.032327,0.565098,0.025110,0.824008,-198.775818,93.034607,91.266426
938,7.816667,-0.031615,0.565224,0.025543,0.823935,-198.735535,93.002647,91.262871
939,7.825000,-0.030586,0.565500,0.025643,0.823782,-198.692001,92.966774,91.258881
940,7.833333,-0.029787,0.566192,0.026166,0.823319,-198.640732,92.927841,91.247414
941,7.841667,-0.028737,0.566921,0.025570,0.822873,-198.580109,92.877464,91.225731
942,7.850000,-0.028883,0.567725,0.025319,0.822322,-198.519669,92.822090,91.203537
943,7.858333,-0.028695,0.567987,0.025461,0.822143,-198.455887,92.767014,91.183479
944,7.866667,-0.028381,0.568076,0.026054,0.822074,-198.386139,92.712456,91.155418
945,7.875000,-0.025893,0.569111,0.027023,0.821409,-198.301239,92.659492,91.116318
946,7.883333,-0.026014,0.570234,0.027312,0.820616,-198.222824,92.609962,91.085052
947,7.891667,-0.026149,0.571379,0.027403,0.819812,-198.134735,92.568924,91.051651
948,7.900000,-0.025668,0.572478,0.027291,0.819064,-198.039459,92.537498,91.008118
949,7.908333,-0.025462,0.573035,0.027661,0.818668,-197.948318,92.520744,90.970146
950,7.916667,-0.025938,0.573676,0.028198,0.818186,-197.856201,92.512238,90.927544
951,7.925000,-0.025471,0.574611,0.027706,0.817561,-197.754745,92.504578,90.872765
952,7.933333,-0.025073,0.575763,0.027093,0.816783,-197.647690,92.502335,90.831062
953,7.941667,-0.024921,0.576681,0.027701,0.816119,-197.546967,92.501060,90.792175
954,7.950000,-0.024677,0.577742,0.027921,0.815368,-197.446732,92.502602,90.747459
955,7.958333,-0.024872,0.578410,0.027727,0.814895,-197.356476,92.517220,90.698845
956,7.966667,-0.025540,0.579211,0.026930,0.814332,-197.271301,92.523018,90.660095
957,7.975000,-0.026196,0.580334,0.026151,0.813537,-197.189362,92.526642,90.612328
958,7.983333,-0.025815,0.581165,0.025674,0.812971,-197.116882,92.530762,90.572197
959,7.991667,-0.025259,0.581153,0.025221,0.813011,-197.052094,92.533401,90.541824
960,8.000000,-0.024555,0.581176,0.024803,0.813029,-196.986847,92.519638,90.513161
961,8.008333,-0.023487,0.581894,0.024433,0.812558,-196.927505,92.500244,90.474060
962,8.016667,-0.023770,0.582676,0.023477,0.812018,-196.881866,92.487839,90.430847
963,8.025000,-0.025189,0.582753,0.022116,0.811958,-196.838242,92.458572,90.392006
964,8.033333,-0.026070,0.582591,0.020790,0.812081,-196.803574,92.419304,90.350685
965,8.041667,-0.028521,0.582886,0.019173,0.811827,-196.767838,92.335091,90.306839
966,8.050000,-0.029076,0.583301,0.017413,0.811548,-196.731873,92.295403,90.268044
967,8.058333,-0.028226,0.583098,0.015971,0.811754,-196.687378,92.285027,90.246140
968,8.066667,-0.027405,0.582736,0.015302,0.812055,-196.652344,92.281494,90.240524
969,8.075000,-0.026876,0.582086,0.014836,0.812548,-196.639282,92.281898,90.250351
970,8.083333,-0.027044,0.581395,0.014584,0.813041,-196.656738,92.285576,90.269348
971,8.091667,-0.027153,0.581436,0.015403,0.812993,-196.683578,92.281998,90.296509
972,8.100000,-0.026668,0.581686,0.016981,0.812799,-196.716324,92.277496,90.337357
973,8.108333,-0.023978,0.582036,0.019283,0.812581,-196.749527,92.279137,90.387718
974,8.116667,-0.022687,0.582145,0.021307,0.812489,-196.772491,92.281593,90.434578
975,8.125000,-0.021993,0.582593,0.022855,0.812145,-196.785751,92.278442,90.488144
976,8.133333,-0.022983,0.582917,0.023793,0.811858,-196.789673,92.266281,90.550903
977,8.141667,-0.021969,0.582919,0.024589,0.811861,-196.787949,92.263710,90.618889
978,8.150000,-0.019732,0.582751,0.025465,0.812012,-196.773056,92.263588,90.689964
979,8.158333,-0.017077,0.582915,0.026702,0.811915,-196.745529,92.259163,90.770149
980,8.166667,-0.014913,0.582712,0.027022,0.812093,-196.712326,92.257080,90.853104
981,8.175000,-0.012589,0.582385,0.026244,0.812392,-196.666901,92.240898,90.938553
982,8.183333,-0.009229,0.582752,0.026088,0.812179,-196.606125,92.225700,91.042763
983,8.191667,-0.005930,0.582260,0.025738,0.812573,-196.552322,92.219498,91.138268
984,8.200000,-0.002483,0.581746,0.026610,0.812932,-196.498520,92.221237,91.225044
985,8.208333,0.000845,0.582047,0.027797,0.812679,-196.442627,92.222992,91.312431
986,8.216667,0.003157,0.581815,0.027325,0.812856,-196.394272,92.235687,91.381729
987,8.225000,0.005120,0.582002,0.027477,0.812707,-196.342285,92.242493,91.438499
988,8.233333,0.006574,0.582880,0.027756,0.812058,-196.286743,92.243561,91.487846
989,8.241667,0.007777,0.584230,0.027507,0.811085,-196.242935,92.245773,91.524063
990,8.250000,0.009134,0.585562,0.026288,0.810150,-196.206635,92.244873,91.547997
991,8.258333,0.009919,0.587503,0.026287,0.808734,-196.179199,92.250267,91.561249
992,8.266667,0.009351,0.589673,0.025453,0.807187,-196.151199,92.260719,91.567986
993,8.275000,0.008710,0.591289,0.024792,0.806032,-196.152802,92.261955,91.570389
994,8.283333,0.008632,0.592777,0.024701,0.804941,-196.172745,92.265808,91.569191
995,8.291667,0.008203,0.594074,0.024969,0.803981,-196.197372,92.266647,91.558723
996,8.300000,0.007441,0.595291,0.025147,0.803082,-196.227600,92.267395,91.540184
997,8.308333,0.006413,0.596315,0.025207,0.802329,-196.257507,92.263916,91.510956
998,8.316667,0.006105,0.596857,0.025592,0.801916,-196.290909,92.246971,91.478004
999,8.325000,0.004824,0.597504,0.025629,0.801442,-196.327362,92.233398,91.428864
1000,8.333333,0.002992,0.598424,0.025421,0.800770,-196.360748,92.227463,91.367004
1001,8.341667,0.000557,0.599286,0.024637,0.800156,-196.395355,92.234383,91.285774
1002,8.350000,-0.002113,0.600200,0.023416,0.799504,-196.429199,92.230354,91.201813
1003,8.358333,-0.004935,0.601467,0.022547,0.798564,-196.469299,92.225876,91.107086
1004,8.366667,-0.007102,0.602574,0.022264,0.797721,-196.501022,92.226723,91.007912
1005,8.375000,-0.010034,0.602581,0.021638,0.797701,-196.528687,92.242088,90.914711
1006,8.383333,-0.012924,0.602826,0.021510,0.797478,-196.556458,92.257576,90.829460
1007,8.391667,-0.013379,0.602885,0.020515,0.797453,-196.588409,92.278381,90.759789
1008,8.400000,-0.014280,0.602578,0.019901,0.797684,-196.609360,92.280922,90.707878
1009,8.408333,-0.015425,0.602135,0.019327,0.798011,-196.633774,92.281273,90.668289
1010,8.416667,-0.016413,0.601600,0.019106,0.798400,-196.660751,92.284187,90.640472
1011,8.425000,-0.016935,0.601262,0.019173,0.798642,-196.687103,92.284264,90.625793
1012,8.433333,-0.017339,0.600935,0.019476,0.798873,-196.710129,92.284409,90.623680
1013,8.441667,-0.017381,0.600624,0.020238,0.799087,-196.727570,92.283592,90.631828
1014,8.450000,-0.017071,0.600299,0.021227,0.799311,-196.734207,92.279976,90.652069
1015,8.458333,-0.016164,0.600501,0.022397,0.799147,-196.723984,92.271576,90.682014
1016,8.466667,-0.014495,0.600958,0.025216,0.798751,-196.697556,92.248619,90.710602
1017,8.475000,-0.014904,0.600386,0.023159,0.799236,-196.688385,92.269104,90.734238
1018,8.483333,-0.013705,0.600305,0.023048,0.799321,-196.658127,92.269806,90.770096
1019,8.491667,-0.014147,0.600218,0.022909,0.799383,-196.613998,92.255249,90.821327
1020,8.500000,-0.012264,0.600087,0.022576,0.799522,-196.575424,92.251167,90.882629
1021,8.508333,-0.009099,0.600170,0.022616,0.799501,-196.534821,92.241310,90.961647
1022,8.516667,-0.006127,0.600318,0.022847,0.799412,-196.493668,92.230179,91.048256
1023,8.525000,-0.003778,0.599728,0.022440,0.799880,-196.445023,92.229469,91.136726
1024,8.533333,-0.001214,0.599576,0.023231,0.799980,-196.396271,92.231506,91.217087
1025,8.541667,0.000965,0.599627,0.024112,0.799915,-196.365372,92.233620,91.285637
1026,8.550000,0.003009,0.599473,0.025004,0.799999,-196.344452,92.232956,91.348732
1027,8.558333,0.004396,0.599146,0.025575,0.800219,-196.327881,92.233932,91.400841
1028,8.566667,0.004977,0.599513,0.025480,0.799944,-196.300552,92.247498,91.444839
1029,8.575000,0.005648,0.599674,0.025539,0.799817,-196.280777,92.254776,91.472733
1030,8.583333,0.006892,0.599514,0.025662,0.799923,-196.270828,92.251701,91.489624
1031,8.591667,0.007515,0.599290,0.025695,0.800085,-196.260437,92.246902,91.491699
1032,8.600000,0.007640,0.599217,0.025376,0.800148,-196.255051,92.247635,91.484764
1033,8.608333,0.007060,0.599378,0.025161,0.800039,-196.263794,92.247322,91.475830
1034,8.616667,0.006124,0.599572,0.025206,0.799901,-196.287292,92.245377,91.461288
1035,8.625000,0.005023,0.599639,0.025321,0.799855,-196.316101,92.240845,91.433205
1036,8.633333,0.003784,0.599893,0.025501,0.799665,-196.345383,92.234192,91.389915
1037,8.641667,0.002431,0.600264,0.025329,0.799397,-196.370880,92.231544,91.338547
1038,8.650000,0.000748,0.600375,0.024564,0.799341,-196.397125,92.235390,91.276978
1039,8.658333,-0.001847,0.600626,0.023648,0.799179,-196.425049,92.232109,91.207100
1040,8.666667,-0.004321,0.601142,0.022712,0.798808,-196.459549,92.229904,91.120544
1041,8.675000,-0.006493,0.601940,0.022724,0.798192,-196.487885,92.228142,91.029091
1042,8.683333,-0.009029,0.601693,0.021780,0.798379,-196.509079,92.239532,90.942940
1043,8.691667,-0.011488,0.601611,0.020927,0.798432,-196.528427,92.253746,90.864281
1044,8.700000,-0.013491,0.602030,0.020758,0.798090,-196.545135,92.259392,90.803345
1045,8.708333,-0.012915,0.602623,0.020391,0.797661,-196.566422,92.271057,90.758446
1046,8.716667,-0.012972,0.602896,0.020245,0.797457,-196.583344,92.274445,90.725502
1047,8.725000,-0.013730,0.602995,0.020212,0.797371,-196.599121,92.274162,90.708008
1048,8.733333,-0.014137,0.602825,0.020416,0.797487,-196.613663,92.272392,90.707558
1049,8.741667,-0.013359,0.603218,0.022985,0.797133,-196.620972,92.250130,90.717651
1050,8.750000,-0.014601,0.602212,0.021117,0.797924,-196.653610,92.271927,90.723091
1051,8.758333,-0.016770,0.601789,0.020746,0.798210,-196.675980,92.274292,90.742447
1052,8.766667,-0.016927,0.601750,0.021431,0.798217,-196.685654,92.271713,90.777191
1053,8.775000,-0.015716,0.601541,0.022137,0.798380,-196.684998,92.269608,90.820511
1054,8.783333,-0.013910,0.601238,0.022506,0.798632,-196.667740,92.263718,90.871880
1055,8.791667,-0.011076,0.601623,0.024033,0.798342,-196.624039,92.243614,90.941887
1056,8.800000,-0.008469,0.601217,0.023585,0.798693,-196.580795,92.233864,91.009743
1057,8.808333,-0.006113,0.600915,0.023315,0.798949,-196.531143,92.224060,91.077805
1058,8.816667,-0.003875,0.599750,0.022491,0.799862,-196.474350,92.221985,91.148117
1059,8.825000,-0.001476,0.598959,0.022781,0.800455,-196.410675,92.226807,91.214417
1060,8.833333,0.000293,0.598651,0.023140,0.800676,-196.361862,92.230850,91.267509
1061,8.841667,0.001874,0.598599,0.023307,0.800707,-196.330536,92.230820,91.316315
1062,8.850000,0.003390,0.598336,0.023873,0.800882,-196.316879,92.229355,91.361839
1063,8.858333,0.004319,0.598016,0.024542,0.801097,-196.315414,92.230438,91.399887
1064,8.866667,0.005067,0.597845,0.025148,0.801201,-196.320465,92.232903,91.426575
1065,8.875000,0.005443,0.597703,0.025487,0.801294,-196.323257,92.233833,91.440025
1066,8.883333,0.005363,0.597642,0.025531,0.801338,-196.325104,92.233780,91.441216
1067,8.891667,0.005127,0.597559,0.025348,0.801408,-196.326935,92.231522,91.431412
1068,8.900000,0.004525,0.597555,0.025240,0.801418,-196.328629,92.229591,91.408806
1069,8.908333,0.003230,0.597681,0.024683,0.801347,-196.331604,92.225227,91.372635
1070,8.916667,0.001676,0.597858,0.023680,0.801251,-196.340714,92.228989,91.323273
1071,8.925000,0.000050,0.597944,0.022899,0.801211,-196.363052,92.232071,91.273582
1072,8.933333,-0.001962,0.597987,0.022549,0.801187,-196.398682,92.232101,91.217560
1073,8.941667,-0.004011,0.598213,0.022167,0.801020,-196.441910,92.229469,91.152176
1074,8.950000,-0.005989,0.598668,0.022162,0.800669,-196.486984,92.225143,91.079544
1075,8.958333,-0.007979,0.598800,0.022018,0.800556,-196.524933,92.230087,91.001312
1076,8.966667,-0.009823,0.598560,0.021481,0.800730,-196.548706,92.236275,90.933647
1077,8.975000,-0.011988,0.598646,0.021623,0.800632,-196.571655,92.244461,90.881088
1078,8.983333,-0.013536,0.598773,0.021659,0.800511,-196.591858,92.247421,90.844414
1079,8.991667,-0.014375,0.598983,0.021956,0.800331,-196.612732,92.249481,90.819252
1080,9.000000,-0.014958,0.598859,0.022046,0.800411,-196.627213,92.248764,90.800896
1081,9.008333,-0.015255,0.598574,0.022055,0.800618,-196.633530,92.248360,90.788895
1082,9.016667,-0.015204,0.598507,0.022062,0.800669,-196.631256,92.247345,90.786423
1083,9.025000,-0.014822,0.598585,0.022025,0.800620,-196.625275,92.246223,90.796364
1084,9.033333,-0.014269,0.598378,0.022022,0.800784,-196.614319,92.244682,90.816147
1085,9.041667,-0.013424,0.598123,0.021943,0.800992,-196.596558,92.242989,90.850609
1086,9.050000,-0.012239,0.598051,0.022058,0.801061,-196.578491,92.242638,90.887474
1087,9.058333,-0.010118,0.598024,0.021780,0.801118,-196.551697,92.236389,90.940491
1088,9.066667,-0.007700,0.598307,0.022032,0.800927,-196.520065,92.227097,91.000839
1089,9.075000,-0.005600,0.598267,0.021793,0.800981,-196.479523,92.218307,91.068420
1090,9.083333,-0.003754,0.597801,0.021597,0.801345,-196.432571,92.221634,91.134003
1091,9.091667,-0.002107,0.597398,0.021727,0.801648,-196.389557,92.230553,91.188499
1092,9.100000,-0.000258,0.597412,0.022423,0.801621,-196.360565,92.235497,91.241577
1093,9.108333,0.000644,0.597428,0.022865,0.801596,-196.353149,92.232307,91.288300
1094,9.116667,0.001541,0.597565,0.023745,0.801468,-196.360138,92.228294,91.326790
1095,9.125000,0.002500,0.597588,0.024749,0.801418,-196.369629,92.225388,91.357300
1096,9.133333,0.002782,0.597631,0.025475,0.801361,-196.379608,92.224564,91.374680
1097,9.141667,0.002537,0.597776,0.025764,0.801245,-196.390915,92.224251,91.379967
1098,9.150000,0.002172,0.597896,0.025911,0.801152,-196.401077,92.225861,91.372414
1099,9.158333,0.000816,0.598463,0.025207,0.800753,-196.399643,92.236542,91.349236
1100,9.166667,0.000028,0.598642,0.024864,0.800630,-196.409668,92.240417,91.316612
1101,9.175000,-0.001624,0.598737,0.024050,0.800583,-196.418625,92.240738,91.274803
1102,9.183333,-0.002497,0.598579,0.023610,0.800712,-196.434280,92.230286,91.221901
1103,9.191667,-0.003781,0.598725,0.022600,0.800627,-196.451035,92.225174,91.155228
1104,9.200000,-0.005339,0.599229,0.021894,0.800261,-196.458694,92.218704,91.083244
1105,9.208333,-0.006806,0.599719,0.020974,0.799907,-196.461517,92.221703,91.005539
1106,9.216667,-0.008289,0.599718,0.019367,0.799934,-196.461411,92.232635,90.936394
1107,9.225000,-0.009640,0.599609,0.017854,0.800036,-196.459824,92.241562,90.884659
1108,9.233333,-0.010874,0.599527,0.017264,0.800094,-196.459183,92.248894,90.849388
1109,9.241667,-0.011719,0.599655,0.017027,0.799992,-196.457962,92.250740,90.832916
1110,9.250000,-0.011686,0.599724,0.016949,0.799942,-196.457214,92.251335,90.825584
1111,9.258333,-0.011795,0.599709,0.016977,0.799951,-196.456451,92.249153,90.830750
1112,9.266667,-0.011233,0.599695,0.017277,0.799963,-196.456207,92.249245,90.847092
1113,9.275000,-0.010096,0.599714,0.017792,0.799953,-196.453918,92.245590,90.876236
1114,9.283333,-0.008653,0.599874,0.018508,0.799834,-196.450668,92.239716,90.918945
1115,9.291667,-0.006902,0.600202,0.019891,0.799572,-196.445038,92.226562,90.979774
1116,9.300000,-0.005457,0.600062,0.020739,0.799666,-196.443085,92.217972,91.051064
1117,9.308333,-0.004133,0.599359,0.021823,0.800172,-196.441177,92.221222,91.128662
1118,9.316667,-0.003078,0.598904,0.023118,0.800481,-196.432953,92.222580,91.197052
1119,9.325000,-0.001467,0.598782,0.024149,0.800547,-196.422806,92.225525,91.253685
1120,9.333333,-0.000416,0.599080,0.024399,0.800317,-196.404205,92.237022,91.293213
1121,9.341667,0.000333,0.598946,0.024483,0.800415,-196.393997,92.240349,91.322426
1122,9.350000,0.001363,0.598656,0.025102,0.800612,-196.390289,92.231918,91.344994
1123,9.358333,0.002223,0.598285,0.025362,0.800879,-196.386139,92.227165,91.354797
1124,9.366667,0.001782,0.598161,0.025214,0.800977,-196.378769,92.225319,91.346085
1125,9.375000,0.001336,0.598115,0.024562,0.801033,-196.370239,92.225922,91.329010
1126,9.383333,0.000786,0.598258,0.023806,0.800949,-196.362656,92.229477,91.300316
1127,9.391667,-0.000215,0.598335,0.023111,0.800912,-196.363235,92.231842,91.262695
1128,9.400000,-0.001254,0.598305,0.022479,0.800952,-196.379227,92.235397,91.221397
1129,9.408333,-0.002879,0.598369,0.021883,0.800917,-196.414520,92.232910,91.170677
1130,9.416667,-0.004819,0.598861,0.022006,0.800536,-196.452606,92.225555,91.120430
1131,9.425000,-0.006449,0.599421,0.022103,0.800103,-196.489380,92.224106,91.062592
1132,9.433333,-0.007751,0.599560,0.022042,0.799989,-196.514664,92.226204,91.005379
1133,9.441667,-0.009068,0.599369,0.021669,0.800128,-196.529129,92.231003,90.954109
1134,9.450000,-0.010684,0.599309,0.021740,0.800151,-196.540237,92.241035,90.915642
1135,9.458333,-0.011645,0.599460,0.021586,0.800029,-196.551697,92.245102,90.896866
1136,9.466667,-0.012198,0.599517,0.021700,0.799975,-196.562744,92.247025,90.888191
1137,9.475000,-0.012327,0.599476,0.021802,0.800001,-196.573212,92.245804,90.892998
1138,9.483333,-0.011837,0.599220,0.022071,0.800192,-196.573517,92.243416,90.903839
1139,9.491667,-0.011069,0.599045,0.022386,0.800326,-196.562500,92.240837,90.921280
1140,9.500000,-0.009883,0.598987,0.021942,0.800397,-196.541443,92.233070,90.950157
1141,9.508333,-0.008198,0.599459,0.021927,0.800063,-196.518845,92.227676,90.989548
1142,9.516667,-0.006588,0.599674,0.021709,0.799923,-196.489578,92.220497,91.038063
1143,9.525000,-0.005232,0.599388,0.021305,0.800158,-196.450943,92.217026,91.089424
1144,9.533333,-0.004071,0.598889,0.020883,0.800550,-196.408463,92.221695,91.133148
1145,9.541667,-0.002809,0.598557,0.021031,0.800799,-196.376266,92.231117,91.171753
1146,9.550000,-0.001426,0.598497,0.021713,0.800829,-196.361298,92.235954,91.205559
1147,9.558333,-0.001094,0.598620,0.022491,0.800716,-196.365433,92.233719,91.237976
1148,9.566667,-0.000608,0.598767,0.023412,0.800581,-196.386856,92.230553,91.262695
1149,9.575000,-0.000722,0.598885,0.024220,0.800468,-196.411514,92.229630,91.274483
1150,9.583333,-0.001966,0.599068,0.023468,0.800352,-196.429977,92.244766,91.269684
1151,9.591667,-0.003330,0.599310,0.023271,0.800172,-196.457764,92.249817,91.252060
1152,9.600000,-0.003622,0.599211,0.023862,0.800228,-196.493271,92.241127,91.223686
1153,9.608333,-0.004312,0.599341,0.024531,0.800106,-196.518524,92.230209,91.188515
1154,9.616667,-0.005609,0.599770,0.024480,0.799778,-196.537903,92.226151,91.145920
1155,9.625000,-0.006599,0.600282,0.024251,0.799393,-196.552979,92.230675,91.098228
1156,9.633333,-0.007262,0.600794,0.024452,0.798997,-196.557800,92.231133,91.053787
1157,9.641667,-0.007014,0.601812,0.026072,0.798181,-196.536118,92.211342,91.025627
1158,9.650000,-0.008644,0.601632,0.023016,0.798395,-196.529434,92.235390,90.987358
1159,9.658333,-0.009072,0.601520,0.022183,0.798499,-196.509308,92.237946,90.956299
1160,9.666667,-0.009022,0.601602,0.021356,0.798459,-196.486557,92.240608,90.937836
1161,9.675000,-0.008623,0.601869,0.020574,0.798283,-196.462402,92.241791,90.934685
1162,9.683333,-0.008208,0.602148,0.020023,0.798091,-196.439178,92.239281,90.943298
1163,9.691667,-0.007013,0.602423,0.019926,0.797898,-196.416550,92.233727,90.969452
1164,9.700000,-0.005943,0.602361,0.019977,0.797952,-196.396912,92.229706,91.006294
1165,9.708333,-0.005186,0.602057,0.020090,0.798184,-196.382492,92.228989,91.050896
1166,9.716667,-0.004180,0.601920,0.020252,0.798289,-196.383423,92.232613,91.097794
1167,9.725000,-0.003750,0.602028,0.021388,0.798180,-196.396988,92.230064,91.144142
1168,9.733333,-0.003383,0.602443,0.022935,0.797825,-196.426773,92.229172,91.185013
1169,9.741667,-0.003012,0.602679,0.024518,0.797601,-196.453827,92.226730,91.217247
1170,9.750000,-0.002761,0.602945,0.025701,0.797364,-196.480423,92.228577,91.235237
1171,9.758333,-0.002870,0.603137,0.026401,0.797195,-196.505569,92.229362,91.244110
1172,9.766667,-0.003641,0.603324,0.026827,0.797037,-196.529205,92.229965,91.241280
1173,9.775000,-0.004276,0.603453,0.026974,0.796931,-196.550522,92.229248,91.230423
1174,9.783333,-0.005072,0.603463,0.027130,0.796913,-196.572250,92.232216,91.206490
1175,9.791667,-0.006140,0.603533,0.027088,0.796854,-196.591232,92.232849,91.168999
1176,9.800000,-0.006759,0.603678,0.026828,0.796748,-196.600967,92.234627,91.137550
1177,9.808333,-0.007631,0.603884,0.026914,0.796581,-196.599823,92.236534,91.110275
1178,9.816667,-0.007815,0.604037,0.026424,0.796479,-196.591599,92.239044,91.088455
1179,9.825000,-0.007938,0.604196,0.025895,0.796376,-196.571655,92.239288,91.070892
1180,9.833333,-0.007434,0.604055,0.024552,0.796529,-196.544296,92.233620,91.060188
1181,9.841667,-0.006963,0.604027,0.023329,0.796592,-196.510040,92.231590,91.051193
1182,9.850000,-0.006542,0.604076,0.022203,0.796591,-196.464661,92.229935,91.042236
1183,9.858333,-0.005633,0.604144,0.020945,0.796580,-196.415024,92.230309,91.042969
1184,9.866667,-0.004725,0.604060,0.019746,0.796680,-196.372192,92.232582,91.050865
1185,9.875000,-0.004075,0.604164,0.019069,0.796622,-196.346115,92.234077,91.062309
1186,9.883333,-0.003746,0.604351,0.018864,0.796486,-196.337372,92.236191,91.073769
1187,9.891667,-0.003969,0.604676,0.019235,0.796229,-196.348160,92.237869,91.080971
1188,9.900000,-0.004336,0.604999,0.020154,0.795959,-196.383759,92.237801,91.083862
1189,9.908333,-0.005466,0.605229,0.021382,0.795746,-196.432373,92.231880,91.089951
1190,9.916667,-0.006350,0.605328,0.022738,0.795626,-196.479980,92.231316,91.094276
1191,9.925000,-0.006957,0.605305,0.023873,0.795605,-196.519547,92.233246,91.094299
1192,9.933333,-0.007120,0.605367,0.024693,0.795531,-196.547180,92.234200,91.095314
1193,9.941667,-0.007064,0.605532,0.025194,0.795391,-196.565506,92.234215,91.100655
1194,9.950000,-0.007328,0.605794,0.026115,0.795159,-196.576447,92.237869,91.108444
1195,9.958333,-0.006962,0.605726,0.026094,0.795215,-196.576874,92.235229,91.124100
1196,9.966667,-0.006092,0.605761,0.026069,0.795196,-196.564133,92.232552,91.144363
1197,9.975000,-0.005516,0.605742,0.026083,0.795215,-196.547043,92.230133,91.164886
1198,9.983333,-0.004739,0.605674,0.025954,0.795275,-196.526978,92.229912,91.181442
1199,9.991667,-0.004235,0.605618,0.025362,0.795340,-196.506943,92.228409,91.191360
1200,10.000000,-0.003923,0.605595,0.024921,0.795373,-196.486786,92.228119,91.192139
1201,10.008333,-0.003859,0.605565,0.024451,0.795411,-196.465622,92.226860,91.185287
1202,10.016667,-0.003855,0.605463,0.023712,0.795511,-196.444016,92.228203,91.171875
1203,10.025000,-0.004136,0.605502,0.022904,0.795504,-196.421570,92.228302,91.147621
1204,10.033333,-0.004564,0.605501,0.021835,0.795532,-196.404953,92.232170,91.118546
1205,10.041667,-0.004890,0.605525,0.020976,0.795535,-196.401321,92.234253,91.083923
1206,10.050000,-0.005454,0.605532,0.020755,0.795532,-196.416122,92.234428,91.051689
1207,10.058333,-0.006252,0.605549,0.021252,0.795500,-196.439056,92.231216,91.032265
1208,10.066667,-0.007000,0.605297,0.021837,0.795670,-196.466797,92.231125,91.024170
1209,10.075000,-0.007092,0.605027,0.022554,0.795854,-196.491989,92.234543,91.030388
1210,10.083333,-0.007613,0.604836,0.023241,0.795974,-196.508072,92.232491,91.038696
1211,10.091667,-0.007397,0.604748,0.023639,0.796032,-196.514343,92.232887,91.049004
1212,10.100000,-0.006795,0.604522,0.023594,0.796210,-196.509247,92.233246,91.062874
1213,10.108333,-0.006593,0.604394,0.023354,0.796316,-196.494705,92.230232,91.078781
1214,10.116667,-0.006005,0.604231,0.022834,0.796459,-196.472733,92.229546,91.096725
1215,10.125000,-0.005014,0.603956,0.022337,0.796688,-196.443466,92.229637,91.110901
1216,10.133333,-0.004628,0.603739,0.021633,0.796875,-196.417770,92.231331,91.117828
1217,10.141667,-0.004232,0.603566,0.021217,0.797020,-196.403854,92.233482,91.120056
1218,10.150000,-0.004698,0.603692,0.021147,0.796923,-196.413330,92.232285,91.116333
1219,10.158333,-0.005231,0.603906,0.021541,0.796748,-196.434235,92.229485,91.110039
1220,10.166667,-0.005732,0.604108,0.022263,0.796571,-196.458405,92.230705,91.096954
1221,10.175000,-0.006518,0.604252,0.022886,0.796438,-196.479736,92.230042,91.079102
1222,10.183333,-0.006870,0.604375,0.023163,0.796334,-196.487732,92.231789,91.065140
1223,10.191667,-0.007005,0.604407,0.023084,0.796310,-196.486115,92.231506,91.053375
1224,10.200000,-0.006919,0.604524,0.022623,0.796236,-196.472702,92.231956,91.046013
1225,10.208333,-0.006431,0.604698,0.022263,0.796118,-196.454865,92.230347,91.045601
1226,10.216667,-0.006070,0.604757,0.021708,0.796091,-196.437515,92.231003,91.056030
1227,10.225000,-0.005200,0.604698,0.021442,0.796150,-196.424789,92.230644,91.080269
1228,10.233333,-0.005039,0.604673,0.021613,0.796165,-196.421387,92.228905,91.102509
1229,10.241667,-0.004699,0.604671,0.021902,0.796160,-196.420425,92.227997,91.122444
1230,10.250000,-0.004514,0.604717,0.022287,0.796115,-196.418900,92.228142,91.130409
1231,10.258333,-0.004624,0.604716,0.022274,0.796117,-196.420807,92.228073,91.130867
1232,10.266667,-0.004597,0.604780,0.022166,0.796071,-196.424622,92.229286,91.124794
1233,10.275000,-0.005059,0.604868,0.022075,0.796004,-196.428497,92.228218,91.110199
1234,10.283333,-0.005641,0.604918,0.021879,0.795967,-196.434891,92.229752,91.092041
1235,10.291667,-0.006245,0.604985,0.021836,0.795913,-196.446808,92.229523,91.072723
1236,10.300000,-0.006416,0.605055,0.022039,0.795853,-196.463043,92.232353,91.056488
1237,10.308333,-0.006531,0.604931,0.022194,0.795942,-196.473419,92.233246,91.054260
1238,10.316667,-0.006593,0.604847,0.022469,0.795997,-196.475708,92.231781,91.054405
1239,10.325000,-0.006578,0.604849,0.022601,0.795992,-196.468002,92.229652,91.056458
1240,10.333333,-0.006131,0.604847,0.022305,0.796006,-196.454147,92.230133,91.065857
1241,10.341667,-0.005905,0.604822,0.021875,0.796038,-196.436539,92.229309,91.082092
1242,10.350000,-0.005609,0.604726,0.021647,0.796120,-196.424500,92.229149,91.095947
1243,10.358333,-0.005249,0.604784,0.021690,0.796077,-196.419891,92.227814,91.107086
1244,10.366667,-0.004624,0.604762,0.021789,0.796094,-196.419235,92.230057,91.111885
1245,10.375000,-0.004530,0.604706,0.021840,0.796136,-196.419601,92.231148,91.109573
1246,10.383333,-0.005036,0.604796,0.021848,0.796065,-196.423798,92.229614,91.101921
1247,10.391667,-0.005475,0.604830,0.021770,0.796038,-196.430222,92.230240,91.090050
1248,10.400000,-0.006074,0.604992,0.021810,0.795910,-196.441742,92.228523,91.073486
1249,10.408333,-0.006329,0.605055,0.021973,0.795856,-196.453995,92.229233,91.059593
1250,10.416667,-0.006254,0.604980,0.022102,0.795909,-196.466232,92.230789,91.055565
1251,10.425000,-0.006353,0.604777,0.022351,0.796056,-196.471588,92.230186,91.058151
1252,10.433333,-0.006185,0.604706,0.022449,0.796108,-196.468643,92.230164,91.064636
1253,10.441667,-0.005842,0.604622,0.022239,0.796180,-196.454453,92.230370,91.072998
1254,10.450000,-0.005527,0.604615,0.021796,0.796200,-196.438599,92.230698,91.079811
1255,10.458333,-0.005522,0.604696,0.021319,0.796152,-196.432968,92.229919,91.088837
1256,10.466667,-0.005455,0.604761,0.021315,0.796103,-196.436020,92.229454,91.094673
1257,10.475000,-0.005606,0.604830,0.021669,0.796040,-196.441727,92.229584,91.095375
1258,10.483333,-0.005823,0.604807,0.021878,0.796051,-196.446228,92.229675,91.088295
1259,10.491667,-0.006222,0.604846,0.021845,0.796019,-196.446548,92.227631,91.076584
1260,10.500000,-0.006353,0.604949,0.021603,0.795946,-196.447479,92.226883,91.066734
1261,10.508333,-0.006123,0.604743,0.021007,0.796120,-196.444534,92.223022,91.068207
1262,10.516667,-0.005869,0.604619,0.020716,0.796224,-196.442383,92.221870,91.074394
1263,10.525000,-0.005241,0.604551,0.020898,0.796275,-196.437805,92.224205,91.077148
1264,10.533333,-0.005157,0.604473,0.020832,0.796337,-196.431610,92.225983,91.075096
1265,10.541667,-0.005284,0.604482,0.020733,0.796331,-196.432800,92.226112,91.071198
1266,10.550000,-0.005733,0.604568,0.020909,0.796259,-196.441177,92.224670,91.071053
1267,10.558333,-0.005889,0.604634,0.021083,0.796203,-196.448914,92.223709,91.070793
1268,10.566667,-0.005729,0.604555,0.021177,0.796261,-196.448135,92.223572,91.071358
1269,10.575000,-0.005563,0.604602,0.021113,0.796229,-196.442871,92.222900,91.075256
1270,10.583333,-0.005367,0.604535,0.020771,0.796290,-196.438416,92.225410,91.076210
1271,10.591667,-0.005680,0.604565,0.020718,0.796266,-196.436218,92.224678,91.077248
1272,10.600000,-0.005691,0.604673,0.020735,0.796183,-196.437653,92.225212,91.078094
1273,10.608333,-0.005672,0.604657,0.020709,0.796197,-196.438019,92.222885,91.078430
1274,10.616667,-0.005685,0.604687,0.020850,0.796170,-196.440292,92.223251,91.078102
1275,10.625000,-0.005572,0.604605,0.020907,0.796232,-196.444672,92.225822,91.075714
1276,10.633333,-0.005578,0.604550,0.021045,0.796269,-196.444763,92.225189,91.075157
1277,10.641667,-0.005660,0.604547,0.021076,0.796271,-196.441147,92.224052,91.075340
1278,10.650000,-0.005667,0.604562,0.020863,0.796265,-196.436981,92.223671,91.076035
1279,10.658333,-0.005698,0.604609,0.020752,0.796231,-196.434021,92.222832,91.074684
1280,10.666667,-0.005448,0.604646,0.020695,0.796207,-196.433228,92.224709,91.073624
1281,10.675000,-0.005426,0.604581,0.020629,0.796258,-196.432281,92.225662,91.072899
1282,10.683333,-0.005448,0.604563,0.020792,0.796267,-196.433273,92.224838,91.071960
1283,10.691667,-0.005659,0.604622,0.020831,0.796220,-196.435699,92.222984,91.072540
1284,10.700000,-0.005459,0.604696,0.020965,0.796162,-196.439423,92.223946,91.072220
1285,10.708333,-0.005574,0.604659,0.020994,0.796188,-196.443741,92.225853,91.071632
1286,10.716667,-0.005491,0.604588,0.021031,0.796242,-196.447098,92.225685,91.070869
1287,10.725000,-0.005770,0.604618,0.021124,0.796214,-196.446747,92.223419,91.072731
1288,10.733333,-0.005887,0.604671,0.021031,0.796176,-196.444946,92.223450,91.075661
1289,10.741667,-0.005715,0.604685,0.020941,0.796169,-196.442810,92.222961,91.076256
1290,10.750000,-0.005725,0.604652,0.020859,0.796196,-196.441696,92.223244,91.076996
1291,10.758333,-0.005771,0.604653,0.020806,0.796196,-196.441299,92.222549,91.076866
1292,10.766667,-0.005618,0.604637,0.020806,0.796209,-196.442749,92.224457,91.076752
1293,10.775000,-0.005975,0.604674,0.020917,0.796176,-196.444305,92.224365,91.076645
1294,10.783333,-0.006053,0.604610,0.020958,0.796223,-196.443649,92.223434,91.076797
1295,10.791667,-0.005565,0.604568,0.021039,0.796256,-196.441391,92.225143,91.075638
1296,10.800000,-0.005438,0.604520,0.020921,0.796297,-196.438950,92.224854,91.074333
1297,10.808333,-0.005507,0.604557,0.020893,0.796269,-196.437546,92.224976,91.072670
1298,10.816667,-0.005426,0.604581,0.020935,0.796250,-196.437454,92.225441,91.072151
1299,10.825000,-0.005587,0.604665,0.020976,0.796184,-196.438416,92.223686,91.072601
1300,10.833333,-0.005913,0.604681,0.020913,0.796172,-196.439880,92.223236,91.071342
1301,10.841667,-0.005558,0.604737,0.020978,0.796130,-196.442490,92.225174,91.070328
1302,10.850000,-0.005488,0.604618,0.020855,0.796224,-196.443588,92.224388,91.069862
1303,10.858333,-0.005672,0.604574,0.020972,0.796253,-196.445160,92.223518,91.069313
1304,10.866667,-0.005595,0.604581,0.021062,0.796245,-196.445053,92.224869,91.070976
1305,10.875000,-0.005473,0.604627,0.021059,0.796211,-196.445251,92.225105,91.072556
1306,10.883333,-0.005607,0.604551,0.020956,0.796271,-196.446091,92.224899,91.073601
1307,10.891667,-0.005920,0.604585,0.020980,0.796243,-196.445847,92.222992,91.074463
1308,10.900000,-0.005842,0.604594,0.020973,0.796236,-196.444977,92.223648,91.076118
1309,10.908333,-0.005844,0.604686,0.021069,0.796164,-196.445221,92.223778,91.077507
1310,10.916667,-0.005935,0.604650,0.021077,0.796190,-196.444717,92.222809,91.077873
1311,10.925000,-0.005683,0.604637,0.021095,0.796202,-196.443695,92.224709,91.077171
1312,10.933333,-0.005843,0.604601,0.020995,0.796231,-196.442429,92.223854,91.076294
1313,10.941667,-0.005981,0.604655,0.020983,0.796189,-196.442215,92.223892,91.075714
1314,10.950000,-0.005555,0.604623,0.020966,0.796216,-196.441559,92.225357,91.074600
1315,10.958333,-0.005502,0.604572,0.020967,0.796255,-196.441116,92.225388,91.073090
1316,10.966667,-0.005707,0.604631,0.021119,0.796205,-196.441589,92.224190,91.072495
1317,10.975000,-0.005907,0.604693,0.020967,0.796161,-196.442947,92.222916,91.072685
1318,10.983333,-0.005777,0.604670,0.020954,0.796180,-196.443771,92.224113,91.071800
1319,10.991667,-0.005545,0.604644,0.021057,0.796198,-196.443527,92.223709,91.070549
1320,11.000000,-0.005478,0.604597,0.021010,0.796235,-196.444183,92.225334,91.070534
1321,11.008333,-0.005499,0.604591,0.021022,0.796240,-196.444901,92.225037,91.070999
1322,11.016667,-0.005513,0.604619,0.020966,0.796220,-196.445511,92.225388,91.071823
1323,11.025000,-0.006127,0.604729,0.020843,0.796135,-196.443146,92.225174,91.067406
1324,11.033333,-0.006093,0.604828,0.020633,0.796065,-196.441589,92.229591,91.063660
1325,11.041667,-0.005147,0.604870,0.021177,0.796026,-196.438980,92.221161,91.069298
1326,11.050000,-0.004707,0.604828,0.021408,0.796054,-196.439819,92.216171,91.068611
1327,11.058333,-0.004463,0.604845,0.021575,0.796038,-196.438400,92.211273,91.066460
1328,11.066667,-0.004298,0.604862,0.021704,0.796023,-196.437668,92.209946,91.065422
1329,11.075000,-0.004333,0.604845,0.021794,0.796033,-196.437103,92.209183,91.065132
1330,11.083333,-0.004539,0.604883,0.021667,0.796007,-196.436295,92.208168,91.066154
1331,11.091667,-0.005037,0.604863,0.021425,0.796025,-196.438202,92.212570,91.070007
1332,11.100000,-0.005227,0.604838,0.021278,0.796047,-196.438400,92.216621,91.071091
