Format Version,1.25,Take Name,Take 2025-11-27 05.13.31 PM,Take Notes,,Capture Frame Rate,120.000000,Export Frame Rate,120.000000,Capture Start Time,2025-11-27 05.13.32.316 PM,Capture Start Frame,65542,Total Frames in Take,1224,Total Exported Frames,1224,Rotation Type,Quaternion,Length Units,Centimeters,Coordinate Space,Global

,Type,Rigid Body,Rigid Body,Rigid Body,Rigid Body,Rigid Body,Rigid Body,Rigid Body
,Name,SEE_large,SEE_large,SEE_large,SEE_large,SEE_large,SEE_large,SEE_large
,ID,B4680608301811F031C44B617C10C291,B4680608301811F031C44B617C10C291,B4680608301811F031C44B617C10C291,B4680608301811F031C44B617C10C291,B4680608301811F031C44B617C10C291,B4680608301811F031C44B617C10C291,B4680608301811F031C44B617C10C291
,Parent,,,,,,,
,,Rotation,Rotation,Rotation,Rotation,Position,Position,Position
Frame,Time (Seconds),X,Y,Z,W,X,Y,Z
0,0.000000,0.009851,0.925518,0.017956,0.378150,-215.063507,92.191544,84.235016
1,0.008333,0.011168,0.925701,0.018088,0.377659,-215.052383,92.179916,84.229408
2,0.016667,0.009658,0.925511,0.018027,0.378169,-215.061600,92.192764,84.238274
3,0.025000,0.009367,0.925463,0.018070,0.378291,-215.062881,92.196144,84.240921
4,0.033333,0.009164,0.925442,0.018077,0.378348,-215.061813,92.199150,84.244652
5,0.041667,0.007179,0.925601,0.019752,0.377917,-215.045837,92.169464,84.237411
6,0.050000,0.005951,0.925470,0.019785,0.378257,-215.052444,92.178322,84.245880
7,0.058333,0.007268,0.925676,0.019760,0.377731,-215.045135,92.166245,84.237694
8,0.066667,0.008231,0.925865,0.019816,0.377245,-215.042999,92.156853,84.228577
9,0.075000,0.009775,0.925473,0.017880,0.378265,-215.066483,92.196068,84.239143
10,0.083333,0.006718,0.925640,0.019832,0.377827,-215.070038,92.182457,84.234901
11,0.091667,0.009048,0.925737,0.018932,0.377585,-215.080048,92.203270,84.236084
12,0.100000,0.008971,0.925757,0.019135,0.377527,-215.083008,92.208679,84.239166
13,0.108333,0.010413,0.925919,0.019269,0.377087,-215.072342,92.193298,84.234604
14,0.116667,0.011175,0.926036,0.019362,0.376773,-215.072815,92.185303,84.225273
15,0.125000,0.008721,0.926093,0.021361,0.376588,-215.066620,92.162979,84.218285
16,0.133333,0.008550,0.926213,0.021788,0.376275,-215.059113,92.158188,84.217796
17,0.141667,0.008837,0.926346,0.021558,0.375954,-215.051178,92.162239,84.220299
18,0.150000,0.012303,0.926222,0.019633,0.376266,-215.052979,92.182716,84.221436
19,0.158333,0.009810,0.926092,0.021172,0.376576,-215.049927,92.167877,84.219467
20,0.166667,0.008446,0.926028,0.021973,0.376720,-215.049698,92.160439,84.220467
21,0.175000,0.008260,0.925949,0.022057,0.376913,-215.050217,92.159187,84.222977
22,0.183333,0.008401,0.925892,0.022022,0.377051,-215.048813,92.158638,84.223930
23,0.191667,0.008464,0.925908,0.021979,0.377013,-215.046768,92.158478,84.225189
24,0.200000,0.008598,0.925909,0.021847,0.377017,-215.045715,92.159958,84.225533
25,0.208333,0.008709,0.925913,0.021792,0.377008,-215.046219,92.160133,84.225693
26,0.216667,0.008634,0.925959,0.021776,0.376898,-215.047455,92.161026,84.226044
27,0.225000,0.008506,0.925984,0.021773,0.376838,-215.050095,92.161079,84.224892
28,0.233333,0.008448,0.925993,0.021859,0.376813,-215.053513,92.159927,84.225174
29,0.241667,0.008398,0.926003,0.021913,0.376787,-215.057541,92.160500,84.225044
30,0.250000,0.008437,0.925995,0.022003,0.376800,-215.060593,92.161179,84.225510
31,0.258333,0.008336,0.926002,0.021973,0.376787,-215.063263,92.161613,84.225357
32,0.266667,0.008328,0.926018,0.021914,0.376750,-215.063354,92.160515,84.225868
33,0.275000,0.008582,0.926004,0.021760,0.376788,-215.062592,92.161308,84.226486
34,0.283333,0.008301,0.925966,0.021916,0.376878,-215.064499,92.161652,84.223015
35,0.291667,0.008238,0.925960,0.022077,0.376886,-215.064453,92.161545,84.222237
36,0.300000,0.008139,0.925943,0.022143,0.376925,-215.062302,92.161613,84.222878
37,0.308333,0.011119,0.926010,0.020363,0.376786,-215.062454,92.181351,84.227608
38,0.316667,0.009058,0.925895,0.021691,0.377049,-215.057205,92.169197,84.226738
39,0.325000,0.007651,0.925823,0.022209,0.377226,-215.062576,92.167213,84.218201
40,0.333333,0.007898,0.925717,0.022607,0.377459,-215.062958,92.159943,84.213409
41,0.341667,0.007952,0.925622,0.022670,0.377685,-215.067108,92.158897,84.207932
42,0.350000,0.008259,0.925612,0.022710,0.377701,-215.068939,92.156349,84.205421
43,0.358333,0.008264,0.925623,0.022597,0.377681,-215.068100,92.157860,84.204514
44,0.366667,0.008154,0.925610,0.022397,0.377727,-215.065475,92.160812,84.202957
45,0.375000,0.008294,0.925637,0.022466,0.377654,-215.062500,92.159523,84.203377
46,0.383333,0.008704,0.925670,0.022472,0.377564,-215.060379,92.158867,84.202454
47,0.391667,0.008674,0.925701,0.022569,0.377481,-215.061600,92.157822,84.201447
48,0.400000,0.008811,0.925707,0.022425,0.377473,-215.063934,92.157776,84.202179
49,0.408333,0.008794,0.925718,0.022482,0.377443,-215.066269,92.157837,84.201324
50,0.416667,0.008851,0.925728,0.022536,0.377414,-215.069489,92.157646,84.202126
51,0.425000,0.008627,0.925699,0.022507,0.377492,-215.070923,92.158829,84.199677
52,0.433333,0.008825,0.925706,0.022463,0.377473,-215.072632,92.159447,84.199852
53,0.441667,0.008727,0.925709,0.022404,0.377470,-215.074570,92.158653,84.201469
54,0.450000,0.008669,0.925708,0.022274,0.377483,-215.075943,92.158379,84.202019
55,0.458333,0.008747,0.925737,0.022256,0.377411,-215.077927,92.157608,84.205902
56,0.466667,0.008622,0.925805,0.023022,0.377201,-215.083908,92.165718,84.210869
57,0.475000,0.008347,0.925791,0.022984,0.377244,-215.087173,92.168549,84.215347
58,0.483333,0.011460,0.925747,0.020153,0.377432,-215.092163,92.185234,84.217133
59,0.491667,0.009536,0.925665,0.020794,0.377652,-215.090561,92.173645,84.214088
60,0.500000,0.008299,0.925683,0.021490,0.377598,-215.087936,92.167336,84.214485
61,0.508333,0.007949,0.925684,0.021764,0.377588,-215.086105,92.165581,84.211876
62,0.516667,0.008201,0.925721,0.022239,0.377464,-215.081451,92.161522,84.210739
63,0.525000,0.008564,0.925749,0.022448,0.377374,-215.076111,92.158241,84.209099
64,0.533333,0.008759,0.925822,0.023302,0.377140,-215.076401,92.161781,84.208199
65,0.541667,0.008831,0.925753,0.022805,0.377337,-215.074020,92.159157,84.206093
66,0.550000,0.008569,0.925731,0.022405,0.377421,-215.071991,92.156754,84.203506
67,0.558333,0.008473,0.925713,0.022456,0.377465,-215.069839,92.157494,84.201691
68,0.566667,0.008626,0.925695,0.022414,0.377507,-215.067917,92.158661,84.200592
69,0.575000,0.012178,0.925726,0.020199,0.377460,-215.071701,92.180458,84.200203
70,0.583333,0.010591,0.925673,0.021261,0.377577,-215.069031,92.170105,84.197411
71,0.591667,0.009266,0.925729,0.022050,0.377430,-215.067551,92.161308,84.199165
72,0.600000,0.009004,0.925775,0.022191,0.377316,-215.069275,92.159882,84.202263
73,0.608333,0.008572,0.925748,0.022145,0.377395,-215.075180,92.161659,84.204109
74,0.616667,0.008396,0.925712,0.021952,0.377498,-215.082169,92.164841,84.208450
75,0.625000,0.007941,0.925772,0.022901,0.377305,-215.087769,92.170525,84.213257
76,0.633333,0.007821,0.925761,0.023071,0.377323,-215.089111,92.171165,84.214287
77,0.641667,0.007871,0.925707,0.022280,0.377502,-215.085571,92.165588,84.211609
78,0.650000,0.007914,0.925684,0.021993,0.377575,-215.083572,92.164185,84.208611
79,0.658333,0.008276,0.925729,0.022251,0.377442,-215.081100,92.160263,84.207550
80,0.666667,0.008628,0.925750,0.022551,0.377365,-215.078552,92.158089,84.205856
81,0.675000,0.008436,0.925754,0.022589,0.377357,-215.078384,92.159981,84.205597
82,0.683333,0.012052,0.925762,0.020403,0.377364,-215.080765,92.181229,84.207489
83,0.691667,0.009636,0.925712,0.021766,0.377480,-215.075089,92.168419,84.203613
84,0.700000,0.008420,0.925748,0.022590,0.377373,-215.072220,92.159279,84.204369
85,0.708333,0.008171,0.925741,0.022707,0.377388,-215.070312,92.156998,84.203003
86,0.716667,0.008563,0.925753,0.022538,0.377360,-215.070465,92.158684,84.201752
87,0.725000,0.008730,0.925704,0.022474,0.377481,-215.070053,92.158279,84.199356
88,0.733333,0.008626,0.925731,0.022440,0.377418,-215.070206,92.158073,84.198555
89,0.741667,0.008816,0.925710,0.022421,0.377466,-215.070892,92.158455,84.199562
90,0.750000,0.008705,0.925754,0.022459,0.377357,-215.072281,92.158958,84.201279
91,0.758333,0.008410,0.925721,0.022318,0.377454,-215.076538,92.161751,84.204422
92,0.766667,0.008295,0.925741,0.022188,0.377416,-215.078918,92.160919,84.205826
93,0.775000,0.008449,0.925738,0.022404,0.377408,-215.079666,92.159424,84.208374
94,0.783333,0.008556,0.925782,0.022545,0.377289,-215.080811,92.157898,84.210373
95,0.791667,0.008476,0.925780,0.022528,0.377296,-215.080292,92.157402,84.209831
96,0.800000,0.008516,0.925790,0.022516,0.377271,-215.079666,92.158501,84.209801
97,0.808333,0.008518,0.925774,0.022511,0.377312,-215.077759,92.159111,84.206482
98,0.816667,0.008625,0.925763,0.022603,0.377329,-215.076630,92.158234,84.206039
99,0.825000,0.008508,0.925743,0.022641,0.377379,-215.074997,92.157288,84.204552
100,0.833333,0.008556,0.925733,0.022697,0.377399,-215.072891,92.156944,84.204079
101,0.841667,0.008499,0.925732,0.022556,0.377412,-215.070938,92.159096,84.203102
102,0.850000,0.008629,0.925727,0.022513,0.377422,-215.069534,92.158966,84.201485
103,0.858333,0.008333,0.925690,0.022224,0.377538,-215.070251,92.161156,84.198616
104,0.866667,0.008574,0.925686,0.022232,0.377542,-215.067963,92.160431,84.198608
105,0.875000,0.008723,0.925685,0.022384,0.377532,-215.064911,92.159531,84.197769
106,0.883333,0.008777,0.925703,0.022380,0.377486,-215.064148,92.158363,84.198006
107,0.891667,0.008778,0.925702,0.022453,0.377484,-215.064484,92.158493,84.200165
108,0.900000,0.008598,0.925694,0.022221,0.377522,-215.069107,92.161171,84.201935
109,0.908333,0.008280,0.925665,0.022167,0.377603,-215.073730,92.163834,84.203346
110,0.916667,0.007926,0.925669,0.022162,0.377603,-215.077805,92.166367,84.205246
111,0.925000,0.008256,0.925766,0.023266,0.377289,-215.080597,92.168159,84.207932
112,0.933333,0.008138,0.925682,0.022749,0.377529,-215.077469,92.164055,84.206490
113,0.941667,0.008008,0.925710,0.022235,0.377494,-215.075394,92.163063,84.204964
114,0.950000,0.008345,0.925719,0.022212,0.377466,-215.073425,92.162407,84.203094
115,0.958333,0.008504,0.925735,0.022519,0.377407,-215.071701,92.159775,84.202667
116,0.966667,0.008385,0.925726,0.022491,0.377432,-215.072113,92.161728,84.202728
117,0.975000,0.011744,0.925773,0.020464,0.377344,-215.074585,92.181435,84.203094
118,0.983333,0.012088,0.925752,0.020471,0.377382,-215.074417,92.180237,84.202118
119,0.991667,0.012228,0.925720,0.020639,0.377449,-215.071487,92.179283,84.201447
120,1.000000,0.009590,0.925746,0.022122,0.377376,-215.067047,92.165283,84.200546
121,1.008333,0.008574,0.925785,0.022721,0.377269,-215.066788,92.160126,84.200569
122,1.016667,0.008285,0.925803,0.022861,0.377224,-215.069321,92.159576,84.200806
123,1.025000,0.008451,0.925838,0.023470,0.377097,-215.077515,92.165337,84.202911
124,1.033333,0.006260,0.925590,0.022892,0.377784,-215.091705,92.181435,84.211266
125,1.041667,0.005371,0.925568,0.022444,0.377878,-215.102264,92.185219,84.215286
126,1.050000,0.004798,0.925705,0.023143,0.377507,-215.111115,92.193748,84.219536
127,1.058333,0.004585,0.925836,0.023276,0.377180,-215.118927,92.197784,84.224236
128,1.066667,0.004250,0.925926,0.023159,0.376971,-215.129822,92.199562,84.226723
129,1.075000,0.003795,0.926048,0.023250,0.376670,-215.142349,92.202011,84.230125
130,1.083333,0.003385,0.926133,0.023221,0.376467,-215.155716,92.202675,84.233955
131,1.091667,0.002961,0.926252,0.023374,0.376167,-215.166504,92.203033,84.238411
132,1.100000,0.003332,0.926522,0.023644,0.375481,-215.168213,92.195198,84.234108
133,1.108333,0.003780,0.926699,0.023901,0.375024,-215.176849,92.190666,84.233231
134,1.116667,0.002447,0.926513,0.024425,0.375462,-215.193298,92.196312,84.247559
135,1.125000,0.003296,0.926716,0.024686,0.374937,-215.193680,92.187286,84.240555
136,1.133333,0.002372,0.926593,0.024997,0.375227,-215.203049,92.194046,84.250381
137,1.141667,0.003372,0.926870,0.025187,0.374522,-215.195923,92.184067,84.244438
138,1.150000,0.003638,0.926922,0.025347,0.374380,-215.198517,92.181007,84.239624
139,1.158333,0.003679,0.926981,0.025497,0.374222,-215.201096,92.181396,84.241158
140,1.166667,0.003518,0.926852,0.025460,0.374545,-215.203934,92.183777,84.257309
141,1.175000,0.002842,0.926877,0.025332,0.374499,-215.206558,92.190063,84.264511
142,1.183333,0.002753,0.926913,0.025402,0.374404,-215.213516,92.190300,84.270691
143,1.191667,0.002445,0.926926,0.025807,0.374348,-215.225037,92.191360,84.271294
144,1.200000,0.002615,0.927025,0.025927,0.374094,-215.238358,92.191658,84.275017
145,1.208333,0.002248,0.927000,0.026265,0.374134,-215.255447,92.189201,84.274506
146,1.216667,0.002199,0.927016,0.026347,0.374089,-215.274460,92.190247,84.281227
147,1.225000,0.001525,0.926908,0.026681,0.374335,-215.291840,92.194214,84.288078
148,1.233333,0.001231,0.926950,0.026750,0.374228,-215.306641,92.197525,84.295624
149,1.241667,0.000927,0.926964,0.026866,0.374187,-215.321487,92.199867,84.297958
150,1.250000,0.000584,0.926969,0.026931,0.374170,-215.334152,92.201843,84.298195
151,1.258333,0.000305,0.926963,0.027018,0.374177,-215.344269,92.201691,84.297691
152,1.266667,-0.000085,0.926932,0.027297,0.374236,-215.349289,92.198349,84.296379
153,1.275000,-0.000825,0.927010,0.026731,0.374083,-215.359421,92.207558,84.287209
154,1.283333,-0.000604,0.926951,0.026969,0.374212,-215.362167,92.203262,84.292267
155,1.291667,-0.001185,0.927033,0.026755,0.374022,-215.367081,92.208733,84.287521
156,1.300000,-0.001285,0.927052,0.026823,0.373970,-215.372726,92.208824,84.283058
157,1.308333,-0.001294,0.927035,0.027063,0.373994,-215.380402,92.207893,84.280983
158,1.316667,-0.001436,0.927048,0.027203,0.373952,-215.388031,92.207870,84.280090
159,1.325000,-0.001595,0.927060,0.027722,0.373884,-215.402130,92.209534,84.285423
160,1.333333,-0.001851,0.927068,0.027874,0.373851,-215.414719,92.210304,84.284744
161,1.341667,-0.002276,0.927063,0.027947,0.373856,-215.427429,92.209045,84.282944
162,1.350000,-0.003161,0.926943,0.027754,0.374162,-215.444916,92.211502,84.284195
163,1.358333,-0.003585,0.926825,0.027608,0.374461,-215.463074,92.212692,84.289810
164,1.366667,-0.003907,0.926772,0.027698,0.374581,-215.479370,92.212006,84.290787
165,1.375000,-0.004288,0.926761,0.027897,0.374591,-215.495605,92.210693,84.291092
166,1.383333,-0.004723,0.926716,0.028024,0.374687,-215.512512,92.209076,84.287941
167,1.391667,-0.004937,0.926707,0.028171,0.374695,-215.528778,92.208138,84.288780
168,1.400000,-0.005082,0.926729,0.028445,0.374618,-215.538025,92.206696,84.284874
169,1.408333,-0.005134,0.926894,0.028756,0.374184,-215.545563,92.208153,84.285065
170,1.416667,-0.005074,0.927284,0.028750,0.373218,-215.546631,92.208061,84.283485
171,1.425000,-0.005004,0.928207,0.028667,0.370924,-215.536026,92.207375,84.279785
172,1.433333,-0.004457,0.929803,0.028623,0.366917,-215.512177,92.206230,84.270538
173,1.441667,-0.003651,0.930219,0.028053,0.365912,-215.493256,92.205772,84.255737
174,1.450000,-0.003135,0.930347,0.028067,0.365592,-215.484161,92.203308,84.256660
175,1.458333,-0.003395,0.930361,0.028067,0.365554,-215.481918,92.206116,84.261009
176,1.466667,-0.003627,0.930321,0.028054,0.365655,-215.478333,92.208328,84.261635
177,1.475000,-0.003915,0.930318,0.028119,0.365655,-215.477112,92.207649,84.262497
178,1.483333,-0.004282,0.930322,0.028170,0.365635,-215.482193,92.209976,84.261971
179,1.491667,-0.004253,0.930320,0.028196,0.365638,-215.486313,92.209038,84.261024
180,1.500000,-0.003984,0.930350,0.028334,0.365553,-215.491318,92.206139,84.260071
181,1.508333,-0.004100,0.930333,0.028308,0.365599,-215.494995,92.206230,84.258430
182,1.516667,-0.004151,0.930317,0.028437,0.365629,-215.499252,92.206078,84.259262
183,1.525000,-0.004305,0.930300,0.028402,0.365672,-215.501266,92.207771,84.259277
184,1.533333,-0.004369,0.930316,0.028328,0.365637,-215.503098,92.209068,84.260895
185,1.541667,-0.004454,0.930309,0.028350,0.365653,-215.506317,92.210396,84.259872
186,1.550000,-0.004247,0.930323,0.028438,0.365613,-215.508453,92.212013,84.260918
187,1.558333,-0.004410,0.930321,0.028659,0.365597,-215.511276,92.213013,84.262657
188,1.566667,-0.004457,0.930293,0.028661,0.365669,-215.511673,92.212357,84.262558
189,1.575000,-0.004376,0.930305,0.028633,0.365642,-215.511658,92.212036,84.262665
190,1.583333,-0.004536,0.930343,0.028566,0.365548,-215.513031,92.211678,84.262718
191,1.591667,-0.004447,0.930354,0.028673,0.365514,-215.515259,92.212181,84.262718
192,1.600000,-0.004434,0.930354,0.028887,0.365497,-215.518066,92.212074,84.262428
193,1.608333,-0.004513,0.930346,0.029111,0.365496,-215.519806,92.213051,84.261108
194,1.616667,-0.004553,0.930336,0.029170,0.365518,-215.519424,92.212334,84.260437
195,1.625000,-0.004553,0.930391,0.029014,0.365391,-215.517075,92.210548,84.260139
196,1.633333,-0.004542,0.930387,0.028863,0.365413,-215.516708,92.211861,84.259865
197,1.641667,-0.004337,0.930423,0.028799,0.365329,-215.515182,92.210464,84.258095
198,1.650000,-0.004327,0.930402,0.028769,0.365385,-215.518066,92.212677,84.258965
199,1.658333,-0.004373,0.930397,0.028861,0.365390,-215.521240,92.212975,84.260231
200,1.666667,-0.004404,0.930387,0.028972,0.365405,-215.524673,92.212830,84.259628
201,1.675000,-0.004634,0.930349,0.029121,0.365487,-215.529465,92.212074,84.258926
202,1.683333,-0.004857,0.930349,0.029173,0.365481,-215.532333,92.211090,84.260818
203,1.691667,-0.004808,0.930329,0.029309,0.365521,-215.533752,92.212135,84.260765
204,1.700000,-0.004790,0.930353,0.029438,0.365451,-215.534256,92.211716,84.261993
205,1.708333,-0.004734,0.930361,0.029418,0.365431,-215.535019,92.210472,84.260979
206,1.716667,-0.004787,0.930356,0.029265,0.365457,-215.534332,92.209908,84.261009
207,1.725000,-0.004787,0.930323,0.029305,0.365538,-215.533264,92.210426,84.262024
208,1.733333,-0.004781,0.930325,0.029146,0.365544,-215.530273,92.211334,84.262039
209,1.741667,-0.004713,0.930372,0.029235,0.365418,-215.526505,92.212181,84.262123
210,1.750000,-0.004647,0.930384,0.029186,0.365392,-215.523666,92.212891,84.262032
211,1.758333,-0.004614,0.930361,0.029165,0.365455,-215.521622,92.212013,84.262024
212,1.766667,-0.004586,0.930388,0.029070,0.365393,-215.518494,92.212494,84.261154
213,1.775000,-0.004596,0.930411,0.028900,0.365349,-215.517548,92.212425,84.260574
214,1.783333,-0.004525,0.930385,0.028919,0.365414,-215.517838,92.214119,84.260071
215,1.791667,-0.004609,0.930403,0.028863,0.365372,-215.519165,92.214005,84.260300
216,1.800000,-0.004710,0.930424,0.028996,0.365306,-215.521866,92.213997,84.260681
217,1.808333,-0.004661,0.930411,0.029029,0.365337,-215.524033,92.213730,84.259911
218,1.816667,-0.004741,0.930380,0.029127,0.365406,-215.527298,92.213234,84.259827
219,1.825000,-0.004701,0.930391,0.029179,0.365376,-215.532425,92.213257,84.258217
220,1.833333,-0.004547,0.930398,0.028965,0.365377,-215.539368,92.213219,84.257904
221,1.841667,-0.004582,0.930391,0.029112,0.365382,-215.543365,92.211075,84.257660
222,1.850000,-0.004380,0.930340,0.029316,0.365498,-215.547043,92.210754,84.257835
223,1.858333,-0.004504,0.930351,0.029511,0.365454,-215.547531,92.210007,84.259392
224,1.866667,-0.004484,0.930347,0.029414,0.365471,-215.546753,92.210693,84.258949
225,1.875000,-0.004499,0.930328,0.029492,0.365513,-215.543579,92.210785,84.259148
226,1.883333,-0.004531,0.930352,0.029298,0.365468,-215.540131,92.210747,84.259026
227,1.891667,-0.004647,0.930366,0.029103,0.365445,-215.536407,92.210693,84.258232
228,1.900000,-0.004583,0.930378,0.028980,0.365425,-215.533157,92.211411,84.258568
229,1.908333,-0.004703,0.930404,0.028990,0.365356,-215.528915,92.211411,84.258125
230,1.916667,-0.004703,0.930396,0.028931,0.365382,-215.525635,92.211227,84.259445
231,1.925000,-0.004806,0.930408,0.028789,0.365361,-215.524109,92.213692,84.260269
232,1.933333,-0.004827,0.930415,0.028902,0.365334,-215.523560,92.215790,84.260254
233,1.941667,-0.004818,0.930432,0.028855,0.365294,-215.524872,92.216080,84.260147
234,1.950000,-0.004837,0.930449,0.028935,0.365245,-215.527130,92.215034,84.260284
235,1.958333,-0.004895,0.930428,0.029031,0.365290,-215.530807,92.213997,84.258850
236,1.966667,-0.004810,0.930414,0.029270,0.365308,-215.535980,92.211815,84.258598
237,1.975000,-0.004853,0.930371,0.029237,0.365419,-215.540070,92.210800,84.255997
238,1.983333,-0.004778,0.930365,0.029348,0.365427,-215.543411,92.210533,84.257629
239,1.991667,-0.004644,0.930357,0.029387,0.365447,-215.543610,92.209564,84.258080
240,2.000000,-0.004529,0.930364,0.029277,0.365439,-215.544434,92.211288,84.258446
241,2.008333,-0.004626,0.930366,0.029249,0.365435,-215.544815,92.212418,84.258659
242,2.016667,-0.004529,0.930374,0.029198,0.365419,-215.543533,92.212303,84.258293
243,2.025000,-0.004679,0.930390,0.029259,0.365371,-215.542252,92.211662,84.260025
244,2.033333,-0.004700,0.930399,0.029134,0.365358,-215.539169,92.212616,84.259163
245,2.041667,-0.004830,0.930383,0.029196,0.365393,-215.536682,92.211304,84.259979
246,2.050000,-0.004723,0.930384,0.029141,0.365397,-215.533920,92.212006,84.258064
247,2.058333,-0.004752,0.930416,0.029056,0.365321,-215.531403,92.211655,84.258408
248,2.066667,-0.004652,0.930416,0.028957,0.365330,-215.528732,92.210617,84.259125
249,2.075000,-0.004626,0.930406,0.029036,0.365348,-215.526505,92.211548,84.260025
250,2.083333,-0.004823,0.930413,0.029066,0.365327,-215.526001,92.212883,84.260544
251,2.091667,-0.004897,0.930405,0.029029,0.365348,-215.526718,92.214012,84.258827
252,2.100000,-0.004956,0.930417,0.029041,0.365316,-215.528992,92.214096,84.258820
253,2.108333,-0.004799,0.930419,0.029126,0.365306,-215.532654,92.214012,84.258492
254,2.116667,-0.004742,0.930403,0.029225,0.365342,-215.536087,92.212845,84.257500
255,2.125000,-0.004717,0.930391,0.029176,0.365374,-215.539368,92.211655,84.258636
256,2.133333,-0.004787,0.930379,0.029047,0.365414,-215.542007,92.212906,84.257927
257,2.141667,-0.004652,0.930373,0.029275,0.365414,-215.543549,92.211708,84.259186
258,2.150000,-0.004635,0.930354,0.029372,0.365454,-215.547943,92.211838,84.260849
259,2.158333,-0.004794,0.930356,0.029587,0.365430,-215.551331,92.211586,84.261192
260,2.166667,-0.004863,0.930354,0.029646,0.365428,-215.551453,92.211540,84.260506
261,2.175000,-0.004866,0.930340,0.029781,0.365453,-215.551422,92.210289,84.260826
262,2.183333,-0.004854,0.930345,0.029658,0.365451,-215.550644,92.211884,84.260101
263,2.191667,-0.004757,0.930349,0.029523,0.365454,-215.546082,92.211365,84.259293
264,2.200000,-0.004720,0.930395,0.029419,0.365346,-215.542526,92.211250,84.259506
265,2.208333,-0.004645,0.930396,0.029394,0.365345,-215.538956,92.212196,84.260826
266,2.216667,-0.004800,0.930415,0.029466,0.365291,-215.536469,92.211555,84.260567
267,2.225000,-0.004800,0.930409,0.029317,0.365318,-215.536041,92.212326,84.260269
268,2.233333,-0.004867,0.930401,0.029299,0.365338,-215.535431,92.212997,84.260017
269,2.241667,-0.004903,0.930412,0.029368,0.365304,-215.537292,92.213287,84.259674
270,2.250000,-0.004812,0.930416,0.029405,0.365291,-215.539215,92.213318,84.258263
271,2.258333,-0.004718,0.930404,0.029419,0.365322,-215.542419,92.213783,84.257706
272,2.266667,-0.004636,0.930407,0.029529,0.365307,-215.545898,92.213936,84.258186
273,2.275000,-0.004724,0.930392,0.029565,0.365341,-215.547852,92.211830,84.258102
274,2.283333,-0.004753,0.930393,0.029498,0.365345,-215.550476,92.212181,84.259270
275,2.291667,-0.004744,0.930362,0.029582,0.365416,-215.552353,92.212952,84.259155
276,2.300000,-0.004817,0.930367,0.029719,0.365392,-215.554016,92.212387,84.259186
277,2.308333,-0.004713,0.930347,0.029588,0.365455,-215.555450,92.212311,84.258850
278,2.316667,-0.004704,0.930347,0.029655,0.365450,-215.555283,92.210693,84.257751
279,2.325000,-0.004592,0.930342,0.029665,0.365462,-215.554840,92.210838,84.258827
280,2.333333,-0.004498,0.930361,0.029650,0.365415,-215.552216,92.210388,84.261215
281,2.341667,-0.004763,0.930384,0.029489,0.365367,-215.547806,92.211838,84.260712
282,2.350000,-0.004786,0.930389,0.029588,0.365346,-215.545151,92.212021,84.261337
283,2.358333,-0.004848,0.930418,0.029498,0.365279,-215.543076,92.211632,84.260635
284,2.366667,-0.004947,0.930413,0.029518,0.365289,-215.542343,92.213531,84.261101
285,2.375000,-0.004966,0.930431,0.029439,0.365248,-215.540741,92.213600,84.260300
286,2.383333,-0.004872,0.930411,0.029449,0.365300,-215.541107,92.215088,84.259621
287,2.391667,-0.004811,0.930403,0.029412,0.365324,-215.541382,92.214401,84.258774
288,2.400000,-0.004753,0.930422,0.029434,0.365276,-215.542862,92.215050,84.258293
289,2.408333,-0.004781,0.930420,0.029658,0.365262,-215.545135,92.213707,84.258690
290,2.416667,-0.004834,0.930389,0.029550,0.365350,-215.548325,92.212852,84.256752
291,2.425000,-0.004943,0.930388,0.029485,0.365354,-215.551514,92.212006,84.255829
292,2.433333,-0.004711,0.930380,0.029470,0.365380,-215.555054,92.211472,84.257408
293,2.441667,-0.004800,0.930371,0.029572,0.365393,-215.555862,92.211311,84.256744
294,2.450000,-0.004660,0.930361,0.029642,0.365416,-215.556427,92.211449,84.258598
295,2.458333,-0.004766,0.930373,0.029677,0.365380,-215.555481,92.211906,84.259621
296,2.466667,-0.004765,0.930369,0.029587,0.365399,-215.554428,92.212326,84.259895
297,2.475000,-0.004767,0.930394,0.029631,0.365330,-215.553314,92.211327,84.260605
298,2.483333,-0.004805,0.930365,0.029641,0.365402,-215.550873,92.211433,84.260498
299,2.491667,-0.004899,0.930376,0.029590,0.365378,-215.548965,92.212929,84.260757
300,2.500000,-0.004900,0.930402,0.029562,0.365314,-215.546631,92.212212,84.260666
301,2.508333,-0.004891,0.930416,0.029525,0.365282,-215.544678,92.213226,84.260307
302,2.516667,-0.004804,0.930422,0.029500,0.365268,-215.542572,92.213806,84.260048
303,2.525000,-0.004707,0.930433,0.029320,0.365258,-215.541290,92.213005,84.258636
304,2.533333,-0.004688,0.930435,0.029412,0.365245,-215.541534,92.212837,84.259575
305,2.541667,-0.004786,0.930453,0.029437,0.365196,-215.542175,92.212914,84.257217
306,2.550000,-0.004704,0.930419,0.029286,0.365296,-215.544846,92.212555,84.256866
307,2.558333,-0.004716,0.930430,0.029461,0.365253,-215.547821,92.213478,84.257446
308,2.566667,-0.004723,0.930412,0.029613,0.365286,-215.550110,92.213959,84.256950
309,2.575000,-0.004747,0.930417,0.029584,0.365276,-215.552643,92.212952,84.257690
310,2.583333,-0.004861,0.930399,0.029563,0.365322,-215.553864,92.211945,84.257385
311,2.591667,-0.004838,0.930394,0.029510,0.365338,-215.555435,92.212715,84.258102
312,2.600000,-0.004653,0.930383,0.029668,0.365357,-215.555069,92.211807,84.259209
313,2.608333,-0.004637,0.930391,0.029703,0.365333,-215.554504,92.211441,84.259178
314,2.616667,-0.004734,0.930392,0.029764,0.365325,-215.553665,92.209877,84.261040
315,2.625000,-0.004782,0.930396,0.029680,0.365321,-215.553360,92.210678,84.260880
316,2.633333,-0.004730,0.930416,0.029692,0.365269,-215.551544,92.209778,84.261391
317,2.641667,-0.004669,0.930418,0.029515,0.365281,-215.549118,92.211128,84.259102
318,2.650000,-0.004612,0.930417,0.029485,0.365286,-215.547485,92.210892,84.259331
319,2.658333,-0.004728,0.930427,0.029525,0.365255,-215.545578,92.211494,84.258858
320,2.666667,-0.004692,0.930402,0.029490,0.365322,-215.544861,92.212692,84.258041
321,2.675000,-0.004826,0.930410,0.029536,0.365297,-215.543655,92.212639,84.258873
322,2.683333,-0.004775,0.930416,0.029444,0.365289,-215.542847,92.212959,84.257980
323,2.691667,-0.004828,0.930445,0.029434,0.365216,-215.544220,92.214073,84.257347
324,2.700000,-0.004819,0.930435,0.029422,0.365243,-215.545914,92.213814,84.256294
325,2.708333,-0.004807,0.930419,0.029573,0.365271,-215.548248,92.212524,84.256210
326,2.716667,-0.004729,0.930408,0.029576,0.365299,-215.550446,92.212448,84.257927
327,2.725000,-0.004791,0.930408,0.029530,0.365302,-215.551468,92.211655,84.257179
328,2.733333,-0.004747,0.930384,0.029558,0.365362,-215.554214,92.212479,84.257812
329,2.741667,-0.004748,0.930395,0.029610,0.365331,-215.554901,92.212166,84.258369
330,2.750000,-0.004728,0.930413,0.029697,0.365277,-215.555496,92.211121,84.259430
331,2.758333,-0.004726,0.930386,0.029817,0.365336,-215.556030,92.210976,84.260056
332,2.766667,-0.004866,0.930392,0.029858,0.365316,-215.554459,92.211082,84.261497
333,2.775000,-0.004796,0.930398,0.029724,0.365312,-215.553116,92.212265,84.261963
334,2.783333,-0.004677,0.930400,0.029639,0.365316,-215.551331,92.212334,84.261360
335,2.791667,-0.004636,0.930414,0.029574,0.365287,-215.548828,92.211876,84.260406
336,2.800000,-0.004744,0.930432,0.029522,0.365242,-215.547318,92.212639,84.259972
337,2.808333,-0.004857,0.930417,0.029432,0.365287,-215.545135,92.212837,84.259293
338,2.816667,-0.004800,0.930449,0.029383,0.365210,-215.543793,92.213486,84.259567
339,2.825000,-0.004785,0.930444,0.029442,0.365218,-215.542953,92.213356,84.258965
340,2.833333,-0.004717,0.930449,0.029390,0.365211,-215.543961,92.214134,84.258240
341,2.841667,-0.004733,0.930427,0.029482,0.365260,-215.545197,92.214653,84.256729
342,2.850000,-0.004770,0.930410,0.029547,0.365296,-215.546326,92.213989,84.256973
343,2.858333,-0.004847,0.930413,0.029618,0.365281,-215.548111,92.213676,84.257721
344,2.866667,-0.004777,0.930427,0.029605,0.365248,-215.550262,92.212776,84.256668
345,2.875000,-0.004754,0.930403,0.029633,0.365308,-215.553070,92.211823,84.256340
346,2.883333,-0.004708,0.930416,0.029726,0.365268,-215.555191,92.211273,84.257660
347,2.891667,-0.004733,0.930409,0.029720,0.365284,-215.555527,92.211433,84.257645
348,2.900000,-0.004705,0.930410,0.029629,0.365291,-215.555908,92.210915,84.259453
349,2.908333,-0.004751,0.930403,0.029634,0.365309,-215.555222,92.211510,84.260269
350,2.916667,-0.004849,0.930401,0.029625,0.365312,-215.553864,92.211685,84.261993
351,2.925000,-0.004829,0.930411,0.029589,0.365289,-215.551834,92.212456,84.261856
352,2.933333,-0.004750,0.930399,0.029517,0.365328,-215.550613,92.213257,84.262474
353,2.941667,-0.004748,0.930414,0.029516,0.365290,-215.549210,92.213226,84.261932
354,2.950000,-0.004762,0.930417,0.029472,0.365284,-215.547104,92.212662,84.261063
355,2.958333,-0.004782,0.930440,0.029513,0.365223,-215.545181,92.213638,84.260628
356,2.966667,-0.004891,0.930437,0.029561,0.365225,-215.545273,92.214294,84.258415
357,2.975000,-0.004901,0.930436,0.029496,0.365233,-215.545944,92.214142,84.257645
358,2.983333,-0.004838,0.930420,0.029412,0.365281,-215.546005,92.213646,84.256897
359,2.991667,-0.004876,0.930440,0.029567,0.365218,-215.546371,92.212395,84.258148
360,3.000000,-0.004826,0.930419,0.029494,0.365277,-215.546722,92.212906,84.256920
361,3.008333,-0.004718,0.930434,0.029655,0.365228,-215.548569,92.212593,84.258049
362,3.016667,-0.004674,0.930432,0.029615,0.365237,-215.550262,92.211876,84.258339
363,3.025000,-0.004586,0.930437,0.029416,0.365240,-215.551498,92.211327,84.258621
364,3.033333,-0.004685,0.930437,0.029460,0.365236,-215.553207,92.211838,84.258751
365,3.041667,-0.004697,0.930403,0.029545,0.365315,-215.554626,92.212036,84.258530
366,3.050000,-0.004780,0.930398,0.029674,0.365316,-215.555542,92.212624,84.258392
367,3.058333,-0.004782,0.930395,0.029669,0.365326,-215.555283,92.210426,84.258064
368,3.066667,-0.004765,0.930385,0.029676,0.365348,-215.555023,92.210403,84.260063
369,3.075000,-0.004843,0.930386,0.029687,0.365344,-215.553253,92.211418,84.259575
370,3.083333,-0.004820,0.930390,0.029536,0.365347,-215.551544,92.210617,84.259689
371,3.091667,-0.004776,0.930418,0.029494,0.365281,-215.549423,92.211334,84.260582
372,3.100000,-0.004745,0.930425,0.029545,0.365258,-215.547394,92.212448,84.260040
373,3.108333,-0.004737,0.930427,0.029497,0.365258,-215.545792,92.212906,84.260246
374,3.116667,-0.004841,0.930462,0.029480,0.365167,-215.544418,92.213509,84.259987
375,3.125000,-0.004787,0.930440,0.029375,0.365235,-215.544296,92.213478,84.259743
376,3.133333,-0.004788,0.930419,0.029446,0.365282,-215.544540,92.212982,84.258774
377,3.141667,-0.004728,0.930433,0.029518,0.365240,-215.545898,92.213394,84.258331
378,3.150000,-0.004780,0.930437,0.029619,0.365223,-215.546661,92.212769,84.258453
379,3.158333,-0.004872,0.930416,0.029492,0.365285,-215.549561,92.213974,84.257889
380,3.166667,-0.004845,0.930411,0.029585,0.365291,-215.551376,92.213448,84.257523
381,3.175000,-0.004909,0.930407,0.029519,0.365303,-215.551971,92.212425,84.257195
382,3.183333,-0.004953,0.930390,0.029532,0.365346,-215.553589,92.212082,84.257797
383,3.191667,-0.004945,0.930417,0.029483,0.365281,-215.554459,92.211769,84.257759
384,3.200000,-0.004948,0.930415,0.029601,0.365277,-215.554901,92.211906,84.259148
385,3.208333,-0.004809,0.930407,0.029638,0.365296,-215.554169,92.211746,84.258911
386,3.216667,-0.004825,0.930396,0.029641,0.365324,-215.553833,92.209854,84.259270
387,3.225000,-0.004885,0.930397,0.029644,0.365321,-215.553879,92.209526,84.259506
388,3.233333,-0.004853,0.930388,0.029596,0.365347,-215.552002,92.210442,84.259499
389,3.241667,-0.004819,0.930402,0.029658,0.365306,-215.549820,92.212036,84.261063
390,3.250000,-0.004788,0.930427,0.029557,0.365252,-215.546417,92.211784,84.260948
391,3.258333,-0.004730,0.930427,0.029563,0.365252,-215.545319,92.213806,84.260269
392,3.266667,-0.004691,0.930441,0.029452,0.365226,-215.544556,92.213821,84.259911
393,3.275000,-0.004802,0.930431,0.029541,0.365244,-215.544754,92.213974,84.259323
394,3.283333,-0.004753,0.930416,0.029600,0.365277,-215.544800,92.212608,84.259506
395,3.291667,-0.004661,0.930423,0.029627,0.365259,-215.546387,92.213036,84.259125
396,3.300000,-0.004637,0.930434,0.029656,0.365227,-215.546936,92.211967,84.259285
397,3.308333,-0.004645,0.930407,0.029604,0.365301,-215.548401,92.213287,84.259605
398,3.316667,-0.004666,0.930437,0.029600,0.365225,-215.548782,92.212982,84.258774
399,3.325000,-0.004626,0.930405,0.029603,0.365308,-215.551590,92.212402,84.258232
400,3.333333,-0.004666,0.930419,0.029719,0.365261,-215.551407,92.212608,84.259438
401,3.341667,-0.004622,0.930426,0.029608,0.365254,-215.549652,92.213181,84.257286
402,3.350000,-0.004608,0.930418,0.029501,0.365282,-215.547821,92.211334,84.257301
403,3.358333,-0.004626,0.930440,0.029523,0.365225,-215.545029,92.210213,84.260033
404,3.366667,-0.004605,0.930469,0.029662,0.365138,-215.541458,92.211418,84.265724
405,3.375000,-0.004387,0.930444,0.029861,0.365190,-215.536835,92.211006,84.272591
406,3.383333,-0.004247,0.930425,0.029919,0.365233,-215.532089,92.213493,84.282310
407,3.391667,-0.004173,0.930443,0.030238,0.365164,-215.524628,92.213371,84.295204
408,3.400000,-0.004107,0.930463,0.030620,0.365081,-215.517090,92.213715,84.309731
409,3.408333,-0.004351,0.930548,0.031274,0.364805,-215.511490,92.211731,84.327522
410,3.416667,-0.004235,0.930440,0.032014,0.365018,-215.509171,92.211624,84.343071
411,3.425000,-0.004014,0.930389,0.032591,0.365101,-215.506363,92.211441,84.359947
412,3.433333,-0.002940,0.930332,0.033407,0.365181,-215.497345,92.205429,84.386986
413,3.441667,-0.002330,0.930382,0.033576,0.365043,-215.486664,92.204979,84.415802
414,3.450000,-0.000516,0.930598,0.032900,0.364560,-215.480423,92.215820,84.448746
415,3.458333,0.000180,0.930616,0.033300,0.364479,-215.480728,92.217781,84.470688
416,3.466667,0.000532,0.930635,0.033959,0.364369,-215.476395,92.218712,84.497467
417,3.475000,0.000993,0.930637,0.034459,0.364315,-215.466858,92.217537,84.524536
418,3.483333,0.001662,0.930640,0.034867,0.364269,-215.457062,92.217888,84.549454
419,3.491667,0.002074,0.930702,0.035228,0.364071,-215.438843,92.218330,84.574898
420,3.500000,0.002408,0.930745,0.035411,0.363941,-215.424591,92.222450,84.594231
421,3.508333,0.002779,0.930786,0.035638,0.363813,-215.412384,92.225456,84.610680
422,3.516667,0.002354,0.930613,0.035842,0.364237,-215.406509,92.231590,84.630318
423,3.525000,0.004258,0.930588,0.036251,0.364244,-215.392273,92.216652,84.643066
424,3.533333,0.005458,0.930557,0.036741,0.364259,-215.384430,92.210945,84.652969
425,3.541667,0.006088,0.930502,0.037142,0.364349,-215.380676,92.205559,84.663185
426,3.550000,0.006485,0.930427,0.037336,0.364514,-215.375778,92.205070,84.672546
427,3.558333,0.006511,0.930431,0.037416,0.364493,-215.374283,92.206863,84.678467
428,3.566667,0.006451,0.930460,0.037455,0.364416,-215.375381,92.208664,84.683365
429,3.575000,0.006555,0.930483,0.037538,0.364348,-215.378220,92.210426,84.688484
430,3.583333,0.006491,0.930437,0.037911,0.364428,-215.380569,92.210220,84.693718
431,3.591667,0.006540,0.930451,0.038288,0.364351,-215.382523,92.209099,84.704079
432,3.600000,0.006785,0.930389,0.038745,0.364456,-215.383102,92.205879,84.714294
433,3.608333,0.007318,0.930321,0.039216,0.364571,-215.384979,92.204765,84.728333
434,3.616667,0.007724,0.930296,0.039424,0.364603,-215.387222,92.202538,84.737328
435,3.625000,0.007833,0.930295,0.039533,0.364592,-215.391571,92.203064,84.744232
436,3.633333,0.007856,0.930300,0.039661,0.364565,-215.398911,92.204575,84.747429
437,3.641667,0.007746,0.930331,0.039653,0.364489,-215.407852,92.205856,84.746681
438,3.650000,0.007293,0.930350,0.039753,0.364440,-215.418976,92.205925,84.741348
439,3.658333,0.006871,0.930328,0.039801,0.364496,-215.428192,92.207176,84.728760
440,3.666667,0.006165,0.930418,0.039698,0.364293,-215.435867,92.209801,84.712646
441,3.675000,0.003405,0.930315,0.039150,0.364651,-215.449646,92.228722,84.699646
442,3.683333,0.002333,0.930495,0.038376,0.364282,-215.451736,92.233444,84.674652
443,3.691667,0.002471,0.930830,0.037575,0.363508,-215.446732,92.230011,84.643799
444,3.700000,0.002321,0.930913,0.037060,0.363348,-215.447693,92.228821,84.619812
445,3.708333,0.002407,0.930931,0.036944,0.363315,-215.453857,92.227257,84.612373
446,3.716667,0.002518,0.930894,0.037477,0.363353,-215.466064,92.230026,84.620522
447,3.725000,0.003481,0.930719,0.038612,0.363675,-215.482376,92.243599,84.639267
448,3.733333,0.004656,0.930562,0.039902,0.363923,-215.488937,92.278481,84.652863
449,3.741667,0.005566,0.930368,0.041641,0.364212,-215.484879,92.315186,84.666786
450,3.750000,0.006007,0.930315,0.043406,0.364135,-215.477936,92.375214,84.671310
451,3.758333,0.005492,0.930409,0.043364,0.363907,-215.471024,92.429008,84.683571
452,3.766667,0.003724,0.930432,0.042431,0.363981,-215.472366,92.488304,84.694618
453,3.775000,0.002551,0.930316,0.041943,0.364344,-215.481537,92.545601,84.711891
454,3.783333,0.005741,0.929924,0.040677,0.365450,-215.495010,92.606018,84.724121
455,3.791667,0.006045,0.930278,0.039277,0.364697,-215.478653,92.668900,84.731483
456,3.800000,0.006889,0.930232,0.038842,0.364846,-215.472824,92.709984,84.750389
457,3.808333,0.006379,0.930278,0.038613,0.364762,-215.471359,92.758659,84.768654
458,3.816667,0.005331,0.930367,0.038654,0.364549,-215.467148,92.812607,84.787773
459,3.825000,0.002875,0.930496,0.039064,0.364201,-215.456223,92.873558,84.805511
460,3.833333,0.001070,0.930557,0.040070,0.363947,-215.440628,92.921608,84.825447
461,3.841667,0.001037,0.930524,0.040191,0.364018,-215.430664,92.981010,84.835083
462,3.850000,0.001310,0.930540,0.039714,0.364028,-215.426132,93.045891,84.840141
463,3.858333,0.000873,0.930379,0.038595,0.364561,-215.433411,93.119995,84.827065
464,3.866667,0.005568,0.930581,0.035634,0.364305,-215.443039,93.201576,84.825790
465,3.875000,0.005577,0.930518,0.034698,0.364556,-215.447952,93.255714,84.820663
466,3.883333,0.004867,0.930645,0.034318,0.364279,-215.443176,93.308853,84.820297
467,3.891667,0.002285,0.930666,0.034404,0.364242,-215.443085,93.378777,84.830276
468,3.900000,0.001277,0.930714,0.034984,0.364069,-215.436630,93.435921,84.840202
469,3.908333,0.001614,0.930883,0.035178,0.363615,-215.423294,93.477066,84.842873
470,3.916667,0.001720,0.930897,0.035025,0.363595,-215.416672,93.520287,84.842476
471,3.925000,0.001936,0.930838,0.035355,0.363712,-215.417725,93.567535,84.842880
472,3.933333,0.002333,0.930828,0.035463,0.363725,-215.426376,93.615601,84.836533
473,3.941667,0.001418,0.930784,0.034965,0.363890,-215.437958,93.675545,84.835594
474,3.950000,0.001004,0.930741,0.035730,0.363929,-215.443634,93.726227,84.837952
475,3.958333,0.004408,0.930840,0.033857,0.363829,-215.446854,93.788963,84.844109
476,3.966667,0.004825,0.930913,0.033374,0.363681,-215.435547,93.828354,84.849014
477,3.975000,0.004103,0.931055,0.032886,0.363372,-215.426971,93.877655,84.853485
478,3.983333,0.001690,0.930893,0.032660,0.363826,-215.425537,93.946251,84.865974
479,3.991667,0.001486,0.931056,0.032124,0.363457,-215.411377,93.998398,84.861031
480,4.000000,0.001233,0.931086,0.031794,0.363410,-215.402344,94.054466,84.861015
481,4.008333,0.001404,0.931111,0.031495,0.363372,-215.395004,94.107239,84.860924
482,4.016667,0.000425,0.931030,0.030650,0.363654,-215.398315,94.167862,84.849182
483,4.025000,0.000139,0.931020,0.030380,0.363701,-215.399506,94.219276,84.839348
484,4.033333,0.000130,0.930999,0.030479,0.363747,-215.399353,94.268784,84.828735
485,4.041667,0.003147,0.931077,0.029762,0.363593,-215.405136,94.342400,84.817955
486,4.050000,0.002720,0.931069,0.029567,0.363632,-215.402771,94.396667,84.807442
487,4.058333,0.001910,0.931077,0.028928,0.363668,-215.398026,94.451401,84.798622
488,4.066667,0.000620,0.931099,0.028342,0.363664,-215.395737,94.508446,84.794090
489,4.075000,-0.000054,0.931078,0.027809,0.363759,-215.393692,94.557556,84.790787
490,4.083333,-0.000322,0.931118,0.027005,0.363717,-215.394470,94.599754,84.787346
491,4.091667,-0.000552,0.931202,0.026379,0.363548,-215.394180,94.637390,84.784706
492,4.100000,-0.001490,0.931251,0.025610,0.363473,-215.402390,94.679298,84.777641
493,4.108333,-0.002029,0.931232,0.025362,0.363537,-215.409729,94.719627,84.774109
494,4.116667,-0.002467,0.931242,0.025161,0.363524,-215.411453,94.758644,84.771385
495,4.125000,-0.003004,0.931299,0.024737,0.363403,-215.405090,94.798592,84.763321
496,4.133333,-0.003172,0.931366,0.024160,0.363269,-215.399933,94.838181,84.759048
497,4.141667,-0.000715,0.931376,0.021784,0.363406,-215.396881,94.890602,84.752892
498,4.150000,-0.000396,0.931481,0.021026,0.363181,-215.386414,94.930550,84.747513
499,4.158333,-0.000468,0.931537,0.020824,0.363049,-215.379074,94.964890,84.742966
500,4.166667,-0.002298,0.931441,0.022149,0.363211,-215.381119,95.018158,84.746101
501,4.175000,-0.002121,0.931568,0.022429,0.362868,-215.369537,95.047066,84.733269
502,4.183333,-0.002286,0.931617,0.022196,0.362755,-215.357040,95.076630,84.730019
503,4.191667,-0.002471,0.931732,0.021792,0.362485,-215.341827,95.108368,84.734406
504,4.200000,-0.002762,0.931720,0.021580,0.362525,-215.334198,95.143425,84.739822
505,4.208333,-0.004353,0.931601,0.020734,0.362865,-215.340897,95.182083,84.730934
506,4.216667,-0.005027,0.931458,0.020287,0.363248,-215.346390,95.208046,84.727654
507,4.225000,-0.005270,0.931435,0.020251,0.363305,-215.347763,95.228264,84.723572
508,4.233333,-0.004949,0.931500,0.020344,0.363138,-215.344818,95.243317,84.725586
509,4.241667,-0.004560,0.931552,0.020282,0.363013,-215.339493,95.257706,84.728104
510,4.250000,-0.004081,0.931609,0.020211,0.362877,-215.335373,95.274147,84.732513
511,4.258333,-0.003987,0.931677,0.020100,0.362710,-215.331314,95.292213,84.737373
512,4.266667,-0.003874,0.931675,0.019864,0.362727,-215.328308,95.311531,84.739319
513,4.275000,-0.004061,0.931681,0.019699,0.362719,-215.326447,95.337318,84.739655
514,4.283333,-0.004267,0.931664,0.019432,0.362776,-215.326660,95.365997,84.738503
515,4.291667,-0.004098,0.931704,0.019076,0.362694,-215.323990,95.395584,84.735168
516,4.300000,-0.001725,0.931693,0.017394,0.362826,-215.321060,95.437164,84.732079
517,4.308333,-0.001239,0.931744,0.016834,0.362724,-215.312286,95.466805,84.729019
518,4.316667,-0.001352,0.931834,0.016659,0.362499,-215.304306,95.488403,84.729965
519,4.325000,-0.002830,0.931964,0.016456,0.362167,-215.279434,95.518616,84.736404
520,4.333333,-0.003179,0.932016,0.016515,0.362026,-215.271469,95.536491,84.735748
521,4.341667,-0.004136,0.931918,0.016754,0.362259,-215.281967,95.560471,84.735680
522,4.350000,-0.004287,0.931831,0.016918,0.362471,-215.292953,95.575180,84.733116
523,4.358333,-0.003471,0.931964,0.017153,0.362129,-215.288681,95.583725,84.723862
524,4.366667,-0.003529,0.932025,0.017560,0.361953,-215.287781,95.603668,84.716316
525,4.375000,-0.003680,0.932080,0.018516,0.361761,-215.287872,95.632034,84.710587
526,4.383333,-0.003521,0.932093,0.018729,0.361718,-215.288574,95.655457,84.708282
527,4.391667,-0.004689,0.932065,0.017950,0.361816,-215.300720,95.691635,84.695366
528,4.400000,-0.004758,0.931929,0.017791,0.362172,-215.309952,95.711960,84.690872
529,4.408333,-0.003874,0.931888,0.018120,0.362274,-215.306137,95.716896,84.691772
530,4.416667,-0.004457,0.931998,0.017916,0.361993,-215.297836,95.736343,84.696075
531,4.425000,-0.004765,0.932042,0.017788,0.361881,-215.291641,95.756203,84.699562
532,4.433333,-0.004682,0.932127,0.017595,0.361674,-215.287109,95.773796,84.700996
533,4.441667,-0.004601,0.932170,0.017572,0.361565,-215.285492,95.789322,84.703758
534,4.450000,-0.004669,0.932112,0.017770,0.361703,-215.284805,95.803162,84.703728
535,4.458333,-0.004661,0.932131,0.017843,0.361651,-215.284378,95.816330,84.702316
536,4.466667,-0.004937,0.932101,0.017850,0.361723,-215.286682,95.830696,84.699829
537,4.475000,-0.005286,0.932053,0.017965,0.361837,-215.281860,95.848511,84.698936
538,4.483333,-0.005271,0.932058,0.017910,0.361828,-215.269943,95.873909,84.697708
539,4.491667,-0.005998,0.932159,0.017696,0.361567,-215.245102,95.917595,84.688599
540,4.500000,-0.006395,0.932363,0.016579,0.361086,-215.214111,95.982918,84.678543
541,4.508333,-0.004336,0.932536,0.014163,0.360773,-215.187759,96.065681,84.665215
542,4.516667,-0.005906,0.932636,0.012958,0.360537,-215.172195,96.149628,84.654526
543,4.525000,-0.006796,0.933128,0.011431,0.359298,-215.144043,96.213867,84.627113
544,4.533333,-0.007055,0.933218,0.010878,0.359077,-215.123413,96.266228,84.616867
545,4.541667,-0.007057,0.933234,0.010887,0.359035,-215.107910,96.310013,84.615585
546,4.550000,-0.007250,0.933254,0.010949,0.358978,-215.102798,96.349541,84.614502
547,4.558333,-0.007777,0.933156,0.010357,0.359238,-215.106888,96.390305,84.610931
548,4.566667,-0.007888,0.932992,0.009652,0.359680,-215.113693,96.426697,84.608360
549,4.575000,-0.009450,0.932833,0.008978,0.360073,-215.106796,96.472771,84.608749
550,4.583333,-0.010545,0.932760,0.008667,0.360238,-215.110321,96.506157,84.603653
551,4.591667,-0.010819,0.932708,0.008320,0.360373,-215.118073,96.532677,84.595268
552,4.600000,-0.010572,0.932737,0.007863,0.360316,-215.125031,96.551659,84.584877
553,4.608333,-0.007743,0.932733,0.005907,0.360436,-215.132553,96.581970,84.571861
554,4.616667,-0.008492,0.932572,0.005176,0.360848,-215.139893,96.612915,84.571938
555,4.625000,-0.008698,0.932654,0.005071,0.360631,-215.141388,96.628220,84.569458
556,4.633333,-0.009261,0.932633,0.005171,0.360672,-215.143845,96.637817,84.565529
557,4.641667,-0.009631,0.932643,0.005131,0.360636,-215.148346,96.644821,84.561928
558,4.650000,-0.009238,0.932813,0.005133,0.360206,-215.145462,96.643982,84.553871
559,4.658333,-0.010108,0.932689,0.005173,0.360502,-215.149277,96.651970,84.554527
560,4.666667,-0.009396,0.932819,0.005148,0.360185,-215.142990,96.643791,84.548988
561,4.675000,-0.009877,0.932677,0.005207,0.360539,-215.145798,96.647224,84.557396
562,4.683333,-0.009480,0.932639,0.005283,0.360648,-215.143967,96.642044,84.562851
563,4.691667,-0.009302,0.932645,0.005303,0.360636,-215.140961,96.640244,84.564758
564,4.700000,-0.009260,0.932627,0.005311,0.360684,-215.137436,96.639801,84.566490
565,4.708333,-0.009394,0.932685,0.005275,0.360531,-215.132904,96.643433,84.569260
566,4.716667,-0.008821,0.932837,0.005145,0.360153,-215.123230,96.640877,84.563354
567,4.725000,-0.009565,0.932746,0.005237,0.360369,-215.128067,96.647491,84.570816
568,4.733333,-0.009335,0.932672,0.005171,0.360569,-215.129379,96.644630,84.573265
569,4.741667,-0.009241,0.932664,0.005248,0.360590,-215.131836,96.642387,84.575523
570,4.750000,-0.009242,0.932673,0.005310,0.360565,-215.134781,96.642059,84.575760
571,4.758333,-0.009313,0.932648,0.005245,0.360629,-215.137482,96.640938,84.572861
572,4.766667,-0.009377,0.932658,0.005204,0.360602,-215.140839,96.642982,84.570488
573,4.775000,-0.009572,0.932675,0.005342,0.360552,-215.143066,96.644310,84.567108
574,4.783333,-0.009492,0.932658,0.005244,0.360600,-215.145355,96.646912,84.563484
575,4.791667,-0.009541,0.932644,0.005236,0.360635,-215.147491,96.646423,84.562973
576,4.800000,-0.009623,0.932624,0.005151,0.360683,-215.148758,96.645531,84.561211
577,4.808333,-0.009716,0.932622,0.005194,0.360686,-215.149658,96.645264,84.560516
578,4.816667,-0.009532,0.932604,0.005190,0.360737,-215.148407,96.644600,84.559021
579,4.825000,-0.009669,0.932651,0.005229,0.360613,-215.145752,96.647194,84.559181
580,4.833333,-0.009792,0.932683,0.005204,0.360526,-215.142029,96.649101,84.560371
581,4.841667,-0.009901,0.932691,0.005239,0.360504,-215.138245,96.649002,84.563179
582,4.850000,-0.009710,0.932663,0.005141,0.360583,-215.135223,96.646896,84.566887
583,4.858333,-0.009771,0.932671,0.005115,0.360561,-215.132401,96.645180,84.569649
584,4.866667,-0.009520,0.932641,0.005059,0.360646,-215.131027,96.644157,84.570892
585,4.875000,-0.009405,0.932659,0.005077,0.360601,-215.130356,96.644623,84.572617
586,4.883333,-0.009443,0.932662,0.005083,0.360592,-215.129593,96.647255,84.572556
587,4.891667,-0.009379,0.932689,0.005103,0.360523,-215.128799,96.647491,84.574112
588,4.900000,-0.009605,0.932715,0.005160,0.360450,-215.132019,96.648949,84.573395
589,4.908333,-0.009535,0.932677,0.005181,0.360548,-215.133423,96.645752,84.573837
590,4.916667,-0.009473,0.932669,0.005147,0.360572,-215.137894,96.645416,84.571877
591,4.925000,-0.009461,0.932644,0.005166,0.360636,-215.142136,96.645340,84.569389
592,4.933333,-0.009546,0.932644,0.005225,0.360635,-215.146393,96.644676,84.565964
593,4.941667,-0.009597,0.932617,0.005100,0.360704,-215.148972,96.645889,84.561447
594,4.950000,-0.008915,0.932784,0.004993,0.360290,-215.143036,96.640877,84.554474
595,4.958333,-0.009340,0.932664,0.005109,0.360588,-215.145752,96.644257,84.559639
596,4.966667,-0.009315,0.932660,0.005164,0.360601,-215.144562,96.642403,84.560898
597,4.975000,-0.009343,0.932669,0.005273,0.360575,-215.141113,96.640213,84.562210
598,4.983333,-0.009293,0.932647,0.005170,0.360633,-215.137955,96.640846,84.562355
599,4.991667,-0.009455,0.932707,0.005138,0.360474,-215.134903,96.644485,84.564262
600,5.000000,-0.009547,0.932710,0.005166,0.360464,-215.131546,96.645691,84.567291
601,5.008333,-0.009513,0.932707,0.005205,0.360472,-215.129501,96.645721,84.570541
602,5.016667,-0.009629,0.932699,0.005233,0.360490,-215.128540,96.645096,84.573273
603,5.025000,-0.009883,0.932677,0.005133,0.360540,-215.128906,96.646210,84.572540
604,5.033333,-0.009717,0.932666,0.005163,0.360573,-215.130066,96.645096,84.574112
605,5.041667,-0.009560,0.932656,0.005120,0.360603,-215.131897,96.645706,84.573677
606,5.050000,-0.009543,0.932660,0.005152,0.360595,-215.134430,96.646378,84.573318
607,5.058333,-0.009542,0.932651,0.005141,0.360618,-215.136093,96.646568,84.572357
608,5.066667,-0.009577,0.932662,0.005176,0.360588,-215.138931,96.646362,84.571014
609,5.075000,-0.009313,0.932650,0.005152,0.360626,-215.142303,96.646446,84.569344
610,5.083333,-0.009276,0.932622,0.005133,0.360700,-215.144653,96.646049,84.565971
611,5.091667,-0.009554,0.932636,0.005286,0.360654,-215.145706,96.643814,84.564857
612,5.100000,-0.009429,0.932632,0.005221,0.360668,-215.145752,96.642700,84.562889
613,5.108333,-0.009460,0.932645,0.005332,0.360632,-215.146088,96.643906,84.561813
614,5.116667,-0.009715,0.932660,0.005339,0.360587,-215.145203,96.646584,84.560509
615,5.125000,-0.009690,0.932654,0.005130,0.360604,-215.141846,96.645370,84.561615
616,5.133333,-0.009810,0.932624,0.005160,0.360681,-215.139740,96.645958,84.564362
617,5.141667,-0.009917,0.932640,0.005160,0.360635,-215.136978,96.647385,84.564789
618,5.150000,-0.009781,0.932644,0.005100,0.360631,-215.133835,96.646225,84.566971
619,5.158333,-0.009798,0.932683,0.005165,0.360526,-215.131119,96.646759,84.568993
620,5.166667,-0.009688,0.932697,0.005109,0.360493,-215.128586,96.647408,84.571259
621,5.175000,-0.009497,0.932709,0.005089,0.360468,-215.127533,96.648270,84.572411
622,5.183333,-0.009376,0.932703,0.005162,0.360487,-215.127518,96.645126,84.574059
623,5.191667,-0.009424,0.932707,0.005060,0.360476,-215.130447,96.645012,84.573975
624,5.200000,-0.009305,0.932658,0.005044,0.360607,-215.133911,96.644684,84.572868
625,5.208333,-0.009484,0.932642,0.005133,0.360643,-215.137009,96.644211,84.571617
626,5.216667,-0.009509,0.932648,0.005209,0.360625,-215.140182,96.644768,84.571030
627,5.225000,-0.009503,0.932645,0.005131,0.360633,-215.142349,96.645576,84.569450
628,5.233333,-0.009454,0.932653,0.005102,0.360614,-215.144165,96.646484,84.567886
629,5.241667,-0.009590,0.932646,0.005148,0.360628,-215.145447,96.645996,84.565773
630,5.250000,-0.009603,0.932631,0.005176,0.360668,-215.146515,96.645393,84.563652
631,5.258333,-0.009463,0.932625,0.005066,0.360686,-215.146851,96.645317,84.561272
632,5.266667,-0.009512,0.932626,0.005118,0.360683,-215.146011,96.644646,84.560791
633,5.275000,-0.009588,0.932654,0.005193,0.360607,-215.143997,96.644318,84.561989
634,5.283333,-0.009825,0.932646,0.005207,0.360621,-215.139481,96.646317,84.561035
635,5.291667,-0.009742,0.932676,0.005137,0.360546,-215.136124,96.647224,84.564392
636,5.300000,-0.009760,0.932680,0.005186,0.360536,-215.131561,96.646034,84.567162
637,5.308333,-0.009488,0.932684,0.005231,0.360531,-215.127441,96.644669,84.570602
638,5.316667,-0.009533,0.932729,0.005319,0.360412,-215.126495,96.646973,84.571487
639,5.325000,-0.009711,0.932734,0.005349,0.360394,-215.126282,96.647034,84.572189
640,5.333333,-0.009675,0.932736,0.005281,0.360392,-215.126923,96.650383,84.574226
641,5.341667,-0.009640,0.932722,0.005159,0.360430,-215.128998,96.654907,84.575089
642,5.350000,-0.008956,0.932875,0.004968,0.360053,-215.124344,96.653786,84.569427
643,5.358333,-0.008612,0.932890,0.005077,0.360023,-215.128326,96.659576,84.568420
644,5.366667,-0.008668,0.932899,0.005131,0.359997,-215.132095,96.665230,84.567413
645,5.375000,-0.009251,0.932941,0.004572,0.359882,-215.140289,96.678955,84.562393
646,5.383333,-0.009577,0.932842,0.004598,0.360128,-215.149063,96.686607,84.561226
647,5.391667,-0.009544,0.932773,0.004670,0.360307,-215.152771,96.692604,84.566750
648,5.400000,-0.009677,0.932750,0.004740,0.360363,-215.152267,96.697006,84.574471
649,5.408333,-0.009531,0.932776,0.004612,0.360300,-215.149170,96.702446,84.583321
650,5.416667,-0.009418,0.932776,0.004499,0.360305,-215.144165,96.710159,84.596359
651,5.425000,-0.009441,0.932842,0.004466,0.360135,-215.135620,96.718605,84.610764
652,5.433333,-0.009414,0.932864,0.004348,0.360079,-215.129852,96.726265,84.623184
653,5.441667,-0.009404,0.932846,0.004352,0.360126,-215.123718,96.730774,84.640137
654,5.450000,-0.009167,0.932836,0.004269,0.360160,-215.116974,96.733490,84.658302
655,5.458333,-0.009060,0.932962,0.003934,0.359839,-215.112381,96.736473,84.673447
656,5.466667,-0.008893,0.933068,0.003661,0.359572,-215.104324,96.736946,84.690971
657,5.475000,-0.008530,0.933147,0.003638,0.359375,-215.093521,96.736351,84.714821
658,5.483333,-0.009130,0.932890,0.003459,0.360030,-215.090103,96.741737,84.751396
659,5.491667,-0.011485,0.933232,0.002863,0.359079,-215.070923,96.754295,84.756546
660,5.500000,-0.009310,0.933105,0.002667,0.359474,-215.060089,96.722046,84.814896
661,5.508333,-0.009921,0.933216,0.005210,0.359142,-215.032532,96.658226,84.867683
662,5.516667,-0.010756,0.933546,0.006839,0.358231,-214.994400,96.626610,84.918365
663,5.525000,-0.010506,0.933760,0.007963,0.357658,-214.948563,96.596352,84.977295
664,5.533333,-0.010842,0.933960,0.007951,0.357124,-214.911987,96.568359,85.023758
665,5.541667,-0.010035,0.934211,0.007880,0.356493,-214.879440,96.526375,85.067612
666,5.550000,-0.009754,0.934721,0.009326,0.355127,-214.837784,96.502312,85.105255
667,5.558333,-0.008263,0.934671,0.009582,0.355289,-214.801788,96.446495,85.168579
668,5.566667,-0.008718,0.934788,0.011445,0.354915,-214.748352,96.367943,85.238647
669,5.575000,-0.008058,0.934956,0.011816,0.354475,-214.695358,96.288185,85.314125
670,5.583333,-0.008250,0.935042,0.011946,0.354239,-214.655212,96.227043,85.378418
671,5.591667,-0.008344,0.935213,0.012003,0.353783,-214.614151,96.166039,85.443497
672,5.600000,-0.006601,0.935208,0.012342,0.353822,-214.568832,96.092155,85.516685
673,5.608333,-0.006112,0.935393,0.014792,0.353246,-214.510132,95.997223,85.601532
674,5.616667,-0.006244,0.935613,0.016717,0.352575,-214.464752,95.923332,85.666565
675,5.625000,-0.005656,0.935721,0.017390,0.352267,-214.427475,95.861221,85.733437
676,5.633333,-0.003975,0.935894,0.017823,0.351809,-214.376404,95.805389,85.809174
677,5.641667,-0.003315,0.935977,0.018053,0.351582,-214.335510,95.775414,85.874954
678,5.650000,-0.002620,0.936096,0.017521,0.351299,-214.296051,95.744827,85.932335
679,5.658333,-0.003715,0.936660,0.018647,0.349722,-214.255692,95.691544,85.998207
680,5.666667,-0.003717,0.936895,0.019794,0.349032,-214.223312,95.646957,86.057152
681,5.675000,-0.003169,0.937066,0.020532,0.348534,-214.204269,95.623405,86.113480
682,5.683333,-0.002190,0.937069,0.020722,0.348521,-214.163345,95.597404,86.169662
683,5.691667,-0.003211,0.937304,0.019259,0.347966,-214.119537,95.596298,86.230225
684,5.700000,-0.004023,0.937566,0.017681,0.347335,-214.069183,95.597633,86.288536
685,5.708333,-0.004106,0.937728,0.017324,0.346914,-214.022018,95.607239,86.353905
686,5.716667,-0.004041,0.937856,0.016950,0.346587,-213.968277,95.621513,86.414848
687,5.725000,-0.004482,0.938028,0.015883,0.346166,-213.912964,95.636314,86.475136
688,5.733333,-0.005413,0.938335,0.014666,0.345374,-213.858673,95.658943,86.527412
689,5.741667,-0.008781,0.938671,0.013855,0.344425,-213.804977,95.715317,86.578506
690,5.750000,-0.008971,0.938748,0.014206,0.344195,-213.740967,95.708397,86.667259
691,5.758333,-0.007500,0.938918,0.013701,0.343785,-213.668823,95.704437,86.744156
692,5.766667,-0.005441,0.939125,0.011007,0.343357,-213.610657,95.753937,86.800323
693,5.775000,-0.005147,0.939234,0.009181,0.343117,-213.558868,95.798668,86.851196
694,5.783333,-0.006906,0.939702,0.009087,0.341803,-213.501068,95.838310,86.927025
695,5.791667,-0.007170,0.940070,0.007128,0.340831,-213.449173,95.906212,86.995323
696,5.800000,-0.010637,0.940158,0.007444,0.340490,-213.406845,95.944382,87.054512
697,5.808333,-0.010346,0.940426,0.003808,0.339820,-213.368683,96.016487,87.103867
698,5.816667,-0.012072,0.940675,0.001818,0.339090,-213.304977,96.081841,87.152779
699,5.825000,-0.012268,0.940780,0.000257,0.338796,-213.261963,96.126266,87.209038
700,5.833333,-0.013428,0.941098,-0.000955,0.337866,-213.195206,96.172905,87.266907
701,5.841667,-0.014458,0.941326,-0.001993,0.337184,-213.140320,96.223633,87.321526
702,5.850000,-0.015485,0.941438,-0.002624,0.336821,-213.091522,96.273964,87.364014
703,5.858333,-0.016199,0.941717,-0.003758,0.335996,-213.042801,96.316071,87.405067
704,5.866667,-0.014393,0.941968,-0.002415,0.335386,-212.993546,96.352608,87.466064
705,5.875000,-0.013087,0.942137,-0.002545,0.334963,-212.943268,96.373550,87.519653
706,5.883333,-0.014046,0.942402,-0.003446,0.334171,-212.881729,96.407845,87.569336
707,5.891667,-0.014378,0.942571,-0.005385,0.333653,-212.831024,96.431442,87.615128
708,5.900000,-0.014014,0.942745,-0.006906,0.333149,-212.768982,96.445999,87.659752
709,5.908333,-0.015337,0.943085,-0.005978,0.332145,-212.708878,96.446663,87.712761
710,5.916667,-0.018174,0.943479,-0.005122,0.330893,-212.644821,96.459236,87.760864
711,5.925000,-0.019943,0.943759,-0.005034,0.329994,-212.583344,96.474792,87.810310
712,5.933333,-0.021048,0.943923,-0.005404,0.329449,-212.516281,96.478607,87.857498
713,5.941667,-0.021114,0.944081,-0.005988,0.328983,-212.447021,96.477638,87.908043
714,5.950000,-0.020364,0.944033,-0.007296,0.329141,-212.375458,96.457474,87.974373
715,5.958333,-0.019873,0.944180,-0.006148,0.328773,-212.328384,96.457703,88.015953
716,5.966667,-0.020048,0.944379,-0.006150,0.328191,-212.285873,96.451416,88.051018
717,5.975000,-0.018736,0.944764,-0.006802,0.327144,-212.234543,96.444984,88.097595
718,5.983333,-0.017990,0.945110,-0.008821,0.326136,-212.134521,96.425606,88.147476
719,5.991667,-0.017076,0.945331,-0.009644,0.325523,-212.078598,96.409851,88.183571
720,6.000000,-0.016421,0.945549,-0.009959,0.324913,-212.046555,96.388748,88.211288
721,6.008333,-0.017582,0.945830,-0.007335,0.324102,-212.004974,96.361221,88.239296
722,6.016667,-0.018418,0.945845,-0.006995,0.324019,-211.950867,96.327225,88.275650
723,6.025000,-0.019757,0.946065,-0.006751,0.323305,-211.881012,96.311577,88.327728
724,6.033333,-0.019334,0.946220,-0.005231,0.322903,-211.819580,96.274117,88.392143
725,6.041667,-0.018544,0.946410,-0.004607,0.322401,-211.772842,96.242126,88.436157
726,6.050000,-0.017367,0.946504,-0.004755,0.322189,-211.724228,96.205910,88.470940
727,6.058333,-0.016843,0.946903,-0.005569,0.321031,-211.635757,96.178543,88.507050
728,6.066667,-0.018352,0.947158,-0.006540,0.320175,-211.561798,96.127663,88.544724
729,6.075000,-0.018933,0.947327,-0.006671,0.319639,-211.510590,96.087440,88.573700
730,6.083333,-0.018886,0.947556,-0.005939,0.318976,-211.460800,96.056480,88.601120
731,6.091667,-0.018823,0.947909,-0.004189,0.317958,-211.387329,96.060776,88.645157
732,6.100000,-0.017864,0.948147,-0.002971,0.317317,-211.313873,96.039825,88.693367
733,6.108333,-0.018181,0.948326,-0.002895,0.316762,-211.247086,96.026192,88.740707
734,6.116667,-0.018063,0.948481,-0.003261,0.316303,-211.196487,96.005806,88.776306
735,6.125000,-0.017464,0.948568,-0.004412,0.316062,-211.148163,95.977638,88.811096
736,6.133333,-0.015531,0.948997,-0.005037,0.314862,-211.090561,95.940666,88.832275
737,6.141667,-0.016453,0.949205,-0.003849,0.314204,-211.031723,95.906425,88.862740
738,6.150000,-0.019158,0.949242,-0.004361,0.313932,-210.948685,95.893684,88.914955
739,6.158333,-0.020243,0.949371,-0.004592,0.313471,-210.889297,95.873932,88.954865
740,6.166667,-0.020135,0.949636,-0.005342,0.312661,-210.838959,95.858612,88.988159
741,6.175000,-0.019340,0.949890,-0.005635,0.311935,-210.780121,95.839417,89.017426
742,6.183333,-0.019262,0.950130,-0.005973,0.311202,-210.716064,95.824768,89.045387
743,6.191667,-0.018055,0.950427,-0.003345,0.310407,-210.621521,95.809738,89.114616
744,6.200000,-0.016953,0.950672,-0.002824,0.309722,-210.561447,95.801231,89.150551
745,6.208333,-0.015916,0.950965,-0.002913,0.308876,-210.496948,95.791039,89.181229
746,6.216667,-0.015415,0.951366,-0.003437,0.307657,-210.429733,95.777092,89.205948
747,6.225000,-0.017175,0.951767,-0.002075,0.306334,-210.352783,95.742889,89.238602
748,6.233333,-0.017155,0.952107,-0.002147,0.305277,-210.289215,95.727837,89.269623
749,6.241667,-0.017634,0.952383,-0.002810,0.304380,-210.223389,95.711090,89.302826
750,6.250000,-0.018479,0.952458,-0.003227,0.304092,-210.163162,95.696053,89.331642
751,6.258333,-0.019366,0.952482,-0.003418,0.303961,-210.093719,95.696251,89.372650
752,6.266667,-0.019234,0.952593,-0.004210,0.303611,-210.026474,95.672043,89.412086
753,6.275000,-0.018111,0.952930,-0.004315,0.302619,-209.962494,95.641594,89.444962
754,6.283333,-0.017886,0.953051,-0.004731,0.302243,-209.904404,95.621704,89.478516
755,6.291667,-0.016946,0.953315,-0.002947,0.301487,-209.845322,95.619324,89.509499
756,6.300000,-0.019320,0.953578,-0.000905,0.300524,-209.767502,95.596390,89.541916
757,6.308333,-0.019531,0.953735,-0.001222,0.300012,-209.696823,95.576736,89.572151
758,6.316667,-0.020019,0.953919,-0.001182,0.299393,-209.631592,95.567360,89.601311
759,6.325000,-0.020564,0.954185,-0.000785,0.298509,-209.545380,95.557388,89.631233
760,6.333333,-0.020185,0.954438,-0.001007,0.297724,-209.477142,95.545860,89.658043
761,6.341667,-0.018501,0.954776,-0.001435,0.296747,-209.414383,95.533890,89.688782
762,6.350000,-0.017648,0.955087,-0.001698,0.295796,-209.348846,95.516678,89.718834
763,6.358333,-0.017614,0.955329,-0.002190,0.295011,-209.276932,95.501778,89.750473
764,6.366667,-0.016190,0.955475,-0.002577,0.294618,-209.195160,95.479240,89.792946
765,6.375000,-0.016436,0.955641,-0.004468,0.294041,-209.121414,95.462402,89.830482
766,6.383333,-0.017204,0.955769,-0.005378,0.293565,-209.056686,95.459579,89.871559
767,6.391667,-0.020244,0.956170,-0.002308,0.292103,-208.972260,95.461342,89.901367
768,6.400000,-0.020128,0.956263,-0.001366,0.291813,-208.908340,95.441345,89.936928
769,6.408333,-0.019995,0.956391,-0.001407,0.291400,-208.854248,95.423798,89.962357
770,6.416667,-0.019100,0.956755,-0.001852,0.290263,-208.789246,95.390022,89.975166
771,6.425000,-0.019397,0.956965,-0.002225,0.289546,-208.719498,95.366379,89.997330
772,6.433333,-0.019991,0.957158,-0.001706,0.288871,-208.648560,95.351517,90.027031
773,6.441667,-0.020716,0.957338,-0.001126,0.288223,-208.576035,95.338043,90.056549
774,6.450000,-0.020521,0.957540,-0.000350,0.287570,-208.500793,95.321449,90.084473
775,6.458333,-0.019945,0.957688,0.000167,0.287116,-208.428360,95.304138,90.117813
776,6.466667,-0.020069,0.957853,-0.000364,0.286557,-208.349854,95.292191,90.150085
777,6.475000,-0.020038,0.957979,-0.000612,0.286136,-208.278137,95.283485,90.187050
778,6.483333,-0.019796,0.958305,-0.001101,0.285058,-208.201172,95.268578,90.218567
779,6.491667,-0.020090,0.958621,-0.001495,0.283971,-208.132935,95.257202,90.243965
780,6.500000,-0.020487,0.958863,-0.002160,0.283121,-208.059357,95.243820,90.265884
781,6.508333,-0.021365,0.958986,-0.001857,0.282642,-207.988007,95.227417,90.288940
782,6.516667,-0.020504,0.959321,-0.001394,0.281570,-207.912949,95.198792,90.311783
783,6.525000,-0.019963,0.959578,-0.001149,0.280732,-207.845398,95.181007,90.335098
784,6.533333,-0.021494,0.959600,-0.001055,0.280544,-207.751465,95.181152,90.369766
785,6.541667,-0.021402,0.959788,-0.000868,0.279908,-207.685989,95.165550,90.396759
786,6.550000,-0.019164,0.959977,-0.000402,0.279423,-207.615875,95.132530,90.430855
787,6.558333,-0.017942,0.960229,-0.000085,0.278636,-207.546448,95.112106,90.456100
788,6.566667,-0.018086,0.960522,-0.000432,0.277616,-207.474426,95.101913,90.479614
789,6.575000,-0.019389,0.960578,-0.000822,0.277332,-207.404495,95.105453,90.512154
790,6.583333,-0.019787,0.960765,-0.001251,0.276655,-207.327362,95.093880,90.537834
791,6.591667,-0.019181,0.961084,-0.001428,0.275585,-207.243484,95.072823,90.559525
792,6.600000,-0.019397,0.961371,-0.001067,0.274570,-207.171448,95.050690,90.579414
793,6.608333,-0.019756,0.961551,-0.001249,0.273912,-207.097366,95.032837,90.600082
794,6.616667,-0.021647,0.961592,-0.001661,0.273624,-207.031006,95.032227,90.625153
795,6.625000,-0.022174,0.961866,-0.001795,0.272616,-206.957245,95.017960,90.644798
796,6.633333,-0.020383,0.962079,-0.003053,0.271992,-206.883926,95.021858,90.665977
797,6.641667,-0.019582,0.962403,-0.000732,0.270918,-206.791428,94.991249,90.716408
798,6.650000,-0.019476,0.962683,-0.000231,0.269931,-206.719467,94.982231,90.744003
799,6.658333,-0.018985,0.962783,-0.000419,0.269607,-206.645111,94.972000,90.771889
800,6.666667,-0.018491,0.963145,-0.000288,0.268347,-206.566833,94.948158,90.784470
801,6.675000,-0.020554,0.963209,-0.000801,0.267966,-206.487686,94.947121,90.813293
802,6.683333,-0.020871,0.963373,-0.001773,0.267346,-206.419952,94.925865,90.838303
803,6.691667,-0.020592,0.963569,-0.002523,0.266655,-206.355286,94.915428,90.858406
804,6.700000,-0.020143,0.963770,-0.002744,0.265959,-206.285400,94.909622,90.876480
805,6.708333,-0.019736,0.964006,-0.002459,0.265137,-206.214310,94.903793,90.898689
806,6.716667,-0.018195,0.964226,-0.002334,0.264446,-206.132095,94.886482,90.920654
807,6.725000,-0.017177,0.964520,-0.002784,0.263438,-206.054398,94.876610,90.943413
808,6.733333,-0.019168,0.964801,-0.002000,0.262275,-205.971527,94.854767,90.967194
809,6.741667,-0.018875,0.965041,-0.001364,0.261415,-205.888245,94.832985,90.988419
810,6.750000,-0.019309,0.965212,-0.001145,0.260754,-205.812668,94.822037,91.003227
811,6.758333,-0.019672,0.965412,-0.000785,0.259985,-205.740143,94.811584,91.017899
812,6.766667,-0.020020,0.965570,-0.000307,0.259372,-205.663223,94.801781,91.038040
813,6.775000,-0.021356,0.965606,0.000144,0.259133,-205.590012,94.793060,91.068146
814,6.783333,-0.021758,0.965805,-0.000306,0.258355,-205.516052,94.781067,91.089790
815,6.791667,-0.021660,0.965928,-0.000755,0.257903,-205.434555,94.760284,91.112198
816,6.800000,-0.022130,0.966148,-0.000765,0.257035,-205.352310,94.744843,91.132286
817,6.808333,-0.022477,0.966367,-0.000324,0.256184,-205.280777,94.739189,91.146416
818,6.816667,-0.022918,0.966482,0.000010,0.255710,-205.202057,94.734604,91.161720
819,6.825000,-0.021259,0.966861,0.000305,0.254416,-205.116577,94.718796,91.175735
820,6.833333,-0.020452,0.967240,-0.000073,0.253037,-205.036331,94.707703,91.196701
821,6.841667,-0.018841,0.967474,-0.000240,0.252269,-204.947418,94.682014,91.231613
822,6.850000,-0.018515,0.967698,-0.000941,0.251430,-204.861328,94.670395,91.249397
823,6.858333,-0.018799,0.967987,-0.001516,0.250292,-204.783173,94.661827,91.257271
824,6.866667,-0.019737,0.968340,-0.000562,0.248852,-204.696945,94.648827,91.272179
825,6.875000,-0.020948,0.968375,0.000095,0.248619,-204.620056,94.646660,91.300720
826,6.883333,-0.021168,0.968459,0.000209,0.248273,-204.543182,94.635666,91.320000
827,6.891667,-0.020131,0.968460,-0.000857,0.248353,-204.469986,94.641258,91.335640
828,6.900000,-0.019701,0.968705,-0.001447,0.247428,-204.395035,94.639671,91.347160
829,6.908333,-0.021246,0.969126,-0.000150,0.245650,-204.316803,94.621788,91.361237
830,6.916667,-0.022094,0.969255,-0.000751,0.245065,-204.229691,94.592957,91.386612
831,6.925000,-0.022383,0.969300,-0.000766,0.244858,-204.147629,94.577293,91.410515
832,6.933333,-0.021832,0.969432,-0.000834,0.244387,-204.062576,94.550194,91.421516
833,6.941667,-0.019730,0.969610,0.000562,0.243857,-203.977158,94.519653,91.444649
834,6.950000,-0.019491,0.969770,0.000861,0.243242,-203.900330,94.504944,91.464798
835,6.958333,-0.019794,0.970000,0.001051,0.242294,-203.818375,94.488243,91.484535
836,6.966667,-0.019965,0.970242,0.000763,0.241311,-203.734711,94.476387,91.500977
837,6.975000,-0.021123,0.970572,0.000230,0.239881,-203.650208,94.477013,91.504738
838,6.983333,-0.022242,0.970715,0.000563,0.239202,-203.575760,94.479446,91.528008
839,6.991667,-0.022961,0.970892,0.000428,0.238414,-203.496643,94.473091,91.548355
840,7.000000,-0.022837,0.970975,0.000082,0.238090,-203.413223,94.461487,91.568497
841,7.008333,-0.022953,0.971093,-0.000348,0.237595,-203.333496,94.448624,91.578270
842,7.016667,-0.022665,0.971305,-0.000633,0.236754,-203.256607,94.441452,91.581757
843,7.025000,-0.022382,0.971562,-0.000420,0.235725,-203.170532,94.430367,91.598534
844,7.033333,-0.022403,0.971778,-0.000534,0.234831,-203.088287,94.424057,91.618843
845,7.041667,-0.020186,0.971991,-0.000392,0.234149,-202.994720,94.393784,91.640785
846,7.050000,-0.020397,0.972229,0.000384,0.233139,-202.914017,94.372513,91.652061
847,7.058333,-0.020566,0.972492,0.000996,0.232027,-202.836945,94.356606,91.656639
848,7.066667,-0.018718,0.972641,-0.000404,0.231559,-202.754852,94.348503,91.657143
849,7.075000,-0.017651,0.973258,-0.001275,0.229034,-202.651886,94.330627,91.643173
850,7.083333,-0.020627,0.973301,-0.000345,0.228603,-202.578659,94.321915,91.673599
851,7.091667,-0.022042,0.973280,-0.000312,0.228561,-202.505829,94.316574,91.692764
852,7.100000,-0.022538,0.973358,0.000210,0.228182,-202.435822,94.312729,91.695892
853,7.108333,-0.022229,0.973454,0.001083,0.227798,-202.361343,94.300148,91.692169
854,7.116667,-0.022335,0.973746,0.001502,0.226535,-202.283569,94.286873,91.674866
855,7.125000,-0.022584,0.973820,0.001217,0.226194,-202.217270,94.282303,91.679459
856,7.133333,-0.022306,0.973863,0.000425,0.226038,-202.152390,94.277298,91.679977
857,7.141667,-0.023126,0.973961,-0.000727,0.225532,-202.076050,94.285133,91.689133
858,7.150000,-0.022850,0.974176,-0.001235,0.224627,-202.004929,94.288422,91.684547
859,7.158333,-0.022035,0.974823,-0.000954,0.221888,-201.926727,94.283905,91.652000
860,7.166667,-0.022815,0.975041,-0.000283,0.220851,-201.866104,94.284370,91.648537
861,7.175000,-0.023057,0.975220,-0.000215,0.220032,-201.810364,94.285294,91.641357
862,7.183333,-0.021769,0.975332,0.000355,0.219665,-201.759430,94.271561,91.642693
863,7.191667,-0.022163,0.975317,0.000190,0.219696,-201.707245,94.265518,91.646027
864,7.200000,-0.022070,0.975282,-0.000130,0.219859,-201.656723,94.252083,91.641518
865,7.208333,-0.019775,0.975502,-0.001155,0.219098,-201.597137,94.238541,91.620567
866,7.216667,-0.019827,0.975482,-0.001830,0.219178,-201.545258,94.236595,91.621033
867,7.225000,-0.020708,0.975754,-0.000702,0.217889,-201.481583,94.208092,91.614197
868,7.233333,-0.021009,0.975982,-0.000024,0.216836,-201.425293,94.187775,91.606026
869,7.241667,-0.020818,0.976149,0.000519,0.216103,-201.371353,94.171288,91.598114
870,7.250000,-0.020911,0.976317,0.000434,0.215333,-201.322556,94.159325,91.581818
871,7.258333,-0.021196,0.976623,0.000958,0.213909,-201.271194,94.143990,91.551056
872,7.266667,-0.021172,0.976658,0.000834,0.213754,-201.224060,94.116989,91.532814
873,7.275000,-0.021447,0.976662,0.000388,0.213709,-201.180740,94.092102,91.514503
874,7.283333,-0.022382,0.976582,-0.000157,0.213980,-201.136108,94.071838,91.520309
875,7.291667,-0.022550,0.976601,-0.000129,0.213874,-201.096298,94.045914,91.521385
876,7.300000,-0.022782,0.976763,0.001013,0.213105,-201.049210,94.004196,91.515877
877,7.308333,-0.020498,0.977048,0.002714,0.212011,-200.993515,93.948372,91.500893
878,7.316667,-0.020152,0.977113,0.003473,0.211737,-200.954025,93.917343,91.489525
879,7.325000,-0.020146,0.977158,0.003662,0.211525,-200.916672,93.890556,91.473404
880,7.333333,-0.019890,0.977142,0.003199,0.211630,-200.865173,93.856331,91.455261
881,7.341667,-0.019685,0.977271,0.003100,0.211057,-200.827789,93.824432,91.430511
882,7.350000,-0.019412,0.977462,0.003338,0.210191,-200.790359,93.787651,91.416916
883,7.358333,-0.019945,0.977782,0.004321,0.208631,-200.749344,93.754768,91.402496
884,7.366667,-0.019512,0.977906,0.004914,0.208073,-200.709366,93.712883,91.397598
885,7.375000,-0.019344,0.977973,0.005498,0.207759,-200.672653,93.677727,91.392342
886,7.383333,-0.018550,0.978022,0.006095,0.207587,-200.632065,93.637283,91.386139
887,7.391667,-0.019882,0.977946,0.006751,0.207799,-200.575928,93.598450,91.400024
888,7.400000,-0.018974,0.977850,0.008206,0.208285,-200.520493,93.538002,91.412399
889,7.408333,-0.017932,0.978104,0.008811,0.207154,-200.465225,93.477234,91.398010
890,7.416667,-0.017575,0.978222,0.009387,0.206602,-200.418900,93.429062,91.397217
891,7.425000,-0.015536,0.978426,0.009869,0.205779,-200.367828,93.377457,91.388130
892,7.433333,-0.014951,0.978620,0.009806,0.204899,-200.317505,93.344460,91.385399
893,7.441667,-0.015016,0.978765,0.009739,0.204202,-200.269241,93.321640,91.382042
894,7.450000,-0.016633,0.978732,0.009990,0.204226,-200.227814,93.313316,91.394112
895,7.458333,-0.015791,0.979051,0.010451,0.202731,-200.169785,93.286224,91.377419
896,7.466667,-0.015304,0.979142,0.010823,0.202310,-200.117447,93.258743,91.366852
897,7.475000,-0.013095,0.979106,0.011376,0.202610,-200.069550,93.229828,91.377396
898,7.483333,-0.012261,0.979128,0.011287,0.202561,-200.027466,93.218903,91.379700
899,7.491667,-0.011824,0.979183,0.011196,0.202326,-199.987854,93.210342,91.382011
900,7.500000,-0.011803,0.979262,0.011128,0.201947,-199.947647,93.205833,91.381805
901,7.508333,-0.013453,0.979345,0.012317,0.201372,-199.900940,93.192047,91.382706
902,7.516667,-0.016027,0.979345,0.011615,0.201227,-199.827530,93.204292,91.406921
903,7.525000,-0.017807,0.979459,0.011472,0.200526,-199.760620,93.223312,91.418396
904,7.533333,-0.017933,0.979490,0.011050,0.200388,-199.706863,93.240494,91.423050
905,7.541667,-0.017203,0.979632,0.010605,0.199781,-199.653305,93.247810,91.417290
906,7.550000,-0.016800,0.979757,0.010254,0.199222,-199.602875,93.263695,91.412041
907,7.558333,-0.016686,0.979831,0.010025,0.198877,-199.559540,93.281807,91.403915
908,7.566667,-0.017499,0.979924,0.009419,0.198376,-199.511536,93.304031,91.403389
909,7.575000,-0.018045,0.980046,0.008971,0.197745,-199.460556,93.320160,91.406105
910,7.583333,-0.018351,0.980099,0.008301,0.197483,-199.410034,93.329674,91.411949
911,7.591667,-0.018056,0.980210,0.008047,0.196971,-199.359543,93.337471,91.415131
912,7.600000,-0.017037,0.980520,0.008453,0.195496,-199.305618,93.338150,91.401115
913,7.608333,-0.016351,0.980638,0.009016,0.194939,-199.258774,93.340111,91.398338
914,7.616667,-0.015929,0.980751,0.009602,0.194376,-199.212189,93.338959,91.389122
915,7.625000,-0.015486,0.980822,0.009745,0.194044,-199.168716,93.335381,91.382866
916,7.633333,-0.016459,0.980834,0.008686,0.193955,-199.103546,93.351051,91.403542
917,7.641667,-0.016575,0.980858,0.008162,0.193848,-199.053711,93.353836,91.415314
918,7.650000,-0.016689,0.980901,0.007850,0.193632,-199.008423,93.350838,91.417580
919,7.658333,-0.016759,0.981010,0.007309,0.193091,-198.962097,93.343391,91.417664
920,7.666667,-0.016817,0.981150,0.006601,0.192402,-198.913895,93.335007,91.410583
921,7.675000,-0.016983,0.981222,0.006267,0.192033,-198.872543,93.324341,91.401581
922,7.683333,-0.015502,0.981389,0.006100,0.191307,-198.824463,93.294632,91.379257
923,7.691667,-0.014190,0.981718,0.006962,0.189686,-198.774002,93.274956,91.349319
924,7.700000,-0.014111,0.981886,0.007592,0.188794,-198.726654,93.272957,91.335251
925,7.708333,-0.013599,0.981959,0.008017,0.188432,-198.684128,93.272911,91.333427
926,7.716667,-0.013475,0.982064,0.008427,0.187879,-198.641861,93.265327,91.335411
927,7.725000,-0.015280,0.981967,0.008993,0.188218,-198.607635,93.275787,91.348282
928,7.733333,-0.015399,0.981993,0.009280,0.188061,-198.563019,93.270355,91.350235
929,7.741667,-0.015289,0.982042,0.009462,0.187803,-198.513016,93.258415,91.349724
930,7.750000,-0.015121,0.982125,0.009532,0.187380,-198.462509,93.239983,91.344955
931,7.758333,-0.014776,0.982382,0.010061,0.186025,-198.404617,93.214676,91.329224
932,7.766667,-0.015782,0.982179,0.009771,0.187028,-198.352737,93.208488,91.359482
933,7.775000,-0.016267,0.982253,0.009581,0.186611,-198.316452,93.203957,91.350731
934,7.783333,-0.016309,0.982360,0.009366,0.186054,-198.280472,93.198517,91.341873
935,7.791667,-0.015589,0.982570,0.009215,0.185007,-198.240845,93.190033,91.326149
936,7.800000,-0.015605,0.982628,0.009138,0.184701,-198.211853,93.187607,91.317657
937,7.808333,-0.015293,0.982865,0.008736,0.183482,-198.171646,93.170380,91.290375
938,7.816667,-0.013704,0.982993,0.008918,0.182916,-198.130005,93.139122,91.275040
939,7.825000,-0.013168,0.983047,0.009469,0.182636,-198.094284,93.116554,91.270309
940,7.833333,-0.012970,0.983070,0.009733,0.182511,-198.057846,93.094643,91.264122
941,7.841667,-0.013069,0.983074,0.009804,0.182480,-198.018478,93.070778,91.256096
942,7.850000,-0.013551,0.983074,0.009808,0.182442,-197.973953,93.043121,91.250870
943,7.858333,-0.014434,0.983064,0.009908,0.182427,-197.924759,93.010445,91.251625
944,7.866667,-0.014697,0.983126,0.010535,0.182036,-197.873169,92.977051,91.251389
945,7.875000,-0.013542,0.983303,0.011164,0.181128,-197.817810,92.933304,91.234695
946,7.883333,-0.011940,0.983436,0.012464,0.180430,-197.759964,92.881149,91.220177
947,7.891667,-0.012058,0.983495,0.013263,0.180043,-197.696304,92.831497,91.193481
948,7.900000,-0.010862,0.983547,0.012610,0.179884,-197.631241,92.752632,91.147888
949,7.908333,-0.009847,0.983743,0.011330,0.178952,-197.547577,92.683067,91.105705
950,7.916667,-0.009425,0.983994,0.014087,0.177394,-197.472351,92.649117,91.083107
951,7.925000,-0.010683,0.984040,0.014390,0.177040,-197.381516,92.617569,91.055511
952,7.933333,-0.008741,0.984266,0.014304,0.175894,-197.283920,92.567886,91.000877
953,7.941667,-0.007756,0.984669,0.013409,0.173744,-197.168213,92.517456,90.938171
954,7.950000,-0.007946,0.985000,0.014453,0.171768,-197.066437,92.503677,90.893143
955,7.958333,-0.011094,0.985092,0.015025,0.171012,-196.968903,92.521179,90.858543
956,7.966667,-0.010646,0.985242,0.015938,0.170093,-196.862061,92.500809,90.822227
957,7.975000,-0.011268,0.985524,0.015318,0.168467,-196.747284,92.484215,90.764603
958,7.983333,-0.010633,0.985740,0.014460,0.167318,-196.634399,92.472488,90.710777
959,7.991667,-0.012341,0.985780,0.013991,0.167000,-196.554504,92.481972,90.673889
960,8.000000,-0.012466,0.985971,0.015564,0.165721,-196.490997,92.509689,90.646172
961,8.008333,-0.010737,0.986197,0.015403,0.164508,-196.409393,92.511848,90.606613
962,8.016667,-0.010577,0.986392,0.013681,0.163497,-196.315613,92.511726,90.555191
963,8.025000,-0.011135,0.986494,0.012983,0.162901,-196.241074,92.510811,90.521622
964,8.033333,-0.010652,0.986591,0.012986,0.162348,-196.172913,92.501167,90.497406
965,8.041667,-0.009012,0.986720,0.012625,0.161688,-196.109344,92.477669,90.475647
966,8.050000,-0.008446,0.986793,0.011966,0.161324,-196.060059,92.466888,90.459908
967,8.058333,-0.008874,0.986800,0.011186,0.161315,-196.019958,92.468330,90.443169
968,8.066667,-0.008208,0.986973,0.014174,0.160048,-195.996674,92.500244,90.429253
969,8.075000,-0.009254,0.986926,0.012204,0.160445,-195.961212,92.502014,90.398438
970,8.083333,-0.009895,0.986930,0.010058,0.160531,-195.931686,92.496506,90.373993
971,8.091667,-0.009636,0.987189,0.008094,0.159061,-195.894272,92.482079,90.324570
972,8.100000,-0.008999,0.987415,0.006766,0.157750,-195.865128,92.460594,90.285599
973,8.108333,-0.007910,0.987555,0.005588,0.156976,-195.846466,92.419861,90.256165
974,8.116667,-0.007815,0.987537,0.003378,0.157156,-195.836670,92.355270,90.229050
975,8.125000,-0.008548,0.987352,0.001474,0.158304,-195.846039,92.306511,90.209343
976,8.133333,-0.008751,0.987201,0.001282,0.159233,-195.864761,92.282455,90.211563
977,8.141667,-0.008715,0.987012,0.002170,0.160398,-195.890244,92.267128,90.231270
978,8.150000,-0.008306,0.987011,0.004746,0.160371,-195.930161,92.265747,90.274757
979,8.158333,-0.009991,0.986707,0.005639,0.162103,-195.963730,92.274979,90.354950
980,8.166667,-0.011927,0.986658,0.007608,0.162191,-195.981705,92.281219,90.405258
981,8.175000,-0.011593,0.986745,0.009958,0.161559,-195.986542,92.280464,90.448318
982,8.183333,-0.009784,0.986890,0.012711,0.160597,-195.978806,92.279243,90.484962
983,8.191667,-0.008444,0.986928,0.014326,0.160302,-195.966232,92.274315,90.526810
984,8.200000,-0.006324,0.986789,0.015516,0.161144,-195.943481,92.256508,90.578499
985,8.208333,-0.002571,0.986555,0.017744,0.162445,-195.904388,92.225685,90.648468
986,8.216667,0.000473,0.986476,0.018760,0.162829,-195.855484,92.209129,90.715202
987,8.225000,0.002736,0.986421,0.019522,0.163050,-195.798294,92.198982,90.789589
988,8.233333,0.003560,0.986296,0.020482,0.163670,-195.729935,92.196564,90.862480
989,8.241667,0.004529,0.986364,0.021695,0.163080,-195.655411,92.197945,90.932831
990,8.250000,0.008108,0.986393,0.024536,0.162361,-195.587936,92.188934,91.003914
991,8.258333,0.012789,0.986856,0.026171,0.158954,-195.534698,92.171829,91.065178
992,8.266667,0.014123,0.987364,0.027322,0.155457,-195.500946,92.175713,91.120636
993,8.275000,0.012533,0.987877,0.028745,0.152040,-195.481277,92.191353,91.177605
994,8.283333,0.011970,0.988241,0.029393,0.149576,-195.457870,92.196274,91.223076
995,8.291667,0.011463,0.988562,0.029738,0.147408,-195.436432,92.200966,91.257141
996,8.300000,0.011379,0.988845,0.030139,0.145420,-195.418961,92.203110,91.280510
997,8.308333,0.011734,0.989090,0.030012,0.143746,-195.403717,92.208359,91.293648
998,8.316667,0.012051,0.989291,0.029466,0.142446,-195.398483,92.217407,91.298187
999,8.325000,0.012371,0.989503,0.028941,0.141041,-195.408279,92.224747,91.298035
1000,8.333333,0.013881,0.989627,0.028522,0.140115,-195.412979,92.214386,91.286293
1001,8.341667,0.014069,0.989729,0.028260,0.139426,-195.430649,92.211052,91.259979
1002,8.350000,0.013813,0.989798,0.027802,0.139053,-195.457855,92.206085,91.218056
1003,8.358333,0.012759,0.989828,0.027274,0.139049,-195.486389,92.199852,91.171432
1004,8.366667,0.011090,0.989645,0.027711,0.140398,-195.570312,92.199097,91.117073
1005,8.375000,0.008479,0.989652,0.026157,0.140828,-195.617233,92.205986,91.066101
1006,8.383333,0.005991,0.989711,0.024668,0.140815,-195.662613,92.210793,91.006752
1007,8.391667,0.004211,0.989757,0.022107,0.140981,-195.711868,92.215263,90.939896
1008,8.400000,0.004002,0.989846,0.019776,0.140706,-195.770844,92.199593,90.853516
1009,8.408333,0.002634,0.989934,0.017233,0.140450,-195.809174,92.191330,90.773460
1010,8.416667,0.001809,0.990077,0.017060,0.139473,-195.834122,92.202415,90.695068
1011,8.425000,0.000911,0.990231,0.016222,0.138486,-195.866440,92.210251,90.637764
1012,8.433333,0.000481,0.990271,0.015669,0.138267,-195.909378,92.208008,90.599289
1013,8.441667,-0.000710,0.990238,0.015250,0.138550,-195.949417,92.210419,90.578804
1014,8.450000,-0.002489,0.990192,0.014857,0.138901,-195.975815,92.216988,90.566025
1015,8.458333,-0.003366,0.990151,0.014735,0.139188,-195.987885,92.219078,90.556534
1016,8.466667,-0.003588,0.990108,0.014597,0.139497,-195.986588,92.221138,90.551819
1017,8.475000,-0.002913,0.990112,0.014577,0.139490,-195.972748,92.219254,90.558228
1018,8.483333,-0.002336,0.990111,0.014627,0.139500,-195.961639,92.217735,90.571938
1019,8.491667,-0.001309,0.989910,0.015628,0.140830,-195.962051,92.211807,90.615456
1020,8.500000,-0.000761,0.989856,0.016731,0.141084,-195.953583,92.208252,90.652954
1021,8.508333,-0.000024,0.989774,0.017851,0.141520,-195.924133,92.207130,90.698761
1022,8.516667,0.001089,0.989732,0.018359,0.141750,-195.881332,92.201553,90.764008
1023,8.525000,0.001695,0.989678,0.018199,0.142139,-195.835480,92.193604,90.813919
1024,8.533333,0.003752,0.989583,0.018641,0.142700,-195.792007,92.183952,90.856567
1025,8.541667,0.005402,0.989496,0.019677,0.143115,-195.727356,92.191086,90.905266
1026,8.550000,0.006984,0.989389,0.020864,0.143612,-195.663589,92.197914,90.958229
1027,8.558333,0.008864,0.989266,0.022367,0.144132,-195.615005,92.200752,91.003052
1028,8.566667,0.009955,0.989278,0.024022,0.143713,-195.580948,92.197021,91.038239
1029,8.575000,0.011945,0.989260,0.025816,0.143374,-195.558899,92.182007,91.066513
1030,8.583333,0.012392,0.989231,0.026897,0.143334,-195.549500,92.182335,91.095131
1031,8.591667,0.013909,0.989242,0.027783,0.142949,-195.544373,92.168190,91.118629
1032,8.600000,0.014377,0.989252,0.028783,0.142634,-195.556564,92.164497,91.138268
1033,8.608333,0.014190,0.989267,0.029565,0.142392,-195.573181,92.166977,91.150276
1034,8.616667,0.012208,0.989254,0.030061,0.142563,-195.595642,92.186699,91.153107
1035,8.625000,0.012763,0.989254,0.029480,0.142632,-195.602356,92.178116,91.133011
1036,8.633333,0.013704,0.989354,0.028592,0.142034,-195.603592,92.165611,91.091782
1037,8.641667,0.009190,0.989340,0.026313,0.142934,-195.622025,92.199142,91.061050
1038,8.650000,0.007319,0.989348,0.024380,0.143329,-195.628876,92.205559,91.019341
1039,8.658333,0.006384,0.989385,0.021856,0.143521,-195.644226,92.214302,90.974251
1040,8.666667,0.004773,0.989460,0.019751,0.143377,-195.665161,92.225533,90.927612
1041,8.675000,0.005723,0.989466,0.019245,0.143367,-195.737396,92.203529,90.850708
1042,8.683333,0.004302,0.989489,0.017693,0.143457,-195.788849,92.193176,90.795479
1043,8.691667,0.002882,0.989487,0.018010,0.143465,-195.838364,92.199089,90.754936
1044,8.700000,0.001329,0.989451,0.018226,0.143713,-195.883102,92.202393,90.733398
1045,8.708333,-0.000475,0.989433,0.018160,0.143851,-195.925369,92.207207,90.717491
1046,8.716667,-0.001334,0.989449,0.017999,0.143756,-195.957153,92.210197,90.708549
1047,8.725000,-0.001334,0.989434,0.018119,0.143845,-195.966751,92.210625,90.699127
1048,8.733333,-0.000933,0.989441,0.018249,0.143782,-195.961349,92.206818,90.696831
1049,8.741667,-0.000609,0.989427,0.018201,0.143883,-195.951050,92.204819,90.698364
1050,8.750000,0.000303,0.989397,0.018347,0.144071,-195.926346,92.200737,90.708717
1051,8.758333,0.000866,0.989381,0.018378,0.144177,-195.900467,92.200623,90.728241
1052,8.766667,0.001603,0.989398,0.018676,0.144012,-195.871429,92.201218,90.753349
1053,8.775000,0.002576,0.989426,0.019027,0.143759,-195.842926,92.202553,90.786903
1054,8.783333,0.003151,0.989451,0.018948,0.143592,-195.810059,92.197021,90.824303
1055,8.791667,0.005203,0.989365,0.019655,0.144028,-195.779404,92.188324,90.860168
1056,8.800000,0.006549,0.989314,0.020495,0.144207,-195.738678,92.194649,90.894737
1057,8.808333,0.007270,0.989251,0.021304,0.144484,-195.707916,92.201691,90.941154
1058,8.816667,0.007570,0.989270,0.022034,0.144229,-195.686661,92.209976,90.975517
1059,8.825000,0.007517,0.989308,0.022457,0.143907,-195.674698,92.218163,91.001472
1060,8.833333,0.006484,0.989378,0.022813,0.143420,-195.671494,92.224800,91.029266
1061,8.841667,0.005265,0.989435,0.023321,0.142990,-195.670227,92.231888,91.050552
1062,8.850000,0.004285,0.989464,0.023779,0.142753,-195.672012,92.238327,91.060844
1063,8.858333,0.003748,0.989467,0.023789,0.142740,-195.676453,92.242371,91.059006
1064,8.866667,0.003517,0.989462,0.023340,0.142858,-195.682709,92.244003,91.040031
1065,8.875000,0.003741,0.989444,0.022255,0.143147,-195.690399,92.243355,91.011848
1066,8.883333,0.003756,0.989417,0.021118,0.143507,-195.698318,92.238884,90.971336
1067,8.891667,0.006416,0.989340,0.021388,0.143905,-195.744949,92.204407,90.900925
1068,8.900000,0.005674,0.989349,0.020234,0.144036,-195.766296,92.196342,90.841736
1069,8.908333,0.004615,0.989328,0.018645,0.144437,-195.781631,92.189583,90.793900
1070,8.916667,0.004491,0.989316,0.018786,0.144500,-195.801605,92.196404,90.755508
1071,8.925000,0.003902,0.989357,0.017937,0.144347,-195.818924,92.197739,90.739815
1072,8.933333,0.003283,0.989361,0.017783,0.144354,-195.833450,92.202538,90.733376
1073,8.941667,0.002531,0.989366,0.017951,0.144315,-195.847672,92.205620,90.750214
1074,8.950000,0.001475,0.989411,0.017757,0.144041,-195.859879,92.202522,90.780434
1075,8.958333,0.000431,0.989374,0.017628,0.144320,-195.865463,92.198891,90.809029
1076,8.966667,0.000728,0.989353,0.019793,0.144184,-195.866821,92.209335,90.835037
1077,8.975000,0.000976,0.989358,0.020634,0.144032,-195.860535,92.210510,90.864655
1078,8.983333,0.001388,0.989353,0.020451,0.144083,-195.843277,92.206978,90.889961
1079,8.991667,0.003879,0.989188,0.021555,0.145011,-195.841751,92.188499,90.904724
1080,9.000000,0.005511,0.989093,0.022302,0.145487,-195.811218,92.188286,90.923363
1081,9.008333,0.006707,0.988958,0.022776,0.146282,-195.771606,92.192635,90.952507
1082,9.016667,0.007451,0.988912,0.022932,0.146529,-195.731827,92.199471,90.968887
1083,9.025000,0.007729,0.988925,0.022742,0.146457,-195.699310,92.205963,90.975380
1084,9.033333,0.007450,0.988970,0.022267,0.146243,-195.673935,92.210800,90.979538
1085,9.041667,0.006615,0.989021,0.021441,0.146064,-195.652893,92.218575,90.983200
1086,9.050000,0.005040,0.989048,0.020516,0.146074,-195.642578,92.228737,90.990074
1087,9.058333,0.003694,0.989076,0.019890,0.146013,-195.649811,92.236336,90.990639
1088,9.066667,0.002443,0.989100,0.019625,0.145910,-195.676392,92.241241,90.985100
1089,9.075000,0.001601,0.989108,0.019908,0.145828,-195.708099,92.242424,90.967773
1090,9.083333,0.005034,0.989007,0.021978,0.146136,-195.790054,92.201927,90.915291
1091,9.091667,0.004427,0.989037,0.021816,0.145977,-195.832535,92.192520,90.876610
1092,9.100000,0.002832,0.989111,0.020630,0.145691,-195.848785,92.191299,90.844269
1093,9.108333,0.002253,0.989158,0.019089,0.145589,-195.848419,92.189690,90.816536
1094,9.116667,0.002090,0.989175,0.017812,0.145640,-195.837891,92.189789,90.793785
1095,9.125000,0.002860,0.989196,0.018525,0.145398,-195.826324,92.204247,90.780342
1096,9.133333,0.002665,0.989274,0.018118,0.144917,-195.814926,92.206512,90.782967
1097,9.141667,0.002375,0.989295,0.017380,0.144870,-195.806641,92.204300,90.802933
1098,9.150000,0.001823,0.989263,0.017206,0.145118,-195.798676,92.199776,90.826874
1099,9.158333,0.003363,0.989143,0.018444,0.145759,-195.817490,92.180588,90.846703
1100,9.166667,0.004121,0.989028,0.019937,0.146317,-195.808441,92.178902,90.881332
1101,9.175000,0.004583,0.989018,0.021204,0.146194,-195.783905,92.191299,90.911957
1102,9.183333,0.004991,0.988976,0.022410,0.146287,-195.760956,92.205635,90.948402
1103,9.191667,0.005270,0.988948,0.022844,0.146397,-195.734192,92.216049,90.970642
1104,9.200000,0.005289,0.988958,0.022732,0.146347,-195.705566,92.221474,90.979897
1105,9.208333,0.004909,0.988967,0.022061,0.146404,-195.679611,92.225555,90.978516
1106,9.216667,0.004540,0.988975,0.021173,0.146494,-195.668274,92.229294,90.976265
1107,9.225000,0.004025,0.988999,0.020399,0.146456,-195.670212,92.232872,90.971397
1108,9.233333,0.003269,0.989006,0.020109,0.146463,-195.686615,92.235725,90.960243
1109,9.241667,0.002285,0.989012,0.020294,0.146417,-195.710754,92.235184,90.943886
1110,9.250000,0.005148,0.988924,0.021743,0.146734,-195.779572,92.200691,90.896721
1111,9.258333,0.004688,0.988949,0.021220,0.146654,-195.815186,92.191200,90.860016
1112,9.266667,0.003479,0.989029,0.019940,0.146329,-195.827042,92.189636,90.828476
1113,9.275000,0.002918,0.989074,0.018638,0.146206,-195.827240,92.187943,90.807175
1114,9.283333,0.002241,0.989100,0.017574,0.146176,-195.824280,92.190376,90.797508
1115,9.291667,0.001891,0.989107,0.017066,0.146191,-195.819229,92.193024,90.804329
1116,9.300000,0.001623,0.989103,0.017191,0.146210,-195.815826,92.192581,90.821007
1117,9.308333,0.001373,0.989091,0.017743,0.146230,-195.806458,92.194389,90.839401
1118,9.316667,0.003513,0.988973,0.019581,0.146755,-195.817703,92.180679,90.853073
1119,9.325000,0.004755,0.988898,0.021067,0.147016,-195.798721,92.183441,90.875740
1120,9.333333,0.005095,0.988909,0.021816,0.146820,-195.767899,92.197449,90.891609
1121,9.341667,0.005625,0.988859,0.021946,0.147122,-195.739487,92.208061,90.911987
1122,9.350000,0.005571,0.988858,0.021490,0.147200,-195.716370,92.216385,90.922729
1123,9.358333,0.004861,0.988875,0.020918,0.147188,-195.702118,92.223579,90.928360
1124,9.366667,0.003687,0.988908,0.020541,0.147056,-195.699722,92.227127,90.930794
1125,9.375000,0.002559,0.988928,0.020270,0.146983,-195.712250,92.231384,90.928200
1126,9.383333,0.002155,0.988989,0.020053,0.146606,-195.727264,92.228470,90.911713
1127,9.391667,0.004688,0.988904,0.021390,0.146933,-195.790039,92.197517,90.873024
1128,9.400000,0.004472,0.988925,0.021053,0.146845,-195.811066,92.189499,90.845802
1129,9.408333,0.003723,0.988992,0.019947,0.146574,-195.813385,92.190292,90.825333
1130,9.416667,0.003274,0.989031,0.018907,0.146459,-195.808167,92.190758,90.815010
1131,9.425000,0.002980,0.989048,0.018255,0.146428,-195.800598,92.191605,90.822456
1132,9.433333,0.004041,0.988991,0.018860,0.146712,-195.810486,92.181351,90.835876
1133,9.441667,0.004374,0.988932,0.019959,0.146957,-195.803406,92.180473,90.857330
1134,9.450000,0.005071,0.988887,0.021086,0.147079,-195.793777,92.185226,90.877357
1135,9.458333,0.005818,0.988861,0.022105,0.147075,-195.781189,92.189400,90.892570
1136,9.466667,0.005177,0.988846,0.022247,0.147179,-195.766449,92.203323,90.904060
1137,9.475000,0.005224,0.988852,0.022112,0.147158,-195.749802,92.207596,90.908371
1138,9.483333,0.005109,0.988927,0.021495,0.146751,-195.736526,92.208153,90.902634
1139,9.491667,0.004057,0.988988,0.020791,0.146476,-195.733887,92.216530,90.896706
1140,9.500000,0.005862,0.988903,0.021304,0.146908,-195.770798,92.196083,90.873207
1141,9.508333,0.005463,0.988897,0.020876,0.147025,-195.780975,92.191666,90.851120
1142,9.516667,0.004962,0.988908,0.020323,0.147049,-195.789352,92.188629,90.834053
1143,9.525000,0.004703,0.988924,0.019850,0.147014,-195.795334,92.185432,90.829620
1144,9.533333,0.004410,0.988912,0.019820,0.147111,-195.799179,92.184326,90.841187
1145,9.541667,0.004593,0.988879,0.020228,0.147270,-195.798080,92.184410,90.854248
1146,9.550000,0.004919,0.988845,0.020929,0.147387,-195.793640,92.186081,90.866386
1147,9.558333,0.005297,0.988832,0.021650,0.147356,-195.788712,92.189285,90.871483
1148,9.566667,0.005679,0.988810,0.021728,0.147480,-195.782089,92.191231,90.867973
1149,9.575000,0.005826,0.988816,0.021415,0.147478,-195.774872,92.192909,90.859093
1150,9.583333,0.005873,0.988831,0.020891,0.147451,-195.771133,92.192818,90.850731
1151,9.591667,0.005687,0.988837,0.020424,0.147487,-195.768829,92.192139,90.852943
1152,9.600000,0.005505,0.988848,0.020400,0.147424,-195.772217,92.189522,90.856781
1153,9.608333,0.005439,0.988853,0.020522,0.147377,-195.782516,92.189285,90.857735
1154,9.616667,0.005153,0.988859,0.020596,0.147336,-195.791962,92.189613,90.852478
1155,9.625000,0.004849,0.988862,0.020613,0.147325,-195.798294,92.188889,90.852325
1156,9.633333,0.004895,0.988850,0.020673,0.147389,-195.797791,92.186409,90.852577
1157,9.641667,0.004941,0.988840,0.020796,0.147441,-195.792526,92.186241,90.850304
1158,9.650000,0.005143,0.988835,0.020819,0.147462,-195.787964,92.188034,90.849564
1159,9.658333,0.005363,0.988829,0.020808,0.147500,-195.782394,92.189400,90.850166
1160,9.666667,0.005347,0.988821,0.020821,0.147550,-195.776901,92.190758,90.851044
1161,9.675000,0.005396,0.988820,0.020780,0.147559,-195.772568,92.191170,90.851303
1162,9.683333,0.005516,0.988826,0.020787,0.147517,-195.769135,92.190453,90.851959
1163,9.691667,0.005558,0.988832,0.020649,0.147492,-195.768326,92.189568,90.851112
1164,9.700000,0.005468,0.988832,0.020542,0.147514,-195.770645,92.190208,90.851990
1165,9.708333,0.005396,0.988828,0.020637,0.147528,-195.773132,92.189148,90.851578
1166,9.716667,0.005290,0.988825,0.020694,0.147546,-195.776535,92.189499,90.853111
1167,9.725000,0.005413,0.988830,0.020766,0.147492,-195.780319,92.189987,90.852516
1168,9.733333,0.005447,0.988839,0.020778,0.147429,-195.783630,92.190361,90.852173
1169,9.741667,0.005546,0.988845,0.020900,0.147372,-195.785614,92.189880,90.852287
1170,9.750000,0.005489,0.988842,0.020918,0.147393,-195.787659,92.189865,90.853218
1171,9.758333,0.005445,0.988843,0.020797,0.147400,-195.789398,92.188675,90.853340
1172,9.766667,0.005438,0.988844,0.020748,0.147402,-195.790817,92.187996,90.852394
1173,9.775000,0.005276,0.988844,0.020593,0.147431,-195.791122,92.188293,90.851486
1174,9.783333,0.005148,0.988841,0.020528,0.147465,-195.789581,92.188301,90.850754
1175,9.791667,0.005288,0.988835,0.020583,0.147493,-195.787704,92.187973,90.849716
1176,9.800000,0.005393,0.988836,0.020599,0.147480,-195.785522,92.187958,90.849106
1177,9.808333,0.005316,0.988832,0.020609,0.147506,-195.783051,92.187828,90.849518
1178,9.816667,0.005419,0.988823,0.020642,0.147562,-195.778381,92.187164,90.846375
1179,9.825000,0.005479,0.988821,0.020693,0.147562,-195.773819,92.187469,90.845802
1180,9.833333,0.005521,0.988818,0.020671,0.147586,-195.769913,92.187813,90.846962
1181,9.841667,0.005584,0.988809,0.020713,0.147638,-195.767227,92.187798,90.848267
1182,9.850000,0.005651,0.988811,0.020651,0.147627,-195.766113,92.188446,90.848534
1183,9.858333,0.005936,0.988824,0.020584,0.147541,-195.766464,92.188850,90.849152
1184,9.866667,0.005990,0.988833,0.020622,0.147472,-195.770004,92.188545,90.851799
1185,9.875000,0.005874,0.988808,0.020600,0.147648,-195.771561,92.187080,90.851700
1186,9.883333,0.005691,0.988810,0.020589,0.147642,-195.773010,92.185188,90.851715
1187,9.891667,0.005862,0.988817,0.020515,0.147601,-195.777206,92.183098,90.854225
1188,9.900000,0.005811,0.988803,0.020588,0.147688,-195.778656,92.183067,90.852226
1189,9.908333,0.005823,0.988812,0.020715,0.147607,-195.781586,92.184189,90.855316
1190,9.916667,0.005551,0.988798,0.020628,0.147722,-195.784607,92.186340,90.857262
1191,9.925000,0.005124,0.988792,0.020623,0.147781,-195.785904,92.188332,90.858238
1192,9.933333,0.004924,0.988784,0.020526,0.147856,-195.785858,92.189171,90.858406
1193,9.941667,0.004977,0.988783,0.020479,0.147866,-195.784271,92.188568,90.858688
1194,9.950000,0.005042,0.988734,0.020523,0.148186,-195.779434,92.186699,90.863464
1195,9.958333,0.005055,0.988725,0.020661,0.148225,-195.776443,92.185745,90.863800
1196,9.966667,0.004968,0.988724,0.020903,0.148199,-195.774338,92.185364,90.861519
1197,9.975000,0.004992,0.988714,0.021055,0.148245,-195.772369,92.184921,90.861206
1198,9.983333,0.004889,0.988703,0.021275,0.148287,-195.769760,92.184814,90.861923
1199,9.991667,0.004855,0.988696,0.021431,0.148313,-195.766968,92.183708,90.861534
1200,10.000000,0.004665,0.988694,0.021547,0.148317,-195.763962,92.181259,90.862038
1201,10.008333,0.004436,0.988729,0.021620,0.148079,-195.759949,92.181129,90.864685
1202,10.016667,0.004499,0.988766,0.021445,0.147857,-195.758896,92.182198,90.866508
1203,10.025000,0.004708,0.988790,0.021178,0.147731,-195.759659,92.183456,90.867439
1204,10.033333,0.004623,0.988804,0.021298,0.147623,-195.761398,92.183792,90.868088
1205,10.041667,0.004551,0.988813,0.021443,0.147544,-195.764359,92.183891,90.868614
1206,10.050000,0.004563,0.988802,0.021441,0.147618,-195.767471,92.182571,90.868866
1207,10.058333,0.004399,0.988795,0.021514,0.147656,-195.770294,92.181244,90.868256
1208,10.066667,0.004247,0.988788,0.021423,0.147721,-195.773178,92.180382,90.867043
1209,10.075000,0.004294,0.988783,0.021310,0.147769,-195.775146,92.182091,90.868355
1210,10.083333,0.004223,0.988785,0.021408,0.147745,-195.774887,92.181107,90.867149
1211,10.091667,0.004163,0.988791,0.021323,0.147719,-195.775223,92.182045,90.866371
1212,10.100000,0.004162,0.988790,0.021177,0.147743,-195.773865,92.182404,90.867271
1213,10.108333,0.004167,0.988791,0.021212,0.147734,-195.771393,92.182213,90.866165
1214,10.116667,0.004173,0.988781,0.021390,0.147776,-195.769012,92.182762,90.865700
1215,10.125000,0.004424,0.988782,0.021427,0.147757,-195.766495,92.182770,90.864998
1216,10.133333,0.004382,0.988779,0.021566,0.147754,-195.763824,92.184013,90.865746
1217,10.141667,0.004383,0.988773,0.021529,0.147803,-195.761322,92.184105,90.866318
1218,10.150000,0.004554,0.988771,0.021456,0.147822,-195.758682,92.184189,90.866432
1219,10.158333,0.004594,0.988784,0.021414,0.147740,-195.757858,92.184067,90.866974
1220,10.166667,0.004543,0.988793,0.021349,0.147693,-195.758774,92.183899,90.867577
1221,10.175000,0.004530,0.988791,0.021313,0.147709,-195.760590,92.183128,90.868179
1222,10.183333,0.004555,0.988785,0.021233,0.147760,-195.762344,92.182693,90.869255
1223,10.191667,0.004487,0.988792,0.021413,0.147687,-195.764969,92.182472,90.869278
